noise_condition,task_order,n,mean,median,std,min,max
no_noise,game,9,27.77777777777778,25.0,5.1806858786110075,25.0,42.0
no_noise,game_myth,48,31.9375,30.0,7.638734215605794,25.0,65.0
no_noise,myth_game,48,36.541666666666664,32.0,11.998191414635048,25.0,71.0
noise,game,9,34.0,25.0,15.542057635833022,25.0,75.0
noise,game_myth,10,31.3,29.0,6.753517601961218,25.0,44.0
noise,myth_game,10,39.7,36.0,10.266937225872184,25.0,56.0
noise_informed,game,10,42.9,37.0,16.250846131817262,25.0,74.0
noise_informed,game_myth,10,42.0,43.0,6.48074069840786,31.0,50.0
noise_informed,myth_game,10,42.55,42.5,11.068988210310822,28.0,65.0
