myth_topic,myth_topic_label,n_simulations,mean_trust_ratio,std_trust_ratio,mean_return_ratio,std_return_ratio,mean_final_balance,std_final_balance
noisy_negative_5,Noisy Negative 5,29,0.1289655172413793,0.05832990760565446,0.032223371647509574,0.042869660027971004,31.448275862068964,2.916495380282723
noisy_negative_5_informed,Noisy Negative 5 Informed,23,0.14043478260869566,0.049649051908244174,0.04583236714975845,0.043692783417150105,32.02173913043478,2.482452595412208
