condition,condition_label,n_simulations,mean_trust_ratio,std_trust_ratio,mean_return_ratio,std_return_ratio,mean_final_balance,std_final_balance
game,Game Only,10,0.96,0.12000000000000002,0.5271111111111111,0.05597883197807566,109.5,9.0
game_myth,Game → Myth,20,1.0,0.0,0.5266666666666666,0.05925462944877054,112.5,0.0
myth_game,Myth → Game,20,1.0,0.0,0.5016666666666667,0.0072648315725677886,112.5,0.0
