myth_task_order,condition_a,condition_b,mean_game_a,mean_myth_a,delta_a,mean_game_b,mean_myth_b,delta_b,delta_diff
game_myth,no_noise,noise,73.0,75.0,-2.0,71.2,74.64285714285714,-3.442857142857136,1.442857142857136
game_myth,no_noise,noise_informed,73.0,75.0,-2.0,74.75,72.35,2.4000000000000057,-4.400000000000006
game_myth,noise,noise_informed,71.2,74.64285714285714,-3.442857142857136,74.75,72.35,2.4000000000000057,-5.842857142857142
myth_game,no_noise,noise,73.0,75.0,-2.0,71.2,75.0,-3.799999999999997,1.7999999999999972
myth_game,no_noise,noise_informed,73.0,75.0,-2.0,74.75,75.0,-0.25,-1.75
myth_game,noise,noise_informed,71.2,75.0,-3.799999999999997,74.75,75.0,-0.25,-3.549999999999997
