condition,condition_label,n_simulations,mean_trust_ratio,std_trust_ratio,mean_return_ratio,std_return_ratio,mean_final_balance,std_final_balance
game,Game Only,9,0.037037037037037035,0.06907581171481343,0.005761316872427983,0.016295464916233193,40.27777777777778,5.1806858786110075
game_myth,Game → Myth,48,0.12694444444444444,0.14165659005557363,0.02787808641975309,0.07318126065598181,47.020833333333336,10.624244254168023
myth_game,Myth → Game,48,0.17916666666666667,0.20560491149199142,0.06483796296296296,0.10801396965090314,50.9375,15.420368361899357
