condition,condition_label,n_simulations,mean_trust_ratio,std_trust_ratio,mean_return_ratio,std_return_ratio,mean_final_balance,std_final_balance
game,Game Only,30,0.2133333333333333,0.28822830457044907,0.07544444444444445,0.1732830767598441,35.666666666666664,14.411415228522454
game_myth,Game → Myth,30,0.24866666666666665,0.16088781460660373,0.10485185185185183,0.09718443004449172,37.43333333333333,8.044390730330186
myth_game,Myth → Game,30,0.3176666666666667,0.22342311628139305,0.17255555555555552,0.18802354068534038,40.88333333333333,11.171155814069653
