noise_condition,task_order,n,mean,median,std,min,max
no_noise,game,9,27.77777777777778,25.0,5.1806858786110075,25.0,42.0
no_noise,game_myth,48,31.9375,30.0,7.638734215605794,25.0,65.0
no_noise,myth_game,48,36.541666666666664,32.0,11.998191414635048,25.0,71.0
noise,game,10,28.45,28.0,4.197916149710473,25.0,38.0
noise,game_myth,10,32.5,29.5,8.40535543567314,25.0,55.0
noise,myth_game,10,40.2,41.0,10.225458424931373,25.0,60.0
noise_informed,game,10,46.8,41.0,16.32666530556684,25.0,71.0
noise_informed,game_myth,10,36.5,39.0,8.58195781858662,25.0,53.0
noise_informed,myth_game,10,40.0,38.5,9.197825830053535,29.0,56.0
