stratum,setting,population,family,task_order,measure,predictor,n_games,n_runs,g_eff,sd_after,coef,se,ci_low,ci_high,p,skip_reason,holm_p,status
2-agent all,2-agent,all 2-agent runs (pooled),pooled,myth_game,same_label after the game,sent_frac,297,33,23,0.48371891009550577,0.19356769924256173,0.2627658923475355,-0.3416689084041808,0.7288043068893042,0.4666991168680362,,1.0,no detectable effect
2-agent all,2-agent,all 2-agent runs (pooled),pooled,myth_game,same_label after the game,return_proportion,294,33,31,0.4819535867973156,-0.38846941385137934,0.41543834802109203,-1.2346896370875236,0.45775080938476476,0.3567486963097761,,1.0,no detectable effect
2-agent all,2-agent,all 2-agent runs (pooled),pooled,myth_game,moral_cos after the game,sent_frac,297,33,24,0.08906848362412917,-0.05916772243449307,0.04070599740283844,-0.14208312582313498,0.023747680954148823,0.15581206897569125,,1.0,no detectable effect
2-agent all,2-agent,all 2-agent runs (pooled),pooled,myth_game,moral_cos after the game,return_proportion,294,33,33,0.0890762236343221,0.07354438796068334,0.06795306236720661,-0.06487147056530358,0.21196024648667028,0.2872156222239918,,1.0,no detectable effect
2-agent all,2-agent,all 2-agent runs (pooled),pooled,myth_game,rule_index after the game,sent_frac,297,33,23,0.2567834751186359,0.164110761831741,0.10577385201902043,-0.05134352421201624,0.3795650478754983,0.13061104602438847,,1.0,no detectable effect
2-agent all,2-agent,all 2-agent runs (pooled),pooled,myth_game,rule_index after the game,return_proportion,294,33,28,0.254604640913933,0.2457847419180634,0.15932433323188905,-0.07874830486651965,0.5703177887026465,0.13274351869456286,,1.0,no detectable effect
2-agent all,2-agent,all 2-agent runs (pooled),pooled,myth_game,give_align after the game,sent_frac,297,33,23,0.1728803484714642,-0.04506618095238982,0.13610473998891756,-0.3223024640387834,0.23217010213400377,0.7427169767273978,,1.0,no detectable effect
2-agent all,2-agent,all 2-agent runs (pooled),pooled,myth_game,give_align after the game,return_proportion,294,33,26,0.17284344879961905,0.01786726649818143,0.10232449144211613,-0.19056090197286268,0.22629543496922555,0.8624832134309577,,1.0,no detectable effect
2-agent all,2-agent,all 2-agent runs (pooled),pooled,myth_game,myth_cos after the game,sent_frac,297,33,24,0.10364420860552975,0.01130410420136589,0.03651159076839224,-0.06306757245754228,0.08567578086027407,0.7588699048797325,,1.0,no detectable effect
2-agent all,2-agent,all 2-agent runs (pooled),pooled,myth_game,myth_cos after the game,return_proportion,294,33,33,0.10332964946476567,0.07572413198915198,0.052149004502241275,-0.0304999141097142,0.18194817808801816,0.15621655613215965,,1.0,no detectable effect
2-agent all,2-agent,all 2-agent runs (pooled),pooled,game_myth,same_label after the game,sent_frac,329,33,26,0.5000926595141477,0.19501645742490203,0.15962202378827578,-0.13012296518001837,0.5201558800298225,0.23073053225539317,,1.0,no detectable effect
2-agent all,2-agent,all 2-agent runs (pooled),pooled,game_myth,same_label after the game,return_proportion,317,33,30,0.49947062980193363,0.43681902697138814,0.39898240781627403,-0.3758815429635765,1.2495195969063528,0.28176234419507507,,1.0,no detectable effect
2-agent all,2-agent,all 2-agent runs (pooled),pooled,game_myth,moral_cos after the game,sent_frac,326,33,27,0.10535011497516218,0.005470730857944778,0.04467516897296485,-0.08552961044780148,0.09647107216369104,0.9033039306422002,,1.0,no detectable effect
2-agent all,2-agent,all 2-agent runs (pooled),pooled,game_myth,moral_cos after the game,return_proportion,314,33,33,0.10499661304417514,0.14344013345050882,0.07031634179533787,0.00021043225744801775,0.28666983464356965,0.04968394545867524,,1.0,suggestive
2-agent all,2-agent,all 2-agent runs (pooled),pooled,game_myth,rule_index after the game,sent_frac,326,33,27,0.26509311971550126,-0.10869961858982616,0.12327179917991551,-0.35979605664771364,0.1423968194680613,0.3844671209960777,,1.0,no detectable effect
2-agent all,2-agent,all 2-agent runs (pooled),pooled,game_myth,rule_index after the game,return_proportion,314,33,33,0.25900151550870126,0.17402970468680712,0.20889870436444427,-0.2514830316387436,0.5995424410123578,0.4109736576571029,,1.0,no detectable effect
2-agent all,2-agent,all 2-agent runs (pooled),pooled,game_myth,give_align after the game,sent_frac,329,33,27,0.19123376694890823,-0.05932108228301391,0.09700086915831783,-0.2569053870162021,0.13826322245017425,0.5451547237981539,,1.0,no detectable effect
2-agent all,2-agent,all 2-agent runs (pooled),pooled,game_myth,give_align after the game,return_proportion,317,33,28,0.18850538728804814,0.12189060674608372,0.15655146304789377,-0.19699428830363303,0.44077550179580044,0.4419364129675567,,1.0,no detectable effect
2-agent all,2-agent,all 2-agent runs (pooled),pooled,game_myth,myth_cos after the game,sent_frac,329,33,27,0.09927876574386632,0.07623720836841065,0.019326069458642098,0.036871293090076654,0.11560312364674465,0.0004089055393811804,,0.012267166181435411,yes
2-agent all,2-agent,all 2-agent runs (pooled),pooled,game_myth,myth_cos after the game,return_proportion,317,33,33,0.09854956213935628,-0.009557897649660847,0.0606508161082792,-0.13309956728868175,0.11398377198936006,0.8757709205130372,,1.0,no detectable effect
2-agent all,2-agent,all 2-agent runs (pooled),pooled,both,same_label after the game,sent_frac,626,66,49,0.49472618043744526,0.19608463203768284,0.1342414927695175,-0.07201414205145157,0.46418340612681724,0.1489188388577449,,1.0,no detectable effect
2-agent all,2-agent,all 2-agent runs (pooled),pooled,both,same_label after the game,return_proportion,611,66,61,0.49324812580598676,0.10174554337138862,0.2983393950861727,-0.49407937212194575,0.697570458864723,0.7341737204142084,,1.0,no detectable effect
2-agent all,2-agent,all 2-agent runs (pooled),pooled,both,moral_cos after the game,sent_frac,623,66,51,0.09797261861510279,-0.020796090494810453,0.03217409534684052,-0.08505219598020441,0.043460014990583516,0.5203211290084451,,1.0,no detectable effect
2-agent all,2-agent,all 2-agent runs (pooled),pooled,both,moral_cos after the game,return_proportion,608,66,66,0.09767216520816382,0.10728960184750831,0.04903697514490276,0.00935599987274656,0.20522320382227005,0.032275666214900744,,0.9037186540172208,suggestive
2-agent all,2-agent,all 2-agent runs (pooled),pooled,both,rule_index after the game,sent_frac,623,66,50,0.26198674178998693,-0.017964945254129946,0.09114697339412618,-0.19999802105473669,0.1640681305464768,0.8443653642819321,,1.0,no detectable effect
2-agent all,2-agent,all 2-agent runs (pooled),pooled,both,rule_index after the game,return_proportion,608,66,61,0.2574769630183612,0.20824487761071103,0.13900012309471968,-0.0693575374929084,0.48584729271433047,0.1389318004774501,,1.0,no detectable effect
2-agent all,2-agent,all 2-agent runs (pooled),pooled,both,give_align after the game,sent_frac,626,66,50,0.18284433575643208,-0.05471313570757548,0.07736699435376615,-0.20922569298983196,0.09979942157468098,0.48197643444018545,,1.0,no detectable effect
2-agent all,2-agent,all 2-agent runs (pooled),pooled,both,give_align after the game,return_proportion,611,66,54,0.18114008474022752,0.07463432441866677,0.09907182495519862,-0.12322577285293729,0.2724944216902708,0.45396840093478075,,1.0,no detectable effect
2-agent all,2-agent,all 2-agent runs (pooled),pooled,both,myth_cos after the game,sent_frac,626,66,51,0.101961977355712,0.05347711506231967,0.01814749011335132,0.017234074614776655,0.08972015550986268,0.004453970328847108,,0.12916513953656614,suggestive
2-agent all,2-agent,all 2-agent runs (pooled),pooled,both,myth_cos after the game,return_proportion,611,66,66,0.10169616226782123,0.018240342320993835,0.04459897964436422,-0.07082997060236926,0.10731065524435693,0.683894665794788,,1.0,no detectable effect
8-agent all,8-agent,all 8-agent runs (pooled),pooled,myth_game,same_label after the game,sent_frac,1620,45,38,0.4899227748678228,0.07635684361812577,0.08297142159028568,-0.09086106906043921,0.24357475629669073,0.3624452464334952,,1.0,no detectable effect
8-agent all,8-agent,all 8-agent runs (pooled),pooled,myth_game,same_label after the game,return_proportion,1487,45,45,0.4908956774576671,0.1898083829079417,0.28073487910024997,-0.37597558944609233,0.7555923552619757,0.5025077565249598,,1.0,no detectable effect
8-agent all,8-agent,all 8-agent runs (pooled),pooled,myth_game,moral_cos after the game,sent_frac,1611,45,40,0.10316592910742405,0.012686192953211294,0.015885289429881887,-0.019328504274426922,0.04470089018084951,0.4288047915652804,,1.0,no detectable effect
8-agent all,8-agent,all 8-agent runs (pooled),pooled,myth_game,moral_cos after the game,return_proportion,1478,45,45,0.10372201840215535,0.050191092787573825,0.04881726439334641,-0.048193638943824633,0.14857582451897228,0.30950195491791754,,1.0,no detectable effect
8-agent all,8-agent,all 8-agent runs (pooled),pooled,myth_game,rule_index after the game,sent_frac,1611,45,40,0.25632966997657364,0.03077255266836305,0.03727974254960496,-0.044359831649722264,0.10590493698644837,0.4135695183011785,,1.0,no detectable effect
8-agent all,8-agent,all 8-agent runs (pooled),pooled,myth_game,rule_index after the game,return_proportion,1478,45,44,0.2558769814934973,-0.05427405921828465,0.16952958787813563,-0.39593849353669375,0.28739037510012444,0.7503737585259356,,1.0,no detectable effect
8-agent all,8-agent,all 8-agent runs (pooled),pooled,myth_game,give_align after the game,sent_frac,1620,45,40,0.19315783636181408,-0.02171845670928935,0.017930027590891667,-0.057854052924854446,0.014417139506275743,0.23225004678151065,,1.0,no detectable effect
8-agent all,8-agent,all 8-agent runs (pooled),pooled,myth_game,give_align after the game,return_proportion,1487,45,40,0.1949339182101062,-0.008115274413702132,0.08423821296199584,-0.17788623734639689,0.16165568851899262,0.9236902209960136,,1.0,no detectable effect
8-agent all,8-agent,all 8-agent runs (pooled),pooled,myth_game,myth_cos after the game,sent_frac,1620,45,40,0.09704722342839658,-0.0026286780503515066,0.009593792996857208,-0.021963697372143185,0.016706341271440172,0.7853685647822815,,1.0,no detectable effect
8-agent all,8-agent,all 8-agent runs (pooled),pooled,myth_game,myth_cos after the game,return_proportion,1487,45,45,0.0952314555755173,0.006679818426800031,0.03611017379433556,-0.06609545494583279,0.07945509179943284,0.8540913301528804,,1.0,no detectable effect
8-agent all,8-agent,all 8-agent runs (pooled),pooled,game_myth,same_label after the game,sent_frac,1800,45,40,0.4954461888742701,-0.028322156596803982,0.06680993206277032,-0.16296872732690204,0.10632441413329408,0.6736885531919725,,1.0,no detectable effect
8-agent all,8-agent,all 8-agent runs (pooled),pooled,game_myth,same_label after the game,return_proportion,1487,45,45,0.49685003312307324,0.2231763445001289,0.292615229826469,-0.36655090148054625,0.8129035904808041,0.44971469541987275,,1.0,no detectable effect
8-agent all,8-agent,all 8-agent runs (pooled),pooled,game_myth,moral_cos after the game,sent_frac,1780,45,40,0.10155227188261721,0.028611192313052425,0.013670498546865285,0.0010601128152195397,0.05616227181088531,0.042156109815872374,,1.0,suggestive
8-agent all,8-agent,all 8-agent runs (pooled),pooled,game_myth,moral_cos after the game,return_proportion,1472,45,45,0.10117916701867012,0.03009342805113595,0.05896406261419394,-0.0887408317989823,0.1489276879012542,0.6123440018017254,,1.0,no detectable effect
8-agent all,8-agent,all 8-agent runs (pooled),pooled,game_myth,rule_index after the game,sent_frac,1791,45,40,0.27180169346786115,-0.01008928333318368,0.03975494448089519,-0.09021010936379191,0.07003154269742455,0.8008424045995574,,1.0,no detectable effect
8-agent all,8-agent,all 8-agent runs (pooled),pooled,game_myth,rule_index after the game,return_proportion,1479,45,45,0.27072120868631344,-0.11039007150538033,0.13096677206072638,-0.37433625724613573,0.15355611423537507,0.40385091211031177,,1.0,no detectable effect
8-agent all,8-agent,all 8-agent runs (pooled),pooled,game_myth,give_align after the game,sent_frac,1800,45,40,0.19561443795887237,-0.05429328794021394,0.021675666639875947,-0.09797772364067234,-0.010608852239755544,0.016029462410178424,,0.4648544098951743,suggestive
8-agent all,8-agent,all 8-agent runs (pooled),pooled,game_myth,give_align after the game,return_proportion,1487,45,45,0.19451844740489152,-0.04649190427255911,0.07348705237812432,-0.19459532677688132,0.10161151823176309,0.5302336666080689,,1.0,no detectable effect
8-agent all,8-agent,all 8-agent runs (pooled),pooled,game_myth,myth_cos after the game,sent_frac,1800,45,40,0.10240699960857112,0.012307444567096525,0.00752432167849794,-0.002856829363432496,0.027471718497625544,0.10903950041183964,,1.0,no detectable effect
8-agent all,8-agent,all 8-agent runs (pooled),pooled,game_myth,myth_cos after the game,return_proportion,1487,45,45,0.09998128332377099,0.012370895088131023,0.03474412024858449,-0.05765127826344116,0.0823930684397032,0.7234993074114575,,1.0,no detectable effect
8-agent all,8-agent,all 8-agent runs (pooled),pooled,both,same_label after the game,sent_frac,3420,90,78,0.493029220735917,0.015365683311331252,0.052705623906543465,-0.08935926873515962,0.12009063535782213,0.771318431334615,,1.0,no detectable effect
8-agent all,8-agent,all 8-agent runs (pooled),pooled,both,same_label after the game,return_proportion,2974,90,90,0.4941706983870601,0.20799153123615308,0.20309058284273918,-0.1955451309426854,0.6115281934149915,0.30854862056599885,,1.0,no detectable effect
8-agent all,8-agent,all 8-agent runs (pooled),pooled,both,moral_cos after the game,sent_frac,3391,90,80,0.10262007149629766,0.02194116989637291,0.010458173375072752,0.0011610021643596417,0.042721337628386175,0.03874026696130985,,1.0,suggestive
8-agent all,8-agent,all 8-agent runs (pooled),pooled,both,moral_cos after the game,return_proportion,2950,90,90,0.10273394926618894,0.0395887196283864,0.039376389442456805,-0.038651327457239266,0.11782876671401207,0.31743364873538116,,1.0,no detectable effect
8-agent all,8-agent,all 8-agent runs (pooled),pooled,both,rule_index after the game,sent_frac,3402,90,80,0.2656529675873698,0.006888707305574048,0.027820713486222618,-0.04839045779661742,0.062167872407765515,0.8050059546250233,,1.0,no detectable effect
8-agent all,8-agent,all 8-agent runs (pooled),pooled,both,rule_index after the game,return_proportion,2957,90,89,0.26412093709447937,-0.08217686393361762,0.10391420023030176,-0.2886521663674579,0.12429843850022265,0.43115451907050195,,1.0,no detectable effect
8-agent all,8-agent,all 8-agent runs (pooled),pooled,both,give_align after the game,sent_frac,3420,90,80,0.19449979847608545,-0.0410089516686011,0.01541835033504495,-0.07164488536586094,-0.01037301797134126,0.009273985673519678,,0.27821957020559035,suggestive
8-agent all,8-agent,all 8-agent runs (pooled),pooled,both,give_align after the game,return_proportion,2974,90,85,0.1947181245059011,-0.030526037582611635,0.054667300015593036,-0.13914879827311438,0.0780967231078911,0.5779756889380303,,1.0,no detectable effect
8-agent all,8-agent,all 8-agent runs (pooled),pooled,both,myth_cos after the game,sent_frac,3420,90,80,0.10024570510210225,0.006315979562833883,0.006063602416456383,-0.005732269280939763,0.01836422840660753,0.30040840746792824,,1.0,no detectable effect
8-agent all,8-agent,all 8-agent runs (pooled),pooled,both,myth_cos after the game,return_proportion,2974,90,90,0.09825313047254365,0.009548927372542952,0.02497920415635459,-0.04008421921675238,0.059182073961838284,0.7031686604327629,,1.0,no detectable effect
2-agent homogeneous | GPT+GPT,2-agent homogeneous,GPT dyads,GPT,myth_game,same_label after the game,sent_frac,45,5,4,0.3866457674602808,0.5741194835126536,0.313793472208348,-0.2971108664432357,1.4453498334685428,0.141291609658476,,,underpowered
2-agent homogeneous | GPT+GPT,2-agent homogeneous,GPT dyads,GPT,myth_game,same_label after the game,return_proportion,42,5,3,0.32777006756156785,-0.5032685494754997,0.723996441940654,-2.513404926882251,1.5068678279312517,0.5252438205984881,,,underpowered
2-agent homogeneous | GPT+GPT,2-agent homogeneous,GPT dyads,GPT,myth_game,moral_cos after the game,sent_frac,45,5,5,0.06909219565943815,-0.024367653856325038,0.050341384498258236,-0.16413774443539444,0.11540243672274438,0.6536592427527712,,,underpowered
2-agent homogeneous | GPT+GPT,2-agent homogeneous,GPT dyads,GPT,myth_game,moral_cos after the game,return_proportion,42,5,5,0.06964777891774884,-0.06938764936864363,0.29872693141469353,-0.898786575885728,0.7600112771484407,0.8277224136745367,,,underpowered
2-agent homogeneous | GPT+GPT,2-agent homogeneous,GPT dyads,GPT,myth_game,rule_index after the game,sent_frac,45,5,5,0.2649566383429942,0.19496041851325985,0.0716807624917807,-0.00405728364389063,0.3939781206704103,0.05299545630424312,,,underpowered
2-agent homogeneous | GPT+GPT,2-agent homogeneous,GPT dyads,GPT,myth_game,rule_index after the game,return_proportion,42,5,5,0.2511105800685767,0.4285159731824315,0.55510001907462,-1.112688757672502,1.969720704037365,0.4832123952261322,,,underpowered
2-agent homogeneous | GPT+GPT,2-agent homogeneous,GPT dyads,GPT,myth_game,give_align after the game,sent_frac,45,5,5,0.10917505172516255,0.08528895420491195,0.13533568066359553,-0.29046313393214024,0.46104104234196414,0.5627703336466721,,,underpowered
2-agent homogeneous | GPT+GPT,2-agent homogeneous,GPT dyads,GPT,myth_game,give_align after the game,return_proportion,42,5,5,0.10101114806059935,-0.0956602908195369,0.06600694225708266,-0.2789249425582878,0.08760436091921399,0.22085970112099979,,,underpowered
2-agent homogeneous | GPT+GPT,2-agent homogeneous,GPT dyads,GPT,myth_game,myth_cos after the game,sent_frac,45,5,5,0.05291142790917477,0.028819288265014186,0.015470667260202284,-0.014134170123718284,0.07177274665374665,0.13595367805304437,,,underpowered
2-agent homogeneous | GPT+GPT,2-agent homogeneous,GPT dyads,GPT,myth_game,myth_cos after the game,return_proportion,42,5,5,0.052521200973963636,-0.03452297077059819,0.07836768537274216,-0.2521065472294293,0.18306060568823293,0.6823167246305106,,,underpowered
2-agent homogeneous | GPT+GPT,2-agent homogeneous,GPT dyads,GPT,game_myth,same_label after the game,sent_frac,50,5,5,0.4629100498862757,-0.29492130939785705,0.18941889765382128,-0.8208324806207719,0.23098986182505782,0.1944663204603138,,,underpowered
2-agent homogeneous | GPT+GPT,2-agent homogeneous,GPT dyads,GPT,game_myth,same_label after the game,return_proportion,44,5,3,0.4380187953915666,0.28885748581816784,0.4947920665724953,-1.0849055255077402,1.662620497144076,0.5906932869377184,,,underpowered
2-agent homogeneous | GPT+GPT,2-agent homogeneous,GPT dyads,GPT,game_myth,moral_cos after the game,sent_frac,50,5,5,0.11398050316561814,-0.08674694802330118,0.0666219799259685,-0.27171921808734245,0.09822532204074005,0.26280690387662764,,,underpowered
2-agent homogeneous | GPT+GPT,2-agent homogeneous,GPT dyads,GPT,game_myth,moral_cos after the game,return_proportion,44,5,5,0.11726496240294258,0.6429902596832288,0.5351267267730649,-0.8427597215263672,2.128740240892825,0.29580723734265263,,,underpowered
2-agent homogeneous | GPT+GPT,2-agent homogeneous,GPT dyads,GPT,game_myth,rule_index after the game,sent_frac,49,5,5,0.2688419111058478,-0.29929433407730704,0.2078755885411078,-0.8764494943723775,0.27786082621776337,0.22334631578178496,,,underpowered
2-agent homogeneous | GPT+GPT,2-agent homogeneous,GPT dyads,GPT,game_myth,rule_index after the game,return_proportion,43,5,5,0.239620023431648,-0.3796829964330582,0.2629053643481464,-1.109625308407713,0.35025931554159667,0.22218614145067836,,,underpowered
2-agent homogeneous | GPT+GPT,2-agent homogeneous,GPT dyads,GPT,game_myth,give_align after the game,sent_frac,50,5,5,0.20062148337562638,-0.3716505007232855,0.20088523069954667,-0.9293973162055724,0.1860963147590014,0.13797927489351708,,,underpowered
2-agent homogeneous | GPT+GPT,2-agent homogeneous,GPT dyads,GPT,game_myth,give_align after the game,return_proportion,44,5,5,0.1999339214307798,-0.2991416830463481,0.4005448475810715,-1.4112324645250123,0.8129490984323162,0.49666896574265795,,,underpowered
2-agent homogeneous | GPT+GPT,2-agent homogeneous,GPT dyads,GPT,game_myth,myth_cos after the game,sent_frac,50,5,5,0.06239661567508927,-0.0008707135287066801,0.015919964379235586,-0.045071620704358634,0.04333019364694528,0.9590056559848252,,,underpowered
2-agent homogeneous | GPT+GPT,2-agent homogeneous,GPT dyads,GPT,game_myth,myth_cos after the game,return_proportion,44,5,5,0.05016272260143164,0.010696927761098604,0.04065622645261535,-0.10218285316907855,0.12357670869127577,0.8054650383094362,,,underpowered
2-agent homogeneous | GPT+GPT,2-agent homogeneous,GPT dyads,GPT,both,same_label after the game,sent_frac,95,10,9,0.43063015364384744,0.1378857628024107,0.2768989163665715,-0.488503104242767,0.7642746298475884,0.630449672203552,,1.0,no detectable effect
2-agent homogeneous | GPT+GPT,2-agent homogeneous,GPT dyads,GPT,both,same_label after the game,return_proportion,86,10,6,0.3914265886239791,0.02866836824995582,0.5970715278139072,-1.3220012651305146,1.3793380016304262,0.9627529366497611,,,underpowered
2-agent homogeneous | GPT+GPT,2-agent homogeneous,GPT dyads,GPT,both,moral_cos after the game,sent_frac,95,10,10,0.09490415385874267,-0.06595483187701798,0.03798118236777423,-0.15187423562394625,0.019964571869910297,0.11648759318623551,,0.9319007454898841,no detectable effect
2-agent homogeneous | GPT+GPT,2-agent homogeneous,GPT dyads,GPT,both,moral_cos after the game,return_proportion,86,10,10,0.09645019107449318,0.1873520004945596,0.28877426268178186,-0.4659007662789444,0.8406047672680635,0.5326816961102806,,1.0,no detectable effect
2-agent homogeneous | GPT+GPT,2-agent homogeneous,GPT dyads,GPT,both,rule_index after the game,sent_frac,94,10,10,0.2671075342173247,0.011609558141888925,0.13767199190178897,-0.2998261244631345,0.3230452407469123,0.9346419011502739,,1.0,no detectable effect
2-agent homogeneous | GPT+GPT,2-agent homogeneous,GPT dyads,GPT,both,rule_index after the game,return_proportion,85,10,10,0.24503743751263302,-0.011269173459023193,0.29005571569039185,-0.6674207883348152,0.6448824414167688,0.9698567516976486,,1.0,no detectable effect
2-agent homogeneous | GPT+GPT,2-agent homogeneous,GPT dyads,GPT,both,give_align after the game,sent_frac,95,10,10,0.16750591238249085,-0.11412352722859956,0.1629144736068216,-0.48266167063087606,0.254414616173677,0.501314330918877,,1.0,no detectable effect
2-agent homogeneous | GPT+GPT,2-agent homogeneous,GPT dyads,GPT,both,give_align after the game,return_proportion,86,10,10,0.16391249208513517,-0.05691600386541718,0.12624641151211946,-0.34250522795218435,0.22867322022135,0.6627755426967995,,1.0,no detectable effect
2-agent homogeneous | GPT+GPT,2-agent homogeneous,GPT dyads,GPT,both,myth_cos after the game,sent_frac,95,10,10,0.057929087152907115,0.027423803758300107,0.012715131936565557,-0.0013398230286365762,0.05618743054523679,0.059377406610283574,,0.5343966594925522,no detectable effect
2-agent homogeneous | GPT+GPT,2-agent homogeneous,GPT dyads,GPT,both,myth_cos after the game,return_proportion,86,10,10,0.05106069984164107,-0.005412516998814702,0.03391491139060104,-0.0821333767286249,0.0713083427309955,0.8767273870194944,,1.0,no detectable effect
2-agent homogeneous | Gemini+Gemini,2-agent homogeneous,Gemini dyads,Gemini,myth_game,same_label after the game,sent_frac,45,5,0,0.5045249791095131,,,,,,not estimable: ceiling (sent_frac locked within cells),,not estimable: ceiling
2-agent homogeneous | Gemini+Gemini,2-agent homogeneous,Gemini dyads,Gemini,myth_game,same_label after the game,return_proportion,45,5,5,0.5045249791095131,-2.415738622916095,2.9872774553427726,-10.709750491670272,5.878273245838082,0.46405420181204055,,,underpowered
2-agent homogeneous | Gemini+Gemini,2-agent homogeneous,Gemini dyads,Gemini,myth_game,moral_cos after the game,sent_frac,45,5,0,0.08403788461502334,,,,,,not estimable: ceiling (sent_frac locked within cells),,not estimable: ceiling
2-agent homogeneous | Gemini+Gemini,2-agent homogeneous,Gemini dyads,Gemini,myth_game,moral_cos after the game,return_proportion,45,5,5,0.08403788461502334,0.5873881111020628,0.6163268290494942,-1.123809496614486,2.2985857188186114,0.3945353559120987,,,underpowered
2-agent homogeneous | Gemini+Gemini,2-agent homogeneous,Gemini dyads,Gemini,myth_game,rule_index after the game,sent_frac,45,5,0,0.047966505335691974,,,,,,not estimable: ceiling (sent_frac locked within cells),,not estimable: ceiling
2-agent homogeneous | Gemini+Gemini,2-agent homogeneous,Gemini dyads,Gemini,myth_game,rule_index after the game,return_proportion,45,5,2,0.047966505335691974,0.1561084134921157,0.12653209971616494,-0.19520101541523024,0.5074178423994616,0.28483441462308207,,,underpowered
2-agent homogeneous | Gemini+Gemini,2-agent homogeneous,Gemini dyads,Gemini,myth_game,give_align after the game,sent_frac,45,5,0,0.0,,,,,,not estimable: ceiling (sent_frac locked within cells),,not estimable: ceiling
2-agent homogeneous | Gemini+Gemini,2-agent homogeneous,Gemini dyads,Gemini,myth_game,give_align after the game,return_proportion,45,5,0,0.0,0.0,0.0,0.0,0.0,,,,not estimable: ceiling
2-agent homogeneous | Gemini+Gemini,2-agent homogeneous,Gemini dyads,Gemini,myth_game,myth_cos after the game,sent_frac,45,5,0,0.08245774281389463,,,,,,not estimable: ceiling (sent_frac locked within cells),,not estimable: ceiling
2-agent homogeneous | Gemini+Gemini,2-agent homogeneous,Gemini dyads,Gemini,myth_game,myth_cos after the game,return_proportion,45,5,5,0.08245774281389463,0.06323523639767435,0.06102443743584364,-0.10619576421852302,0.23266623701387174,0.3586276662733947,,,underpowered
2-agent homogeneous | Gemini+Gemini,2-agent homogeneous,Gemini dyads,Gemini,game_myth,same_label after the game,sent_frac,50,5,0,0.4985693819032899,,,,,,not estimable: ceiling (sent_frac locked within cells),,not estimable: ceiling
2-agent homogeneous | Gemini+Gemini,2-agent homogeneous,Gemini dyads,Gemini,game_myth,same_label after the game,return_proportion,50,5,5,0.4985693819032899,-1.5870619396716528,1.3805539601849695,-5.420094224888648,2.2459703455453424,0.3143747468485899,,,underpowered
2-agent homogeneous | Gemini+Gemini,2-agent homogeneous,Gemini dyads,Gemini,game_myth,moral_cos after the game,sent_frac,50,5,0,0.0824775104005506,,,,,,not estimable: ceiling (sent_frac locked within cells),,not estimable: ceiling
2-agent homogeneous | Gemini+Gemini,2-agent homogeneous,Gemini dyads,Gemini,game_myth,moral_cos after the game,return_proportion,50,5,5,0.0824775104005506,0.1308949251663278,0.3901550737086499,-0.9523492195001395,1.2141390698327952,0.7541101463014679,,,underpowered
2-agent homogeneous | Gemini+Gemini,2-agent homogeneous,Gemini dyads,Gemini,game_myth,rule_index after the game,sent_frac,50,5,0,0.14453341930865732,,,,,,not estimable: ceiling (sent_frac locked within cells),,not estimable: ceiling
2-agent homogeneous | Gemini+Gemini,2-agent homogeneous,Gemini dyads,Gemini,game_myth,rule_index after the game,return_proportion,50,5,5,0.14453341930865732,0.0733577855765277,0.5004772330445524,-1.3161897783729577,1.4629053495260131,0.8905575346487213,,,underpowered
2-agent homogeneous | Gemini+Gemini,2-agent homogeneous,Gemini dyads,Gemini,game_myth,give_align after the game,sent_frac,50,5,0,0.0,,,,,,not estimable: ceiling (sent_frac locked within cells),,not estimable: ceiling
2-agent homogeneous | Gemini+Gemini,2-agent homogeneous,Gemini dyads,Gemini,game_myth,give_align after the game,return_proportion,50,5,0,0.0,0.0,0.0,0.0,0.0,,,,not estimable: ceiling
2-agent homogeneous | Gemini+Gemini,2-agent homogeneous,Gemini dyads,Gemini,game_myth,myth_cos after the game,sent_frac,50,5,0,0.0720885242402931,,,,,,not estimable: ceiling (sent_frac locked within cells),,not estimable: ceiling
2-agent homogeneous | Gemini+Gemini,2-agent homogeneous,Gemini dyads,Gemini,game_myth,myth_cos after the game,return_proportion,50,5,5,0.0720885242402931,0.3472904293564493,0.42779322880215503,-0.840453986788056,1.5350348455009548,0.46244217283765704,,,underpowered
2-agent homogeneous | Gemini+Gemini,2-agent homogeneous,Gemini dyads,Gemini,both,same_label after the game,sent_frac,95,10,0,0.501955861057691,,,,,,not estimable: ceiling (sent_frac locked within cells),,not estimable: ceiling
2-agent homogeneous | Gemini+Gemini,2-agent homogeneous,Gemini dyads,Gemini,both,same_label after the game,return_proportion,95,10,10,0.501955861057691,-2.325803181759003,1.669885322145185,-6.103346224394658,1.4517398608766516,0.19712688920872262,,0.5913806676261679,no detectable effect
2-agent homogeneous | Gemini+Gemini,2-agent homogeneous,Gemini dyads,Gemini,both,moral_cos after the game,sent_frac,95,10,0,0.08278541514815421,,,,,,not estimable: ceiling (sent_frac locked within cells),,not estimable: ceiling
2-agent homogeneous | Gemini+Gemini,2-agent homogeneous,Gemini dyads,Gemini,both,moral_cos after the game,return_proportion,95,10,10,0.08278541514815421,0.25429892481718686,0.30423201842047365,-0.43392171482224773,0.9425195644566214,0.42486169294920106,,0.6273644041134144,no detectable effect
2-agent homogeneous | Gemini+Gemini,2-agent homogeneous,Gemini dyads,Gemini,both,rule_index after the game,sent_frac,95,10,0,0.11083432615249095,,,,,,not estimable: ceiling (sent_frac locked within cells),,not estimable: ceiling
2-agent homogeneous | Gemini+Gemini,2-agent homogeneous,Gemini dyads,Gemini,both,rule_index after the game,return_proportion,95,10,7,0.11083432615249095,0.15071862324737056,0.2526036013279403,-0.4207104228593707,0.7221476693541118,0.5654384445129191,,,underpowered
2-agent homogeneous | Gemini+Gemini,2-agent homogeneous,Gemini dyads,Gemini,both,give_align after the game,sent_frac,95,10,0,0.0,,,,,,not estimable: ceiling (sent_frac locked within cells),,not estimable: ceiling
2-agent homogeneous | Gemini+Gemini,2-agent homogeneous,Gemini dyads,Gemini,both,give_align after the game,return_proportion,95,10,0,0.0,0.0,0.0,0.0,0.0,,,,not estimable: ceiling
2-agent homogeneous | Gemini+Gemini,2-agent homogeneous,Gemini dyads,Gemini,both,myth_cos after the game,sent_frac,95,10,0,0.08150134784198582,,,,,,not estimable: ceiling (sent_frac locked within cells),,not estimable: ceiling
2-agent homogeneous | Gemini+Gemini,2-agent homogeneous,Gemini dyads,Gemini,both,myth_cos after the game,return_proportion,95,10,10,0.08150134784198582,0.2693573121776168,0.25240270835602857,-0.3016172824537473,0.840331906808981,0.3136822020567072,,0.6273644041134144,no detectable effect
2-agent homogeneous | Sonnet+Sonnet,2-agent homogeneous,Sonnet dyads,Sonnet,myth_game,same_label after the game,sent_frac,45,5,4,0.46817936647391795,-0.10716418387971528,2.407135562132194,-6.790443932909197,6.576115565149767,0.9666242444185067,,,underpowered
2-agent homogeneous | Sonnet+Sonnet,2-agent homogeneous,Sonnet dyads,Sonnet,myth_game,same_label after the game,return_proportion,45,5,5,0.46817936647391795,-2.374827893340892,1.2219162646823938,-5.767411325379902,1.0177555386981179,0.12387436247642394,,,underpowered
2-agent homogeneous | Sonnet+Sonnet,2-agent homogeneous,Sonnet dyads,Sonnet,myth_game,moral_cos after the game,sent_frac,45,5,4,0.10044638912249995,-0.7850297123813204,0.4977504108902963,-2.1670064043078767,0.596946979545236,0.1898933618120523,,,underpowered
2-agent homogeneous | Sonnet+Sonnet,2-agent homogeneous,Sonnet dyads,Sonnet,myth_game,moral_cos after the game,return_proportion,45,5,5,0.10044638912249995,0.12653992251216237,0.30163722774260554,-0.7109392819992284,0.9640191270235532,0.6963941552890802,,,underpowered
2-agent homogeneous | Sonnet+Sonnet,2-agent homogeneous,Sonnet dyads,Sonnet,myth_game,rule_index after the game,sent_frac,45,5,4,0.22004286772436782,-1.7885740353484976,1.1937764962325748,-5.103028945013609,1.5258808743166132,0.20843086195907515,,,underpowered
2-agent homogeneous | Sonnet+Sonnet,2-agent homogeneous,Sonnet dyads,Sonnet,myth_game,rule_index after the game,return_proportion,45,5,5,0.22004286772436782,0.9533185213443229,0.6250039386674643,-0.7819706048983035,2.6886076475869496,0.20187584671416664,,,underpowered
2-agent homogeneous | Sonnet+Sonnet,2-agent homogeneous,Sonnet dyads,Sonnet,myth_game,give_align after the game,sent_frac,45,5,4,0.11720654306553768,-0.8036456341135806,0.49427478036245376,-2.1759724286736324,0.5686811604464711,0.1792959185809839,,,underpowered
2-agent homogeneous | Sonnet+Sonnet,2-agent homogeneous,Sonnet dyads,Sonnet,myth_game,give_align after the game,return_proportion,45,5,5,0.11720654306553768,0.44820497751140415,0.292814134451266,-0.36477739281854343,1.2611873478413518,0.200597250090746,,,underpowered
2-agent homogeneous | Sonnet+Sonnet,2-agent homogeneous,Sonnet dyads,Sonnet,myth_game,myth_cos after the game,sent_frac,45,5,4,0.054429625331347806,0.10170491672501082,0.06766817000568418,-0.08617204266496352,0.28958187611498515,0.20726528625958882,,,underpowered
2-agent homogeneous | Sonnet+Sonnet,2-agent homogeneous,Sonnet dyads,Sonnet,myth_game,myth_cos after the game,return_proportion,45,5,5,0.054429625331347806,0.022890797166290805,0.10622687344838312,-0.2720422856599385,0.31782387999252015,0.8399274065104991,,,underpowered
2-agent homogeneous | Sonnet+Sonnet,2-agent homogeneous,Sonnet dyads,Sonnet,game_myth,same_label after the game,sent_frac,50,5,4,0.4903143514780147,-5.098468212807953,2.799083543175996,-12.869970015298659,2.6730335896827526,0.1426320525587524,,,underpowered
2-agent homogeneous | Sonnet+Sonnet,2-agent homogeneous,Sonnet dyads,Sonnet,game_myth,same_label after the game,return_proportion,50,5,5,0.4903143514780147,-0.9141128564929806,1.3556773905956505,-4.678076711839599,2.849850998853638,0.5370916909444143,,,underpowered
2-agent homogeneous | Sonnet+Sonnet,2-agent homogeneous,Sonnet dyads,Sonnet,game_myth,moral_cos after the game,sent_frac,50,5,4,0.11491463917166356,0.38502096369989053,0.6110573162422538,-1.3115461309762184,2.0815880583759996,0.5628373722931093,,,underpowered
2-agent homogeneous | Sonnet+Sonnet,2-agent homogeneous,Sonnet dyads,Sonnet,game_myth,moral_cos after the game,return_proportion,50,5,5,0.11491463917166356,-1.007869824829104,0.2260985911516647,-1.6356201515242619,-0.3801194981339463,0.011180479817481982,,,underpowered
2-agent homogeneous | Sonnet+Sonnet,2-agent homogeneous,Sonnet dyads,Sonnet,game_myth,rule_index after the game,sent_frac,50,5,4,0.2400363630804863,-0.8167896666351667,1.0344812251968303,-3.6889700007519277,2.0553906674815945,0.47395186020236557,,,underpowered
2-agent homogeneous | Sonnet+Sonnet,2-agent homogeneous,Sonnet dyads,Sonnet,game_myth,rule_index after the game,return_proportion,50,5,5,0.2400363630804863,-0.5571998370712797,0.8751990917461729,-2.987142071423501,1.8727423972809416,0.558959979676867,,,underpowered
2-agent homogeneous | Sonnet+Sonnet,2-agent homogeneous,Sonnet dyads,Sonnet,game_myth,give_align after the game,sent_frac,50,5,4,0.06928203230275508,-0.062374135794398176,0.26788335683380254,-0.8061375706395646,0.6813892990507682,0.8273142484465252,,,underpowered
2-agent homogeneous | Sonnet+Sonnet,2-agent homogeneous,Sonnet dyads,Sonnet,game_myth,give_align after the game,return_proportion,50,5,5,0.06928203230275508,0.23708915450799045,0.1068571623845049,-0.05959389094979456,0.5337721999657754,0.09073846126407062,,,underpowered
2-agent homogeneous | Sonnet+Sonnet,2-agent homogeneous,Sonnet dyads,Sonnet,game_myth,myth_cos after the game,sent_frac,50,5,4,0.05276578125473808,-0.049614366916403356,0.13795173396866464,-0.4326297834472512,0.3334010496144445,0.7372925911398001,,,underpowered
2-agent homogeneous | Sonnet+Sonnet,2-agent homogeneous,Sonnet dyads,Sonnet,game_myth,myth_cos after the game,return_proportion,50,5,5,0.05276578125473808,-0.09051589370803838,0.15694956973916585,-0.526277758373246,0.3452459709571692,0.5950294630183108,,,underpowered
2-agent homogeneous | Sonnet+Sonnet,2-agent homogeneous,Sonnet dyads,Sonnet,both,same_label after the game,sent_frac,95,10,8,0.5019558610576909,-1.6402663764681138,1.2965500324730075,-4.573266319425642,1.2927335664894144,0.2376076256475717,,1.0,no detectable effect
2-agent homogeneous | Sonnet+Sonnet,2-agent homogeneous,Sonnet dyads,Sonnet,both,same_label after the game,return_proportion,95,10,10,0.5019558610576909,-1.8135322357035624,0.8649175767624246,-3.7701117272550912,0.14304725584796651,0.06546059679132046,,0.6295177611887641,no detectable effect
2-agent homogeneous | Sonnet+Sonnet,2-agent homogeneous,Sonnet dyads,Sonnet,both,moral_cos after the game,sent_frac,95,10,8,0.11147815985418358,-0.29680026564196815,0.477736710574551,-1.3775157874265442,0.7839152561426079,0.5498358296225287,,1.0,no detectable effect
2-agent homogeneous | Sonnet+Sonnet,2-agent homogeneous,Sonnet dyads,Sonnet,both,moral_cos after the game,return_proportion,95,10,10,0.11147815985418358,-0.3155272713400758,0.2745979306962831,-0.936710947169586,0.3056564044894344,0.2801545382798114,,1.0,no detectable effect
2-agent homogeneous | Sonnet+Sonnet,2-agent homogeneous,Sonnet dyads,Sonnet,both,rule_index after the game,sent_frac,95,10,8,0.23044397984371665,-1.5681304266415539,0.739391739891218,-3.2407507471916275,0.1044898939085197,0.06295177611887641,,0.6295177611887641,no detectable effect
2-agent homogeneous | Sonnet+Sonnet,2-agent homogeneous,Sonnet dyads,Sonnet,both,rule_index after the game,return_proportion,95,10,10,0.23044397984371665,0.2621439204610074,0.5537378716140611,-0.9904981721543242,1.514786013076339,0.6471942372713886,,1.0,no detectable effect
2-agent homogeneous | Sonnet+Sonnet,2-agent homogeneous,Sonnet dyads,Sonnet,both,give_align after the game,sent_frac,95,10,8,0.09742484972421049,-0.5382671663618691,0.269793736160096,-1.1485829991095993,0.07204866638586094,0.07715910578208042,,0.6295177611887641,no detectable effect
2-agent homogeneous | Sonnet+Sonnet,2-agent homogeneous,Sonnet dyads,Sonnet,both,give_align after the game,return_proportion,95,10,10,0.09742484972421049,0.3170954444787111,0.19164126189254155,-0.11642720880990004,0.7506180977673222,0.13238552037741289,,0.9266986426418902,no detectable effect
2-agent homogeneous | Sonnet+Sonnet,2-agent homogeneous,Sonnet dyads,Sonnet,both,myth_cos after the game,sent_frac,95,10,8,0.06213107836910738,0.05038551585143995,0.09576049942927482,-0.16623978385097993,0.26701081555385986,0.6114939012690375,,1.0,no detectable effect
2-agent homogeneous | Sonnet+Sonnet,2-agent homogeneous,Sonnet dyads,Sonnet,both,myth_cos after the game,return_proportion,95,10,10,0.06213107836910738,-0.0037549752963992366,0.0772443543409767,-0.1784938447588798,0.17098389416608134,0.9622904693451195,,1.0,no detectable effect
2-agent mixed | Gemini+GPT,2-agent mixed,Gemini+GPT dyads,mixed,myth_game,same_label after the game,sent_frac,54,6,4,0.5015698625755193,-0.8066419110872015,1.0686290591133025,-3.553640359476982,1.9403565373025788,0.4843617697241492,,,underpowered
2-agent mixed | Gemini+GPT,2-agent mixed,Gemini+GPT dyads,mixed,myth_game,same_label after the game,return_proportion,54,6,6,0.5015698625755193,3.2165809909429406,1.7591285609370628,-1.305402934350922,7.738564916236803,0.127011180173179,,,underpowered
2-agent mixed | Gemini+GPT,2-agent mixed,Gemini+GPT dyads,mixed,myth_game,moral_cos after the game,sent_frac,54,6,4,0.07304468153820519,-0.10853527444007796,0.09471964033750403,-0.35201986136967056,0.1349493124895146,0.3037175795885543,,,underpowered
2-agent mixed | Gemini+GPT,2-agent mixed,Gemini+GPT dyads,mixed,myth_game,moral_cos after the game,return_proportion,54,6,6,0.07304468153820519,-0.06389853193091824,0.2329211356543578,-0.6626413723797921,0.5348443085179557,0.7948002193441095,,,underpowered
2-agent mixed | Gemini+GPT,2-agent mixed,Gemini+GPT dyads,mixed,myth_game,rule_index after the game,sent_frac,54,6,4,0.23245644018522196,-0.7420292466296414,0.27126395262293407,-1.4393354359050654,-0.044723057354217444,0.041013354450788825,,,underpowered
2-agent mixed | Gemini+GPT,2-agent mixed,Gemini+GPT dyads,mixed,myth_game,rule_index after the game,return_proportion,54,6,6,0.23245644018522196,-0.6072523949477626,0.7679287192428517,-2.581276011696896,1.3667712218013708,0.4649174953339073,,,underpowered
2-agent mixed | Gemini+GPT,2-agent mixed,Gemini+GPT dyads,mixed,myth_game,give_align after the game,sent_frac,54,6,4,0.2554575511650413,-0.3737263093493553,0.43051688851126785,-1.4804052028910846,0.7329525841923741,0.4250426001020894,,,underpowered
2-agent mixed | Gemini+GPT,2-agent mixed,Gemini+GPT dyads,mixed,myth_game,give_align after the game,return_proportion,54,6,6,0.2554575511650413,-0.6099827617494156,0.9427583968202218,-3.0334203720090898,1.8134548485102586,0.5461460009997877,,,underpowered
2-agent mixed | Gemini+GPT,2-agent mixed,Gemini+GPT dyads,mixed,myth_game,myth_cos after the game,sent_frac,54,6,4,0.07992283784781562,-0.09945300097213473,0.08276699097956958,-0.31221232457449094,0.11330632263022149,0.2833222663292831,,,underpowered
2-agent mixed | Gemini+GPT,2-agent mixed,Gemini+GPT dyads,mixed,myth_game,myth_cos after the game,return_proportion,54,6,6,0.07992283784781562,0.41120195676688,0.18928144795093046,-0.07536149515872231,0.8977654086924822,0.08189077603658536,,,underpowered
2-agent mixed | Gemini+GPT,2-agent mixed,Gemini+GPT dyads,mixed,game_myth,same_label after the game,sent_frac,59,6,6,0.503639587998848,0.1418544567588421,0.3392810442203598,-0.7302952326897358,1.01400414620742,0.6932215231304666,,,underpowered
2-agent mixed | Gemini+GPT,2-agent mixed,Gemini+GPT dyads,mixed,game_myth,same_label after the game,return_proportion,57,6,6,0.502500015586229,0.11663284725039418,0.6171170606861391,-1.469717059410668,1.7029827539114564,0.8575278300111764,,,underpowered
2-agent mixed | Gemini+GPT,2-agent mixed,Gemini+GPT dyads,mixed,game_myth,moral_cos after the game,sent_frac,58,6,6,0.08731935388231435,-0.02023436283461195,0.04358866774078749,-0.13228260036866685,0.09181387469944295,0.6620066246440066,,,underpowered
2-agent mixed | Gemini+GPT,2-agent mixed,Gemini+GPT dyads,mixed,game_myth,moral_cos after the game,return_proportion,56,6,6,0.08648772971911602,0.25327471107018507,0.16644318448194406,-0.17458111562456435,0.6811305377649345,0.1885746363614997,,,underpowered
2-agent mixed | Gemini+GPT,2-agent mixed,Gemini+GPT dyads,mixed,game_myth,rule_index after the game,sent_frac,58,6,6,0.29094589880501487,-0.24794124813678844,0.20355074836401704,-0.7711851045115088,0.27530260823793196,0.27753132906085914,,,underpowered
2-agent mixed | Gemini+GPT,2-agent mixed,Gemini+GPT dyads,mixed,game_myth,rule_index after the game,return_proportion,56,6,6,0.28944525111159347,0.6347819403156193,0.8271405271236385,-1.4914504742270518,2.7610143548582906,0.47747503275526343,,,underpowered
2-agent mixed | Gemini+GPT,2-agent mixed,Gemini+GPT dyads,mixed,game_myth,give_align after the game,sent_frac,59,6,6,0.2527117683697954,-0.03348235328653617,0.12560471140753618,-0.35635954290109,0.2893948363280177,0.8004450583695435,,,underpowered
2-agent mixed | Gemini+GPT,2-agent mixed,Gemini+GPT dyads,mixed,game_myth,give_align after the game,return_proportion,57,6,6,0.24861773255815017,0.3928978947947145,0.7668906701477546,-1.5784573318060637,2.3642531213954925,0.6302437507998552,,,underpowered
2-agent mixed | Gemini+GPT,2-agent mixed,Gemini+GPT dyads,mixed,game_myth,myth_cos after the game,sent_frac,59,6,6,0.09556901323460744,0.05251154660371015,0.03542323681689198,-0.0385467825172359,0.1435698757246562,0.1983338407703814,,,underpowered
2-agent mixed | Gemini+GPT,2-agent mixed,Gemini+GPT dyads,mixed,game_myth,myth_cos after the game,return_proportion,57,6,6,0.09398595508723241,0.0749275076239396,0.22261253102323256,-0.4973162210094074,0.6471712362572867,0.7500985624682568,,,underpowered
2-agent mixed | Gemini+GPT,2-agent mixed,Gemini+GPT dyads,mixed,both,same_label after the game,sent_frac,113,12,10,0.5020501584180966,0.11312588521501203,0.31796590136128977,-0.5867123450935855,0.8129641155236095,0.7287344579235877,,1.0,no detectable effect
2-agent mixed | Gemini+GPT,2-agent mixed,Gemini+GPT dyads,mixed,both,same_label after the game,return_proportion,111,12,12,0.5022472023339226,1.5279981281771584,0.6693719984255869,0.05472029306737447,3.0012759632869423,0.043327524470845646,,0.43327524470845646,suggestive
2-agent mixed | Gemini+GPT,2-agent mixed,Gemini+GPT dyads,mixed,both,moral_cos after the game,sent_frac,112,12,10,0.08071278273345182,-0.016175301031884217,0.03467089723430123,-0.09248543133134218,0.06013482926757374,0.6499337601369812,,1.0,no detectable effect
2-agent mixed | Gemini+GPT,2-agent mixed,Gemini+GPT dyads,mixed,both,moral_cos after the game,return_proportion,110,12,12,0.08025975445354723,0.13547459399168846,0.11130687918339051,-0.10951019530609976,0.3804593832894767,0.2490238875600352,,1.0,no detectable effect
2-agent mixed | Gemini+GPT,2-agent mixed,Gemini+GPT dyads,mixed,both,rule_index after the game,sent_frac,112,12,10,0.2661817082538765,-0.256050980142129,0.20217350181759042,-0.7010318574046486,0.1889298971203906,0.23149863283669062,,1.0,no detectable effect
2-agent mixed | Gemini+GPT,2-agent mixed,Gemini+GPT dyads,mixed,both,rule_index after the game,return_proportion,110,12,12,0.2642835917805733,0.36050888898498046,0.3751746782908747,-0.4652450103721292,1.18626278834209,0.3572443203219202,,1.0,no detectable effect
2-agent mixed | Gemini+GPT,2-agent mixed,Gemini+GPT dyads,mixed,both,give_align after the game,sent_frac,113,12,10,0.2534496511414384,-0.0738173901455821,0.132021103639156,-0.36439388007313744,0.21675909978197327,0.5872736964512691,,1.0,no detectable effect
2-agent mixed | Gemini+GPT,2-agent mixed,Gemini+GPT dyads,mixed,both,give_align after the game,return_proportion,111,12,12,0.2510518413137554,0.13558214780893296,0.39191021969779893,-0.7270064298307707,0.9981707254486366,0.7359048072833723,,1.0,no detectable effect
2-agent mixed | Gemini+GPT,2-agent mixed,Gemini+GPT dyads,mixed,both,myth_cos after the game,sent_frac,113,12,10,0.0884225082166635,0.006994598805838609,0.03491962910281339,-0.06986298664505432,0.08385218425673154,0.8448967561665244,,1.0,no detectable effect
2-agent mixed | Gemini+GPT,2-agent mixed,Gemini+GPT dyads,mixed,both,myth_cos after the game,return_proportion,111,12,12,0.08722828606854788,0.03902458468482801,0.15928317829943675,-0.3115553270030787,0.3896044963727347,0.8109659310040185,,1.0,no detectable effect
2-agent mixed | Sonnet+GPT,2-agent mixed,Sonnet+GPT dyads,mixed,myth_game,same_label after the game,sent_frac,54,6,6,0.47583095143088644,0.15780777332979623,0.46754703516537954,-1.0440601425719414,1.3596756892315338,0.7494313023100134,,,underpowered
2-agent mixed | Sonnet+GPT,2-agent mixed,Sonnet+GPT dyads,mixed,myth_game,same_label after the game,return_proportion,54,6,6,0.47583095143088644,0.11309850734919899,0.5606191682560004,-1.3280189432792142,1.5542159579776123,0.8480720169696473,,,underpowered
2-agent mixed | Sonnet+GPT,2-agent mixed,Sonnet+GPT dyads,mixed,myth_game,moral_cos after the game,sent_frac,54,6,6,0.09875974773067692,-0.006995637253149494,0.06975176672441974,-0.18629826179848438,0.17230698729218538,0.9240087726680031,,,underpowered
2-agent mixed | Sonnet+GPT,2-agent mixed,Sonnet+GPT dyads,mixed,myth_game,moral_cos after the game,return_proportion,54,6,6,0.09875974773067692,0.07672193305994822,0.14377762575688274,-0.2928702200816104,0.44631408620150687,0.616467347232386,,,underpowered
2-agent mixed | Sonnet+GPT,2-agent mixed,Sonnet+GPT dyads,mixed,myth_game,rule_index after the game,sent_frac,54,6,6,0.2633629206104777,0.4890219541505754,0.09398152014952312,0.24743476556872304,0.7306091427324278,0.0034572943414187215,,,underpowered
2-agent mixed | Sonnet+GPT,2-agent mixed,Sonnet+GPT dyads,mixed,myth_game,rule_index after the game,return_proportion,54,6,6,0.2633629206104777,0.28815976674750376,0.23689142361967444,-0.3207890238272587,0.8971085573222662,0.27810966290531447,,,underpowered
2-agent mixed | Sonnet+GPT,2-agent mixed,Sonnet+GPT dyads,mixed,myth_game,give_align after the game,sent_frac,54,6,6,0.1655940326454995,-0.4820276464026314,0.11574978037087488,-0.7795719293028951,-0.18448336350236766,0.008786602916420215,,,underpowered
2-agent mixed | Sonnet+GPT,2-agent mixed,Sonnet+GPT dyads,mixed,myth_game,give_align after the game,return_proportion,54,6,6,0.1655940326454995,-0.016351157727926453,0.25572044202151173,-0.6737014809893138,0.6409991655334608,0.9514943874618145,,,underpowered
2-agent mixed | Sonnet+GPT,2-agent mixed,Sonnet+GPT dyads,mixed,myth_game,myth_cos after the game,sent_frac,54,6,6,0.07172096514359363,-0.0025212285080937922,0.10380711573641987,-0.2693659146299313,0.26432345761374376,0.9815626837554645,,,underpowered
2-agent mixed | Sonnet+GPT,2-agent mixed,Sonnet+GPT dyads,mixed,myth_game,myth_cos after the game,return_proportion,54,6,6,0.07172096514359363,0.1330207483894792,0.08486622138087938,-0.08513481875129952,0.3511763155302579,0.17780151270719335,,,underpowered
2-agent mixed | Sonnet+GPT,2-agent mixed,Sonnet+GPT dyads,mixed,game_myth,same_label after the game,sent_frac,60,6,5,0.4903014177279,0.21325807423318757,0.31768479246677417,-0.6033766827397943,1.0298928312061695,0.5317961202242731,,,underpowered
2-agent mixed | Sonnet+GPT,2-agent mixed,Sonnet+GPT dyads,mixed,game_myth,same_label after the game,return_proportion,56,6,5,0.48349377841522817,0.6257330912365964,1.201838695493233,-2.4636916287631516,3.7151578112363444,0.6248386885563242,,,underpowered
2-agent mixed | Sonnet+GPT,2-agent mixed,Sonnet+GPT dyads,mixed,game_myth,moral_cos after the game,sent_frac,58,6,6,0.11035086836084038,0.0967133158187259,0.10442668602919856,-0.17172402644362839,0.36515065808108016,0.39687769072091705,,,underpowered
2-agent mixed | Sonnet+GPT,2-agent mixed,Sonnet+GPT dyads,mixed,game_myth,moral_cos after the game,return_proportion,54,6,6,0.11008240506346587,0.13662132084345482,0.04783355902485568,0.013661242880323332,0.2595813988065863,0.03556516654360248,,,underpowered
2-agent mixed | Sonnet+GPT,2-agent mixed,Sonnet+GPT dyads,mixed,game_myth,rule_index after the game,sent_frac,59,6,6,0.25751320897312446,-0.03735759437445528,0.2015152859335712,-0.5553691279983515,0.4806539392494409,0.8602139082251774,,,underpowered
2-agent mixed | Sonnet+GPT,2-agent mixed,Sonnet+GPT dyads,mixed,game_myth,rule_index after the game,return_proportion,55,6,6,0.2560510932692625,0.3176695986009051,0.255652815970501,-0.33950688636213816,0.9748460835639483,0.2691176650818984,,,underpowered
2-agent mixed | Sonnet+GPT,2-agent mixed,Sonnet+GPT dyads,mixed,game_myth,give_align after the game,sent_frac,60,6,6,0.20007766853481593,-0.16041372277623972,0.12717949660793584,-0.4873390266219698,0.16651158106949038,0.2628404504855725,,,underpowered
2-agent mixed | Sonnet+GPT,2-agent mixed,Sonnet+GPT dyads,mixed,game_myth,give_align after the game,return_proportion,56,6,6,0.20429638515405257,-0.07354879936397532,0.27131888685466155,-0.7709962015776326,0.623898602849682,0.7971656065679553,,,underpowered
2-agent mixed | Sonnet+GPT,2-agent mixed,Sonnet+GPT dyads,mixed,game_myth,myth_cos after the game,sent_frac,60,6,6,0.07406819049105114,0.12804938666002438,0.035813954886138144,0.035986684767419244,0.22011208855262954,0.015952188435334646,,,underpowered
2-agent mixed | Sonnet+GPT,2-agent mixed,Sonnet+GPT dyads,mixed,game_myth,myth_cos after the game,return_proportion,56,6,6,0.0714173253033054,-0.12551414043707618,0.06527665203460324,-0.29331311644837954,0.04228483557422716,0.11252356848599553,,,underpowered
2-agent mixed | Sonnet+GPT,2-agent mixed,Sonnet+GPT dyads,mixed,both,same_label after the game,sent_frac,114,12,11,0.4820162847918454,0.20577227384274432,0.23570065592247735,-0.31300137206444556,0.7245459197499342,0.4013063140325769,,1.0,no detectable effect
2-agent mixed | Sonnet+GPT,2-agent mixed,Sonnet+GPT dyads,mixed,both,same_label after the game,return_proportion,110,12,11,0.47769253549264074,0.28376825468742,0.6738390126327974,-1.1993414124023138,1.766877921777154,0.6817769613101887,,1.0,no detectable effect
2-agent mixed | Sonnet+GPT,2-agent mixed,Sonnet+GPT dyads,mixed,both,moral_cos after the game,sent_frac,112,12,12,0.10506299164490325,0.06597965503172701,0.0770586467646984,-0.10362528295344811,0.23558459301690213,0.4101368629700216,,1.0,no detectable effect
2-agent mixed | Sonnet+GPT,2-agent mixed,Sonnet+GPT dyads,mixed,both,moral_cos after the game,return_proportion,108,12,12,0.104798278538081,0.1443252508552392,0.05416265538713927,0.02511405011745889,0.2635364515930195,0.022002704320780987,,0.22002704320780986,suggestive
2-agent mixed | Sonnet+GPT,2-agent mixed,Sonnet+GPT dyads,mixed,both,rule_index after the game,sent_frac,113,12,12,0.26059397208892904,0.08311514733874145,0.14628602636609747,-0.23885822582054209,0.405088520498025,0.5813329646724745,,1.0,no detectable effect
2-agent mixed | Sonnet+GPT,2-agent mixed,Sonnet+GPT dyads,mixed,both,rule_index after the game,return_proportion,109,12,12,0.26009790333432364,0.25031579798044556,0.16086048586210314,-0.10373574424577642,0.6043673402066676,0.14796791112948293,,1.0,no detectable effect
2-agent mixed | Sonnet+GPT,2-agent mixed,Sonnet+GPT dyads,mixed,both,give_align after the game,sent_frac,114,12,12,0.18377140643898168,-0.2501626081097415,0.11542954194562237,-0.5042213169672286,0.003896100747745601,0.053032204485811606,,0.47728984037230443,no detectable effect
2-agent mixed | Sonnet+GPT,2-agent mixed,Sonnet+GPT dyads,mixed,both,give_align after the game,return_proportion,110,12,12,0.18546202702860218,-0.003545156854848069,0.1430949747962691,-0.31849507286387996,0.3114047591541838,0.9806782790670969,,1.0,no detectable effect
2-agent mixed | Sonnet+GPT,2-agent mixed,Sonnet+GPT dyads,mixed,both,myth_cos after the game,sent_frac,114,12,12,0.07264633320369139,0.06599557641186782,0.04934061348381571,-0.0426023816553992,0.17459353447913484,0.20804084148719357,,1.0,no detectable effect
2-agent mixed | Sonnet+GPT,2-agent mixed,Sonnet+GPT dyads,mixed,both,myth_cos after the game,return_proportion,110,12,12,0.07133811586362872,-0.03046529080900215,0.0645392437304835,-0.17251520850277283,0.11158462688476853,0.6461217589670053,,1.0,no detectable effect
2-agent mixed | Sonnet+Gemini,2-agent mixed,Sonnet+Gemini dyads,mixed,myth_game,same_label after the game,sent_frac,54,6,5,0.4820321529793836,1.0240985145074073,1.2207893678985302,-2.114040459750492,4.162237488765307,0.4397869729922606,,,underpowered
2-agent mixed | Sonnet+Gemini,2-agent mixed,Sonnet+Gemini dyads,mixed,myth_game,same_label after the game,return_proportion,54,6,6,0.4820321529793836,-0.9112842792716648,1.53743709545953,-4.863392150293387,3.040823591750057,0.5791519019083784,,,underpowered
2-agent mixed | Sonnet+Gemini,2-agent mixed,Sonnet+Gemini dyads,mixed,myth_game,moral_cos after the game,sent_frac,54,6,5,0.08410448636435727,0.27675571472889143,0.27234002093756,-0.4233165962100138,0.9768280256677966,0.35615138070619984,,,underpowered
2-agent mixed | Sonnet+Gemini,2-agent mixed,Sonnet+Gemini dyads,mixed,myth_game,moral_cos after the game,return_proportion,54,6,6,0.08410448636435727,0.18608126514594833,0.22495057701614266,-0.3921726020476557,0.7643351323395524,0.4457876491364752,,,underpowered
2-agent mixed | Sonnet+Gemini,2-agent mixed,Sonnet+Gemini dyads,mixed,myth_game,rule_index after the game,sent_frac,54,6,4,0.14909876266431632,0.640036162289429,0.40800615714676103,-0.40877705409981047,1.6888493786786682,0.17750979891685076,,,underpowered
2-agent mixed | Sonnet+Gemini,2-agent mixed,Sonnet+Gemini dyads,mixed,myth_game,rule_index after the game,return_proportion,54,6,4,0.14909876266431632,0.20598895080019902,0.1622384304952204,-0.21105821167295924,0.6230361132733573,0.2600857892936746,,,underpowered
2-agent mixed | Sonnet+Gemini,2-agent mixed,Sonnet+Gemini dyads,mixed,myth_game,give_align after the game,sent_frac,54,6,4,0.05718776312789585,0.37962216432720347,0.11726003538572573,0.07819564731858547,0.6810486813358214,0.023014670773718406,,,underpowered
2-agent mixed | Sonnet+Gemini,2-agent mixed,Sonnet+Gemini dyads,mixed,myth_game,give_align after the game,return_proportion,54,6,4,0.05718776312789585,0.13477162615571386,0.10754737919519461,-0.14168771327374424,0.41123096558517197,0.2655646600070836,,,underpowered
2-agent mixed | Sonnet+Gemini,2-agent mixed,Sonnet+Gemini dyads,mixed,myth_game,myth_cos after the game,sent_frac,54,6,5,0.11670866233865838,-0.15055973806997952,0.22710908594280502,-0.7343622291025207,0.4332427529625616,0.5367035819950432,,,underpowered
2-agent mixed | Sonnet+Gemini,2-agent mixed,Sonnet+Gemini dyads,mixed,myth_game,myth_cos after the game,return_proportion,54,6,6,0.11670866233865838,0.130022069520201,0.12578749970765526,-0.19332499237840578,0.4533691314188078,0.34867464881849647,,,underpowered
2-agent mixed | Sonnet+Gemini,2-agent mixed,Sonnet+Gemini dyads,mixed,game_myth,same_label after the game,sent_frac,60,6,6,0.5042194840896107,1.947925869035776,0.6490407587427317,0.2795134840240985,3.616338254047453,0.030056461254026792,,,underpowered
2-agent mixed | Sonnet+Gemini,2-agent mixed,Sonnet+Gemini dyads,mixed,game_myth,same_label after the game,return_proportion,60,6,6,0.5042194840896107,1.262885567930268,0.2996124549770769,0.49270723343579115,2.033063902424745,0.008367395479101343,,,underpowered
2-agent mixed | Sonnet+Gemini,2-agent mixed,Sonnet+Gemini dyads,mixed,game_myth,moral_cos after the game,sent_frac,60,6,6,0.09634803679721048,-0.18912789759567933,0.08927798873858966,-0.41862427376924133,0.04036847857788267,0.08768143985324635,,,underpowered
2-agent mixed | Sonnet+Gemini,2-agent mixed,Sonnet+Gemini dyads,mixed,game_myth,moral_cos after the game,return_proportion,60,6,6,0.09634803679721048,0.040270236002887,0.1909499241203164,-0.45058217045693083,0.5311226424627048,0.8412954955758383,,,underpowered
2-agent mixed | Sonnet+Gemini,2-agent mixed,Sonnet+Gemini dyads,mixed,game_myth,rule_index after the game,sent_frac,60,6,6,0.22065737402273447,0.015672397703356225,0.5640483465702704,-1.4342600364108773,1.4656048318175896,0.9789080897172711,,,underpowered
2-agent mixed | Sonnet+Gemini,2-agent mixed,Sonnet+Gemini dyads,mixed,game_myth,rule_index after the game,return_proportion,60,6,6,0.22065737402273447,-0.006287624482779586,0.3393812073383531,-0.8786947914230718,0.8661195424575125,0.9859352231176293,,,underpowered
2-agent mixed | Sonnet+Gemini,2-agent mixed,Sonnet+Gemini dyads,mixed,game_myth,give_align after the game,sent_frac,60,6,6,0.1132967704398073,0.5307197073938678,0.06668148197188617,0.3593095010636268,0.7021299137241087,0.00050491377938011,,,underpowered
2-agent mixed | Sonnet+Gemini,2-agent mixed,Sonnet+Gemini dyads,mixed,game_myth,give_align after the game,return_proportion,60,6,6,0.1132967704398073,0.26121561400734294,0.20888384721595984,-0.2757374094038345,0.7981686374185204,0.2664381537880921,,,underpowered
2-agent mixed | Sonnet+Gemini,2-agent mixed,Sonnet+Gemini dyads,mixed,game_myth,myth_cos after the game,sent_frac,60,6,6,0.09986001754779328,0.0031881742697681533,0.14782886439406456,-0.3768180193243581,0.3831943678638944,0.983627829166054,,,underpowered
2-agent mixed | Sonnet+Gemini,2-agent mixed,Sonnet+Gemini dyads,mixed,game_myth,myth_cos after the game,return_proportion,60,6,6,0.09986001754779328,-0.027878145644157245,0.21659516005223836,-0.5846537297611814,0.5288974384728669,0.9026034956037956,,,underpowered
2-agent mixed | Sonnet+Gemini,2-agent mixed,Sonnet+Gemini dyads,mixed,both,same_label after the game,sent_frac,114,12,11,0.4972365802478048,1.70534503129019,0.553443052218301,0.48722508640669693,2.9234649761736833,0.010446328424382884,,0.09401695581944595,suggestive
2-agent mixed | Sonnet+Gemini,2-agent mixed,Sonnet+Gemini dyads,mixed,both,same_label after the game,return_proportion,114,12,12,0.4972365802478048,0.40217403568235954,0.9851351928910346,-1.766093904546261,2.5704419759109802,0.6909296981658448,,1.0,no detectable effect
2-agent mixed | Sonnet+Gemini,2-agent mixed,Sonnet+Gemini dyads,mixed,both,moral_cos after the game,sent_frac,114,12,11,0.09313875506914593,-0.06601085251338404,0.10912807718111346,-0.30620013093740145,0.17417842591063337,0.5575218071727146,,1.0,no detectable effect
2-agent mixed | Sonnet+Gemini,2-agent mixed,Sonnet+Gemini dyads,mixed,both,moral_cos after the game,return_proportion,114,12,12,0.09313875506914593,0.12344766004097354,0.1383225477335443,-0.1809982148254228,0.4278935349073699,0.39125090086825454,,1.0,no detectable effect
2-agent mixed | Sonnet+Gemini,2-agent mixed,Sonnet+Gemini dyads,mixed,both,rule_index after the game,sent_frac,114,12,10,0.1993360868907708,0.19532156184902433,0.42766473140547484,-0.7459621654652862,1.1366052891633347,0.6567614220636855,,1.0,no detectable effect
2-agent mixed | Sonnet+Gemini,2-agent mixed,Sonnet+Gemini dyads,mixed,both,rule_index after the game,return_proportion,114,12,10,0.1993360868907708,0.08377335233918502,0.26519029906289204,-0.4999065604961995,0.6674532651745696,0.7579921184292288,,1.0,no detectable effect
2-agent mixed | Sonnet+Gemini,2-agent mixed,Sonnet+Gemini dyads,mixed,both,give_align after the game,sent_frac,114,12,10,0.09430285803070279,0.48700333129167556,0.06602947888661084,0.34167342813423474,0.6323332344491164,1.4023689719437203e-05,,0.00014023689719437204,yes
2-agent mixed | Sonnet+Gemini,2-agent mixed,Sonnet+Gemini dyads,mixed,both,give_align after the game,return_proportion,114,12,10,0.09430285803070279,0.18440377841854733,0.12278551711894245,-0.08584532263335587,0.4546528794704505,0.16128962781160247,,1.0,no detectable effect
2-agent mixed | Sonnet+Gemini,2-agent mixed,Sonnet+Gemini dyads,mixed,both,myth_cos after the game,sent_frac,114,12,11,0.1105712594354395,-0.06423248693284964,0.11821959693352194,-0.3244320654145191,0.19596709154881983,0.5977394078245954,,1.0,no detectable effect
2-agent mixed | Sonnet+Gemini,2-agent mixed,Sonnet+Gemini dyads,mixed,both,myth_cos after the game,return_proportion,114,12,12,0.1105712594354395,0.06735497136012504,0.14871979687917009,-0.25997509458147877,0.3946850373017288,0.6594244816899478,,1.0,no detectable effect
8-agent homogeneous | 8 GPT,8-agent homogeneous,8 GPT,GPT,myth_game,same_label after the game,sent_frac,180,5,5,0.4642394981124474,0.1144003043002434,0.1570770987215768,-0.3217156375839499,0.5505162461844366,0.5067729351160358,,,underpowered
8-agent homogeneous | 8 GPT,8-agent homogeneous,8 GPT,GPT,myth_game,same_label after the game,return_proportion,117,5,5,0.4476746745190279,0.5710715612673218,0.5346606424427083,-0.913384362384646,2.0555274849192897,0.34564939728868793,,,underpowered
8-agent homogeneous | 8 GPT,8-agent homogeneous,8 GPT,GPT,myth_game,moral_cos after the game,sent_frac,179,5,5,0.0820203651861618,0.00819979959476188,0.04003078542944379,-0.10294347866804071,0.11934307785756446,0.847700280219595,,,underpowered
8-agent homogeneous | 8 GPT,8-agent homogeneous,8 GPT,GPT,myth_game,moral_cos after the game,return_proportion,116,5,5,0.08461934763310289,0.0925584444122587,0.15342128361993623,-0.3334073275274765,0.5185242163519939,0.578850543474625,,,underpowered
8-agent homogeneous | 8 GPT,8-agent homogeneous,8 GPT,GPT,myth_game,rule_index after the game,sent_frac,178,5,5,0.24254875969622475,0.081078452735596,0.04288326616769101,-0.03798458171058408,0.20014148718177607,0.1316474366061118,,,underpowered
8-agent homogeneous | 8 GPT,8-agent homogeneous,8 GPT,GPT,myth_game,rule_index after the game,return_proportion,115,5,5,0.250664180868492,-0.09068548227071796,0.44746195468029304,-1.3330390361050568,1.151668071563621,0.8492870282230769,,,underpowered
8-agent homogeneous | 8 GPT,8-agent homogeneous,8 GPT,GPT,myth_game,give_align after the game,sent_frac,180,5,5,0.1367168459453296,0.0005809459769899813,0.033671507281868504,-0.09290614560038588,0.09406803755436582,0.9870607971255749,,,underpowered
8-agent homogeneous | 8 GPT,8-agent homogeneous,8 GPT,GPT,myth_game,give_align after the game,return_proportion,117,5,5,0.1488882070621477,0.051806888838248556,0.2179492307857893,-0.5533171861585815,0.6569309638350787,0.823791648161404,,,underpowered
8-agent homogeneous | 8 GPT,8-agent homogeneous,8 GPT,GPT,myth_game,myth_cos after the game,sent_frac,180,5,5,0.045660418475802295,-0.010889935666151583,0.006809627283291945,-0.02979649200506889,0.008016620672765722,0.1850240769307283,,,underpowered
8-agent homogeneous | 8 GPT,8-agent homogeneous,8 GPT,GPT,myth_game,myth_cos after the game,return_proportion,117,5,5,0.04732439095448066,-0.0884547235425104,0.05626348305871789,-0.24466719568226697,0.06775774859724616,0.19101705632013669,,,underpowered
8-agent homogeneous | 8 GPT,8-agent homogeneous,8 GPT,GPT,game_myth,same_label after the game,sent_frac,200,5,5,0.44244069528494,-0.07299252367877188,0.10295087064266042,-0.35882996455043814,0.21284491719289442,0.517459629642442,,,underpowered
8-agent homogeneous | 8 GPT,8-agent homogeneous,8 GPT,GPT,game_myth,same_label after the game,return_proportion,82,5,5,0.4577940902716245,0.5003122607991463,0.9905781759943971,-2.249973667256261,3.250598188854554,0.6400664995248451,,,underpowered
8-agent homogeneous | 8 GPT,8-agent homogeneous,8 GPT,GPT,game_myth,moral_cos after the game,sent_frac,199,5,5,0.09385229629615076,-0.02115727244380518,0.021920469993585136,-0.08201825406112985,0.039703709173519494,0.3891100073296644,,,underpowered
8-agent homogeneous | 8 GPT,8-agent homogeneous,8 GPT,GPT,game_myth,moral_cos after the game,return_proportion,82,5,5,0.08191863921948139,0.00781202153543958,0.1316984818266367,-0.3578415836941072,0.37346562676498635,0.9555444741980551,,,underpowered
8-agent homogeneous | 8 GPT,8-agent homogeneous,8 GPT,GPT,game_myth,rule_index after the game,sent_frac,200,5,5,0.2627078587321717,-0.013462406357783853,0.07130090035417044,-0.21142544214231637,0.1845006294267487,0.8594336012425706,,,underpowered
8-agent homogeneous | 8 GPT,8-agent homogeneous,8 GPT,GPT,game_myth,rule_index after the game,return_proportion,82,5,5,0.2578633117965372,-0.001253415827114992,0.22408153362509395,-0.6234034930257231,0.620896661371493,0.9958048495673144,,,underpowered
8-agent homogeneous | 8 GPT,8-agent homogeneous,8 GPT,GPT,game_myth,give_align after the game,sent_frac,200,5,5,0.17003620660844251,-0.036399504235629515,0.0543370729715784,-0.18726340451834397,0.11446439604708494,0.5396180813886978,,,underpowered
8-agent homogeneous | 8 GPT,8-agent homogeneous,8 GPT,GPT,game_myth,give_align after the game,return_proportion,82,5,5,0.17157628671235253,-0.237229939026238,0.25875359108536644,-0.9556450804475565,0.48118520239508045,0.41111336234690504,,,underpowered
8-agent homogeneous | 8 GPT,8-agent homogeneous,8 GPT,GPT,game_myth,myth_cos after the game,sent_frac,200,5,5,0.04752307684132626,0.011329307617212793,0.007754422074920802,-0.010200419596338826,0.03285903483076441,0.21780866235489713,,,underpowered
8-agent homogeneous | 8 GPT,8-agent homogeneous,8 GPT,GPT,game_myth,myth_cos after the game,return_proportion,82,5,5,0.043532057960509254,0.0038469206638045315,0.04385609475599083,-0.11791711895455706,0.12561096028216612,0.9343175683376763,,,underpowered
8-agent homogeneous | 8 GPT,8-agent homogeneous,8 GPT,GPT,both,same_label after the game,sent_frac,380,10,10,0.4528834925817853,0.022164674391489513,0.10235048737318973,-0.20936821374137965,0.25369756252435866,0.8333829387729131,,1.0,no detectable effect
8-agent homogeneous | 8 GPT,8-agent homogeneous,8 GPT,GPT,both,same_label after the game,return_proportion,199,10,10,0.450819713736756,0.5519102153471428,0.49159616837269376,-0.5601575781687761,1.6639780088630616,0.2906251616889824,,1.0,no detectable effect
8-agent homogeneous | 8 GPT,8-agent homogeneous,8 GPT,GPT,both,moral_cos after the game,sent_frac,378,10,10,0.08868596385888088,-0.005287078234172768,0.022634450588614234,-0.05648976276047363,0.0459156062921281,0.8205332557146899,,1.0,no detectable effect
8-agent homogeneous | 8 GPT,8-agent homogeneous,8 GPT,GPT,both,moral_cos after the game,return_proportion,198,10,10,0.08388832846556715,0.04941313176918631,0.09737577614896235,-0.17086617773466617,0.2696924412730388,0.6240413958904627,,1.0,no detectable effect
8-agent homogeneous | 8 GPT,8-agent homogeneous,8 GPT,GPT,both,rule_index after the game,sent_frac,378,10,10,0.25526639849083566,0.0319185284379704,0.04251551767968328,-0.0642582544135752,0.128095311289516,0.471974670774015,,1.0,no detectable effect
8-agent homogeneous | 8 GPT,8-agent homogeneous,8 GPT,GPT,both,rule_index after the game,return_proportion,197,10,10,0.255614718442969,-0.06547657979356594,0.25677165780655353,-0.6463344247185826,0.5153812651314508,0.8044551562756994,,1.0,no detectable effect
8-agent homogeneous | 8 GPT,8-agent homogeneous,8 GPT,GPT,both,give_align after the game,sent_frac,380,10,10,0.1567486176932012,-0.024353642906736635,0.032964608630192696,-0.09892476844020909,0.05021748262673581,0.4788623915949275,,1.0,no detectable effect
8-agent homogeneous | 8 GPT,8-agent homogeneous,8 GPT,GPT,both,give_align after the game,return_proportion,199,10,10,0.15968473076004075,-0.048856339038933556,0.1517370793423463,-0.39210945994378293,0.29439678186591584,0.7548205482783965,,1.0,no detectable effect
8-agent homogeneous | 8 GPT,8-agent homogeneous,8 GPT,GPT,both,myth_cos after the game,sent_frac,380,10,10,0.046711826605991776,-0.0006156711052497611,0.006678101302982692,-0.01572258580205735,0.014491243591557828,0.9285645775487191,,1.0,no detectable effect
8-agent homogeneous | 8 GPT,8-agent homogeneous,8 GPT,GPT,both,myth_cos after the game,return_proportion,199,10,10,0.04579447942804028,-0.04293795090085031,0.037883331978898364,-0.128636001689695,0.042760099887994375,0.2863242463272072,,1.0,no detectable effect
8-agent homogeneous | 8 Gemini,8-agent homogeneous,8 Gemini,Gemini,myth_game,same_label after the game,sent_frac,180,5,0,0.49987583809095876,,,,,,not estimable: ceiling (sent_frac locked within cells),,not estimable: ceiling
8-agent homogeneous | 8 Gemini,8-agent homogeneous,8 Gemini,Gemini,myth_game,same_label after the game,return_proportion,180,5,5,0.49987583809095876,-0.7967881737315706,1.4999631447987019,-4.9613535050850235,3.367777157621882,0.6234042819336068,,,underpowered
8-agent homogeneous | 8 Gemini,8-agent homogeneous,8 Gemini,Gemini,myth_game,moral_cos after the game,sent_frac,179,5,0,0.0901813266187254,,,,,,not estimable: ceiling (sent_frac locked within cells),,not estimable: ceiling
8-agent homogeneous | 8 Gemini,8-agent homogeneous,8 Gemini,Gemini,myth_game,moral_cos after the game,return_proportion,179,5,5,0.0901813266187254,0.11089057483903397,0.4529515282784962,-1.1467044787416594,1.368485628419727,0.8186438926033599,,,underpowered
8-agent homogeneous | 8 Gemini,8-agent homogeneous,8 Gemini,Gemini,myth_game,rule_index after the game,sent_frac,180,5,0,0.04803146025131924,,,,,,not estimable: ceiling (sent_frac locked within cells),,not estimable: ceiling
8-agent homogeneous | 8 Gemini,8-agent homogeneous,8 Gemini,Gemini,myth_game,rule_index after the game,return_proportion,180,5,4,0.04803146025131924,-0.04137489145851122,0.15952349325822,-0.48428311347935016,0.40153333056232776,0.8081547760287306,,,underpowered
8-agent homogeneous | 8 Gemini,8-agent homogeneous,8 Gemini,Gemini,myth_game,give_align after the game,sent_frac,180,5,0,0.0,,,,,,not estimable: ceiling (sent_frac locked within cells),,not estimable: ceiling
8-agent homogeneous | 8 Gemini,8-agent homogeneous,8 Gemini,Gemini,myth_game,give_align after the game,return_proportion,180,5,0,0.0,0.0,0.0,0.0,0.0,,,,not estimable: ceiling
8-agent homogeneous | 8 Gemini,8-agent homogeneous,8 Gemini,Gemini,myth_game,myth_cos after the game,sent_frac,180,5,0,0.08099332924212016,,,,,,not estimable: ceiling (sent_frac locked within cells),,not estimable: ceiling
8-agent homogeneous | 8 Gemini,8-agent homogeneous,8 Gemini,Gemini,myth_game,myth_cos after the game,return_proportion,180,5,5,0.08099332924212016,-0.052083625141090044,0.21434509760735457,-0.647201022216174,0.543033771933994,0.8199653399924486,,,underpowered
8-agent homogeneous | 8 Gemini,8-agent homogeneous,8 Gemini,Gemini,game_myth,same_label after the game,sent_frac,200,5,0,0.5012547071170855,,,,,,not estimable: ceiling (sent_frac locked within cells),,not estimable: ceiling
8-agent homogeneous | 8 Gemini,8-agent homogeneous,8 Gemini,Gemini,game_myth,same_label after the game,return_proportion,200,5,5,0.5012547071170855,-1.6477731940445937,1.3538851546083899,-5.406761004557023,2.1112146164678354,0.29047162572875695,,,underpowered
8-agent homogeneous | 8 Gemini,8-agent homogeneous,8 Gemini,Gemini,game_myth,moral_cos after the game,sent_frac,197,5,0,0.08596794060822117,,,,,,not estimable: ceiling (sent_frac locked within cells),,not estimable: ceiling
8-agent homogeneous | 8 Gemini,8-agent homogeneous,8 Gemini,Gemini,game_myth,moral_cos after the game,return_proportion,197,5,5,0.08596794060822117,-0.2683614573230764,0.20720546020085484,-0.8436560430679971,0.30693312842184434,0.26496402962517235,,,underpowered
8-agent homogeneous | 8 Gemini,8-agent homogeneous,8 Gemini,Gemini,game_myth,rule_index after the game,sent_frac,200,5,0,0.12593599426308963,,,,,,not estimable: ceiling (sent_frac locked within cells),,not estimable: ceiling
8-agent homogeneous | 8 Gemini,8-agent homogeneous,8 Gemini,Gemini,game_myth,rule_index after the game,return_proportion,200,5,5,0.12593599426308963,0.06868326014441895,0.18010604045564305,-0.43137127429520794,0.5687377945840458,0.7223352342011841,,,underpowered
8-agent homogeneous | 8 Gemini,8-agent homogeneous,8 Gemini,Gemini,game_myth,give_align after the game,sent_frac,200,5,0,0.03483990665138738,,,,,,not estimable: ceiling (sent_frac locked within cells),,not estimable: ceiling
8-agent homogeneous | 8 Gemini,8-agent homogeneous,8 Gemini,Gemini,game_myth,give_align after the game,return_proportion,200,5,5,0.03483990665138738,0.17024040446845132,0.1747734362593444,-0.31500844715240495,0.6554892560893076,0.3851810967967684,,,underpowered
8-agent homogeneous | 8 Gemini,8-agent homogeneous,8 Gemini,Gemini,game_myth,myth_cos after the game,sent_frac,200,5,0,0.08301464345048776,,,,,,not estimable: ceiling (sent_frac locked within cells),,not estimable: ceiling
8-agent homogeneous | 8 Gemini,8-agent homogeneous,8 Gemini,Gemini,game_myth,myth_cos after the game,return_proportion,200,5,5,0.08301464345048776,-0.0237900080493645,0.27571997647040547,-0.789311387125874,0.741731371027145,0.9353877563289908,,,underpowered
8-agent homogeneous | 8 Gemini,8-agent homogeneous,8 Gemini,Gemini,both,same_label after the game,sent_frac,380,10,0,0.5003192981320247,,,,,,not estimable: ceiling (sent_frac locked within cells),,not estimable: ceiling
8-agent homogeneous | 8 Gemini,8-agent homogeneous,8 Gemini,Gemini,both,same_label after the game,return_proportion,380,10,10,0.5003192981320247,-1.2630427672451843,0.9467579283567835,-3.40475799636639,0.8786724618760213,0.21495176035431102,,0.8598070414172441,no detectable effect
8-agent homogeneous | 8 Gemini,8-agent homogeneous,8 Gemini,Gemini,both,moral_cos after the game,sent_frac,376,10,0,0.0879709715531896,,,,,,not estimable: ceiling (sent_frac locked within cells),,not estimable: ceiling
8-agent homogeneous | 8 Gemini,8-agent homogeneous,8 Gemini,Gemini,both,moral_cos after the game,return_proportion,376,10,10,0.0879709715531896,-0.09946544583620859,0.22844591857855423,-0.6162460168734694,0.41731512520105213,0.6735268392773939,,1.0,no detectable effect
8-agent homogeneous | 8 Gemini,8-agent homogeneous,8 Gemini,Gemini,both,rule_index after the game,sent_frac,380,10,0,0.09878507570367251,,,,,,not estimable: ceiling (sent_frac locked within cells),,not estimable: ceiling
8-agent homogeneous | 8 Gemini,8-agent homogeneous,8 Gemini,Gemini,both,rule_index after the game,return_proportion,380,10,9,0.09878507570367251,0.019057868478968575,0.1188329754434779,-0.24976099810376018,0.2878767350616973,0.876127386654509,,1.0,no detectable effect
8-agent homogeneous | 8 Gemini,8-agent homogeneous,8 Gemini,Gemini,both,give_align after the game,sent_frac,380,10,0,0.025453803753822713,,,,,,not estimable: ceiling (sent_frac locked within cells),,not estimable: ceiling
8-agent homogeneous | 8 Gemini,8-agent homogeneous,8 Gemini,Gemini,both,give_align after the game,return_proportion,380,10,5,0.025453803753822713,0.0926236512713756,0.0971578255322394,-0.12716261968370857,0.3124099222264598,0.365323005580643,,,underpowered
8-agent homogeneous | 8 Gemini,8-agent homogeneous,8 Gemini,Gemini,both,myth_cos after the game,sent_frac,380,10,0,0.0825100525948739,,,,,,not estimable: ceiling (sent_frac locked within cells),,not estimable: ceiling
8-agent homogeneous | 8 Gemini,8-agent homogeneous,8 Gemini,Gemini,both,myth_cos after the game,return_proportion,380,10,10,0.0825100525948739,-0.044756120009042874,0.16912297482588645,-0.42733886891461537,0.3378266288965296,0.7972502581794338,,1.0,no detectable effect
8-agent homogeneous | 8 Sonnet,8-agent homogeneous,8 Sonnet,Sonnet,myth_game,same_label after the game,sent_frac,180,5,5,0.47830006243013434,-0.4089748121555304,0.33791061381286813,-1.3471650818706518,0.5292154575595911,0.2927886756829677,,,underpowered
8-agent homogeneous | 8 Sonnet,8-agent homogeneous,8 Sonnet,Sonnet,myth_game,same_label after the game,return_proportion,180,5,5,0.47830006243013434,-0.570907495504315,0.806518424802809,-2.810161628299913,1.668346637291283,0.5180941053093434,,,underpowered
8-agent homogeneous | 8 Sonnet,8-agent homogeneous,8 Sonnet,Sonnet,myth_game,moral_cos after the game,sent_frac,179,5,5,0.10842707166313229,0.06301886779914334,0.08584116670038355,-0.17531441931060485,0.30135215490889156,0.5035794397927454,,,underpowered
8-agent homogeneous | 8 Sonnet,8-agent homogeneous,8 Sonnet,Sonnet,myth_game,moral_cos after the game,return_proportion,179,5,5,0.10842707166313229,-0.04816190416971813,0.17082744345472914,-0.5224549233830545,0.42613111504361834,0.7919801984509546,,,underpowered
8-agent homogeneous | 8 Sonnet,8-agent homogeneous,8 Sonnet,Sonnet,myth_game,rule_index after the game,sent_frac,180,5,5,0.21655871832870488,-0.02886859199834768,0.12278931710849339,-0.3697863904548045,0.31204920645810913,0.8256714933190786,,,underpowered
8-agent homogeneous | 8 Sonnet,8-agent homogeneous,8 Sonnet,Sonnet,myth_game,rule_index after the game,return_proportion,180,5,5,0.21655871832870488,0.3630602658927967,0.4955830092516184,-1.0128987543630545,1.7390192861486482,0.5044226616470971,,,underpowered
8-agent homogeneous | 8 Sonnet,8-agent homogeneous,8 Sonnet,Sonnet,myth_game,give_align after the game,sent_frac,180,5,5,0.10409969914407545,-0.10703774287035257,0.11730751791423889,-0.4327356267862442,0.2186601410455391,0.4131491200323393,,,underpowered
8-agent homogeneous | 8 Sonnet,8-agent homogeneous,8 Sonnet,Sonnet,myth_game,give_align after the game,return_proportion,180,5,5,0.10409969914407545,0.2307784188332341,0.20744707772217613,-0.3451870046960891,0.8067438423625574,0.32828539161937687,,,underpowered
8-agent homogeneous | 8 Sonnet,8-agent homogeneous,8 Sonnet,Sonnet,myth_game,myth_cos after the game,sent_frac,180,5,5,0.07796161035487656,-0.03903543444821156,0.021902215020541526,-0.09984573213498378,0.021774863238560663,0.1492906474676507,,,underpowered
8-agent homogeneous | 8 Sonnet,8-agent homogeneous,8 Sonnet,Sonnet,myth_game,myth_cos after the game,return_proportion,180,5,5,0.07796161035487656,0.05240410201245168,0.05843719300790569,-0.10984355647584709,0.21465176050075047,0.4205406035676577,,,underpowered
8-agent homogeneous | 8 Sonnet,8-agent homogeneous,8 Sonnet,Sonnet,game_myth,same_label after the game,sent_frac,200,5,5,0.49306751859096054,1.4775183578360014,1.7652164093864646,-3.4235081016198814,6.378544817291885,0.4496756734096721,,,underpowered
8-agent homogeneous | 8 Sonnet,8-agent homogeneous,8 Sonnet,Sonnet,game_myth,same_label after the game,return_proportion,200,5,5,0.49306751859096054,0.7702235430045321,1.0410002204536632,-2.1200564235838706,3.660503509592935,0.5004402104832637,,,underpowered
8-agent homogeneous | 8 Sonnet,8-agent homogeneous,8 Sonnet,Sonnet,game_myth,moral_cos after the game,sent_frac,197,5,5,0.11067682486907066,-0.13011726045399757,0.29889009911675163,-0.9599692131387876,0.6997346922307923,0.6857796855672935,,,underpowered
8-agent homogeneous | 8 Sonnet,8-agent homogeneous,8 Sonnet,Sonnet,game_myth,moral_cos after the game,return_proportion,197,5,5,0.11067682486907066,-0.08364651210603233,0.2534665975507464,-0.7873826062069426,0.6200895819948778,0.75795217613598,,,underpowered
8-agent homogeneous | 8 Sonnet,8-agent homogeneous,8 Sonnet,Sonnet,game_myth,rule_index after the game,sent_frac,199,5,5,0.24340475520599072,-0.13561962560101223,0.4345267947549642,-1.342059417975721,1.0708201667736965,0.7705505201189652,,,underpowered
8-agent homogeneous | 8 Sonnet,8-agent homogeneous,8 Sonnet,Sonnet,game_myth,rule_index after the game,return_proportion,199,5,5,0.24340475520599072,-0.21486380909262714,0.38199684532456296,-1.2754570804950107,0.8457294623097564,0.6038201726990404,,,underpowered
8-agent homogeneous | 8 Sonnet,8-agent homogeneous,8 Sonnet,Sonnet,game_myth,give_align after the game,sent_frac,200,5,5,0.09157472166619567,-0.04441351005934184,0.23896712396921865,-0.7078926117068745,0.6190655915881909,0.8616019891916443,,,underpowered
8-agent homogeneous | 8 Sonnet,8-agent homogeneous,8 Sonnet,Sonnet,game_myth,give_align after the game,return_proportion,200,5,5,0.09157472166619567,-0.0516843719077559,0.18627819831272394,-0.568875563818183,0.4655068200026713,0.7951778639337118,,,underpowered
8-agent homogeneous | 8 Sonnet,8-agent homogeneous,8 Sonnet,Sonnet,game_myth,myth_cos after the game,sent_frac,200,5,5,0.09277472908945354,-0.0038767666777844547,0.08442421539203084,-0.23827596626315312,0.23052243290758423,0.9655750616637356,,,underpowered
8-agent homogeneous | 8 Sonnet,8-agent homogeneous,8 Sonnet,Sonnet,game_myth,myth_cos after the game,return_proportion,200,5,5,0.09277472908945354,0.0340897086276137,0.11275648725531545,-0.27897248849170486,0.3471519057469322,0.7774689387843016,,,underpowered
8-agent homogeneous | 8 Sonnet,8-agent homogeneous,8 Sonnet,Sonnet,both,same_label after the game,sent_frac,380,10,10,0.4864145181433533,-0.05960742534633541,0.419595610029138,-1.008798640075885,0.8895837893832141,0.8901624869223788,,1.0,no detectable effect
8-agent homogeneous | 8 Sonnet,8-agent homogeneous,8 Sonnet,Sonnet,both,same_label after the game,return_proportion,380,10,10,0.4864145181433533,0.007731095960140516,0.6503984277268905,-1.463572366031289,1.4790345579515698,0.9907753263358721,,1.0,no detectable effect
8-agent homogeneous | 8 Sonnet,8-agent homogeneous,8 Sonnet,Sonnet,both,moral_cos after the game,sent_frac,376,10,10,0.11157315693211839,0.03986740871164933,0.08873822791309341,-0.16087240918093448,0.24060722660423312,0.6638606706440666,,1.0,no detectable effect
8-agent homogeneous | 8 Sonnet,8-agent homogeneous,8 Sonnet,Sonnet,both,moral_cos after the game,return_proportion,376,10,10,0.11157315693211839,-0.06977320250213617,0.1442953332676771,-0.39619192422003124,0.25664551921575895,0.6402561668902765,,1.0,no detectable effect
8-agent homogeneous | 8 Sonnet,8-agent homogeneous,8 Sonnet,Sonnet,both,rule_index after the game,sent_frac,379,10,10,0.23085760408720332,-0.048015304917520686,0.11580690212797744,-0.3099887180742685,0.2139581082392271,0.6881317135439882,,1.0,no detectable effect
8-agent homogeneous | 8 Sonnet,8-agent homogeneous,8 Sonnet,Sonnet,both,rule_index after the game,return_proportion,379,10,10,0.23085760408720332,0.12107820869033968,0.338471934392084,-0.6445985021197957,0.8867549195004751,0.7287984308613729,,1.0,no detectable effect
8-agent homogeneous | 8 Sonnet,8-agent homogeneous,8 Sonnet,Sonnet,both,give_align after the game,sent_frac,380,10,10,0.09761067234216537,-0.10031527170540935,0.10205817583041082,-0.33118690518799626,0.13055636177717755,0.35132927889234133,,1.0,no detectable effect
8-agent homogeneous | 8 Sonnet,8-agent homogeneous,8 Sonnet,Sonnet,both,give_align after the game,return_proportion,380,10,10,0.09761067234216537,0.11331135454135713,0.15297857114455848,-0.23275021593649123,0.45937292501920546,0.47775352422720063,,1.0,no detectable effect
8-agent homogeneous | 8 Sonnet,8-agent homogeneous,8 Sonnet,Sonnet,both,myth_cos after the game,sent_frac,380,10,10,0.09005540113845825,-0.03145944330909627,0.021752062343987768,-0.08066602694739712,0.017747140329204575,0.18201081155075646,,1.0,no detectable effect
8-agent homogeneous | 8 Sonnet,8-agent homogeneous,8 Sonnet,Sonnet,both,myth_cos after the game,return_proportion,380,10,10,0.09005540113845825,0.04322007590071677,0.0557519517673176,-0.08289960113281697,0.16933975293425052,0.4580929311488866,,1.0,no detectable effect
8-agent mixed | 1 GPT + 7 Sonnet,8-agent mixed,1 GPT + 7 Sonnet,mixed,myth_game,same_label after the game,sent_frac,180,5,5,0.4816624944243338,0.14196517283354235,0.3328016689284281,-0.7820403918644502,1.0659707375315348,0.6916442153664927,,,underpowered
8-agent mixed | 1 GPT + 7 Sonnet,8-agent mixed,1 GPT + 7 Sonnet,mixed,myth_game,same_label after the game,return_proportion,180,5,5,0.4816624944243338,0.12591277109907217,0.6621753629950717,-1.7125807742711703,1.9644063164693146,0.8584515214671489,,,underpowered
8-agent mixed | 1 GPT + 7 Sonnet,8-agent mixed,1 GPT + 7 Sonnet,mixed,myth_game,moral_cos after the game,sent_frac,179,5,5,0.09148270369422783,0.1917295536969977,0.09043424347338601,-0.05935615893695087,0.44281526633094626,0.10133076352784688,,,underpowered
8-agent mixed | 1 GPT + 7 Sonnet,8-agent mixed,1 GPT + 7 Sonnet,mixed,myth_game,moral_cos after the game,return_proportion,179,5,5,0.09148270369422783,0.005813566154703973,0.05067395067259316,-0.13487987615125202,0.14650700846065995,0.914191415350734,,,underpowered
8-agent mixed | 1 GPT + 7 Sonnet,8-agent mixed,1 GPT + 7 Sonnet,mixed,myth_game,rule_index after the game,sent_frac,180,5,5,0.24435375810620885,-0.16697803661220537,0.23893195648403426,-0.8303594976676357,0.49640342444322505,0.5231455126978161,,,underpowered
8-agent mixed | 1 GPT + 7 Sonnet,8-agent mixed,1 GPT + 7 Sonnet,mixed,myth_game,rule_index after the game,return_proportion,180,5,5,0.24435375810620885,-0.2279576052179145,0.4976599811297675,-1.6096832238784864,1.1537680134426576,0.6706897426533461,,,underpowered
8-agent mixed | 1 GPT + 7 Sonnet,8-agent mixed,1 GPT + 7 Sonnet,mixed,myth_game,give_align after the game,sent_frac,180,5,5,0.11950653764039765,-0.191605589529895,0.09314346864100166,-0.45021331711934875,0.06700213805955871,0.10880968831471674,,,underpowered
8-agent mixed | 1 GPT + 7 Sonnet,8-agent mixed,1 GPT + 7 Sonnet,mixed,myth_game,give_align after the game,return_proportion,180,5,5,0.11950653764039765,0.003586410746720731,0.2529348391659895,-0.6986732853896833,0.7058461068831248,0.9893660540735774,,,underpowered
8-agent mixed | 1 GPT + 7 Sonnet,8-agent mixed,1 GPT + 7 Sonnet,mixed,myth_game,myth_cos after the game,sent_frac,180,5,5,0.07765409138940724,-0.03871204669971107,0.09487867982242683,-0.3021374928803172,0.22471339948089508,0.7041571294683434,,,underpowered
8-agent mixed | 1 GPT + 7 Sonnet,8-agent mixed,1 GPT + 7 Sonnet,mixed,myth_game,myth_cos after the game,return_proportion,180,5,5,0.07765409138940724,0.008672285372605039,0.1444931280119976,-0.3925049526310246,0.4098495233762347,0.9550197470759658,,,underpowered
8-agent mixed | 1 GPT + 7 Sonnet,8-agent mixed,1 GPT + 7 Sonnet,mixed,game_myth,same_label after the game,sent_frac,200,5,5,0.47656117420937594,-0.046765545408055505,0.22805339021935642,-0.6799432644063512,0.5864121735902401,0.8475346511527762,,,underpowered
8-agent mixed | 1 GPT + 7 Sonnet,8-agent mixed,1 GPT + 7 Sonnet,mixed,game_myth,same_label after the game,return_proportion,196,5,5,0.4738035414793428,-0.15794146157015754,1.138108314842785,-3.3178367215003233,3.0019537983600086,0.8963339305994262,,,underpowered
8-agent mixed | 1 GPT + 7 Sonnet,8-agent mixed,1 GPT + 7 Sonnet,mixed,game_myth,moral_cos after the game,sent_frac,197,5,5,0.10035013455519791,0.14369461660521254,0.08341476417721351,-0.08790189709584059,0.3752911303062657,0.16005252063191297,,,underpowered
8-agent mixed | 1 GPT + 7 Sonnet,8-agent mixed,1 GPT + 7 Sonnet,mixed,game_myth,moral_cos after the game,return_proportion,194,5,5,0.10037337473750402,0.28232663593303825,0.11808066101998892,-0.04551783737443049,0.610171109240507,0.07508909654954897,,,underpowered
8-agent mixed | 1 GPT + 7 Sonnet,8-agent mixed,1 GPT + 7 Sonnet,mixed,game_myth,rule_index after the game,sent_frac,200,5,5,0.2623817818223523,-0.026872333995779086,0.19332801614138176,-0.5636369581091194,0.5098922901175613,0.8961685081938205,,,underpowered
8-agent mixed | 1 GPT + 7 Sonnet,8-agent mixed,1 GPT + 7 Sonnet,mixed,game_myth,rule_index after the game,return_proportion,196,5,5,0.26322620919874234,0.4106734081925883,0.411502200978647,-0.731839863492697,1.5531866798778735,0.37476652649624537,,,underpowered
8-agent mixed | 1 GPT + 7 Sonnet,8-agent mixed,1 GPT + 7 Sonnet,mixed,game_myth,give_align after the game,sent_frac,200,5,5,0.12036794511436705,0.02463782353666749,0.11386844815346546,-0.291511671975491,0.340787319048826,0.8392853488196843,,,underpowered
8-agent mixed | 1 GPT + 7 Sonnet,8-agent mixed,1 GPT + 7 Sonnet,mixed,game_myth,give_align after the game,return_proportion,196,5,5,0.1154734526317183,0.10858357432924573,0.19783501690105532,-0.4406944899824131,0.6578616386409045,0.612299872253893,,,underpowered
8-agent mixed | 1 GPT + 7 Sonnet,8-agent mixed,1 GPT + 7 Sonnet,mixed,game_myth,myth_cos after the game,sent_frac,200,5,5,0.07715871288604409,0.07734547280759646,0.04213886195773216,-0.03965076421355472,0.19434170982874766,0.14033061120358906,,,underpowered
8-agent mixed | 1 GPT + 7 Sonnet,8-agent mixed,1 GPT + 7 Sonnet,mixed,game_myth,myth_cos after the game,return_proportion,196,5,5,0.07749692625388277,0.07278119753071736,0.09173849474075622,-0.18192569715046925,0.327488092211904,0.4719757957259434,,,underpowered
8-agent mixed | 1 GPT + 7 Sonnet,8-agent mixed,1 GPT + 7 Sonnet,mixed,both,same_label after the game,sent_frac,380,10,10,0.4784191437436453,0.013552976528690643,0.18732168769414867,-0.4101981210465463,0.4373040741039276,0.9439046770421535,,1.0,no detectable effect
8-agent mixed | 1 GPT + 7 Sonnet,8-agent mixed,1 GPT + 7 Sonnet,mixed,both,same_label after the game,return_proportion,376,10,10,0.4770996892423818,-0.022301636870772377,0.6178791825964566,-1.4200414555597825,1.3754381818182375,0.9719954105576329,,1.0,no detectable effect
8-agent mixed | 1 GPT + 7 Sonnet,8-agent mixed,1 GPT + 7 Sonnet,mixed,both,moral_cos after the game,sent_frac,376,10,10,0.09831187392734972,0.15467723595969446,0.060878963192517156,0.01695945330661075,0.29239501861277817,0.0316726291866507,,0.316726291866507,suggestive
8-agent mixed | 1 GPT + 7 Sonnet,8-agent mixed,1 GPT + 7 Sonnet,mixed,both,moral_cos after the game,return_proportion,373,10,10,0.09834635412146307,0.13941658395979623,0.0784393107156836,-0.03802546462502568,0.3168586325446181,0.10922683790606072,,0.9830415411545464,no detectable effect
8-agent mixed | 1 GPT + 7 Sonnet,8-agent mixed,1 GPT + 7 Sonnet,mixed,both,rule_index after the game,sent_frac,380,10,10,0.25486200902776096,-0.06632051996686097,0.1415384118082038,-0.38650265205778245,0.25386161212406044,0.6505191108704593,,1.0,no detectable effect
8-agent mixed | 1 GPT + 7 Sonnet,8-agent mixed,1 GPT + 7 Sonnet,mixed,both,rule_index after the game,return_proportion,376,10,10,0.2552039115781558,0.10003928071743087,0.3494835955547153,-0.6905475382666733,0.890626099701535,0.7811673273035212,,1.0,no detectable effect
8-agent mixed | 1 GPT + 7 Sonnet,8-agent mixed,1 GPT + 7 Sonnet,mixed,both,give_align after the game,sent_frac,380,10,10,0.11984575561184993,-0.03945004104066095,0.08463989965936197,-0.23091879631833884,0.15201871423701696,0.6522238011646513,,1.0,no detectable effect
8-agent mixed | 1 GPT + 7 Sonnet,8-agent mixed,1 GPT + 7 Sonnet,mixed,both,give_align after the game,return_proportion,376,10,10,0.11727611838418942,0.06764737149585331,0.15438339847207713,-0.2815921391835145,0.41688688217522113,0.6715860375232963,,1.0,no detectable effect
8-agent mixed | 1 GPT + 7 Sonnet,8-agent mixed,1 GPT + 7 Sonnet,mixed,both,myth_cos after the game,sent_frac,380,10,10,0.07831908040448103,0.040789838587629454,0.04826064085884653,-0.06838331581513941,0.14996299299039834,0.41990090347110076,,1.0,no detectable effect
8-agent mixed | 1 GPT + 7 Sonnet,8-agent mixed,1 GPT + 7 Sonnet,mixed,both,myth_cos after the game,return_proportion,376,10,10,0.0784804507472188,0.04283870898094912,0.07822461084184541,-0.13411765474640586,0.21979507270830412,0.5972582404744586,,1.0,no detectable effect
8-agent mixed | 1 Gemini + 7 GPT,8-agent mixed,1 Gemini + 7 GPT,mixed,myth_game,same_label after the game,sent_frac,180,5,5,0.4888578512804464,-0.021526415046212676,0.1368052842906084,-0.40135877698006567,0.35830594688764034,0.8825917345338472,,,underpowered
8-agent mixed | 1 Gemini + 7 GPT,8-agent mixed,1 Gemini + 7 GPT,mixed,myth_game,same_label after the game,return_proportion,139,5,5,0.4970982422983309,0.3997463768179713,1.2342116373935088,-3.0269744826013967,3.8264672362373395,0.7622506827941508,,,underpowered
8-agent mixed | 1 Gemini + 7 GPT,8-agent mixed,1 Gemini + 7 GPT,mixed,myth_game,moral_cos after the game,sent_frac,177,5,5,0.08446451396869427,0.006727680891666993,0.009388777543626334,-0.019339744563125354,0.03279510634645934,0.513253169229371,,,underpowered
8-agent mixed | 1 Gemini + 7 GPT,8-agent mixed,1 Gemini + 7 GPT,mixed,myth_game,moral_cos after the game,return_proportion,136,5,5,0.08190891483125995,-0.047389897591389,0.07001085976476537,-0.24177120649596134,0.14699141131318333,0.5355983825225693,,,underpowered
8-agent mixed | 1 Gemini + 7 GPT,8-agent mixed,1 Gemini + 7 GPT,mixed,myth_game,rule_index after the game,sent_frac,177,5,5,0.2825987486361127,0.017677454586484898,0.05841725763296589,-0.144514854427642,0.1798697636006118,0.7772730587002291,,,underpowered
8-agent mixed | 1 Gemini + 7 GPT,8-agent mixed,1 Gemini + 7 GPT,mixed,myth_game,rule_index after the game,return_proportion,136,5,5,0.2810144406102964,-0.1792085264067189,0.4800980034498546,-1.5121742781003036,1.1537572252868658,0.7278838537562173,,,underpowered
8-agent mixed | 1 Gemini + 7 GPT,8-agent mixed,1 Gemini + 7 GPT,mixed,myth_game,give_align after the game,sent_frac,180,5,5,0.2389163150280704,0.013795394159842014,0.014246120168422655,-0.02575817644983471,0.05334896476951874,0.3876999229353356,,,underpowered
8-agent mixed | 1 Gemini + 7 GPT,8-agent mixed,1 Gemini + 7 GPT,mixed,myth_game,give_align after the game,return_proportion,139,5,5,0.24846730670723252,-0.1649467817873932,0.35267817794879913,-1.1441383826634148,0.8142448190886284,0.6643447700359428,,,underpowered
8-agent mixed | 1 Gemini + 7 GPT,8-agent mixed,1 Gemini + 7 GPT,mixed,myth_game,myth_cos after the game,sent_frac,180,5,5,0.07920456266759304,-0.01267338448713461,0.007844782911320706,-0.034453993602610325,0.009107224628341102,0.18150204120935998,,,underpowered
8-agent mixed | 1 Gemini + 7 GPT,8-agent mixed,1 Gemini + 7 GPT,mixed,myth_game,myth_cos after the game,return_proportion,139,5,5,0.08078688832397066,-0.025792665722649384,0.06042411925568802,-0.19355691586599244,0.14197158442069369,0.6914532938678566,,,underpowered
8-agent mixed | 1 Gemini + 7 GPT,8-agent mixed,1 Gemini + 7 GPT,mixed,game_myth,same_label after the game,sent_frac,200,5,5,0.4955835096887071,0.21996730459364514,0.07538538244704607,0.010663928495080022,0.42927068069221025,0.04333416069754951,,,underpowered
8-agent mixed | 1 Gemini + 7 GPT,8-agent mixed,1 Gemini + 7 GPT,mixed,game_myth,same_label after the game,return_proportion,119,5,5,0.4981092294304649,1.0154753805019288,0.9084465669078682,-1.5067766435231664,3.5377274045270237,0.32624739053838736,,,underpowered
8-agent mixed | 1 Gemini + 7 GPT,8-agent mixed,1 Gemini + 7 GPT,mixed,game_myth,moral_cos after the game,sent_frac,195,5,5,0.09712983502028621,0.03979146017642261,0.0335404336683322,-0.05333171270822977,0.13291463306107498,0.3011253741711907,,,underpowered
8-agent mixed | 1 Gemini + 7 GPT,8-agent mixed,1 Gemini + 7 GPT,mixed,game_myth,moral_cos after the game,return_proportion,116,5,5,0.09776669950285728,0.18228494170495413,0.46440401682434074,-1.107107317641183,1.4716772010510912,0.7146966965768755,,,underpowered
8-agent mixed | 1 Gemini + 7 GPT,8-agent mixed,1 Gemini + 7 GPT,mixed,game_myth,rule_index after the game,sent_frac,198,5,5,0.2576150530572863,0.033795598921007364,0.09501442218677943,-0.2300067284826735,0.29759792632468823,0.7400385236546811,,,underpowered
8-agent mixed | 1 Gemini + 7 GPT,8-agent mixed,1 Gemini + 7 GPT,mixed,game_myth,rule_index after the game,return_proportion,117,5,5,0.24871455556583227,0.052046668998173354,0.7455531919370859,-2.0179408414201436,2.1220341794164908,0.9476959911031642,,,underpowered
8-agent mixed | 1 Gemini + 7 GPT,8-agent mixed,1 Gemini + 7 GPT,mixed,game_myth,give_align after the game,sent_frac,200,5,5,0.24381340175300426,-0.07111286031269032,0.039268137667578765,-0.18013868893007268,0.037912968304692055,0.14438675652258315,,,underpowered
8-agent mixed | 1 Gemini + 7 GPT,8-agent mixed,1 Gemini + 7 GPT,mixed,game_myth,give_align after the game,return_proportion,119,5,5,0.26037508688612765,-0.16363860103150463,0.630760199346317,-1.9149096690601741,1.587632466997165,0.8081078306273802,,,underpowered
8-agent mixed | 1 Gemini + 7 GPT,8-agent mixed,1 Gemini + 7 GPT,mixed,game_myth,myth_cos after the game,sent_frac,200,5,5,0.10191894510348555,-0.0026622044460846246,0.012941944771783868,-0.038594803659444184,0.03327039476727494,0.8470673946674343,,,underpowered
8-agent mixed | 1 Gemini + 7 GPT,8-agent mixed,1 Gemini + 7 GPT,mixed,game_myth,myth_cos after the game,return_proportion,119,5,5,0.11228774541806365,0.00034244350482763624,0.07962107838974973,-0.22072110986096322,0.22140599687061852,0.9967743260445875,,,underpowered
8-agent mixed | 1 Gemini + 7 GPT,8-agent mixed,1 Gemini + 7 GPT,mixed,both,same_label after the game,sent_frac,380,10,10,0.4920913203038642,0.12291304337484316,0.08116905970162211,-0.06070412643131329,0.3065302131809996,0.1642525276675147,,1.0,no detectable effect
8-agent mixed | 1 Gemini + 7 GPT,8-agent mixed,1 Gemini + 7 GPT,mixed,both,same_label after the game,return_proportion,258,10,10,0.49660264067820004,0.6908553330236781,0.7580277472271209,-1.0239225650083097,2.4056332310556656,0.38585266171898436,,1.0,no detectable effect
8-agent mixed | 1 Gemini + 7 GPT,8-agent mixed,1 Gemini + 7 GPT,mixed,both,moral_cos after the game,sent_frac,372,10,10,0.09165586239897543,0.02381036013835678,0.0196529786094466,-0.020647766194421234,0.06826848647113479,0.2565375999875107,,1.0,no detectable effect
8-agent mixed | 1 Gemini + 7 GPT,8-agent mixed,1 Gemini + 7 GPT,mixed,both,moral_cos after the game,return_proportion,252,10,10,0.08954797716527045,0.06750755029258897,0.16493996924911586,-0.3056125825852333,0.44062768317041123,0.691899057239413,,1.0,no detectable effect
8-agent mixed | 1 Gemini + 7 GPT,8-agent mixed,1 Gemini + 7 GPT,mixed,both,rule_index after the game,sent_frac,375,10,10,0.269940360922815,0.024964976458706406,0.05551148617985585,-0.10061072962373083,0.15054068254114364,0.6635436251881244,,1.0,no detectable effect
8-agent mixed | 1 Gemini + 7 GPT,8-agent mixed,1 Gemini + 7 GPT,mixed,both,rule_index after the game,return_proportion,253,10,10,0.2668146972644396,-0.08040127717424335,0.37943447056016405,-0.9387416825856711,0.7779391282371844,0.8369078106533139,,1.0,no detectable effect
8-agent mixed | 1 Gemini + 7 GPT,8-agent mixed,1 Gemini + 7 GPT,mixed,both,give_align after the game,sent_frac,380,10,10,0.2411891338883053,-0.033512532492566374,0.027643038881795864,-0.09604543090207525,0.0290203659169425,0.25624888965835607,,1.0,no detectable effect
8-agent mixed | 1 Gemini + 7 GPT,8-agent mixed,1 Gemini + 7 GPT,mixed,both,give_align after the game,return_proportion,258,10,10,0.2546763491801302,-0.16754175139338098,0.32196966776730984,-0.8958877415549554,0.5608042387681934,0.6153665634424692,,1.0,no detectable effect
8-agent mixed | 1 Gemini + 7 GPT,8-agent mixed,1 Gemini + 7 GPT,mixed,both,myth_cos after the game,sent_frac,380,10,10,0.09209052927075961,-0.00704618698997409,0.007836703499963642,-0.02477404194558063,0.01068166796563245,0.3920061314961215,,1.0,no detectable effect
8-agent mixed | 1 Gemini + 7 GPT,8-agent mixed,1 Gemini + 7 GPT,mixed,both,myth_cos after the game,return_proportion,258,10,10,0.0972795844397944,-0.018167234941719703,0.04673673802178868,-0.12389308162614449,0.08755861174270507,0.7065235760552403,,1.0,no detectable effect
8-agent mixed | 2 GPT + 6 Sonnet,8-agent mixed,2 GPT + 6 Sonnet,mixed,myth_game,same_label after the game,sent_frac,180,5,5,0.5013637516030426,0.42980855271984425,0.468764742916731,-0.8716910232406179,1.7313081286803065,0.4110769959363624,,,underpowered
8-agent mixed | 2 GPT + 6 Sonnet,8-agent mixed,2 GPT + 6 Sonnet,mixed,myth_game,same_label after the game,return_proportion,179,5,5,0.5013321028480571,-1.033903876029203,0.4954098023289324,-2.4093819967723764,0.34157424471397047,0.10519075546957905,,,underpowered
8-agent mixed | 2 GPT + 6 Sonnet,8-agent mixed,2 GPT + 6 Sonnet,mixed,myth_game,moral_cos after the game,sent_frac,180,5,5,0.10580732646366302,0.015363177605563052,0.12651101042796206,-0.3358876980507799,0.366614053261906,0.9092006348082964,,,underpowered
8-agent mixed | 2 GPT + 6 Sonnet,8-agent mixed,2 GPT + 6 Sonnet,mixed,myth_game,moral_cos after the game,return_proportion,179,5,5,0.10576042628431333,0.01038580888508436,0.19455155758258624,-0.5297759108736949,0.5505475286438636,0.9599862594522105,,,underpowered
8-agent mixed | 2 GPT + 6 Sonnet,8-agent mixed,2 GPT + 6 Sonnet,mixed,myth_game,rule_index after the game,sent_frac,180,5,5,0.2531423144482803,-0.1814672117636959,0.14851408273344738,-0.5938084098219167,0.230873986294525,0.2888329893877057,,,underpowered
8-agent mixed | 2 GPT + 6 Sonnet,8-agent mixed,2 GPT + 6 Sonnet,mixed,myth_game,rule_index after the game,return_proportion,179,5,5,0.2538334920151095,0.10284712663812703,0.8483293579223962,-2.252492766761101,2.4581870200373555,0.9093511751109362,,,underpowered
8-agent mixed | 2 GPT + 6 Sonnet,8-agent mixed,2 GPT + 6 Sonnet,mixed,myth_game,give_align after the game,sent_frac,180,5,5,0.1567387607011911,-0.2240759901034834,0.13619311192128863,-0.6022086890590013,0.15405670885203443,0.17525709022569075,,,underpowered
8-agent mixed | 2 GPT + 6 Sonnet,8-agent mixed,2 GPT + 6 Sonnet,mixed,myth_game,give_align after the game,return_proportion,179,5,5,0.15662708719009824,0.16482577736144652,0.1854439410525318,-0.35004914506244456,0.6797006997853376,0.424322485436036,,,underpowered
8-agent mixed | 2 GPT + 6 Sonnet,8-agent mixed,2 GPT + 6 Sonnet,mixed,myth_game,myth_cos after the game,sent_frac,180,5,5,0.08214353713881033,-0.003563075661168625,0.07906152063012942,-0.22307304762418623,0.215946896301849,0.9662139485592336,,,underpowered
8-agent mixed | 2 GPT + 6 Sonnet,8-agent mixed,2 GPT + 6 Sonnet,mixed,myth_game,myth_cos after the game,return_proportion,179,5,5,0.08235852784173586,-0.12089764297546873,0.15397575305498265,-0.5484028688641203,0.30660758291318285,0.47624910551202104,,,underpowered
8-agent mixed | 2 GPT + 6 Sonnet,8-agent mixed,2 GPT + 6 Sonnet,mixed,game_myth,same_label after the game,sent_frac,200,5,5,0.5000251249968752,-0.0766123820302904,0.2722722329486709,-0.8325612904819026,0.6793365264213218,0.7923740171287089,,,underpowered
8-agent mixed | 2 GPT + 6 Sonnet,8-agent mixed,2 GPT + 6 Sonnet,mixed,game_myth,same_label after the game,return_proportion,193,5,5,0.5001618908897854,0.5544268753148752,0.5298047085723869,-0.9165468145116747,2.025400565141425,0.35440912245081757,,,underpowered
8-agent mixed | 2 GPT + 6 Sonnet,8-agent mixed,2 GPT + 6 Sonnet,mixed,game_myth,moral_cos after the game,sent_frac,199,5,5,0.09508254897802139,0.058433247154361566,0.0422291080696131,-0.058813553242384596,0.17568004755110772,0.23864958764291386,,,underpowered
8-agent mixed | 2 GPT + 6 Sonnet,8-agent mixed,2 GPT + 6 Sonnet,mixed,game_myth,moral_cos after the game,return_proportion,192,5,5,0.09295419587865203,0.12580555721279876,0.149878753560693,-0.29032457448393445,0.541935688909532,0.44849261150201536,,,underpowered
8-agent mixed | 2 GPT + 6 Sonnet,8-agent mixed,2 GPT + 6 Sonnet,mixed,game_myth,rule_index after the game,sent_frac,199,5,5,0.2434268133474785,-0.036711312623143116,0.12580927301822145,-0.38601385288307755,0.31259122763679137,0.7849464025938119,,,underpowered
8-agent mixed | 2 GPT + 6 Sonnet,8-agent mixed,2 GPT + 6 Sonnet,mixed,game_myth,rule_index after the game,return_proportion,192,5,5,0.24356820014221028,-0.31872534296415894,0.28293540653290306,-1.104279967519587,0.4668292815912691,0.32296326368213607,,,underpowered
8-agent mixed | 2 GPT + 6 Sonnet,8-agent mixed,2 GPT + 6 Sonnet,mixed,game_myth,give_align after the game,sent_frac,200,5,5,0.13861845251222663,-0.12706959125706704,0.09315727111533206,-0.38571564065881503,0.13157645814468097,0.2442672669933672,,,underpowered
8-agent mixed | 2 GPT + 6 Sonnet,8-agent mixed,2 GPT + 6 Sonnet,mixed,game_myth,give_align after the game,return_proportion,193,5,5,0.13216715289349457,0.022822779552836858,0.08841352390888485,-0.22265251613727505,0.26829807524294874,0.809038882704421,,,underpowered
8-agent mixed | 2 GPT + 6 Sonnet,8-agent mixed,2 GPT + 6 Sonnet,mixed,game_myth,myth_cos after the game,sent_frac,200,5,5,0.0879784151130151,-0.0009995472066129463,0.03730860635249199,-0.10458484469574084,0.10258575028251493,0.9799095062042229,,,underpowered
8-agent mixed | 2 GPT + 6 Sonnet,8-agent mixed,2 GPT + 6 Sonnet,mixed,game_myth,myth_cos after the game,return_proportion,193,5,5,0.0877028106014969,-0.001075614971798673,0.10464204065577509,-0.2916084965484345,0.2894572666048371,0.9922909237345083,,,underpowered
8-agent mixed | 2 GPT + 6 Sonnet,8-agent mixed,2 GPT + 6 Sonnet,mixed,both,same_label after the game,sent_frac,380,10,10,0.5002152015705227,0.09930752567012636,0.2532422935739081,-0.4735663426756904,0.6721813940159431,0.7040760053374892,,1.0,no detectable effect
8-agent mixed | 2 GPT + 6 Sonnet,8-agent mixed,2 GPT + 6 Sonnet,mixed,both,same_label after the game,return_proportion,372,10,10,0.5002100825209876,0.1928668001236758,0.46445804307092914,-0.8578102888544241,1.2435438891017756,0.6876827081321419,,1.0,no detectable effect
8-agent mixed | 2 GPT + 6 Sonnet,8-agent mixed,2 GPT + 6 Sonnet,mixed,both,moral_cos after the game,sent_frac,379,10,10,0.10059100073327308,0.04342455026281545,0.050996157626268794,-0.07193677298948517,0.15878587351511608,0.41655859068547896,,1.0,no detectable effect
8-agent mixed | 2 GPT + 6 Sonnet,8-agent mixed,2 GPT + 6 Sonnet,mixed,both,moral_cos after the game,return_proportion,371,10,10,0.09945866411513296,0.09855521088164919,0.11952993490780169,-0.17184028754551856,0.36895070930881696,0.430951483219739,,1.0,no detectable effect
8-agent mixed | 2 GPT + 6 Sonnet,8-agent mixed,2 GPT + 6 Sonnet,mixed,both,rule_index after the game,sent_frac,379,10,10,0.24864172453510341,-0.08645913867936478,0.09415385381491168,-0.2994499534970849,0.1265316761383554,0.38242477834482647,,1.0,no detectable effect
8-agent mixed | 2 GPT + 6 Sonnet,8-agent mixed,2 GPT + 6 Sonnet,mixed,both,rule_index after the game,return_proportion,371,10,10,0.24884783495443832,-0.2290578141677184,0.2854968226702094,-0.8748964965432191,0.41678086820778226,0.4430409960097381,,1.0,no detectable effect
8-agent mixed | 2 GPT + 6 Sonnet,8-agent mixed,2 GPT + 6 Sonnet,mixed,both,give_align after the game,sent_frac,380,10,10,0.14826005631795391,-0.16245960798696468,0.07397689132663283,-0.32980696258718645,0.004887746613257055,0.055694909626012236,,0.5569490962601223,no detectable effect
8-agent mixed | 2 GPT + 6 Sonnet,8-agent mixed,2 GPT + 6 Sonnet,mixed,both,give_align after the game,return_proportion,372,10,10,0.14551497519190598,0.05165834822710236,0.07815758190708215,-0.12514638551535945,0.22846308196956416,0.5251995877093116,,1.0,no detectable effect
8-agent mixed | 2 GPT + 6 Sonnet,8-agent mixed,2 GPT + 6 Sonnet,mixed,both,myth_cos after the game,sent_frac,380,10,10,0.08676891723065344,-0.0003992070427714329,0.035827999123178675,-0.08144777189000045,0.08064935780445757,0.9913529803006083,,1.0,no detectable effect
8-agent mixed | 2 GPT + 6 Sonnet,8-agent mixed,2 GPT + 6 Sonnet,mixed,both,myth_cos after the game,return_proportion,372,10,10,0.08667021445344017,-0.020115676771959235,0.0876868217396994,-0.21847704865833076,0.17824569511441227,0.8236837016367573,,1.0,no detectable effect
8-agent mixed | 2 Gemini + 6 GPT,8-agent mixed,2 Gemini + 6 GPT,mixed,myth_game,same_label after the game,sent_frac,180,5,4,0.49340781560647357,0.30113338646041987,0.1917974326873764,-0.2313816567139506,0.8336484296347904,0.19148889715840176,,,underpowered
8-agent mixed | 2 Gemini + 6 GPT,8-agent mixed,2 Gemini + 6 GPT,mixed,myth_game,same_label after the game,return_proportion,165,5,5,0.49259107981597133,1.3086948953243185,0.757867673772609,-0.795483097909284,3.4128728885579207,0.1592754334153691,,,underpowered
8-agent mixed | 2 Gemini + 6 GPT,8-agent mixed,2 Gemini + 6 GPT,mixed,myth_game,moral_cos after the game,sent_frac,179,5,5,0.10655894181277792,0.03368166506334252,0.04435865621817964,-0.08947770886677422,0.15684103899345928,0.4899571632739621,,,underpowered
8-agent mixed | 2 Gemini + 6 GPT,8-agent mixed,2 Gemini + 6 GPT,mixed,myth_game,moral_cos after the game,return_proportion,164,5,5,0.10326138372184887,0.13458749228496328,0.06809543933802328,-0.054475756951385096,0.3236507415213117,0.1192847284999637,,,underpowered
8-agent mixed | 2 Gemini + 6 GPT,8-agent mixed,2 Gemini + 6 GPT,mixed,myth_game,rule_index after the game,sent_frac,179,5,5,0.24184121764365119,0.1743134288295228,0.09287489947190553,-0.08354863120498693,0.43217548886403256,0.1337653957314127,,,underpowered
8-agent mixed | 2 Gemini + 6 GPT,8-agent mixed,2 Gemini + 6 GPT,mixed,myth_game,rule_index after the game,return_proportion,164,5,5,0.24015808394068053,0.5700912010203492,0.38364344382643883,-0.4950737607327935,1.6352561627734918,0.21147160414567107,,,underpowered
8-agent mixed | 2 Gemini + 6 GPT,8-agent mixed,2 Gemini + 6 GPT,mixed,myth_game,give_align after the game,sent_frac,180,5,5,0.25845059512011026,0.03812720041899104,0.027200645074288845,-0.037393897455740836,0.11364829829372292,0.23363004229105275,,,underpowered
8-agent mixed | 2 Gemini + 6 GPT,8-agent mixed,2 Gemini + 6 GPT,mixed,myth_game,give_align after the game,return_proportion,165,5,5,0.2605398341399796,0.006209763135499688,0.22044464118088847,-0.6058426818382632,0.6182622081092626,0.9788765443957161,,,underpowered
8-agent mixed | 2 Gemini + 6 GPT,8-agent mixed,2 Gemini + 6 GPT,mixed,myth_game,myth_cos after the game,sent_frac,180,5,5,0.1190598851146464,-0.017604115768817954,0.015247408552724443,-0.05993770861198079,0.02472947707434488,0.3125497265751233,,,underpowered
8-agent mixed | 2 Gemini + 6 GPT,8-agent mixed,2 Gemini + 6 GPT,mixed,myth_game,myth_cos after the game,return_proportion,165,5,5,0.11962585488965709,-0.015542110895946233,0.08345015778760709,-0.2472368930133319,0.21615267122143944,0.8613171286623441,,,underpowered
8-agent mixed | 2 Gemini + 6 GPT,8-agent mixed,2 Gemini + 6 GPT,mixed,game_myth,same_label after the game,sent_frac,200,5,5,0.5010290917239923,-0.31612485142960606,0.1553927536502439,-0.7475643016850331,0.11531459882582101,0.11165739006810063,,,underpowered
8-agent mixed | 2 Gemini + 6 GPT,8-agent mixed,2 Gemini + 6 GPT,mixed,game_myth,same_label after the game,return_proportion,148,5,5,0.4994481234521325,-0.16871378064149087,0.7096839049974831,-2.1391121849094126,1.8016846236264308,0.8237704700121986,,,underpowered
8-agent mixed | 2 Gemini + 6 GPT,8-agent mixed,2 Gemini + 6 GPT,mixed,game_myth,moral_cos after the game,sent_frac,197,5,5,0.09426762640663564,-0.0028592919157802003,0.02178588655696587,-0.06334661000926262,0.05762802617770221,0.9019177886971946,,,underpowered
8-agent mixed | 2 Gemini + 6 GPT,8-agent mixed,2 Gemini + 6 GPT,mixed,game_myth,moral_cos after the game,return_proportion,145,5,5,0.09717581898583696,0.0029777881696386806,0.16075825850763023,-0.4433586917839937,0.449314268123271,0.9861084493106951,,,underpowered
8-agent mixed | 2 Gemini + 6 GPT,8-agent mixed,2 Gemini + 6 GPT,mixed,game_myth,rule_index after the game,sent_frac,198,5,5,0.2448640360367013,0.04481456377297089,0.12301425784187324,-0.296727770281638,0.38635689782757976,0.7340725781646926,,,underpowered
8-agent mixed | 2 Gemini + 6 GPT,8-agent mixed,2 Gemini + 6 GPT,mixed,game_myth,rule_index after the game,return_proportion,146,5,5,0.23143153365148397,0.0729189330667348,0.3505284726846074,-0.9003041291509037,1.0461419952843733,0.845371526405264,,,underpowered
8-agent mixed | 2 Gemini + 6 GPT,8-agent mixed,2 Gemini + 6 GPT,mixed,game_myth,give_align after the game,sent_frac,200,5,5,0.2229084811189872,-0.07583697138844873,0.05296609992364485,-0.22289444026286998,0.07122049748597252,0.2254619949528817,,,underpowered
8-agent mixed | 2 Gemini + 6 GPT,8-agent mixed,2 Gemini + 6 GPT,mixed,game_myth,give_align after the game,return_proportion,148,5,5,0.22465270125934808,0.009442404045730103,0.10533710943906703,-0.2830202978520524,0.3019051059435126,0.9328824102864841,,,underpowered
8-agent mixed | 2 Gemini + 6 GPT,8-agent mixed,2 Gemini + 6 GPT,mixed,game_myth,myth_cos after the game,sent_frac,200,5,5,0.1057771402759113,0.030617305476145506,0.02006170963502093,-0.025082930041907866,0.08631754099419887,0.20167180934776163,,,underpowered
8-agent mixed | 2 Gemini + 6 GPT,8-agent mixed,2 Gemini + 6 GPT,mixed,game_myth,myth_cos after the game,return_proportion,148,5,5,0.10826877541836506,0.04656874223877855,0.06328347208334555,-0.12913434406694774,0.22227182854450483,0.5026276701156952,,,underpowered
8-agent mixed | 2 Gemini + 6 GPT,8-agent mixed,2 Gemini + 6 GPT,mixed,both,same_label after the game,sent_frac,380,10,9,0.4994859181945536,-0.07423894214508212,0.18408471967184464,-0.4906675093227343,0.3421896250325701,0.6961500956561079,,1.0,no detectable effect
8-agent mixed | 2 Gemini + 6 GPT,8-agent mixed,2 Gemini + 6 GPT,mixed,both,same_label after the game,return_proportion,313,10,10,0.5000614363828577,0.35085174460625623,0.605383250448389,-1.018620311667464,1.7203238008799764,0.5764335300774772,,1.0,no detectable effect
8-agent mixed | 2 Gemini + 6 GPT,8-agent mixed,2 Gemini + 6 GPT,mixed,both,moral_cos after the game,sent_frac,376,10,10,0.10029750989257821,0.011965477395174187,0.022555647860949855,-0.03905894297628826,0.06298989776663663,0.6086126430268124,,1.0,no detectable effect
8-agent mixed | 2 Gemini + 6 GPT,8-agent mixed,2 Gemini + 6 GPT,mixed,both,moral_cos after the game,return_proportion,309,10,10,0.10059614352055901,0.05174185732660406,0.10187810759127194,-0.17872243349901232,0.28220614815222045,0.6237501696073795,,1.0,no detectable effect
8-agent mixed | 2 Gemini + 6 GPT,8-agent mixed,2 Gemini + 6 GPT,mixed,both,rule_index after the game,sent_frac,377,10,10,0.243518395281504,0.09577930340898433,0.07899036682206292,-0.08290932069401807,0.27446792751198673,0.2561715281811858,,1.0,no detectable effect
8-agent mixed | 2 Gemini + 6 GPT,8-agent mixed,2 Gemini + 6 GPT,mixed,both,rule_index after the game,return_proportion,310,10,10,0.2357315733493618,0.2643120107496136,0.2507601012621222,-0.3029467484785154,0.8315707699777426,0.3193369236871973,,1.0,no detectable effect
8-agent mixed | 2 Gemini + 6 GPT,8-agent mixed,2 Gemini + 6 GPT,mixed,both,give_align after the game,sent_frac,380,10,10,0.24016207553368904,-0.02993042987938658,0.03993239204864149,-0.12026377658211898,0.06040291682334583,0.47267524243118086,,1.0,no detectable effect
8-agent mixed | 2 Gemini + 6 GPT,8-agent mixed,2 Gemini + 6 GPT,mixed,both,give_align after the game,return_proportion,313,10,10,0.2440552308006664,0.0033165378794940328,0.10374866504290524,-0.23137924788386469,0.23801232364285277,0.9751960377517173,,1.0,no detectable effect
8-agent mixed | 2 Gemini + 6 GPT,8-agent mixed,2 Gemini + 6 GPT,mixed,both,myth_cos after the game,sent_frac,380,10,10,0.11211824781888352,0.011640288722614814,0.018810360488204052,-0.030911702991643704,0.05419228043687333,0.5513720614261846,,1.0,no detectable effect
8-agent mixed | 2 Gemini + 6 GPT,8-agent mixed,2 Gemini + 6 GPT,mixed,both,myth_cos after the game,return_proportion,313,10,10,0.11421487116345032,0.03111080664512536,0.04940906602934121,-0.08066026598307999,0.1428818792733307,0.544569513411332,,1.0,no detectable effect
8-agent mixed | 4 GPT + 4 Sonnet,8-agent mixed,4 GPT + 4 Sonnet,mixed,myth_game,same_label after the game,sent_frac,180,5,5,0.47830006243013434,-0.14576165030757607,0.2741413824574464,-0.9069001497637108,0.6153768491485587,0.6230897945895064,,,underpowered
8-agent mixed | 4 GPT + 4 Sonnet,8-agent mixed,4 GPT + 4 Sonnet,mixed,myth_game,same_label after the game,return_proportion,170,5,5,0.48276959414433085,0.12618863516716447,0.6051087871885342,-1.553862695134618,1.8062399654689467,0.8449969753746001,,,underpowered
8-agent mixed | 4 GPT + 4 Sonnet,8-agent mixed,4 GPT + 4 Sonnet,mixed,myth_game,moral_cos after the game,sent_frac,179,5,5,0.12512650832116448,-0.016307178895960454,0.04401393803251088,-0.1385094617068045,0.1058951039148836,0.7297952381825135,,,underpowered
8-agent mixed | 4 GPT + 4 Sonnet,8-agent mixed,4 GPT + 4 Sonnet,mixed,myth_game,moral_cos after the game,return_proportion,169,5,5,0.12506376147819068,0.15399107080799615,0.17049240024650014,-0.3193717193298231,0.6273538609458155,0.41748777006302523,,,underpowered
8-agent mixed | 4 GPT + 4 Sonnet,8-agent mixed,4 GPT + 4 Sonnet,mixed,myth_game,rule_index after the game,sent_frac,178,5,5,0.24287987686945325,-0.1441089238389578,0.15854954202865063,-0.5843130237357574,0.2960951760578419,0.41480385583637486,,,underpowered
8-agent mixed | 4 GPT + 4 Sonnet,8-agent mixed,4 GPT + 4 Sonnet,mixed,myth_game,rule_index after the game,return_proportion,168,5,5,0.24079982205992226,-0.5737008952854799,0.46387067007880917,-1.8616123466706125,0.7142105560996528,0.28382347440549927,,,underpowered
8-agent mixed | 4 GPT + 4 Sonnet,8-agent mixed,4 GPT + 4 Sonnet,mixed,myth_game,give_align after the game,sent_frac,180,5,5,0.16247904892872228,-0.08701988154630752,0.021592494401973444,-0.14697025693767757,-0.02706950615493748,0.015732282440834546,,,underpowered
8-agent mixed | 4 GPT + 4 Sonnet,8-agent mixed,4 GPT + 4 Sonnet,mixed,myth_game,give_align after the game,return_proportion,170,5,5,0.1625597964895909,-0.2790425873232381,0.18742351551491573,-0.7994136895735895,0.24132851492711332,0.21076249730732227,,,underpowered
8-agent mixed | 4 GPT + 4 Sonnet,8-agent mixed,4 GPT + 4 Sonnet,mixed,myth_game,myth_cos after the game,sent_frac,180,5,5,0.08707302344646281,0.04014643227116831,0.0519207210931136,-0.10400859966614703,0.18430146420848367,0.4825428811462609,,,underpowered
8-agent mixed | 4 GPT + 4 Sonnet,8-agent mixed,4 GPT + 4 Sonnet,mixed,myth_game,myth_cos after the game,return_proportion,170,5,5,0.08592421713525622,0.06953488908675996,0.11799245793712117,-0.2580646932030172,0.3971344713765372,0.5873245522216115,,,underpowered
8-agent mixed | 4 GPT + 4 Sonnet,8-agent mixed,4 GPT + 4 Sonnet,mixed,game_myth,same_label after the game,sent_frac,200,5,5,0.5006277466376765,0.07531934802280889,0.181718094994723,-0.42921096735115843,0.5798496633967762,0.6997830430545093,,,underpowered
8-agent mixed | 4 GPT + 4 Sonnet,8-agent mixed,4 GPT + 4 Sonnet,mixed,game_myth,same_label after the game,return_proportion,167,5,5,0.5010630068032039,-0.48476601567880295,1.0780855994934704,-3.4780115013766837,2.5084794700190773,0.6762494367647736,,,underpowered
8-agent mixed | 4 GPT + 4 Sonnet,8-agent mixed,4 GPT + 4 Sonnet,mixed,game_myth,moral_cos after the game,sent_frac,200,5,5,0.10242451806730107,0.06752895730357603,0.03574038388004125,-0.03170225657805481,0.16676017118520686,0.13183726358900036,,,underpowered
8-agent mixed | 4 GPT + 4 Sonnet,8-agent mixed,4 GPT + 4 Sonnet,mixed,game_myth,moral_cos after the game,return_proportion,167,5,5,0.09778917444136787,-0.057053032467311166,0.12323341796430304,-0.3992038525710948,0.28509778763647253,0.667454550742217,,,underpowered
8-agent mixed | 4 GPT + 4 Sonnet,8-agent mixed,4 GPT + 4 Sonnet,mixed,game_myth,rule_index after the game,sent_frac,198,5,5,0.27508357836565583,-0.05088864692876259,0.09296716559121274,-0.30900687877859845,0.20722958492107324,0.6132236762555494,,,underpowered
8-agent mixed | 4 GPT + 4 Sonnet,8-agent mixed,4 GPT + 4 Sonnet,mixed,game_myth,rule_index after the game,return_proportion,166,5,5,0.27712885086864103,-0.37476061420583123,0.4243234559636772,-1.5528713965367966,0.803350168125134,0.4270163094438955,,,underpowered
8-agent mixed | 4 GPT + 4 Sonnet,8-agent mixed,4 GPT + 4 Sonnet,mixed,game_myth,give_align after the game,sent_frac,200,5,5,0.19239563509084623,-0.08143812520247358,0.027011081805172157,-0.15643291106654114,-0.006443339338406018,0.03935665377969238,,,underpowered
8-agent mixed | 4 GPT + 4 Sonnet,8-agent mixed,4 GPT + 4 Sonnet,mixed,game_myth,give_align after the game,return_proportion,167,5,5,0.18667461960995632,-0.2491709090828828,0.3565584864131176,-1.239135973401319,0.7407941552355535,0.5231622993123152,,,underpowered
8-agent mixed | 4 GPT + 4 Sonnet,8-agent mixed,4 GPT + 4 Sonnet,mixed,game_myth,myth_cos after the game,sent_frac,200,5,5,0.09277301528989512,0.032793816557536985,0.028699599278857173,-0.04688904538138428,0.11247667849645826,0.31692867940480246,,,underpowered
8-agent mixed | 4 GPT + 4 Sonnet,8-agent mixed,4 GPT + 4 Sonnet,mixed,game_myth,myth_cos after the game,return_proportion,167,5,5,0.0897809430611001,-0.01719738085428301,0.11862363357872312,-0.34654938766470605,0.31215462595614,0.8917427411526587,,,underpowered
8-agent mixed | 4 GPT + 4 Sonnet,8-agent mixed,4 GPT + 4 Sonnet,mixed,both,same_label after the game,sent_frac,380,10,10,0.49729165109813533,-0.019458449033498273,0.15665119771027097,-0.37382807800346135,0.33491117993646485,0.9038749806586681,,1.0,no detectable effect
8-agent mixed | 4 GPT + 4 Sonnet,8-agent mixed,4 GPT + 4 Sonnet,mixed,both,same_label after the game,return_proportion,337,10,10,0.49737902848770155,-0.1860349602769247,0.6409986815007612,-1.6360747190139049,1.2640047984600555,0.7782188399536607,,1.0,no detectable effect
8-agent mixed | 4 GPT + 4 Sonnet,8-agent mixed,4 GPT + 4 Sonnet,mixed,both,moral_cos after the game,sent_frac,379,10,10,0.11371632375591817,0.03589614364161712,0.03210598595237003,-0.036732642451029814,0.10852492973426406,0.2924992565846738,,1.0,no detectable effect
8-agent mixed | 4 GPT + 4 Sonnet,8-agent mixed,4 GPT + 4 Sonnet,mixed,both,moral_cos after the game,return_proportion,336,10,10,0.11217900882811778,0.0448881537678813,0.10987443942481044,-0.20366509639153244,0.293441403927295,0.6924264724161019,,1.0,no detectable effect
8-agent mixed | 4 GPT + 4 Sonnet,8-agent mixed,4 GPT + 4 Sonnet,mixed,both,rule_index after the game,sent_frac,376,10,10,0.2673770035312246,-0.07722393305432458,0.083111604816225,-0.2652354452056472,0.110787579096998,0.37705423782027336,,1.0,no detectable effect
8-agent mixed | 4 GPT + 4 Sonnet,8-agent mixed,4 GPT + 4 Sonnet,mixed,both,rule_index after the game,return_proportion,334,10,10,0.2661795794320639,-0.4631736859293649,0.2696881567224203,-1.0732506813959068,0.146903309537177,0.12002581581663059,,1.0,no detectable effect
8-agent mixed | 4 GPT + 4 Sonnet,8-agent mixed,4 GPT + 4 Sonnet,mixed,both,give_align after the game,sent_frac,380,10,10,0.17867007809367288,-0.08424517041373272,0.017554599442792855,-0.12395643328428116,-0.044533907543184294,0.0009750280671461331,,0.009750280671461331,yes
8-agent mixed | 4 GPT + 4 Sonnet,8-agent mixed,4 GPT + 4 Sonnet,mixed,both,give_align after the game,return_proportion,337,10,10,0.1747340982375828,-0.26277525842740335,0.19005774513276535,-0.6927157479353873,0.16716523108058057,0.20012477050909597,,1.0,no detectable effect
8-agent mixed | 4 GPT + 4 Sonnet,8-agent mixed,4 GPT + 4 Sonnet,mixed,both,myth_cos after the game,sent_frac,380,10,10,0.09000008327744122,0.03522748120222016,0.025502229276209612,-0.022462569423704913,0.09291753182814524,0.20049787374783393,,1.0,no detectable effect
8-agent mixed | 4 GPT + 4 Sonnet,8-agent mixed,4 GPT + 4 Sonnet,mixed,both,myth_cos after the game,return_proportion,337,10,10,0.08776833817801827,0.02544515919669075,0.08256900432261989,-0.1613389053614549,0.21222922375483638,0.76496730995465,,1.0,no detectable effect
8-agent mixed | 4 Gemini + 4 GPT,8-agent mixed,4 Gemini + 4 GPT,mixed,myth_game,same_label after the game,sent_frac,180,5,4,0.5002792516274671,0.2419654907279097,0.22471100676918643,-0.3819322841004673,0.8658632655562868,0.3421868402934641,,,underpowered
8-agent mixed | 4 Gemini + 4 GPT,8-agent mixed,4 Gemini + 4 GPT,mixed,myth_game,same_label after the game,return_proportion,177,5,5,0.49961464348803203,0.8661196141893537,1.359121582857718,-2.907406851904642,4.639646080283349,0.5586010513436206,,,underpowered
8-agent mixed | 4 Gemini + 4 GPT,8-agent mixed,4 Gemini + 4 GPT,mixed,myth_game,moral_cos after the game,sent_frac,180,5,5,0.1077271101414064,-0.0538625081577568,0.0473469684961135,-0.18531876708474548,0.0775937507692319,0.3188011087537046,,,underpowered
8-agent mixed | 4 Gemini + 4 GPT,8-agent mixed,4 Gemini + 4 GPT,mixed,myth_game,moral_cos after the game,return_proportion,177,5,5,0.10842111184172563,-0.02052475209880915,0.14828570885066553,-0.43223188260802536,0.39118237841040704,0.8966020998264541,,,underpowered
8-agent mixed | 4 Gemini + 4 GPT,8-agent mixed,4 Gemini + 4 GPT,mixed,myth_game,rule_index after the game,sent_frac,179,5,5,0.23374549386051688,0.059437093075632955,0.13090601682275274,-0.3040162765728396,0.42289046272410546,0.6733425409670869,,,underpowered
8-agent mixed | 4 Gemini + 4 GPT,8-agent mixed,4 Gemini + 4 GPT,mixed,myth_game,rule_index after the game,return_proportion,176,5,5,0.23451821526278782,0.3832369296209005,0.2146931978420549,-0.21284694864693543,0.9793208078887364,0.14880703402265125,,,underpowered
8-agent mixed | 4 Gemini + 4 GPT,8-agent mixed,4 Gemini + 4 GPT,mixed,myth_game,give_align after the game,sent_frac,180,5,5,0.24050626821927584,-0.03850192119238254,0.09258333942508239,-0.2955544807620189,0.2185506383772538,0.6988531814909467,,,underpowered
8-agent mixed | 4 Gemini + 4 GPT,8-agent mixed,4 Gemini + 4 GPT,mixed,myth_game,give_align after the game,return_proportion,177,5,5,0.24241974828910845,0.09349690257513778,0.1819052758389608,-0.4115531101376003,0.5985469152878758,0.634352452701779,,,underpowered
8-agent mixed | 4 Gemini + 4 GPT,8-agent mixed,4 Gemini + 4 GPT,mixed,myth_game,myth_cos after the game,sent_frac,180,5,5,0.10617108047753246,0.05501335366638901,0.07370118557457027,-0.14961394226940122,0.25964064960217925,0.4968849744407867,,,underpowered
8-agent mixed | 4 Gemini + 4 GPT,8-agent mixed,4 Gemini + 4 GPT,mixed,myth_game,myth_cos after the game,return_proportion,177,5,5,0.1057035296067691,0.15590075359218522,0.09361644829710465,-0.10402017604831379,0.4158216832326842,0.17118046126079767,,,underpowered
8-agent mixed | 4 Gemini + 4 GPT,8-agent mixed,4 Gemini + 4 GPT,mixed,game_myth,same_label after the game,sent_frac,200,5,5,0.4970010565896779,-0.24340420657196288,0.11327186203619001,-0.557897313478983,0.07108890033505721,0.0981081501052801,,,underpowered
8-agent mixed | 4 Gemini + 4 GPT,8-agent mixed,4 Gemini + 4 GPT,mixed,game_myth,same_label after the game,return_proportion,182,5,5,0.4945210097472258,0.6178299818928907,0.8782723153521549,-1.820644889097337,3.0563048528831187,0.5205585551072723,,,underpowered
8-agent mixed | 4 Gemini + 4 GPT,8-agent mixed,4 Gemini + 4 GPT,mixed,game_myth,moral_cos after the game,sent_frac,199,5,5,0.09072500775968699,0.034957460752613155,0.04050647621545967,-0.07750654686461089,0.14742146836983722,0.4368050792233348,,,underpowered
8-agent mixed | 4 Gemini + 4 GPT,8-agent mixed,4 Gemini + 4 GPT,mixed,game_myth,moral_cos after the game,return_proportion,182,5,5,0.09139898526124605,-0.21908558851919402,0.14146835275669464,-0.6118647040709144,0.17369352703252633,0.19638604100047705,,,underpowered
8-agent mixed | 4 Gemini + 4 GPT,8-agent mixed,4 Gemini + 4 GPT,mixed,game_myth,rule_index after the game,sent_frac,199,5,5,0.2761961887726592,-0.12221118479554433,0.1225077088184984,-0.4623471132936614,0.21792474370257275,0.37494138498353047,,,underpowered
8-agent mixed | 4 Gemini + 4 GPT,8-agent mixed,4 Gemini + 4 GPT,mixed,game_myth,rule_index after the game,return_proportion,181,5,5,0.27753112191992335,-0.09523484681804563,0.44980220745056215,-1.344085984001324,1.1536162903652325,0.8426712210625789,,,underpowered
8-agent mixed | 4 Gemini + 4 GPT,8-agent mixed,4 Gemini + 4 GPT,mixed,game_myth,give_align after the game,sent_frac,200,5,5,0.24969881354831702,0.027734942966748676,0.052286602085813226,-0.11743593746183247,0.1729058233953298,0.6238878957117898,,,underpowered
8-agent mixed | 4 Gemini + 4 GPT,8-agent mixed,4 Gemini + 4 GPT,mixed,game_myth,give_align after the game,return_proportion,182,5,5,0.25225893413324224,0.00500820845157103,0.14173261751546568,-0.38850462369611544,0.39852104059925747,0.9735051842665489,,,underpowered
8-agent mixed | 4 Gemini + 4 GPT,8-agent mixed,4 Gemini + 4 GPT,mixed,game_myth,myth_cos after the game,sent_frac,200,5,5,0.10363804029266896,-0.003302084308703741,0.010308846895713984,-0.03192403181254235,0.02531986319513487,0.7647638692613026,,,underpowered
8-agent mixed | 4 Gemini + 4 GPT,8-agent mixed,4 Gemini + 4 GPT,mixed,game_myth,myth_cos after the game,return_proportion,182,5,5,0.1051650288889731,-0.001879345006402098,0.13469393075164732,-0.3758496497416645,0.37209095972886036,0.9895358938364491,,,underpowered
8-agent mixed | 4 Gemini + 4 GPT,8-agent mixed,4 Gemini + 4 GPT,mixed,both,same_label after the game,sent_frac,380,10,9,0.49814961035896793,-0.12690007963737227,0.13220664184486466,-0.4259722814636193,0.1721721221888748,0.36220031671875375,,1.0,no detectable effect
8-agent mixed | 4 Gemini + 4 GPT,8-agent mixed,4 Gemini + 4 GPT,mixed,both,same_label after the game,return_proportion,359,10,10,0.49674873899202787,0.7143805318991254,0.7156573542209498,-0.9045488781010091,2.3333099418992598,0.3442547214028677,,1.0,no detectable effect
8-agent mixed | 4 Gemini + 4 GPT,8-agent mixed,4 Gemini + 4 GPT,mixed,both,moral_cos after the game,sent_frac,379,10,10,0.09903656183758254,0.013056639344487479,0.038564417020624325,-0.07418213285001037,0.10029541153898532,0.7427006741786695,,1.0,no detectable effect
8-agent mixed | 4 Gemini + 4 GPT,8-agent mixed,4 Gemini + 4 GPT,mixed,both,moral_cos after the game,return_proportion,359,10,10,0.10003118897895266,-0.13338104671061646,0.10539039775811825,-0.3717906898951862,0.1050285964739533,0.23744011988575286,,1.0,no detectable effect
8-agent mixed | 4 Gemini + 4 GPT,8-agent mixed,4 Gemini + 4 GPT,mixed,both,rule_index after the game,sent_frac,378,10,10,0.2658097640678314,-0.08302182079625867,0.09869894097909786,-0.30629433709823883,0.1402506955057215,0.4220429224902261,,1.0,no detectable effect
8-agent mixed | 4 Gemini + 4 GPT,8-agent mixed,4 Gemini + 4 GPT,mixed,both,rule_index after the game,return_proportion,357,10,10,0.2651750728999905,0.07524399659180507,0.29830998976260437,-0.5995800835006033,0.7500680766842134,0.8065259249535865,,1.0,no detectable effect
8-agent mixed | 4 Gemini + 4 GPT,8-agent mixed,4 Gemini + 4 GPT,mixed,both,give_align after the game,sent_frac,380,10,10,0.2459650780261046,0.010177383621427363,0.04494778860724129,-0.09150157833089537,0.1118563455737501,0.8259284167501064,,1.0,no detectable effect
8-agent mixed | 4 Gemini + 4 GPT,8-agent mixed,4 Gemini + 4 GPT,mixed,both,give_align after the game,return_proportion,359,10,10,0.24774861197875364,0.042324108212338896,0.10736349822762817,-0.2005489983323635,0.2851972147570413,0.7026014695200613,,1.0,no detectable effect
8-agent mixed | 4 Gemini + 4 GPT,8-agent mixed,4 Gemini + 4 GPT,mixed,both,myth_cos after the game,sent_frac,380,10,10,0.10472725876824678,0.0105454102262544,0.02203770362433192,-0.03930733888038379,0.060398159332892595,0.6436928863151582,,1.0,no detectable effect
8-agent mixed | 4 Gemini + 4 GPT,8-agent mixed,4 Gemini + 4 GPT,mixed,both,myth_cos after the game,return_proportion,359,10,10,0.10528657657701374,0.06242176014219546,0.08065636994689297,-0.12003562486297854,0.24487914514736947,0.4588227930141927,,1.0,no detectable effect
