myth_topic,myth_topic_label,n_simulations,mean_trust_ratio,std_trust_ratio,mean_return_ratio,std_return_ratio,mean_final_balance,std_final_balance
noisy_negative_5,Noisy Negative 5,27,0.2584074074074075,0.07725535304922207,0.12309273750940418,0.10127370747128711,37.920370370370364,3.8627676524611037
noisy_negative_5_informed,Noisy Negative 5 Informed,27,0.2929111111111111,0.11233039011420676,0.1312315711930561,0.12384784205720281,39.64555555555556,5.616519505710337
