condition,condition_label,n_simulations,mean_trust_ratio,std_trust_ratio,mean_return_ratio,std_return_ratio,mean_final_balance,std_final_balance
game,Game Only,10,0.5999999999999999,0.0,0.5388888888888888,0.04999999999999995,82.5,0.0
game_myth,Game → Myth,20,0.6299999999999999,0.07141428428542863,0.5526388888888889,0.08277346651711077,84.75,5.356071321407137
myth_game,Myth → Game,20,0.6099999999999998,0.043588989435406816,0.522037037037037,0.02700086367566457,83.25,3.2691742076555053
