myth_topic,myth_topic_label,n_simulations,mean_trust_ratio,std_trust_ratio,mean_return_ratio,std_return_ratio,mean_final_balance,std_final_balance
noisy_negative_5,Noisy Negative 5,45,0.2532488888888889,0.08681319055489774,0.12361281208503426,0.1238284332454455,37.662444444444446,4.340659527744887
noisy_negative_5_informed,Noisy Negative 5 Informed,45,0.29412444444444447,0.10728171254651736,0.13360969295325056,0.12427418233035015,39.70622222222222,5.364085627325867
