condition,condition_label,n_simulations,mean_trust_ratio,std_trust_ratio,mean_return_ratio,std_return_ratio,mean_final_balance,std_final_balance
game,Game Only,30,0.2392933333333333,0.11256521349372944,0.12005058819592458,0.15027338463018045,36.964666666666666,5.628260674686473
game_myth,Game → Myth,30,0.29616666666666674,0.08256152587952549,0.1470838383838384,0.09441908656736556,39.80833333333333,4.128076293976274
myth_game,Myth → Game,30,0.2856,0.09221952071009695,0.1186993309776643,0.11929568937692028,39.28,4.610976035504848
