condition,condition_label,n_simulations,mean_trust_ratio,std_trust_ratio,mean_return_ratio,std_return_ratio,mean_final_balance,std_final_balance
game,Game Only,19,0.24124210526315787,0.11635328378777907,0.10844670225512813,0.12602244211040228,37.062105263157896,5.817664189388952
game_myth,Game → Myth,20,0.30065,0.07956775414701613,0.15451305916305919,0.08805163867453784,40.0325,3.9783877073508056
myth_game,Myth → Game,15,0.2859333333333334,0.08061552097593999,0.11440052059052057,0.11862465710532494,39.29666666666667,4.030776048797001
