myth_topic,myth_topic_label,n_simulations,mean_trust_ratio,std_trust_ratio,mean_return_ratio,std_return_ratio,mean_final_balance,std_final_balance
noisy_negative_5,Noisy Negative 5,60,0.11213999999999998,0.109883801050625,0.01898749413970933,0.03515812754995177,30.607000000000003,5.494190052531249
noisy_negative_5_informed,Noisy Negative 5 Informed,57,0.17529122807017544,0.1271803420216248,0.02943857591569979,0.04097001866276859,33.76456140350877,6.359017101081237
