condition,condition_label,n_simulations,mean_trust_ratio,std_trust_ratio,mean_return_ratio,std_return_ratio,mean_final_balance,std_final_balance
game,Game Only,30,0.16166666666666665,0.02757817172249742,0.0,0.0,33.083333333333336,1.3789085861248702
game_myth,Game → Myth,28,0.24821428571428572,0.0436752276491386,0.0,0.0,37.410714285714285,2.1837613824569306
myth_game,Myth → Game,30,0.24500000000000002,0.07065172798075549,0.0,0.0,37.25,3.5325863990377737
