noise_condition,task_order,n,mean,median,std,min,max
no_noise,game,10,73.0,75.0,6.0,55.0,75.0
no_noise,game_myth,20,75.0,75.0,0.0,75.0,75.0
no_noise,myth_game,20,75.0,75.0,0.0,75.0,75.0
noise,game,10,32.65,31.0,3.612824379900025,29.0,40.5
noise,game_myth,10,31.35,30.5,2.2588713996153036,29.0,37.5
noise,myth_game,9,30.22222222222222,30.5,2.029109151972186,27.0,33.0
noise_informed,game,10,32.4,31.5,2.5179356624028344,29.0,36.5
noise_informed,game_myth,10,30.95,30.5,1.619413474070165,29.0,33.5
noise_informed,myth_game,3,34.333333333333336,35.5,2.778888666755511,30.5,37.0
