noise_condition,task_order,n,mean,median,std,min,max
no_noise,game,10,55.0,55.0,0.0,55.0,55.0
no_noise,game_myth,20,56.5,55.0,3.570714214271425,55.0,65.0
no_noise,myth_game,20,55.5,55.0,2.179449471770337,55.0,65.0
noise,game,10,62.15999999999999,62.1,3.150539636316293,56.25,67.25
noise,game_myth,9,64.50555555555555,63.5,2.655020866673016,61.2,69.5
noise,myth_game,10,63.77,63.875,3.8584452827531464,58.0,71.5
noise_informed,game,10,63.225,65.5,3.5854741666898113,58.5,68.0
noise_informed,game_myth,9,62.18888888888888,61.699999999999996,3.986141114869658,57.0,70.0
noise_informed,myth_game,9,63.67222222222222,64.0,3.622239263763593,54.5,66.9
