noise_condition,task_order,n,mean,median,std,min,max
no_noise,game,10,73.0,75.0,6.0,55.0,75.0
no_noise,game_myth,20,75.0,75.0,0.0,75.0,75.0
no_noise,myth_game,20,75.0,75.0,0.0,75.0,75.0
noise,game,15,30.266666666666666,30.0,1.0624918300339488,28.0,32.0
noise,game_myth,14,30.142857142857142,30.0,1.124858267715973,29.0,33.0
noise,myth_game,15,29.333333333333332,30.0,1.2995725793078619,27.0,32.0
noise_informed,game,15,30.533333333333335,31.0,0.8055363982396382,29.0,32.0
noise_informed,game_myth,14,29.928571428571427,30.0,0.5933302759227196,29.0,31.0
noise_informed,myth_game,15,29.4,30.0,1.0198039027185568,28.0,31.0
