myth_topic,myth_topic_label,n_simulations,mean_trust_ratio,std_trust_ratio,mean_return_ratio,std_return_ratio,mean_final_balance,std_final_balance
noisy_negative_5,Noisy Negative 5,45,0.15066666666666667,0.08282243389055621,0.039236954732510286,0.049600187793652634,32.53333333333333,4.141121694527811
noisy_negative_5_informed,Noisy Negative 5 Informed,45,0.14311111111111113,0.06639351448320913,0.04190222222222222,0.047078975564385894,32.15555555555556,3.319675724160456
