condition,condition_label,n_simulations,mean_trust_ratio,std_trust_ratio,mean_return_ratio,std_return_ratio,mean_final_balance,std_final_balance
game,Game Only,30,0.18200000000000005,0.10293687385966217,0.05165283950617284,0.06080501524731104,34.1,5.146843692983109
game_myth,Game → Myth,30,0.13433333333333333,0.044920918166138246,0.03332333333333334,0.03398306324101461,31.716666666666665,2.246045908306912
myth_game,Myth → Game,30,0.12433333333333334,0.0493074256296374,0.03673259259259259,0.04447553171421341,31.216666666666665,2.465371281481869
