dataset,candidate_set,rung,stratum,feature,outcome,sample,estimate,pooled_excludes,n,n_runs,coef,ci_low,ci_high,p,p_wild,y_sd,x_sd,status,shown_coef,shown_p,unseen_coef,unseen_p,holm,p_holm,p_holm_wild,n_holm_tests
frontier,exploratory (own screen),R4,pooled,rule_return_more_than_half,send,senders,"own myth, per within-family SD",GeminiPro,76,37,0.023003276684634675,-0.002674995032940105,0.04868154840220945,0.07912466411917081,0.11855927963981991,0.1305050916530402,1.1942513927763105,fitted,,,,,True,1.0,1.0,25
frontier,exploratory (own screen),R4,GeminiPro,rule_return_more_than_half,send,senders,"own myth, per within-family SD",,37,20,,,,,,0.0,,not estimable: ceiling,,,,,False,,,9
frontier,exploratory (own screen),R4,GeminiPro | 2-agent homogeneous,rule_return_more_than_half,send,senders,"own myth, per within-family SD",,5,5,,,,,,0.0,,not estimable: ceiling,,,,,False,,,0
frontier,exploratory (own screen),R4,GeminiPro | 2-agent mixed,rule_return_more_than_half,send,senders,"own myth, per within-family SD",,6,6,,,,,,0.0,,not estimable: ceiling,,,,,False,,,0
frontier,exploratory (own screen),R4,GeminiPro | 8-agent homogeneous,rule_return_more_than_half,send,senders,"own myth, per within-family SD",,20,5,,,,,,0.0,,not estimable: ceiling,,,,,False,,,7
frontier,exploratory (own screen),R4,GeminiPro | 8-agent mixed,rule_return_more_than_half,send,senders,"own myth, per within-family SD",,6,4,,,,,,0.0,,not estimable: ceiling,,,,,False,,,5
frontier,exploratory (own screen),R4,Opus,rule_return_more_than_half,send,senders,"own myth, per within-family SD",,37,21,0.01041290590766147,-0.012849479953104561,0.0336752917684275,0.3803043509540035,0.4112056028014007,0.06931669932133817,1.2335626367637902,fitted,,,,,True,1.0,1.0,14
frontier,exploratory (own screen),R4,Opus | 2-agent homogeneous,rule_return_more_than_half,send,senders,"own myth, per within-family SD",,5,5,,,,,,0.0,,not estimable: ceiling,,,,,False,,,0
frontier,exploratory (own screen),R4,Opus | 2-agent mixed,rule_return_more_than_half,send,senders,"own myth, per within-family SD",,6,6,,,,,,0.0,,not estimable: ceiling,,,,,False,,,0
frontier,exploratory (own screen),R4,Opus | 8-agent homogeneous,rule_return_more_than_half,send,senders,"own myth, per within-family SD",,20,5,0.006725001732031343,-0.028703733499999214,0.0421537369640619,0.7098661247529358,0.6993496748374187,0.08207826816681231,1.245661859971539,fitted,,,,,True,1.0,1.0,12
frontier,exploratory (own screen),R4,Opus | 8-agent mixed,rule_return_more_than_half,send,senders,"own myth, per within-family SD",,6,5,,,,,,0.08164965809277258,,not estimable: ceiling,,,,,False,,,5
frontier,exploratory (own screen),R4,Sol,rule_return_more_than_half,send,senders,"own myth, per within-family SD",,39,21,0.039847715479506864,-0.007165709591084653,0.08686114055009839,0.09666736900496273,0.17408704352176088,0.15637596137369247,1.082286179011945,fitted,,,,,True,1.0,1.0,25
frontier,exploratory (own screen),R4,Sol | 2-agent homogeneous,rule_return_more_than_half,send,senders,"own myth, per within-family SD",,5,5,,,,,,0.17888543819998318,,not estimable: ceiling,,,,,False,,,0
frontier,exploratory (own screen),R4,Sol | 2-agent mixed,rule_return_more_than_half,send,senders,"own myth, per within-family SD",,6,6,,,,,,0.08164965809277258,,not estimable: ceiling,,,,,False,,,0
frontier,exploratory (own screen),R4,Sol | 8-agent homogeneous,rule_return_more_than_half,send,senders,"own myth, per within-family SD",,20,5,0.013553644720920736,-0.05157681755689875,0.07868410699874023,0.6833703151655977,0.6633316658329165,0.15355437918998288,0.8479827132261548,fitted,,,,,True,1.0,1.0,25
frontier,exploratory (own screen),R4,Sol | 8-agent mixed,rule_return_more_than_half,send,senders,"own myth, per within-family SD",,8,5,,,,,,0.1851640199545103,,not estimable: ceiling,,,,,False,,,10
frontier,exploratory (own screen),R4,pooled,rule_return_half,send,senders,"own myth, per within-family SD",GeminiPro,76,37,-0.03505722976870898,-0.06273512388944352,-0.007379335647974442,0.013045698199674096,0.030015007503751877,0.1305050916530402,1.113117470146548,fitted,,,,,True,0.3130967567921783,0.750375187593797,25
frontier,exploratory (own screen),R4,GeminiPro,rule_return_half,send,senders,"own myth, per within-family SD",,37,20,,,,,,0.0,,not estimable: ceiling,,,,,False,,,9
frontier,exploratory (own screen),R4,GeminiPro | 2-agent homogeneous,rule_return_half,send,senders,"own myth, per within-family SD",,5,5,,,,,,0.0,,not estimable: ceiling,,,,,False,,,0
frontier,exploratory (own screen),R4,GeminiPro | 2-agent mixed,rule_return_half,send,senders,"own myth, per within-family SD",,6,6,,,,,,0.0,,not estimable: ceiling,,,,,False,,,0
frontier,exploratory (own screen),R4,GeminiPro | 8-agent homogeneous,rule_return_half,send,senders,"own myth, per within-family SD",,20,5,,,,,,0.0,,not estimable: ceiling,,,,,False,,,7
frontier,exploratory (own screen),R4,GeminiPro | 8-agent mixed,rule_return_half,send,senders,"own myth, per within-family SD",,6,4,,,,,,0.0,,not estimable: ceiling,,,,,False,,,5
frontier,exploratory (own screen),R4,Opus,rule_return_half,send,senders,"own myth, per within-family SD",,37,21,-0.010792161094523092,-0.02956842011540869,0.007984097926362507,0.2599361132261844,0.35317658829414705,0.06931669932133817,1.1907769362928937,fitted,,,,,True,1.0,1.0,14
frontier,exploratory (own screen),R4,Opus | 2-agent homogeneous,rule_return_half,send,senders,"own myth, per within-family SD",,5,5,,,,,,0.0,,not estimable: ceiling,,,,,False,,,0
frontier,exploratory (own screen),R4,Opus | 2-agent mixed,rule_return_half,send,senders,"own myth, per within-family SD",,6,6,,,,,,0.0,,not estimable: ceiling,,,,,False,,,0
frontier,exploratory (own screen),R4,Opus | 8-agent homogeneous,rule_return_half,send,senders,"own myth, per within-family SD",,20,5,-0.004565914309221349,-0.027024738856229462,0.01789291023778676,0.6902883690478474,0.7388694347173587,0.08207826816681231,1.1235190616839636,fitted,,,,,True,1.0,1.0,12
frontier,exploratory (own screen),R4,Opus | 8-agent mixed,rule_return_half,send,senders,"own myth, per within-family SD",,6,5,,,,,,0.08164965809277258,,not estimable: ceiling,,,,,False,,,5
frontier,exploratory (own screen),R4,Sol,rule_return_half,send,senders,"own myth, per within-family SD",,39,21,-0.06331617289470678,-0.11234395345487644,-0.014288392334537138,0.011368424767573524,0.06603301650825413,0.15637596137369247,1.0063432061136983,fitted,,,,,True,0.2728421944217646,1.0,25
frontier,exploratory (own screen),R4,Sol | 2-agent homogeneous,rule_return_half,send,senders,"own myth, per within-family SD",,5,5,,,,,,0.17888543819998318,,not estimable: ceiling,,,,,False,,,0
frontier,exploratory (own screen),R4,Sol | 2-agent mixed,rule_return_half,send,senders,"own myth, per within-family SD",,6,6,,,,,,0.08164965809277258,,not estimable: ceiling,,,,,False,,,0
frontier,exploratory (own screen),R4,Sol | 8-agent homogeneous,rule_return_half,send,senders,"own myth, per within-family SD",,20,5,-0.03993517273638223,-0.11407535836841984,0.03420501289565537,0.29109477930736327,0.3626813406703352,0.15355437918998288,1.0276438355309319,fitted,,,,,True,1.0,1.0,25
frontier,exploratory (own screen),R4,Sol | 8-agent mixed,rule_return_half,send,senders,"own myth, per within-family SD",,8,5,,,,,,0.1851640199545103,,not estimable: ceiling,,,,,False,,,10
frontier,exploratory (own screen),R4,pooled,lex_consistency,send,senders,"own myth, per within-family SD",GeminiPro,76,37,0.00956222174805755,-0.018605932210956064,0.03773037570707116,0.5058282689999678,0.5362681340670336,0.1305050916530402,0.7448068574372915,fitted,,,,,True,1.0,1.0,25
frontier,exploratory (own screen),R4,GeminiPro,lex_consistency,send,senders,"own myth, per within-family SD",,37,20,,,,,,0.0,,not estimable: ceiling,,,,,False,,,9
frontier,exploratory (own screen),R4,GeminiPro | 2-agent homogeneous,lex_consistency,send,senders,"own myth, per within-family SD",,5,5,,,,,,0.0,,not estimable: ceiling,,,,,False,,,0
frontier,exploratory (own screen),R4,GeminiPro | 2-agent mixed,lex_consistency,send,senders,"own myth, per within-family SD",,6,6,,,,,,0.0,,not estimable: ceiling,,,,,False,,,0
frontier,exploratory (own screen),R4,GeminiPro | 8-agent homogeneous,lex_consistency,send,senders,"own myth, per within-family SD",,20,5,,,,,,0.0,,not estimable: ceiling,,,,,False,,,7
frontier,exploratory (own screen),R4,GeminiPro | 8-agent mixed,lex_consistency,send,senders,"own myth, per within-family SD",,6,4,,,,,,0.0,,not estimable: ceiling,,,,,False,,,5
frontier,exploratory (own screen),R4,Opus,lex_consistency,send,senders,"own myth, per within-family SD",,37,21,0.009731935497453333,-0.01236536694009814,0.031829237935004806,0.3880312052229171,0.49874937468734365,0.06931669932133817,0.5254304546450133,fitted,,,,,True,1.0,1.0,14
frontier,exploratory (own screen),R4,Opus | 2-agent homogeneous,lex_consistency,send,senders,"own myth, per within-family SD",,5,5,,,,,,0.0,,not estimable: ceiling,,,,,False,,,0
frontier,exploratory (own screen),R4,Opus | 2-agent mixed,lex_consistency,send,senders,"own myth, per within-family SD",,6,6,,,,,,0.0,,not estimable: ceiling,,,,,False,,,0
frontier,exploratory (own screen),R4,Opus | 8-agent homogeneous,lex_consistency,send,senders,"own myth, per within-family SD",,20,5,,,,,,,,not estimable: predictor has no spread,,,,,False,,,12
frontier,exploratory (own screen),R4,Opus | 8-agent mixed,lex_consistency,send,senders,"own myth, per within-family SD",,6,5,,,,,,0.08164965809277258,,not estimable: ceiling,,,,,False,,,5
frontier,exploratory (own screen),R4,Sol,lex_consistency,send,senders,"own myth, per within-family SD",,39,21,0.009515316171430825,-0.025615094541977593,0.04464572688483924,0.5955089497058408,0.6188094047023511,0.15637596137369247,0.8953655547543107,fitted,,,,,True,1.0,1.0,25
frontier,exploratory (own screen),R4,Sol | 2-agent homogeneous,lex_consistency,send,senders,"own myth, per within-family SD",,5,5,,,,,,0.17888543819998318,,not estimable: ceiling,,,,,False,,,0
frontier,exploratory (own screen),R4,Sol | 2-agent mixed,lex_consistency,send,senders,"own myth, per within-family SD",,6,6,,,,,,0.08164965809277258,,not estimable: ceiling,,,,,False,,,0
frontier,exploratory (own screen),R4,Sol | 8-agent homogeneous,lex_consistency,send,senders,"own myth, per within-family SD",,20,5,0.006017550473860378,-0.07928629348447873,0.09132139443219948,0.8900342633331797,0.8639319659829915,0.15355437918998288,0.7399724338023176,fitted,,,,,True,1.0,1.0,25
frontier,exploratory (own screen),R4,Sol | 8-agent mixed,lex_consistency,send,senders,"own myth, per within-family SD",,8,5,,,,,,0.1851640199545103,,not estimable: ceiling,,,,,False,,,10
frontier,exploratory (own screen),R4,pooled,lex_community,send,senders,"own myth, per within-family SD",GeminiPro,76,37,0.012907972438914235,-0.011151883512415785,0.036967828390244255,0.2930247631606554,0.5157578789394698,0.1305050916530402,1.3895440763439337,fitted,,,,,True,1.0,1.0,25
frontier,exploratory (own screen),R4,GeminiPro,lex_community,send,senders,"own myth, per within-family SD",,37,20,,,,,,0.0,,not estimable: ceiling,,,,,False,,,9
frontier,exploratory (own screen),R4,GeminiPro | 2-agent homogeneous,lex_community,send,senders,"own myth, per within-family SD",,5,5,,,,,,0.0,,not estimable: ceiling,,,,,False,,,0
frontier,exploratory (own screen),R4,GeminiPro | 2-agent mixed,lex_community,send,senders,"own myth, per within-family SD",,6,6,,,,,,0.0,,not estimable: ceiling,,,,,False,,,0
frontier,exploratory (own screen),R4,GeminiPro | 8-agent homogeneous,lex_community,send,senders,"own myth, per within-family SD",,20,5,,,,,,0.0,,not estimable: ceiling,,,,,False,,,7
frontier,exploratory (own screen),R4,GeminiPro | 8-agent mixed,lex_community,send,senders,"own myth, per within-family SD",,6,4,,,,,,0.0,,not estimable: ceiling,,,,,False,,,5
frontier,exploratory (own screen),R4,Opus,lex_community,send,senders,"own myth, per within-family SD",,37,21,0.004708998067596686,-0.005732820089487745,0.015150816224681117,0.3767531160131027,0.42321160580290146,0.06931669932133817,1.3855620555253731,fitted,,,,,True,1.0,1.0,14
frontier,exploratory (own screen),R4,Opus | 2-agent homogeneous,lex_community,send,senders,"own myth, per within-family SD",,5,5,,,,,,0.0,,not estimable: ceiling,,,,,False,,,0
frontier,exploratory (own screen),R4,Opus | 2-agent mixed,lex_community,send,senders,"own myth, per within-family SD",,6,6,,,,,,0.0,,not estimable: ceiling,,,,,False,,,0
frontier,exploratory (own screen),R4,Opus | 8-agent homogeneous,lex_community,send,senders,"own myth, per within-family SD",,20,5,0.011362747705280656,-0.01038617510292093,0.03311167051348224,0.30584223945228806,0.3706853426713357,0.08207826816681231,1.3109551866386198,fitted,,,,,True,1.0,1.0,12
frontier,exploratory (own screen),R4,Opus | 8-agent mixed,lex_community,send,senders,"own myth, per within-family SD",,6,5,,,,,,0.08164965809277258,,not estimable: ceiling,,,,,False,,,5
frontier,exploratory (own screen),R4,Sol,lex_community,send,senders,"own myth, per within-family SD",,39,21,0.02139801208849329,-0.019794570405141626,0.0625905945821282,0.3086169988540798,0.5862931465732867,0.15637596137369247,1.3620372881654899,fitted,,,,,True,1.0,1.0,25
frontier,exploratory (own screen),R4,Sol | 2-agent homogeneous,lex_community,send,senders,"own myth, per within-family SD",,5,5,,,,,,0.17888543819998318,,not estimable: ceiling,,,,,False,,,0
frontier,exploratory (own screen),R4,Sol | 2-agent mixed,lex_community,send,senders,"own myth, per within-family SD",,6,6,,,,,,0.08164965809277258,,not estimable: ceiling,,,,,False,,,0
frontier,exploratory (own screen),R4,Sol | 8-agent homogeneous,lex_community,send,senders,"own myth, per within-family SD",,20,5,0.05151592058928746,0.025325288958304725,0.07770655222027019,0.00011564902644576882,0.0830415207603802,0.15355437918998288,1.5174871523971671,fitted,,,,,True,0.0028912256611442204,1.0,25
frontier,exploratory (own screen),R4,Sol | 8-agent mixed,lex_community,send,senders,"own myth, per within-family SD",,8,5,,,,,,0.1851640199545103,,not estimable: ceiling,,,,,False,,,10
frontier,exploratory (own screen),R4,pooled,rule_letdown_reduce,send,senders,"own myth, per within-family SD",GeminiPro,76,37,-0.07733561540882018,-0.1308628299705107,-0.023808400847129645,0.004629583748518324,0.03601800900450225,0.1305050916530402,0.6946186927353813,fitted,,,,,True,0.11573959371295811,0.864432216108054,25
frontier,exploratory (own screen),R4,GeminiPro,rule_letdown_reduce,send,senders,"own myth, per within-family SD",,37,20,,,,,,0.0,,not estimable: ceiling,,,,,False,,,9
frontier,exploratory (own screen),R4,GeminiPro | 2-agent homogeneous,rule_letdown_reduce,send,senders,"own myth, per within-family SD",,5,5,,,,,,0.0,,not estimable: ceiling,,,,,False,,,0
frontier,exploratory (own screen),R4,GeminiPro | 2-agent mixed,rule_letdown_reduce,send,senders,"own myth, per within-family SD",,6,6,,,,,,0.0,,not estimable: ceiling,,,,,False,,,0
frontier,exploratory (own screen),R4,GeminiPro | 8-agent homogeneous,rule_letdown_reduce,send,senders,"own myth, per within-family SD",,20,5,,,,,,0.0,,not estimable: ceiling,,,,,False,,,7
frontier,exploratory (own screen),R4,GeminiPro | 8-agent mixed,rule_letdown_reduce,send,senders,"own myth, per within-family SD",,6,4,,,,,,0.0,,not estimable: ceiling,,,,,False,,,5
frontier,exploratory (own screen),R4,Opus,rule_letdown_reduce,send,senders,"own myth, per within-family SD",,37,21,,,,,,,,not estimable: predictor has no spread,,,,,False,,,14
frontier,exploratory (own screen),R4,Opus | 2-agent homogeneous,rule_letdown_reduce,send,senders,"own myth, per within-family SD",,5,5,,,,,,0.0,,not estimable: ceiling,,,,,False,,,0
frontier,exploratory (own screen),R4,Opus | 2-agent mixed,rule_letdown_reduce,send,senders,"own myth, per within-family SD",,6,6,,,,,,0.0,,not estimable: ceiling,,,,,False,,,0
frontier,exploratory (own screen),R4,Opus | 8-agent homogeneous,rule_letdown_reduce,send,senders,"own myth, per within-family SD",,20,5,,,,,,,,not estimable: predictor has no spread,,,,,False,,,12
frontier,exploratory (own screen),R4,Opus | 8-agent mixed,rule_letdown_reduce,send,senders,"own myth, per within-family SD",,6,5,,,,,,0.08164965809277258,,not estimable: ceiling,,,,,False,,,5
frontier,exploratory (own screen),R4,Sol,rule_letdown_reduce,send,senders,"own myth, per within-family SD",,39,21,-0.0773356154088202,-0.13138373105206577,-0.023287499765574614,0.005040313213535381,0.032016008004002,0.15637596137369247,0.9566659646797534,fitted,,,,,True,0.1260078303383845,0.80040020010005,25
frontier,exploratory (own screen),R4,Sol | 2-agent homogeneous,rule_letdown_reduce,send,senders,"own myth, per within-family SD",,5,5,,,,,,0.17888543819998318,,not estimable: ceiling,,,,,False,,,0
frontier,exploratory (own screen),R4,Sol | 2-agent mixed,rule_letdown_reduce,send,senders,"own myth, per within-family SD",,6,6,,,,,,0.08164965809277258,,not estimable: ceiling,,,,,False,,,0
frontier,exploratory (own screen),R4,Sol | 8-agent homogeneous,rule_letdown_reduce,send,senders,"own myth, per within-family SD",,20,5,-0.05019378884707083,-0.0965803933177605,-0.0038071843763811605,0.03393626350676681,0.11905952976488245,0.15355437918998288,0.9198155171050859,fitted,,,,,True,0.8144703241624034,1.0,25
frontier,exploratory (own screen),R4,Sol | 8-agent mixed,rule_letdown_reduce,send,senders,"own myth, per within-family SD",,8,5,,,,,,0.1851640199545103,,not estimable: ceiling,,,,,False,,,10
frontier,exploratory (own screen),R4,pooled,rule_return_more_than_half,return,receivers,"own myth, per within-family SD",,113,53,0.005554017372733061,-0.003218285034498971,0.014326319779965093,0.21463747188614923,0.2531265632816408,0.07580735899169355,1.3619329149751096,fitted,,,,,True,1.0,1.0,25
frontier,exploratory (own screen),R4,GeminiPro,rule_return_more_than_half,return,receivers,"own myth, per within-family SD",,35,19,0.0037970393659970303,-0.007767555921934415,0.015361634653928475,0.5198860658929243,0.5847923961980991,0.05165364794867084,1.5806526654415292,fitted,,,,,True,1.0,1.0,9
frontier,exploratory (own screen),R4,GeminiPro | 2-agent homogeneous,rule_return_more_than_half,return,receivers,"own myth, per within-family SD",,5,5,,,,,,0.03302322415109302,,not estimable: ceiling,,,,,False,,,0
frontier,exploratory (own screen),R4,GeminiPro | 2-agent mixed,rule_return_more_than_half,return,receivers,"own myth, per within-family SD",,6,6,,,,,,0.03948726939716705,,not estimable: ceiling,,,,,False,,,0
frontier,exploratory (own screen),R4,GeminiPro | 8-agent homogeneous,rule_return_more_than_half,return,receivers,"own myth, per within-family SD",,20,5,0.008470116977436572,-0.004424660105845277,0.021364894060718422,0.19794441669868756,0.3311655827913957,0.06069287076258221,1.6836956481207583,fitted,,,,,True,0.7917776667947503,1.0,7
frontier,exploratory (own screen),R4,GeminiPro | 8-agent mixed,rule_return_more_than_half,return,receivers,"own myth, per within-family SD",,4,3,,,,,,0.04978918520083417,,not estimable: ceiling,,,,,False,,,5
frontier,exploratory (own screen),R4,Opus,rule_return_more_than_half,return,receivers,"own myth, per within-family SD",,40,21,0.012261990733056245,-0.0037932956218256417,0.02831727708793813,0.13442086757991994,0.18109054527263632,0.05929980265938156,1.2486526490544039,fitted,,,,,True,1.0,1.0,14
frontier,exploratory (own screen),R4,Opus | 2-agent homogeneous,rule_return_more_than_half,return,receivers,"own myth, per within-family SD",,5,5,,,,,,0.07985208548031512,,not estimable: ceiling,,,,,False,,,0
frontier,exploratory (own screen),R4,Opus | 2-agent mixed,rule_return_more_than_half,return,receivers,"own myth, per within-family SD",,6,6,,,,,,0.07692353105279055,,not estimable: ceiling,,,,,False,,,0
frontier,exploratory (own screen),R4,Opus | 8-agent homogeneous,rule_return_more_than_half,return,receivers,"own myth, per within-family SD",,20,5,0.0071840951836045636,-0.018192144734864808,0.032560335102073935,0.5789821388262408,0.6763381690845423,0.0554352765217324,1.245661859971539,fitted,,,,,True,1.0,1.0,12
frontier,exploratory (own screen),R4,Opus | 8-agent mixed,rule_return_more_than_half,return,receivers,"own myth, per within-family SD",,9,5,,,,,,0.03888387974794184,,not estimable: ceiling,,,,,False,,,5
frontier,exploratory (own screen),R4,Sol,rule_return_more_than_half,return,receivers,"own myth, per within-family SD",,38,20,-0.0027119869531055823,-0.029979403290334786,0.02455542938412362,0.8454431747804512,0.8614307153576788,0.08285802053993245,0.7929449196300551,fitted,,,,,True,1.0,1.0,25
frontier,exploratory (own screen),R4,Sol | 2-agent homogeneous,rule_return_more_than_half,return,receivers,"own myth, per within-family SD",,5,5,,,,,,0.07940357923331749,,not estimable: ceiling,,,,,False,,,0
frontier,exploratory (own screen),R4,Sol | 2-agent mixed,rule_return_more_than_half,return,receivers,"own myth, per within-family SD",,6,6,,,,,,0.0953176366254003,,not estimable: ceiling,,,,,False,,,0
frontier,exploratory (own screen),R4,Sol | 8-agent homogeneous,rule_return_more_than_half,return,receivers,"own myth, per within-family SD",,20,5,-0.02125106536736837,-0.04094990394136659,-0.0015522267933701546,0.03448069107426998,0.6078039019509754,0.08550315186139407,0.5175814600408221,fitted,,,,,True,0.8144703241624034,1.0,25
frontier,exploratory (own screen),R4,Sol | 8-agent mixed,rule_return_more_than_half,return,receivers,"own myth, per within-family SD",,7,4,,,,,,0.03377673348427473,,not estimable: ceiling,,,,,False,,,10
frontier,exploratory (own screen),R4,pooled,rule_return_half,return,receivers,"own myth, per within-family SD",,113,53,-0.004083841458483161,-0.012237456650142453,0.004069773733176131,0.32626107438465035,0.35167583791895946,0.07580735899169355,1.4377899955114497,fitted,,,,,True,1.0,1.0,25
frontier,exploratory (own screen),R4,GeminiPro,rule_return_half,return,receivers,"own myth, per within-family SD",,35,19,-0.0017137905764157111,-0.01225103272073873,0.008823451567907306,0.7499001280265791,0.8874437218609305,0.05165364794867084,1.5767991161719184,fitted,,,,,True,1.0,1.0,9
frontier,exploratory (own screen),R4,GeminiPro | 2-agent homogeneous,rule_return_half,return,receivers,"own myth, per within-family SD",,5,5,,,,,,0.03302322415109302,,not estimable: ceiling,,,,,False,,,0
frontier,exploratory (own screen),R4,GeminiPro | 2-agent mixed,rule_return_half,return,receivers,"own myth, per within-family SD",,6,6,,,,,,0.03948726939716705,,not estimable: ceiling,,,,,False,,,0
frontier,exploratory (own screen),R4,GeminiPro | 8-agent homogeneous,rule_return_half,return,receivers,"own myth, per within-family SD",,20,5,-0.006006718265641864,-0.01787702152627669,0.005863584994992961,0.3212957268833614,0.3876938469234617,0.06069287076258221,1.6416955877200299,fitted,,,,,True,0.9638871806500842,1.0,7
frontier,exploratory (own screen),R4,GeminiPro | 8-agent mixed,rule_return_half,return,receivers,"own myth, per within-family SD",,4,3,,,,,,0.04978918520083417,,not estimable: ceiling,,,,,False,,,5
frontier,exploratory (own screen),R4,Opus,rule_return_half,return,receivers,"own myth, per within-family SD",,40,21,-0.010789287789409008,-0.02567749066433607,0.0040989150855180526,0.15550275213914203,0.19259629814907453,0.05929980265938156,1.3422567328280366,fitted,,,,,True,1.0,1.0,14
frontier,exploratory (own screen),R4,Opus | 2-agent homogeneous,rule_return_half,return,receivers,"own myth, per within-family SD",,5,5,,,,,,0.07985208548031512,,not estimable: ceiling,,,,,False,,,0
frontier,exploratory (own screen),R4,Opus | 2-agent mixed,rule_return_half,return,receivers,"own myth, per within-family SD",,6,6,,,,,,0.07692353105279055,,not estimable: ceiling,,,,,False,,,0
frontier,exploratory (own screen),R4,Opus | 8-agent homogeneous,rule_return_half,return,receivers,"own myth, per within-family SD",,20,5,-0.0073054628947541445,-0.030484332146549,0.015873406357040713,0.5367487461448832,0.5792896448224112,0.0554352765217324,1.3397110955993954,fitted,,,,,True,1.0,1.0,12
frontier,exploratory (own screen),R4,Opus | 8-agent mixed,rule_return_half,return,receivers,"own myth, per within-family SD",,9,5,,,,,,0.03888387974794184,,not estimable: ceiling,,,,,False,,,5
frontier,exploratory (own screen),R4,Sol,rule_return_half,return,receivers,"own myth, per within-family SD",,38,20,0.004572399123764067,-0.014461505491734628,0.02360630373926276,0.6377619780737364,0.673336668334167,0.08285802053993245,1.0094292090831505,fitted,,,,,True,1.0,1.0,25
frontier,exploratory (own screen),R4,Sol | 2-agent homogeneous,rule_return_half,return,receivers,"own myth, per within-family SD",,5,5,,,,,,0.07940357923331749,,not estimable: ceiling,,,,,False,,,0
frontier,exploratory (own screen),R4,Sol | 2-agent mixed,rule_return_half,return,receivers,"own myth, per within-family SD",,6,6,,,,,,0.0953176366254003,,not estimable: ceiling,,,,,False,,,0
frontier,exploratory (own screen),R4,Sol | 8-agent homogeneous,rule_return_half,return,receivers,"own myth, per within-family SD",,20,5,0.002097834228972098,-0.01982163923377517,0.024017307691719367,0.8512050221190036,0.8254127063531765,0.08550315186139407,0.9803097398074241,fitted,,,,,True,1.0,1.0,25
frontier,exploratory (own screen),R4,Sol | 8-agent mixed,rule_return_half,return,receivers,"own myth, per within-family SD",,7,4,,,,,,0.03377673348427473,,not estimable: ceiling,,,,,False,,,10
frontier,exploratory (own screen),R4,pooled,lex_consistency,return,receivers,"own myth, per within-family SD",,113,53,0.020877110522723074,-0.0006452332770271567,0.0423994543224733,0.057275184194271425,0.0975487743871936,0.07580735899169355,0.7234599743102755,fitted,,,,,True,1.0,1.0,25
frontier,exploratory (own screen),R4,GeminiPro,lex_consistency,return,receivers,"own myth, per within-family SD",,35,19,,,,,,,,not estimable: predictor has no spread,,,,,False,,,9
frontier,exploratory (own screen),R4,GeminiPro | 2-agent homogeneous,lex_consistency,return,receivers,"own myth, per within-family SD",,5,5,,,,,,0.03302322415109302,,not estimable: ceiling,,,,,False,,,0
frontier,exploratory (own screen),R4,GeminiPro | 2-agent mixed,lex_consistency,return,receivers,"own myth, per within-family SD",,6,6,,,,,,0.03948726939716705,,not estimable: ceiling,,,,,False,,,0
frontier,exploratory (own screen),R4,GeminiPro | 8-agent homogeneous,lex_consistency,return,receivers,"own myth, per within-family SD",,20,5,,,,,,,,not estimable: predictor has no spread,,,,,False,,,7
frontier,exploratory (own screen),R4,GeminiPro | 8-agent mixed,lex_consistency,return,receivers,"own myth, per within-family SD",,4,3,,,,,,0.04978918520083417,,not estimable: ceiling,,,,,False,,,5
frontier,exploratory (own screen),R4,Opus,lex_consistency,return,receivers,"own myth, per within-family SD",,40,21,0.01659279947806902,-0.020326502576267017,0.05351210153240506,0.37838549209575945,0.4852426213106553,0.05929980265938156,0.8285750111332809,fitted,,,,,True,1.0,1.0,14
frontier,exploratory (own screen),R4,Opus | 2-agent homogeneous,lex_consistency,return,receivers,"own myth, per within-family SD",,5,5,,,,,,0.07985208548031512,,not estimable: ceiling,,,,,False,,,0
frontier,exploratory (own screen),R4,Opus | 2-agent mixed,lex_consistency,return,receivers,"own myth, per within-family SD",,6,6,,,,,,0.07692353105279055,,not estimable: ceiling,,,,,False,,,0
frontier,exploratory (own screen),R4,Opus | 8-agent homogeneous,lex_consistency,return,receivers,"own myth, per within-family SD",,20,5,0.009392721354791703,-0.04740841143504637,0.06619385414462978,0.7458603485465918,0.8899449724862432,0.0554352765217324,0.8374595498128766,fitted,,,,,True,1.0,1.0,12
frontier,exploratory (own screen),R4,Opus | 8-agent mixed,lex_consistency,return,receivers,"own myth, per within-family SD",,9,5,,,,,,0.03888387974794184,,not estimable: ceiling,,,,,False,,,5
frontier,exploratory (own screen),R4,Sol,lex_consistency,return,receivers,"own myth, per within-family SD",,38,20,0.017449968410920922,-0.010068814000309463,0.04496875082215131,0.21392859285248633,0.26413206603301653,0.08285802053993245,0.8808588014130533,fitted,,,,,True,1.0,1.0,25
frontier,exploratory (own screen),R4,Sol | 2-agent homogeneous,lex_consistency,return,receivers,"own myth, per within-family SD",,5,5,,,,,,0.07940357923331749,,not estimable: ceiling,,,,,False,,,0
frontier,exploratory (own screen),R4,Sol | 2-agent mixed,lex_consistency,return,receivers,"own myth, per within-family SD",,6,6,,,,,,0.0953176366254003,,not estimable: ceiling,,,,,False,,,0
frontier,exploratory (own screen),R4,Sol | 8-agent homogeneous,lex_consistency,return,receivers,"own myth, per within-family SD",,20,5,0.008963642500821864,-0.021809022854548606,0.03973630785619234,0.5680607820797785,0.5782891445722862,0.08550315186139407,0.9264331631158541,fitted,,,,,True,1.0,1.0,25
frontier,exploratory (own screen),R4,Sol | 8-agent mixed,lex_consistency,return,receivers,"own myth, per within-family SD",,7,4,,,,,,0.03377673348427473,,not estimable: ceiling,,,,,False,,,10
frontier,exploratory (own screen),R4,pooled,lex_community,return,receivers,"own myth, per within-family SD",,113,53,-0.0030573213181963833,-0.012389878472180336,0.006275235835787569,0.5208218410119178,0.5377688844422212,0.07580735899169355,1.3173116112223733,fitted,,,,,True,1.0,1.0,25
frontier,exploratory (own screen),R4,GeminiPro,lex_community,return,receivers,"own myth, per within-family SD",,35,19,-0.0008888605686452335,-0.013272964555941109,0.011495243418650642,0.8881266400590375,0.8819409704852427,0.05165364794867084,0.9596652631415187,fitted,,,,,True,1.0,1.0,9
frontier,exploratory (own screen),R4,GeminiPro | 2-agent homogeneous,lex_community,return,receivers,"own myth, per within-family SD",,5,5,,,,,,0.03302322415109302,,not estimable: ceiling,,,,,False,,,0
frontier,exploratory (own screen),R4,GeminiPro | 2-agent mixed,lex_community,return,receivers,"own myth, per within-family SD",,6,6,,,,,,0.03948726939716705,,not estimable: ceiling,,,,,False,,,0
frontier,exploratory (own screen),R4,GeminiPro | 8-agent homogeneous,lex_community,return,receivers,"own myth, per within-family SD",,20,5,-0.007012807817619933,-0.02334113381753371,0.009315518182293845,0.3999113662300331,0.39719859929964985,0.06069287076258221,0.8663489820260445,fitted,,,,,True,0.9638871806500842,1.0,7
frontier,exploratory (own screen),R4,GeminiPro | 8-agent mixed,lex_community,return,receivers,"own myth, per within-family SD",,4,3,,,,,,0.04978918520083417,,not estimable: ceiling,,,,,False,,,5
frontier,exploratory (own screen),R4,Opus,lex_community,return,receivers,"own myth, per within-family SD",,40,21,0.005422263363485166,-0.005846114356669893,0.016690641083640226,0.34561914057678267,0.3616808404202101,0.05929980265938156,1.5890769419361241,fitted,,,,,True,1.0,1.0,14
frontier,exploratory (own screen),R4,Opus | 2-agent homogeneous,lex_community,return,receivers,"own myth, per within-family SD",,5,5,,,,,,0.07985208548031512,,not estimable: ceiling,,,,,False,,,0
frontier,exploratory (own screen),R4,Opus | 2-agent mixed,lex_community,return,receivers,"own myth, per within-family SD",,6,6,,,,,,0.07692353105279055,,not estimable: ceiling,,,,,False,,,0
frontier,exploratory (own screen),R4,Opus | 8-agent homogeneous,lex_community,return,receivers,"own myth, per within-family SD",,20,5,0.0046771413270216495,-0.009372441618792582,0.01872672427283588,0.5140935597013127,0.5177588794397199,0.0554352765217324,1.233650709626634,fitted,,,,,True,1.0,1.0,12
frontier,exploratory (own screen),R4,Opus | 8-agent mixed,lex_community,return,receivers,"own myth, per within-family SD",,9,5,,,,,,0.03888387974794184,,not estimable: ceiling,,,,,False,,,5
frontier,exploratory (own screen),R4,Sol,lex_community,return,receivers,"own myth, per within-family SD",,38,20,-0.01565021041207543,-0.03394890121955543,0.0026484803954045753,0.09368208376730569,0.1360680340170085,0.08285802053993245,1.2437785597940685,fitted,,,,,True,1.0,1.0,25
frontier,exploratory (own screen),R4,Sol | 2-agent homogeneous,lex_community,return,receivers,"own myth, per within-family SD",,5,5,,,,,,0.07940357923331749,,not estimable: ceiling,,,,,False,,,0
frontier,exploratory (own screen),R4,Sol | 2-agent mixed,lex_community,return,receivers,"own myth, per within-family SD",,6,6,,,,,,0.0953176366254003,,not estimable: ceiling,,,,,False,,,0
frontier,exploratory (own screen),R4,Sol | 8-agent homogeneous,lex_community,return,receivers,"own myth, per within-family SD",,20,5,-0.023484471861970432,-0.05132775951575301,0.004358815791812142,0.09830334984050937,0.135567783891946,0.08550315186139407,1.3938276987201481,fitted,,,,,True,1.0,1.0,25
frontier,exploratory (own screen),R4,Sol | 8-agent mixed,lex_community,return,receivers,"own myth, per within-family SD",,7,4,,,,,,0.03377673348427473,,not estimable: ceiling,,,,,False,,,10
frontier,exploratory (own screen),R4,pooled,rule_letdown_reduce,return,receivers,"own myth, per within-family SD",,113,53,0.0014994333840033325,-0.005819020706374645,0.00881788747438131,0.6880041508808046,0.7038519259629815,0.07580735899169355,1.1261646893304018,fitted,,,,,True,1.0,1.0,25
frontier,exploratory (own screen),R4,GeminiPro,rule_letdown_reduce,return,receivers,"own myth, per within-family SD",,35,19,-0.0013372643273511949,-0.00499880533203456,0.0023242766773321696,0.4741049236625622,0.575287643821911,0.05165364794867084,1.6642729677784822,fitted,,,,,True,1.0,1.0,9
frontier,exploratory (own screen),R4,GeminiPro | 2-agent homogeneous,rule_letdown_reduce,return,receivers,"own myth, per within-family SD",,5,5,,,,,,0.03302322415109302,,not estimable: ceiling,,,,,False,,,0
frontier,exploratory (own screen),R4,GeminiPro | 2-agent mixed,rule_letdown_reduce,return,receivers,"own myth, per within-family SD",,6,6,,,,,,0.03948726939716705,,not estimable: ceiling,,,,,False,,,0
frontier,exploratory (own screen),R4,GeminiPro | 8-agent homogeneous,rule_letdown_reduce,return,receivers,"own myth, per within-family SD",,20,5,,,,,,,,not estimable: predictor has no spread,,,,,False,,,7
frontier,exploratory (own screen),R4,GeminiPro | 8-agent mixed,rule_letdown_reduce,return,receivers,"own myth, per within-family SD",,4,3,,,,,,0.04978918520083417,,not estimable: ceiling,,,,,False,,,5
frontier,exploratory (own screen),R4,Opus,rule_letdown_reduce,return,receivers,"own myth, per within-family SD",,40,21,0.0008762843893279637,-0.019338584733966366,0.021091153512622293,0.932291989096148,0.9264632316158079,0.05929980265938156,0.486176723960858,fitted,,,,,True,1.0,1.0,14
frontier,exploratory (own screen),R4,Opus | 2-agent homogeneous,rule_letdown_reduce,return,receivers,"own myth, per within-family SD",,5,5,,,,,,0.07985208548031512,,not estimable: ceiling,,,,,False,,,0
frontier,exploratory (own screen),R4,Opus | 2-agent mixed,rule_letdown_reduce,return,receivers,"own myth, per within-family SD",,6,6,,,,,,0.07692353105279055,,not estimable: ceiling,,,,,False,,,0
frontier,exploratory (own screen),R4,Opus | 8-agent homogeneous,rule_letdown_reduce,return,receivers,"own myth, per within-family SD",,20,5,,,,,,,,not estimable: predictor has no spread,,,,,False,,,12
frontier,exploratory (own screen),R4,Opus | 8-agent mixed,rule_letdown_reduce,return,receivers,"own myth, per within-family SD",,9,5,,,,,,0.03888387974794184,,not estimable: ceiling,,,,,False,,,5
frontier,exploratory (own screen),R4,Sol,rule_letdown_reduce,return,receivers,"own myth, per within-family SD",,38,20,0.005607052084441983,-0.019425272470719904,0.03063937663960387,0.6606490992424305,0.6748374187093547,0.08285802053993245,0.965673105854562,fitted,,,,,True,1.0,1.0,25
frontier,exploratory (own screen),R4,Sol | 2-agent homogeneous,rule_letdown_reduce,return,receivers,"own myth, per within-family SD",,5,5,,,,,,0.07940357923331749,,not estimable: ceiling,,,,,False,,,0
frontier,exploratory (own screen),R4,Sol | 2-agent mixed,rule_letdown_reduce,return,receivers,"own myth, per within-family SD",,6,6,,,,,,0.0953176366254003,,not estimable: ceiling,,,,,False,,,0
frontier,exploratory (own screen),R4,Sol | 8-agent homogeneous,rule_letdown_reduce,return,receivers,"own myth, per within-family SD",,20,5,0.00324684344854039,-0.03393070126253609,0.040424388159616874,0.8640897597107395,0.8344172086043021,0.08550315186139407,0.9957295057601554,fitted,,,,,True,1.0,1.0,25
frontier,exploratory (own screen),R4,Sol | 8-agent mixed,rule_letdown_reduce,return,receivers,"own myth, per within-family SD",,7,4,,,,,,0.03377673348427473,,not estimable: ceiling,,,,,False,,,10
frontier,exploratory (own screen),R3,pooled,rule_return_more_than_half,send,never played before,total (shown - unseen),"GeminiPro,Opus",171,10,0.00048381322661191243,-0.009786327345458593,0.010753953798682419,0.9264347380609852,0.9119559779889945,0.05237398262236274,1.061824837862329,fitted,-0.0005437714536280479,0.891359064678737,-0.0010275846802399603,0.7219903094483578,True,1.0,1.0,25
frontier,exploratory (own screen),R3,GeminiPro,rule_return_more_than_half,send,never played before,total (shown - unseen),,152,10,,,,,,,,not estimable: ceiling,,,,,False,,,9
frontier,exploratory (own screen),R3,GeminiPro | 8-agent homogeneous,rule_return_more_than_half,send,never played before,total (shown - unseen),,125,5,,,,,,,,not estimable: ceiling,,,,,False,,,7
frontier,exploratory (own screen),R3,GeminiPro | 8-agent mixed,rule_return_more_than_half,send,never played before,total (shown - unseen),,27,5,,,,,,,,not estimable: ceiling,,,,,False,,,5
frontier,exploratory (own screen),R3,Opus,rule_return_more_than_half,send,never played before,total (shown - unseen),,173,10,,,,,,,,not estimable: ceiling,,,,,False,,,14
frontier,exploratory (own screen),R3,Opus | 8-agent homogeneous,rule_return_more_than_half,send,never played before,total (shown - unseen),,125,5,,,,,,,,not estimable: ceiling,,,,,False,,,12
frontier,exploratory (own screen),R3,Opus | 8-agent mixed,rule_return_more_than_half,send,never played before,total (shown - unseen),,48,5,,,,,,,,not estimable: ceiling,,,,,False,,,5
frontier,exploratory (own screen),R3,Sol,rule_return_more_than_half,send,never played before,total (shown - unseen),,171,10,0.00048381322661191243,-0.009786327345458593,0.010753953798682419,0.9264347380609852,0.9079539769884942,0.05237398262236274,1.061824837862329,fitted,-0.0005437714536280479,0.891359064678737,-0.0010275846802399603,0.7219903094483578,True,1.0,1.0,25
frontier,exploratory (own screen),R3,Sol | 8-agent homogeneous,rule_return_more_than_half,send,never played before,total (shown - unseen),,125,5,-0.016499092957991672,-0.05486018782578552,0.021862001909802177,0.3992397427432802,0.26263131565782893,0.060503265707648544,0.8688687491565166,fitted,0.0006642599667699995,0.9395064225832762,0.01716335292476167,0.1907127814569496,True,1.0,1.0,25
frontier,exploratory (own screen),R3,Sol | 8-agent mixed,rule_return_more_than_half,send,never played before,total (shown - unseen),,46,5,,,,,,0.0,,not estimable: ceiling,,,,,False,,,10
frontier,exploratory (own screen),R3,pooled,rule_return_more_than_half,send,never played before,"direct, own round-r myth held fixed","GeminiPro,Opus",171,10,0.0005519314587463862,-0.009575199491219651,0.010679062408712425,0.9149329044755355,,0.05237398262236274,1.061824837862329,fitted,-0.0005366926342673748,0.8930993934209873,-0.001088624093013761,0.69397789664193,False,,,25
frontier,exploratory (own screen),R3,GeminiPro,rule_return_more_than_half,send,never played before,"direct, own round-r myth held fixed",,152,10,,,,,,,,not estimable: ceiling,,,,,False,,,9
frontier,exploratory (own screen),R3,GeminiPro | 8-agent homogeneous,rule_return_more_than_half,send,never played before,"direct, own round-r myth held fixed",,125,5,,,,,,,,not estimable: ceiling,,,,,False,,,7
frontier,exploratory (own screen),R3,GeminiPro | 8-agent mixed,rule_return_more_than_half,send,never played before,"direct, own round-r myth held fixed",,27,5,,,,,,,,not estimable: ceiling,,,,,False,,,5
frontier,exploratory (own screen),R3,Opus,rule_return_more_than_half,send,never played before,"direct, own round-r myth held fixed",,173,10,,,,,,,,not estimable: ceiling,,,,,False,,,14
frontier,exploratory (own screen),R3,Opus | 8-agent homogeneous,rule_return_more_than_half,send,never played before,"direct, own round-r myth held fixed",,125,5,,,,,,,,not estimable: ceiling,,,,,False,,,12
frontier,exploratory (own screen),R3,Opus | 8-agent mixed,rule_return_more_than_half,send,never played before,"direct, own round-r myth held fixed",,48,5,,,,,,,,not estimable: ceiling,,,,,False,,,5
frontier,exploratory (own screen),R3,Sol,rule_return_more_than_half,send,never played before,"direct, own round-r myth held fixed",,171,10,0.0005519314587463862,-0.009575199491219651,0.010679062408712425,0.9149329044755355,,0.05237398262236274,1.061824837862329,fitted,-0.0005366926342673748,0.8930993934209873,-0.001088624093013761,0.69397789664193,False,,,25
frontier,exploratory (own screen),R3,Sol | 8-agent homogeneous,rule_return_more_than_half,send,never played before,"direct, own round-r myth held fixed",,125,5,-0.016922447310055704,-0.05690644724770008,0.023061552627588675,0.4068122100987601,,0.060503265707648544,0.8688687491565166,fitted,0.0005883566143697807,0.947448400617637,0.017510803924425486,0.1970212979856628,False,,,25
frontier,exploratory (own screen),R3,Sol | 8-agent mixed,rule_return_more_than_half,send,never played before,"direct, own round-r myth held fixed",,46,5,,,,,,0.0,,not estimable: ceiling,,,,,False,,,10
frontier,exploratory (own screen),R3,pooled,rule_return_more_than_half,send,author != current partner,total (shown - unseen),"GeminiPro,Opus",221,10,-0.0026949867049592914,-0.01173784945760041,0.006347876047681827,0.5591425638825749,,0.044624674560122826,1.0974497127663279,fitted,-0.0015926578446750744,0.6142171878628866,0.0011023288602842168,0.6659520799019525,False,,,25
frontier,exploratory (own screen),R3,GeminiPro,rule_return_more_than_half,send,author != current partner,total (shown - unseen),,194,10,,,,,,,,not estimable: ceiling,,,,,False,,,9
frontier,exploratory (own screen),R3,GeminiPro | 8-agent homogeneous,rule_return_more_than_half,send,author != current partner,total (shown - unseen),,160,5,,,,,,,,not estimable: ceiling,,,,,False,,,7
frontier,exploratory (own screen),R3,GeminiPro | 8-agent mixed,rule_return_more_than_half,send,author != current partner,total (shown - unseen),,34,5,,,,,,,,not estimable: ceiling,,,,,False,,,5
frontier,exploratory (own screen),R3,Opus,rule_return_more_than_half,send,author != current partner,total (shown - unseen),,220,10,,,,,,,,not estimable: ceiling,,,,,False,,,14
frontier,exploratory (own screen),R3,Opus | 8-agent homogeneous,rule_return_more_than_half,send,author != current partner,total (shown - unseen),,160,5,,,,,,,,not estimable: ceiling,,,,,False,,,12
frontier,exploratory (own screen),R3,Opus | 8-agent mixed,rule_return_more_than_half,send,author != current partner,total (shown - unseen),,60,5,,,,,,,,not estimable: ceiling,,,,,False,,,5
frontier,exploratory (own screen),R3,Sol,rule_return_more_than_half,send,author != current partner,total (shown - unseen),,221,10,-0.0026949867049592914,-0.01173784945760041,0.006347876047681827,0.5591425638825749,,0.044624674560122826,1.0974497127663279,fitted,-0.0015926578446750744,0.6142171878628866,0.0011023288602842168,0.6659520799019525,False,,,25
frontier,exploratory (own screen),R3,Sol | 8-agent homogeneous,rule_return_more_than_half,send,author != current partner,total (shown - unseen),,160,5,-0.01743466834418405,-0.0329294693517502,-0.0019398673366179016,0.027430165376056467,,0.05198875059740564,0.9062905659253788,fitted,-0.002158280369866643,0.7621037872698708,0.015276387974317407,1.1103950918498553e-41,False,,,25
frontier,exploratory (own screen),R3,Sol | 8-agent mixed,rule_return_more_than_half,send,author != current partner,total (shown - unseen),,61,5,,,,,,0.0,,not estimable: ceiling,,,,,False,,,10
frontier,exploratory (own screen),R3,pooled,rule_return_more_than_half,send,author != current partner,"direct, own round-r myth held fixed","GeminiPro,Opus",221,10,-0.0028486498042582585,-0.012032205796453855,0.006334906187937337,0.5432128250339774,,0.044624674560122826,1.0974497127663279,fitted,-0.0014486255681920319,0.6514462258022893,0.0014000242360662266,0.5744119971913433,False,,,25
frontier,exploratory (own screen),R3,GeminiPro,rule_return_more_than_half,send,author != current partner,"direct, own round-r myth held fixed",,194,10,,,,,,,,not estimable: ceiling,,,,,False,,,9
frontier,exploratory (own screen),R3,GeminiPro | 8-agent homogeneous,rule_return_more_than_half,send,author != current partner,"direct, own round-r myth held fixed",,160,5,,,,,,,,not estimable: ceiling,,,,,False,,,7
frontier,exploratory (own screen),R3,GeminiPro | 8-agent mixed,rule_return_more_than_half,send,author != current partner,"direct, own round-r myth held fixed",,34,5,,,,,,,,not estimable: ceiling,,,,,False,,,5
frontier,exploratory (own screen),R3,Opus,rule_return_more_than_half,send,author != current partner,"direct, own round-r myth held fixed",,220,10,,,,,,,,not estimable: ceiling,,,,,False,,,14
frontier,exploratory (own screen),R3,Opus | 8-agent homogeneous,rule_return_more_than_half,send,author != current partner,"direct, own round-r myth held fixed",,160,5,,,,,,,,not estimable: ceiling,,,,,False,,,12
frontier,exploratory (own screen),R3,Opus | 8-agent mixed,rule_return_more_than_half,send,author != current partner,"direct, own round-r myth held fixed",,60,5,,,,,,,,not estimable: ceiling,,,,,False,,,5
frontier,exploratory (own screen),R3,Sol,rule_return_more_than_half,send,author != current partner,"direct, own round-r myth held fixed",,221,10,-0.0028486498042582585,-0.012032205796453855,0.006334906187937337,0.5432128250339774,,0.044624674560122826,1.0974497127663279,fitted,-0.0014486255681920319,0.6514462258022893,0.0014000242360662266,0.5744119971913433,False,,,25
frontier,exploratory (own screen),R3,Sol | 8-agent homogeneous,rule_return_more_than_half,send,author != current partner,"direct, own round-r myth held fixed",,160,5,-0.01822774586068409,-0.035050741155048755,-0.0014047505663194251,0.0337015530260065,,0.05198875059740564,0.9062905659253788,fitted,-0.002114977510318604,0.7715036960979496,0.016112768350365486,2.9589869409825355e-11,False,,,25
frontier,exploratory (own screen),R3,Sol | 8-agent mixed,rule_return_more_than_half,send,author != current partner,"direct, own round-r myth held fixed",,61,5,,,,,,0.0,,not estimable: ceiling,,,,,False,,,10
frontier,exploratory (own screen),R3,pooled,rule_return_half,send,never played before,total (shown - unseen),"GeminiPro,Opus",171,10,-0.00024035776603213233,-0.006678907182953355,0.00619819165088909,0.9416728282435493,0.9129564782391195,0.05237398262236274,1.1120080044109466,fitted,0.00011882793228226197,0.9499984337369809,0.0003591856983143943,0.9303489323553698,True,1.0,1.0,25
frontier,exploratory (own screen),R3,GeminiPro,rule_return_half,send,never played before,total (shown - unseen),,152,10,,,,,,,,not estimable: ceiling,,,,,False,,,9
frontier,exploratory (own screen),R3,GeminiPro | 8-agent homogeneous,rule_return_half,send,never played before,total (shown - unseen),,125,5,,,,,,,,not estimable: ceiling,,,,,False,,,7
frontier,exploratory (own screen),R3,GeminiPro | 8-agent mixed,rule_return_half,send,never played before,total (shown - unseen),,27,5,,,,,,,,not estimable: ceiling,,,,,False,,,5
frontier,exploratory (own screen),R3,Opus,rule_return_half,send,never played before,total (shown - unseen),,173,10,,,,,,,,not estimable: ceiling,,,,,False,,,14
frontier,exploratory (own screen),R3,Opus | 8-agent homogeneous,rule_return_half,send,never played before,total (shown - unseen),,125,5,,,,,,,,not estimable: ceiling,,,,,False,,,12
frontier,exploratory (own screen),R3,Opus | 8-agent mixed,rule_return_half,send,never played before,total (shown - unseen),,48,5,,,,,,,,not estimable: ceiling,,,,,False,,,5
frontier,exploratory (own screen),R3,Sol,rule_return_half,send,never played before,total (shown - unseen),,171,10,-0.00024035776603213233,-0.006678907182953355,0.00619819165088909,0.9416728282435493,0.8874437218609305,0.05237398262236274,1.1120080044109466,fitted,0.00011882793228226197,0.9499984337369809,0.0003591856983143943,0.9303489323553698,True,1.0,1.0,25
frontier,exploratory (own screen),R3,Sol | 8-agent homogeneous,rule_return_half,send,never played before,total (shown - unseen),,125,5,0.01337954036816899,-0.00810381737578765,0.03486289811212563,0.22222285766727579,0.25812906453226614,0.060503265707648544,0.9939688028368631,fitted,-0.0017155912144788264,0.5225177810619234,-0.015095131582647817,0.21232674916504446,True,1.0,1.0,25
frontier,exploratory (own screen),R3,Sol | 8-agent mixed,rule_return_half,send,never played before,total (shown - unseen),,46,5,,,,,,0.0,,not estimable: ceiling,,,,,False,,,10
frontier,exploratory (own screen),R3,pooled,rule_return_half,send,never played before,"direct, own round-r myth held fixed","GeminiPro,Opus",171,10,-0.0005356108709828077,-0.007492431294376465,0.00642120955241085,0.8800553018240317,,0.05237398262236274,1.1120080044109466,fitted,0.00022987253369143902,0.9032400477077063,0.0007654834046742468,0.8635056488015418,False,,,25
frontier,exploratory (own screen),R3,GeminiPro,rule_return_half,send,never played before,"direct, own round-r myth held fixed",,152,10,,,,,,,,not estimable: ceiling,,,,,False,,,9
frontier,exploratory (own screen),R3,GeminiPro | 8-agent homogeneous,rule_return_half,send,never played before,"direct, own round-r myth held fixed",,125,5,,,,,,,,not estimable: ceiling,,,,,False,,,7
frontier,exploratory (own screen),R3,GeminiPro | 8-agent mixed,rule_return_half,send,never played before,"direct, own round-r myth held fixed",,27,5,,,,,,,,not estimable: ceiling,,,,,False,,,5
frontier,exploratory (own screen),R3,Opus,rule_return_half,send,never played before,"direct, own round-r myth held fixed",,173,10,,,,,,,,not estimable: ceiling,,,,,False,,,14
frontier,exploratory (own screen),R3,Opus | 8-agent homogeneous,rule_return_half,send,never played before,"direct, own round-r myth held fixed",,125,5,,,,,,,,not estimable: ceiling,,,,,False,,,12
frontier,exploratory (own screen),R3,Opus | 8-agent mixed,rule_return_half,send,never played before,"direct, own round-r myth held fixed",,48,5,,,,,,,,not estimable: ceiling,,,,,False,,,5
frontier,exploratory (own screen),R3,Sol,rule_return_half,send,never played before,"direct, own round-r myth held fixed",,171,10,-0.0005356108709828077,-0.007492431294376465,0.00642120955241085,0.8800553018240317,,0.05237398262236274,1.1120080044109466,fitted,0.00022987253369143902,0.9032400477077063,0.0007654834046742468,0.8635056488015418,False,,,25
frontier,exploratory (own screen),R3,Sol | 8-agent homogeneous,rule_return_half,send,never played before,"direct, own round-r myth held fixed",,125,5,0.01316586169574573,-0.009437107924462448,0.0357688313159539,0.25360073718768605,,0.060503265707648544,0.9939688028368631,fitted,-0.0017254439583996133,0.5261659260087382,-0.014891305654145343,0.23355085640936835,False,,,25
frontier,exploratory (own screen),R3,Sol | 8-agent mixed,rule_return_half,send,never played before,"direct, own round-r myth held fixed",,46,5,,,,,,0.0,,not estimable: ceiling,,,,,False,,,10
frontier,exploratory (own screen),R3,pooled,rule_return_half,send,author != current partner,total (shown - unseen),"GeminiPro,Opus",221,10,0.003538755848814837,-0.004156719006536054,0.011234230704165729,0.3674355665905926,,0.044624674560122826,1.1156961977856008,fitted,0.0022969996487337617,0.24103352315279614,-0.0012417562000810755,0.7144352437653467,False,,,25
frontier,exploratory (own screen),R3,GeminiPro,rule_return_half,send,author != current partner,total (shown - unseen),,194,10,,,,,,,,not estimable: ceiling,,,,,False,,,9
frontier,exploratory (own screen),R3,GeminiPro | 8-agent homogeneous,rule_return_half,send,author != current partner,total (shown - unseen),,160,5,,,,,,,,not estimable: ceiling,,,,,False,,,7
frontier,exploratory (own screen),R3,GeminiPro | 8-agent mixed,rule_return_half,send,author != current partner,total (shown - unseen),,34,5,,,,,,,,not estimable: ceiling,,,,,False,,,5
frontier,exploratory (own screen),R3,Opus,rule_return_half,send,author != current partner,total (shown - unseen),,220,10,,,,,,,,not estimable: ceiling,,,,,False,,,14
frontier,exploratory (own screen),R3,Opus | 8-agent homogeneous,rule_return_half,send,author != current partner,total (shown - unseen),,160,5,,,,,,,,not estimable: ceiling,,,,,False,,,12
frontier,exploratory (own screen),R3,Opus | 8-agent mixed,rule_return_half,send,author != current partner,total (shown - unseen),,60,5,,,,,,,,not estimable: ceiling,,,,,False,,,5
frontier,exploratory (own screen),R3,Sol,rule_return_half,send,author != current partner,total (shown - unseen),,221,10,0.003538755848814837,-0.004156719006536054,0.011234230704165729,0.3674355665905926,,0.044624674560122826,1.1156961977856008,fitted,0.0022969996487337617,0.24103352315279614,-0.0012417562000810755,0.7144352437653467,False,,,25
frontier,exploratory (own screen),R3,Sol | 8-agent homogeneous,rule_return_half,send,author != current partner,total (shown - unseen),,160,5,0.01682932727360121,-0.0031091352568197103,0.03676778980402213,0.09805967992725183,,0.05198875059740564,0.9914133025122609,fitted,0.002384306790040265,0.4931776676854611,-0.014445020483560944,0.13193518354005498,False,,,25
frontier,exploratory (own screen),R3,Sol | 8-agent mixed,rule_return_half,send,author != current partner,total (shown - unseen),,61,5,,,,,,0.0,,not estimable: ceiling,,,,,False,,,10
frontier,exploratory (own screen),R3,pooled,rule_return_half,send,author != current partner,"direct, own round-r myth held fixed","GeminiPro,Opus",221,10,0.003500465787322865,-0.004321917427875674,0.011322849002521403,0.3804479776518691,,0.044624674560122826,1.1156961977856008,fitted,0.002596593463950059,0.15221145885011492,-0.000903872323372806,0.808390730707833,False,,,25
frontier,exploratory (own screen),R3,GeminiPro,rule_return_half,send,author != current partner,"direct, own round-r myth held fixed",,194,10,,,,,,,,not estimable: ceiling,,,,,False,,,9
frontier,exploratory (own screen),R3,GeminiPro | 8-agent homogeneous,rule_return_half,send,author != current partner,"direct, own round-r myth held fixed",,160,5,,,,,,,,not estimable: ceiling,,,,,False,,,7
frontier,exploratory (own screen),R3,GeminiPro | 8-agent mixed,rule_return_half,send,author != current partner,"direct, own round-r myth held fixed",,34,5,,,,,,,,not estimable: ceiling,,,,,False,,,5
frontier,exploratory (own screen),R3,Opus,rule_return_half,send,author != current partner,"direct, own round-r myth held fixed",,220,10,,,,,,,,not estimable: ceiling,,,,,False,,,14
frontier,exploratory (own screen),R3,Opus | 8-agent homogeneous,rule_return_half,send,author != current partner,"direct, own round-r myth held fixed",,160,5,,,,,,,,not estimable: ceiling,,,,,False,,,12
frontier,exploratory (own screen),R3,Opus | 8-agent mixed,rule_return_half,send,author != current partner,"direct, own round-r myth held fixed",,60,5,,,,,,,,not estimable: ceiling,,,,,False,,,5
frontier,exploratory (own screen),R3,Sol,rule_return_half,send,author != current partner,"direct, own round-r myth held fixed",,221,10,0.003500465787322865,-0.004321917427875674,0.011322849002521403,0.3804479776518691,,0.044624674560122826,1.1156961977856008,fitted,0.002596593463950059,0.15221145885011492,-0.000903872323372806,0.808390730707833,False,,,25
frontier,exploratory (own screen),R3,Sol | 8-agent homogeneous,rule_return_half,send,author != current partner,"direct, own round-r myth held fixed",,160,5,0.016680254492887098,-0.004397747505249978,0.03775825649102417,0.12089353270674552,,0.05198875059740564,0.9914133025122609,fitted,0.0024554628450051685,0.4714480220336552,-0.01422479164788193,0.16309655681107438,False,,,25
frontier,exploratory (own screen),R3,Sol | 8-agent mixed,rule_return_half,send,author != current partner,"direct, own round-r myth held fixed",,61,5,,,,,,0.0,,not estimable: ceiling,,,,,False,,,10
frontier,exploratory (own screen),R3,pooled,lex_consistency,send,never played before,total (shown - unseen),"GeminiPro,Opus",171,10,0.006657379721691184,-0.0023145639133804272,0.015629323356762793,0.1458530547710014,0.10755377688844422,0.05237398262236274,0.9456040596810185,fitted,0.004846126914908875,0.3070345259176317,-0.0018112528067823087,0.6715211514191024,True,1.0,1.0,25
frontier,exploratory (own screen),R3,GeminiPro,lex_consistency,send,never played before,total (shown - unseen),,152,10,,,,,,,,not estimable: ceiling,,,,,False,,,9
frontier,exploratory (own screen),R3,GeminiPro | 8-agent homogeneous,lex_consistency,send,never played before,total (shown - unseen),,125,5,,,,,,,,not estimable: ceiling,,,,,False,,,7
frontier,exploratory (own screen),R3,GeminiPro | 8-agent mixed,lex_consistency,send,never played before,total (shown - unseen),,27,5,,,,,,,,not estimable: ceiling,,,,,False,,,5
frontier,exploratory (own screen),R3,Opus,lex_consistency,send,never played before,total (shown - unseen),,173,10,,,,,,,,not estimable: ceiling,,,,,False,,,14
frontier,exploratory (own screen),R3,Opus | 8-agent homogeneous,lex_consistency,send,never played before,total (shown - unseen),,125,5,,,,,,,,not estimable: ceiling,,,,,False,,,12
frontier,exploratory (own screen),R3,Opus | 8-agent mixed,lex_consistency,send,never played before,total (shown - unseen),,48,5,,,,,,,,not estimable: ceiling,,,,,False,,,5
frontier,exploratory (own screen),R3,Sol,lex_consistency,send,never played before,total (shown - unseen),,171,10,0.006657379721691184,-0.0023145639133804272,0.015629323356762793,0.1458530547710014,0.09904952476238119,0.05237398262236274,0.9456040596810185,fitted,0.004846126914908875,0.3070345259176317,-0.0018112528067823087,0.6715211514191024,True,1.0,1.0,25
frontier,exploratory (own screen),R3,Sol | 8-agent homogeneous,lex_consistency,send,never played before,total (shown - unseen),,125,5,0.013919130298798293,0.00039772024944883383,0.027440540348147753,0.043631417032845156,0.03551775887943972,0.060503265707648544,0.8367075158700339,fitted,0.005076185816424043,0.5862043615860189,-0.00884294448237425,0.07871536902558832,True,0.9598911747225934,0.887943971985993,25
frontier,exploratory (own screen),R3,Sol | 8-agent mixed,lex_consistency,send,never played before,total (shown - unseen),,46,5,,,,,,0.0,,not estimable: ceiling,,,,,False,,,10
frontier,exploratory (own screen),R3,pooled,lex_consistency,send,never played before,"direct, own round-r myth held fixed","GeminiPro,Opus",171,10,0.005962198485415071,-0.0024667144094615134,0.014391111380291656,0.16563024698268858,,0.05237398262236274,0.9456040596810185,fitted,0.004171100985986609,0.334624981142301,-0.0017910974994284623,0.6763311679638453,False,,,25
frontier,exploratory (own screen),R3,GeminiPro,lex_consistency,send,never played before,"direct, own round-r myth held fixed",,152,10,,,,,,,,not estimable: ceiling,,,,,False,,,9
frontier,exploratory (own screen),R3,GeminiPro | 8-agent homogeneous,lex_consistency,send,never played before,"direct, own round-r myth held fixed",,125,5,,,,,,,,not estimable: ceiling,,,,,False,,,7
frontier,exploratory (own screen),R3,GeminiPro | 8-agent mixed,lex_consistency,send,never played before,"direct, own round-r myth held fixed",,27,5,,,,,,,,not estimable: ceiling,,,,,False,,,5
frontier,exploratory (own screen),R3,Opus,lex_consistency,send,never played before,"direct, own round-r myth held fixed",,173,10,,,,,,,,not estimable: ceiling,,,,,False,,,14
frontier,exploratory (own screen),R3,Opus | 8-agent homogeneous,lex_consistency,send,never played before,"direct, own round-r myth held fixed",,125,5,,,,,,,,not estimable: ceiling,,,,,False,,,12
frontier,exploratory (own screen),R3,Opus | 8-agent mixed,lex_consistency,send,never played before,"direct, own round-r myth held fixed",,48,5,,,,,,,,not estimable: ceiling,,,,,False,,,5
frontier,exploratory (own screen),R3,Sol,lex_consistency,send,never played before,"direct, own round-r myth held fixed",,171,10,0.005962198485415071,-0.0024667144094615134,0.014391111380291656,0.16563024698268858,,0.05237398262236274,0.9456040596810185,fitted,0.004171100985986609,0.334624981142301,-0.0017910974994284623,0.6763311679638453,False,,,25
frontier,exploratory (own screen),R3,Sol | 8-agent homogeneous,lex_consistency,send,never played before,"direct, own round-r myth held fixed",,125,5,0.012907542819186829,-0.005925485675522509,0.03174057131389617,0.17917636663456216,,0.060503265707648544,0.8367075158700339,fitted,0.0037669424019054418,0.6904334303319555,-0.009140600417281387,0.18355367996426775,False,,,25
frontier,exploratory (own screen),R3,Sol | 8-agent mixed,lex_consistency,send,never played before,"direct, own round-r myth held fixed",,46,5,,,,,,0.0,,not estimable: ceiling,,,,,False,,,10
frontier,exploratory (own screen),R3,pooled,lex_consistency,send,author != current partner,total (shown - unseen),"GeminiPro,Opus",221,10,0.0062924192093336585,0.0006966445649981244,0.011888193853669193,0.027526509482371633,,0.044624674560122826,1.0239002402350146,fitted,0.004417036073404332,0.1420461249456974,-0.0018753831359293264,0.2988992354200355,False,,,25
frontier,exploratory (own screen),R3,GeminiPro,lex_consistency,send,author != current partner,total (shown - unseen),,194,10,,,,,,,,not estimable: ceiling,,,,,False,,,9
frontier,exploratory (own screen),R3,GeminiPro | 8-agent homogeneous,lex_consistency,send,author != current partner,total (shown - unseen),,160,5,,,,,,,,not estimable: ceiling,,,,,False,,,7
frontier,exploratory (own screen),R3,GeminiPro | 8-agent mixed,lex_consistency,send,author != current partner,total (shown - unseen),,34,5,,,,,,,,not estimable: ceiling,,,,,False,,,5
frontier,exploratory (own screen),R3,Opus,lex_consistency,send,author != current partner,total (shown - unseen),,220,10,,,,,,,,not estimable: ceiling,,,,,False,,,14
frontier,exploratory (own screen),R3,Opus | 8-agent homogeneous,lex_consistency,send,author != current partner,total (shown - unseen),,160,5,,,,,,,,not estimable: ceiling,,,,,False,,,12
frontier,exploratory (own screen),R3,Opus | 8-agent mixed,lex_consistency,send,author != current partner,total (shown - unseen),,60,5,,,,,,,,not estimable: ceiling,,,,,False,,,5
frontier,exploratory (own screen),R3,Sol,lex_consistency,send,author != current partner,total (shown - unseen),,221,10,0.0062924192093336585,0.0006966445649981244,0.011888193853669193,0.027526509482371633,,0.044624674560122826,1.0239002402350146,fitted,0.004417036073404332,0.1420461249456974,-0.0018753831359293264,0.2988992354200355,False,,,25
frontier,exploratory (own screen),R3,Sol | 8-agent homogeneous,lex_consistency,send,author != current partner,total (shown - unseen),,160,5,0.007567592223553217,-0.002031603430041216,0.01716678787714765,0.12230970700302889,,0.05198875059740564,0.9268443924900686,fitted,0.004682365080697861,0.31778604626449336,-0.0028852271428553566,0.507825264023075,False,,,25
frontier,exploratory (own screen),R3,Sol | 8-agent mixed,lex_consistency,send,author != current partner,total (shown - unseen),,61,5,,,,,,0.0,,not estimable: ceiling,,,,,False,,,10
frontier,exploratory (own screen),R3,pooled,lex_consistency,send,author != current partner,"direct, own round-r myth held fixed","GeminiPro,Opus",221,10,0.006355089735572759,0.000979628268629548,0.011730551202515972,0.02049559795987636,,0.044624674560122826,1.0239002402350146,fitted,0.004511242623557487,0.12160133524720414,-0.001843847112015272,0.3074359894733839,False,,,25
frontier,exploratory (own screen),R3,GeminiPro,lex_consistency,send,author != current partner,"direct, own round-r myth held fixed",,194,10,,,,,,,,not estimable: ceiling,,,,,False,,,9
frontier,exploratory (own screen),R3,GeminiPro | 8-agent homogeneous,lex_consistency,send,author != current partner,"direct, own round-r myth held fixed",,160,5,,,,,,,,not estimable: ceiling,,,,,False,,,7
frontier,exploratory (own screen),R3,GeminiPro | 8-agent mixed,lex_consistency,send,author != current partner,"direct, own round-r myth held fixed",,34,5,,,,,,,,not estimable: ceiling,,,,,False,,,5
frontier,exploratory (own screen),R3,Opus,lex_consistency,send,author != current partner,"direct, own round-r myth held fixed",,220,10,,,,,,,,not estimable: ceiling,,,,,False,,,14
frontier,exploratory (own screen),R3,Opus | 8-agent homogeneous,lex_consistency,send,author != current partner,"direct, own round-r myth held fixed",,160,5,,,,,,,,not estimable: ceiling,,,,,False,,,12
frontier,exploratory (own screen),R3,Opus | 8-agent mixed,lex_consistency,send,author != current partner,"direct, own round-r myth held fixed",,60,5,,,,,,,,not estimable: ceiling,,,,,False,,,5
frontier,exploratory (own screen),R3,Sol,lex_consistency,send,author != current partner,"direct, own round-r myth held fixed",,221,10,0.006355089735572759,0.000979628268629548,0.011730551202515972,0.02049559795987636,,0.044624674560122826,1.0239002402350146,fitted,0.004511242623557487,0.12160133524720414,-0.001843847112015272,0.3074359894733839,False,,,25
frontier,exploratory (own screen),R3,Sol | 8-agent homogeneous,lex_consistency,send,author != current partner,"direct, own round-r myth held fixed",,160,5,0.007563046169548719,-0.0013759586552681193,0.01650205099436556,0.09726265245678131,,0.05198875059740564,0.9268443924900686,fitted,0.004672170271214575,0.2453121319563032,-0.0028908758983341443,0.5214754091779163,False,,,25
frontier,exploratory (own screen),R3,Sol | 8-agent mixed,lex_consistency,send,author != current partner,"direct, own round-r myth held fixed",,61,5,,,,,,0.0,,not estimable: ceiling,,,,,False,,,10
frontier,exploratory (own screen),R3,pooled,lex_community,send,never played before,total (shown - unseen),"GeminiPro,Opus",171,10,0.00691772859394447,-0.0038508029403560746,0.017686260128245014,0.2079995522166762,0.11105552776388194,0.05237398262236274,0.9883276980827576,fitted,0.002236764188231372,0.5476051333908742,-0.004680964405713098,0.5007981983668317,True,1.0,1.0,25
frontier,exploratory (own screen),R3,GeminiPro,lex_community,send,never played before,total (shown - unseen),,152,10,,,,,,,,not estimable: ceiling,,,,,False,,,9
frontier,exploratory (own screen),R3,GeminiPro | 8-agent homogeneous,lex_community,send,never played before,total (shown - unseen),,125,5,,,,,,,,not estimable: ceiling,,,,,False,,,7
frontier,exploratory (own screen),R3,GeminiPro | 8-agent mixed,lex_community,send,never played before,total (shown - unseen),,27,5,,,,,,,,not estimable: ceiling,,,,,False,,,5
frontier,exploratory (own screen),R3,Opus,lex_community,send,never played before,total (shown - unseen),,173,10,,,,,,,,not estimable: ceiling,,,,,False,,,14
frontier,exploratory (own screen),R3,Opus | 8-agent homogeneous,lex_community,send,never played before,total (shown - unseen),,125,5,,,,,,,,not estimable: ceiling,,,,,False,,,12
frontier,exploratory (own screen),R3,Opus | 8-agent mixed,lex_community,send,never played before,total (shown - unseen),,48,5,,,,,,,,not estimable: ceiling,,,,,False,,,5
frontier,exploratory (own screen),R3,Sol,lex_community,send,never played before,total (shown - unseen),,171,10,0.00691772859394447,-0.0038508029403560746,0.017686260128245014,0.2079995522166762,0.09804902451225612,0.05237398262236274,0.9883276980827576,fitted,0.002236764188231372,0.5476051333908742,-0.004680964405713098,0.5007981983668317,True,1.0,1.0,25
frontier,exploratory (own screen),R3,Sol | 8-agent homogeneous,lex_community,send,never played before,total (shown - unseen),,125,5,0.0113605742026368,-0.02889879570457845,0.05161994410985205,0.5802143461744148,0.5662831415707854,0.060503265707648544,1.0750539414674463,fitted,0.0023309915579588624,0.6499227796692599,-0.009029582644677937,0.6803738112196007,True,1.0,1.0,25
frontier,exploratory (own screen),R3,Sol | 8-agent mixed,lex_community,send,never played before,total (shown - unseen),,46,5,,,,,,0.0,,not estimable: ceiling,,,,,False,,,10
frontier,exploratory (own screen),R3,pooled,lex_community,send,never played before,"direct, own round-r myth held fixed","GeminiPro,Opus",171,10,0.00715431677497949,-0.0035207439719506057,0.017829377521909585,0.18899840442979743,,0.05237398262236274,0.9883276980827576,fitted,0.0024464784845627347,0.5170765040209844,-0.0047078382904167555,0.5054133201637627,False,,,25
frontier,exploratory (own screen),R3,GeminiPro,lex_community,send,never played before,"direct, own round-r myth held fixed",,152,10,,,,,,,,not estimable: ceiling,,,,,False,,,9
frontier,exploratory (own screen),R3,GeminiPro | 8-agent homogeneous,lex_community,send,never played before,"direct, own round-r myth held fixed",,125,5,,,,,,,,not estimable: ceiling,,,,,False,,,7
frontier,exploratory (own screen),R3,GeminiPro | 8-agent mixed,lex_community,send,never played before,"direct, own round-r myth held fixed",,27,5,,,,,,,,not estimable: ceiling,,,,,False,,,5
frontier,exploratory (own screen),R3,Opus,lex_community,send,never played before,"direct, own round-r myth held fixed",,173,10,,,,,,,,not estimable: ceiling,,,,,False,,,14
frontier,exploratory (own screen),R3,Opus | 8-agent homogeneous,lex_community,send,never played before,"direct, own round-r myth held fixed",,125,5,,,,,,,,not estimable: ceiling,,,,,False,,,12
frontier,exploratory (own screen),R3,Opus | 8-agent mixed,lex_community,send,never played before,"direct, own round-r myth held fixed",,48,5,,,,,,,,not estimable: ceiling,,,,,False,,,5
frontier,exploratory (own screen),R3,Sol,lex_community,send,never played before,"direct, own round-r myth held fixed",,171,10,0.00715431677497949,-0.0035207439719506057,0.017829377521909585,0.18899840442979743,,0.05237398262236274,0.9883276980827576,fitted,0.0024464784845627347,0.5170765040209844,-0.0047078382904167555,0.5054133201637627,False,,,25
frontier,exploratory (own screen),R3,Sol | 8-agent homogeneous,lex_community,send,never played before,"direct, own round-r myth held fixed",,125,5,0.011298178460389358,-0.029876037357719966,0.05247239427849868,0.5907062510015675,,0.060503265707648544,1.0750539414674463,fitted,0.0024190229878776615,0.6584373613229151,-0.008879155472511696,0.6981129606424554,False,,,25
frontier,exploratory (own screen),R3,Sol | 8-agent mixed,lex_community,send,never played before,"direct, own round-r myth held fixed",,46,5,,,,,,0.0,,not estimable: ceiling,,,,,False,,,10
frontier,exploratory (own screen),R3,pooled,lex_community,send,author != current partner,total (shown - unseen),"GeminiPro,Opus",221,10,0.008630112679817798,-0.00441024443514477,0.021670469794780364,0.19459512419710312,,0.044624674560122826,0.970525457930029,fitted,0.001237367377387959,0.4698492726368111,-0.007392745302429839,0.25097841735802506,False,,,25
frontier,exploratory (own screen),R3,GeminiPro,lex_community,send,author != current partner,total (shown - unseen),,194,10,,,,,,,,not estimable: ceiling,,,,,False,,,9
frontier,exploratory (own screen),R3,GeminiPro | 8-agent homogeneous,lex_community,send,author != current partner,total (shown - unseen),,160,5,,,,,,,,not estimable: ceiling,,,,,False,,,7
frontier,exploratory (own screen),R3,GeminiPro | 8-agent mixed,lex_community,send,author != current partner,total (shown - unseen),,34,5,,,,,,,,not estimable: ceiling,,,,,False,,,5
frontier,exploratory (own screen),R3,Opus,lex_community,send,author != current partner,total (shown - unseen),,220,10,,,,,,,,not estimable: ceiling,,,,,False,,,14
frontier,exploratory (own screen),R3,Opus | 8-agent homogeneous,lex_community,send,author != current partner,total (shown - unseen),,160,5,,,,,,,,not estimable: ceiling,,,,,False,,,12
frontier,exploratory (own screen),R3,Opus | 8-agent mixed,lex_community,send,author != current partner,total (shown - unseen),,60,5,,,,,,,,not estimable: ceiling,,,,,False,,,5
frontier,exploratory (own screen),R3,Sol,lex_community,send,author != current partner,total (shown - unseen),,221,10,0.008630112679817798,-0.00441024443514477,0.021670469794780364,0.19459512419710312,,0.044624674560122826,0.970525457930029,fitted,0.001237367377387959,0.4698492726368111,-0.007392745302429839,0.25097841735802506,False,,,25
frontier,exploratory (own screen),R3,Sol | 8-agent homogeneous,lex_community,send,author != current partner,total (shown - unseen),,160,5,0.013687349019325834,-0.016967421025522685,0.04434211906417435,0.3815066856911479,,0.05198875059740564,1.047833561486144,fitted,0.0021344477775523396,0.3920306427375214,-0.011552901241773494,0.4476524838895356,False,,,25
frontier,exploratory (own screen),R3,Sol | 8-agent mixed,lex_community,send,author != current partner,total (shown - unseen),,61,5,,,,,,0.0,,not estimable: ceiling,,,,,False,,,10
frontier,exploratory (own screen),R3,pooled,lex_community,send,author != current partner,"direct, own round-r myth held fixed","GeminiPro,Opus",221,10,0.009050803052548082,-0.004025304928818238,0.0221269110339144,0.17490348108477505,,0.044624674560122826,0.970525457930029,fitted,0.001993374678414251,0.24034617051198415,-0.007057428374133831,0.2846181995922138,False,,,25
frontier,exploratory (own screen),R3,GeminiPro,lex_community,send,author != current partner,"direct, own round-r myth held fixed",,194,10,,,,,,,,not estimable: ceiling,,,,,False,,,9
frontier,exploratory (own screen),R3,GeminiPro | 8-agent homogeneous,lex_community,send,author != current partner,"direct, own round-r myth held fixed",,160,5,,,,,,,,not estimable: ceiling,,,,,False,,,7
frontier,exploratory (own screen),R3,GeminiPro | 8-agent mixed,lex_community,send,author != current partner,"direct, own round-r myth held fixed",,34,5,,,,,,,,not estimable: ceiling,,,,,False,,,5
frontier,exploratory (own screen),R3,Opus,lex_community,send,author != current partner,"direct, own round-r myth held fixed",,220,10,,,,,,,,not estimable: ceiling,,,,,False,,,14
frontier,exploratory (own screen),R3,Opus | 8-agent homogeneous,lex_community,send,author != current partner,"direct, own round-r myth held fixed",,160,5,,,,,,,,not estimable: ceiling,,,,,False,,,12
frontier,exploratory (own screen),R3,Opus | 8-agent mixed,lex_community,send,author != current partner,"direct, own round-r myth held fixed",,60,5,,,,,,,,not estimable: ceiling,,,,,False,,,5
frontier,exploratory (own screen),R3,Sol,lex_community,send,author != current partner,"direct, own round-r myth held fixed",,221,10,0.009050803052548082,-0.004025304928818238,0.0221269110339144,0.17490348108477505,,0.044624674560122826,0.970525457930029,fitted,0.001993374678414251,0.24034617051198415,-0.007057428374133831,0.2846181995922138,False,,,25
frontier,exploratory (own screen),R3,Sol | 8-agent homogeneous,lex_community,send,author != current partner,"direct, own round-r myth held fixed",,160,5,0.014027968939734278,-0.01807159058597025,0.046127528465438807,0.39170333968392146,,0.05198875059740564,1.047833561486144,fitted,0.0032097520309897626,0.20311265054197392,-0.010818216908744516,0.5060160799015281,False,,,25
frontier,exploratory (own screen),R3,Sol | 8-agent mixed,lex_community,send,author != current partner,"direct, own round-r myth held fixed",,61,5,,,,,,0.0,,not estimable: ceiling,,,,,False,,,10
frontier,exploratory (own screen),R3,pooled,rule_letdown_reduce,send,never played before,total (shown - unseen),"GeminiPro,Opus",171,10,-0.002488111537351504,-0.012056486251938926,0.007080263177235919,0.6102903293342479,0.48724362181090547,0.05237398262236274,1.4247910981478977,fitted,-0.0034803183224488164,0.09627464517005574,-0.0009922067850973125,0.8240023618727342,True,1.0,1.0,25
frontier,exploratory (own screen),R3,GeminiPro,rule_letdown_reduce,send,never played before,total (shown - unseen),,152,10,,,,,,,,not estimable: ceiling,,,,,False,,,9
frontier,exploratory (own screen),R3,GeminiPro | 8-agent homogeneous,rule_letdown_reduce,send,never played before,total (shown - unseen),,125,5,,,,,,,,not estimable: ceiling,,,,,False,,,7
frontier,exploratory (own screen),R3,GeminiPro | 8-agent mixed,rule_letdown_reduce,send,never played before,total (shown - unseen),,27,5,,,,,,,,not estimable: ceiling,,,,,False,,,5
frontier,exploratory (own screen),R3,Opus,rule_letdown_reduce,send,never played before,total (shown - unseen),,173,10,,,,,,,,not estimable: ceiling,,,,,False,,,14
frontier,exploratory (own screen),R3,Opus | 8-agent homogeneous,rule_letdown_reduce,send,never played before,total (shown - unseen),,125,5,,,,,,,,not estimable: ceiling,,,,,False,,,12
frontier,exploratory (own screen),R3,Opus | 8-agent mixed,rule_letdown_reduce,send,never played before,total (shown - unseen),,48,5,,,,,,,,not estimable: ceiling,,,,,False,,,5
frontier,exploratory (own screen),R3,Sol,rule_letdown_reduce,send,never played before,total (shown - unseen),,171,10,-0.002488111537351504,-0.012056486251938926,0.007080263177235919,0.6102903293342479,0.5012506253126563,0.05237398262236274,1.4247910981478977,fitted,-0.0034803183224488164,0.09627464517005574,-0.0009922067850973125,0.8240023618727342,True,1.0,1.0,25
frontier,exploratory (own screen),R3,Sol | 8-agent homogeneous,rule_letdown_reduce,send,never played before,total (shown - unseen),,125,5,0.005572296062673961,-0.01045959987531091,0.021604192000658832,0.4957223721952332,0.3216608304152076,0.060503265707648544,1.0351138477401287,fitted,-0.0056714090350391995,0.44934197163334333,-0.01124370509771316,0.06620645724516518,True,1.0,1.0,25
frontier,exploratory (own screen),R3,Sol | 8-agent mixed,rule_letdown_reduce,send,never played before,total (shown - unseen),,46,5,,,,,,0.0,,not estimable: ceiling,,,,,False,,,10
frontier,exploratory (own screen),R3,pooled,rule_letdown_reduce,send,never played before,"direct, own round-r myth held fixed","GeminiPro,Opus",171,10,-0.002462899560473632,-0.011807587544059075,0.006881788423111811,0.6054556924856991,,0.05237398262236274,1.4247910981478977,fitted,-0.0035061348797100697,0.14741969115434195,-0.0010432353192364376,0.8170891230526454,False,,,25
frontier,exploratory (own screen),R3,GeminiPro,rule_letdown_reduce,send,never played before,"direct, own round-r myth held fixed",,152,10,,,,,,,,not estimable: ceiling,,,,,False,,,9
frontier,exploratory (own screen),R3,GeminiPro | 8-agent homogeneous,rule_letdown_reduce,send,never played before,"direct, own round-r myth held fixed",,125,5,,,,,,,,not estimable: ceiling,,,,,False,,,7
frontier,exploratory (own screen),R3,GeminiPro | 8-agent mixed,rule_letdown_reduce,send,never played before,"direct, own round-r myth held fixed",,27,5,,,,,,,,not estimable: ceiling,,,,,False,,,5
frontier,exploratory (own screen),R3,Opus,rule_letdown_reduce,send,never played before,"direct, own round-r myth held fixed",,173,10,,,,,,,,not estimable: ceiling,,,,,False,,,14
frontier,exploratory (own screen),R3,Opus | 8-agent homogeneous,rule_letdown_reduce,send,never played before,"direct, own round-r myth held fixed",,125,5,,,,,,,,not estimable: ceiling,,,,,False,,,12
frontier,exploratory (own screen),R3,Opus | 8-agent mixed,rule_letdown_reduce,send,never played before,"direct, own round-r myth held fixed",,48,5,,,,,,,,not estimable: ceiling,,,,,False,,,5
frontier,exploratory (own screen),R3,Sol,rule_letdown_reduce,send,never played before,"direct, own round-r myth held fixed",,171,10,-0.002462899560473632,-0.011807587544059075,0.006881788423111811,0.6054556924856991,,0.05237398262236274,1.4247910981478977,fitted,-0.0035061348797100697,0.14741969115434195,-0.0010432353192364376,0.8170891230526454,False,,,25
frontier,exploratory (own screen),R3,Sol | 8-agent homogeneous,rule_letdown_reduce,send,never played before,"direct, own round-r myth held fixed",,125,5,0.005560261583464515,-0.009491021915849437,0.020611545082778467,0.46903378993821254,,0.060503265707648544,1.0351138477401287,fitted,-0.005667784360863825,0.465875189107852,-0.01122804594432834,0.07819870868473695,False,,,25
frontier,exploratory (own screen),R3,Sol | 8-agent mixed,rule_letdown_reduce,send,never played before,"direct, own round-r myth held fixed",,46,5,,,,,,0.0,,not estimable: ceiling,,,,,False,,,10
frontier,exploratory (own screen),R3,pooled,rule_letdown_reduce,send,author != current partner,total (shown - unseen),"GeminiPro,Opus",221,10,-0.0010799417616157428,-0.005714506453469041,0.0035546229302375557,0.647880290502032,,0.044624674560122826,1.523603965590893,fitted,-0.0006146716987446161,0.677122848019819,0.0004652700628711266,0.685190196258455,False,,,25
frontier,exploratory (own screen),R3,GeminiPro,rule_letdown_reduce,send,author != current partner,total (shown - unseen),,194,10,,,,,,,,not estimable: ceiling,,,,,False,,,9
frontier,exploratory (own screen),R3,GeminiPro | 8-agent homogeneous,rule_letdown_reduce,send,author != current partner,total (shown - unseen),,160,5,,,,,,,,not estimable: ceiling,,,,,False,,,7
frontier,exploratory (own screen),R3,GeminiPro | 8-agent mixed,rule_letdown_reduce,send,author != current partner,total (shown - unseen),,34,5,,,,,,,,not estimable: ceiling,,,,,False,,,5
frontier,exploratory (own screen),R3,Opus,rule_letdown_reduce,send,author != current partner,total (shown - unseen),,220,10,,,,,,,,not estimable: ceiling,,,,,False,,,14
frontier,exploratory (own screen),R3,Opus | 8-agent homogeneous,rule_letdown_reduce,send,author != current partner,total (shown - unseen),,160,5,,,,,,,,not estimable: ceiling,,,,,False,,,12
frontier,exploratory (own screen),R3,Opus | 8-agent mixed,rule_letdown_reduce,send,author != current partner,total (shown - unseen),,60,5,,,,,,,,not estimable: ceiling,,,,,False,,,5
frontier,exploratory (own screen),R3,Sol,rule_letdown_reduce,send,author != current partner,total (shown - unseen),,221,10,-0.0010799417616157428,-0.005714506453469041,0.0035546229302375557,0.647880290502032,,0.044624674560122826,1.523603965590893,fitted,-0.0006146716987446161,0.677122848019819,0.0004652700628711266,0.685190196258455,False,,,25
frontier,exploratory (own screen),R3,Sol | 8-agent homogeneous,rule_letdown_reduce,send,author != current partner,total (shown - unseen),,160,5,-0.0009343263470735982,-0.01277695457088942,0.010908301876742223,0.877111660584231,,0.05198875059740564,1.0767131812717214,fitted,0.0018245137639920084,0.5996454137973597,0.0027588401110656066,0.7009410629724919,False,,,25
frontier,exploratory (own screen),R3,Sol | 8-agent mixed,rule_letdown_reduce,send,author != current partner,total (shown - unseen),,61,5,,,,,,0.0,,not estimable: ceiling,,,,,False,,,10
frontier,exploratory (own screen),R3,pooled,rule_letdown_reduce,send,author != current partner,"direct, own round-r myth held fixed","GeminiPro,Opus",221,10,-0.0012310041445229647,-0.006237343498293839,0.0037753352092479093,0.6298530254582171,,0.044624674560122826,1.523603965590893,fitted,-0.00067832014417558,0.6614535135005104,0.0005526840003473847,0.6628525608554382,False,,,25
frontier,exploratory (own screen),R3,GeminiPro,rule_letdown_reduce,send,author != current partner,"direct, own round-r myth held fixed",,194,10,,,,,,,,not estimable: ceiling,,,,,False,,,9
frontier,exploratory (own screen),R3,GeminiPro | 8-agent homogeneous,rule_letdown_reduce,send,author != current partner,"direct, own round-r myth held fixed",,160,5,,,,,,,,not estimable: ceiling,,,,,False,,,7
frontier,exploratory (own screen),R3,GeminiPro | 8-agent mixed,rule_letdown_reduce,send,author != current partner,"direct, own round-r myth held fixed",,34,5,,,,,,,,not estimable: ceiling,,,,,False,,,5
frontier,exploratory (own screen),R3,Opus,rule_letdown_reduce,send,author != current partner,"direct, own round-r myth held fixed",,220,10,,,,,,,,not estimable: ceiling,,,,,False,,,14
frontier,exploratory (own screen),R3,Opus | 8-agent homogeneous,rule_letdown_reduce,send,author != current partner,"direct, own round-r myth held fixed",,160,5,,,,,,,,not estimable: ceiling,,,,,False,,,12
frontier,exploratory (own screen),R3,Opus | 8-agent mixed,rule_letdown_reduce,send,author != current partner,"direct, own round-r myth held fixed",,60,5,,,,,,,,not estimable: ceiling,,,,,False,,,5
frontier,exploratory (own screen),R3,Sol,rule_letdown_reduce,send,author != current partner,"direct, own round-r myth held fixed",,221,10,-0.0012310041445229647,-0.006237343498293839,0.0037753352092479093,0.6298530254582171,,0.044624674560122826,1.523603965590893,fitted,-0.00067832014417558,0.6614535135005104,0.0005526840003473847,0.6628525608554382,False,,,25
frontier,exploratory (own screen),R3,Sol | 8-agent homogeneous,rule_letdown_reduce,send,author != current partner,"direct, own round-r myth held fixed",,160,5,-0.0009784946574738287,-0.01317226860817838,0.011215279293230723,0.8750256345897568,,0.05198875059740564,1.0767131812717214,fitted,0.001812934600048055,0.6090104444511204,0.002791429257521884,0.6989889795234572,False,,,25
frontier,exploratory (own screen),R3,Sol | 8-agent mixed,rule_letdown_reduce,send,author != current partner,"direct, own round-r myth held fixed",,61,5,,,,,,0.0,,not estimable: ceiling,,,,,False,,,10
frontier,exploratory (own screen),R3,pooled,rule_return_more_than_half,return,never played before,total (shown - unseen),,504,20,-0.0043494263177528076,-0.012343565026923946,0.0036447123914183305,0.28625589519738825,0.19459729864932465,0.05328677600728194,1.0421507580160954,fitted,-4.0750401342514765e-05,0.9806020998586152,0.004308675916410293,0.23725691020922535,True,1.0,1.0,25
frontier,exploratory (own screen),R3,GeminiPro,rule_return_more_than_half,return,never played before,total (shown - unseen),,154,10,-0.008407979737684644,-0.024395443334690278,0.0075794838593209925,0.302650461299643,0.2696348174087044,0.035593228704671166,1.1089513198337846,fitted,-0.0007517447540862687,0.8674580865284581,0.007656234983598374,0.11021480755209548,True,1.0,1.0,9
frontier,exploratory (own screen),R3,GeminiPro | 8-agent homogeneous,rule_return_more_than_half,return,never played before,total (shown - unseen),,127,5,-0.016084643998148192,-0.036102438413689736,0.003933150417393352,0.11528761891627781,0.02751375687843922,0.0335871840450779,1.121990185293435,fitted,-0.002131042631260281,0.7222622729924231,0.01395360136688791,0.06556183043514552,True,0.6673093156994926,0.16808404202101052,7
frontier,exploratory (own screen),R3,GeminiPro | 8-agent mixed,rule_return_more_than_half,return,never played before,total (shown - unseen),,27,5,0.00781923443385148,,,,0.6283141570785392,0.04167644329745434,1.0650388208968355,fitted,0.009047622194294181,,0.001228387760442702,,True,,1.0,5
frontier,exploratory (own screen),R3,Opus,rule_return_more_than_half,return,never played before,total (shown - unseen),,171,10,-0.00784220818264496,-0.019231033094319096,0.0035466167290291745,0.17714185852345787,0.11555777888944473,0.040496501441035795,1.037633500222784,fitted,-0.002238688848068754,0.5692282284745019,0.005603519334576206,0.32090038570217994,True,1.0,1.0,14
frontier,exploratory (own screen),R3,Opus | 8-agent homogeneous,rule_return_more_than_half,return,never played before,total (shown - unseen),,127,5,-0.018562878745743198,-0.0618045375166474,0.024678780025161006,0.4001362914658012,0.5702851425712856,0.03717309924022542,0.9063086034972173,fitted,-0.0006706429528402388,0.9122498851422998,0.017892235792902958,0.30441543741173216,True,1.0,1.0,12
frontier,exploratory (own screen),R3,Opus | 8-agent mixed,rule_return_more_than_half,return,never played before,total (shown - unseen),,44,5,-0.014093854642283979,-0.03674304808650611,0.008555338801938154,0.22260832153256915,0.15257628814407204,0.04357166422849438,1.3237784375594446,fitted,-0.011433212926746303,0.2584335523894822,0.002660641715537676,0.6602166036168298,True,1.0,0.7628814407203601,5
frontier,exploratory (own screen),R3,Sol,rule_return_more_than_half,return,never played before,total (shown - unseen),,179,10,0.0004339940181988893,-0.006378350982049178,0.007246339018446957,0.9006316840695799,0.8554277138569285,0.04281317278484323,0.9641568237751665,fitted,0.002142809459377397,0.4503494908841539,0.0017088154411785078,0.6383568818530758,True,1.0,1.0,25
frontier,exploratory (own screen),R3,Sol | 8-agent homogeneous,rule_return_more_than_half,return,never played before,total (shown - unseen),,127,5,-0.014802567362400078,-0.044414646803319593,0.014809512078519434,0.3272084701281527,0.3121560780390195,0.0390403190017273,0.6797451527837028,fitted,-0.005588859173522584,0.24672392860857106,0.009213708188877493,0.637403107606521,True,1.0,1.0,25
frontier,exploratory (own screen),R3,Sol | 8-agent mixed,rule_return_more_than_half,return,never played before,total (shown - unseen),,52,5,0.0038769805068223882,-0.005605505566760588,0.013359466580405365,0.42293198531433096,0.29664832416208103,0.03613816289597785,1.2734574369495941,fitted,0.0017150781570828347,0.6409143753766027,-0.0021619023497395536,0.2477710080114096,True,1.0,1.0,10
frontier,exploratory (own screen),R3,pooled,rule_return_more_than_half,return,never played before,"direct, own round-r myth held fixed",,504,20,-0.006014531418477463,-0.013199472112836931,0.0011704092758820063,0.10086164835335741,,0.05328677600728194,1.0421507580160954,fitted,-0.0018247314905790513,0.316354672820624,0.004189799927898412,0.2154496833318904,False,,,25
frontier,exploratory (own screen),R3,GeminiPro,rule_return_more_than_half,return,never played before,"direct, own round-r myth held fixed",,154,10,-0.007563133274599114,-0.021615106886099807,0.0064888403369015805,0.2914696995210124,,0.035593228704671166,1.1089513198337846,fitted,-0.00032783685450579823,0.9363840131026373,0.007235296420093316,0.0988043697264673,False,,,9
frontier,exploratory (own screen),R3,GeminiPro | 8-agent homogeneous,rule_return_more_than_half,return,never played before,"direct, own round-r myth held fixed",,127,5,-0.011588554948473976,-0.03046730861201344,0.007290198715065489,0.22893512908605662,,0.0335871840450779,1.121990185293435,fitted,0.0008844575499595231,0.8851129004714443,0.012473012498433498,0.04500320660361049,False,,,7
frontier,exploratory (own screen),R3,GeminiPro | 8-agent mixed,rule_return_more_than_half,return,never played before,"direct, own round-r myth held fixed",,27,5,0.0006761516601770465,,,,,0.04167644329745434,1.0650388208968355,fitted,0.009612424371044653,,0.008936272710867606,,False,,,5
frontier,exploratory (own screen),R3,Opus,rule_return_more_than_half,return,never played before,"direct, own round-r myth held fixed",,171,10,-0.009177456918376459,-0.02188588039071837,0.003530966553965455,0.15695165437874448,,0.040496501441035795,1.037633500222784,fitted,-0.003012406239911632,0.4263083806600887,0.006165050678464826,0.34897988663955193,False,,,14
frontier,exploratory (own screen),R3,Opus | 8-agent homogeneous,rule_return_more_than_half,return,never played before,"direct, own round-r myth held fixed",,127,5,-0.026464506614494916,-0.06459218446945691,0.01166317124046708,0.17369851024843797,,0.03717309924022542,0.9063086034972173,fitted,-0.0010887883714145545,0.8400375237834482,0.02537571824308036,0.1323684358910849,False,,,12
frontier,exploratory (own screen),R3,Opus | 8-agent mixed,rule_return_more_than_half,return,never played before,"direct, own round-r myth held fixed",,44,5,-0.014187900530279657,-0.03836394856147586,0.00998814750091655,0.2500532692599611,,0.04357166422849438,1.3237784375594446,fitted,-0.011386664960193305,0.31772098027304485,0.0028012355700863523,0.6606830101878505,False,,,5
frontier,exploratory (own screen),R3,Sol,rule_return_more_than_half,return,never played before,"direct, own round-r myth held fixed",,179,10,-0.0027417775254196452,-0.009389433176713965,0.003905878125874676,0.4188759021388536,,0.04281317278484323,0.9641568237751665,fitted,-0.001112494150005037,0.6568289171167668,0.0016292833754146085,0.593466561565328,False,,,25
frontier,exploratory (own screen),R3,Sol | 8-agent homogeneous,rule_return_more_than_half,return,never played before,"direct, own round-r myth held fixed",,127,5,-0.015881508639749124,-0.048558307577172034,0.016795290297673786,0.3408041582824263,,0.0390403190017273,0.6797451527837028,fitted,-0.006812458037094994,0.1419971330048696,0.009069050602654132,0.6415625431791077,False,,,25
frontier,exploratory (own screen),R3,Sol | 8-agent mixed,rule_return_more_than_half,return,never played before,"direct, own round-r myth held fixed",,52,5,0.0036970445013593464,-0.004705904356013688,0.01209999335873238,0.38850862079523174,,0.03613816289597785,1.2734574369495941,fitted,0.0015492953136506324,0.5586889459370508,-0.002147749187708714,0.272218879560328,False,,,10
frontier,exploratory (own screen),R3,pooled,rule_return_more_than_half,return,author != current partner,total (shown - unseen),,633,20,-0.005134935923763163,-0.01257040575748563,0.002300533909959302,0.17587958951618476,,0.053230288369057584,1.0055094112920488,fitted,0.0010502411175247533,0.4461938777693292,0.006185177041287917,0.07516809154318521,False,,,25
frontier,exploratory (own screen),R3,GeminiPro,rule_return_more_than_half,return,author != current partner,total (shown - unseen),,197,10,-0.0064366187283395665,-0.02383052587119445,0.010957288414515317,0.46827717261519275,,0.03690924454440081,0.9812687515065099,fitted,0.0020226779955805916,0.5736997753844032,0.008459296723920158,0.20600036018946988,False,,,9
frontier,exploratory (own screen),R3,GeminiPro | 8-agent homogeneous,rule_return_more_than_half,return,author != current partner,total (shown - unseen),,160,5,-0.017684306755640693,-0.04134032195562593,0.0059717084443445465,0.1428685403633952,,0.03238555482658243,0.9877296063379364,fitted,-0.0028956997451151795,0.5021961189292508,0.014788607010525515,0.24102508591718153,False,,,7
frontier,exploratory (own screen),R3,GeminiPro | 8-agent mixed,rule_return_more_than_half,return,author != current partner,total (shown - unseen),,37,5,0.009869128547443606,-0.0080255317116366,0.02776378880652381,0.2797217543590914,,0.04593120227044656,0.9204358704417211,fitted,0.0012719704170140603,0.9298326440453337,-0.008597158130429544,0.5106832183704861,False,,,5
frontier,exploratory (own screen),R3,Opus,rule_return_more_than_half,return,author != current partner,total (shown - unseen),,217,10,-0.00471726648179886,-0.019246719553825262,0.009812186590227541,0.5245548279814808,,0.03987160972347285,0.994213768409923,fitted,-0.0009077879138120155,0.7871115324243704,0.0038094785679868444,0.4728382711362539,False,,,14
frontier,exploratory (own screen),R3,Opus | 8-agent homogeneous,rule_return_more_than_half,return,author != current partner,total (shown - unseen),,160,5,-0.018065459427892033,-0.05107065995999609,0.01493974110421202,0.2833653381676845,,0.037838402459347026,0.8394886776438278,fitted,-0.0015165927607024843,0.7744692987889301,0.01654886666718955,0.17688347446099506,False,,,12
frontier,exploratory (own screen),R3,Opus | 8-agent mixed,rule_return_more_than_half,return,author != current partner,total (shown - unseen),,57,5,0.002302863261395075,-0.005942414848775831,0.01054814137156598,0.5840986391381233,,0.037918830884252075,1.2667177793928526,fitted,0.0031344681252711572,0.30904100633585874,0.0008316048638760824,0.4668200123730142,False,,,5
frontier,exploratory (own screen),R3,Sol,rule_return_more_than_half,return,author != current partner,total (shown - unseen),,219,10,-0.004547533817061311,-0.011386931303190915,0.002291863669068292,0.19251149575568693,,0.043436043085241696,0.9998980616845135,fitted,0.0029416793295697265,0.08682124753042811,0.007489213146631038,0.06317557588140665,False,,,25
frontier,exploratory (own screen),R3,Sol | 8-agent homogeneous,rule_return_more_than_half,return,author != current partner,total (shown - unseen),,160,5,-0.006865551981471561,-0.024023969270847816,0.010292865307904693,0.43290212104645487,,0.03939769468562748,0.7511410769712621,fitted,-0.0010037057719533837,0.6487937084088553,0.0058618462095181775,0.4452609691577213,False,,,25
frontier,exploratory (own screen),R3,Sol | 8-agent mixed,rule_return_more_than_half,return,author != current partner,total (shown - unseen),,59,5,-0.0010675424871148189,-0.005704804471129379,0.0035697194968997412,0.651843510651421,,0.03665731421734192,1.3262661889261862,fitted,0.0004364667456705977,0.8845827682707071,0.0015040092327854165,0.5902849216026282,False,,,10
frontier,exploratory (own screen),R3,pooled,rule_return_more_than_half,return,author != current partner,"direct, own round-r myth held fixed",,633,20,-0.00599268045538755,-0.012730384505085127,0.0007450235943100266,0.08129163224522189,,0.053230288369057584,1.0055094112920488,fitted,-6.381052201186245e-05,0.9596795942642007,0.005928869933375687,0.0765515221805008,False,,,25
frontier,exploratory (own screen),R3,GeminiPro,rule_return_more_than_half,return,author != current partner,"direct, own round-r myth held fixed",,197,10,-0.009000587142033695,-0.024493762224998477,0.006492587940931088,0.25486201620736804,,0.03690924454440081,0.9812687515065099,fitted,0.0004818692035680323,0.8623882792287594,0.009482456345601726,0.13030510170810344,False,,,9
frontier,exploratory (own screen),R3,GeminiPro | 8-agent homogeneous,rule_return_more_than_half,return,author != current partner,"direct, own round-r myth held fixed",,160,5,-0.012969869226040955,-0.041333023393429896,0.015393284941347982,0.3701192635005337,,0.03238555482658243,0.9877296063379364,fitted,0.0004953419226974842,0.9158720502802824,0.01346521114873844,0.2912484327580509,False,,,7
frontier,exploratory (own screen),R3,GeminiPro | 8-agent mixed,rule_return_more_than_half,return,author != current partner,"direct, own round-r myth held fixed",,37,5,-0.0028031257227990065,-0.0369353250402435,0.03132907359464549,0.8721224439592601,,0.04593120227044656,0.9204358704417211,fitted,-0.0026544260018359707,0.7633419953976853,0.00014869972096303555,0.9932598964812398,False,,,5
frontier,exploratory (own screen),R3,Opus,rule_return_more_than_half,return,author != current partner,"direct, own round-r myth held fixed",,217,10,-0.00589054750028685,-0.0204218354628179,0.008640740462244204,0.4268982953210174,,0.03987160972347285,0.994213768409923,fitted,-0.001395830948024234,0.6358069057135535,0.004494716552262615,0.4347431863307134,False,,,14
frontier,exploratory (own screen),R3,Opus | 8-agent homogeneous,rule_return_more_than_half,return,author != current partner,"direct, own round-r myth held fixed",,160,5,-0.024520897280386672,-0.05685521075922689,0.007813416198453549,0.137186823708184,,0.037838402459347026,0.8394886776438278,fitted,-0.0018982515186015438,0.6551803850454928,0.02262264576178513,0.09707415940675738,False,,,12
frontier,exploratory (own screen),R3,Opus | 8-agent mixed,rule_return_more_than_half,return,author != current partner,"direct, own round-r myth held fixed",,57,5,0.0030298890140961713,-0.0035808664943076714,0.009640644522500014,0.3690230790682333,,0.037918830884252075,1.2667177793928526,fitted,0.003579941730832137,0.1871421041348179,0.000550052716735966,0.62285254031178,False,,,5
frontier,exploratory (own screen),R3,Sol,rule_return_more_than_half,return,author != current partner,"direct, own round-r myth held fixed",,219,10,-0.004605636863765342,-0.010954319918636955,0.0017430461911062713,0.1550694634861506,,0.043436043085241696,0.9998980616845135,fitted,0.002231550698922434,0.06838934976901155,0.0068371875626877755,0.062280974649122134,False,,,25
frontier,exploratory (own screen),R3,Sol | 8-agent homogeneous,rule_return_more_than_half,return,author != current partner,"direct, own round-r myth held fixed",,160,5,-0.006914711407395122,-0.023517112600438574,0.00968768978564833,0.4143270167073517,,0.03939769468562748,0.7511410769712621,fitted,-0.0010262394405370773,0.6315859969059012,0.005888471966858044,0.43429834416383517,False,,,25
frontier,exploratory (own screen),R3,Sol | 8-agent mixed,rule_return_more_than_half,return,author != current partner,"direct, own round-r myth held fixed",,59,5,-2.042659175414182e-06,-0.005649347306435289,0.00564526198808446,0.9994343564898545,,0.03665731421734192,1.3262661889261862,fitted,0.0015954710104588003,0.5069358487789848,0.0015975136696342145,0.5905981961027225,False,,,10
frontier,exploratory (own screen),R3,pooled,rule_return_half,return,never played before,total (shown - unseen),,504,20,0.002044233509079705,-0.005215103256193276,0.009303570274352687,0.580998360351108,0.5047523761880941,0.05328677600728194,1.0365856203108879,fitted,-0.0014136731571536797,0.45223253191337265,-0.0034579066662333846,0.28816162968630654,True,1.0,1.0,25
frontier,exploratory (own screen),R3,GeminiPro,rule_return_half,return,never played before,total (shown - unseen),,154,10,0.012377410524456987,-0.002103448340928904,0.026858269389842877,0.09388221109421704,0.03951975987993997,0.035593228704671166,1.1017014285989626,fitted,0.002037700067411709,0.6308367920263154,-0.010339710457045277,0.021759835057352857,True,0.8449398998479534,0.3556778389194597,9
frontier,exploratory (own screen),R3,GeminiPro | 8-agent homogeneous,rule_return_half,return,never played before,total (shown - unseen),,127,5,0.017374007837347404,-0.0031069385829353632,0.03785495425763017,0.09638462798730853,0.026013006503251626,0.0335871840450779,1.126235468536211,fitted,0.0028418463693169484,0.6233095888407034,-0.014532161468030456,0.08774776747514393,True,0.6673093156994926,0.16808404202101052,7
frontier,exploratory (own screen),R3,GeminiPro | 8-agent mixed,rule_return_half,return,never played before,total (shown - unseen),,27,5,-0.0012464132427168475,,,,0.9264632316158079,0.04167644329745434,0.9976244610928678,fitted,-0.007603331522599017,,-0.006356918279882169,,True,,1.0,5
frontier,exploratory (own screen),R3,Opus,rule_return_half,return,never played before,total (shown - unseen),,171,10,0.001251379865720292,-0.00932210822210174,0.011824867953542326,0.816566645211985,0.7508754377188595,0.040496501441035795,0.93306706817505,fitted,0.0010644305510416894,0.812035033797881,-0.00018694931467860268,0.9769512576156524,True,1.0,1.0,14
frontier,exploratory (own screen),R3,Opus | 8-agent homogeneous,rule_return_half,return,never played before,total (shown - unseen),,127,5,-0.016981461565151977,-0.04894682378642357,0.014983900656119618,0.297772314297173,0.2481240620310155,0.03717309924022542,0.7730729198818825,fitted,-0.000738657187342274,0.9027514902457318,0.016242804377809703,0.12542597240453018,True,1.0,1.0,12
frontier,exploratory (own screen),R3,Opus | 8-agent mixed,rule_return_half,return,never played before,total (shown - unseen),,44,5,0.009927620583345356,-0.0134131918842623,0.03326843305095301,0.40448523312599305,0.26113056528264134,0.04357166422849438,1.2996340470428995,fitted,0.010274005945236378,0.23425394869620297,0.00034638536189102176,0.9765147759759506,True,1.0,1.0,5
frontier,exploratory (own screen),R3,Sol,rule_return_half,return,never played before,total (shown - unseen),,179,10,-0.0026648195137406495,-0.011466451812696387,0.0061368127852150876,0.5529088012014444,0.4847423711855928,0.04281317278484323,1.0452203003447333,fitted,-0.00468123407139914,0.07703316494049703,-0.002016414557658491,0.5310630073768424,True,1.0,1.0,25
frontier,exploratory (own screen),R3,Sol | 8-agent homogeneous,rule_return_half,return,never played before,total (shown - unseen),,127,5,0.0019690711006177734,-0.018564950355029385,0.022503092556264932,0.850918171428796,0.7713856928464232,0.0390403190017273,0.9209458353968412,fitted,-0.0030276933866949687,0.6102711551784729,-0.004996764487312742,0.5377950205315483,True,1.0,1.0,25
frontier,exploratory (own screen),R3,Sol | 8-agent mixed,rule_return_half,return,never played before,total (shown - unseen),,52,5,-0.0027741073936578715,-0.015577021647354123,0.01002880686003838,0.6710694554076757,0.7123561780890445,0.03613816289597785,1.1941541220049408,fitted,-0.0018502422399168245,0.7263652231108259,0.0009238651537410471,0.4901291967990984,True,1.0,1.0,10
frontier,exploratory (own screen),R3,pooled,rule_return_half,return,never played before,"direct, own round-r myth held fixed",,504,20,0.003008266988257062,-0.0038330964552304265,0.009849630431744551,0.38878085674563145,,0.05328677600728194,1.0365856203108879,fitted,-0.00023852310907543361,0.913412062139867,-0.0032467900973324956,0.2906486454330699,False,,,25
frontier,exploratory (own screen),R3,GeminiPro,rule_return_half,return,never played before,"direct, own round-r myth held fixed",,154,10,0.011752373854379739,-0.002260574521159804,0.025765322229919282,0.10022128232337334,,0.035593228704671166,1.1017014285989626,fitted,0.0016538730148223002,0.7112055364738568,-0.010098500839557439,0.016799021171569208,False,,,9
frontier,exploratory (own screen),R3,GeminiPro | 8-agent homogeneous,rule_return_half,return,never played before,"direct, own round-r myth held fixed",,127,5,0.013632940123815754,-0.006958369364082355,0.034224249611713865,0.194411657891722,,0.0335871840450779,1.126235468536211,fitted,0.00020960984878178968,0.972920454652544,-0.013423330275033965,0.09062852365188348,False,,,7
frontier,exploratory (own screen),R3,GeminiPro | 8-agent mixed,rule_return_half,return,never played before,"direct, own round-r myth held fixed",,27,5,-0.0027665761499663893,,,,,0.04167644329745434,0.9976244610928678,fitted,-0.005349532935857201,,-0.002582956785890812,,False,,,5
frontier,exploratory (own screen),R3,Opus,rule_return_half,return,never played before,"direct, own round-r myth held fixed",,171,10,0.0025760643832272645,-0.009319165412012612,0.01447129417846714,0.6712337931218225,,0.040496501441035795,0.93306706817505,fitted,0.0017081674771635411,0.7109055914208025,-0.0008678969060637236,0.9002182642043979,False,,,14
frontier,exploratory (own screen),R3,Opus | 8-agent homogeneous,rule_return_half,return,never played before,"direct, own round-r myth held fixed",,127,5,-0.012561098181847141,-0.04422647954153109,0.019104283177836807,0.4368737794299091,,0.03717309924022542,0.7730729198818825,fitted,0.00035853249218571027,0.9562500242249309,0.012919630674032852,0.2004744085835134,False,,,12
frontier,exploratory (own screen),R3,Opus | 8-agent mixed,rule_return_half,return,never played before,"direct, own round-r myth held fixed",,44,5,0.009905778525211718,-0.014518909631159753,0.03433046668158319,0.4266768062554569,,0.04357166422849438,1.2996340470428995,fitted,0.010354055870727429,0.2600482330627384,0.0004482773455157102,0.9701440405828179,False,,,5
frontier,exploratory (own screen),R3,Sol,rule_return_half,return,never played before,"direct, own round-r myth held fixed",,179,10,-0.001096997646307738,-0.009516701075624374,0.007322705783008899,0.7984431901105187,,0.04281317278484323,1.0452203003447333,fitted,-0.0032223651162957357,0.30946552293573737,-0.0021253674699879977,0.41877621945953525,False,,,25
frontier,exploratory (own screen),R3,Sol | 8-agent homogeneous,rule_return_half,return,never played before,"direct, own round-r myth held fixed",,127,5,0.001035144482639899,-0.015384318134859822,0.01745460710013962,0.9016609113036599,,0.0390403190017273,0.9209458353968412,fitted,-0.0023468796795499576,0.6679503251481361,-0.0033820241621898566,0.6066652471092466,False,,,25
frontier,exploratory (own screen),R3,Sol | 8-agent mixed,rule_return_half,return,never played before,"direct, own round-r myth held fixed",,52,5,-0.003504586775225948,-0.016655198055532984,0.00964602450508109,0.6014456100669614,,0.03613816289597785,1.1941541220049408,fitted,-0.002352677309289744,0.652602231057436,0.0011519094659362041,0.4839035362025732,False,,,10
frontier,exploratory (own screen),R3,pooled,rule_return_half,return,author != current partner,total (shown - unseen),,633,20,0.0039499485276051054,-0.0033121421772777937,0.011212039232488005,0.2864007252737918,,0.053230288369057584,0.9862814065471889,fitted,-0.0017752752325162688,0.1956330041086486,-0.0057252237601213745,0.10543349920958263,False,,,25
frontier,exploratory (own screen),R3,GeminiPro,rule_return_half,return,author != current partner,total (shown - unseen),,197,10,0.009445903757706393,-0.0069764875798547996,0.025868295095267585,0.25959843439434604,,0.03690924454440081,0.9621781180227544,fitted,-0.0012786558221786779,0.7408425967223662,-0.01072455957988507,0.082005290667305,False,,,9
frontier,exploratory (own screen),R3,GeminiPro | 8-agent homogeneous,rule_return_half,return,author != current partner,total (shown - unseen),,160,5,0.01676564499427214,-0.008859246132114033,0.04239053612065831,0.1997201523633816,,0.03238555482658243,0.9942618090799844,fitted,0.0033850147013523638,0.4444978678454733,-0.013380630292919776,0.3372145603314374,False,,,7
frontier,exploratory (own screen),R3,GeminiPro | 8-agent mixed,rule_return_half,return,author != current partner,total (shown - unseen),,37,5,-0.009140113674775671,-0.031164482724880226,0.012884255375328883,0.4159972995161192,,0.04593120227044656,0.7749609958029045,fitted,-0.00380460471765122,0.8498715487165831,0.005335508957124452,0.6628315350652791,False,,,5
frontier,exploratory (own screen),R3,Opus,rule_return_half,return,author != current partner,total (shown - unseen),,217,10,-0.0014357679027887412,-0.012677807442150708,0.009806271636573227,0.8023436023913542,,0.03987160972347285,0.8812963942851049,fitted,-0.00018329927618533444,0.9382495309356174,0.0012524686266034068,0.8273501821699218,False,,,14
frontier,exploratory (own screen),R3,Opus | 8-agent homogeneous,rule_return_half,return,author != current partner,total (shown - unseen),,160,5,-0.009736186353574226,-0.043069414554021856,0.023597041846873404,0.5669974793085,,0.037838402459347026,0.7233445000119201,fitted,0.0013322688033823513,0.6053872613355564,0.011068455156956578,0.46196734584287924,False,,,12
frontier,exploratory (own screen),R3,Opus | 8-agent mixed,rule_return_half,return,author != current partner,total (shown - unseen),,57,5,0.00033468971910872395,-0.011677437198997592,0.012346816637215038,0.9564493346636348,,0.037918830884252075,1.2087584469456514,fitted,-0.003008252788832832,0.23806545486173836,-0.003342942507941556,0.3654436972405639,False,,,5
frontier,exploratory (own screen),R3,Sol,rule_return_half,return,author != current partner,total (shown - unseen),,219,10,0.0034216122907638835,-0.005280633947515197,0.012123858529042963,0.4409245815255326,,0.043436043085241696,1.0592549906661226,fitted,-0.0038346113502721905,0.07172492255317114,-0.007256223641036074,0.095933539110443,False,,,25
frontier,exploratory (own screen),R3,Sol | 8-agent homogeneous,rule_return_half,return,author != current partner,total (shown - unseen),,160,5,0.008030503996777884,-0.019423559430399116,0.03548456742395488,0.5664395129162854,,0.03939769468562748,0.9364275951693752,fitted,-0.001550974125263109,0.4778343490562966,-0.009581478122040993,0.4797554763343187,False,,,25
frontier,exploratory (own screen),R3,Sol | 8-agent mixed,rule_return_half,return,author != current partner,total (shown - unseen),,59,5,0.0020791045731603465,-0.001562429735224453,0.005720638881545146,0.2631292214478623,,0.03665731421734192,1.2470969640110623,fitted,1.1691666387473286e-05,0.9968172722853307,-0.002067412906772873,0.34211517946070735,False,,,10
frontier,exploratory (own screen),R3,pooled,rule_return_half,return,author != current partner,"direct, own round-r myth held fixed",,633,20,0.004550454122822719,-0.0021026867757857615,0.011203595021431199,0.18007352623181727,,0.053230288369057584,0.9862814065471889,fitted,-0.0009309001449218689,0.5094260789892605,-0.005481354267744588,0.11766439115743234,False,,,25
frontier,exploratory (own screen),R3,GeminiPro,rule_return_half,return,author != current partner,"direct, own round-r myth held fixed",,197,10,0.011303156812547895,-0.003412846006581677,0.026019159631677467,0.13221586320482823,,0.03690924454440081,0.9621781180227544,fitted,0.0002108777033286538,0.9470172902547157,-0.011092279109219241,0.06007716264918493,False,,,9
frontier,exploratory (own screen),R3,GeminiPro | 8-agent homogeneous,rule_return_half,return,author != current partner,"direct, own round-r myth held fixed",,160,5,0.013046760882447418,-0.01652171688623871,0.04261523865113355,0.38714185282785973,,0.03238555482658243,0.9942618090799844,fitted,0.0005173229768288129,0.909036170039054,-0.012529437905618605,0.3775103920173444,False,,,7
frontier,exploratory (own screen),R3,GeminiPro | 8-agent mixed,rule_return_half,return,author != current partner,"direct, own round-r myth held fixed",,37,5,0.004498911147317045,-0.02601213279067474,0.03500995508530883,0.7725810735653178,,0.04593120227044656,0.7749609958029045,fitted,0.004582254296246271,0.6294776772026371,8.334314892922493e-05,0.9957790094252733,False,,,5
frontier,exploratory (own screen),R3,Opus,rule_return_half,return,author != current partner,"direct, own round-r myth held fixed",,217,10,-0.0009274933738031612,-0.01213884244908081,0.010283855701474486,0.8711924137895246,,0.03987160972347285,0.8812963942851049,fitted,2.5577173265305308e-05,0.9910777260253723,0.0009530705470684666,0.8704967722740466,False,,,14
frontier,exploratory (own screen),R3,Opus | 8-agent homogeneous,rule_return_half,return,author != current partner,"direct, own round-r myth held fixed",,160,5,-0.007941713147124524,-0.046688611824178224,0.030805185529929176,0.6878888195542131,,0.037838402459347026,0.7233445000119201,fitted,0.0019029581874678847,0.5488876723438063,0.009844671334592409,0.566272382557895,False,,,12
frontier,exploratory (own screen),R3,Opus | 8-agent mixed,rule_return_half,return,author != current partner,"direct, own round-r myth held fixed",,57,5,0.00021069185957291918,-0.010118255579515862,0.0105396392986617,0.968109292137629,,0.037918830884252075,1.2087584469456514,fitted,-0.0028541142309169176,0.2526666276243732,-0.0030648060904898368,0.2779997961311015,False,,,5
frontier,exploratory (own screen),R3,Sol,rule_return_half,return,author != current partner,"direct, own round-r myth held fixed",,219,10,0.00366103443376574,-0.004867499215694825,0.012189568083226306,0.4001509779523086,,0.043436043085241696,1.0592549906661226,fitted,-0.003499148994188612,0.10798259574698559,-0.007160183427954352,0.0946113323478852,False,,,25
frontier,exploratory (own screen),R3,Sol | 8-agent homogeneous,rule_return_half,return,author != current partner,"direct, own round-r myth held fixed",,160,5,0.008120646375453823,-0.0204417459577235,0.03668303870863114,0.5773618630155727,,0.03939769468562748,0.9364275951693752,fitted,-0.001700076054689005,0.5237909701922553,-0.009820722430142828,0.4960088408222403,False,,,25
frontier,exploratory (own screen),R3,Sol | 8-agent mixed,rule_return_half,return,author != current partner,"direct, own round-r myth held fixed",,59,5,0.0015840884970602827,-0.0036432486872934955,0.006811425681414061,0.55254818088769,,0.03665731421734192,1.2470969640110623,fitted,-0.0005081905965098575,0.8373719922732046,-0.00209227909357014,0.3222430505099835,False,,,10
frontier,exploratory (own screen),R3,pooled,lex_consistency,return,never played before,total (shown - unseen),,504,20,-0.007530991949733997,-0.016827893110550267,0.0017659092110822727,0.1123594732992308,0.09554777388694347,0.05328677600728194,0.9203468653957445,fitted,-6.912690131806107e-05,0.967655814401069,0.007461865048415936,0.1543483538577882,True,1.0,1.0,25
frontier,exploratory (own screen),R3,GeminiPro,lex_consistency,return,never played before,total (shown - unseen),,154,10,-0.009498026808093656,-0.03028065532543244,0.011284601709245131,0.37039270066679997,0.3061530765382691,0.035593228704671166,0.8875628317770112,fitted,0.0018270219619203655,0.646592106622729,0.011325048770014022,0.3009649235891644,True,1.0,1.0,9
frontier,exploratory (own screen),R3,GeminiPro | 8-agent homogeneous,lex_consistency,return,never played before,total (shown - unseen),,127,5,-0.01133809861919437,-0.024661369772514395,0.0019851725341256538,0.09532990224278466,0.0240120060030015,0.0335871840450779,0.8614600678349642,fitted,0.003970395808209797,0.3582280950298681,0.015308494427404166,0.13924090367553293,True,0.6673093156994926,0.16808404202101052,7
frontier,exploratory (own screen),R3,GeminiPro | 8-agent mixed,lex_consistency,return,never played before,total (shown - unseen),,27,5,0.014442107542529696,,,,0.7083541770885443,0.04167644329745434,1.0177651935095229,fitted,0.012797934951777026,,-0.0016441725907526696,,True,,1.0,5
frontier,exploratory (own screen),R3,Opus,lex_consistency,return,never played before,total (shown - unseen),,171,10,-0.012831139131702703,-0.02879953417508405,0.0031372559116786443,0.11528032057574963,0.10155077538769385,0.040496501441035795,0.8824254328509514,fitted,-0.0008810207461795994,0.7490582785231539,0.011950118385523104,0.07409234594588032,True,1.0,1.0,14
frontier,exploratory (own screen),R3,Opus | 8-agent homogeneous,lex_consistency,return,never played before,total (shown - unseen),,127,5,-0.037735471189288584,-0.0598737960230782,-0.015597146355498973,0.0008353127596849698,0.03251625812906453,0.03717309924022542,0.9280376743485614,fitted,0.0004775771973560736,0.9019787325857622,0.03821304838664466,0.00024446839651045345,True,0.010023753116219638,0.39019509754877435,12
frontier,exploratory (own screen),R3,Opus | 8-agent mixed,lex_consistency,return,never played before,total (shown - unseen),,44,5,0.008655035911600578,-0.020998644817584785,0.038308716640785945,0.5672842037248019,0.3231615807903952,0.04357166422849438,0.7236452859115087,fitted,0.013030116510198836,0.13434345565226916,0.004375080598598258,0.6769862664545883,True,1.0,1.0,5
frontier,exploratory (own screen),R3,Sol,lex_consistency,return,never played before,total (shown - unseen),,179,10,-0.0024534129798690412,-0.01809189688719607,0.013185070927457986,0.75847414835452,0.7453726863431716,0.04281317278484323,0.9746204206754414,fitted,-5.569181964133028e-05,0.9793054886516931,0.002397721160227711,0.7877671466523173,True,1.0,1.0,25
frontier,exploratory (own screen),R3,Sol | 8-agent homogeneous,lex_consistency,return,never played before,total (shown - unseen),,127,5,-0.002986005321148064,-0.02626801433506416,0.020296003692768034,0.8015259253036073,0.7558779389694847,0.0390403190017273,0.9754342883130089,fitted,0.0029037382187857845,0.13498343131842688,0.005889743539933849,0.6025271313524645,True,1.0,1.0,25
frontier,exploratory (own screen),R3,Sol | 8-agent mixed,lex_consistency,return,never played before,total (shown - unseen),,52,5,0.0015771938995807928,-0.02174088904946079,0.024895276848622375,0.8945346471916747,0.8454227113556778,0.03613816289597785,0.9464330063523284,fitted,-0.0035479435034185686,0.5287062822679363,-0.005125137402999361,0.6762412719222366,True,1.0,1.0,10
frontier,exploratory (own screen),R3,pooled,lex_consistency,return,never played before,"direct, own round-r myth held fixed",,504,20,-0.007782647700321391,-0.017454237568914087,0.001888942168271306,0.11475717966238,,0.05328677600728194,0.9203468653957445,fitted,-0.0002974314577633523,0.8643936082400367,0.007485216242558039,0.15717198686352915,False,,,25
frontier,exploratory (own screen),R3,GeminiPro,lex_consistency,return,never played before,"direct, own round-r myth held fixed",,154,10,-0.00971800497637226,-0.029688070348644326,0.010252060395899806,0.3401977835770835,,0.035593228704671166,0.8875628317770112,fitted,0.0019942410838744247,0.6320469083248468,0.011712246060246683,0.25385232625842824,False,,,9
frontier,exploratory (own screen),R3,GeminiPro | 8-agent homogeneous,lex_consistency,return,never played before,"direct, own round-r myth held fixed",,127,5,-0.0115451403973348,-0.02498498171887106,0.001894700924201461,0.0922483147902001,,0.0335871840450779,0.8614600678349642,fitted,0.003935150245303626,0.3726366416454788,0.015480290642638426,0.1320396415144819,False,,,7
frontier,exploratory (own screen),R3,GeminiPro | 8-agent mixed,lex_consistency,return,never played before,"direct, own round-r myth held fixed",,27,5,0.004988177153586307,,,,,0.04167644329745434,1.0177651935095229,fitted,0.05509428125224359,,0.05010610409865728,,False,,,5
frontier,exploratory (own screen),R3,Opus,lex_consistency,return,never played before,"direct, own round-r myth held fixed",,171,10,-0.01479059684622911,-0.029475330213641394,-0.00010586347881682764,0.048371108915465,,0.040496501441035795,0.8824254328509514,fitted,-0.0027133293161174235,0.3939535450801901,0.012077267530111688,0.04170165330180455,False,,,14
frontier,exploratory (own screen),R3,Opus | 8-agent homogeneous,lex_consistency,return,never played before,"direct, own round-r myth held fixed",,127,5,-0.037872063222286666,-0.06087803399936874,-0.01486609244520459,0.0012533107389730556,,0.03717309924022542,0.9280376743485614,fitted,-0.00025228676326985206,0.9476406302217284,0.03761977645901681,0.00021342266893390548,False,,,12
frontier,exploratory (own screen),R3,Opus | 8-agent mixed,lex_consistency,return,never played before,"direct, own round-r myth held fixed",,44,5,-0.004257056774239779,-0.051553071303002615,0.04303895775452306,0.8599687258346617,,0.04357166422849438,0.7236452859115087,fitted,0.0034341247198070163,0.8380635401856457,0.007691181494046795,0.5799738750549048,False,,,5
frontier,exploratory (own screen),R3,Sol,lex_consistency,return,never played before,"direct, own round-r myth held fixed",,179,10,-0.0012820070364718047,-0.015828259959305303,0.013264245886361693,0.8628575361564992,,0.04281317278484323,0.9746204206754414,fitted,0.0005501583007520921,0.8223459308422721,0.0018321653372238968,0.8338894529329697,False,,,25
frontier,exploratory (own screen),R3,Sol | 8-agent homogeneous,lex_consistency,return,never played before,"direct, own round-r myth held fixed",,127,5,-0.003940690684382476,-0.031116312338023665,0.02323493096925871,0.7762486520190226,,0.0390403190017273,0.9754342883130089,fitted,0.0039967459846002446,0.06652893929479861,0.00793743666898272,0.5884128510704962,False,,,25
frontier,exploratory (own screen),R3,Sol | 8-agent mixed,lex_consistency,return,never played before,"direct, own round-r myth held fixed",,52,5,0.001621405729870122,-0.021906157559229835,0.02514896901897008,0.8925555594299084,,0.03613816289597785,0.9464330063523284,fitted,-0.0033402698899791666,0.5784854713993417,-0.004961675619849289,0.7052377745895453,False,,,10
frontier,exploratory (own screen),R3,pooled,lex_consistency,return,author != current partner,total (shown - unseen),,633,20,-0.0025151342734015545,-0.010232158446255048,0.00520188989945194,0.5229583134246758,,0.053230288369057584,0.9366888349308529,fitted,0.0014131755090224043,0.2825594124569184,0.003928309782423959,0.27884995074601504,False,,,25
frontier,exploratory (own screen),R3,GeminiPro,lex_consistency,return,author != current partner,total (shown - unseen),,197,10,-0.006001133034082626,-0.023564997056016376,0.011562730987851122,0.5030677518143871,,0.03690924454440081,0.9695136869238976,fitted,0.0011390213459593185,0.7555458365305804,0.007140154380041944,0.37319077449160065,False,,,9
frontier,exploratory (own screen),R3,GeminiPro | 8-agent homogeneous,lex_consistency,return,author != current partner,total (shown - unseen),,160,5,-0.002448931829674426,-0.029956296729698566,0.025058433070349717,0.8614787296791203,,0.03238555482658243,0.8879052903902896,fitted,0.003583271096850818,0.4199832652861112,0.006032202926525244,0.6065169147559784,False,,,7
frontier,exploratory (own screen),R3,GeminiPro | 8-agent mixed,lex_consistency,return,author != current partner,total (shown - unseen),,37,5,0.00038109448358562836,-0.04672358537341191,0.04748577434058317,0.9873486008220105,,0.04593120227044656,1.2731038517300615,fitted,0.005488539400562936,0.61788078532411,0.0051074449169773075,0.7621159536958393,False,,,5
frontier,exploratory (own screen),R3,Opus,lex_consistency,return,author != current partner,total (shown - unseen),,217,10,-0.0008543282134198188,-0.007963766913229151,0.006255110486389513,0.8138010612517104,,0.03987160972347285,0.8733553330629351,fitted,0.0016947725291780315,0.4015998167183378,0.0025491007425978503,0.4106783466267434,False,,,14
frontier,exploratory (own screen),R3,Opus | 8-agent homogeneous,lex_consistency,return,author != current partner,total (shown - unseen),,160,5,-0.0123431872381622,-0.030268809245244683,0.005582434768920282,0.1771482097262227,,0.037838402459347026,0.8777616489857877,fitted,0.002299687936020551,0.45664193033238887,0.014642875174182751,0.22080651499095794,False,,,12
frontier,exploratory (own screen),R3,Opus | 8-agent mixed,lex_consistency,return,author != current partner,total (shown - unseen),,57,5,0.002577770631134932,-0.0126536566593,0.017809197921569864,0.7401121731395724,,0.037918830884252075,0.8684868862652911,fitted,0.005791345342793268,0.29375525297709715,0.0032135747116583363,0.3342667747939927,False,,,5
frontier,exploratory (own screen),R3,Sol,lex_consistency,return,author != current partner,total (shown - unseen),,219,10,-0.00045931164117555883,-0.012386747415353007,0.011468124133001889,0.939836050191811,,0.043436043085241696,0.9588285433670006,fitted,0.0017321960733488145,0.40699321554059975,0.0021915077145243734,0.7179081714622653,False,,,25
frontier,exploratory (own screen),R3,Sol | 8-agent homogeneous,lex_consistency,return,author != current partner,total (shown - unseen),,160,5,-0.006119694841924907,-0.024394947530958503,0.01215555784710869,0.5116193908017088,,0.03939769468562748,0.971112573551082,fitted,0.0023306662016227622,0.3512865267060866,0.008450361043547669,0.2513722819501579,False,,,25
frontier,exploratory (own screen),R3,Sol | 8-agent mixed,lex_consistency,return,author != current partner,total (shown - unseen),,59,5,-0.005619355144101926,-0.016288139303955104,0.005049429015751254,0.30191633389922945,,0.03665731421734192,0.903604213758191,fitted,-0.005385787014992599,0.23600852428826702,0.00023356812910932737,0.9501394056528644,False,,,10
frontier,exploratory (own screen),R3,pooled,lex_consistency,return,author != current partner,"direct, own round-r myth held fixed",,633,20,-0.0027992021994298582,-0.010897960055938943,0.005299555657079225,0.49813364233719615,,0.053230288369057584,0.9366888349308529,fitted,0.0012428157256266395,0.38399123293978255,0.004042017925056498,0.27129166468736177,False,,,25
frontier,exploratory (own screen),R3,GeminiPro,lex_consistency,return,author != current partner,"direct, own round-r myth held fixed",,197,10,-0.00593827923618967,-0.023804740504736133,0.011928182032356793,0.5147666178820545,,0.03690924454440081,0.9695136869238976,fitted,0.0012372286726725688,0.7407493109963594,0.007175507908862238,0.36754105868088116,False,,,9
frontier,exploratory (own screen),R3,GeminiPro | 8-agent homogeneous,lex_consistency,return,author != current partner,"direct, own round-r myth held fixed",,160,5,-0.002634923325834749,-0.03398620191865209,0.028716355266982598,0.8691600506114973,,0.03238555482658243,0.8879052903902896,fitted,0.0035788667447816183,0.4250298052062712,0.006213790070616367,0.6482883383308777,False,,,7
frontier,exploratory (own screen),R3,GeminiPro | 8-agent mixed,lex_consistency,return,author != current partner,"direct, own round-r myth held fixed",,37,5,-0.0004016008356431851,-0.034232484761856544,0.03342928309057017,0.9814377663855345,,0.04593120227044656,1.2731038517300615,fitted,0.006346680223409042,0.5992311830500922,0.006748281059052227,0.6777985995411385,False,,,5
frontier,exploratory (own screen),R3,Opus,lex_consistency,return,author != current partner,"direct, own round-r myth held fixed",,217,10,-0.0030223202841186732,-0.009248975046124359,0.0032043344778870126,0.34143399476952196,,0.03987160972347285,0.8733553330629351,fitted,0.00039208417656347625,0.8357531826971186,0.0034144044606821493,0.23306181229538048,False,,,14
frontier,exploratory (own screen),R3,Opus | 8-agent homogeneous,lex_consistency,return,author != current partner,"direct, own round-r myth held fixed",,160,5,-0.012418131693347205,-0.029658775764128457,0.004822512377434047,0.15803022102795838,,0.037838402459347026,0.8777616489857877,fitted,0.0017905632810042288,0.5882347080974846,0.014208694974351434,0.22731833471015783,False,,,12
frontier,exploratory (own screen),R3,Opus | 8-agent mixed,lex_consistency,return,author != current partner,"direct, own round-r myth held fixed",,57,5,0.0008334628010428806,-0.013984921153071938,0.015651846755157697,0.912220194796674,,0.037918830884252075,0.8684868862652911,fitted,0.00485571946670567,0.35508130336837174,0.00402225666566279,0.23971993680523473,False,,,5
frontier,exploratory (own screen),R3,Sol,lex_consistency,return,author != current partner,"direct, own round-r myth held fixed",,219,10,-0.0001370938074537174,-0.012012065758447418,0.011737878143539982,0.9819475421411694,,0.043436043085241696,0.9588285433670006,fitted,0.0018929962424831454,0.35684135251959404,0.002030090049936863,0.7390621753757731,False,,,25
frontier,exploratory (own screen),R3,Sol | 8-agent homogeneous,lex_consistency,return,author != current partner,"direct, own round-r myth held fixed",,160,5,-0.0057668863630242866,-0.02451768928419866,0.012983916558150087,0.5466450972736584,,0.03939769468562748,0.971112573551082,fitted,0.0024721579117836824,0.31560159572960866,0.008239044274807969,0.28180901765366895,False,,,25
frontier,exploratory (own screen),R3,Sol | 8-agent mixed,lex_consistency,return,author != current partner,"direct, own round-r myth held fixed",,59,5,-0.005212456884757254,-0.017469379811931023,0.007044466042416512,0.4045590030866878,,0.03665731421734192,0.903604213758191,fitted,-0.005197156110472893,0.34378114172888274,1.5300774284361662e-05,0.995896592532938,False,,,10
frontier,exploratory (own screen),R3,pooled,lex_community,return,never played before,total (shown - unseen),,504,20,0.005952708513805345,-0.003297425173105691,0.01520284220071638,0.2072046483172818,0.13856928464232116,0.05328677600728194,0.8810132444907033,fitted,0.0005193894482060802,0.8564917104943729,-0.0054333190655992646,0.23209736943461468,True,1.0,1.0,25
frontier,exploratory (own screen),R3,GeminiPro,lex_community,return,never played before,total (shown - unseen),,154,10,0.007155859574309736,-0.013426618261305798,0.02773833740992527,0.4956083837520603,0.43721860930465234,0.035593228704671166,0.9276384010503111,fitted,0.0013410960686467523,0.6808177151642462,-0.005814763505662983,0.653437077954707,True,1.0,1.0,9
frontier,exploratory (own screen),R3,GeminiPro | 8-agent homogeneous,lex_community,return,never played before,total (shown - unseen),,127,5,0.007827741969899382,-0.03198692028976833,0.047642404229567094,0.699987196966235,0.6498249124562281,0.0335871840450779,0.8777195662004643,fitted,0.0030022456126286264,0.4432439592266143,-0.004825496357270755,0.8396450437930114,True,0.9638871806500842,1.0,7
frontier,exploratory (own screen),R3,GeminiPro | 8-agent mixed,lex_community,return,never played before,total (shown - unseen),,27,5,-0.048394864233368196,,,,0.3416708354177089,0.04167644329745434,1.1412210106570464,fitted,-0.012197267982416075,,0.03619759625095212,,True,,1.0,5
frontier,exploratory (own screen),R3,Opus,lex_community,return,never played before,total (shown - unseen),,171,10,0.01123361790993361,-0.001238103446433228,0.02370533926630045,0.07749778025076118,0.11455727863931967,0.040496501441035795,0.8716802324422177,fitted,0.006071844862583591,0.007608055128316291,-0.0051617730473500194,0.28642796945284166,True,1.0,1.0,14
frontier,exploratory (own screen),R3,Opus | 8-agent homogeneous,lex_community,return,never played before,total (shown - unseen),,127,5,0.01882020974418574,0.004780152944487932,0.03286026654388355,0.008607457063769657,0.09004502251125562,0.03717309924022542,0.8888325501210433,fitted,0.007584276237607587,0.002927310495905444,-0.011235933506578153,0.10406147638333163,True,0.09468202770146622,0.9904952476238118,12
frontier,exploratory (own screen),R3,Opus | 8-agent mixed,lex_community,return,never played before,total (shown - unseen),,44,5,0.004298858059833877,-0.018468907669991836,0.02706662378965959,0.7113323008177369,0.5457728864432216,0.04357166422849438,0.8184712063093991,fitted,0.005530789909230019,0.3675384111039288,0.0012319318493961423,0.9185050325350894,True,1.0,1.0,5
frontier,exploratory (own screen),R3,Sol,lex_community,return,never played before,total (shown - unseen),,179,10,-0.0008771603955524845,-0.014820717976178647,0.013066397185073677,0.9018716911964437,0.8714357178589295,0.04281317278484323,0.8525750492311704,fitted,-0.004190818627587382,0.5397231374626524,-0.0033136582320348975,0.6140625109507154,True,1.0,1.0,25
frontier,exploratory (own screen),R3,Sol | 8-agent homogeneous,lex_community,return,never played before,total (shown - unseen),,127,5,0.014991958009041791,-0.015796638705699115,0.0457805547237827,0.3398966376000513,0.20710355177588793,0.0390403190017273,0.9102123840717032,fitted,-0.0068115745710169194,0.33597196135184726,-0.02180353258005871,0.08333571729681254,True,1.0,1.0,25
frontier,exploratory (own screen),R3,Sol | 8-agent mixed,lex_community,return,never played before,total (shown - unseen),,52,5,5.407185150452416e-05,-0.02759618569898597,0.02770432940199502,0.996941847425841,0.9979989994997499,0.03613816289597785,0.6920979331129474,fitted,0.004108026520318735,0.6347499606490965,0.004053954668814211,0.567054265047851,True,1.0,1.0,10
frontier,exploratory (own screen),R3,pooled,lex_community,return,never played before,"direct, own round-r myth held fixed",,504,20,0.006087789636667834,-0.0030062675971439306,0.015181846870479597,0.1895036119851382,,0.05328677600728194,0.8810132444907033,fitted,0.000738906907720817,0.8013856574363802,-0.005348882728947017,0.23436632684446057,False,,,25
frontier,exploratory (own screen),R3,GeminiPro,lex_community,return,never played before,"direct, own round-r myth held fixed",,154,10,0.007103857263383837,-0.013768606876951056,0.02797632140371873,0.5047301839608539,,0.035593228704671166,0.9276384010503111,fitted,0.001974576847288224,0.5077060653202599,-0.005129280416095614,0.6848455970999423,False,,,9
frontier,exploratory (own screen),R3,GeminiPro | 8-agent homogeneous,lex_community,return,never played before,"direct, own round-r myth held fixed",,127,5,0.0077140719678921695,-0.03352256924645617,0.048950713182240514,0.7138821200456471,,0.0335871840450779,0.8777195662004643,fitted,0.003300684025325987,0.4007365104687791,-0.004413387942566183,0.8561468657908742,False,,,7
frontier,exploratory (own screen),R3,GeminiPro | 8-agent mixed,lex_community,return,never played before,"direct, own round-r myth held fixed",,27,5,-0.0022646761427627853,,,,,0.04167644329745434,1.1412210106570464,fitted,-0.00809747241032386,,-0.005832796267561074,,False,,,5
frontier,exploratory (own screen),R3,Opus,lex_community,return,never played before,"direct, own round-r myth held fixed",,171,10,0.01138753247893755,-0.0006346221779867933,0.023409687135861893,0.06338204571816078,,0.040496501441035795,0.8716802324422177,fitted,0.006190241308511549,0.005550263041455746,-0.005197291170426001,0.2761959658100408,False,,,14
frontier,exploratory (own screen),R3,Opus | 8-agent homogeneous,lex_community,return,never played before,"direct, own round-r myth held fixed",,127,5,0.016905886677440543,0.001349399470445798,0.03246237388443529,0.0331736764657606,,0.03717309924022542,0.8888325501210433,fitted,0.00679674752602154,0.02527649650152863,-0.010109139151419002,0.12688175437047872,False,,,12
frontier,exploratory (own screen),R3,Opus | 8-agent mixed,lex_community,return,never played before,"direct, own round-r myth held fixed",,44,5,0.005900261714842786,-0.019276375502035235,0.031076898931720807,0.6459996120411957,,0.04357166422849438,0.8184712063093991,fitted,0.004606657610449247,0.3788101248520319,-0.0012936041043935392,0.9110276236830459,False,,,5
frontier,exploratory (own screen),R3,Sol,lex_community,return,never played before,"direct, own round-r myth held fixed",,179,10,-0.001218507530390702,-0.015868736253439087,0.013431721192657684,0.8705053431600133,,0.04281317278484323,0.8525750492311704,fitted,-0.004255992433059441,0.5351239924572578,-0.003037484902668739,0.656106474564738,False,,,25
frontier,exploratory (own screen),R3,Sol | 8-agent homogeneous,lex_community,return,never played before,"direct, own round-r myth held fixed",,127,5,0.015992548128041503,-0.017627977940856784,0.04961307419693979,0.3511753317181965,,0.0390403190017273,0.9102123840717032,fitted,-0.006154582641635429,0.44897227604836376,-0.02214713076967693,0.09271270658283073,False,,,25
frontier,exploratory (own screen),R3,Sol | 8-agent mixed,lex_community,return,never played before,"direct, own round-r myth held fixed",,52,5,-0.0041248074658274455,-0.03406678036776941,0.025817165436114523,0.7871566206808565,,0.03613816289597785,0.6920979331129474,fitted,0.0004932050444252773,0.9572434801121201,0.004618012510252723,0.5595944496907561,False,,,10
frontier,exploratory (own screen),R3,pooled,lex_community,return,author != current partner,total (shown - unseen),,633,20,0.004805404699535295,-0.0011575166435236145,0.010768326042594204,0.11422195919563574,,0.053230288369057584,0.8651677763462374,fitted,-0.001660534637137525,0.421682948700272,-0.00646593933667282,0.011241925981280926,False,,,25
frontier,exploratory (own screen),R3,GeminiPro,lex_community,return,author != current partner,total (shown - unseen),,197,10,-0.0023540722589272833,-0.017686700034093936,0.01297855551623937,0.7634753749153245,,0.03690924454440081,0.9348927314516184,fitted,-0.004384408682104141,0.09823712215520243,-0.0020303364231768575,0.7579280315709512,False,,,9
frontier,exploratory (own screen),R3,GeminiPro | 8-agent homogeneous,lex_community,return,author != current partner,total (shown - unseen),,160,5,0.004624339358668746,-0.013581232029491082,0.022829910746828573,0.6185938412642586,,0.03238555482658243,0.8989397329017985,fitted,-0.0009779693743651938,0.5250444114994779,-0.005602308733033939,0.49057685149037045,False,,,7
frontier,exploratory (own screen),R3,GeminiPro | 8-agent mixed,lex_community,return,author != current partner,total (shown - unseen),,37,5,-0.05212304390513563,-0.09214910875946178,-0.012096979050809482,0.01070084704549451,,0.04593120227044656,1.0894938891256825,fitted,-0.006208220921000981,0.5242582602519366,0.04591482298413465,0.11502516829694198,False,,,5
frontier,exploratory (own screen),R3,Opus,lex_community,return,author != current partner,total (shown - unseen),,217,10,0.01756635402136609,0.007118408041970385,0.028014300000761792,0.0009830645117223464,,0.03987160972347285,0.8152975772068068,fitted,0.0038545831855940865,0.20256014894266838,-0.013711770835772004,0.0014951523495501742,False,,,14
frontier,exploratory (own screen),R3,Opus | 8-agent homogeneous,lex_community,return,author != current partner,total (shown - unseen),,160,5,0.017411064755582625,0.0025578952196215303,0.03226423429154372,0.02159063578279742,,0.037838402459347026,0.8188489883121073,fitted,0.0036592953444250197,0.34335593373666895,-0.013751769411157605,0.038994199083831324,False,,,12
frontier,exploratory (own screen),R3,Opus | 8-agent mixed,lex_community,return,author != current partner,total (shown - unseen),,57,5,0.005830269576444964,0.0007322569825786952,0.010928282170311231,0.02499468076777834,,0.037918830884252075,0.8066285429536093,fitted,-0.0026064508293293202,0.24329360631289398,-0.008436720405774284,1.0650029542142983e-08,False,,,5
frontier,exploratory (own screen),R3,Sol,lex_community,return,author != current partner,total (shown - unseen),,219,10,-0.0006084438921780447,-0.009605470454590521,0.00838858267023443,0.8945517175144531,,0.043436043085241696,0.8448481570250794,fitted,-0.0018581255375612902,0.5808560689897455,-0.0012496816453832454,0.7326926075735227,False,,,25
frontier,exploratory (own screen),R3,Sol | 8-agent homogeneous,lex_community,return,author != current partner,total (shown - unseen),,160,5,-0.0021723598374034916,-0.01520145340008668,0.010856733725279698,0.7438284907337955,,0.03939769468562748,0.8874399381093497,fitted,-0.00568641711609705,0.06836394250145592,-0.003514057278693559,0.523377135689621,False,,,25
frontier,exploratory (own screen),R3,Sol | 8-agent mixed,lex_community,return,author != current partner,total (shown - unseen),,59,5,-0.001205530433327745,-0.02437757979636531,0.02196651892970982,0.9187824619608155,,0.03665731421734192,0.7174813200554072,fitted,0.004101585487304608,0.5728886002990099,0.005307115920632353,0.41339218576893366,False,,,10
frontier,exploratory (own screen),R3,pooled,lex_community,return,author != current partner,"direct, own round-r myth held fixed",,633,20,0.005079762851699775,-0.0009195344383539266,0.011079060141753475,0.09700439589531042,,0.053230288369057584,0.8651677763462374,fitted,-0.0014328697919884289,0.4867221702241378,-0.006512632643688203,0.008812895089469135,False,,,25
frontier,exploratory (own screen),R3,GeminiPro,lex_community,return,author != current partner,"direct, own round-r myth held fixed",,197,10,-0.0020511612705889446,-0.018312059002388123,0.014209736461210236,0.8047292549359707,,0.03690924454440081,0.9348927314516184,fitted,-0.0039450438447666625,0.12372090521199397,-0.001893882574177718,0.7840848750167801,False,,,9
frontier,exploratory (own screen),R3,GeminiPro | 8-agent homogeneous,lex_community,return,author != current partner,"direct, own round-r myth held fixed",,160,5,0.00494095312966744,-0.014363063489201312,0.02424496974853619,0.6159053500370008,,0.03238555482658243,0.8989397329017985,fitted,-0.0006154302335580775,0.6582066052344757,-0.005556383363225517,0.5260710586681112,False,,,7
frontier,exploratory (own screen),R3,GeminiPro | 8-agent mixed,lex_community,return,author != current partner,"direct, own round-r myth held fixed",,37,5,-0.04401508407654339,-0.09899634619329713,0.010966178040210342,0.1166378558670975,,0.04593120227044656,1.0894938891256825,fitted,-0.0052056150964645284,0.5091608999099001,0.038809468980078865,0.2682517393731919,False,,,5
frontier,exploratory (own screen),R3,Opus,lex_community,return,author != current partner,"direct, own round-r myth held fixed",,217,10,0.0180483062935817,0.007419079319948504,0.028677533267214898,0.0008747296094114261,,0.03987160972347285,0.8152975772068068,fitted,0.00415922467112497,0.18758476580833927,-0.01388908162245673,0.0011800898553636912,False,,,14
frontier,exploratory (own screen),R3,Opus | 8-agent homogeneous,lex_community,return,author != current partner,"direct, own round-r myth held fixed",,160,5,0.01779436297656127,0.00391715989567781,0.03167156605744473,0.011963846145050042,,0.037838402459347026,0.8188489883121073,fitted,0.0037732626652466905,0.3658156275013178,-0.01402110031131458,0.012737684071672322,False,,,12
frontier,exploratory (own screen),R3,Opus | 8-agent mixed,lex_community,return,author != current partner,"direct, own round-r myth held fixed",,57,5,0.006084251347964501,0.00017926914776647974,0.01198923354816252,0.04343875969299877,,0.037918830884252075,0.8066285429536093,fitted,-0.0024880831147290313,0.2880039441624489,-0.008572334462693532,2.638972168664255e-06,False,,,5
frontier,exploratory (own screen),R3,Sol,lex_community,return,author != current partner,"direct, own round-r myth held fixed",,219,10,-0.0006670909955045891,-0.009744323495511496,0.008410141504502318,0.8854697746584794,,0.043436043085241696,0.8448481570250794,fitted,-0.0018764665544152253,0.5787395122518604,-0.0012093755589106363,0.7447429082248829,False,,,25
frontier,exploratory (own screen),R3,Sol | 8-agent homogeneous,lex_community,return,author != current partner,"direct, own round-r myth held fixed",,160,5,-0.0022010955521269103,-0.015332642676496982,0.010930451572243162,0.742513220018741,,0.03939769468562748,0.8874399381093497,fitted,-0.005668927054946548,0.07001275608066893,-0.0034678315028196377,0.53184697658485,False,,,25
frontier,exploratory (own screen),R3,Sol | 8-agent mixed,lex_community,return,author != current partner,"direct, own round-r myth held fixed",,59,5,-0.0005034107903112922,-0.02768149495380357,0.026674673373180986,0.9710401409073125,,0.03665731421734192,0.7174813200554072,fitted,0.003690145375690005,0.5790207237725822,0.004193556166001297,0.6498803367915404,False,,,10
frontier,exploratory (own screen),R3,pooled,rule_letdown_reduce,return,never played before,total (shown - unseen),,504,20,-0.0012532143243452476,-0.006231103711105772,0.003724675062415277,0.6217066632982813,0.5927963981990996,0.05328677600728194,1.0667420959658565,fitted,0.00319073519729466,0.0007098004208996156,0.0044439495216399075,0.045185775384186194,True,1.0,1.0,25
frontier,exploratory (own screen),R3,GeminiPro,rule_letdown_reduce,return,never played before,total (shown - unseen),,154,10,-0.015702429364133172,-0.0656695257545831,0.03426466702631676,0.5379412180198899,0.6863431715857929,0.035593228704671166,0.3162974938987209,fitted,0.003060485326483424,0.7479483014263195,0.018762914690616597,0.2567111160527884,True,1.0,1.0,9
frontier,exploratory (own screen),R3,GeminiPro | 8-agent homogeneous,rule_letdown_reduce,return,never played before,total (shown - unseen),,127,5,,,,,,,,not estimable: predictor has no spread,,,,,False,,,7
frontier,exploratory (own screen),R3,GeminiPro | 8-agent mixed,rule_letdown_reduce,return,never played before,total (shown - unseen),,27,5,0.006795461522346458,,,,0.3121560780390195,0.04167644329745434,0.7657337824921044,fitted,0.01309441240493682,,0.006298950882590362,,True,,1.0,5
frontier,exploratory (own screen),R3,Opus,rule_letdown_reduce,return,never played before,total (shown - unseen),,171,10,0.010994301499697,-0.008551856049267292,0.030540459048661293,0.27027111789077307,0.15107553776888444,0.040496501441035795,1.1833366485306254,fitted,0.0016371562345194662,0.5197530037191684,-0.009357145265177535,0.2638154201802866,True,1.0,1.0,14
frontier,exploratory (own screen),R3,Opus | 8-agent homogeneous,rule_letdown_reduce,return,never played before,total (shown - unseen),,127,5,0.02800290860143822,-0.016966596090125262,0.07297241329300169,0.22228034461891877,0.17208604302151076,0.03717309924022542,0.8314381661114855,fitted,0.003430016394666754,0.3351814209918055,-0.024572892206771463,0.2600263251716517,True,1.0,1.0,12
frontier,exploratory (own screen),R3,Opus | 8-agent mixed,rule_letdown_reduce,return,never played before,total (shown - unseen),,44,5,0.0036589883190970007,-0.018007913849555874,0.025325890487749875,0.7406535250280113,0.6813406703351675,0.04357166422849438,1.8041435585413979,fitted,-0.0002533722665185034,0.9513331431112856,-0.003912360585615504,0.697928290321521,True,1.0,1.0,5
frontier,exploratory (own screen),R3,Sol,rule_letdown_reduce,return,never played before,total (shown - unseen),,179,10,-0.002162610252245959,-0.006483877088966921,0.0021586565844750032,0.3266526069418304,0.26263131565782893,0.04281317278484323,1.309334962291985,fitted,0.004098455401883319,0.0001433239566922574,0.006261065654129278,0.02526826387082435,True,1.0,1.0,25
frontier,exploratory (own screen),R3,Sol | 8-agent homogeneous,rule_letdown_reduce,return,never played before,total (shown - unseen),,127,5,-0.00327657400982328,-0.03787855312659758,0.031325405106951025,0.8527620861622395,0.8939469734867433,0.0390403190017273,1.0910623621195055,fitted,0.003950816220993381,0.18624087677861234,0.007227390230816661,0.6734448248946021,True,1.0,1.0,25
frontier,exploratory (own screen),R3,Sol | 8-agent mixed,rule_letdown_reduce,return,never played before,total (shown - unseen),,52,5,-0.0023753061724140576,-0.006829184510887335,0.00207857216605922,0.2958972507822586,0.25662831415707854,0.03613816289597785,1.7371521759861537,fitted,0.0033395701772235,0.2610773836824748,0.005714876349637557,0.19852441451500769,True,1.0,1.0,10
frontier,exploratory (own screen),R3,pooled,rule_letdown_reduce,return,never played before,"direct, own round-r myth held fixed",,504,20,-0.0018315792981316928,-0.007288738065032148,0.003625579468768763,0.5106536506837156,,0.05328677600728194,1.0667420959658565,fitted,0.0027673181043235476,0.008984344759202876,0.00459889740245524,0.052374976421509116,False,,,25
frontier,exploratory (own screen),R3,GeminiPro,rule_letdown_reduce,return,never played before,"direct, own round-r myth held fixed",,154,10,-0.008724213874375716,-0.06312087325525802,0.04567244550650659,0.7532614379033391,,0.035593228704671166,0.3162974938987209,fitted,0.008869332853720154,0.461921810480479,0.01759354672809587,0.28983794517139716,False,,,9
frontier,exploratory (own screen),R3,GeminiPro | 8-agent homogeneous,rule_letdown_reduce,return,never played before,"direct, own round-r myth held fixed",,127,5,,,,,,,,not estimable: predictor has no spread,,,,,False,,,7
frontier,exploratory (own screen),R3,GeminiPro | 8-agent mixed,rule_letdown_reduce,return,never played before,"direct, own round-r myth held fixed",,27,5,0.022095919795506576,,,,,0.04167644329745434,0.7657337824921044,fitted,0.029780248931777244,,0.007684329136270667,,False,,,5
frontier,exploratory (own screen),R3,Opus,rule_letdown_reduce,return,never played before,"direct, own round-r myth held fixed",,171,10,0.009866732944106468,-0.011427920333866174,0.03116138622207911,0.3638063732693385,,0.040496501441035795,1.1833366485306254,fitted,0.001198861653356246,0.6724371547550296,-0.008667871290750221,0.32719126049298497,False,,,14
frontier,exploratory (own screen),R3,Opus | 8-agent homogeneous,rule_letdown_reduce,return,never played before,"direct, own round-r myth held fixed",,127,5,0.02853749004364622,-0.01684018875114669,0.07391516883843913,0.217725647202357,,0.03717309924022542,0.8314381661114855,fitted,0.0033929080367139795,0.3328454504821937,-0.02514458200693224,0.25078714086244147,False,,,12
frontier,exploratory (own screen),R3,Opus | 8-agent mixed,rule_letdown_reduce,return,never played before,"direct, own round-r myth held fixed",,44,5,0.0008452313991646962,-0.02548142606271027,0.02717188886103966,0.9498256772697553,,0.04357166422849438,1.8041435585413979,fitted,-0.0033357262535761087,0.4111200747487266,-0.004180957652740805,0.7162203819521549,False,,,5
frontier,exploratory (own screen),R3,Sol,rule_letdown_reduce,return,never played before,"direct, own round-r myth held fixed",,179,10,-0.002359747173225923,-0.007084481683784173,0.002364987337332327,0.32763181239713945,,0.04281317278484323,1.309334962291985,fitted,0.003966786002465946,0.00011962413953636012,0.006326533175691869,0.02724544895465603,False,,,25
frontier,exploratory (own screen),R3,Sol | 8-agent homogeneous,rule_letdown_reduce,return,never played before,"direct, own round-r myth held fixed",,127,5,-0.0032871466247583903,-0.04155219659081757,0.03497790334130079,0.8662921556058978,,0.0390403190017273,1.0910623621195055,fitted,0.003948354217541006,0.18260197369318765,0.007235500842299397,0.6986102242364057,False,,,25
frontier,exploratory (own screen),R3,Sol | 8-agent mixed,rule_letdown_reduce,return,never played before,"direct, own round-r myth held fixed",,52,5,-0.002128631063484175,-0.006955753179573606,0.002698491052605256,0.3874278231510705,,0.03613816289597785,1.7371521759861537,fitted,0.003295214864455588,0.2900807289445204,0.005423845927939763,0.2227333078527053,False,,,10
frontier,exploratory (own screen),R3,pooled,rule_letdown_reduce,return,author != current partner,total (shown - unseen),,633,20,-0.0018259252693081341,-0.004652651883722463,0.0010008013451061947,0.2054989134074,,0.053230288369057584,1.1336146323797935,fitted,0.0017503274631659735,0.13763741665229254,0.0035762527324741077,0.007548509663192248,False,,,25
frontier,exploratory (own screen),R3,GeminiPro,rule_letdown_reduce,return,author != current partner,total (shown - unseen),,197,10,0.009755281639361473,-0.024278403614245728,0.04378896689296867,0.574254768827063,,0.03690924454440081,0.47858052414018193,fitted,0.00937201305492095,0.06971660595812705,-0.00038326858444052265,0.9778703494456844,False,,,9
frontier,exploratory (own screen),R3,GeminiPro | 8-agent homogeneous,rule_letdown_reduce,return,author != current partner,total (shown - unseen),,160,5,,,,,,,,not estimable: predictor has no spread,,,,,False,,,7
frontier,exploratory (own screen),R3,GeminiPro | 8-agent mixed,rule_letdown_reduce,return,author != current partner,total (shown - unseen),,37,5,0.0011067505974384044,-0.05189253369877812,0.05410603489365494,0.9673527447862432,,0.04593120227044656,1.0937027000002968,fitted,0.0018254534559451084,0.8346990255733386,0.0007187028585067041,0.9703970277471649,False,,,5
frontier,exploratory (own screen),R3,Opus,rule_letdown_reduce,return,author != current partner,total (shown - unseen),,217,10,-0.00046447221970738614,-0.0055722435630696215,0.0046432991236548486,0.8585437746417237,,0.03987160972347285,1.360515541263341,fitted,0.0008344176727165161,0.5823670142907857,0.0012988898924239023,0.6040003182031315,False,,,14
frontier,exploratory (own screen),R3,Opus | 8-agent homogeneous,rule_letdown_reduce,return,author != current partner,total (shown - unseen),,160,5,0.01152592412736518,-0.00574524627682407,0.02879709453155443,0.19087909703028483,,0.037838402459347026,0.8990735798428675,fitted,0.0012287288633076737,0.7010221075455714,-0.010297195264057507,0.18300251090403974,False,,,12
frontier,exploratory (own screen),R3,Opus | 8-agent mixed,rule_letdown_reduce,return,author != current partner,total (shown - unseen),,57,5,-0.0015143172912266635,-0.006177816504440511,0.0031491819219871837,0.5244938803547436,,0.037918830884252075,2.104705581665728,fitted,0.0011495890906450116,0.5865286248443794,0.002663906381871675,0.17422016002978613,False,,,5
frontier,exploratory (own screen),R3,Sol,rule_letdown_reduce,return,author != current partner,total (shown - unseen),,219,10,-0.003198518912584612,-0.008460765885050351,0.002063728059881127,0.23353083336658964,,0.043436043085241696,1.2728947222132643,fitted,0.0016134428377016909,0.46513485526672715,0.004811961750286303,0.09649694675608889,False,,,25
frontier,exploratory (own screen),R3,Sol | 8-agent homogeneous,rule_letdown_reduce,return,author != current partner,total (shown - unseen),,160,5,-0.0009922502205322106,-0.014271775813844164,0.012287275372779743,0.8835668615161949,,0.03939769468562748,1.1042374461560183,fitted,0.00025658053116130175,0.8831986104058063,0.0012488307516935124,0.8524398826942996,False,,,25
frontier,exploratory (own screen),R3,Sol | 8-agent mixed,rule_letdown_reduce,return,author != current partner,total (shown - unseen),,59,5,-0.00244110798701088,-0.004871170166941569,-1.1045807080190765e-05,0.04896768042426248,,0.03665731421734192,1.6565998901033152,fitted,0.002729785336980234,0.37189698055915,0.005170893323991114,0.06143819497152079,False,,,10
frontier,exploratory (own screen),R3,pooled,rule_letdown_reduce,return,author != current partner,"direct, own round-r myth held fixed",,633,20,-0.0026148237248622185,-0.005938391425914631,0.0007087439761901942,0.12307220940204058,,0.053230288369057584,1.1336146323797935,fitted,0.0011125444591307389,0.4286014017558908,0.0037273681839929576,0.009816942042751816,False,,,25
frontier,exploratory (own screen),R3,GeminiPro,rule_letdown_reduce,return,author != current partner,"direct, own round-r myth held fixed",,197,10,0.005467810419602186,-0.023031332186445957,0.03396695302565033,0.7068899264066846,,0.03690924454440081,0.47858052414018193,fitted,0.006807349191992561,0.2499019314741101,0.001339538772390374,0.9122865452651968,False,,,9
frontier,exploratory (own screen),R3,GeminiPro | 8-agent homogeneous,rule_letdown_reduce,return,author != current partner,"direct, own round-r myth held fixed",,160,5,,,,,,,,not estimable: predictor has no spread,,,,,False,,,7
frontier,exploratory (own screen),R3,GeminiPro | 8-agent mixed,rule_letdown_reduce,return,author != current partner,"direct, own round-r myth held fixed",,37,5,-0.009006576615899084,-0.06179360275806091,0.04378044952626274,0.7380693886064007,,0.04593120227044656,1.0937027000002968,fitted,-0.00417151571980737,0.7770227935511979,0.004835060896091713,0.7157258501218561,False,,,5
frontier,exploratory (own screen),R3,Opus,rule_letdown_reduce,return,author != current partner,"direct, own round-r myth held fixed",,217,10,-0.0013277584749283387,-0.007234513432608518,0.00457899648275184,0.6595219031195623,,0.03987160972347285,1.360515541263341,fitted,0.00021008681479650794,0.901584889861941,0.0015378452897248467,0.5593712389655787,False,,,14
frontier,exploratory (own screen),R3,Opus | 8-agent homogeneous,rule_letdown_reduce,return,author != current partner,"direct, own round-r myth held fixed",,160,5,0.011399735832074983,-0.005963379738310494,0.02876285140246046,0.19815969901394603,,0.037838402459347026,0.8990735798428675,fitted,0.0010977538266836832,0.7198607175524732,-0.0103019820053913,0.1894713631974002,False,,,12
frontier,exploratory (own screen),R3,Opus | 8-agent mixed,rule_letdown_reduce,return,author != current partner,"direct, own round-r myth held fixed",,57,5,-0.0034566149927165745,-0.00819110250738476,0.001277872521951611,0.152442972496249,,0.037918830884252075,2.104705581665728,fitted,-0.00013099308903758393,0.946754706179105,0.0033256219036789905,0.07944071379598575,False,,,5
frontier,exploratory (own screen),R3,Sol,rule_letdown_reduce,return,author != current partner,"direct, own round-r myth held fixed",,219,10,-0.0033668777810128316,-0.008913721125616197,0.002179965563590535,0.23417285537219867,,0.043436043085241696,1.2728947222132643,fitted,0.0014669570609055632,0.5165673194856231,0.004833834841918395,0.09437063687837993,False,,,25
frontier,exploratory (own screen),R3,Sol | 8-agent homogeneous,rule_letdown_reduce,return,author != current partner,"direct, own round-r myth held fixed",,160,5,-0.001617163839810097,-0.015923586285504793,0.012689258605884598,0.824664481954049,,0.03939769468562748,1.1042374461560183,fitted,3.326416861883317e-05,0.9869400525409271,0.00165042800842893,0.8143294204152656,False,,,25
frontier,exploratory (own screen),R3,Sol | 8-agent mixed,rule_letdown_reduce,return,author != current partner,"direct, own round-r myth held fixed",,59,5,-0.002508163216321317,-0.0053544248146259535,0.00033809838198331976,0.08414143110056146,,0.03665731421734192,1.6565998901033152,fitted,0.0026856972077848704,0.43166135567354413,0.0051938604241061875,0.05238190133264037,False,,,10
frontier,exploratory (own screen),R3,pooled,rule_return_more_than_half,dsend,never played before,total (shown - unseen),"GeminiPro,Opus",144,10,0.0007715796718509192,-0.008064489628163776,0.009607648971865612,0.8641080366070772,0.7978989494747374,0.09207105124347433,1.0665524130739379,fitted,-0.0004227330411920348,0.8515037991212568,-0.001194312713042954,0.7308033293775571,True,1.0,1.0,25
frontier,exploratory (own screen),R3,GeminiPro,rule_return_more_than_half,dsend,never played before,total (shown - unseen),,128,10,,,,,,,,not estimable: ceiling,,,,,False,,,9
frontier,exploratory (own screen),R3,GeminiPro | 8-agent homogeneous,rule_return_more_than_half,dsend,never played before,total (shown - unseen),,105,5,,,,,,,,not estimable: ceiling,,,,,False,,,7
frontier,exploratory (own screen),R3,GeminiPro | 8-agent mixed,rule_return_more_than_half,dsend,never played before,total (shown - unseen),,23,5,,,,,,,,not estimable: ceiling,,,,,False,,,5
frontier,exploratory (own screen),R3,Opus,rule_return_more_than_half,dsend,never played before,total (shown - unseen),,144,10,,,,,,,,not estimable: ceiling,,,,,False,,,14
frontier,exploratory (own screen),R3,Opus | 8-agent homogeneous,rule_return_more_than_half,dsend,never played before,total (shown - unseen),,105,5,,,,,,,,not estimable: ceiling,,,,,False,,,12
frontier,exploratory (own screen),R3,Opus | 8-agent mixed,rule_return_more_than_half,dsend,never played before,total (shown - unseen),,39,5,,,,,,,,not estimable: ceiling,,,,,False,,,5
frontier,exploratory (own screen),R3,Sol,rule_return_more_than_half,dsend,never played before,total (shown - unseen),,144,10,0.0007715796718509192,-0.008064489628163776,0.009607648971865612,0.8641080366070772,0.8039019509754878,0.09207105124347433,1.0665524130739379,fitted,-0.0004227330411920348,0.8515037991212568,-0.001194312713042954,0.7308033293775571,True,1.0,1.0,25
frontier,exploratory (own screen),R3,Sol | 8-agent homogeneous,rule_return_more_than_half,dsend,never played before,total (shown - unseen),,105,5,-0.013212501758340699,-0.034781178318903525,0.008356174802222128,0.22989426453897088,0.09954977488744372,0.09279936212992851,0.8765531784301454,fitted,-0.0017493532875092529,0.6192630966705017,0.011463148470831446,0.13872769645412109,True,1.0,1.0,25
frontier,exploratory (own screen),R3,Sol | 8-agent mixed,rule_return_more_than_half,dsend,never played before,total (shown - unseen),,39,5,5.1444912233108844e-17,-1.9583273209954075e-16,2.987225565657584e-16,0.6834491615259601,0.6498249124562281,0.08938234601238358,1.3399600400901717,fitted,-5.315185760317885e-18,0.9485756634653275,-5.676009799342673e-17,0.5259723110541784,True,1.0,1.0,10
frontier,exploratory (own screen),R3,pooled,rule_return_more_than_half,dsend,never played before,"direct, own round-r myth held fixed","GeminiPro,Opus",144,10,-0.0002873518752992124,-0.00982557813750562,0.009250874386907193,0.9529150335168611,,0.09207105124347433,1.0665524130739379,fitted,-0.00040615177377539575,0.8580486249740775,-0.00011879989847618337,0.9730057950451062,False,,,25
frontier,exploratory (own screen),R3,GeminiPro,rule_return_more_than_half,dsend,never played before,"direct, own round-r myth held fixed",,128,10,,,,,,,,not estimable: ceiling,,,,,False,,,9
frontier,exploratory (own screen),R3,GeminiPro | 8-agent homogeneous,rule_return_more_than_half,dsend,never played before,"direct, own round-r myth held fixed",,105,5,,,,,,,,not estimable: ceiling,,,,,False,,,7
frontier,exploratory (own screen),R3,GeminiPro | 8-agent mixed,rule_return_more_than_half,dsend,never played before,"direct, own round-r myth held fixed",,23,5,,,,,,,,not estimable: ceiling,,,,,False,,,5
frontier,exploratory (own screen),R3,Opus,rule_return_more_than_half,dsend,never played before,"direct, own round-r myth held fixed",,144,10,,,,,,,,not estimable: ceiling,,,,,False,,,14
frontier,exploratory (own screen),R3,Opus | 8-agent homogeneous,rule_return_more_than_half,dsend,never played before,"direct, own round-r myth held fixed",,105,5,,,,,,,,not estimable: ceiling,,,,,False,,,12
frontier,exploratory (own screen),R3,Opus | 8-agent mixed,rule_return_more_than_half,dsend,never played before,"direct, own round-r myth held fixed",,39,5,,,,,,,,not estimable: ceiling,,,,,False,,,5
frontier,exploratory (own screen),R3,Sol,rule_return_more_than_half,dsend,never played before,"direct, own round-r myth held fixed",,144,10,-0.0002873518752992124,-0.00982557813750562,0.009250874386907193,0.9529150335168611,,0.09207105124347433,1.0665524130739379,fitted,-0.00040615177377539575,0.8580486249740775,-0.00011879989847618337,0.9730057950451062,False,,,25
frontier,exploratory (own screen),R3,Sol | 8-agent homogeneous,rule_return_more_than_half,dsend,never played before,"direct, own round-r myth held fixed",,105,5,-0.01368682074268012,-0.038747013289990674,0.011373371804630437,0.28441693627344633,,0.09279936212992851,0.8765531784301454,fitted,-0.0018697369674059421,0.5927350661261486,0.011817083775274177,0.20725986070265912,False,,,25
frontier,exploratory (own screen),R3,Sol | 8-agent mixed,rule_return_more_than_half,dsend,never played before,"direct, own round-r myth held fixed",,39,5,2.3849562824880134e-16,-4.832524169771488e-16,9.602436734747516e-16,0.5172089118952559,,0.08938234601238358,1.3399600400901717,fitted,-1.468866120036428e-17,0.9085764913351732,-2.531842894491656e-16,0.500122743215523,False,,,10
frontier,exploratory (own screen),R3,pooled,rule_return_more_than_half,dsend,author != current partner,total (shown - unseen),"GeminiPro,Opus",195,10,0.0001444522235058699,-0.004758453534423446,0.0050473579814351854,0.9539512835884866,,0.07949417141146543,1.1018141370332466,fitted,-0.0004842958635182828,0.7388606413996615,-0.0006287480870241527,0.7567467249965821,False,,,25
frontier,exploratory (own screen),R3,GeminiPro,rule_return_more_than_half,dsend,author != current partner,total (shown - unseen),,171,10,,,,,,,,not estimable: ceiling,,,,,False,,,9
frontier,exploratory (own screen),R3,GeminiPro | 8-agent homogeneous,rule_return_more_than_half,dsend,author != current partner,total (shown - unseen),,141,5,,,,,,,,not estimable: ceiling,,,,,False,,,7
frontier,exploratory (own screen),R3,GeminiPro | 8-agent mixed,rule_return_more_than_half,dsend,author != current partner,total (shown - unseen),,30,5,,,,,,,,not estimable: ceiling,,,,,False,,,5
frontier,exploratory (own screen),R3,Opus,rule_return_more_than_half,dsend,author != current partner,total (shown - unseen),,193,10,,,,,,,,not estimable: ceiling,,,,,False,,,14
frontier,exploratory (own screen),R3,Opus | 8-agent homogeneous,rule_return_more_than_half,dsend,author != current partner,total (shown - unseen),,141,5,,,,,,,,not estimable: ceiling,,,,,False,,,12
frontier,exploratory (own screen),R3,Opus | 8-agent mixed,rule_return_more_than_half,dsend,author != current partner,total (shown - unseen),,52,5,,,,,,,,not estimable: ceiling,,,,,False,,,5
frontier,exploratory (own screen),R3,Sol,rule_return_more_than_half,dsend,author != current partner,total (shown - unseen),,195,10,0.0001444522235058699,-0.004758453534423446,0.0050473579814351854,0.9539512835884866,,0.07949417141146543,1.1018141370332466,fitted,-0.0004842958635182828,0.7388606413996615,-0.0006287480870241527,0.7567467249965821,False,,,25
frontier,exploratory (own screen),R3,Sol | 8-agent homogeneous,rule_return_more_than_half,dsend,author != current partner,total (shown - unseen),,141,5,-0.007284798338265547,-0.02009351874673154,0.005523922070200444,0.2649769348392351,,0.08046219070929277,0.9140173565560802,fitted,-0.0015317772986796034,0.5440521153103803,0.0057530210395859436,0.21069548100291946,False,,,25
frontier,exploratory (own screen),R3,Sol | 8-agent mixed,rule_return_more_than_half,dsend,author != current partner,total (shown - unseen),,54,5,4.901678021806966e-16,-3.271245339477935e-16,1.3074601383091866e-15,0.23980251714615086,,0.07625035083719452,1.336229251971971,fitted,2.445960101127298e-16,0.19373478635815666,-2.4557179206796675e-16,0.3021215981063927,False,,,10
frontier,exploratory (own screen),R3,pooled,rule_return_more_than_half,dsend,author != current partner,"direct, own round-r myth held fixed","GeminiPro,Opus",195,10,-0.0001181063596692958,-0.005138586138770431,0.004902373419431839,0.963224180883506,,0.07949417141146543,1.1018141370332466,fitted,-0.00016419987745624576,0.9002145184455786,-4.609351778694996e-05,0.9823521282988723,False,,,25
frontier,exploratory (own screen),R3,GeminiPro,rule_return_more_than_half,dsend,author != current partner,"direct, own round-r myth held fixed",,171,10,,,,,,,,not estimable: ceiling,,,,,False,,,9
frontier,exploratory (own screen),R3,GeminiPro | 8-agent homogeneous,rule_return_more_than_half,dsend,author != current partner,"direct, own round-r myth held fixed",,141,5,,,,,,,,not estimable: ceiling,,,,,False,,,7
frontier,exploratory (own screen),R3,GeminiPro | 8-agent mixed,rule_return_more_than_half,dsend,author != current partner,"direct, own round-r myth held fixed",,30,5,,,,,,,,not estimable: ceiling,,,,,False,,,5
frontier,exploratory (own screen),R3,Opus,rule_return_more_than_half,dsend,author != current partner,"direct, own round-r myth held fixed",,193,10,,,,,,,,not estimable: ceiling,,,,,False,,,14
frontier,exploratory (own screen),R3,Opus | 8-agent homogeneous,rule_return_more_than_half,dsend,author != current partner,"direct, own round-r myth held fixed",,141,5,,,,,,,,not estimable: ceiling,,,,,False,,,12
frontier,exploratory (own screen),R3,Opus | 8-agent mixed,rule_return_more_than_half,dsend,author != current partner,"direct, own round-r myth held fixed",,52,5,,,,,,,,not estimable: ceiling,,,,,False,,,5
frontier,exploratory (own screen),R3,Sol,rule_return_more_than_half,dsend,author != current partner,"direct, own round-r myth held fixed",,195,10,-0.0001181063596692958,-0.005138586138770431,0.004902373419431839,0.963224180883506,,0.07949417141146543,1.1018141370332466,fitted,-0.00016419987745624576,0.9002145184455786,-4.609351778694996e-05,0.9823521282988723,False,,,25
frontier,exploratory (own screen),R3,Sol | 8-agent homogeneous,rule_return_more_than_half,dsend,author != current partner,"direct, own round-r myth held fixed",,141,5,-0.007525047354478062,-0.022067967772273954,0.007017873063317828,0.31050727703474945,,0.08046219070929277,0.9140173565560802,fitted,-0.0013746207793838318,0.5541313414382286,0.0061504265750942306,0.2870864552539839,False,,,25
frontier,exploratory (own screen),R3,Sol | 8-agent mixed,rule_return_more_than_half,dsend,author != current partner,"direct, own round-r myth held fixed",,54,5,1.739060284666749e-16,-1.5268942506666602e-16,5.005014820000159e-16,0.2966498911363823,,0.07625035083719452,1.336229251971971,fitted,4.9439619065339e-17,0.4334640474972985,-1.244664094013359e-16,0.30583994816935267,False,,,10
frontier,exploratory (own screen),R3,pooled,rule_return_half,dsend,never played before,total (shown - unseen),"GeminiPro,Opus",144,10,0.001583069275404616,-0.008713137839103643,0.011879276389912874,0.7631478579370038,0.7228614307153577,0.09207105124347433,1.1117508836521977,fitted,0.002960061347332642,0.37255412507881813,0.001376992071928026,0.7080225641554899,True,1.0,1.0,25
frontier,exploratory (own screen),R3,GeminiPro,rule_return_half,dsend,never played before,total (shown - unseen),,128,10,,,,,,,,not estimable: ceiling,,,,,False,,,9
frontier,exploratory (own screen),R3,GeminiPro | 8-agent homogeneous,rule_return_half,dsend,never played before,total (shown - unseen),,105,5,,,,,,,,not estimable: ceiling,,,,,False,,,7
frontier,exploratory (own screen),R3,GeminiPro | 8-agent mixed,rule_return_half,dsend,never played before,total (shown - unseen),,23,5,,,,,,,,not estimable: ceiling,,,,,False,,,5
frontier,exploratory (own screen),R3,Opus,rule_return_half,dsend,never played before,total (shown - unseen),,144,10,,,,,,,,not estimable: ceiling,,,,,False,,,14
frontier,exploratory (own screen),R3,Opus | 8-agent homogeneous,rule_return_half,dsend,never played before,total (shown - unseen),,105,5,,,,,,,,not estimable: ceiling,,,,,False,,,12
frontier,exploratory (own screen),R3,Opus | 8-agent mixed,rule_return_half,dsend,never played before,total (shown - unseen),,39,5,,,,,,,,not estimable: ceiling,,,,,False,,,5
frontier,exploratory (own screen),R3,Sol,rule_return_half,dsend,never played before,total (shown - unseen),,144,10,0.001583069275404616,-0.008713137839103643,0.011879276389912874,0.7631478579370038,0.7163581790895448,0.09207105124347433,1.1117508836521977,fitted,0.002960061347332642,0.37255412507881813,0.001376992071928026,0.7080225641554899,True,1.0,1.0,25
frontier,exploratory (own screen),R3,Sol | 8-agent homogeneous,rule_return_half,dsend,never played before,total (shown - unseen),,105,5,0.01085300177089252,-0.0198879667320127,0.041593970273797735,0.488963020538426,0.7718859429714857,0.09279936212992851,0.9898130447192698,fitted,0.00475321860206958,0.33335285215903865,-0.006099783168822939,0.6775820760491726,True,1.0,1.0,25
frontier,exploratory (own screen),R3,Sol | 8-agent mixed,rule_return_half,dsend,never played before,total (shown - unseen),,39,5,-4.0902266087002794e-16,-1.4964901248256254e-15,6.784448030855694e-16,0.46100706855859463,0.4542271135567784,0.08938234601238358,1.3418231787199073,fitted,-1.5377310368492382e-16,0.512226112761061,2.552495571851041e-16,0.4691891020369213,True,1.0,1.0,10
frontier,exploratory (own screen),R3,pooled,rule_return_half,dsend,never played before,"direct, own round-r myth held fixed","GeminiPro,Opus",144,10,0.0017359732128512688,-0.008985304005560017,0.012457250431262553,0.7509746699880936,,0.09207105124347433,1.1117508836521977,fitted,0.002904250605935128,0.39531017935830304,0.0011682773930838594,0.7856625434941817,False,,,25
frontier,exploratory (own screen),R3,GeminiPro,rule_return_half,dsend,never played before,"direct, own round-r myth held fixed",,128,10,,,,,,,,not estimable: ceiling,,,,,False,,,9
frontier,exploratory (own screen),R3,GeminiPro | 8-agent homogeneous,rule_return_half,dsend,never played before,"direct, own round-r myth held fixed",,105,5,,,,,,,,not estimable: ceiling,,,,,False,,,7
frontier,exploratory (own screen),R3,GeminiPro | 8-agent mixed,rule_return_half,dsend,never played before,"direct, own round-r myth held fixed",,23,5,,,,,,,,not estimable: ceiling,,,,,False,,,5
frontier,exploratory (own screen),R3,Opus,rule_return_half,dsend,never played before,"direct, own round-r myth held fixed",,144,10,,,,,,,,not estimable: ceiling,,,,,False,,,14
frontier,exploratory (own screen),R3,Opus | 8-agent homogeneous,rule_return_half,dsend,never played before,"direct, own round-r myth held fixed",,105,5,,,,,,,,not estimable: ceiling,,,,,False,,,12
frontier,exploratory (own screen),R3,Opus | 8-agent mixed,rule_return_half,dsend,never played before,"direct, own round-r myth held fixed",,39,5,,,,,,,,not estimable: ceiling,,,,,False,,,5
frontier,exploratory (own screen),R3,Sol,rule_return_half,dsend,never played before,"direct, own round-r myth held fixed",,144,10,0.0017359732128512688,-0.008985304005560017,0.012457250431262553,0.7509746699880936,,0.09207105124347433,1.1117508836521977,fitted,0.002904250605935128,0.39531017935830304,0.0011682773930838594,0.7856625434941817,False,,,25
frontier,exploratory (own screen),R3,Sol | 8-agent homogeneous,rule_return_half,dsend,never played before,"direct, own round-r myth held fixed",,105,5,0.011086183399071112,-0.019403965587471636,0.04157633238561386,0.47606813870684195,,0.09279936212992851,0.9898130447192698,fitted,0.004753374771591182,0.3291408254519925,-0.006332808627479931,0.6650088760012542,False,,,25
frontier,exploratory (own screen),R3,Sol | 8-agent mixed,rule_return_half,dsend,never played before,"direct, own round-r myth held fixed",,39,5,4.033931894652896e-17,-5.452485927849136e-16,6.259272306779714e-16,0.8925993930290164,,0.08938234601238358,1.3418231787199073,fitted,-1.5893590817192735e-17,0.9272787508622442,-5.62329097637217e-17,0.7952339655470477,False,,,10
frontier,exploratory (own screen),R3,pooled,rule_return_half,dsend,author != current partner,total (shown - unseen),"GeminiPro,Opus",195,10,0.0019332333805759006,-0.004712837180284073,0.008579303941435874,0.5685952853321261,,0.07949417141146543,1.1151174572397005,fitted,0.0027979177127793833,0.19040464422534276,0.0008646843322034828,0.747238454877553,False,,,25
frontier,exploratory (own screen),R3,GeminiPro,rule_return_half,dsend,author != current partner,total (shown - unseen),,171,10,,,,,,,,not estimable: ceiling,,,,,False,,,9
frontier,exploratory (own screen),R3,GeminiPro | 8-agent homogeneous,rule_return_half,dsend,author != current partner,total (shown - unseen),,141,5,,,,,,,,not estimable: ceiling,,,,,False,,,7
frontier,exploratory (own screen),R3,GeminiPro | 8-agent mixed,rule_return_half,dsend,author != current partner,total (shown - unseen),,30,5,,,,,,,,not estimable: ceiling,,,,,False,,,5
frontier,exploratory (own screen),R3,Opus,rule_return_half,dsend,author != current partner,total (shown - unseen),,193,10,,,,,,,,not estimable: ceiling,,,,,False,,,14
frontier,exploratory (own screen),R3,Opus | 8-agent homogeneous,rule_return_half,dsend,author != current partner,total (shown - unseen),,141,5,,,,,,,,not estimable: ceiling,,,,,False,,,12
frontier,exploratory (own screen),R3,Opus | 8-agent mixed,rule_return_half,dsend,author != current partner,total (shown - unseen),,52,5,,,,,,,,not estimable: ceiling,,,,,False,,,5
frontier,exploratory (own screen),R3,Sol,rule_return_half,dsend,author != current partner,total (shown - unseen),,195,10,0.0019332333805759006,-0.004712837180284073,0.008579303941435874,0.5685952853321261,,0.07949417141146543,1.1151174572397005,fitted,0.0027979177127793833,0.19040464422534276,0.0008646843322034828,0.747238454877553,False,,,25
frontier,exploratory (own screen),R3,Sol | 8-agent homogeneous,rule_return_half,dsend,author != current partner,total (shown - unseen),,141,5,0.006987914095190295,-0.01999810175668696,0.03397392994706755,0.6117869607883606,,0.08046219070929277,0.9865927425015759,fitted,0.004923463574588918,0.08793084928028073,-0.002064450520601377,0.8789038869526574,False,,,25
frontier,exploratory (own screen),R3,Sol | 8-agent mixed,rule_return_half,dsend,author != current partner,total (shown - unseen),,54,5,-4.1557469271369385e-16,-1.1650762207737419e-15,3.3392683534635427e-16,0.2771528279972808,,0.07625035083719452,1.3209274612075532,fitted,-1.5352302762394743e-16,0.16604444646691974,2.620516650897464e-16,0.3997145088373192,False,,,10
frontier,exploratory (own screen),R3,pooled,rule_return_half,dsend,author != current partner,"direct, own round-r myth held fixed","GeminiPro,Opus",195,10,0.0019602356087510325,-0.0045993505439951695,0.008519821761497234,0.5580728731522289,,0.07949417141146543,1.1151174572397005,fitted,0.0025511523469950144,0.20894528005667212,0.0005909167382439821,0.8344341321423037,False,,,25
frontier,exploratory (own screen),R3,GeminiPro,rule_return_half,dsend,author != current partner,"direct, own round-r myth held fixed",,171,10,,,,,,,,not estimable: ceiling,,,,,False,,,9
frontier,exploratory (own screen),R3,GeminiPro | 8-agent homogeneous,rule_return_half,dsend,author != current partner,"direct, own round-r myth held fixed",,141,5,,,,,,,,not estimable: ceiling,,,,,False,,,7
frontier,exploratory (own screen),R3,GeminiPro | 8-agent mixed,rule_return_half,dsend,author != current partner,"direct, own round-r myth held fixed",,30,5,,,,,,,,not estimable: ceiling,,,,,False,,,5
frontier,exploratory (own screen),R3,Opus,rule_return_half,dsend,author != current partner,"direct, own round-r myth held fixed",,193,10,,,,,,,,not estimable: ceiling,,,,,False,,,14
frontier,exploratory (own screen),R3,Opus | 8-agent homogeneous,rule_return_half,dsend,author != current partner,"direct, own round-r myth held fixed",,141,5,,,,,,,,not estimable: ceiling,,,,,False,,,12
frontier,exploratory (own screen),R3,Opus | 8-agent mixed,rule_return_half,dsend,author != current partner,"direct, own round-r myth held fixed",,52,5,,,,,,,,not estimable: ceiling,,,,,False,,,5
frontier,exploratory (own screen),R3,Sol,rule_return_half,dsend,author != current partner,"direct, own round-r myth held fixed",,195,10,0.0019602356087510325,-0.0045993505439951695,0.008519821761497234,0.5580728731522289,,0.07949417141146543,1.1151174572397005,fitted,0.0025511523469950144,0.20894528005667212,0.0005909167382439821,0.8344341321423037,False,,,25
frontier,exploratory (own screen),R3,Sol | 8-agent homogeneous,rule_return_half,dsend,author != current partner,"direct, own round-r myth held fixed",,141,5,0.006965883625759989,-0.01855333411928665,0.03248510137080663,0.5926471602404867,,0.08046219070929277,0.9865927425015759,fitted,0.004758728167402254,0.08732037320942795,-0.002207155458357735,0.8669916849052808,False,,,25
frontier,exploratory (own screen),R3,Sol | 8-agent mixed,rule_return_half,dsend,author != current partner,"direct, own round-r myth held fixed",,54,5,-2.347297703431117e-16,-6.818940921666542e-16,2.1243455148043076e-16,0.303553442550185,,0.07625035083719452,1.3209274612075532,fitted,-6.938893903907228e-17,0.3537231932260504,1.6534083130403943e-16,0.33029248567565994,False,,,10
frontier,exploratory (own screen),R3,pooled,lex_consistency,dsend,never played before,total (shown - unseen),"GeminiPro,Opus",144,10,0.0029846196606478324,-0.0017082362060035165,0.007677475527299181,0.21257289873888097,0.11805902951475739,0.09207105124347433,0.9796028408221441,fitted,0.0011028416755001734,0.5044452346653165,-0.001881777985147659,0.3942756111082978,True,1.0,1.0,25
frontier,exploratory (own screen),R3,GeminiPro,lex_consistency,dsend,never played before,total (shown - unseen),,128,10,,,,,,,,not estimable: ceiling,,,,,False,,,9
frontier,exploratory (own screen),R3,GeminiPro | 8-agent homogeneous,lex_consistency,dsend,never played before,total (shown - unseen),,105,5,,,,,,,,not estimable: ceiling,,,,,False,,,7
frontier,exploratory (own screen),R3,GeminiPro | 8-agent mixed,lex_consistency,dsend,never played before,total (shown - unseen),,23,5,,,,,,,,not estimable: ceiling,,,,,False,,,5
frontier,exploratory (own screen),R3,Opus,lex_consistency,dsend,never played before,total (shown - unseen),,144,10,,,,,,,,not estimable: ceiling,,,,,False,,,14
frontier,exploratory (own screen),R3,Opus | 8-agent homogeneous,lex_consistency,dsend,never played before,total (shown - unseen),,105,5,,,,,,,,not estimable: ceiling,,,,,False,,,12
frontier,exploratory (own screen),R3,Opus | 8-agent mixed,lex_consistency,dsend,never played before,total (shown - unseen),,39,5,,,,,,,,not estimable: ceiling,,,,,False,,,5
frontier,exploratory (own screen),R3,Sol,lex_consistency,dsend,never played before,total (shown - unseen),,144,10,0.0029846196606478324,-0.0017082362060035165,0.007677475527299181,0.21257289873888097,0.1295647823911956,0.09207105124347433,0.9796028408221441,fitted,0.0011028416755001734,0.5044452346653165,-0.001881777985147659,0.3942756111082978,True,1.0,1.0,25
frontier,exploratory (own screen),R3,Sol | 8-agent homogeneous,lex_consistency,dsend,never played before,total (shown - unseen),,105,5,0.0019480768931453727,-0.01520962022776894,0.019105774014059686,0.8238986813309666,0.8014007003501751,0.09279936212992851,0.8535239281575608,fitted,-0.0004803515627222416,0.8832104985977922,-0.0024284284558676143,0.7120254220286564,True,1.0,1.0,25
frontier,exploratory (own screen),R3,Sol | 8-agent mixed,lex_consistency,dsend,never played before,total (shown - unseen),,39,5,1.0816924075439109e-16,-4.742388567688633e-16,6.905773382776455e-16,0.7158435612876164,0.5032516258129065,0.08938234601238358,1.2686430682191858,fitted,-5.2870825291406065e-17,0.7927246965581277,-1.6104006604579715e-16,0.6591790226199061,True,1.0,1.0,10
frontier,exploratory (own screen),R3,pooled,lex_consistency,dsend,never played before,"direct, own round-r myth held fixed","GeminiPro,Opus",144,10,0.0029338206792343547,-0.0009727377357202976,0.006840379094189007,0.14103961956884778,,0.09207105124347433,0.9796028408221441,fitted,0.0010640574112600627,0.44592467519097667,-0.001869763267974292,0.3902201906547673,False,,,25
frontier,exploratory (own screen),R3,GeminiPro,lex_consistency,dsend,never played before,"direct, own round-r myth held fixed",,128,10,,,,,,,,not estimable: ceiling,,,,,False,,,9
frontier,exploratory (own screen),R3,GeminiPro | 8-agent homogeneous,lex_consistency,dsend,never played before,"direct, own round-r myth held fixed",,105,5,,,,,,,,not estimable: ceiling,,,,,False,,,7
frontier,exploratory (own screen),R3,GeminiPro | 8-agent mixed,lex_consistency,dsend,never played before,"direct, own round-r myth held fixed",,23,5,,,,,,,,not estimable: ceiling,,,,,False,,,5
frontier,exploratory (own screen),R3,Opus,lex_consistency,dsend,never played before,"direct, own round-r myth held fixed",,144,10,,,,,,,,not estimable: ceiling,,,,,False,,,14
frontier,exploratory (own screen),R3,Opus | 8-agent homogeneous,lex_consistency,dsend,never played before,"direct, own round-r myth held fixed",,105,5,,,,,,,,not estimable: ceiling,,,,,False,,,12
frontier,exploratory (own screen),R3,Opus | 8-agent mixed,lex_consistency,dsend,never played before,"direct, own round-r myth held fixed",,39,5,,,,,,,,not estimable: ceiling,,,,,False,,,5
frontier,exploratory (own screen),R3,Sol,lex_consistency,dsend,never played before,"direct, own round-r myth held fixed",,144,10,0.0029338206792343547,-0.0009727377357202976,0.006840379094189007,0.14103961956884778,,0.09207105124347433,0.9796028408221441,fitted,0.0010640574112600627,0.44592467519097667,-0.001869763267974292,0.3902201906547673,False,,,25
frontier,exploratory (own screen),R3,Sol | 8-agent homogeneous,lex_consistency,dsend,never played before,"direct, own round-r myth held fixed",,105,5,0.0020352375698355707,-0.01407334101925882,0.01814381615892996,0.804419494965442,,0.09279936212992851,0.8535239281575608,fitted,-0.0003608526511822722,0.8967060971382181,-0.002396090221017843,0.7059875832463285,False,,,25
frontier,exploratory (own screen),R3,Sol | 8-agent mixed,lex_consistency,dsend,never played before,"direct, own round-r myth held fixed",,39,5,1.6480890237029725e-17,-7.569844218190932e-16,7.899462022931526e-16,0.9666879201205344,,0.08938234601238358,1.2686430682191858,fitted,-5.166482990879426e-17,0.901263203736377,-6.814572014582398e-17,0.8823422538848389,False,,,10
frontier,exploratory (own screen),R3,pooled,lex_consistency,dsend,author != current partner,total (shown - unseen),"GeminiPro,Opus",195,10,0.0012271378698479626,-0.0021888400325697534,0.004643115772265678,0.4813785233205121,,0.07949417141146543,1.0497931594985341,fitted,0.0008632333674468553,0.3440884254709765,-0.00036390450240110733,0.7736429601709232,False,,,25
frontier,exploratory (own screen),R3,GeminiPro,lex_consistency,dsend,author != current partner,total (shown - unseen),,171,10,,,,,,,,not estimable: ceiling,,,,,False,,,9
frontier,exploratory (own screen),R3,GeminiPro | 8-agent homogeneous,lex_consistency,dsend,author != current partner,total (shown - unseen),,141,5,,,,,,,,not estimable: ceiling,,,,,False,,,7
frontier,exploratory (own screen),R3,GeminiPro | 8-agent mixed,lex_consistency,dsend,author != current partner,total (shown - unseen),,30,5,,,,,,,,not estimable: ceiling,,,,,False,,,5
frontier,exploratory (own screen),R3,Opus,lex_consistency,dsend,author != current partner,total (shown - unseen),,193,10,,,,,,,,not estimable: ceiling,,,,,False,,,14
frontier,exploratory (own screen),R3,Opus | 8-agent homogeneous,lex_consistency,dsend,author != current partner,total (shown - unseen),,141,5,,,,,,,,not estimable: ceiling,,,,,False,,,12
frontier,exploratory (own screen),R3,Opus | 8-agent mixed,lex_consistency,dsend,author != current partner,total (shown - unseen),,52,5,,,,,,,,not estimable: ceiling,,,,,False,,,5
frontier,exploratory (own screen),R3,Sol,lex_consistency,dsend,author != current partner,total (shown - unseen),,195,10,0.0012271378698479626,-0.0021888400325697534,0.004643115772265678,0.4813785233205121,,0.07949417141146543,1.0497931594985341,fitted,0.0008632333674468553,0.3440884254709765,-0.00036390450240110733,0.7736429601709232,False,,,25
frontier,exploratory (own screen),R3,Sol | 8-agent homogeneous,lex_consistency,dsend,author != current partner,total (shown - unseen),,141,5,-0.003789020502865424,-0.013616627162492782,0.006038586156761935,0.44985218903097934,,0.08046219070929277,0.9445807230930934,fitted,-0.0001968318399585399,0.903376503512871,0.003592188662906884,0.35886763426095014,False,,,25
frontier,exploratory (own screen),R3,Sol | 8-agent mixed,lex_consistency,dsend,author != current partner,total (shown - unseen),,54,5,1.491862189340054e-16,-1.5383539957322555e-16,4.522078374412364e-16,0.3345716655210903,,0.07625035083719452,1.281905764451255,fitted,-4.7704895589362195e-17,0.7094773219856755,-1.968911145233676e-16,0.30510492298273084,False,,,10
frontier,exploratory (own screen),R3,pooled,lex_consistency,dsend,author != current partner,"direct, own round-r myth held fixed","GeminiPro,Opus",195,10,0.0013410645797427147,-0.0018885903435504991,0.004570719503035928,0.41573379352602624,,0.07949417141146543,1.0497931594985341,fitted,0.0010153169650761336,0.27686209126875194,-0.00032574761466658096,0.7832865383483145,False,,,25
frontier,exploratory (own screen),R3,GeminiPro,lex_consistency,dsend,author != current partner,"direct, own round-r myth held fixed",,171,10,,,,,,,,not estimable: ceiling,,,,,False,,,9
frontier,exploratory (own screen),R3,GeminiPro | 8-agent homogeneous,lex_consistency,dsend,author != current partner,"direct, own round-r myth held fixed",,141,5,,,,,,,,not estimable: ceiling,,,,,False,,,7
frontier,exploratory (own screen),R3,GeminiPro | 8-agent mixed,lex_consistency,dsend,author != current partner,"direct, own round-r myth held fixed",,30,5,,,,,,,,not estimable: ceiling,,,,,False,,,5
frontier,exploratory (own screen),R3,Opus,lex_consistency,dsend,author != current partner,"direct, own round-r myth held fixed",,193,10,,,,,,,,not estimable: ceiling,,,,,False,,,14
frontier,exploratory (own screen),R3,Opus | 8-agent homogeneous,lex_consistency,dsend,author != current partner,"direct, own round-r myth held fixed",,141,5,,,,,,,,not estimable: ceiling,,,,,False,,,12
frontier,exploratory (own screen),R3,Opus | 8-agent mixed,lex_consistency,dsend,author != current partner,"direct, own round-r myth held fixed",,52,5,,,,,,,,not estimable: ceiling,,,,,False,,,5
frontier,exploratory (own screen),R3,Sol,lex_consistency,dsend,author != current partner,"direct, own round-r myth held fixed",,195,10,0.0013410645797427147,-0.0018885903435504991,0.004570719503035928,0.41573379352602624,,0.07949417141146543,1.0497931594985341,fitted,0.0010153169650761336,0.27686209126875194,-0.00032574761466658096,0.7832865383483145,False,,,25
frontier,exploratory (own screen),R3,Sol | 8-agent homogeneous,lex_consistency,dsend,author != current partner,"direct, own round-r myth held fixed",,141,5,-0.003770521534177222,-0.012342316128780728,0.004801273060426284,0.3886105194998657,,0.08046219070929277,0.9445807230930934,fitted,7.173457397641355e-05,0.9568058514550587,0.003842256108153636,0.27140791745759596,False,,,25
frontier,exploratory (own screen),R3,Sol | 8-agent mixed,lex_consistency,dsend,author != current partner,"direct, own round-r myth held fixed",,54,5,1.3660947373317356e-16,-2.0957727343806768e-16,4.827962209044148e-16,0.43927061976705417,,0.07625035083719452,1.281905764451255,fitted,2.242130092700023e-16,0.31240417734712056,8.760353553682876e-17,0.5436961316688891,False,,,10
frontier,exploratory (own screen),R3,pooled,lex_community,dsend,never played before,total (shown - unseen),"GeminiPro,Opus",144,10,0.0036009342427501074,-0.004296155643295402,0.011498024128795616,0.3714775327326487,0.2221110555277639,0.09207105124347433,0.8953570949424853,fitted,0.0021178523068790906,0.5311535169911279,-0.0014830819358710168,0.5333160694108827,True,1.0,1.0,25
frontier,exploratory (own screen),R3,GeminiPro,lex_community,dsend,never played before,total (shown - unseen),,128,10,,,,,,,,not estimable: ceiling,,,,,False,,,9
frontier,exploratory (own screen),R3,GeminiPro | 8-agent homogeneous,lex_community,dsend,never played before,total (shown - unseen),,105,5,,,,,,,,not estimable: ceiling,,,,,False,,,7
frontier,exploratory (own screen),R3,GeminiPro | 8-agent mixed,lex_community,dsend,never played before,total (shown - unseen),,23,5,,,,,,,,not estimable: ceiling,,,,,False,,,5
frontier,exploratory (own screen),R3,Opus,lex_community,dsend,never played before,total (shown - unseen),,144,10,,,,,,,,not estimable: ceiling,,,,,False,,,14
frontier,exploratory (own screen),R3,Opus | 8-agent homogeneous,lex_community,dsend,never played before,total (shown - unseen),,105,5,,,,,,,,not estimable: ceiling,,,,,False,,,12
frontier,exploratory (own screen),R3,Opus | 8-agent mixed,lex_community,dsend,never played before,total (shown - unseen),,39,5,,,,,,,,not estimable: ceiling,,,,,False,,,5
frontier,exploratory (own screen),R3,Sol,lex_community,dsend,never played before,total (shown - unseen),,144,10,0.0036009342427501074,-0.004296155643295402,0.011498024128795616,0.3714775327326487,0.2206103051525763,0.09207105124347433,0.8953570949424853,fitted,0.0021178523068790906,0.5311535169911279,-0.0014830819358710168,0.5333160694108827,True,1.0,1.0,25
frontier,exploratory (own screen),R3,Sol | 8-agent homogeneous,lex_community,dsend,never played before,total (shown - unseen),,105,5,0.007107712475357289,-0.003967339781707055,0.018182764732421634,0.2084425476835492,0.2541270635317659,0.09279936212992851,0.9610536450559743,fitted,0.0016430598400097676,0.735402728483266,-0.0054646526353475215,0.0006403654731833196,True,1.0,1.0,25
frontier,exploratory (own screen),R3,Sol | 8-agent mixed,lex_community,dsend,never played before,total (shown - unseen),,39,5,2.803024379902163e-16,-9.353362247679582e-16,1.4959411007483908e-15,0.6513199434653358,0.4702351175587794,0.08938234601238358,0.6825407784934702,fitted,6.348822032038012e-16,0.5103399643495052,3.5457976521358486e-16,0.4911661058323954,True,1.0,1.0,10
frontier,exploratory (own screen),R3,pooled,lex_community,dsend,never played before,"direct, own round-r myth held fixed","GeminiPro,Opus",144,10,0.003320568974469846,-0.0055856344636854485,0.012226772412625141,0.4649327308516452,,0.09207105124347433,0.8953570949424853,fitted,0.0018580974209035333,0.5961879907591897,-0.0014624715535663125,0.63266840715536,False,,,25
frontier,exploratory (own screen),R3,GeminiPro,lex_community,dsend,never played before,"direct, own round-r myth held fixed",,128,10,,,,,,,,not estimable: ceiling,,,,,False,,,9
frontier,exploratory (own screen),R3,GeminiPro | 8-agent homogeneous,lex_community,dsend,never played before,"direct, own round-r myth held fixed",,105,5,,,,,,,,not estimable: ceiling,,,,,False,,,7
frontier,exploratory (own screen),R3,GeminiPro | 8-agent mixed,lex_community,dsend,never played before,"direct, own round-r myth held fixed",,23,5,,,,,,,,not estimable: ceiling,,,,,False,,,5
frontier,exploratory (own screen),R3,Opus,lex_community,dsend,never played before,"direct, own round-r myth held fixed",,144,10,,,,,,,,not estimable: ceiling,,,,,False,,,14
frontier,exploratory (own screen),R3,Opus | 8-agent homogeneous,lex_community,dsend,never played before,"direct, own round-r myth held fixed",,105,5,,,,,,,,not estimable: ceiling,,,,,False,,,12
frontier,exploratory (own screen),R3,Opus | 8-agent mixed,lex_community,dsend,never played before,"direct, own round-r myth held fixed",,39,5,,,,,,,,not estimable: ceiling,,,,,False,,,5
frontier,exploratory (own screen),R3,Sol,lex_community,dsend,never played before,"direct, own round-r myth held fixed",,144,10,0.003320568974469846,-0.0055856344636854485,0.012226772412625141,0.4649327308516452,,0.09207105124347433,0.8953570949424853,fitted,0.0018580974209035333,0.5961879907591897,-0.0014624715535663125,0.63266840715536,False,,,25
frontier,exploratory (own screen),R3,Sol | 8-agent homogeneous,lex_community,dsend,never played before,"direct, own round-r myth held fixed",,105,5,0.00896261505205529,-0.005949049969853829,0.02387428007396441,0.23878427318105355,,0.09279936212992851,0.9610536450559743,fitted,0.0010815819093601673,0.8197481839524237,-0.007881033142695124,0.011717955060353214,False,,,25
frontier,exploratory (own screen),R3,Sol | 8-agent mixed,lex_community,dsend,never played before,"direct, own round-r myth held fixed",,39,5,4.634762175514553e-16,-9.097363772718742e-16,1.836688812374785e-15,0.5082839822995942,,0.08938234601238358,0.6825407784934702,fitted,8.206969009836266e-16,0.5168308745647086,3.572206834321713e-16,0.6526277973355739,False,,,10
frontier,exploratory (own screen),R3,pooled,lex_community,dsend,author != current partner,total (shown - unseen),"GeminiPro,Opus",195,10,0.0018442792636999892,-0.0020973960441557434,0.005785954571555722,0.3591154305849986,,0.07949417141146543,0.8966707919634072,fitted,-5.229840860023186e-05,0.9641985228512532,-0.0018965776723002211,0.2964436857723194,False,,,25
frontier,exploratory (own screen),R3,GeminiPro,lex_community,dsend,author != current partner,total (shown - unseen),,171,10,,,,,,,,not estimable: ceiling,,,,,False,,,9
frontier,exploratory (own screen),R3,GeminiPro | 8-agent homogeneous,lex_community,dsend,author != current partner,total (shown - unseen),,141,5,,,,,,,,not estimable: ceiling,,,,,False,,,7
frontier,exploratory (own screen),R3,GeminiPro | 8-agent mixed,lex_community,dsend,author != current partner,total (shown - unseen),,30,5,,,,,,,,not estimable: ceiling,,,,,False,,,5
frontier,exploratory (own screen),R3,Opus,lex_community,dsend,author != current partner,total (shown - unseen),,193,10,,,,,,,,not estimable: ceiling,,,,,False,,,14
frontier,exploratory (own screen),R3,Opus | 8-agent homogeneous,lex_community,dsend,author != current partner,total (shown - unseen),,141,5,,,,,,,,not estimable: ceiling,,,,,False,,,12
frontier,exploratory (own screen),R3,Opus | 8-agent mixed,lex_community,dsend,author != current partner,total (shown - unseen),,52,5,,,,,,,,not estimable: ceiling,,,,,False,,,5
frontier,exploratory (own screen),R3,Sol,lex_community,dsend,author != current partner,total (shown - unseen),,195,10,0.0018442792636999892,-0.0020973960441557434,0.005785954571555722,0.3591154305849986,,0.07949417141146543,0.8966707919634072,fitted,-5.229840860023186e-05,0.9641985228512532,-0.0018965776723002211,0.2964436857723194,False,,,25
frontier,exploratory (own screen),R3,Sol | 8-agent homogeneous,lex_community,dsend,author != current partner,total (shown - unseen),,141,5,0.003200943672541979,-0.0036488557602440156,0.010050743105327973,0.3597191159860327,,0.08046219070929277,0.9550901491775973,fitted,0.00035531240313201127,0.8266931259952064,-0.002845631269409968,0.19755395124757547,False,,,25
frontier,exploratory (own screen),R3,Sol | 8-agent mixed,lex_community,dsend,author != current partner,total (shown - unseen),,54,5,4.996003610813204e-16,-6.789511213730766e-16,1.6781518435357175e-15,0.40605874881464477,,0.07625035083719452,0.7035214269255156,fitted,1.942890293094024e-16,0.5372062627696819,-3.0531133177191805e-16,0.3254204676430077,False,,,10
frontier,exploratory (own screen),R3,pooled,lex_community,dsend,author != current partner,"direct, own round-r myth held fixed","GeminiPro,Opus",195,10,0.001694813304320532,-0.002589500458431364,0.005979127067072428,0.43814247390682726,,0.07949417141146543,0.8966707919634072,fitted,-0.0003688992715540731,0.7386622922124364,-0.002063712575874605,0.29797067086551043,False,,,25
frontier,exploratory (own screen),R3,GeminiPro,lex_community,dsend,author != current partner,"direct, own round-r myth held fixed",,171,10,,,,,,,,not estimable: ceiling,,,,,False,,,9
frontier,exploratory (own screen),R3,GeminiPro | 8-agent homogeneous,lex_community,dsend,author != current partner,"direct, own round-r myth held fixed",,141,5,,,,,,,,not estimable: ceiling,,,,,False,,,7
frontier,exploratory (own screen),R3,GeminiPro | 8-agent mixed,lex_community,dsend,author != current partner,"direct, own round-r myth held fixed",,30,5,,,,,,,,not estimable: ceiling,,,,,False,,,5
frontier,exploratory (own screen),R3,Opus,lex_community,dsend,author != current partner,"direct, own round-r myth held fixed",,193,10,,,,,,,,not estimable: ceiling,,,,,False,,,14
frontier,exploratory (own screen),R3,Opus | 8-agent homogeneous,lex_community,dsend,author != current partner,"direct, own round-r myth held fixed",,141,5,,,,,,,,not estimable: ceiling,,,,,False,,,12
frontier,exploratory (own screen),R3,Opus | 8-agent mixed,lex_community,dsend,author != current partner,"direct, own round-r myth held fixed",,52,5,,,,,,,,not estimable: ceiling,,,,,False,,,5
frontier,exploratory (own screen),R3,Sol,lex_community,dsend,author != current partner,"direct, own round-r myth held fixed",,195,10,0.001694813304320532,-0.002589500458431364,0.005979127067072428,0.43814247390682726,,0.07949417141146543,0.8966707919634072,fitted,-0.0003688992715540731,0.7386622922124364,-0.002063712575874605,0.29797067086551043,False,,,25
frontier,exploratory (own screen),R3,Sol | 8-agent homogeneous,lex_community,dsend,author != current partner,"direct, own round-r myth held fixed",,141,5,0.0034736940672662883,-0.004128121545363379,0.011075509679895956,0.3704573550668152,,0.08046219070929277,0.9550901491775973,fitted,-1.2114997567684409e-05,0.9931966223395937,-0.0034858090648339727,0.21185887215599708,False,,,25
frontier,exploratory (own screen),R3,Sol | 8-agent mixed,lex_community,dsend,author != current partner,"direct, own round-r myth held fixed",,54,5,3.5735303605122226e-16,-6.131883891495276e-16,1.3278944612519721e-15,0.47050470911128583,,0.07625035083719452,0.7035214269255156,fitted,1.249000902703301e-16,0.5685096342928531,-2.3245294578089215e-16,0.4859580229516648,False,,,10
frontier,exploratory (own screen),R3,pooled,rule_letdown_reduce,dsend,never played before,total (shown - unseen),"GeminiPro,Opus",144,10,0.0007324307908254388,-0.008416127118226315,0.009880988699877193,0.87531252659963,0.8239119559779889,0.09207105124347433,1.5035090972444287,fitted,-0.0004792738408274102,0.5627206591047573,-0.001211704631652849,0.791670344101163,True,1.0,1.0,25
frontier,exploratory (own screen),R3,GeminiPro,rule_letdown_reduce,dsend,never played before,total (shown - unseen),,128,10,,,,,,,,not estimable: ceiling,,,,,False,,,9
frontier,exploratory (own screen),R3,GeminiPro | 8-agent homogeneous,rule_letdown_reduce,dsend,never played before,total (shown - unseen),,105,5,,,,,,,,not estimable: ceiling,,,,,False,,,7
frontier,exploratory (own screen),R3,GeminiPro | 8-agent mixed,rule_letdown_reduce,dsend,never played before,total (shown - unseen),,23,5,,,,,,,,not estimable: ceiling,,,,,False,,,5
frontier,exploratory (own screen),R3,Opus,rule_letdown_reduce,dsend,never played before,total (shown - unseen),,144,10,,,,,,,,not estimable: ceiling,,,,,False,,,14
frontier,exploratory (own screen),R3,Opus | 8-agent homogeneous,rule_letdown_reduce,dsend,never played before,total (shown - unseen),,105,5,,,,,,,,not estimable: ceiling,,,,,False,,,12
frontier,exploratory (own screen),R3,Opus | 8-agent mixed,rule_letdown_reduce,dsend,never played before,total (shown - unseen),,39,5,,,,,,,,not estimable: ceiling,,,,,False,,,5
frontier,exploratory (own screen),R3,Sol,rule_letdown_reduce,dsend,never played before,total (shown - unseen),,144,10,0.0007324307908254388,-0.008416127118226315,0.009880988699877193,0.87531252659963,0.8319159579789895,0.09207105124347433,1.5035090972444287,fitted,-0.0004792738408274102,0.5627206591047573,-0.001211704631652849,0.791670344101163,True,1.0,1.0,25
frontier,exploratory (own screen),R3,Sol | 8-agent homogeneous,rule_letdown_reduce,dsend,never played before,total (shown - unseen),,105,5,0.006441663488804694,-0.02299431491173472,0.03587764188934411,0.6679876608198358,0.7288644322161081,0.09279936212992851,1.053804034095322,fitted,0.000248014330949768,0.7697517502907372,-0.006193649157854926,0.665231627554767,True,1.0,1.0,25
frontier,exploratory (own screen),R3,Sol | 8-agent mixed,rule_letdown_reduce,dsend,never played before,total (shown - unseen),,39,5,4.594336707443245e-16,-1.0616109157871252e-15,1.9804782572757743e-15,0.5538439615087873,0.49374687343671836,0.08938234601238358,2.3278237977931817,fitted,6.013074187934455e-18,0.987872437814684,-4.5342059655639e-16,0.49936410598000525,True,1.0,1.0,10
frontier,exploratory (own screen),R3,pooled,rule_letdown_reduce,dsend,never played before,"direct, own round-r myth held fixed","GeminiPro,Opus",144,10,0.0007029122907380356,-0.008020328812209687,0.009426153393685759,0.8745100334281224,,0.09207105124347433,1.5035090972444287,fitted,-0.000444862098605323,0.5936786330768458,-0.0011477743893433586,0.7766010005965953,False,,,25
frontier,exploratory (own screen),R3,GeminiPro,rule_letdown_reduce,dsend,never played before,"direct, own round-r myth held fixed",,128,10,,,,,,,,not estimable: ceiling,,,,,False,,,9
frontier,exploratory (own screen),R3,GeminiPro | 8-agent homogeneous,rule_letdown_reduce,dsend,never played before,"direct, own round-r myth held fixed",,105,5,,,,,,,,not estimable: ceiling,,,,,False,,,7
frontier,exploratory (own screen),R3,GeminiPro | 8-agent mixed,rule_letdown_reduce,dsend,never played before,"direct, own round-r myth held fixed",,23,5,,,,,,,,not estimable: ceiling,,,,,False,,,5
frontier,exploratory (own screen),R3,Opus,rule_letdown_reduce,dsend,never played before,"direct, own round-r myth held fixed",,144,10,,,,,,,,not estimable: ceiling,,,,,False,,,14
frontier,exploratory (own screen),R3,Opus | 8-agent homogeneous,rule_letdown_reduce,dsend,never played before,"direct, own round-r myth held fixed",,105,5,,,,,,,,not estimable: ceiling,,,,,False,,,12
frontier,exploratory (own screen),R3,Opus | 8-agent mixed,rule_letdown_reduce,dsend,never played before,"direct, own round-r myth held fixed",,39,5,,,,,,,,not estimable: ceiling,,,,,False,,,5
frontier,exploratory (own screen),R3,Sol,rule_letdown_reduce,dsend,never played before,"direct, own round-r myth held fixed",,144,10,0.0007029122907380356,-0.008020328812209687,0.009426153393685759,0.8745100334281224,,0.09207105124347433,1.5035090972444287,fitted,-0.000444862098605323,0.5936786330768458,-0.0011477743893433586,0.7766010005965953,False,,,25
frontier,exploratory (own screen),R3,Sol | 8-agent homogeneous,rule_letdown_reduce,dsend,never played before,"direct, own round-r myth held fixed",,105,5,0.00631022084165842,-0.02111705795550435,0.033737499638821195,0.6520394028210488,,0.09279936212992851,1.053804034095322,fitted,0.0002569002964824146,0.7912645647934233,-0.006053320545176006,0.6454180643662226,False,,,25
frontier,exploratory (own screen),R3,Sol | 8-agent mixed,rule_letdown_reduce,dsend,never played before,"direct, own round-r myth held fixed",,39,5,-3.007039343481615e-16,-2.2834397188401697e-15,1.6820318501438467e-15,0.7662753937408897,,0.08938234601238358,2.3278237977931817,fitted,-1.2722712741834303e-16,0.6996761519248704,1.7347680692981843e-16,0.8308945361157983,False,,,10
frontier,exploratory (own screen),R3,pooled,rule_letdown_reduce,dsend,author != current partner,total (shown - unseen),"GeminiPro,Opus",195,10,-0.00010645129538724006,-0.0016434991207128578,0.0014305965299383776,0.8920258820082906,,0.07949417141146543,1.5858639124558958,fitted,-5.474621897887592e-05,0.9486735480824161,5.170507640836414e-05,0.937280776127899,False,,,25
frontier,exploratory (own screen),R3,GeminiPro,rule_letdown_reduce,dsend,author != current partner,total (shown - unseen),,171,10,,,,,,,,not estimable: ceiling,,,,,False,,,9
frontier,exploratory (own screen),R3,GeminiPro | 8-agent homogeneous,rule_letdown_reduce,dsend,author != current partner,total (shown - unseen),,141,5,,,,,,,,not estimable: ceiling,,,,,False,,,7
frontier,exploratory (own screen),R3,GeminiPro | 8-agent mixed,rule_letdown_reduce,dsend,author != current partner,total (shown - unseen),,30,5,,,,,,,,not estimable: ceiling,,,,,False,,,5
frontier,exploratory (own screen),R3,Opus,rule_letdown_reduce,dsend,author != current partner,total (shown - unseen),,193,10,,,,,,,,not estimable: ceiling,,,,,False,,,14
frontier,exploratory (own screen),R3,Opus | 8-agent homogeneous,rule_letdown_reduce,dsend,author != current partner,total (shown - unseen),,141,5,,,,,,,,not estimable: ceiling,,,,,False,,,12
frontier,exploratory (own screen),R3,Opus | 8-agent mixed,rule_letdown_reduce,dsend,author != current partner,total (shown - unseen),,52,5,,,,,,,,not estimable: ceiling,,,,,False,,,5
frontier,exploratory (own screen),R3,Sol,rule_letdown_reduce,dsend,author != current partner,total (shown - unseen),,195,10,-0.00010645129538724006,-0.0016434991207128578,0.0014305965299383776,0.8920258820082906,,0.07949417141146543,1.5858639124558958,fitted,-5.474621897887592e-05,0.9486735480824161,5.170507640836414e-05,0.937280776127899,False,,,25
frontier,exploratory (own screen),R3,Sol | 8-agent homogeneous,rule_letdown_reduce,dsend,author != current partner,total (shown - unseen),,141,5,0.0008269018748057987,-0.008723233175849129,0.010377036925460726,0.8652427820065693,,0.08046219070929277,1.0934161270961418,fitted,0.0011034934266032658,0.5976719057973872,0.00027659155179746717,0.9626647073696339,False,,,25
frontier,exploratory (own screen),R3,Sol | 8-agent mixed,rule_letdown_reduce,dsend,author != current partner,total (shown - unseen),,54,5,6.164773552752578e-16,-5.235640005318982e-16,1.7565187110824138e-15,0.2892126130877065,,0.07625035083719452,2.445643038791966,fitted,1.2967057982926633e-16,0.445470260060033,-4.868067754459915e-16,0.3328538270145154,False,,,10
frontier,exploratory (own screen),R3,pooled,rule_letdown_reduce,dsend,author != current partner,"direct, own round-r myth held fixed","GeminiPro,Opus",195,10,-4.9146647666222486e-05,-0.0016182502393447798,0.001519956944012335,0.9510494333767293,,0.07949417141146543,1.5858639124558958,fitted,-2.5105891576203404e-05,0.9739578384103885,2.4040756090019082e-05,0.9743875069174976,False,,,25
frontier,exploratory (own screen),R3,GeminiPro,rule_letdown_reduce,dsend,author != current partner,"direct, own round-r myth held fixed",,171,10,,,,,,,,not estimable: ceiling,,,,,False,,,9
frontier,exploratory (own screen),R3,GeminiPro | 8-agent homogeneous,rule_letdown_reduce,dsend,author != current partner,"direct, own round-r myth held fixed",,141,5,,,,,,,,not estimable: ceiling,,,,,False,,,7
frontier,exploratory (own screen),R3,GeminiPro | 8-agent mixed,rule_letdown_reduce,dsend,author != current partner,"direct, own round-r myth held fixed",,30,5,,,,,,,,not estimable: ceiling,,,,,False,,,5
frontier,exploratory (own screen),R3,Opus,rule_letdown_reduce,dsend,author != current partner,"direct, own round-r myth held fixed",,193,10,,,,,,,,not estimable: ceiling,,,,,False,,,14
frontier,exploratory (own screen),R3,Opus | 8-agent homogeneous,rule_letdown_reduce,dsend,author != current partner,"direct, own round-r myth held fixed",,141,5,,,,,,,,not estimable: ceiling,,,,,False,,,12
frontier,exploratory (own screen),R3,Opus | 8-agent mixed,rule_letdown_reduce,dsend,author != current partner,"direct, own round-r myth held fixed",,52,5,,,,,,,,not estimable: ceiling,,,,,False,,,5
frontier,exploratory (own screen),R3,Sol,rule_letdown_reduce,dsend,author != current partner,"direct, own round-r myth held fixed",,195,10,-4.9146647666222486e-05,-0.0016182502393447798,0.001519956944012335,0.9510494333767293,,0.07949417141146543,1.5858639124558958,fitted,-2.5105891576203404e-05,0.9739578384103885,2.4040756090019082e-05,0.9743875069174976,False,,,25
frontier,exploratory (own screen),R3,Sol | 8-agent homogeneous,rule_letdown_reduce,dsend,author != current partner,"direct, own round-r myth held fixed",,141,5,0.0009816510666880245,-0.008850695475648155,0.010813997609024205,0.8448600690800001,,0.08046219070929277,1.0934161270961418,fitted,0.001134316130974151,0.581397049414537,0.00015266506428612651,0.9796623683346948,False,,,25
frontier,exploratory (own screen),R3,Sol | 8-agent mixed,rule_letdown_reduce,dsend,author != current partner,"direct, own round-r myth held fixed",,54,5,1.3299772524608122e-16,-2.3245653388980614e-16,4.984519843819686e-16,0.4756732937748306,,0.07625035083719452,2.445643038791966,fitted,2.6020852139652106e-18,0.9725575094350541,-1.30395640032116e-16,0.39660086607243483,False,,,10
