dataset,candidate_set,rung,stratum,feature,outcome,sample,estimate,pooled_excludes,n,n_runs,coef,ci_low,ci_high,p,p_wild,y_sd,x_sd,status,shown_coef,shown_p,unseen_coef,unseen_p,holm,p_holm,p_holm_wild,n_holm_tests
frontier,September frozen top-5,R4,pooled,lex_multiplier,send,senders,"own myth, per within-family SD",GeminiPro,76,37,0.02421270740444384,0.0068330390651371725,0.041592375743750507,0.0063228949716919855,0.03251625812906453,0.1305050916530402,1.1535812945750756,fitted,,,,,True,0.15174947932060764,0.7803901950975487,25
frontier,September frozen top-5,R4,GeminiPro,lex_multiplier,send,senders,"own myth, per within-family SD",,37,20,,,,,,0.0,,not estimable: ceiling,,,,,False,,,9
frontier,September frozen top-5,R4,GeminiPro | 2-agent homogeneous,lex_multiplier,send,senders,"own myth, per within-family SD",,5,5,,,,,,0.0,,not estimable: ceiling,,,,,False,,,0
frontier,September frozen top-5,R4,GeminiPro | 2-agent mixed,lex_multiplier,send,senders,"own myth, per within-family SD",,6,6,,,,,,0.0,,not estimable: ceiling,,,,,False,,,0
frontier,September frozen top-5,R4,GeminiPro | 8-agent homogeneous,lex_multiplier,send,senders,"own myth, per within-family SD",,20,5,,,,,,0.0,,not estimable: ceiling,,,,,False,,,8
frontier,September frozen top-5,R4,GeminiPro | 8-agent mixed,lex_multiplier,send,senders,"own myth, per within-family SD",,6,4,,,,,,0.0,,not estimable: ceiling,,,,,False,,,5
frontier,September frozen top-5,R4,Opus,lex_multiplier,send,senders,"own myth, per within-family SD",,37,21,0.003351526807226663,-0.02235307327129369,0.02905612688574702,0.7982964895430636,0.7853926963481741,0.06931669932133817,1.03099615768451,fitted,,,,,True,1.0,1.0,15
frontier,September frozen top-5,R4,Opus | 2-agent homogeneous,lex_multiplier,send,senders,"own myth, per within-family SD",,5,5,,,,,,0.0,,not estimable: ceiling,,,,,False,,,0
frontier,September frozen top-5,R4,Opus | 2-agent mixed,lex_multiplier,send,senders,"own myth, per within-family SD",,6,6,,,,,,0.0,,not estimable: ceiling,,,,,False,,,0
frontier,September frozen top-5,R4,Opus | 8-agent homogeneous,lex_multiplier,send,senders,"own myth, per within-family SD",,20,5,0.0006381121621982511,-0.040414294462084395,0.0416905187864809,0.9756959093710085,0.9654827413706853,0.08207826816681231,1.0663498258768351,fitted,,,,,True,1.0,1.0,15
frontier,September frozen top-5,R4,Opus | 8-agent mixed,lex_multiplier,send,senders,"own myth, per within-family SD",,6,5,,,,,,0.08164965809277258,,not estimable: ceiling,,,,,False,,,5
frontier,September frozen top-5,R4,Sol,lex_multiplier,send,senders,"own myth, per within-family SD",,39,21,0.03794250722228645,0.018104253842633772,0.05778076060193914,0.00017781474969767586,0.0240120060030015,0.15637596137369247,1.253391258903196,fitted,,,,,True,0.0042675539927442205,0.576288144072036,25
frontier,September frozen top-5,R4,Sol | 2-agent homogeneous,lex_multiplier,send,senders,"own myth, per within-family SD",,5,5,,,,,,0.17888543819998318,,not estimable: ceiling,,,,,False,,,0
frontier,September frozen top-5,R4,Sol | 2-agent mixed,lex_multiplier,send,senders,"own myth, per within-family SD",,6,6,,,,,,0.08164965809277258,,not estimable: ceiling,,,,,False,,,0
frontier,September frozen top-5,R4,Sol | 8-agent homogeneous,lex_multiplier,send,senders,"own myth, per within-family SD",,20,5,0.04404112078191127,0.020439570139694017,0.06764267142412853,0.00025484138195214836,0.06253126563281641,0.15355437918998288,1.4031801490677684,fitted,,,,,True,0.005861351784899412,1.0,25
frontier,September frozen top-5,R4,Sol | 8-agent mixed,lex_multiplier,send,senders,"own myth, per within-family SD",,8,5,,,,,,0.1851640199545103,,not estimable: ceiling,,,,,False,,,10
frontier,September frozen top-5,R4,pooled,lex_caution,send,senders,"own myth, per within-family SD",GeminiPro,76,37,-0.008787064657633459,-0.048748273053489735,0.031174143738222818,0.6664856664844576,0.6938469234617308,0.1305050916530402,0.7783530497164992,fitted,,,,,True,1.0,1.0,25
frontier,September frozen top-5,R4,GeminiPro,lex_caution,send,senders,"own myth, per within-family SD",,37,20,,,,,,0.0,,not estimable: ceiling,,,,,False,,,9
frontier,September frozen top-5,R4,GeminiPro | 2-agent homogeneous,lex_caution,send,senders,"own myth, per within-family SD",,5,5,,,,,,0.0,,not estimable: ceiling,,,,,False,,,0
frontier,September frozen top-5,R4,GeminiPro | 2-agent mixed,lex_caution,send,senders,"own myth, per within-family SD",,6,6,,,,,,0.0,,not estimable: ceiling,,,,,False,,,0
frontier,September frozen top-5,R4,GeminiPro | 8-agent homogeneous,lex_caution,send,senders,"own myth, per within-family SD",,20,5,,,,,,0.0,,not estimable: ceiling,,,,,False,,,8
frontier,September frozen top-5,R4,GeminiPro | 8-agent mixed,lex_caution,send,senders,"own myth, per within-family SD",,6,4,,,,,,0.0,,not estimable: ceiling,,,,,False,,,5
frontier,September frozen top-5,R4,Opus,lex_caution,send,senders,"own myth, per within-family SD",,37,21,0.017450935610381458,0.005438077898905274,0.02946379332185764,0.004410337324317617,0.0240120060030015,0.06931669932133817,0.6804898023742493,fitted,,,,,True,0.057334385216129026,0.33616808404202103,15
frontier,September frozen top-5,R4,Opus | 2-agent homogeneous,lex_caution,send,senders,"own myth, per within-family SD",,5,5,,,,,,0.0,,not estimable: ceiling,,,,,False,,,0
frontier,September frozen top-5,R4,Opus | 2-agent mixed,lex_caution,send,senders,"own myth, per within-family SD",,6,6,,,,,,0.0,,not estimable: ceiling,,,,,False,,,0
frontier,September frozen top-5,R4,Opus | 8-agent homogeneous,lex_caution,send,senders,"own myth, per within-family SD",,20,5,0.020837321074715004,0.004081884828216781,0.03759275732121323,0.014791599583584588,0.14057028514257128,0.08207826816681231,0.7710391167079479,fitted,,,,,True,0.19229079458659964,1.0,15
frontier,September frozen top-5,R4,Opus | 8-agent mixed,lex_caution,send,senders,"own myth, per within-family SD",,6,5,,,,,,0.08164965809277258,,not estimable: ceiling,,,,,False,,,5
frontier,September frozen top-5,R4,Sol,lex_caution,send,senders,"own myth, per within-family SD",,39,21,-0.026801374039420924,-0.09491220310270289,0.04130945502386103,0.44056528017615326,0.4592296148074037,0.15637596137369247,0.8682810406773301,fitted,,,,,True,1.0,1.0,25
frontier,September frozen top-5,R4,Sol | 2-agent homogeneous,lex_caution,send,senders,"own myth, per within-family SD",,5,5,,,,,,0.17888543819998318,,not estimable: ceiling,,,,,False,,,0
frontier,September frozen top-5,R4,Sol | 2-agent mixed,lex_caution,send,senders,"own myth, per within-family SD",,6,6,,,,,,0.08164965809277258,,not estimable: ceiling,,,,,False,,,0
frontier,September frozen top-5,R4,Sol | 8-agent homogeneous,lex_caution,send,senders,"own myth, per within-family SD",,20,5,-0.02847312377141871,-0.16452721318917035,0.10758096564633292,0.6816759019109798,0.8814407203601801,0.15355437918998288,0.6375362479670696,fitted,,,,,True,1.0,1.0,25
frontier,September frozen top-5,R4,Sol | 8-agent mixed,lex_caution,send,senders,"own myth, per within-family SD",,8,5,,,,,,0.1851640199545103,,not estimable: ceiling,,,,,False,,,10
frontier,September frozen top-5,R4,pooled,rule_send_amount,send,senders,"own myth, per within-family SD",GeminiPro,52,27,0.08277122342358186,0.04232241330079329,0.12322003354637043,6.053535399856222e-05,0.00400200100050025,0.12739411656408348,1.2201855999436655,fitted,,,,,True,0.0015133838499640556,0.10005002501250625,25
frontier,September frozen top-5,R4,GeminiPro,rule_send_amount,send,senders,"own myth, per within-family SD",,37,20,,,,,,0.0,,not estimable: ceiling,,,,,False,,,9
frontier,September frozen top-5,R4,GeminiPro | 2-agent homogeneous,rule_send_amount,send,senders,"own myth, per within-family SD",,5,5,,,,,,0.0,,not estimable: ceiling,,,,,False,,,0
frontier,September frozen top-5,R4,GeminiPro | 2-agent mixed,rule_send_amount,send,senders,"own myth, per within-family SD",,6,6,,,,,,0.0,,not estimable: ceiling,,,,,False,,,0
frontier,September frozen top-5,R4,GeminiPro | 8-agent homogeneous,rule_send_amount,send,senders,"own myth, per within-family SD",,20,5,,,,,,0.0,,not estimable: ceiling,,,,,False,,,8
frontier,September frozen top-5,R4,GeminiPro | 8-agent mixed,rule_send_amount,send,senders,"own myth, per within-family SD",,6,4,,,,,,0.0,,not estimable: ceiling,,,,,False,,,5
frontier,September frozen top-5,R4,Opus,rule_send_amount,send,senders,"own myth, per within-family SD",,21,11,0.05002444917619881,0.038243880895333496,0.061805017457064126,8.598291194283075e-17,0.014507253626813406,0.08728715609439694,1.613060424994574,fitted,,,,,True,1.2897436791424611e-15,0.2176088044022011,15
frontier,September frozen top-5,R4,Opus | 2-agent mixed,rule_send_amount,send,senders,"own myth, per within-family SD",,3,3,,,,,,0.0,,not estimable: ceiling,,,,,False,,,0
frontier,September frozen top-5,R4,Opus | 8-agent homogeneous,rule_send_amount,send,senders,"own myth, per within-family SD",,15,5,0.04725301154870887,0.03728058450846487,0.05722543858895286,1.5865775179447957e-20,0.014507253626813406,0.09154754164341265,1.8054371135330096,fitted,,,,,True,2.3798662769171935e-19,0.2176088044022011,15
frontier,September frozen top-5,R4,Opus | 8-agent mixed,rule_send_amount,send,senders,"own myth, per within-family SD",,3,3,,,,,,0.11547005383792514,,not estimable: ceiling,,,,,False,,,5
frontier,September frozen top-5,R4,Sol,rule_send_amount,send,senders,"own myth, per within-family SD",,31,18,0.17678522420873283,0.1767852242087326,0.17678522420873305,0.0,0.0,0.1445794792024498,0.8178255838380639,fitted,,,,,True,0.0,0.0,25
frontier,September frozen top-5,R4,Sol | 2-agent homogeneous,rule_send_amount,send,senders,"own myth, per within-family SD",,4,4,,,,,,0.09999999999999998,,not estimable: ceiling,,,,,False,,,0
frontier,September frozen top-5,R4,Sol | 2-agent mixed,rule_send_amount,send,senders,"own myth, per within-family SD",,5,5,,,,,,0.08944271909999157,,not estimable: ceiling,,,,,False,,,0
frontier,September frozen top-5,R4,Sol | 8-agent homogeneous,rule_send_amount,send,senders,"own myth, per within-family SD",,17,5,0.17678522420873266,0.17678522420873252,0.1767852242087328,0.0,0.0,0.15048939771136507,0.8512555185815771,fitted,,,,,True,0.0,0.0,25
frontier,September frozen top-5,R4,Sol | 8-agent mixed,rule_send_amount,send,senders,"own myth, per within-family SD",,5,4,,,,,,0.17888543819998318,,not estimable: ceiling,,,,,False,,,10
frontier,September frozen top-5,R4,pooled,label_ds_generous,send,senders,"own myth, per within-family SD",GeminiPro,76,37,0.03313795458666758,0.004784070909969653,0.0614918382633655,0.02198290140189094,0.06303151575787894,0.1305050916530402,0.9956446030466961,fitted,,,,,True,0.5056067322434916,1.0,25
frontier,September frozen top-5,R4,GeminiPro,label_ds_generous,send,senders,"own myth, per within-family SD",,37,20,,,,,,0.0,,not estimable: ceiling,,,,,False,,,9
frontier,September frozen top-5,R4,GeminiPro | 2-agent homogeneous,label_ds_generous,send,senders,"own myth, per within-family SD",,5,5,,,,,,0.0,,not estimable: ceiling,,,,,False,,,0
frontier,September frozen top-5,R4,GeminiPro | 2-agent mixed,label_ds_generous,send,senders,"own myth, per within-family SD",,6,6,,,,,,0.0,,not estimable: ceiling,,,,,False,,,0
frontier,September frozen top-5,R4,GeminiPro | 8-agent homogeneous,label_ds_generous,send,senders,"own myth, per within-family SD",,20,5,,,,,,0.0,,not estimable: ceiling,,,,,False,,,8
frontier,September frozen top-5,R4,GeminiPro | 8-agent mixed,label_ds_generous,send,senders,"own myth, per within-family SD",,6,4,,,,,,0.0,,not estimable: ceiling,,,,,False,,,5
frontier,September frozen top-5,R4,Opus,label_ds_generous,send,senders,"own myth, per within-family SD",,37,21,0.02613375175732235,-0.025615751127044496,0.0778832546416892,0.3222760956655115,0.3016508254127064,0.06931669932133817,0.8782107910593236,fitted,,,,,True,1.0,1.0,15
frontier,September frozen top-5,R4,Opus | 2-agent homogeneous,label_ds_generous,send,senders,"own myth, per within-family SD",,5,5,,,,,,0.0,,not estimable: ceiling,,,,,False,,,0
frontier,September frozen top-5,R4,Opus | 2-agent mixed,label_ds_generous,send,senders,"own myth, per within-family SD",,6,6,,,,,,0.0,,not estimable: ceiling,,,,,False,,,0
frontier,September frozen top-5,R4,Opus | 8-agent homogeneous,label_ds_generous,send,senders,"own myth, per within-family SD",,20,5,0.011245684380999155,-0.04212496244549776,0.06461633120749607,0.6796195284442866,0.5972986493246624,0.08207826816681231,1.022014849000096,fitted,,,,,True,1.0,1.0,15
frontier,September frozen top-5,R4,Opus | 8-agent mixed,label_ds_generous,send,senders,"own myth, per within-family SD",,6,5,,,,,,0.08164965809277258,,not estimable: ceiling,,,,,False,,,5
frontier,September frozen top-5,R4,Sol,label_ds_generous,send,senders,"own myth, per within-family SD",,39,21,0.037667494009418656,0.007835243616845268,0.06749974440199205,0.013333485027142395,0.057528764382191094,0.15637596137369247,1.1071796364109627,fitted,,,,,True,0.3066701556242751,1.0,25
frontier,September frozen top-5,R4,Sol | 2-agent homogeneous,label_ds_generous,send,senders,"own myth, per within-family SD",,5,5,,,,,,0.17888543819998318,,not estimable: ceiling,,,,,False,,,0
frontier,September frozen top-5,R4,Sol | 2-agent mixed,label_ds_generous,send,senders,"own myth, per within-family SD",,6,6,,,,,,0.08164965809277258,,not estimable: ceiling,,,,,False,,,0
frontier,September frozen top-5,R4,Sol | 8-agent homogeneous,label_ds_generous,send,senders,"own myth, per within-family SD",,20,5,0.06954800970043501,0.043497008218649644,0.09559901118222038,1.6724206950906891e-07,0.01900950475237619,0.15355437918998288,0.9915386341655005,fitted,,,,,True,4.013809668217654e-06,0.45622811405702857,25
frontier,September frozen top-5,R4,Sol | 8-agent mixed,label_ds_generous,send,senders,"own myth, per within-family SD",,8,5,,,,,,0.1851640199545103,,not estimable: ceiling,,,,,False,,,10
frontier,September frozen top-5,R4,pooled,lex_generosity,send,senders,"own myth, per within-family SD",GeminiPro,76,37,-0.006511391459655846,-0.036276964397585834,0.023254181478274145,0.6681026422173564,0.6543271635817909,0.1305050916530402,1.0461857845133846,fitted,,,,,True,1.0,1.0,25
frontier,September frozen top-5,R4,GeminiPro,lex_generosity,send,senders,"own myth, per within-family SD",,37,20,,,,,,0.0,,not estimable: ceiling,,,,,False,,,9
frontier,September frozen top-5,R4,GeminiPro | 2-agent homogeneous,lex_generosity,send,senders,"own myth, per within-family SD",,5,5,,,,,,0.0,,not estimable: ceiling,,,,,False,,,0
frontier,September frozen top-5,R4,GeminiPro | 2-agent mixed,lex_generosity,send,senders,"own myth, per within-family SD",,6,6,,,,,,0.0,,not estimable: ceiling,,,,,False,,,0
frontier,September frozen top-5,R4,GeminiPro | 8-agent homogeneous,lex_generosity,send,senders,"own myth, per within-family SD",,20,5,,,,,,0.0,,not estimable: ceiling,,,,,False,,,8
frontier,September frozen top-5,R4,GeminiPro | 8-agent mixed,lex_generosity,send,senders,"own myth, per within-family SD",,6,4,,,,,,0.0,,not estimable: ceiling,,,,,False,,,5
frontier,September frozen top-5,R4,Opus,lex_generosity,send,senders,"own myth, per within-family SD",,37,21,0.004005868307153311,-0.012085384358035833,0.020097120972342453,0.6256015064584544,0.6533266633316658,0.06931669932133817,0.9958624922420012,fitted,,,,,True,1.0,1.0,15
frontier,September frozen top-5,R4,Opus | 2-agent homogeneous,lex_generosity,send,senders,"own myth, per within-family SD",,5,5,,,,,,0.0,,not estimable: ceiling,,,,,False,,,0
frontier,September frozen top-5,R4,Opus | 2-agent mixed,lex_generosity,send,senders,"own myth, per within-family SD",,6,6,,,,,,0.0,,not estimable: ceiling,,,,,False,,,0
frontier,September frozen top-5,R4,Opus | 8-agent homogeneous,lex_generosity,send,senders,"own myth, per within-family SD",,20,5,0.0005891724198655024,-0.02095671336995895,0.022135058209689955,0.9572576562517812,0.951975987993997,0.08207826816681231,1.1473488214089913,fitted,,,,,True,1.0,1.0,15
frontier,September frozen top-5,R4,Opus | 8-agent mixed,lex_generosity,send,senders,"own myth, per within-family SD",,6,5,,,,,,0.08164965809277258,,not estimable: ceiling,,,,,False,,,5
frontier,September frozen top-5,R4,Sol,lex_generosity,send,senders,"own myth, per within-family SD",,39,21,-0.01604551006775054,-0.06932914357937223,0.037238123443871146,0.5550487551534691,0.5537768884442221,0.15637596137369247,0.9912712517946878,fitted,,,,,True,1.0,1.0,25
frontier,September frozen top-5,R4,Sol | 2-agent homogeneous,lex_generosity,send,senders,"own myth, per within-family SD",,5,5,,,,,,0.17888543819998318,,not estimable: ceiling,,,,,False,,,0
frontier,September frozen top-5,R4,Sol | 2-agent mixed,lex_generosity,send,senders,"own myth, per within-family SD",,6,6,,,,,,0.08164965809277258,,not estimable: ceiling,,,,,False,,,0
frontier,September frozen top-5,R4,Sol | 8-agent homogeneous,lex_generosity,send,senders,"own myth, per within-family SD",,20,5,-0.02596421737966026,-0.14485418403077116,0.09292574927145066,0.6686264711285566,0.7013506753376688,0.15355437918998288,0.8467656504375074,fitted,,,,,True,1.0,1.0,25
frontier,September frozen top-5,R4,Sol | 8-agent mixed,lex_generosity,send,senders,"own myth, per within-family SD",,8,5,,,,,,0.1851640199545103,,not estimable: ceiling,,,,,False,,,10
frontier,September frozen top-5,R4,pooled,lex_multiplier,return,receivers,"own myth, per within-family SD",,113,53,-0.00826903653394865,-0.022758363893249117,0.00622029082535182,0.26333285149708907,0.30865432716358177,0.07580735899169355,1.0175380970040466,fitted,,,,,True,1.0,1.0,25
frontier,September frozen top-5,R4,GeminiPro,lex_multiplier,return,receivers,"own myth, per within-family SD",,35,19,0.008020042633878401,-0.001815616966608367,0.017855702234365167,0.11000653698228427,0.12506253126563283,0.05165364794867084,0.8204124029363022,fitted,,,,,True,0.8264979550213406,1.0,9
frontier,September frozen top-5,R4,GeminiPro | 2-agent homogeneous,lex_multiplier,return,receivers,"own myth, per within-family SD",,5,5,,,,,,0.03302322415109302,,not estimable: ceiling,,,,,False,,,0
frontier,September frozen top-5,R4,GeminiPro | 2-agent mixed,lex_multiplier,return,receivers,"own myth, per within-family SD",,6,6,,,,,,0.03948726939716705,,not estimable: ceiling,,,,,False,,,0
frontier,September frozen top-5,R4,GeminiPro | 8-agent homogeneous,lex_multiplier,return,receivers,"own myth, per within-family SD",,20,5,0.012323690520843655,0.0005425802732271813,0.024104800768460128,0.04034195936460193,0.02351175587793897,0.06069287076258221,0.8973602322737427,fitted,,,,,True,0.24205175618761157,0.18809404702351176,8
frontier,September frozen top-5,R4,GeminiPro | 8-agent mixed,lex_multiplier,return,receivers,"own myth, per within-family SD",,4,3,,,,,,0.04978918520083417,,not estimable: ceiling,,,,,False,,,5
frontier,September frozen top-5,R4,Opus,lex_multiplier,return,receivers,"own myth, per within-family SD",,40,21,-0.011366743959402372,-0.03420686162904185,0.01147337371023711,0.3293584534562971,0.4317158579289645,0.05929980265938156,1.17139763708596,fitted,,,,,True,1.0,1.0,15
frontier,September frozen top-5,R4,Opus | 2-agent homogeneous,lex_multiplier,return,receivers,"own myth, per within-family SD",,5,5,,,,,,0.07985208548031512,,not estimable: ceiling,,,,,False,,,0
frontier,September frozen top-5,R4,Opus | 2-agent mixed,lex_multiplier,return,receivers,"own myth, per within-family SD",,6,6,,,,,,0.07692353105279055,,not estimable: ceiling,,,,,False,,,0
frontier,September frozen top-5,R4,Opus | 8-agent homogeneous,lex_multiplier,return,receivers,"own myth, per within-family SD",,20,5,-0.016844873668982144,-0.05222927139758138,0.01853952405961709,0.35079512468676544,0.3931965982991496,0.0554352765217324,0.9291984052254605,fitted,,,,,True,1.0,1.0,15
frontier,September frozen top-5,R4,Opus | 8-agent mixed,lex_multiplier,return,receivers,"own myth, per within-family SD",,9,5,,,,,,0.03888387974794184,,not estimable: ceiling,,,,,False,,,5
frontier,September frozen top-5,R4,Sol,lex_multiplier,return,receivers,"own myth, per within-family SD",,38,20,-0.012523033334130617,-0.03859029602359795,0.013544229355336721,0.34640218994517624,0.4657328664332166,0.08285802053993245,0.8228363505851868,fitted,,,,,True,1.0,1.0,25
frontier,September frozen top-5,R4,Sol | 2-agent homogeneous,lex_multiplier,return,receivers,"own myth, per within-family SD",,5,5,,,,,,0.07940357923331749,,not estimable: ceiling,,,,,False,,,0
frontier,September frozen top-5,R4,Sol | 2-agent mixed,lex_multiplier,return,receivers,"own myth, per within-family SD",,6,6,,,,,,0.0953176366254003,,not estimable: ceiling,,,,,False,,,0
frontier,September frozen top-5,R4,Sol | 8-agent homogeneous,lex_multiplier,return,receivers,"own myth, per within-family SD",,20,5,-0.015488708573885809,-0.05138141341627564,0.020403996268504018,0.3976758099929245,0.5927963981990996,0.08550315186139407,0.89185456661742,fitted,,,,,True,1.0,1.0,25
frontier,September frozen top-5,R4,Sol | 8-agent mixed,lex_multiplier,return,receivers,"own myth, per within-family SD",,7,4,,,,,,0.03377673348427473,,not estimable: ceiling,,,,,False,,,10
frontier,September frozen top-5,R4,pooled,lex_caution,return,receivers,"own myth, per within-family SD",,113,53,0.013635583915750399,-0.015676714697053572,0.042947882528554374,0.36190455569079705,0.3906953476738369,0.07580735899169355,0.6572261547930093,fitted,,,,,True,1.0,1.0,25
frontier,September frozen top-5,R4,GeminiPro,lex_caution,return,receivers,"own myth, per within-family SD",,35,19,0.05432235804024739,-0.011036528497847059,0.11968124457834184,0.10331224437766758,0.4767383691845923,0.05165364794867084,0.5957945188963618,fitted,,,,,True,0.8264979550213406,1.0,9
frontier,September frozen top-5,R4,GeminiPro | 2-agent homogeneous,lex_caution,return,receivers,"own myth, per within-family SD",,5,5,,,,,,0.03302322415109302,,not estimable: ceiling,,,,,False,,,0
frontier,September frozen top-5,R4,GeminiPro | 2-agent mixed,lex_caution,return,receivers,"own myth, per within-family SD",,6,6,,,,,,0.03948726939716705,,not estimable: ceiling,,,,,False,,,0
frontier,September frozen top-5,R4,GeminiPro | 8-agent homogeneous,lex_caution,return,receivers,"own myth, per within-family SD",,20,5,0.0826260490751741,0.02395038298498548,0.14130171516536272,0.0057803647329681684,0.7308654327163582,0.06069287076258221,0.5200317291478223,fitted,,,,,True,0.04046255313077718,1.0,8
frontier,September frozen top-5,R4,GeminiPro | 8-agent mixed,lex_caution,return,receivers,"own myth, per within-family SD",,4,3,,,,,,0.04978918520083417,,not estimable: ceiling,,,,,False,,,5
frontier,September frozen top-5,R4,Opus,lex_caution,return,receivers,"own myth, per within-family SD",,40,21,0.04116001506299005,0.023504564443343215,0.05881546568263689,4.89475368145149e-06,0.07953976988494248,0.05929980265938156,0.38609760802053955,fitted,,,,,True,6.852655154032086e-05,1.0,15
frontier,September frozen top-5,R4,Opus | 2-agent homogeneous,lex_caution,return,receivers,"own myth, per within-family SD",,5,5,,,,,,0.07985208548031512,,not estimable: ceiling,,,,,False,,,0
frontier,September frozen top-5,R4,Opus | 2-agent mixed,lex_caution,return,receivers,"own myth, per within-family SD",,6,6,,,,,,0.07692353105279055,,not estimable: ceiling,,,,,False,,,0
frontier,September frozen top-5,R4,Opus | 8-agent homogeneous,lex_caution,return,receivers,"own myth, per within-family SD",,20,5,0.0377776807513341,0.022463197102838832,0.05309216439982937,1.3326083656000001e-06,0.1855927963981991,0.0554352765217324,0.4451635213625126,fitted,,,,,True,1.8656517118400003e-05,1.0,15
frontier,September frozen top-5,R4,Opus | 8-agent mixed,lex_caution,return,receivers,"own myth, per within-family SD",,9,5,,,,,,0.03888387974794184,,not estimable: ceiling,,,,,False,,,5
frontier,September frozen top-5,R4,Sol,lex_caution,return,receivers,"own myth, per within-family SD",,38,20,-0.0053649326312015565,-0.021881847984097036,0.011151982721693925,0.5243693933022262,0.5562781390695347,0.08285802053993245,0.8963125735389371,fitted,,,,,True,1.0,1.0,25
frontier,September frozen top-5,R4,Sol | 2-agent homogeneous,lex_caution,return,receivers,"own myth, per within-family SD",,5,5,,,,,,0.07940357923331749,,not estimable: ceiling,,,,,False,,,0
frontier,September frozen top-5,R4,Sol | 2-agent mixed,lex_caution,return,receivers,"own myth, per within-family SD",,6,6,,,,,,0.0953176366254003,,not estimable: ceiling,,,,,False,,,0
frontier,September frozen top-5,R4,Sol | 8-agent homogeneous,lex_caution,return,receivers,"own myth, per within-family SD",,20,5,-0.015504307526081354,-0.03420036740632053,0.0031917523541578237,0.10408523051521804,0.17808904452226113,0.08550315186139407,1.0501390958507886,fitted,,,,,True,1.0,1.0,25
frontier,September frozen top-5,R4,Sol | 8-agent mixed,lex_caution,return,receivers,"own myth, per within-family SD",,7,4,,,,,,0.03377673348427473,,not estimable: ceiling,,,,,False,,,10
frontier,September frozen top-5,R4,pooled,rule_send_amount,return,receivers,"own myth, per within-family SD",,86,45,0.0037680072118850723,-0.008289754067955617,0.01582576849172576,0.5402190854558739,0.7518759379689844,0.07845457736430744,1.5130783577421762,fitted,,,,,True,1.0,1.0,25
frontier,September frozen top-5,R4,GeminiPro,rule_send_amount,return,receivers,"own myth, per within-family SD",,34,19,,,,,,,,not estimable: predictor has no spread,,,,,False,,,9
frontier,September frozen top-5,R4,GeminiPro | 2-agent homogeneous,rule_send_amount,return,receivers,"own myth, per within-family SD",,5,5,,,,,,0.03302322415109302,,not estimable: ceiling,,,,,False,,,0
frontier,September frozen top-5,R4,GeminiPro | 2-agent mixed,rule_send_amount,return,receivers,"own myth, per within-family SD",,6,6,,,,,,0.03948726939716705,,not estimable: ceiling,,,,,False,,,0
frontier,September frozen top-5,R4,GeminiPro | 8-agent homogeneous,rule_send_amount,return,receivers,"own myth, per within-family SD",,19,5,,,,,,,,not estimable: predictor has no spread,,,,,False,,,8
frontier,September frozen top-5,R4,GeminiPro | 8-agent mixed,rule_send_amount,return,receivers,"own myth, per within-family SD",,4,3,,,,,,0.04978918520083417,,not estimable: ceiling,,,,,False,,,5
frontier,September frozen top-5,R4,Opus,rule_send_amount,return,receivers,"own myth, per within-family SD",,23,14,0.0054802599096143555,-0.005027428496802325,0.015987948316031036,0.3066793625091986,0.6163081540770385,0.06837632247807587,2.4983725590469454,fitted,,,,,True,1.0,1.0,15
frontier,September frozen top-5,R4,Opus | 2-agent homogeneous,rule_send_amount,return,receivers,"own myth, per within-family SD",,3,3,,,,,,0.11139785223011024,,not estimable: ceiling,,,,,False,,,0
frontier,September frozen top-5,R4,Opus | 2-agent mixed,rule_send_amount,return,receivers,"own myth, per within-family SD",,3,3,,,,,,0.10713439119992135,,not estimable: ceiling,,,,,False,,,0
frontier,September frozen top-5,R4,Opus | 8-agent homogeneous,rule_send_amount,return,receivers,"own myth, per within-family SD",,14,5,0.005392284572428116,-0.005477777459095565,0.016262346603951795,0.3309140323489653,0.9344672336168084,0.05880833814112276,2.9118597625211384,fitted,,,,,True,1.0,1.0,15
frontier,September frozen top-5,R4,Opus | 8-agent mixed,rule_send_amount,return,receivers,"own myth, per within-family SD",,3,3,,,,,,0.016671110518676514,,not estimable: ceiling,,,,,False,,,5
frontier,September frozen top-5,R4,Sol,rule_send_amount,return,receivers,"own myth, per within-family SD",,29,17,-0.005518077131315169,-0.034945836310210046,0.02390968204757971,0.7132326362622093,0.6233116558279139,0.08768044642563154,0.8327839673999138,fitted,,,,,True,1.0,1.0,25
frontier,September frozen top-5,R4,Sol | 2-agent homogeneous,rule_send_amount,return,receivers,"own myth, per within-family SD",,4,4,,,,,,0.08534490662259672,,not estimable: ceiling,,,,,False,,,0
frontier,September frozen top-5,R4,Sol | 2-agent mixed,rule_send_amount,return,receivers,"own myth, per within-family SD",,4,4,,,,,,0.12196113527890153,,not estimable: ceiling,,,,,False,,,0
frontier,September frozen top-5,R4,Sol | 8-agent homogeneous,rule_send_amount,return,receivers,"own myth, per within-family SD",,16,5,-0.003430785352772067,-0.04466633882338473,0.037804768117840594,0.8704645798297183,0.7733866933466733,0.0927425298285084,0.9120963343383649,fitted,,,,,True,1.0,1.0,25
frontier,September frozen top-5,R4,Sol | 8-agent mixed,rule_send_amount,return,receivers,"own myth, per within-family SD",,5,4,,,,,,0.019941024157360737,,not estimable: ceiling,,,,,False,,,10
frontier,September frozen top-5,R4,pooled,label_ds_generous,return,receivers,"own myth, per within-family SD",,112,53,-0.0001084654270190541,-0.01280891664730732,0.012591985793269212,0.9866451180884218,0.9864932466233116,0.07608887281279098,0.9959461495163411,fitted,,,,,True,1.0,1.0,25
frontier,September frozen top-5,R4,GeminiPro,label_ds_generous,return,receivers,"own myth, per within-family SD",,34,18,-0.013474115727469262,-0.024268000234782774,-0.0026802312201557477,0.014419360001838438,0.12506253126563283,0.05217617595507085,0.7239283834090717,fitted,,,,,True,0.12977424001654594,1.0,9
frontier,September frozen top-5,R4,GeminiPro | 2-agent homogeneous,label_ds_generous,return,receivers,"own myth, per within-family SD",,5,5,,,,,,0.03302322415109302,,not estimable: ceiling,,,,,False,,,0
frontier,September frozen top-5,R4,GeminiPro | 2-agent mixed,label_ds_generous,return,receivers,"own myth, per within-family SD",,6,6,,,,,,0.03948726939716705,,not estimable: ceiling,,,,,False,,,0
frontier,September frozen top-5,R4,GeminiPro | 8-agent homogeneous,label_ds_generous,return,receivers,"own myth, per within-family SD",,20,5,-0.020542860319450643,-0.030099643443742753,-0.01098607719515853,2.5193811416227145e-05,0.43571785892946474,0.06069287076258221,0.45029075872133195,fitted,,,,,True,0.00020155049132981716,1.0,8
frontier,September frozen top-5,R4,GeminiPro | 8-agent mixed,label_ds_generous,return,receivers,"own myth, per within-family SD",,3,2,,,,,,,,underpowered,,,,,False,,,5
frontier,September frozen top-5,R4,Opus,label_ds_generous,return,receivers,"own myth, per within-family SD",,40,21,0.017262658008263654,-0.0005993459635734513,0.03512466198010076,0.058198616321653254,0.17708854427213608,0.05929980265938156,1.0088270081166004,fitted,,,,,True,0.6983833958598391,1.0,15
frontier,September frozen top-5,R4,Opus | 2-agent homogeneous,label_ds_generous,return,receivers,"own myth, per within-family SD",,5,5,,,,,,0.07985208548031512,,not estimable: ceiling,,,,,False,,,0
frontier,September frozen top-5,R4,Opus | 2-agent mixed,label_ds_generous,return,receivers,"own myth, per within-family SD",,6,6,,,,,,0.07692353105279055,,not estimable: ceiling,,,,,False,,,0
frontier,September frozen top-5,R4,Opus | 8-agent homogeneous,label_ds_generous,return,receivers,"own myth, per within-family SD",,20,5,0.008788814723872725,-0.008527959753901266,0.026105589201646715,0.31986070959160107,0.9089544772386193,0.0554352765217324,0.8586642231814368,fitted,,,,,True,1.0,1.0,15
frontier,September frozen top-5,R4,Opus | 8-agent mixed,label_ds_generous,return,receivers,"own myth, per within-family SD",,9,5,,,,,,0.03888387974794184,,not estimable: ceiling,,,,,False,,,5
frontier,September frozen top-5,R4,Sol,label_ds_generous,return,receivers,"own myth, per within-family SD",,38,20,-0.0058461528931098485,-0.024457453357604644,0.012765147571384949,0.5381183793466602,0.6078039019509754,0.08285802053993245,1.1182252933696692,fitted,,,,,True,1.0,1.0,25
frontier,September frozen top-5,R4,Sol | 2-agent homogeneous,label_ds_generous,return,receivers,"own myth, per within-family SD",,5,5,,,,,,0.07940357923331749,,not estimable: ceiling,,,,,False,,,0
frontier,September frozen top-5,R4,Sol | 2-agent mixed,label_ds_generous,return,receivers,"own myth, per within-family SD",,6,6,,,,,,0.0953176366254003,,not estimable: ceiling,,,,,False,,,0
frontier,September frozen top-5,R4,Sol | 8-agent homogeneous,label_ds_generous,return,receivers,"own myth, per within-family SD",,20,5,0.000694409356551004,-0.016071540949020274,0.017460359662122282,0.9353008213840139,0.951975987993997,0.08550315186139407,0.6052033914769113,fitted,,,,,True,1.0,1.0,25
frontier,September frozen top-5,R4,Sol | 8-agent mixed,label_ds_generous,return,receivers,"own myth, per within-family SD",,7,4,,,,,,0.03377673348427473,,not estimable: ceiling,,,,,False,,,10
frontier,September frozen top-5,R4,pooled,lex_generosity,return,receivers,"own myth, per within-family SD",,113,53,0.001635801786702438,-0.011169219097992043,0.01444082267139692,0.8022940106198206,0.8039019509754878,0.07580735899169355,1.2512334261505365,fitted,,,,,True,1.0,1.0,25
frontier,September frozen top-5,R4,GeminiPro,lex_generosity,return,receivers,"own myth, per within-family SD",,35,19,-0.007691285697211733,-0.031025371836701246,0.015642800442277782,0.518256505135174,0.7483741870935467,0.05165364794867084,1.1535395166312568,fitted,,,,,True,1.0,1.0,9
frontier,September frozen top-5,R4,GeminiPro | 2-agent homogeneous,lex_generosity,return,receivers,"own myth, per within-family SD",,5,5,,,,,,0.03302322415109302,,not estimable: ceiling,,,,,False,,,0
frontier,September frozen top-5,R4,GeminiPro | 2-agent mixed,lex_generosity,return,receivers,"own myth, per within-family SD",,6,6,,,,,,0.03948726939716705,,not estimable: ceiling,,,,,False,,,0
frontier,September frozen top-5,R4,GeminiPro | 8-agent homogeneous,lex_generosity,return,receivers,"own myth, per within-family SD",,20,5,-0.01405924595931566,-0.04548921107149035,0.01737071915285903,0.3806329204787279,0.6138069034517258,0.06069287076258221,1.161663048544642,fitted,,,,,True,1.0,1.0,8
frontier,September frozen top-5,R4,GeminiPro | 8-agent mixed,lex_generosity,return,receivers,"own myth, per within-family SD",,4,3,,,,,,0.04978918520083417,,not estimable: ceiling,,,,,False,,,5
frontier,September frozen top-5,R4,Opus,lex_generosity,return,receivers,"own myth, per within-family SD",,40,21,0.014987122638176108,-0.004873764701470763,0.034848009977822975,0.13914074237294424,0.16758379189594796,0.05929980265938156,1.1496303744437555,fitted,,,,,True,1.0,1.0,15
frontier,September frozen top-5,R4,Opus | 2-agent homogeneous,lex_generosity,return,receivers,"own myth, per within-family SD",,5,5,,,,,,0.07985208548031512,,not estimable: ceiling,,,,,False,,,0
frontier,September frozen top-5,R4,Opus | 2-agent mixed,lex_generosity,return,receivers,"own myth, per within-family SD",,6,6,,,,,,0.07692353105279055,,not estimable: ceiling,,,,,False,,,0
frontier,September frozen top-5,R4,Opus | 8-agent homogeneous,lex_generosity,return,receivers,"own myth, per within-family SD",,20,5,0.030036953492705718,-0.002110344457322239,0.06218425144273368,0.06705577619574304,0.27013506753376687,0.0554352765217324,0.9638735625355537,fitted,,,,,True,0.8046693143489165,1.0,15
frontier,September frozen top-5,R4,Opus | 8-agent mixed,lex_generosity,return,receivers,"own myth, per within-family SD",,9,5,,,,,,0.03888387974794184,,not estimable: ceiling,,,,,False,,,5
frontier,September frozen top-5,R4,Sol,lex_generosity,return,receivers,"own myth, per within-family SD",,38,20,-0.006806507224791241,-0.026071495922644853,0.012458481473062371,0.48863953759205203,0.5327663831915957,0.08285802053993245,1.0656555219886017,fitted,,,,,True,1.0,1.0,25
frontier,September frozen top-5,R4,Sol | 2-agent homogeneous,lex_generosity,return,receivers,"own myth, per within-family SD",,5,5,,,,,,0.07940357923331749,,not estimable: ceiling,,,,,False,,,0
frontier,September frozen top-5,R4,Sol | 2-agent mixed,lex_generosity,return,receivers,"own myth, per within-family SD",,6,6,,,,,,0.0953176366254003,,not estimable: ceiling,,,,,False,,,0
frontier,September frozen top-5,R4,Sol | 8-agent homogeneous,lex_generosity,return,receivers,"own myth, per within-family SD",,20,5,-0.005492562669246227,-0.028769897099157445,0.01778477176066499,0.6437395011902414,0.6153076538269134,0.08550315186139407,1.0178768597725811,fitted,,,,,True,1.0,1.0,25
frontier,September frozen top-5,R4,Sol | 8-agent mixed,lex_generosity,return,receivers,"own myth, per within-family SD",,7,4,,,,,,0.03377673348427473,,not estimable: ceiling,,,,,False,,,10
frontier,September frozen top-5,R3,pooled,lex_multiplier,send,never played before,total (shown - unseen),"GeminiPro,Opus",171,10,0.014736743609496358,-0.004596414303748212,0.03406990152274093,0.13517901535608556,0.18009004502251125,0.05237398262236274,1.0705438736764674,fitted,0.009160779283130862,0.06130465662698948,-0.005575964326365496,0.588177135828854,True,1.0,1.0,25
frontier,September frozen top-5,R3,GeminiPro,lex_multiplier,send,never played before,total (shown - unseen),,152,10,,,,,,,,not estimable: ceiling,,,,,False,,,9
frontier,September frozen top-5,R3,GeminiPro | 8-agent homogeneous,lex_multiplier,send,never played before,total (shown - unseen),,125,5,,,,,,,,not estimable: ceiling,,,,,False,,,8
frontier,September frozen top-5,R3,GeminiPro | 8-agent mixed,lex_multiplier,send,never played before,total (shown - unseen),,27,5,,,,,,,,not estimable: ceiling,,,,,False,,,5
frontier,September frozen top-5,R3,Opus,lex_multiplier,send,never played before,total (shown - unseen),,173,10,,,,,,,,not estimable: ceiling,,,,,False,,,15
frontier,September frozen top-5,R3,Opus | 8-agent homogeneous,lex_multiplier,send,never played before,total (shown - unseen),,125,5,,,,,,,,not estimable: ceiling,,,,,False,,,15
frontier,September frozen top-5,R3,Opus | 8-agent mixed,lex_multiplier,send,never played before,total (shown - unseen),,48,5,,,,,,,,not estimable: ceiling,,,,,False,,,5
frontier,September frozen top-5,R3,Sol,lex_multiplier,send,never played before,total (shown - unseen),,171,10,0.014736743609496358,-0.004596414303748212,0.03406990152274093,0.13517901535608556,0.2001000500250125,0.05237398262236274,1.0705438736764674,fitted,0.009160779283130862,0.06130465662698948,-0.005575964326365496,0.588177135828854,True,1.0,1.0,25
frontier,September frozen top-5,R3,Sol | 8-agent homogeneous,lex_multiplier,send,never played before,total (shown - unseen),,125,5,0.032258168067527945,0.013199753376711285,0.05131658275834461,0.0009085153797650561,0.030015007503751877,0.060503265707648544,1.0599282568795667,fitted,0.010608286032077228,0.04466985162757649,-0.021649882035450714,0.009185665718027963,True,0.019987338354831234,0.6903451725862931,25
frontier,September frozen top-5,R3,Sol | 8-agent mixed,lex_multiplier,send,never played before,total (shown - unseen),,46,5,,,,,,0.0,,not estimable: ceiling,,,,,False,,,10
frontier,September frozen top-5,R3,pooled,lex_multiplier,send,never played before,"direct, own round-r myth held fixed","GeminiPro,Opus",171,10,0.016756502379113775,-0.002770302782213758,0.036283307540441304,0.09258815751846969,,0.05237398262236274,1.0705438736764674,fitted,0.00891627777117583,0.09150985397958135,-0.007840224607937943,0.3750409888113315,False,,,25
frontier,September frozen top-5,R3,GeminiPro,lex_multiplier,send,never played before,"direct, own round-r myth held fixed",,152,10,,,,,,,,not estimable: ceiling,,,,,False,,,9
frontier,September frozen top-5,R3,GeminiPro | 8-agent homogeneous,lex_multiplier,send,never played before,"direct, own round-r myth held fixed",,125,5,,,,,,,,not estimable: ceiling,,,,,False,,,8
frontier,September frozen top-5,R3,GeminiPro | 8-agent mixed,lex_multiplier,send,never played before,"direct, own round-r myth held fixed",,27,5,,,,,,,,not estimable: ceiling,,,,,False,,,5
frontier,September frozen top-5,R3,Opus,lex_multiplier,send,never played before,"direct, own round-r myth held fixed",,173,10,,,,,,,,not estimable: ceiling,,,,,False,,,15
frontier,September frozen top-5,R3,Opus | 8-agent homogeneous,lex_multiplier,send,never played before,"direct, own round-r myth held fixed",,125,5,,,,,,,,not estimable: ceiling,,,,,False,,,15
frontier,September frozen top-5,R3,Opus | 8-agent mixed,lex_multiplier,send,never played before,"direct, own round-r myth held fixed",,48,5,,,,,,,,not estimable: ceiling,,,,,False,,,5
frontier,September frozen top-5,R3,Sol,lex_multiplier,send,never played before,"direct, own round-r myth held fixed",,171,10,0.016756502379113775,-0.002770302782213758,0.036283307540441304,0.09258815751846969,,0.05237398262236274,1.0705438736764674,fitted,0.00891627777117583,0.09150985397958135,-0.007840224607937943,0.3750409888113315,False,,,25
frontier,September frozen top-5,R3,Sol | 8-agent homogeneous,lex_multiplier,send,never played before,"direct, own round-r myth held fixed",,125,5,0.034355527635741935,0.011390758181453776,0.057320297090030094,0.0033665016842482384,,0.060503265707648544,1.0599282568795667,fitted,0.010501290641857623,0.07904272770726006,-0.023854236993884313,0.004141806891699377,False,,,25
frontier,September frozen top-5,R3,Sol | 8-agent mixed,lex_multiplier,send,never played before,"direct, own round-r myth held fixed",,46,5,,,,,,0.0,,not estimable: ceiling,,,,,False,,,10
frontier,September frozen top-5,R3,pooled,lex_multiplier,send,author != current partner,total (shown - unseen),"GeminiPro,Opus",221,10,0.005739210137262939,-0.004651190345204949,0.016129610619730825,0.2789861096088011,,0.044624674560122826,1.0088407503952688,fitted,0.006462671608546727,0.1592517845749596,0.0007234614712837879,0.8689922326535326,False,,,25
frontier,September frozen top-5,R3,GeminiPro,lex_multiplier,send,author != current partner,total (shown - unseen),,194,10,,,,,,,,not estimable: ceiling,,,,,False,,,9
frontier,September frozen top-5,R3,GeminiPro | 8-agent homogeneous,lex_multiplier,send,author != current partner,total (shown - unseen),,160,5,,,,,,,,not estimable: ceiling,,,,,False,,,8
frontier,September frozen top-5,R3,GeminiPro | 8-agent mixed,lex_multiplier,send,author != current partner,total (shown - unseen),,34,5,,,,,,,,not estimable: ceiling,,,,,False,,,5
frontier,September frozen top-5,R3,Opus,lex_multiplier,send,author != current partner,total (shown - unseen),,220,10,,,,,,,,not estimable: ceiling,,,,,False,,,15
frontier,September frozen top-5,R3,Opus | 8-agent homogeneous,lex_multiplier,send,author != current partner,total (shown - unseen),,160,5,,,,,,,,not estimable: ceiling,,,,,False,,,15
frontier,September frozen top-5,R3,Opus | 8-agent mixed,lex_multiplier,send,author != current partner,total (shown - unseen),,60,5,,,,,,,,not estimable: ceiling,,,,,False,,,5
frontier,September frozen top-5,R3,Sol,lex_multiplier,send,author != current partner,total (shown - unseen),,221,10,0.005739210137262939,-0.004651190345204949,0.016129610619730825,0.2789861096088011,,0.044624674560122826,1.0088407503952688,fitted,0.006462671608546727,0.1592517845749596,0.0007234614712837879,0.8689922326535326,False,,,25
frontier,September frozen top-5,R3,Sol | 8-agent homogeneous,lex_multiplier,send,author != current partner,total (shown - unseen),,160,5,0.014652650756378359,0.00040575808798394217,0.028899543424772776,0.04382249782294949,,0.05198875059740564,1.0053734430615622,fitted,0.00977987070318763,0.10895013113962271,-0.00487278005319073,0.508073486816113,False,,,25
frontier,September frozen top-5,R3,Sol | 8-agent mixed,lex_multiplier,send,author != current partner,total (shown - unseen),,61,5,,,,,,0.0,,not estimable: ceiling,,,,,False,,,10
frontier,September frozen top-5,R3,pooled,lex_multiplier,send,author != current partner,"direct, own round-r myth held fixed","GeminiPro,Opus",221,10,0.006797519779654723,-0.005159726357477688,0.018754765916787132,0.2651887213577012,,0.044624674560122826,1.0088407503952688,fitted,0.00660887769701878,0.188878569342107,-0.0001886420826359425,0.9598649633369164,False,,,25
frontier,September frozen top-5,R3,GeminiPro,lex_multiplier,send,author != current partner,"direct, own round-r myth held fixed",,194,10,,,,,,,,not estimable: ceiling,,,,,False,,,9
frontier,September frozen top-5,R3,GeminiPro | 8-agent homogeneous,lex_multiplier,send,author != current partner,"direct, own round-r myth held fixed",,160,5,,,,,,,,not estimable: ceiling,,,,,False,,,8
frontier,September frozen top-5,R3,GeminiPro | 8-agent mixed,lex_multiplier,send,author != current partner,"direct, own round-r myth held fixed",,34,5,,,,,,,,not estimable: ceiling,,,,,False,,,5
frontier,September frozen top-5,R3,Opus,lex_multiplier,send,author != current partner,"direct, own round-r myth held fixed",,220,10,,,,,,,,not estimable: ceiling,,,,,False,,,15
frontier,September frozen top-5,R3,Opus | 8-agent homogeneous,lex_multiplier,send,author != current partner,"direct, own round-r myth held fixed",,160,5,,,,,,,,not estimable: ceiling,,,,,False,,,15
frontier,September frozen top-5,R3,Opus | 8-agent mixed,lex_multiplier,send,author != current partner,"direct, own round-r myth held fixed",,60,5,,,,,,,,not estimable: ceiling,,,,,False,,,5
frontier,September frozen top-5,R3,Sol,lex_multiplier,send,author != current partner,"direct, own round-r myth held fixed",,221,10,0.006797519779654723,-0.005159726357477688,0.018754765916787132,0.2651887213577012,,0.044624674560122826,1.0088407503952688,fitted,0.00660887769701878,0.188878569342107,-0.0001886420826359425,0.9598649633369164,False,,,25
frontier,September frozen top-5,R3,Sol | 8-agent homogeneous,lex_multiplier,send,author != current partner,"direct, own round-r myth held fixed",,160,5,0.015769354320931774,-1.2721940568654472e-05,0.031551430582432205,0.050184964168495896,,0.05198875059740564,1.0053734430615622,fitted,0.009980295171017825,0.1403086414429971,-0.0057890591499139485,0.36222102247226484,False,,,25
frontier,September frozen top-5,R3,Sol | 8-agent mixed,lex_multiplier,send,author != current partner,"direct, own round-r myth held fixed",,61,5,,,,,,0.0,,not estimable: ceiling,,,,,False,,,10
frontier,September frozen top-5,R3,pooled,lex_caution,send,never played before,total (shown - unseen),"GeminiPro,Opus",171,10,0.006948323073779239,-0.010466067014062202,0.02436271316162068,0.4342007396615172,0.42321160580290146,0.05237398262236274,1.1880232846710594,fitted,0.0009484022844015029,0.7993033997538496,-0.005999920789377736,0.41177436190210526,True,1.0,1.0,25
frontier,September frozen top-5,R3,GeminiPro,lex_caution,send,never played before,total (shown - unseen),,152,10,,,,,,,,not estimable: ceiling,,,,,False,,,9
frontier,September frozen top-5,R3,GeminiPro | 8-agent homogeneous,lex_caution,send,never played before,total (shown - unseen),,125,5,,,,,,,,not estimable: ceiling,,,,,False,,,8
frontier,September frozen top-5,R3,GeminiPro | 8-agent mixed,lex_caution,send,never played before,total (shown - unseen),,27,5,,,,,,,,not estimable: ceiling,,,,,False,,,5
frontier,September frozen top-5,R3,Opus,lex_caution,send,never played before,total (shown - unseen),,173,10,,,,,,,,not estimable: ceiling,,,,,False,,,15
frontier,September frozen top-5,R3,Opus | 8-agent homogeneous,lex_caution,send,never played before,total (shown - unseen),,125,5,,,,,,,,not estimable: ceiling,,,,,False,,,15
frontier,September frozen top-5,R3,Opus | 8-agent mixed,lex_caution,send,never played before,total (shown - unseen),,48,5,,,,,,,,not estimable: ceiling,,,,,False,,,5
frontier,September frozen top-5,R3,Sol,lex_caution,send,never played before,total (shown - unseen),,171,10,0.006948323073779239,-0.010466067014062202,0.02436271316162068,0.4342007396615172,0.4092046023011506,0.05237398262236274,1.1880232846710594,fitted,0.0009484022844015029,0.7993033997538496,-0.005999920789377736,0.41177436190210526,True,1.0,1.0,25
frontier,September frozen top-5,R3,Sol | 8-agent homogeneous,lex_caution,send,never played before,total (shown - unseen),,125,5,0.024841122739895232,0.0020658175484501162,0.04761642793134035,0.03253776202198486,0.1790895447723862,0.060503265707648544,1.0636553204235306,fitted,0.002039927442232457,0.7394232051357069,-0.022801195297662776,0.07884271502870698,True,0.6507552404396972,1.0,25
frontier,September frozen top-5,R3,Sol | 8-agent mixed,lex_caution,send,never played before,total (shown - unseen),,46,5,,,,,,0.0,,not estimable: ceiling,,,,,False,,,10
frontier,September frozen top-5,R3,pooled,lex_caution,send,never played before,"direct, own round-r myth held fixed","GeminiPro,Opus",171,10,0.006945206156791926,-0.010402249548724835,0.024292661862308686,0.43263606012095235,,0.05237398262236274,1.1880232846710594,fitted,0.0009941449520596505,0.7958192577902907,-0.005951061204732275,0.40790970908857016,False,,,25
frontier,September frozen top-5,R3,GeminiPro,lex_caution,send,never played before,"direct, own round-r myth held fixed",,152,10,,,,,,,,not estimable: ceiling,,,,,False,,,9
frontier,September frozen top-5,R3,GeminiPro | 8-agent homogeneous,lex_caution,send,never played before,"direct, own round-r myth held fixed",,125,5,,,,,,,,not estimable: ceiling,,,,,False,,,8
frontier,September frozen top-5,R3,GeminiPro | 8-agent mixed,lex_caution,send,never played before,"direct, own round-r myth held fixed",,27,5,,,,,,,,not estimable: ceiling,,,,,False,,,5
frontier,September frozen top-5,R3,Opus,lex_caution,send,never played before,"direct, own round-r myth held fixed",,173,10,,,,,,,,not estimable: ceiling,,,,,False,,,15
frontier,September frozen top-5,R3,Opus | 8-agent homogeneous,lex_caution,send,never played before,"direct, own round-r myth held fixed",,125,5,,,,,,,,not estimable: ceiling,,,,,False,,,15
frontier,September frozen top-5,R3,Opus | 8-agent mixed,lex_caution,send,never played before,"direct, own round-r myth held fixed",,48,5,,,,,,,,not estimable: ceiling,,,,,False,,,5
frontier,September frozen top-5,R3,Sol,lex_caution,send,never played before,"direct, own round-r myth held fixed",,171,10,0.006945206156791926,-0.010402249548724835,0.024292661862308686,0.43263606012095235,,0.05237398262236274,1.1880232846710594,fitted,0.0009941449520596505,0.7958192577902907,-0.005951061204732275,0.40790970908857016,False,,,25
frontier,September frozen top-5,R3,Sol | 8-agent homogeneous,lex_caution,send,never played before,"direct, own round-r myth held fixed",,125,5,0.025033340648820093,0.00300789172370345,0.047058789573936735,0.025905515691123163,,0.060503265707648544,1.0636553204235306,fitted,0.002008432086408953,0.7535212789837178,-0.02302490856241114,0.0775818662769315,False,,,25
frontier,September frozen top-5,R3,Sol | 8-agent mixed,lex_caution,send,never played before,"direct, own round-r myth held fixed",,46,5,,,,,,0.0,,not estimable: ceiling,,,,,False,,,10
frontier,September frozen top-5,R3,pooled,lex_caution,send,author != current partner,total (shown - unseen),"GeminiPro,Opus",221,10,0.006455623455717457,-0.00854145313708024,0.021452700048515155,0.3988461634139555,,0.044624674560122826,1.0988765847597426,fitted,0.00045655970065731476,0.851208320681509,-0.005999063755060142,0.3270938797963815,False,,,25
frontier,September frozen top-5,R3,GeminiPro,lex_caution,send,author != current partner,total (shown - unseen),,194,10,,,,,,,,not estimable: ceiling,,,,,False,,,9
frontier,September frozen top-5,R3,GeminiPro | 8-agent homogeneous,lex_caution,send,author != current partner,total (shown - unseen),,160,5,,,,,,,,not estimable: ceiling,,,,,False,,,8
frontier,September frozen top-5,R3,GeminiPro | 8-agent mixed,lex_caution,send,author != current partner,total (shown - unseen),,34,5,,,,,,,,not estimable: ceiling,,,,,False,,,5
frontier,September frozen top-5,R3,Opus,lex_caution,send,author != current partner,total (shown - unseen),,220,10,,,,,,,,not estimable: ceiling,,,,,False,,,15
frontier,September frozen top-5,R3,Opus | 8-agent homogeneous,lex_caution,send,author != current partner,total (shown - unseen),,160,5,,,,,,,,not estimable: ceiling,,,,,False,,,15
frontier,September frozen top-5,R3,Opus | 8-agent mixed,lex_caution,send,author != current partner,total (shown - unseen),,60,5,,,,,,,,not estimable: ceiling,,,,,False,,,5
frontier,September frozen top-5,R3,Sol,lex_caution,send,author != current partner,total (shown - unseen),,221,10,0.006455623455717457,-0.00854145313708024,0.021452700048515155,0.3988461634139555,,0.044624674560122826,1.0988765847597426,fitted,0.00045655970065731476,0.851208320681509,-0.005999063755060142,0.3270938797963815,False,,,25
frontier,September frozen top-5,R3,Sol | 8-agent homogeneous,lex_caution,send,author != current partner,total (shown - unseen),,160,5,0.01832541355430379,-0.0059373685980905685,0.04258819570669815,0.13878271337874137,,0.05198875059740564,1.0336762571775342,fitted,0.0021001666006249878,0.5395792570638751,-0.0162252469536788,0.17331747708947653,False,,,25
frontier,September frozen top-5,R3,Sol | 8-agent mixed,lex_caution,send,author != current partner,total (shown - unseen),,61,5,,,,,,0.0,,not estimable: ceiling,,,,,False,,,10
frontier,September frozen top-5,R3,pooled,lex_caution,send,author != current partner,"direct, own round-r myth held fixed","GeminiPro,Opus",221,10,0.006452997706954152,-0.008433693142913595,0.021339688556821897,0.39555085370010434,,0.044624674560122826,1.0988765847597426,fitted,0.0005282970761260504,0.8365699551741432,-0.005924700630828101,0.32722839997175823,False,,,25
frontier,September frozen top-5,R3,GeminiPro,lex_caution,send,author != current partner,"direct, own round-r myth held fixed",,194,10,,,,,,,,not estimable: ceiling,,,,,False,,,9
frontier,September frozen top-5,R3,GeminiPro | 8-agent homogeneous,lex_caution,send,author != current partner,"direct, own round-r myth held fixed",,160,5,,,,,,,,not estimable: ceiling,,,,,False,,,8
frontier,September frozen top-5,R3,GeminiPro | 8-agent mixed,lex_caution,send,author != current partner,"direct, own round-r myth held fixed",,34,5,,,,,,,,not estimable: ceiling,,,,,False,,,5
frontier,September frozen top-5,R3,Opus,lex_caution,send,author != current partner,"direct, own round-r myth held fixed",,220,10,,,,,,,,not estimable: ceiling,,,,,False,,,15
frontier,September frozen top-5,R3,Opus | 8-agent homogeneous,lex_caution,send,author != current partner,"direct, own round-r myth held fixed",,160,5,,,,,,,,not estimable: ceiling,,,,,False,,,15
frontier,September frozen top-5,R3,Opus | 8-agent mixed,lex_caution,send,author != current partner,"direct, own round-r myth held fixed",,60,5,,,,,,,,not estimable: ceiling,,,,,False,,,5
frontier,September frozen top-5,R3,Sol,lex_caution,send,author != current partner,"direct, own round-r myth held fixed",,221,10,0.006452997706954152,-0.008433693142913595,0.021339688556821897,0.39555085370010434,,0.044624674560122826,1.0988765847597426,fitted,0.0005282970761260504,0.8365699551741432,-0.005924700630828101,0.32722839997175823,False,,,25
frontier,September frozen top-5,R3,Sol | 8-agent homogeneous,lex_caution,send,author != current partner,"direct, own round-r myth held fixed",,160,5,0.018417434264307034,-0.006578982692663264,0.04341385122127733,0.14870879896963532,,0.05198875059740564,1.0336762571775342,fitted,0.0019865939379507293,0.5940352874003549,-0.016430840326356305,0.19609822528846366,False,,,25
frontier,September frozen top-5,R3,Sol | 8-agent mixed,lex_caution,send,author != current partner,"direct, own round-r myth held fixed",,61,5,,,,,,0.0,,not estimable: ceiling,,,,,False,,,10
frontier,September frozen top-5,R3,pooled,rule_send_amount,send,never played before,total (shown - unseen),"GeminiPro,Opus",127,10,0.014319635109598676,-0.01240547753564126,0.041044747754838615,0.2936389700921138,0.22861430715357678,0.048782194878693716,0.8734343901277987,fitted,-0.006166588221854152,0.33402614041767975,-0.02048622333145283,0.18768714532353403,True,1.0,1.0,25
frontier,September frozen top-5,R3,GeminiPro,rule_send_amount,send,never played before,total (shown - unseen),,141,10,,,,,,,,not estimable: ceiling,,,,,False,,,9
frontier,September frozen top-5,R3,GeminiPro | 8-agent homogeneous,rule_send_amount,send,never played before,total (shown - unseen),,120,5,,,,,,,,not estimable: ceiling,,,,,False,,,8
frontier,September frozen top-5,R3,GeminiPro | 8-agent mixed,rule_send_amount,send,never played before,total (shown - unseen),,21,5,,,,,,,,not estimable: ceiling,,,,,False,,,5
frontier,September frozen top-5,R3,Opus,rule_send_amount,send,never played before,total (shown - unseen),,141,10,,,,,,,,not estimable: ceiling,,,,,False,,,15
frontier,September frozen top-5,R3,Opus | 8-agent homogeneous,rule_send_amount,send,never played before,total (shown - unseen),,108,5,,,,,,,,not estimable: ceiling,,,,,False,,,15
frontier,September frozen top-5,R3,Opus | 8-agent mixed,rule_send_amount,send,never played before,total (shown - unseen),,33,5,,,,,,,,not estimable: ceiling,,,,,False,,,5
frontier,September frozen top-5,R3,Sol,rule_send_amount,send,never played before,total (shown - unseen),,127,10,0.014319635109598676,-0.01240547753564126,0.041044747754838615,0.2936389700921138,0.23311655827913957,0.048782194878693716,0.8734343901277987,fitted,-0.006166588221854152,0.33402614041767975,-0.02048622333145283,0.18768714532353403,True,1.0,1.0,25
frontier,September frozen top-5,R3,Sol | 8-agent homogeneous,rule_send_amount,send,never played before,total (shown - unseen),,89,5,0.04543802970025003,-0.010643717774622932,0.10151977717512299,0.11229002146125305,0.14307153576788395,0.05752824948905338,0.7307745274073819,fitted,0.0038644517785583806,0.6326812320052105,-0.04157357792169165,0.19607848986989207,True,1.0,1.0,25
frontier,September frozen top-5,R3,Sol | 8-agent mixed,rule_send_amount,send,never played before,total (shown - unseen),,38,5,,,,,,0.0,,not estimable: ceiling,,,,,False,,,10
frontier,September frozen top-5,R3,pooled,rule_send_amount,send,never played before,"direct, own round-r myth held fixed","GeminiPro,Opus",79,10,0.009191016411957617,-0.11671325968923181,0.13509529251314706,0.8862290241494453,,0.03498040439993686,0.9501644801355854,fitted,-0.016065953304057676,0.5243713744507204,-0.025256969716015293,0.7518797663186509,False,,,25
frontier,September frozen top-5,R3,GeminiPro,rule_send_amount,send,never played before,"direct, own round-r myth held fixed",,132,10,,,,,,,,not estimable: ceiling,,,,,False,,,9
frontier,September frozen top-5,R3,GeminiPro | 8-agent homogeneous,rule_send_amount,send,never played before,"direct, own round-r myth held fixed",,112,5,,,,,,,,not estimable: ceiling,,,,,False,,,8
frontier,September frozen top-5,R3,GeminiPro | 8-agent mixed,rule_send_amount,send,never played before,"direct, own round-r myth held fixed",,20,5,,,,,,,,not estimable: ceiling,,,,,False,,,5
frontier,September frozen top-5,R3,Opus,rule_send_amount,send,never played before,"direct, own round-r myth held fixed",,129,10,,,,,,,,not estimable: ceiling,,,,,False,,,15
frontier,September frozen top-5,R3,Opus | 8-agent homogeneous,rule_send_amount,send,never played before,"direct, own round-r myth held fixed",,99,5,,,,,,,,not estimable: ceiling,,,,,False,,,15
frontier,September frozen top-5,R3,Opus | 8-agent mixed,rule_send_amount,send,never played before,"direct, own round-r myth held fixed",,30,5,,,,,,,,not estimable: ceiling,,,,,False,,,5
frontier,September frozen top-5,R3,Sol,rule_send_amount,send,never played before,"direct, own round-r myth held fixed",,79,10,0.009191016411957617,-0.11671325968923181,0.13509529251314706,0.8862290241494453,,0.03498040439993686,0.9501644801355854,fitted,-0.016065953304057676,0.5243713744507204,-0.025256969716015293,0.7518797663186509,False,,,25
frontier,September frozen top-5,R3,Sol | 8-agent homogeneous,rule_send_amount,send,never played before,"direct, own round-r myth held fixed",,54,5,0.03980319848904973,-0.8938204010932529,0.9734267980713522,0.9334069118706824,,0.04196434545311263,0.7223596449163482,fitted,-0.035219747625980846,0.7220552993379996,-0.07502294611503058,0.8774091785345693,False,,,25
frontier,September frozen top-5,R3,Sol | 8-agent mixed,rule_send_amount,send,never played before,"direct, own round-r myth held fixed",,25,5,,,,,,0.0,,not estimable: ceiling,,,,,False,,,10
frontier,September frozen top-5,R3,pooled,rule_send_amount,send,author != current partner,total (shown - unseen),"GeminiPro,Opus",164,10,-0.005363835479763629,-0.016428112909798395,0.005700441950271137,0.3420268036516052,,0.040552078195050044,0.7954554100640272,fitted,-0.0060113528673129135,0.277388093462288,-0.0006475173875492846,0.5070051964603385,False,,,25
frontier,September frozen top-5,R3,GeminiPro,rule_send_amount,send,author != current partner,total (shown - unseen),,183,10,,,,,,,,not estimable: ceiling,,,,,False,,,9
frontier,September frozen top-5,R3,GeminiPro | 8-agent homogeneous,rule_send_amount,send,author != current partner,total (shown - unseen),,155,5,,,,,,,,not estimable: ceiling,,,,,False,,,8
frontier,September frozen top-5,R3,GeminiPro | 8-agent mixed,rule_send_amount,send,author != current partner,total (shown - unseen),,28,5,,,,,,,,not estimable: ceiling,,,,,False,,,5
frontier,September frozen top-5,R3,Opus,rule_send_amount,send,author != current partner,total (shown - unseen),,183,10,,,,,,,,not estimable: ceiling,,,,,False,,,15
frontier,September frozen top-5,R3,Opus | 8-agent homogeneous,rule_send_amount,send,author != current partner,total (shown - unseen),,143,5,,,,,,,,not estimable: ceiling,,,,,False,,,15
frontier,September frozen top-5,R3,Opus | 8-agent mixed,rule_send_amount,send,author != current partner,total (shown - unseen),,40,5,,,,,,,,not estimable: ceiling,,,,,False,,,5
frontier,September frozen top-5,R3,Sol,rule_send_amount,send,author != current partner,total (shown - unseen),,164,10,-0.005363835479763629,-0.016428112909798395,0.005700441950271137,0.3420268036516052,,0.040552078195050044,0.7954554100640272,fitted,-0.0060113528673129135,0.277388093462288,-0.0006475173875492846,0.5070051964603385,False,,,25
frontier,September frozen top-5,R3,Sol | 8-agent homogeneous,rule_send_amount,send,author != current partner,total (shown - unseen),,113,5,0.03479219750719693,-0.0020770999930952994,0.07166149500748915,0.06437904194134673,,0.04842657063392814,0.6841921027634903,fitted,0.00029462421543130984,0.9699405890366338,-0.034497573291765615,0.12856126152051583,False,,,25
frontier,September frozen top-5,R3,Sol | 8-agent mixed,rule_send_amount,send,author != current partner,total (shown - unseen),,51,5,,,,,,0.0,,not estimable: ceiling,,,,,False,,,10
frontier,September frozen top-5,R3,pooled,rule_send_amount,send,author != current partner,"direct, own round-r myth held fixed","GeminiPro,Opus",109,10,-0.011743916643105578,-0.02528229416535004,0.0017944608791388844,0.08909742079148289,,0.029922314184744697,0.8435492361183586,fitted,-0.011344885466163862,0.08869351665997195,0.0003990311769417153,0.6512477162761715,False,,,25
frontier,September frozen top-5,R3,GeminiPro,rule_send_amount,send,author != current partner,"direct, own round-r myth held fixed",,175,10,,,,,,,,not estimable: ceiling,,,,,False,,,9
frontier,September frozen top-5,R3,GeminiPro | 8-agent homogeneous,rule_send_amount,send,author != current partner,"direct, own round-r myth held fixed",,148,5,,,,,,,,not estimable: ceiling,,,,,False,,,8
frontier,September frozen top-5,R3,GeminiPro | 8-agent mixed,rule_send_amount,send,author != current partner,"direct, own round-r myth held fixed",,27,5,,,,,,,,not estimable: ceiling,,,,,False,,,5
frontier,September frozen top-5,R3,Opus,rule_send_amount,send,author != current partner,"direct, own round-r myth held fixed",,171,10,,,,,,,,not estimable: ceiling,,,,,False,,,15
frontier,September frozen top-5,R3,Opus | 8-agent homogeneous,rule_send_amount,send,author != current partner,"direct, own round-r myth held fixed",,133,5,,,,,,,,not estimable: ceiling,,,,,False,,,15
frontier,September frozen top-5,R3,Opus | 8-agent mixed,rule_send_amount,send,author != current partner,"direct, own round-r myth held fixed",,38,5,,,,,,,,not estimable: ceiling,,,,,False,,,5
frontier,September frozen top-5,R3,Sol,rule_send_amount,send,author != current partner,"direct, own round-r myth held fixed",,109,10,-0.011743916643105578,-0.02528229416535004,0.0017944608791388844,0.08909742079148289,,0.029922314184744697,0.8435492361183586,fitted,-0.011344885466163862,0.08869351665997195,0.0003990311769417153,0.6512477162761715,False,,,25
frontier,September frozen top-5,R3,Sol | 8-agent homogeneous,rule_send_amount,send,author != current partner,"direct, own round-r myth held fixed",,76,5,0.012130678256077443,-0.07084650808127141,0.0951078645934263,0.7744700111373215,,0.035639520740274974,0.662744000731885,fitted,-0.006102760840712429,0.75626312496453,-0.018233439096789872,0.7593331759456505,False,,,25
frontier,September frozen top-5,R3,Sol | 8-agent mixed,rule_send_amount,send,author != current partner,"direct, own round-r myth held fixed",,33,5,,,,,,0.0,,not estimable: ceiling,,,,,False,,,10
frontier,September frozen top-5,R3,pooled,label_ds_generous,send,never played before,total (shown - unseen),"GeminiPro,Opus",171,10,0.0021240170170755647,-0.011755036462073373,0.0160030704962245,0.7642166815981488,0.7363681840920461,0.05237398262236274,1.057147404952798,fitted,0.0020995042156375645,0.6039443104503058,-2.4512801438000137e-05,0.9961451697833641,True,1.0,1.0,25
frontier,September frozen top-5,R3,GeminiPro,label_ds_generous,send,never played before,total (shown - unseen),,152,10,,,,,,,,not estimable: ceiling,,,,,False,,,9
frontier,September frozen top-5,R3,GeminiPro | 8-agent homogeneous,label_ds_generous,send,never played before,total (shown - unseen),,125,5,,,,,,,,not estimable: ceiling,,,,,False,,,8
frontier,September frozen top-5,R3,GeminiPro | 8-agent mixed,label_ds_generous,send,never played before,total (shown - unseen),,27,5,,,,,,,,not estimable: ceiling,,,,,False,,,5
frontier,September frozen top-5,R3,Opus,label_ds_generous,send,never played before,total (shown - unseen),,172,10,,,,,,,,not estimable: ceiling,,,,,False,,,15
frontier,September frozen top-5,R3,Opus | 8-agent homogeneous,label_ds_generous,send,never played before,total (shown - unseen),,125,5,,,,,,,,not estimable: ceiling,,,,,False,,,15
frontier,September frozen top-5,R3,Opus | 8-agent mixed,label_ds_generous,send,never played before,total (shown - unseen),,47,5,,,,,,,,not estimable: ceiling,,,,,False,,,5
frontier,September frozen top-5,R3,Sol,label_ds_generous,send,never played before,total (shown - unseen),,171,10,0.0021240170170755647,-0.011755036462073373,0.0160030704962245,0.7642166815981488,0.727863931965983,0.05237398262236274,1.057147404952798,fitted,0.0020995042156375645,0.6039443104503058,-2.4512801438000137e-05,0.9961451697833641,True,1.0,1.0,25
frontier,September frozen top-5,R3,Sol | 8-agent homogeneous,label_ds_generous,send,never played before,total (shown - unseen),,125,5,-0.00268402069099072,-0.04319134933005621,0.03782330794807477,0.8966712892530756,0.8604302151075538,0.060503265707648544,0.9078701605165662,fitted,0.006152405159478484,0.4174971323566823,0.008836425850469204,0.7255828495958114,True,1.0,1.0,25
frontier,September frozen top-5,R3,Sol | 8-agent mixed,label_ds_generous,send,never played before,total (shown - unseen),,46,5,,,,,,0.0,,not estimable: ceiling,,,,,False,,,10
frontier,September frozen top-5,R3,pooled,label_ds_generous,send,never played before,"direct, own round-r myth held fixed","GeminiPro,Opus",171,10,0.0030315247182763592,-0.010733965845133881,0.0167970152816866,0.6660060959233913,,0.05237398262236274,1.057147404952798,fitted,0.0026915982495703122,0.45695836916482435,-0.000339926468706047,0.9490199567064875,False,,,25
frontier,September frozen top-5,R3,GeminiPro,label_ds_generous,send,never played before,"direct, own round-r myth held fixed",,152,10,,,,,,,,not estimable: ceiling,,,,,False,,,9
frontier,September frozen top-5,R3,GeminiPro | 8-agent homogeneous,label_ds_generous,send,never played before,"direct, own round-r myth held fixed",,125,5,,,,,,,,not estimable: ceiling,,,,,False,,,8
frontier,September frozen top-5,R3,GeminiPro | 8-agent mixed,label_ds_generous,send,never played before,"direct, own round-r myth held fixed",,27,5,,,,,,,,not estimable: ceiling,,,,,False,,,5
frontier,September frozen top-5,R3,Opus,label_ds_generous,send,never played before,"direct, own round-r myth held fixed",,172,10,,,,,,,,not estimable: ceiling,,,,,False,,,15
frontier,September frozen top-5,R3,Opus | 8-agent homogeneous,label_ds_generous,send,never played before,"direct, own round-r myth held fixed",,125,5,,,,,,,,not estimable: ceiling,,,,,False,,,15
frontier,September frozen top-5,R3,Opus | 8-agent mixed,label_ds_generous,send,never played before,"direct, own round-r myth held fixed",,47,5,,,,,,,,not estimable: ceiling,,,,,False,,,5
frontier,September frozen top-5,R3,Sol,label_ds_generous,send,never played before,"direct, own round-r myth held fixed",,171,10,0.0030315247182763592,-0.010733965845133881,0.0167970152816866,0.6660060959233913,,0.05237398262236274,1.057147404952798,fitted,0.0026915982495703122,0.45695836916482435,-0.000339926468706047,0.9490199567064875,False,,,25
frontier,September frozen top-5,R3,Sol | 8-agent homogeneous,label_ds_generous,send,never played before,"direct, own round-r myth held fixed",,125,5,-0.004347320543346779,-0.042237882533095135,0.03354324144640158,0.8220775127509674,,0.060503265707648544,0.9078701605165662,fitted,0.0057695992679980546,0.4103950361376172,0.010116919811344834,0.6690949434321387,False,,,25
frontier,September frozen top-5,R3,Sol | 8-agent mixed,label_ds_generous,send,never played before,"direct, own round-r myth held fixed",,46,5,,,,,,0.0,,not estimable: ceiling,,,,,False,,,10
frontier,September frozen top-5,R3,pooled,label_ds_generous,send,author != current partner,total (shown - unseen),"GeminiPro,Opus",221,10,-0.0019516968136243252,-0.009763627058482965,0.005860233431234316,0.6243685590533901,,0.044624674560122826,1.0288192549937127,fitted,0.0006120874877327299,0.8263611711177101,0.002563784301357055,0.43384990425849546,False,,,25
frontier,September frozen top-5,R3,GeminiPro,label_ds_generous,send,author != current partner,total (shown - unseen),,194,10,,,,,,,,not estimable: ceiling,,,,,False,,,9
frontier,September frozen top-5,R3,GeminiPro | 8-agent homogeneous,label_ds_generous,send,author != current partner,total (shown - unseen),,160,5,,,,,,,,not estimable: ceiling,,,,,False,,,8
frontier,September frozen top-5,R3,GeminiPro | 8-agent mixed,label_ds_generous,send,author != current partner,total (shown - unseen),,34,5,,,,,,,,not estimable: ceiling,,,,,False,,,5
frontier,September frozen top-5,R3,Opus,label_ds_generous,send,author != current partner,total (shown - unseen),,219,10,,,,,,,,not estimable: ceiling,,,,,False,,,15
frontier,September frozen top-5,R3,Opus | 8-agent homogeneous,label_ds_generous,send,author != current partner,total (shown - unseen),,160,5,,,,,,,,not estimable: ceiling,,,,,False,,,15
frontier,September frozen top-5,R3,Opus | 8-agent mixed,label_ds_generous,send,author != current partner,total (shown - unseen),,59,5,,,,,,,,not estimable: ceiling,,,,,False,,,5
frontier,September frozen top-5,R3,Sol,label_ds_generous,send,author != current partner,total (shown - unseen),,221,10,-0.0019516968136243252,-0.009763627058482965,0.005860233431234316,0.6243685590533901,,0.044624674560122826,1.0288192549937127,fitted,0.0006120874877327299,0.8263611711177101,0.002563784301357055,0.43384990425849546,False,,,25
frontier,September frozen top-5,R3,Sol | 8-agent homogeneous,label_ds_generous,send,author != current partner,total (shown - unseen),,160,5,-0.002345771992507177,-0.022769954322916904,0.01807841033790255,0.8218959513635102,,0.05198875059740564,0.8579030704404832,fitted,0.0029014485711297347,0.5689233610543818,0.005247220563636912,0.6922385868298044,False,,,25
frontier,September frozen top-5,R3,Sol | 8-agent mixed,label_ds_generous,send,author != current partner,total (shown - unseen),,61,5,,,,,,0.0,,not estimable: ceiling,,,,,False,,,10
frontier,September frozen top-5,R3,pooled,label_ds_generous,send,author != current partner,"direct, own round-r myth held fixed","GeminiPro,Opus",221,10,-0.0011960223473331828,-0.008742534558198498,0.006350489863532133,0.756083163479294,,0.044624674560122826,1.0288192549937127,fitted,0.001290780926769639,0.6117568496975762,0.0024868032741028217,0.47047304532801404,False,,,25
frontier,September frozen top-5,R3,GeminiPro,label_ds_generous,send,author != current partner,"direct, own round-r myth held fixed",,194,10,,,,,,,,not estimable: ceiling,,,,,False,,,9
frontier,September frozen top-5,R3,GeminiPro | 8-agent homogeneous,label_ds_generous,send,author != current partner,"direct, own round-r myth held fixed",,160,5,,,,,,,,not estimable: ceiling,,,,,False,,,8
frontier,September frozen top-5,R3,GeminiPro | 8-agent mixed,label_ds_generous,send,author != current partner,"direct, own round-r myth held fixed",,34,5,,,,,,,,not estimable: ceiling,,,,,False,,,5
frontier,September frozen top-5,R3,Opus,label_ds_generous,send,author != current partner,"direct, own round-r myth held fixed",,219,10,,,,,,,,not estimable: ceiling,,,,,False,,,15
frontier,September frozen top-5,R3,Opus | 8-agent homogeneous,label_ds_generous,send,author != current partner,"direct, own round-r myth held fixed",,160,5,,,,,,,,not estimable: ceiling,,,,,False,,,15
frontier,September frozen top-5,R3,Opus | 8-agent mixed,label_ds_generous,send,author != current partner,"direct, own round-r myth held fixed",,59,5,,,,,,,,not estimable: ceiling,,,,,False,,,5
frontier,September frozen top-5,R3,Sol,label_ds_generous,send,author != current partner,"direct, own round-r myth held fixed",,221,10,-0.0011960223473331828,-0.008742534558198498,0.006350489863532133,0.756083163479294,,0.044624674560122826,1.0288192549937127,fitted,0.001290780926769639,0.6117568496975762,0.0024868032741028217,0.47047304532801404,False,,,25
frontier,September frozen top-5,R3,Sol | 8-agent homogeneous,label_ds_generous,send,author != current partner,"direct, own round-r myth held fixed",,160,5,-0.0016043926858804458,-0.02259148371731804,0.01938269834555715,0.8808966334959418,,0.05198875059740564,0.8579030704404832,fitted,0.003107489311563044,0.4766336610920612,0.00471188199744349,0.7189006087624719,False,,,25
frontier,September frozen top-5,R3,Sol | 8-agent mixed,label_ds_generous,send,author != current partner,"direct, own round-r myth held fixed",,61,5,,,,,,0.0,,not estimable: ceiling,,,,,False,,,10
frontier,September frozen top-5,R3,pooled,lex_generosity,send,never played before,total (shown - unseen),"GeminiPro,Opus",171,10,-0.001727418332110172,-0.012939043620089108,0.009484206955868763,0.7626679136093752,0.7408704352176088,0.05237398262236274,0.9686616650260558,fitted,0.0017065119630689952,0.5820844093824442,0.003433930295179167,0.5735390777256356,True,1.0,1.0,25
frontier,September frozen top-5,R3,GeminiPro,lex_generosity,send,never played before,total (shown - unseen),,152,10,,,,,,,,not estimable: ceiling,,,,,False,,,9
frontier,September frozen top-5,R3,GeminiPro | 8-agent homogeneous,lex_generosity,send,never played before,total (shown - unseen),,125,5,,,,,,,,not estimable: ceiling,,,,,False,,,8
frontier,September frozen top-5,R3,GeminiPro | 8-agent mixed,lex_generosity,send,never played before,total (shown - unseen),,27,5,,,,,,,,not estimable: ceiling,,,,,False,,,5
frontier,September frozen top-5,R3,Opus,lex_generosity,send,never played before,total (shown - unseen),,173,10,,,,,,,,not estimable: ceiling,,,,,False,,,15
frontier,September frozen top-5,R3,Opus | 8-agent homogeneous,lex_generosity,send,never played before,total (shown - unseen),,125,5,,,,,,,,not estimable: ceiling,,,,,False,,,15
frontier,September frozen top-5,R3,Opus | 8-agent mixed,lex_generosity,send,never played before,total (shown - unseen),,48,5,,,,,,,,not estimable: ceiling,,,,,False,,,5
frontier,September frozen top-5,R3,Sol,lex_generosity,send,never played before,total (shown - unseen),,171,10,-0.001727418332110172,-0.012939043620089108,0.009484206955868763,0.7626679136093752,0.7138569284642321,0.05237398262236274,0.9686616650260558,fitted,0.0017065119630689952,0.5820844093824442,0.003433930295179167,0.5735390777256356,True,1.0,1.0,25
frontier,September frozen top-5,R3,Sol | 8-agent homogeneous,lex_generosity,send,never played before,total (shown - unseen),,125,5,-0.005560954814698411,-0.043556018822947296,0.03243410919355047,0.7742193762175834,0.8389194597298649,0.060503265707648544,0.9816615022229612,fitted,0.0007698846608901726,0.8620750314980545,0.006330839475588584,0.724326885606152,True,1.0,1.0,25
frontier,September frozen top-5,R3,Sol | 8-agent mixed,lex_generosity,send,never played before,total (shown - unseen),,46,5,,,,,,0.0,,not estimable: ceiling,,,,,False,,,10
frontier,September frozen top-5,R3,pooled,lex_generosity,send,never played before,"direct, own round-r myth held fixed","GeminiPro,Opus",171,10,-0.0012027337652077835,-0.012240890285711424,0.009835422755295857,0.8308897601164748,,0.05237398262236274,0.9686616650260558,fitted,0.0017972115276115195,0.6023166887686624,0.002999945292819303,0.6153530069620617,False,,,25
frontier,September frozen top-5,R3,GeminiPro,lex_generosity,send,never played before,"direct, own round-r myth held fixed",,152,10,,,,,,,,not estimable: ceiling,,,,,False,,,9
frontier,September frozen top-5,R3,GeminiPro | 8-agent homogeneous,lex_generosity,send,never played before,"direct, own round-r myth held fixed",,125,5,,,,,,,,not estimable: ceiling,,,,,False,,,8
frontier,September frozen top-5,R3,GeminiPro | 8-agent mixed,lex_generosity,send,never played before,"direct, own round-r myth held fixed",,27,5,,,,,,,,not estimable: ceiling,,,,,False,,,5
frontier,September frozen top-5,R3,Opus,lex_generosity,send,never played before,"direct, own round-r myth held fixed",,173,10,,,,,,,,not estimable: ceiling,,,,,False,,,15
frontier,September frozen top-5,R3,Opus | 8-agent homogeneous,lex_generosity,send,never played before,"direct, own round-r myth held fixed",,125,5,,,,,,,,not estimable: ceiling,,,,,False,,,15
frontier,September frozen top-5,R3,Opus | 8-agent mixed,lex_generosity,send,never played before,"direct, own round-r myth held fixed",,48,5,,,,,,,,not estimable: ceiling,,,,,False,,,5
frontier,September frozen top-5,R3,Sol,lex_generosity,send,never played before,"direct, own round-r myth held fixed",,171,10,-0.0012027337652077835,-0.012240890285711424,0.009835422755295857,0.8308897601164748,,0.05237398262236274,0.9686616650260558,fitted,0.0017972115276115195,0.6023166887686624,0.002999945292819303,0.6153530069620617,False,,,25
frontier,September frozen top-5,R3,Sol | 8-agent homogeneous,lex_generosity,send,never played before,"direct, own round-r myth held fixed",,125,5,-0.005630682795612834,-0.043215827069310875,0.031954461478085214,0.7690445210268495,,0.060503265707648544,0.9816615022229612,fitted,0.0006039390023619574,0.9051872784434032,0.006234621797974791,0.7271778327483789,False,,,25
frontier,September frozen top-5,R3,Sol | 8-agent mixed,lex_generosity,send,never played before,"direct, own round-r myth held fixed",,46,5,,,,,,0.0,,not estimable: ceiling,,,,,False,,,10
frontier,September frozen top-5,R3,pooled,lex_generosity,send,author != current partner,total (shown - unseen),"GeminiPro,Opus",221,10,-0.0019524600065795126,-0.011343457358584868,0.007438537345425843,0.6836470595354871,,0.044624674560122826,0.9597723704103809,fitted,0.0006100071084160011,0.6892997956768798,0.0025624671149955137,0.5391416173667984,False,,,25
frontier,September frozen top-5,R3,GeminiPro,lex_generosity,send,author != current partner,total (shown - unseen),,194,10,,,,,,,,not estimable: ceiling,,,,,False,,,9
frontier,September frozen top-5,R3,GeminiPro | 8-agent homogeneous,lex_generosity,send,author != current partner,total (shown - unseen),,160,5,,,,,,,,not estimable: ceiling,,,,,False,,,8
frontier,September frozen top-5,R3,GeminiPro | 8-agent mixed,lex_generosity,send,author != current partner,total (shown - unseen),,34,5,,,,,,,,not estimable: ceiling,,,,,False,,,5
frontier,September frozen top-5,R3,Opus,lex_generosity,send,author != current partner,total (shown - unseen),,220,10,,,,,,,,not estimable: ceiling,,,,,False,,,15
frontier,September frozen top-5,R3,Opus | 8-agent homogeneous,lex_generosity,send,author != current partner,total (shown - unseen),,160,5,,,,,,,,not estimable: ceiling,,,,,False,,,15
frontier,September frozen top-5,R3,Opus | 8-agent mixed,lex_generosity,send,author != current partner,total (shown - unseen),,60,5,,,,,,,,not estimable: ceiling,,,,,False,,,5
frontier,September frozen top-5,R3,Sol,lex_generosity,send,author != current partner,total (shown - unseen),,221,10,-0.0019524600065795126,-0.011343457358584868,0.007438537345425843,0.6836470595354871,,0.044624674560122826,0.9597723704103809,fitted,0.0006100071084160011,0.6892997956768798,0.0025624671149955137,0.5391416173667984,False,,,25
frontier,September frozen top-5,R3,Sol | 8-agent homogeneous,lex_generosity,send,author != current partner,total (shown - unseen),,160,5,-0.008425385244363787,-0.03657391314705278,0.019723142658325206,0.5574359849246906,,0.05198875059740564,0.9832783659531995,fitted,-0.00021336915928096833,0.9243833499767815,0.008212016085082818,0.5255636228009466,False,,,25
frontier,September frozen top-5,R3,Sol | 8-agent mixed,lex_generosity,send,author != current partner,total (shown - unseen),,61,5,,,,,,0.0,,not estimable: ceiling,,,,,False,,,10
frontier,September frozen top-5,R3,pooled,lex_generosity,send,author != current partner,"direct, own round-r myth held fixed","GeminiPro,Opus",221,10,-0.001959868606991259,-0.011406555433582648,0.007486818219600129,0.6842824333083487,,0.044624674560122826,0.9597723704103809,fitted,0.00058581620890103,0.6983331277621128,0.002545684815892289,0.5404945555046963,False,,,25
frontier,September frozen top-5,R3,GeminiPro,lex_generosity,send,author != current partner,"direct, own round-r myth held fixed",,194,10,,,,,,,,not estimable: ceiling,,,,,False,,,9
frontier,September frozen top-5,R3,GeminiPro | 8-agent homogeneous,lex_generosity,send,author != current partner,"direct, own round-r myth held fixed",,160,5,,,,,,,,not estimable: ceiling,,,,,False,,,8
frontier,September frozen top-5,R3,GeminiPro | 8-agent mixed,lex_generosity,send,author != current partner,"direct, own round-r myth held fixed",,34,5,,,,,,,,not estimable: ceiling,,,,,False,,,5
frontier,September frozen top-5,R3,Opus,lex_generosity,send,author != current partner,"direct, own round-r myth held fixed",,220,10,,,,,,,,not estimable: ceiling,,,,,False,,,15
frontier,September frozen top-5,R3,Opus | 8-agent homogeneous,lex_generosity,send,author != current partner,"direct, own round-r myth held fixed",,160,5,,,,,,,,not estimable: ceiling,,,,,False,,,15
frontier,September frozen top-5,R3,Opus | 8-agent mixed,lex_generosity,send,author != current partner,"direct, own round-r myth held fixed",,60,5,,,,,,,,not estimable: ceiling,,,,,False,,,5
frontier,September frozen top-5,R3,Sol,lex_generosity,send,author != current partner,"direct, own round-r myth held fixed",,221,10,-0.001959868606991259,-0.011406555433582648,0.007486818219600129,0.6842824333083487,,0.044624674560122826,0.9597723704103809,fitted,0.00058581620890103,0.6983331277621128,0.002545684815892289,0.5404945555046963,False,,,25
frontier,September frozen top-5,R3,Sol | 8-agent homogeneous,lex_generosity,send,author != current partner,"direct, own round-r myth held fixed",,160,5,-0.008632044593615835,-0.03731978205650947,0.020055692869277802,0.5553605275460874,,0.05198875059740564,0.9832783659531995,fitted,-0.00038380978328973053,0.8671278634685643,0.008248234810326105,0.5297916782062055,False,,,25
frontier,September frozen top-5,R3,Sol | 8-agent mixed,lex_generosity,send,author != current partner,"direct, own round-r myth held fixed",,61,5,,,,,,0.0,,not estimable: ceiling,,,,,False,,,10
frontier,September frozen top-5,R3,pooled,lex_multiplier,return,never played before,total (shown - unseen),,504,20,0.00043833181937365847,-0.00877277330852395,0.009649436947271266,0.925689512835359,0.9024512256128064,0.05328677600728194,1.0237736618705044,fitted,0.003983652855460991,0.09069506516492551,0.0035453210360873325,0.3695348266516778,True,1.0,1.0,25
frontier,September frozen top-5,R3,GeminiPro,lex_multiplier,return,never played before,total (shown - unseen),,154,10,0.002815453999170347,-0.024336521318240593,0.029967429316581286,0.838952602992314,0.7998999499749875,0.035593228704671166,1.091880836202235,fitted,0.0004951387552211641,0.9201238077296789,-0.0023203152439491828,0.8262816731415921,True,1.0,1.0,9
frontier,September frozen top-5,R3,GeminiPro | 8-agent homogeneous,lex_multiplier,return,never played before,total (shown - unseen),,127,5,0.003824695355966439,-0.0391052778159248,0.04675466852785768,0.861381284879569,0.8429214607303652,0.0335871840450779,1.124979733603303,fitted,-0.0015080138805615602,0.7952647100103217,-0.005332709236527999,0.7460223223200775,True,1.0,1.0,8
frontier,September frozen top-5,R3,GeminiPro | 8-agent mixed,lex_multiplier,return,never played before,total (shown - unseen),,27,5,0.003997135315510688,,,,0.8864432216108054,0.04167644329745434,0.9288597643124751,fitted,0.014159900159346497,,0.01016276484383581,,True,,1.0,5
frontier,September frozen top-5,R3,Opus,lex_multiplier,return,never played before,total (shown - unseen),,171,10,-0.0012188955072250669,-0.009585499135063418,0.007147708120613284,0.7752312607381631,0.7098549274637319,0.040496501441035795,0.9455012250905079,fitted,0.004070912426880121,0.32437879368655276,0.005289807934105188,0.2443479542290462,True,1.0,1.0,15
frontier,September frozen top-5,R3,Opus | 8-agent homogeneous,lex_multiplier,return,never played before,total (shown - unseen),,127,5,-0.0066307787662821865,-0.024978888064041985,0.01171733053147761,0.4787548571120124,0.288144072036018,0.03717309924022542,0.9550152319236346,fitted,0.003090279909552059,0.5427282379120776,0.009721058675834246,0.47107738215120387,True,1.0,1.0,15
frontier,September frozen top-5,R3,Opus | 8-agent mixed,lex_multiplier,return,never played before,total (shown - unseen),,44,5,0.006433492368668053,-0.014934499550844253,0.02780148428818036,0.5551185481457914,0.32416208104052024,0.04357166422849438,0.9278037519865022,fitted,0.013477923821428817,0.07093775249040025,0.007044431452760763,0.43119964857265825,True,1.0,0.9724862431215607,5
frontier,September frozen top-5,R3,Sol,lex_multiplier,return,never played before,total (shown - unseen),,179,10,0.0029149199637495586,-0.0159706766757949,0.021800516603294014,0.7622610389584563,0.7133566783391696,0.04281317278484323,1.0217685904032827,fitted,0.007207638161467317,0.02003786238561241,0.004292718197717758,0.6047513658467747,True,1.0,1.0,25
frontier,September frozen top-5,R3,Sol | 8-agent homogeneous,lex_multiplier,return,never played before,total (shown - unseen),,127,5,0.020599787710039782,-0.009612961432091876,0.050812536852171436,0.181434525822467,0.15507753876938468,0.0390403190017273,0.9825448307730931,fitted,0.006979144344259843,0.05304102438769824,-0.013620643365779938,0.3977732270572034,True,1.0,1.0,25
frontier,September frozen top-5,R3,Sol | 8-agent mixed,lex_multiplier,return,never played before,total (shown - unseen),,52,5,-0.0031784268560712987,-0.03409068140306107,0.027733827690918474,0.840287828593177,0.8189094547273637,0.03613816289597785,1.121911497126726,fitted,0.005235081942536357,0.6773536256179579,0.008413508798607656,0.6433736492349729,True,1.0,1.0,10
frontier,September frozen top-5,R3,pooled,lex_multiplier,return,never played before,"direct, own round-r myth held fixed",,504,20,0.0004475610811356494,-0.008523203305985173,0.009418325468256472,0.922103248327761,,0.05328677600728194,1.0237736618705044,fitted,0.003994465124757762,0.07662237379927994,0.003546904043622113,0.3719745777595457,False,,,25
frontier,September frozen top-5,R3,GeminiPro,lex_multiplier,return,never played before,"direct, own round-r myth held fixed",,154,10,0.002535764045942264,-0.023212319863925485,0.028283847955810012,0.8469399272534652,,0.035593228704671166,1.091880836202235,fitted,0.0008760405266586532,0.8454024875237446,-0.001659723519283611,0.8705888494765289,False,,,9
frontier,September frozen top-5,R3,GeminiPro | 8-agent homogeneous,lex_multiplier,return,never played before,"direct, own round-r myth held fixed",,127,5,0.003267543862736486,-0.03720500886770053,0.043740096593173496,0.8742697968669696,,0.0335871840450779,1.124979733603303,fitted,-0.0011424625874025915,0.8257228865063534,-0.004410006450139077,0.7804011274042142,False,,,8
frontier,September frozen top-5,R3,GeminiPro | 8-agent mixed,lex_multiplier,return,never played before,"direct, own round-r myth held fixed",,27,5,0.026337840293708004,,,,,0.04167644329745434,0.9288597643124751,fitted,0.014146331400676124,,-0.012191508893031878,,False,,,5
frontier,September frozen top-5,R3,Opus,lex_multiplier,return,never played before,"direct, own round-r myth held fixed",,171,10,-0.001630637783270396,-0.010883588628277943,0.007622313061737152,0.7297918814155737,,0.040496501441035795,0.9455012250905079,fitted,0.0037102120364814954,0.3991313913471759,0.005340849819751891,0.247495317653753,False,,,15
frontier,September frozen top-5,R3,Opus | 8-agent homogeneous,lex_multiplier,return,never played before,"direct, own round-r myth held fixed",,127,5,-0.006604030990297712,-0.025605987580151274,0.01239792559955585,0.495760594628903,,0.03717309924022542,0.9550152319236346,fitted,0.0031334279389096838,0.5738835724258502,0.009737458929207396,0.47203896933184264,False,,,15
frontier,September frozen top-5,R3,Opus | 8-agent mixed,lex_multiplier,return,never played before,"direct, own round-r myth held fixed",,44,5,0.009185457949543438,-0.01342341757998354,0.031794333479070416,0.4258649033421783,,0.04357166422849438,0.9278037519865022,fitted,0.014414324294435357,0.08812177626703631,0.005228866344891919,0.39333150889137025,False,,,5
frontier,September frozen top-5,R3,Sol,lex_multiplier,return,never played before,"direct, own round-r myth held fixed",,179,10,0.001960270503747698,-0.01602948831332321,0.01995002932081861,0.8308829685273593,,0.04281317278484323,1.0217685904032827,fitted,0.006337541680284633,0.011153444475175857,0.004377271176536935,0.5968786128020631,False,,,25
frontier,September frozen top-5,R3,Sol | 8-agent homogeneous,lex_multiplier,return,never played before,"direct, own round-r myth held fixed",,127,5,0.019951424811377495,-0.0104161461668336,0.050318995789588594,0.19785324692494577,,0.0390403190017273,0.9825448307730931,fitted,0.00581080939568109,0.024909637598384125,-0.014140615415696407,0.38078696803499523,False,,,25
frontier,September frozen top-5,R3,Sol | 8-agent mixed,lex_multiplier,return,never played before,"direct, own round-r myth held fixed",,52,5,0.003296182487280544,-0.026690545272391637,0.03328291024695272,0.8294227701124387,,0.03613816289597785,1.121911497126726,fitted,0.007834852740606524,0.5162673733634491,0.00453867025332598,0.8154337298644443,False,,,10
frontier,September frozen top-5,R3,pooled,lex_multiplier,return,author != current partner,total (shown - unseen),,633,20,0.0023395357672644705,-0.0073467784447271665,0.012025849979256108,0.6359348480977112,,0.053230288369057584,1.0027552340913122,fitted,0.003855936166404836,0.035742985882978806,0.0015164003991403655,0.7339484311953894,False,,,25
frontier,September frozen top-5,R3,GeminiPro,lex_multiplier,return,author != current partner,total (shown - unseen),,197,10,0.008249381846624779,-0.012017245072620775,0.028516008765870335,0.4249929660766324,,0.03690924454440081,1.0103772733635634,fitted,0.00526349817631466,0.20901906880234022,-0.0029858836703101194,0.733274462924943,False,,,9
frontier,September frozen top-5,R3,GeminiPro | 8-agent homogeneous,lex_multiplier,return,author != current partner,total (shown - unseen),,160,5,0.00855812617968108,-0.028986180172352972,0.046102432531715136,0.6550421085103035,,0.03238555482658243,1.0398907604531236,fitted,0.0007414895994067305,0.870001948260511,-0.00781663658027435,0.6032057886018428,False,,,8
frontier,September frozen top-5,R3,GeminiPro | 8-agent mixed,lex_multiplier,return,author != current partner,total (shown - unseen),,37,5,0.0009503225179880136,-0.0460547022123923,0.047955347248368335,0.9683916922272651,,0.04593120227044656,0.8651752036533656,fitted,0.017743209468215393,0.2611142578339365,0.01679288695022738,0.5698930559542374,False,,,5
frontier,September frozen top-5,R3,Opus,lex_multiplier,return,author != current partner,total (shown - unseen),,217,10,-0.002556248047098849,-0.01677071321383781,0.011658217119640116,0.7244867854200031,,0.03987160972347285,0.9311517907370065,fitted,2.941361798334608e-05,0.9898528644803121,0.002585661665082195,0.7143222084218694,False,,,15
frontier,September frozen top-5,R3,Opus | 8-agent homogeneous,lex_multiplier,return,author != current partner,total (shown - unseen),,160,5,-0.0032981820832248473,-0.028219584206979634,0.02162322004052994,0.7953357190574293,,0.037838402459347026,0.9289408961717316,fitted,0.0009702771491955295,0.671370566849155,0.004268459232420377,0.7402000095948413,False,,,15
frontier,September frozen top-5,R3,Opus | 8-agent mixed,lex_multiplier,return,author != current partner,total (shown - unseen),,57,5,-0.0023636996890605963,-0.01459897039083886,0.009871571012717666,0.7049550102072379,,0.037918830884252075,0.9451878546900391,fitted,-0.004919453658928744,0.2629083979568275,-0.0025557539698681476,0.6278096650771656,False,,,5
frontier,September frozen top-5,R3,Sol,lex_multiplier,return,author != current partner,total (shown - unseen),,219,10,0.004789094063808011,-0.011782368116678873,0.021360556244294896,0.5711064862653252,,0.043436043085241696,1.0588538020606497,fitted,0.005188798300618481,0.10804168277152627,0.0003997042368104708,0.9542608991648351,False,,,25
frontier,September frozen top-5,R3,Sol | 8-agent homogeneous,lex_multiplier,return,author != current partner,total (shown - unseen),,160,5,0.01202421195622922,-0.005559563648924789,0.02960798756138323,0.1801572955899885,,0.03939769468562748,1.0066150655389317,fitted,0.004865011312303921,0.22519160335408217,-0.0071592006439252995,0.30058919424487807,False,,,25
frontier,September frozen top-5,R3,Sol | 8-agent mixed,lex_multiplier,return,author != current partner,total (shown - unseen),,59,5,-0.00035646845134498957,-0.012268740824248784,0.011555803921558805,0.9532301794222743,,0.03665731421734192,1.1957755527694076,fitted,0.005897722385967053,0.3775931880024883,0.006254190837312042,0.3896369753438925,False,,,10
frontier,September frozen top-5,R3,pooled,lex_multiplier,return,author != current partner,"direct, own round-r myth held fixed",,633,20,0.0023751158577051596,-0.007038861012524123,0.011789092727934441,0.6209583581020797,,0.053230288369057584,1.0027552340913122,fitted,0.003895827748406844,0.021925646688616154,0.0015207118907016844,0.7342587378368646,False,,,25
frontier,September frozen top-5,R3,GeminiPro,lex_multiplier,return,author != current partner,"direct, own round-r myth held fixed",,197,10,0.00822926565231989,-0.0118839782719321,0.028342509576571882,0.42260350070651076,,0.03690924454440081,1.0103772733635634,fitted,0.0053588764502532915,0.16960433686801468,-0.0028703892020665992,0.7472578905003167,False,,,9
frontier,September frozen top-5,R3,GeminiPro | 8-agent homogeneous,lex_multiplier,return,author != current partner,"direct, own round-r myth held fixed",,160,5,0.008434083653988525,-0.028318174955958043,0.04518634226393509,0.6528677200119433,,0.03238555482658243,1.0398907604531236,fitted,0.0009637150169108724,0.8197043493840948,-0.007470368637077653,0.6177017744613635,False,,,8
frontier,September frozen top-5,R3,GeminiPro | 8-agent mixed,lex_multiplier,return,author != current partner,"direct, own round-r myth held fixed",,37,5,0.0007040950514809116,-0.04510760679156612,0.04651579689452794,0.9759686957391281,,0.04593120227044656,0.8651752036533656,fitted,0.017796355042319054,0.2519049742511368,0.017092259990838143,0.49253978959657196,False,,,5
frontier,September frozen top-5,R3,Opus,lex_multiplier,return,author != current partner,"direct, own round-r myth held fixed",,217,10,-0.0030660120738864732,-0.017435848395734654,0.011303824247961707,0.6758106796707136,,0.03987160972347285,0.9311517907370065,fitted,-0.0004250165395788139,0.8857726883405844,0.0026409955343076595,0.7082307213804835,False,,,15
frontier,September frozen top-5,R3,Opus | 8-agent homogeneous,lex_multiplier,return,author != current partner,"direct, own round-r myth held fixed",,160,5,-0.0033761017226450855,-0.0285556570444543,0.02180345359916413,0.7927093075999261,,0.037838402459347026,0.9289408961717316,fitted,0.0008498011838826043,0.796328934471838,0.00422590290652769,0.7442223008905895,False,,,15
frontier,September frozen top-5,R3,Opus | 8-agent mixed,lex_multiplier,return,author != current partner,"direct, own round-r myth held fixed",,57,5,0.0031720877245153744,-0.012988845728771216,0.019333021177801966,0.7004566417735827,,0.037918830884252075,0.9451878546900391,fitted,-0.0011581162376525106,0.7989118600619445,-0.004330203962167885,0.5268111205539701,False,,,5
frontier,September frozen top-5,R3,Sol,lex_multiplier,return,author != current partner,"direct, own round-r myth held fixed",,219,10,0.004345408777367619,-0.011778349787303157,0.020469167342038398,0.5973486745325538,,0.043436043085241696,1.0588538020606497,fitted,0.004802974090748529,0.0734144410831914,0.00045756531338090993,0.9477486599820409,False,,,25
frontier,September frozen top-5,R3,Sol | 8-agent homogeneous,lex_multiplier,return,author != current partner,"direct, own round-r myth held fixed",,160,5,0.010950746051179402,-0.005106226606098614,0.027007718708457418,0.1813264286036389,,0.03939769468562748,1.0066150655389317,fitted,0.003720431027448401,0.21658754741709008,-0.007230315023731001,0.29880159305903964,False,,,25
frontier,September frozen top-5,R3,Sol | 8-agent mixed,lex_multiplier,return,author != current partner,"direct, own round-r myth held fixed",,59,5,0.0018047257542241693,-0.008879035128928086,0.012488486637376424,0.7405827907932969,,0.03665731421734192,1.1957755527694076,fitted,0.007602323514170638,0.3254464452145599,0.005797597759946468,0.4557883460459111,False,,,10
frontier,September frozen top-5,R3,pooled,lex_caution,return,never played before,total (shown - unseen),,504,20,-0.0009514685408922585,-0.008067020192947236,0.006164083111162719,0.7932597336727532,0.7648824412206103,0.05328677600728194,0.9007262434595485,fitted,0.004028578389638066,0.0028725733037277,0.004980046930530325,0.1830948812375136,True,1.0,1.0,25
frontier,September frozen top-5,R3,GeminiPro,lex_caution,return,never played before,total (shown - unseen),,154,10,-0.004687788113306222,-0.027938723058725155,0.018563146832112708,0.6927230202197052,0.656328164082041,0.035593228704671166,0.6340511739744317,fitted,0.009072112173994529,0.06463273391667924,0.013759900287300751,0.2580647591730517,True,1.0,1.0,9
frontier,September frozen top-5,R3,GeminiPro | 8-agent homogeneous,lex_caution,return,never played before,total (shown - unseen),,127,5,-0.0223532056954397,-0.06803495664065705,0.02332854524977765,0.33752920298927325,0.30965482741370687,0.0335871840450779,0.593151357487547,fitted,0.008562882859039708,0.16288542252963178,0.030916088554479408,0.16460806555895857,True,1.0,1.0,8
frontier,September frozen top-5,R3,GeminiPro | 8-agent mixed,lex_caution,return,never played before,total (shown - unseen),,27,5,0.012569485046152117,,,,0.8119059529764883,0.04167644329745434,0.7995908743406264,fitted,0.021133608956940757,,0.00856412391078864,,True,,1.0,5
frontier,September frozen top-5,R3,Opus,lex_caution,return,never played before,total (shown - unseen),,171,10,0.004096842382224842,-0.005873121841877124,0.014066806606326808,0.42059732029495955,0.32716358179089544,0.040496501441035795,0.9710947808181662,fitted,0.0026068908182470957,0.3687186672702034,-0.0014899515639777464,0.6566235613776241,True,1.0,1.0,15
frontier,September frozen top-5,R3,Opus | 8-agent homogeneous,lex_caution,return,never played before,total (shown - unseen),,127,5,0.0046301486493152185,-0.009991404473841982,0.01925170177247242,0.5348273392748446,0.4897448724362181,0.03717309924022542,0.9526169743726711,fitted,0.0031191057003714293,0.1630081945725309,-0.0015110429489437896,0.8544781859289756,True,1.0,1.0,15
frontier,September frozen top-5,R3,Opus | 8-agent mixed,lex_caution,return,never played before,total (shown - unseen),,44,5,-0.00285455723657755,-0.04148603709799607,0.03577692262484097,0.8848485259891358,0.897448724362181,0.04357166422849438,1.0074340042392154,fitted,-0.0010103601319202196,0.9428788606521026,0.0018441971046573302,0.8619097657618315,True,1.0,0.9724862431215607,5
frontier,September frozen top-5,R3,Sol,lex_caution,return,never played before,total (shown - unseen),,179,10,-0.002134967982063603,-0.014435495291742293,0.010165559327615085,0.7337168786829638,0.7413706853426714,0.04281317278484323,1.0116573009141803,fitted,0.005750905235951883,0.00856177837349591,0.007885873218015486,0.15029587759027468,True,1.0,1.0,25
frontier,September frozen top-5,R3,Sol | 8-agent homogeneous,lex_caution,return,never played before,total (shown - unseen),,127,5,-0.004526439112931934,-0.036809244921301595,0.027756366695437726,0.7834617442620306,0.7418709354677339,0.0390403190017273,0.8582738835336982,fitted,0.005629718048380587,0.15935537505142217,0.010156157161312521,0.5224550281836005,True,1.0,1.0,25
frontier,September frozen top-5,R3,Sol | 8-agent mixed,lex_caution,return,never played before,total (shown - unseen),,52,5,0.005160123508516263,-0.01551556642525638,0.025835813442288906,0.6247306259421588,0.5877938969484743,0.03613816289597785,1.3100252155533578,fitted,0.00841249635130058,0.07226574234321172,0.003252372842784318,0.7192316182624188,True,1.0,1.0,10
frontier,September frozen top-5,R3,pooled,lex_caution,return,never played before,"direct, own round-r myth held fixed",,504,20,-0.0013260454825420008,-0.008499434032721239,0.005847343067637237,0.7171192422697599,,0.05328677600728194,0.9007262434595485,fitted,0.003728034605690815,0.016405248403226425,0.005054080088232816,0.177272169595724,False,,,25
frontier,September frozen top-5,R3,GeminiPro,lex_caution,return,never played before,"direct, own round-r myth held fixed",,154,10,-0.005432499261377679,-0.027085756184583754,0.016220757661828393,0.6229119621276309,,0.035593228704671166,0.6340511739744317,fitted,0.007525767263207489,0.15349014946442902,0.012958266524585168,0.25018791988867495,False,,,9
frontier,September frozen top-5,R3,GeminiPro | 8-agent homogeneous,lex_caution,return,never played before,"direct, own round-r myth held fixed",,127,5,-0.022509297219971545,-0.06969869581586834,0.024680101375925245,0.3498393661334934,,0.0335871840450779,0.593151357487547,fitted,0.00884826289093781,0.05545067336311542,0.03135756011090936,0.1887600960747432,False,,,8
frontier,September frozen top-5,R3,GeminiPro | 8-agent mixed,lex_caution,return,never played before,"direct, own round-r myth held fixed",,27,5,0.014404845141719516,,,,,0.04167644329745434,0.7995908743406264,fitted,0.004530642802669944,,-0.009874202339049572,,False,,,5
frontier,September frozen top-5,R3,Opus,lex_caution,return,never played before,"direct, own round-r myth held fixed",,171,10,0.003318120990593992,-0.006003019701344728,0.012639261682532713,0.4853622930668283,,0.040496501441035795,0.9710947808181662,fitted,0.0018571897774250872,0.499758907272271,-0.001460931213168905,0.6414915864976545,False,,,15
frontier,September frozen top-5,R3,Opus | 8-agent homogeneous,lex_caution,return,never played before,"direct, own round-r myth held fixed",,127,5,0.005767989392704571,-0.008756435539838714,0.020292414325247858,0.43636411353267146,,0.03717309924022542,0.9526169743726711,fitted,0.0037684035016534883,0.11791649681137183,-0.001999585891051083,0.8196540382396155,False,,,15
frontier,September frozen top-5,R3,Opus | 8-agent mixed,lex_caution,return,never played before,"direct, own round-r myth held fixed",,44,5,-0.009614138020493088,-0.05369003315818545,0.034461757117199274,0.6690000002750965,,0.04357166422849438,1.0074340042392154,fitted,-0.009912452947286765,0.5855994187682187,-0.00029831492679367744,0.970352892713283,False,,,5
frontier,September frozen top-5,R3,Sol,lex_caution,return,never played before,"direct, own round-r myth held fixed",,179,10,-0.0019812592797575444,-0.014805029852071676,0.010842511292556587,0.7620328277479488,,0.04281317278484323,1.0116573009141803,fitted,0.005768912650020681,0.009448822397656292,0.007750171929778225,0.16799608565048407,False,,,25
frontier,September frozen top-5,R3,Sol | 8-agent homogeneous,lex_caution,return,never played before,"direct, own round-r myth held fixed",,127,5,-0.0038797755555237687,-0.039974607153411806,0.03221505604236427,0.8331421441109528,,0.0390403190017273,0.8582738835336982,fitted,0.005578393579833074,0.17033075698244426,0.009458169135356843,0.604716188032643,False,,,25
frontier,September frozen top-5,R3,Sol | 8-agent mixed,lex_caution,return,never played before,"direct, own round-r myth held fixed",,52,5,0.005318334910698334,-0.01478186057900736,0.025418530400404028,0.6040472217546384,,0.03613816289597785,1.3100252155533578,fitted,0.008403856751501602,0.07622438049882209,0.003085521840803268,0.7218366106410208,False,,,10
frontier,September frozen top-5,R3,pooled,lex_caution,return,author != current partner,total (shown - unseen),,633,20,-0.0018183307387952727,-0.006690529405662258,0.003053867928071713,0.46449267355641555,,0.053230288369057584,0.9966497678612911,fitted,0.0017684097302709,0.2419733624565189,0.0035867404690661728,0.07906246063110124,False,,,25
frontier,September frozen top-5,R3,GeminiPro,lex_caution,return,author != current partner,total (shown - unseen),,197,10,0.0002621047874452613,-0.02195011461617622,0.022474324191066743,0.9815484677585175,,0.03690924454440081,0.7416870017284405,fitted,0.001990919368819483,0.7225384092708061,0.0017288145813742217,0.8215703887453196,False,,,9
frontier,September frozen top-5,R3,GeminiPro | 8-agent homogeneous,lex_caution,return,author != current partner,total (shown - unseen),,160,5,-0.003341361535886128,-0.0434558272233684,0.036773104151596146,0.8703164626279625,,0.03238555482658243,0.7211716914735089,fitted,0.0008852570541508648,0.9081345723187959,0.004226618590036993,0.7537869107544641,False,,,8
frontier,September frozen top-5,R3,GeminiPro | 8-agent mixed,lex_caution,return,author != current partner,total (shown - unseen),,37,5,-0.016997300211972634,-0.07227621418327754,0.03828161375933226,0.5467384359771664,,0.04593120227044656,0.8176547957609365,fitted,-0.0021773205663794793,0.8951922113744062,0.014819979645593156,0.41718610339956674,False,,,5
frontier,September frozen top-5,R3,Opus,lex_caution,return,author != current partner,total (shown - unseen),,217,10,-0.0011452673249412967,-0.009483539564368404,0.007193004914485811,0.7877739509480963,,0.03987160972347285,1.1122070008352756,fitted,0.00021883669693498932,0.9358270350850053,0.001364104021876286,0.6266611353790095,False,,,15
frontier,September frozen top-5,R3,Opus | 8-agent homogeneous,lex_caution,return,author != current partner,total (shown - unseen),,160,5,-0.00030134217602888896,-0.009840246586799559,0.009237562234741781,0.9506289738747424,,0.037838402459347026,1.1256900242697536,fitted,0.0012296981168718815,0.7334291591689519,0.0015310402929007705,0.7744170165652745,False,,,15
frontier,September frozen top-5,R3,Opus | 8-agent mixed,lex_caution,return,author != current partner,total (shown - unseen),,57,5,-0.018074450298425585,-0.03242610798323722,-0.003722792613613947,0.013572808434395007,,0.037918830884252075,1.0544077559927454,fitted,-0.006173449867643909,0.20377103906552796,0.011901000430781676,0.044564196259526415,False,,,5
frontier,September frozen top-5,R3,Sol,lex_caution,return,author != current partner,total (shown - unseen),,219,10,-0.0033689472572653624,-0.0114270549087556,0.0046891603942248745,0.4125439459805691,,0.043436043085241696,1.0677691637085294,fitted,0.004460958155259083,0.05296262588724707,0.007829905412524445,0.05938966476270313,False,,,25
frontier,September frozen top-5,R3,Sol | 8-agent homogeneous,lex_caution,return,author != current partner,total (shown - unseen),,160,5,-0.008288385800023291,-0.023848692878640415,0.007271921278593831,0.2964860714816202,,0.03939769468562748,0.933492160886491,fitted,0.003297844407684063,0.5142267482393376,0.011586230207707354,0.1529450445714512,False,,,25
frontier,September frozen top-5,R3,Sol | 8-agent mixed,lex_caution,return,author != current partner,total (shown - unseen),,59,5,0.005731855112957703,-0.006404636954241882,0.017868347180157288,0.35462422899593804,,0.03665731421734192,1.3592258951263083,fitted,0.008496435379747626,0.1041539933986649,0.0027645802667899226,0.3254257384338881,False,,,10
frontier,September frozen top-5,R3,pooled,lex_caution,return,author != current partner,"direct, own round-r myth held fixed",,633,20,-0.0017683751189335637,-0.006668089939804216,0.0031313397019370887,0.4793314686997412,,0.053230288369057584,0.9966497678612911,fitted,0.0018085402099875354,0.25227037579497513,0.003576915328921099,0.07872465331616126,False,,,25
frontier,September frozen top-5,R3,GeminiPro,lex_caution,return,author != current partner,"direct, own round-r myth held fixed",,197,10,-2.431810883103745e-05,-0.021447042010703042,0.02139840579304097,0.998224817935595,,0.03690924454440081,0.7416870017284405,fitted,0.0017089896391138076,0.751377889799296,0.001733307747944845,0.8185849494721025,False,,,9
frontier,September frozen top-5,R3,GeminiPro | 8-agent homogeneous,lex_caution,return,author != current partner,"direct, own round-r myth held fixed",,160,5,-0.0033395249323190587,-0.04278486774697674,0.036105817882338624,0.8682083899222872,,0.03238555482658243,0.7211716914735089,fitted,0.0008871682441051534,0.9017448483078907,0.004226693176424212,0.755235917036483,False,,,8
frontier,September frozen top-5,R3,GeminiPro | 8-agent mixed,lex_caution,return,author != current partner,"direct, own round-r myth held fixed",,37,5,-0.015364546972345334,-0.07341252040337216,0.0426834264586815,0.6039161962956586,,0.04593120227044656,0.8176547957609365,fitted,-0.002434219039337852,0.8739366872797796,0.012930327933007482,0.5261904146070266,False,,,5
frontier,September frozen top-5,R3,Opus,lex_caution,return,author != current partner,"direct, own round-r myth held fixed",,217,10,-0.0011549285043878522,-0.009911310306837364,0.00760145329806166,0.7960128023149683,,0.03987160972347285,1.1122070008352756,fitted,0.00020982890652071872,0.9433438521639612,0.001364757410908571,0.6280772904673586,False,,,15
frontier,September frozen top-5,R3,Opus | 8-agent homogeneous,lex_caution,return,author != current partner,"direct, own round-r myth held fixed",,160,5,0.0009233196715160465,-0.010645678483362076,0.01249231782639417,0.8756985254192976,,0.037838402459347026,1.1256900242697536,fitted,0.002224416145968664,0.6050094112025244,0.0013010964744526177,0.8161485492277996,False,,,15
frontier,September frozen top-5,R3,Opus | 8-agent mixed,lex_caution,return,author != current partner,"direct, own round-r myth held fixed",,57,5,-0.01943961287658199,-0.03844375943410846,-0.0004354663190555205,0.04497639632711277,,0.037918830884252075,1.0544077559927454,fitted,-0.00761112369327625,0.17748756255319453,0.01182848918330574,0.06570060408344741,False,,,5
frontier,September frozen top-5,R3,Sol,lex_caution,return,author != current partner,"direct, own round-r myth held fixed",,219,10,-0.0033334805146676364,-0.011615253976014915,0.004948292946679643,0.43016970277092204,,0.043436043085241696,1.0677691637085294,fitted,0.004474219381888692,0.05320693925740413,0.007807699896556329,0.06448763430136333,False,,,25
frontier,September frozen top-5,R3,Sol | 8-agent homogeneous,lex_caution,return,author != current partner,"direct, own round-r myth held fixed",,160,5,-0.007687707630589829,-0.023453607511069903,0.008078192249890245,0.33921870782464003,,0.03939769468562748,0.933492160886491,fitted,0.0033678676820529975,0.5054982090860045,0.011055575312642826,0.16909694241922013,False,,,25
frontier,September frozen top-5,R3,Sol | 8-agent mixed,lex_caution,return,author != current partner,"direct, own round-r myth held fixed",,59,5,0.005347286498709252,-0.005097799548998333,0.015792372546416838,0.3156730012340192,,0.03665731421734192,1.3592258951263083,fitted,0.007956876304936663,0.07138715950185279,0.00260958980622741,0.34744446770211745,False,,,10
frontier,September frozen top-5,R3,pooled,rule_send_amount,return,never played before,total (shown - unseen),,412,20,0.00020945533138756744,-0.009580336170009503,0.009999246832784638,0.9665513293224369,0.9659829914957478,0.05314235753459228,0.8252832617709077,fitted,0.002044413827636954,0.584856205210791,0.0018349584962493865,0.6733117392374557,True,1.0,1.0,25
frontier,September frozen top-5,R3,GeminiPro,rule_send_amount,return,never played before,total (shown - unseen),,141,10,0.0249084771778073,-0.19720798359955466,0.24702493795516928,0.826032108844249,0.8169084542271136,0.03616210033784417,0.3373553166052617,fitted,-0.00520103613161645,0.7774629820036227,-0.030109513309423748,0.7584869489646475,True,1.0,1.0,9
frontier,September frozen top-5,R3,GeminiPro | 8-agent homogeneous,rule_send_amount,return,never played before,total (shown - unseen),,123,5,,,,,,,,not estimable: predictor has no spread,,,,,False,,,8
frontier,September frozen top-5,R3,GeminiPro | 8-agent mixed,rule_send_amount,return,never played before,total (shown - unseen),,18,5,-0.0754499137241253,,,,1.0,0.040271667330053315,0.960854796145802,fitted,-0.04118285340266193,,0.03426706032146336,,True,,1.0,5
frontier,September frozen top-5,R3,Opus,rule_send_amount,return,never played before,total (shown - unseen),,144,10,0.002671450086596368,-0.008476419602553183,0.013819319775745919,0.6385827282174797,0.632816408204102,0.041468632256336214,1.1906219142032124,fitted,0.0037776285824749137,0.32907616674893425,0.0011061784958785459,0.7951028348963922,True,1.0,1.0,15
frontier,September frozen top-5,R3,Opus | 8-agent homogeneous,rule_send_amount,return,never played before,total (shown - unseen),,108,5,0.00011548879888621105,-0.01394297039604452,0.014173947993816943,0.9871538931982041,0.984992496248124,0.037265798654072625,1.3322776794560578,fitted,0.003822805521329388,0.4690086177645758,0.003707316722443177,0.6607266719279143,True,1.0,1.0,15
frontier,September frozen top-5,R3,Opus | 8-agent mixed,rule_send_amount,return,never played before,total (shown - unseen),,36,5,0.08517482806108637,-0.08329140699209966,0.25364106311427237,0.32171585166345085,0.05552776388194097,0.045860262933529294,0.5427592008741717,fitted,0.05397606455462731,0.30268667710962605,-0.03119876350645906,0.6819693467857808,True,1.0,0.2726363181590795,5
frontier,September frozen top-5,R3,Sol,rule_send_amount,return,never played before,total (shown - unseen),,127,10,-8.436204197547707e-05,-0.038458407772751425,0.03828968368880047,0.9965620757517459,0.9969984992496248,0.043546589755528387,0.6905165359832927,fitted,-0.0063894576898290275,0.325238423340264,-0.0063050956478535505,0.7462160534718136,True,1.0,1.0,25
frontier,September frozen top-5,R3,Sol | 8-agent homogeneous,rule_send_amount,return,never played before,total (shown - unseen),,90,5,-0.025354462856221963,-0.11227536439531431,0.061566438682870386,0.5675162335289542,0.46173086543271635,0.041192739580243096,0.796958700110303,fitted,-0.003363936445334959,0.6015294784210431,0.021990526410887005,0.5901531495431976,True,1.0,1.0,25
frontier,September frozen top-5,R3,Sol | 8-agent mixed,rule_send_amount,return,never played before,total (shown - unseen),,37,5,0.0037869595383561577,-0.13769868616938025,0.1452726052460926,0.9581623507700576,0.8934467233616809,0.03138668173695851,0.26731969140349326,fitted,-0.015004461820957996,0.7907430032278047,-0.018791421359314154,0.3148168519090089,True,1.0,1.0,10
frontier,September frozen top-5,R3,pooled,rule_send_amount,return,never played before,"direct, own round-r myth held fixed",,389,20,-0.0023457997436846156,-0.01457369838884277,0.009882098901473537,0.7069173141880676,,0.053025722749035956,0.8227953526586957,fitted,0.0009066691087679017,0.843849874210602,0.003252468852452517,0.5087818505736068,False,,,25
frontier,September frozen top-5,R3,GeminiPro,rule_send_amount,return,never played before,"direct, own round-r myth held fixed",,140,10,0.010428372305006844,-0.2586775120442115,0.27953425665422527,0.9394569787943634,,0.03607529041791639,0.3355285434665038,fitted,-0.006244234729191361,0.7497484156401804,-0.016672607034198206,0.8894807433881391,False,,,9
frontier,September frozen top-5,R3,GeminiPro | 8-agent homogeneous,rule_send_amount,return,never played before,"direct, own round-r myth held fixed",,123,5,,,,,,,,not estimable: predictor has no spread,,,,,False,,,8
frontier,September frozen top-5,R3,GeminiPro | 8-agent mixed,rule_send_amount,return,never played before,"direct, own round-r myth held fixed",,17,5,-0.0335349213062384,,,,,0.04120687486266961,0.9766871069784242,fitted,-0.029835746559297067,,0.003699174746941332,,False,,,5
frontier,September frozen top-5,R3,Opus,rule_send_amount,return,never played before,"direct, own round-r myth held fixed",,136,10,0.0027549255300036747,-0.013702893989806002,0.01921274504981335,0.7428478039187425,,0.04190928743566148,1.1950837765598796,fitted,0.005282532846763079,0.06234351803530303,0.0025276073167594046,0.7452085553077967,False,,,15
frontier,September frozen top-5,R3,Opus | 8-agent homogeneous,rule_send_amount,return,never played before,"direct, own round-r myth held fixed",,100,5,-0.004748633412289392,-0.037234340350417776,0.02773707352583899,0.7744953012916863,,0.03752390434019742,1.3498078650972019,fitted,0.005912276498457332,0.26530678836972743,0.010660909910746724,0.5730426248835521,False,,,15
frontier,September frozen top-5,R3,Opus | 8-agent mixed,rule_send_amount,return,never played before,"direct, own round-r myth held fixed",,36,5,0.08517482806108553,-0.15307240635306626,0.3234220624752373,0.48349088947886865,,0.045860262933529294,0.5427592008741717,fitted,0.05397606455462706,0.46611961113839395,-0.031198763506458477,0.7720026960521136,False,,,5
frontier,September frozen top-5,R3,Sol,rule_send_amount,return,never played before,"direct, own round-r myth held fixed",,113,10,-0.00941727670858216,-0.06417456628406065,0.045340012866896325,0.7360574746652002,,0.04393239009105464,0.6863558274545277,fitted,-0.012757344894652477,0.15249736914140422,-0.003340068186070316,0.8785534055834144,False,,,25
frontier,September frozen top-5,R3,Sol | 8-agent homogeneous,rule_send_amount,return,never played before,"direct, own round-r myth held fixed",,81,5,-0.010838512028430457,-0.11586082502872896,0.09418380097186804,0.8397039399765636,,0.04144140784469125,0.8004363022595158,fitted,-0.005663674374500463,0.6278930274645593,0.005174837653929993,0.9050091468409471,False,,,25
frontier,September frozen top-5,R3,Sol | 8-agent mixed,rule_send_amount,return,never played before,"direct, own round-r myth held fixed",,32,5,-0.04647749756884198,,,,,0.03301476127985166,0.1741279102349659,fitted,-0.06647880468521294,,-0.020001307116370964,,False,,,10
frontier,September frozen top-5,R3,pooled,rule_send_amount,return,author != current partner,total (shown - unseen),,521,20,-0.0015619088298557352,-0.007984105245585106,0.0048602875858736365,0.6335952780258477,,0.05320096131056258,0.7467411921227622,fitted,-2.3923276497850943e-06,0.9993671962329602,0.0015595165022059502,0.6869548686813793,False,,,25
frontier,September frozen top-5,R3,GeminiPro,rule_send_amount,return,author != current partner,total (shown - unseen),,181,10,-0.05473990947224232,-0.20993141056716397,0.10045159162267935,0.4893593545465398,,0.0371323678384022,0.24965540164422367,fitted,-0.013480105516405522,0.44293979035744846,0.041259803955836796,0.6196733773663847,False,,,9
frontier,September frozen top-5,R3,GeminiPro | 8-agent homogeneous,rule_send_amount,return,author != current partner,total (shown - unseen),,154,5,,,,,,,,not estimable: predictor has no spread,,,,,False,,,8
frontier,September frozen top-5,R3,GeminiPro | 8-agent mixed,rule_send_amount,return,author != current partner,total (shown - unseen),,27,5,0.15994885442938456,,,,,0.04361565204007225,0.6528095984250399,fitted,-0.029023928376247038,,-0.1889727828056316,,False,,,5
frontier,September frozen top-5,R3,Opus,rule_send_amount,return,author != current partner,total (shown - unseen),,187,10,-0.0014800323822154661,-0.010801258635475567,0.007841193871044634,0.7556449494598768,,0.04102503714288475,1.0667198991147642,fitted,0.001085082450970315,0.7597226976252837,0.002565114833185781,0.6778483952990939,False,,,15
frontier,September frozen top-5,R3,Opus | 8-agent homogeneous,rule_send_amount,return,author != current partner,total (shown - unseen),,140,5,7.92642224023421e-07,-0.012168439227084884,0.01217002451153293,0.9998981403478624,,0.03830241474033567,1.192794782174192,fitted,-0.001367523295525204,0.7819800725514896,-0.0013683159377492274,0.8589856840716514,False,,,15
frontier,September frozen top-5,R3,Opus | 8-agent mixed,rule_send_amount,return,author != current partner,total (shown - unseen),,47,5,-0.01953688727381389,-0.07986766126644165,0.04079388671881388,0.5256278437201147,,0.0390202113730709,0.49201673975593535,fitted,-0.004117479968504484,0.9195522727746213,0.015419407305309408,0.4034802416019414,False,,,5
frontier,September frozen top-5,R3,Sol,rule_send_amount,return,author != current partner,total (shown - unseen),,153,10,0.0013907316653254207,-0.030442593457433963,0.0332240567880848,0.9317631380143974,,0.044428762085268636,0.6593741117685308,fitted,-0.005989842006074655,0.5205633782077124,-0.007380573671400076,0.5363401170198947,False,,,25
frontier,September frozen top-5,R3,Sol | 8-agent homogeneous,rule_send_amount,return,author != current partner,total (shown - unseen),,111,5,-0.018876888491182773,-0.09289632414421302,0.05514254716184748,0.6171863456466918,,0.041354789519831334,0.7543371925262847,fitted,-0.0055027831858182,0.658934019037206,0.013374105305364573,0.6429162542972588,False,,,25
frontier,September frozen top-5,R3,Sol | 8-agent mixed,rule_send_amount,return,author != current partner,total (shown - unseen),,42,5,0.051050260820309654,-0.12770005312817628,0.22980057476879556,0.5756454524527199,,0.0324903114498483,0.2669611867865434,fitted,0.024129968544083225,0.644991658844894,-0.02692029227622643,0.4979743481553215,False,,,10
frontier,September frozen top-5,R3,pooled,rule_send_amount,return,author != current partner,"direct, own round-r myth held fixed",,497,20,-0.0033331942195206346,-0.013193003005000342,0.006526614565959074,0.507597729800076,,0.05310779565824273,0.7408148596278348,fitted,-0.0012789165571975819,0.7406792223531737,0.002054277662323053,0.6945977579827458,False,,,25
frontier,September frozen top-5,R3,GeminiPro,rule_send_amount,return,author != current partner,"direct, own round-r myth held fixed",,179,10,-0.05845210474232073,-0.2452599017826351,0.12835569229799362,0.5396964022155339,,0.03717066287643128,0.24817498704116903,fitted,-0.013864798013303342,0.4163860116332134,0.04458730672901739,0.6531376555009083,False,,,9
frontier,September frozen top-5,R3,GeminiPro | 8-agent homogeneous,rule_send_amount,return,author != current partner,"direct, own round-r myth held fixed",,153,5,,,,,,,,not estimable: predictor has no spread,,,,,False,,,8
frontier,September frozen top-5,R3,GeminiPro | 8-agent mixed,rule_send_amount,return,author != current partner,"direct, own round-r myth held fixed",,26,5,0.2290990287335445,,,,,0.044449054675419826,0.659720458239748,fitted,-0.040653946416529835,,-0.26975297515007435,,False,,,5
frontier,September frozen top-5,R3,Opus,rule_send_amount,return,author != current partner,"direct, own round-r myth held fixed",,180,10,-0.001909196274166268,-0.01589400603837544,0.012075613490042904,0.7890281024430392,,0.04124248447442648,1.060842308013578,fitted,0.001863367153486957,0.5869802362607951,0.003772563427653225,0.6607085831090486,False,,,15
frontier,September frozen top-5,R3,Opus | 8-agent homogeneous,rule_send_amount,return,author != current partner,"direct, own round-r myth held fixed",,133,5,0.00034542083167921414,-0.02536848458275393,0.026059326246112357,0.9789952042450809,,0.03836564415915904,1.1933893610632962,fitted,-0.0010434480731560994,0.8625328417823344,-0.0013888689048353136,0.9334001684210784,False,,,15
frontier,September frozen top-5,R3,Opus | 8-agent mixed,rule_send_amount,return,author != current partner,"direct, own round-r myth held fixed",,47,5,-0.019536887273814346,-0.08233114774477567,0.04325737319714697,0.5419979373134911,,0.0390202113730709,0.49201673975593535,fitted,-0.004117479968507945,0.9226982284158367,0.015419407305306401,0.42217860149648667,False,,,5
frontier,September frozen top-5,R3,Sol,rule_send_amount,return,author != current partner,"direct, own round-r myth held fixed",,138,10,-0.004694877144976862,-0.04967437037951042,0.04028461608955669,0.837902273538379,,0.04473222264163774,0.6523734370228573,fitted,-0.011981951197565092,0.1632400419659582,-0.00728707405258823,0.7068133141819142,False,,,25
frontier,September frozen top-5,R3,Sol | 8-agent homogeneous,rule_send_amount,return,author != current partner,"direct, own round-r myth held fixed",,100,5,-0.02031031497523996,-0.11459791405321601,0.07397728410273607,0.6728847577275634,,0.041675474134738835,0.755817753485574,fitted,-0.013143920732199756,0.29071157020397353,0.0071663942430402056,0.8586153826777188,False,,,25
frontier,September frozen top-5,R3,Sol | 8-agent mixed,rule_send_amount,return,author != current partner,"direct, own round-r myth held fixed",,38,5,0.07836273819365892,-0.09356857451324609,0.25029405090056395,0.37169061243110757,,0.03365348389142887,0.19399159092369586,fitted,0.013217891135678839,0.869475996182072,-0.06514484705798008,0.11936272509653105,False,,,10
frontier,September frozen top-5,R3,pooled,label_ds_generous,return,never played before,total (shown - unseen),,503,20,-0.00665089772743294,-0.014605448212802937,0.0013036527579370575,0.10126532565277928,0.04102051025512756,0.05333916312484103,0.9576251624882984,fitted,-0.0013414515203489317,0.6022417379370701,0.005309446207084008,0.08726836105152784,True,1.0,0.9434717358679339,25
frontier,September frozen top-5,R3,GeminiPro,label_ds_generous,return,never played before,total (shown - unseen),,154,10,-0.002465926818354116,-0.012660239840281343,0.007728386203573112,0.635428322402358,0.5892946473236619,0.035593228704671166,0.9896677509006838,fitted,-0.00011045316559613825,0.9796342058163174,0.0023554736527579777,0.5384538324675614,True,1.0,1.0,9
frontier,September frozen top-5,R3,GeminiPro | 8-agent homogeneous,label_ds_generous,return,never played before,total (shown - unseen),,127,5,0.0022836673033234146,-0.006547412618296793,0.011114747224943622,0.6122701770522353,0.3706853426713357,0.0335871840450779,0.9111562224743054,fitted,-0.0013179665710356318,0.8299228924909573,-0.0036016338743590465,0.5878142736938154,True,1.0,1.0,8
frontier,September frozen top-5,R3,GeminiPro | 8-agent mixed,label_ds_generous,return,never played before,total (shown - unseen),,27,5,0.029356532095855405,,,,0.8209104552276139,0.04167644329745434,1.314697528575263,fitted,0.0033209755703401994,,-0.026035556525515206,,True,,1.0,5
frontier,September frozen top-5,R3,Opus,label_ds_generous,return,never played before,total (shown - unseen),,171,10,-0.005672189928944426,-0.02003780478003718,0.008693424922148326,0.4390006893566838,0.3796898449224612,0.040496501441035795,0.8864395388428266,fitted,-0.0013177235707814128,0.8044344565965175,0.0043544663581630135,0.23449682780890502,True,1.0,1.0,15
frontier,September frozen top-5,R3,Opus | 8-agent homogeneous,label_ds_generous,return,never played before,total (shown - unseen),,127,5,-0.008931502058495366,-0.04363959088487085,0.02577658676788012,0.614007395445199,0.6878439219609805,0.03717309924022542,0.7543444750968911,fitted,0.0013688562047600866,0.8679849910764481,0.010300358263255453,0.45191278253122613,True,1.0,1.0,15
frontier,September frozen top-5,R3,Opus | 8-agent mixed,label_ds_generous,return,never played before,total (shown - unseen),,44,5,-0.015265189829198694,-0.07365526674379144,0.04312488708539405,0.6083693309381082,0.46473236618309155,0.04357166422849438,1.1995858182259025,fitted,-0.006359301743353418,0.7033467961920101,0.008905888085845276,0.5196532412834575,True,1.0,0.9724862431215607,5
frontier,September frozen top-5,R3,Sol,label_ds_generous,return,never played before,total (shown - unseen),,178,10,-0.009184998113474063,-0.024546618105052362,0.006176621878104235,0.24123765058781887,0.17808904452226113,0.04289657592179411,0.9665748668716678,fitted,-0.0024755098495806032,0.5958763480324518,0.00670948826389346,0.18591609833026912,True,1.0,1.0,25
frontier,September frozen top-5,R3,Sol | 8-agent homogeneous,label_ds_generous,return,never played before,total (shown - unseen),,127,5,-0.03387703967583365,-0.06444122967259144,-0.0033128496790758646,0.029825181230322084,0.10605302651325663,0.0390403190017273,0.7642836254823538,fitted,-0.007707487615244107,0.1574335755175652,0.026169552060589543,0.05888754492251692,True,0.6263288058367638,1.0,25
frontier,September frozen top-5,R3,Sol | 8-agent mixed,label_ds_generous,return,never played before,total (shown - unseen),,51,5,0.004530643487210913,-0.0064430144708458904,0.015504301445267717,0.41839937901394697,0.2656328164082041,0.036485527616990775,1.2845245222047736,fitted,0.0039030330657299234,0.38766801740603896,-0.00062761042148099,0.9102685179957477,True,1.0,1.0,10
frontier,September frozen top-5,R3,pooled,label_ds_generous,return,never played before,"direct, own round-r myth held fixed",,503,20,-0.007248232717774767,-0.015105847231625363,0.0006093817960758294,0.07061228375707684,,0.05333916312484103,0.9576251624882984,fitted,-0.001986949740959034,0.458108921513789,0.005261282976815732,0.09374043675837249,False,,,25
frontier,September frozen top-5,R3,GeminiPro,label_ds_generous,return,never played before,"direct, own round-r myth held fixed",,154,10,-0.004632283165107969,-0.014248947977577916,0.004984381647361977,0.3451177565753265,,0.035593228704671166,0.9896677509006838,fitted,-0.0016179185170275045,0.7063179220658894,0.0030143646480804646,0.4438602369262886,False,,,9
frontier,September frozen top-5,R3,GeminiPro | 8-agent homogeneous,label_ds_generous,return,never played before,"direct, own round-r myth held fixed",,127,5,0.002371434998002742,-0.0019355308230452717,0.006678400819050755,0.2805141359820126,,0.0335871840450779,0.9111562224743054,fitted,-0.00124152312416757,0.8273667285177428,-0.003612958122170312,0.5832145925647817,False,,,8
frontier,September frozen top-5,R3,GeminiPro | 8-agent mixed,label_ds_generous,return,never played before,"direct, own round-r myth held fixed",,27,5,-0.01980511308174603,,,,,0.04167644329745434,1.314697528575263,fitted,-0.02597424900848919,,-0.006169135926743161,,False,,,5
frontier,September frozen top-5,R3,Opus,label_ds_generous,return,never played before,"direct, own round-r myth held fixed",,171,10,-0.0053410323124990534,-0.020628036551480447,0.009945971926482338,0.4934829142283771,,0.040496501441035795,0.8864395388428266,fitted,-0.0005848284245143965,0.9157289876532708,0.004756203887984657,0.19311343332082753,False,,,15
frontier,September frozen top-5,R3,Opus | 8-agent homogeneous,label_ds_generous,return,never played before,"direct, own round-r myth held fixed",,127,5,-0.009017566093142625,-0.04439339112034968,0.026358258934064432,0.6173499375718439,,0.03717309924022542,0.7543444750968911,fitted,0.002013991643820066,0.811025184070697,0.011031557736962691,0.3808885594070702,False,,,15
frontier,September frozen top-5,R3,Opus | 8-agent mixed,label_ds_generous,return,never played before,"direct, own round-r myth held fixed",,44,5,-0.015269321162264815,-0.07691590040062235,0.04637725807609271,0.6273458099255931,,0.04357166422849438,1.1995858182259025,fitted,-0.006338115513084164,0.7192839884742175,0.008931205649180651,0.5540361544848451,False,,,5
frontier,September frozen top-5,R3,Sol,label_ds_generous,return,never played before,"direct, own round-r myth held fixed",,178,10,-0.009957041888868666,-0.025540426178299602,0.005626342400562269,0.2104518890479602,,0.04289657592179411,0.9665748668716678,fitted,-0.00310721474193888,0.5129037977080612,0.006849827146929786,0.1855032583280728,False,,,25
frontier,September frozen top-5,R3,Sol | 8-agent homogeneous,label_ds_generous,return,never played before,"direct, own round-r myth held fixed",,127,5,-0.03551212462276023,-0.07015985049242193,-0.0008643987530985303,0.04455181558503223,,0.0390403190017273,0.7642836254823538,fitted,-0.00788340894065114,0.16906865029273255,0.02762871568210909,0.07445803157438452,False,,,25
frontier,September frozen top-5,R3,Sol | 8-agent mixed,label_ds_generous,return,never played before,"direct, own round-r myth held fixed",,51,5,0.005498379039860708,-0.008640823693876335,0.01963758177359775,0.4459522708049781,,0.036485527616990775,1.2845245222047736,fitted,0.005135222439337425,0.45606984804910167,-0.0003631566005232833,0.9496998497113255,False,,,10
frontier,September frozen top-5,R3,pooled,label_ds_generous,return,author != current partner,total (shown - unseen),,632,20,-0.006390250786796359,-0.01194812277553518,-0.0008323787980575393,0.02422767622548111,,0.05327122870396575,0.991345305094742,fitted,0.0004790247877387247,0.7501954822057235,0.006869275574535084,0.0015348254616028866,False,,,25
frontier,September frozen top-5,R3,GeminiPro,label_ds_generous,return,author != current partner,total (shown - unseen),,197,10,-0.0013918657806565602,-0.009576947199016899,0.0067932156377037796,0.7389152935053138,,0.03690924454440081,1.0192880085688942,fitted,0.003097956038034883,0.2189769783360197,0.004489821818691443,0.3673750461799503,False,,,9
frontier,September frozen top-5,R3,GeminiPro | 8-agent homogeneous,label_ds_generous,return,author != current partner,total (shown - unseen),,160,5,0.006021038314773162,-0.005864024259571167,0.01790610088911749,0.32074476315051437,,0.03238555482658243,0.9811422849852939,fitted,-0.0008759453215656902,0.7607559534690741,-0.006896983636338852,0.4118244740451903,False,,,8
frontier,September frozen top-5,R3,GeminiPro | 8-agent mixed,label_ds_generous,return,author != current partner,total (shown - unseen),,37,5,0.0027637352155079472,-0.038024948357652265,0.04355241878866816,0.8943499196797609,,0.04593120227044656,1.175497446880344,fitted,0.0014184863363974909,0.9006012658343274,-0.0013452488791104566,0.9311661842933141,False,,,5
frontier,September frozen top-5,R3,Opus,label_ds_generous,return,author != current partner,total (shown - unseen),,217,10,-0.007719662521795098,-0.016533906744424707,0.0010945817008345118,0.08605790658390798,,0.03987160972347285,0.9421014547071005,fitted,-0.0017180410023362213,0.5084888599248043,0.0060016215194588765,0.0763490140050155,False,,,15
frontier,September frozen top-5,R3,Opus | 8-agent homogeneous,label_ds_generous,return,author != current partner,total (shown - unseen),,160,5,-0.017242084284566854,-0.033574070228513136,-0.000910098340620568,0.03852893720969534,,0.037838402459347026,0.764602486591242,fitted,-0.002458344022180592,0.5938198723670889,0.014783740262386262,0.10315146043827467,False,,,15
frontier,September frozen top-5,R3,Opus | 8-agent mixed,label_ds_generous,return,author != current partner,total (shown - unseen),,57,5,-0.004952578619505671,-0.01963468770814392,0.00972953046913258,0.5085248883141558,,0.037918830884252075,1.3065515984558729,fitted,-0.0008515703895309887,0.8822156721335902,0.004101008229974682,0.1230031210087069,False,,,5
frontier,September frozen top-5,R3,Sol,label_ds_generous,return,author != current partner,total (shown - unseen),,218,10,-0.008240195487856223,-0.019662675585725084,0.003182284610012638,0.15738505045560702,,0.043512683727699425,0.9964837400847246,fitted,-0.0006106207621670805,0.8495638539312972,0.007629574725689142,0.1096709714307361,False,,,25
frontier,September frozen top-5,R3,Sol | 8-agent homogeneous,label_ds_generous,return,author != current partner,total (shown - unseen),,160,5,-0.013509560783067955,-0.03842231444349085,0.011403192877354938,0.2878548535155062,,0.03939769468562748,0.7913842961309676,fitted,-0.003297702744537369,0.16079604164657346,0.010211858038530586,0.33811682366985096,False,,,25
frontier,September frozen top-5,R3,Sol | 8-agent mixed,label_ds_generous,return,author != current partner,total (shown - unseen),,58,5,0.00015451210655009588,-0.007720838139496771,0.008029862352596963,0.9693257631381336,,0.03694387503408534,1.3225922984930252,fitted,0.002212310925260792,0.5108285219195539,0.002057798818710696,0.4528043777593803,False,,,10
frontier,September frozen top-5,R3,pooled,label_ds_generous,return,author != current partner,"direct, own round-r myth held fixed",,632,20,-0.0065374482830256875,-0.012198446008236007,-0.0008764505578153668,0.023610379835261628,,0.05327122870396575,0.991345305094742,fitted,0.0003196800131131036,0.8436866236689874,0.006857128296138791,0.0016046070692871243,False,,,25
frontier,September frozen top-5,R3,GeminiPro,label_ds_generous,return,author != current partner,"direct, own round-r myth held fixed",,197,10,-0.0014375871920613765,-0.01028200673919477,0.007406832355072017,0.7500481134714749,,0.03690924454440081,1.0192880085688942,fitted,0.0030637015189354856,0.33005536466814533,0.004501288710996862,0.36304511110501037,False,,,9
frontier,September frozen top-5,R3,GeminiPro | 8-agent homogeneous,label_ds_generous,return,author != current partner,"direct, own round-r myth held fixed",,160,5,0.006136689908343051,-0.0056457593190039155,0.017919139135690015,0.3073424865740003,,0.03238555482658243,0.9811422849852939,fitted,-0.0006541210562925649,0.8698236535478906,-0.006790810964635616,0.44463086133080754,False,,,8
frontier,September frozen top-5,R3,GeminiPro | 8-agent mixed,label_ds_generous,return,author != current partner,"direct, own round-r myth held fixed",,37,5,-0.009695786947606224,-0.05329878530000576,0.0339072114047933,0.6629617658394195,,0.04593120227044656,1.175497446880344,fitted,-0.009204775975990473,0.39661668944622464,0.0004910109716157508,0.9702819303822381,False,,,5
frontier,September frozen top-5,R3,Opus,label_ds_generous,return,author != current partner,"direct, own round-r myth held fixed",,217,10,-0.007470202624020967,-0.016480251341548666,0.0015398460935067328,0.10416258403257248,,0.03987160972347285,0.9421014547071005,fitted,-0.0015350067394989686,0.5542708048358298,0.005935195884521999,0.08593680807962413,False,,,15
frontier,September frozen top-5,R3,Opus | 8-agent homogeneous,label_ds_generous,return,author != current partner,"direct, own round-r myth held fixed",,160,5,-0.016702551832803336,-0.032930374072611956,-0.0004747295929947194,0.04366412412609906,,0.037838402459347026,0.764602486591242,fitted,-0.0020377466022159785,0.6753627818659862,0.014664805230587358,0.1000126750298515,False,,,15
frontier,September frozen top-5,R3,Opus | 8-agent mixed,label_ds_generous,return,author != current partner,"direct, own round-r myth held fixed",,57,5,-0.005056348268883909,-0.02012762659849928,0.010014930060731463,0.5108213003143985,,0.037918830884252075,1.3065515984558729,fitted,-0.0008639289263345691,0.8826499610424342,0.00419241934254934,0.1324367960862002,False,,,5
frontier,September frozen top-5,R3,Sol,label_ds_generous,return,author != current partner,"direct, own round-r myth held fixed",,218,10,-0.008288491133758463,-0.01967372776339877,0.0030967454958818422,0.15362011649512075,,0.043512683727699425,0.9964837400847246,fitted,-0.000750060165027997,0.8224577344756534,0.007538430968730465,0.12504977697467726,False,,,25
frontier,September frozen top-5,R3,Sol | 8-agent homogeneous,label_ds_generous,return,author != current partner,"direct, own round-r myth held fixed",,160,5,-0.01356775145492959,-0.03914438888815204,0.01200888597829286,0.2984743171444779,,0.03939769468562748,0.7913842961309676,fitted,-0.0033150129067424025,0.1742404387121631,0.010252738548187187,0.3475721999313688,False,,,25
frontier,September frozen top-5,R3,Sol | 8-agent mixed,label_ds_generous,return,author != current partner,"direct, own round-r myth held fixed",,58,5,0.0001796085662792643,-0.007041158108123419,0.007400375240681947,0.9611169898120099,,0.03694387503408534,1.3225922984930252,fitted,0.0022450770601116516,0.5374262416792777,0.0020654684938323873,0.49255005961212805,False,,,10
frontier,September frozen top-5,R3,pooled,lex_generosity,return,never played before,total (shown - unseen),,504,20,0.0029610843926226524,-0.00620811376248267,0.012130282547727975,0.5267680902157224,0.5722861430715358,0.05328677600728194,1.094281813336006,fitted,-0.00034099210615145745,0.8517914852461894,-0.00330207649877411,0.4466951013335624,True,1.0,1.0,25
frontier,September frozen top-5,R3,GeminiPro,lex_generosity,return,never played before,total (shown - unseen),,154,10,0.0013625035006944854,-0.013771196616879146,0.016496203618268118,0.8599343841848004,0.8109054527263632,0.035593228704671166,1.18835594571579,fitted,0.0011436967914273612,0.5993210658881403,-0.00021880670926712416,0.9791284190109418,True,1.0,1.0,9
frontier,September frozen top-5,R3,GeminiPro | 8-agent homogeneous,lex_generosity,return,never played before,total (shown - unseen),,127,5,-0.004671955731729621,-0.01508550922703586,0.005741597763576619,0.3792267999355211,0.31465732866433216,0.0335871840450779,1.1381069194800753,fitted,0.002261902575371507,0.47948522233880464,0.006933858307101128,0.2832337584247955,True,1.0,1.0,8
frontier,September frozen top-5,R3,GeminiPro | 8-agent mixed,lex_generosity,return,never played before,total (shown - unseen),,27,5,0.06911454813457153,,,,0.24262131065532766,0.04167644329745434,1.4154462050592003,fitted,-0.011391874378384643,,-0.08050642251295617,,True,,1.0,5
frontier,September frozen top-5,R3,Opus,lex_generosity,return,never played before,total (shown - unseen),,171,10,-0.006962604446348624,-0.021051359840289594,0.007126150947592348,0.3327417750612406,0.26863431715857927,0.040496501441035795,1.0100046253017496,fitted,0.00033260251919298373,0.9394184845463452,0.007295206965541608,0.19274577987028108,True,1.0,1.0,15
frontier,September frozen top-5,R3,Opus | 8-agent homogeneous,lex_generosity,return,never played before,total (shown - unseen),,127,5,-0.014502923216164709,-0.05132277167128599,0.022316925238956568,0.44010985646972867,0.3936968484242121,0.03717309924022542,0.9883034621425845,fitted,0.0036915161325187995,0.5690153439893016,0.01819443934868351,0.3367302800709142,True,1.0,1.0,15
frontier,September frozen top-5,R3,Opus | 8-agent mixed,lex_generosity,return,never played before,total (shown - unseen),,44,5,-0.00590633717910076,-0.018677483757750232,0.006864809399548711,0.36470590709457074,0.054527263631815905,0.04357166422849438,1.0724869981379135,fitted,-0.0032101216502532504,0.5065879713111492,0.0026962155288475093,0.5751800009374792,True,1.0,0.2726363181590795,5
frontier,September frozen top-5,R3,Sol,lex_generosity,return,never played before,total (shown - unseen),,179,10,0.005896313432102044,-0.01184239583046738,0.023635022694671465,0.5147313117707368,0.5202601300650325,0.04281317278484323,1.0921236203555154,fitted,-0.0014900314833333726,0.7416087235958252,-0.007386344915435416,0.38715797335089086,True,1.0,1.0,25
frontier,September frozen top-5,R3,Sol | 8-agent homogeneous,lex_generosity,return,never played before,total (shown - unseen),,127,5,-0.004131741192423962,-0.027246816890264244,0.018983334505416324,0.726085876673935,0.6763381690845423,0.0390403190017273,1.0680613367330596,fitted,-0.003887624843967882,0.34652599480360524,0.00024411634845607991,0.9858731224607672,True,1.0,1.0,25
frontier,September frozen top-5,R3,Sol | 8-agent mixed,lex_generosity,return,never played before,total (shown - unseen),,52,5,0.0019988668401862498,-0.017486023600727423,0.02148375728109992,0.8406486511453015,0.7308654327163582,0.03613816289597785,1.1495590658273107,fitted,-0.004271628558769804,0.3620571916653945,-0.006270495398956054,0.3957987296734099,True,1.0,1.0,10
frontier,September frozen top-5,R3,pooled,lex_generosity,return,never played before,"direct, own round-r myth held fixed",,504,20,0.0029623669352872237,-0.006209739565385753,0.0121344734359602,0.5267201806058459,,0.05328677600728194,1.094281813336006,fitted,-0.00032579833889096604,0.853475788973802,-0.0032881652741781897,0.46262893781781733,False,,,25
frontier,September frozen top-5,R3,GeminiPro,lex_generosity,return,never played before,"direct, own round-r myth held fixed",,154,10,0.0013877585526510835,-0.014184401745202906,0.016959918850505074,0.8613405797148599,,0.035593228704671166,1.18835594571579,fitted,0.0010797132535525496,0.6149746668550328,-0.0003080452990985339,0.9732359241723959,False,,,9
frontier,September frozen top-5,R3,GeminiPro | 8-agent homogeneous,lex_generosity,return,never played before,"direct, own round-r myth held fixed",,127,5,-0.005624235512801937,-0.019325723102116447,0.00807725207651257,0.4210892133363754,,0.0335871840450779,1.1381069194800753,fitted,0.0025234791070460104,0.3676034777164434,0.008147714619847948,0.27093778615182396,False,,,8
frontier,September frozen top-5,R3,GeminiPro | 8-agent mixed,lex_generosity,return,never played before,"direct, own round-r myth held fixed",,27,5,0.06741630096295247,,,,,0.04167644329745434,1.4154462050592003,fitted,-0.025526818343828694,,-0.09294311930678116,,False,,,5
frontier,September frozen top-5,R3,Opus,lex_generosity,return,never played before,"direct, own round-r myth held fixed",,171,10,-0.006972909336595923,-0.021241803479206123,0.0072959848060142754,0.33816699981943155,,0.040496501441035795,1.0100046253017496,fitted,0.00031333723026038716,0.9443535928658403,0.007286246566856311,0.19186495483438393,False,,,15
frontier,September frozen top-5,R3,Opus | 8-agent homogeneous,lex_generosity,return,never played before,"direct, own round-r myth held fixed",,127,5,-0.014428298583261084,-0.05161971468883593,0.02276311752231376,0.44703813383545477,,0.03717309924022542,0.9883034621425845,fitted,0.0036562336534270916,0.5883880402279054,0.018084532236688176,0.3440717211756317,False,,,15
frontier,September frozen top-5,R3,Opus | 8-agent mixed,lex_generosity,return,never played before,"direct, own round-r myth held fixed",,44,5,-0.006203672809104846,-0.02202181956172043,0.009614473943510737,0.4420877215416439,,0.04357166422849438,1.0724869981379135,fitted,-0.0030935149898641823,0.5972228649231505,0.0031101578192406637,0.5060225541155592,False,,,5
frontier,September frozen top-5,R3,Sol,lex_generosity,return,never played before,"direct, own round-r myth held fixed",,179,10,0.0058295466868768945,-0.0123664785589486,0.024025571932702387,0.5300544265925766,,0.04281317278484323,1.0921236203555154,fitted,-0.0015289998630589304,0.7476345656905208,-0.007358546549935825,0.3950069055430221,False,,,25
frontier,September frozen top-5,R3,Sol | 8-agent homogeneous,lex_generosity,return,never played before,"direct, own round-r myth held fixed",,127,5,-0.004304793255360866,-0.0280482153314602,0.01943862882073847,0.7223269378582027,,0.0390403190017273,1.0680613367330596,fitted,-0.0038870279591745518,0.3574932218978395,0.00041776529618631344,0.9754358524326034,False,,,25
frontier,September frozen top-5,R3,Sol | 8-agent mixed,lex_generosity,return,never played before,"direct, own round-r myth held fixed",,52,5,0.0004887466756811872,-0.02479727717316739,0.025774770524529762,0.9697804804904677,,0.03613816289597785,1.1495590658273107,fitted,-0.0047279281741666075,0.41372788955065587,-0.005216674849847795,0.5736748794314465,False,,,10
frontier,September frozen top-5,R3,pooled,lex_generosity,return,author != current partner,total (shown - unseen),,633,20,-0.0013349545489901049,-0.008854871574204363,0.006184962476224153,0.7278869513138324,,0.053230288369057584,1.0490177265187584,fitted,-0.0014169639383010914,0.29743969897493117,-8.200938931098646e-05,0.9825644217901195,False,,,25
frontier,September frozen top-5,R3,GeminiPro,lex_generosity,return,author != current partner,total (shown - unseen),,197,10,-0.004076319705668781,-0.013842371265835273,0.005689731854497711,0.4133098505838103,,0.03690924454440081,1.1395129147219982,fitted,-0.00029823528307842576,0.7931328219880686,0.0037780844225903556,0.40324791086809963,False,,,9
frontier,September frozen top-5,R3,GeminiPro | 8-agent homogeneous,lex_generosity,return,author != current partner,total (shown - unseen),,160,5,-0.008958954628703261,-0.015277415641858914,-0.0026404936155476084,0.005452054112884101,,0.03238555482658243,1.11451844581301,fitted,-8.548939990524196e-05,0.9519585854849948,0.00887346522879802,0.006751425059935975,False,,,8
frontier,September frozen top-5,R3,GeminiPro | 8-agent mixed,lex_generosity,return,author != current partner,total (shown - unseen),,37,5,0.01957523134949725,-0.01896762539704734,0.05811808809604184,0.31952676332898766,,0.04593120227044656,1.2583140855000112,fitted,0.011353994252523012,0.42235600764582415,-0.008221237096974235,0.791639867042781,False,,,5
frontier,September frozen top-5,R3,Opus,lex_generosity,return,author != current partner,total (shown - unseen),,217,10,-0.005838524292468471,-0.01636357208987946,0.00468652350494252,0.2769288948282085,,0.03987160972347285,0.9142544470387072,fitted,-0.0025966187204062964,0.479352817439868,0.0032419055720621743,0.38708111691830105,False,,,15
frontier,September frozen top-5,R3,Opus | 8-agent homogeneous,lex_generosity,return,author != current partner,total (shown - unseen),,160,5,-0.014211610040630453,-0.03983738252209029,0.011414162440829389,0.27705355324858505,,0.037838402459347026,0.9288142451357988,fitted,-0.0033432456934271056,0.4954017099354764,0.010868364347203348,0.27971578150577725,False,,,15
frontier,September frozen top-5,R3,Opus | 8-agent mixed,lex_generosity,return,author != current partner,total (shown - unseen),,57,5,-0.011888102154468123,-0.026359682523245588,0.0025834782143093413,0.1073826559928397,,0.037918830884252075,0.8727253084633054,fitted,-0.005049771874766013,0.416790740980734,0.00683833027970211,0.22729184998103213,False,,,5
frontier,September frozen top-5,R3,Sol,lex_generosity,return,author != current partner,total (shown - unseen),,219,10,-0.0002409879185939364,-0.015533838386204398,0.015051862549016524,0.9753608376674211,,0.043436043085241696,1.0871999988104604,fitted,-0.0014680358760610682,0.5629224489198446,-0.0012270479574671318,0.8867311868080879,False,,,25
frontier,September frozen top-5,R3,Sol | 8-agent homogeneous,lex_generosity,return,author != current partner,total (shown - unseen),,160,5,-0.016453103903814777,-0.04108514893835523,0.008178941130725672,0.19047736738086274,,0.03939769468562748,1.0522202492755477,fitted,-0.00408997056105318,0.0020115635834612486,0.012363133342761595,0.29070216389166403,False,,,25
frontier,September frozen top-5,R3,Sol | 8-agent mixed,lex_generosity,return,author != current partner,total (shown - unseen),,59,5,0.0088041913663401,-0.005911187159901044,0.023519569892581242,0.24093866087210725,,0.03665731421734192,1.1788420007106213,fitted,-0.00036185019458926694,0.9321873477189208,-0.009166041560929367,0.15240673405921523,False,,,10
frontier,September frozen top-5,R3,pooled,lex_generosity,return,author != current partner,"direct, own round-r myth held fixed",,633,20,-0.0011728799126106528,-0.008636437689255039,0.006290677864033734,0.7580796212696037,,0.053230288369057584,1.0490177265187584,fitted,-0.0013051772629661977,0.3641719586333988,-0.00013229735035554478,0.971895947564473,False,,,25
frontier,September frozen top-5,R3,GeminiPro,lex_generosity,return,author != current partner,"direct, own round-r myth held fixed",,197,10,-0.003809100073385846,-0.013412460979535062,0.0057942608327633685,0.4369199757138945,,0.03690924454440081,1.1395129147219982,fitted,-8.482530650349305e-05,0.9504540687901284,0.0037242747668823533,0.41760300492064495,False,,,9
frontier,September frozen top-5,R3,GeminiPro | 8-agent homogeneous,lex_generosity,return,author != current partner,"direct, own round-r myth held fixed",,160,5,-0.008824532276332467,-0.015779051493567287,-0.0018700130590976454,0.012883184800010083,,0.03238555482658243,1.11451844581301,fitted,0.00019043884389396276,0.8591761439065493,0.00901497112022643,0.005281965533376489,False,,,8
frontier,September frozen top-5,R3,GeminiPro | 8-agent mixed,lex_generosity,return,author != current partner,"direct, own round-r myth held fixed",,37,5,0.02135969557416175,-0.030566009009723755,0.07328540015804726,0.42010832042944535,,0.04593120227044656,1.2583140855000112,fitted,0.012917731170690505,0.3913775388491668,-0.008441964403471247,0.800356942992312,False,,,5
frontier,September frozen top-5,R3,Opus,lex_generosity,return,author != current partner,"direct, own round-r myth held fixed",,217,10,-0.005788569046148542,-0.0166236613170028,0.0050465232247057165,0.2950550879450353,,0.03987160972347285,0.9142544470387072,fitted,-0.002541077176147164,0.5073262934068743,0.0032474918700013777,0.3921348826704857,False,,,15
frontier,September frozen top-5,R3,Opus | 8-agent homogeneous,lex_generosity,return,author != current partner,"direct, own round-r myth held fixed",,160,5,-0.014311610450617181,-0.0395660125106608,0.01094279160942644,0.2666944899710044,,0.037838402459347026,0.9288142451357988,fitted,-0.0033225745718549714,0.4927194385935514,0.01098903587876221,0.2735047588198367,False,,,15
frontier,September frozen top-5,R3,Opus | 8-agent mixed,lex_generosity,return,author != current partner,"direct, own round-r myth held fixed",,57,5,-0.011912253830053659,-0.026563686187691775,0.0027391785275844554,0.11103994435077232,,0.037918830884252075,0.8727253084633054,fitted,-0.005088039151828196,0.4270663149183864,0.006824214678225462,0.24094902215849479,False,,,5
frontier,September frozen top-5,R3,Sol,lex_generosity,return,author != current partner,"direct, own round-r myth held fixed",,219,10,6.397067733829353e-05,-0.015061043151480099,0.015188984506156685,0.9933859366947622,,0.043436043085241696,1.0871999988104604,fitted,-0.0014443725299808064,0.5603972006437432,-0.0015083432073191,0.8598163838936538,False,,,25
frontier,September frozen top-5,R3,Sol | 8-agent homogeneous,lex_generosity,return,author != current partner,"direct, own round-r myth held fixed",,160,5,-0.016466348837951186,-0.04187140538312893,0.008938707707226556,0.20395806377363745,,0.03939769468562748,1.0522202492755477,fitted,-0.004093859258454374,0.0032970526248775373,0.012372489579496812,0.3022818095613672,False,,,25
frontier,September frozen top-5,R3,Sol | 8-agent mixed,lex_generosity,return,author != current partner,"direct, own round-r myth held fixed",,59,5,0.008136570558216798,-0.009577610033087835,0.02585075114952143,0.3679813909766606,,0.03665731421734192,1.1788420007106213,fitted,-0.00046808977380502666,0.9156303063140199,-0.008604660332021825,0.23114210115350398,False,,,10
frontier,September frozen top-5,R3,pooled,lex_multiplier,dsend,never played before,total (shown - unseen),"GeminiPro,Opus",144,10,0.0029337740923591374,-0.008554958219982645,0.01442250640470092,0.6167242180447506,0.5692846423211606,0.09207105124347433,0.982151662878708,fitted,0.0020661871929986524,0.40935150292818734,-0.000867586899360485,0.8569943712564314,True,1.0,1.0,25
frontier,September frozen top-5,R3,GeminiPro,lex_multiplier,dsend,never played before,total (shown - unseen),,128,10,,,,,,,,not estimable: ceiling,,,,,False,,,9
frontier,September frozen top-5,R3,GeminiPro | 8-agent homogeneous,lex_multiplier,dsend,never played before,total (shown - unseen),,105,5,,,,,,,,not estimable: ceiling,,,,,False,,,8
frontier,September frozen top-5,R3,GeminiPro | 8-agent mixed,lex_multiplier,dsend,never played before,total (shown - unseen),,23,5,,,,,,,,not estimable: ceiling,,,,,False,,,5
frontier,September frozen top-5,R3,Opus,lex_multiplier,dsend,never played before,total (shown - unseen),,144,10,,,,,,,,not estimable: ceiling,,,,,False,,,15
frontier,September frozen top-5,R3,Opus | 8-agent homogeneous,lex_multiplier,dsend,never played before,total (shown - unseen),,105,5,,,,,,,,not estimable: ceiling,,,,,False,,,15
frontier,September frozen top-5,R3,Opus | 8-agent mixed,lex_multiplier,dsend,never played before,total (shown - unseen),,39,5,,,,,,,,not estimable: ceiling,,,,,False,,,5
frontier,September frozen top-5,R3,Sol,lex_multiplier,dsend,never played before,total (shown - unseen),,144,10,0.0029337740923591374,-0.008554958219982645,0.01442250640470092,0.6167242180447506,0.567783891945973,0.09207105124347433,0.982151662878708,fitted,0.0020661871929986524,0.40935150292818734,-0.000867586899360485,0.8569943712564314,True,1.0,1.0,25
frontier,September frozen top-5,R3,Sol | 8-agent homogeneous,lex_multiplier,dsend,never played before,total (shown - unseen),,105,5,0.01659205337832795,-0.006109600034937528,0.03929370679159343,0.15200444985395659,0.08854427213606804,0.09279936212992851,0.9868163821577756,fitted,0.004375530638494667,0.17633631810490558,-0.012216522739833285,0.16164133074513287,True,1.0,1.0,25
frontier,September frozen top-5,R3,Sol | 8-agent mixed,lex_multiplier,dsend,never played before,total (shown - unseen),,39,5,-1.2070303116688758e-16,-4.3045634050808467e-16,1.8905027817430954e-16,0.44501719285149144,0.46923461730865434,0.08938234601238358,0.9821675875920571,fitted,-7.078413418465288e-17,0.6439089327988923,4.9918896982234695e-17,0.616776597913389,True,1.0,1.0,10
frontier,September frozen top-5,R3,pooled,lex_multiplier,dsend,never played before,"direct, own round-r myth held fixed","GeminiPro,Opus",144,10,0.004014807223836718,-0.00773434869816375,0.015763963145837185,0.5030236631786499,,0.09207105124347433,0.982151662878708,fitted,0.001820065899483639,0.42992243608325065,-0.0021947413243530787,0.6241136914399729,False,,,25
frontier,September frozen top-5,R3,GeminiPro,lex_multiplier,dsend,never played before,"direct, own round-r myth held fixed",,128,10,,,,,,,,not estimable: ceiling,,,,,False,,,9
frontier,September frozen top-5,R3,GeminiPro | 8-agent homogeneous,lex_multiplier,dsend,never played before,"direct, own round-r myth held fixed",,105,5,,,,,,,,not estimable: ceiling,,,,,False,,,8
frontier,September frozen top-5,R3,GeminiPro | 8-agent mixed,lex_multiplier,dsend,never played before,"direct, own round-r myth held fixed",,23,5,,,,,,,,not estimable: ceiling,,,,,False,,,5
frontier,September frozen top-5,R3,Opus,lex_multiplier,dsend,never played before,"direct, own round-r myth held fixed",,144,10,,,,,,,,not estimable: ceiling,,,,,False,,,15
frontier,September frozen top-5,R3,Opus | 8-agent homogeneous,lex_multiplier,dsend,never played before,"direct, own round-r myth held fixed",,105,5,,,,,,,,not estimable: ceiling,,,,,False,,,15
frontier,September frozen top-5,R3,Opus | 8-agent mixed,lex_multiplier,dsend,never played before,"direct, own round-r myth held fixed",,39,5,,,,,,,,not estimable: ceiling,,,,,False,,,5
frontier,September frozen top-5,R3,Sol,lex_multiplier,dsend,never played before,"direct, own round-r myth held fixed",,144,10,0.004014807223836718,-0.00773434869816375,0.015763963145837185,0.5030236631786499,,0.09207105124347433,0.982151662878708,fitted,0.001820065899483639,0.42992243608325065,-0.0021947413243530787,0.6241136914399729,False,,,25
frontier,September frozen top-5,R3,Sol | 8-agent homogeneous,lex_multiplier,dsend,never played before,"direct, own round-r myth held fixed",,105,5,0.017345317063368556,-0.007434586034508889,0.042125220161246,0.17008643271672497,,0.09279936212992851,0.9868163821577756,fitted,0.003990522916246923,0.14355497062629724,-0.013354794147121632,0.18846017502423806,False,,,25
frontier,September frozen top-5,R3,Sol | 8-agent mixed,lex_multiplier,dsend,never played before,"direct, own round-r myth held fixed",,39,5,1.20747044236045e-16,-6.057735968007499e-16,8.472676852728399e-16,0.7446179279540668,,0.08938234601238358,0.9821675875920571,fitted,1.59631624984905e-16,0.7286233592312885,3.8884580748860016e-17,0.929170527796663,False,,,10
frontier,September frozen top-5,R3,pooled,lex_multiplier,dsend,author != current partner,total (shown - unseen),"GeminiPro,Opus",195,10,0.0008714266346198848,-0.006241569468483275,0.007984422737723046,0.8102380806133422,,0.07949417141146543,0.9237381763302086,fitted,0.0017473653915570497,0.24466981244371944,0.0008759387569371649,0.7875744448743924,False,,,25
frontier,September frozen top-5,R3,GeminiPro,lex_multiplier,dsend,author != current partner,total (shown - unseen),,171,10,,,,,,,,not estimable: ceiling,,,,,False,,,9
frontier,September frozen top-5,R3,GeminiPro | 8-agent homogeneous,lex_multiplier,dsend,author != current partner,total (shown - unseen),,141,5,,,,,,,,not estimable: ceiling,,,,,False,,,8
frontier,September frozen top-5,R3,GeminiPro | 8-agent mixed,lex_multiplier,dsend,author != current partner,total (shown - unseen),,30,5,,,,,,,,not estimable: ceiling,,,,,False,,,5
frontier,September frozen top-5,R3,Opus,lex_multiplier,dsend,author != current partner,total (shown - unseen),,193,10,,,,,,,,not estimable: ceiling,,,,,False,,,15
frontier,September frozen top-5,R3,Opus | 8-agent homogeneous,lex_multiplier,dsend,author != current partner,total (shown - unseen),,141,5,,,,,,,,not estimable: ceiling,,,,,False,,,15
frontier,September frozen top-5,R3,Opus | 8-agent mixed,lex_multiplier,dsend,author != current partner,total (shown - unseen),,52,5,,,,,,,,not estimable: ceiling,,,,,False,,,5
frontier,September frozen top-5,R3,Sol,lex_multiplier,dsend,author != current partner,total (shown - unseen),,195,10,0.0008714266346198848,-0.006241569468483275,0.007984422737723046,0.8102380806133422,,0.07949417141146543,0.9237381763302086,fitted,0.0017473653915570497,0.24466981244371944,0.0008759387569371649,0.7875744448743924,False,,,25
frontier,September frozen top-5,R3,Sol | 8-agent homogeneous,lex_multiplier,dsend,author != current partner,total (shown - unseen),,141,5,0.0074208520229534815,-0.008959572877907818,0.02380127692381478,0.3745806388048033,,0.08046219070929277,0.9367708015601889,fitted,0.003588683850716588,0.1084511367167309,-0.0038321681722368935,0.6223213985633997,False,,,25
frontier,September frozen top-5,R3,Sol | 8-agent mixed,lex_multiplier,dsend,author != current partner,total (shown - unseen),,54,5,4.649058915617843e-16,-4.780110047541727e-16,1.4078227878777413e-15,0.33386320666273206,,0.07625035083719452,0.8921008761570334,fitted,2.1163626406917047e-16,0.42283344984634175,-2.5326962749261384e-16,0.3671466262079772,False,,,10
frontier,September frozen top-5,R3,pooled,lex_multiplier,dsend,author != current partner,"direct, own round-r myth held fixed","GeminiPro,Opus",195,10,0.0013840984828763035,-0.005713177228829173,0.008481374194581781,0.7022916615165746,,0.07949417141146543,0.9237381763302086,fitted,0.0018287713540188592,0.2892455765459323,0.0004446728711425557,0.8847819152961168,False,,,25
frontier,September frozen top-5,R3,GeminiPro,lex_multiplier,dsend,author != current partner,"direct, own round-r myth held fixed",,171,10,,,,,,,,not estimable: ceiling,,,,,False,,,9
frontier,September frozen top-5,R3,GeminiPro | 8-agent homogeneous,lex_multiplier,dsend,author != current partner,"direct, own round-r myth held fixed",,141,5,,,,,,,,not estimable: ceiling,,,,,False,,,8
frontier,September frozen top-5,R3,GeminiPro | 8-agent mixed,lex_multiplier,dsend,author != current partner,"direct, own round-r myth held fixed",,30,5,,,,,,,,not estimable: ceiling,,,,,False,,,5
frontier,September frozen top-5,R3,Opus,lex_multiplier,dsend,author != current partner,"direct, own round-r myth held fixed",,193,10,,,,,,,,not estimable: ceiling,,,,,False,,,15
frontier,September frozen top-5,R3,Opus | 8-agent homogeneous,lex_multiplier,dsend,author != current partner,"direct, own round-r myth held fixed",,141,5,,,,,,,,not estimable: ceiling,,,,,False,,,15
frontier,September frozen top-5,R3,Opus | 8-agent mixed,lex_multiplier,dsend,author != current partner,"direct, own round-r myth held fixed",,52,5,,,,,,,,not estimable: ceiling,,,,,False,,,5
frontier,September frozen top-5,R3,Sol,lex_multiplier,dsend,author != current partner,"direct, own round-r myth held fixed",,195,10,0.0013840984828763035,-0.005713177228829173,0.008481374194581781,0.7022916615165746,,0.07949417141146543,0.9237381763302086,fitted,0.0018287713540188592,0.2892455765459323,0.0004446728711425557,0.8847819152961168,False,,,25
frontier,September frozen top-5,R3,Sol | 8-agent homogeneous,lex_multiplier,dsend,author != current partner,"direct, own round-r myth held fixed",,141,5,0.007821928683318165,-0.008565389965034073,0.024209247331670403,0.34951930722559255,,0.08046219070929277,0.9367708015601889,fitted,0.003623431929392385,0.14736387207600188,-0.004198496753925779,0.5858131204840198,False,,,25
frontier,September frozen top-5,R3,Sol | 8-agent mixed,lex_multiplier,dsend,author != current partner,"direct, own round-r myth held fixed",,54,5,3.3480163086352377e-16,-2.0935836585241205e-16,8.789616275794596e-16,0.22785846122904063,,0.07625035083719452,0.8921008761570334,fitted,7.28583859910259e-17,0.2548421927556923,-2.6194324487249787e-16,0.30277049040018245,False,,,10
frontier,September frozen top-5,R3,pooled,lex_caution,dsend,never played before,total (shown - unseen),"GeminiPro,Opus",144,10,-0.0023217662582181746,-0.0058883823876353485,0.001244849871198999,0.20199753961952416,0.11105552776388194,0.09207105124347433,1.2356435685483915,fitted,-0.00036715218154526573,0.8021468231601503,0.001954614076672909,0.292157670477022,True,1.0,1.0,25
frontier,September frozen top-5,R3,GeminiPro,lex_caution,dsend,never played before,total (shown - unseen),,128,10,,,,,,,,not estimable: ceiling,,,,,False,,,9
frontier,September frozen top-5,R3,GeminiPro | 8-agent homogeneous,lex_caution,dsend,never played before,total (shown - unseen),,105,5,,,,,,,,not estimable: ceiling,,,,,False,,,8
frontier,September frozen top-5,R3,GeminiPro | 8-agent mixed,lex_caution,dsend,never played before,total (shown - unseen),,23,5,,,,,,,,not estimable: ceiling,,,,,False,,,5
frontier,September frozen top-5,R3,Opus,lex_caution,dsend,never played before,total (shown - unseen),,144,10,,,,,,,,not estimable: ceiling,,,,,False,,,15
frontier,September frozen top-5,R3,Opus | 8-agent homogeneous,lex_caution,dsend,never played before,total (shown - unseen),,105,5,,,,,,,,not estimable: ceiling,,,,,False,,,15
frontier,September frozen top-5,R3,Opus | 8-agent mixed,lex_caution,dsend,never played before,total (shown - unseen),,39,5,,,,,,,,not estimable: ceiling,,,,,False,,,5
frontier,September frozen top-5,R3,Sol,lex_caution,dsend,never played before,total (shown - unseen),,144,10,-0.0023217662582181746,-0.0058883823876353485,0.001244849871198999,0.20199753961952416,0.10055027513756878,0.09207105124347433,1.2356435685483915,fitted,-0.00036715218154526573,0.8021468231601503,0.001954614076672909,0.292157670477022,True,1.0,1.0,25
frontier,September frozen top-5,R3,Sol | 8-agent homogeneous,lex_caution,dsend,never played before,total (shown - unseen),,105,5,-0.00741989604614773,-0.016536279583651003,0.0016964874913555413,0.1106607999718631,0.061530765382691345,0.09279936212992851,1.0975949527746593,fitted,0.001755639570340646,0.3620882921099393,0.009175535616488376,0.04177264047373918,True,1.0,1.0,25
frontier,September frozen top-5,R3,Sol | 8-agent mixed,lex_caution,dsend,never played before,total (shown - unseen),,39,5,-7.635847559124494e-17,-5.718644055623428e-16,4.1914745437985296e-16,0.762625799677109,0.5337668834417209,0.08938234601238358,1.5622379351821352,fitted,2.5951228791533257e-17,0.8942467547368161,1.023097043827782e-16,0.603479747207976,True,1.0,1.0,10
frontier,September frozen top-5,R3,pooled,lex_caution,dsend,never played before,"direct, own round-r myth held fixed","GeminiPro,Opus",144,10,-0.0024176796107122376,-0.006422738202675352,0.001587378981250877,0.23675169446376942,,0.09207105124347433,1.2356435685483915,fitted,-0.0003241210280995393,0.8328969764594213,0.0020935585826126982,0.3388947393398384,False,,,25
frontier,September frozen top-5,R3,GeminiPro,lex_caution,dsend,never played before,"direct, own round-r myth held fixed",,128,10,,,,,,,,not estimable: ceiling,,,,,False,,,9
frontier,September frozen top-5,R3,GeminiPro | 8-agent homogeneous,lex_caution,dsend,never played before,"direct, own round-r myth held fixed",,105,5,,,,,,,,not estimable: ceiling,,,,,False,,,8
frontier,September frozen top-5,R3,GeminiPro | 8-agent mixed,lex_caution,dsend,never played before,"direct, own round-r myth held fixed",,23,5,,,,,,,,not estimable: ceiling,,,,,False,,,5
frontier,September frozen top-5,R3,Opus,lex_caution,dsend,never played before,"direct, own round-r myth held fixed",,144,10,,,,,,,,not estimable: ceiling,,,,,False,,,15
frontier,September frozen top-5,R3,Opus | 8-agent homogeneous,lex_caution,dsend,never played before,"direct, own round-r myth held fixed",,105,5,,,,,,,,not estimable: ceiling,,,,,False,,,15
frontier,September frozen top-5,R3,Opus | 8-agent mixed,lex_caution,dsend,never played before,"direct, own round-r myth held fixed",,39,5,,,,,,,,not estimable: ceiling,,,,,False,,,5
frontier,September frozen top-5,R3,Sol,lex_caution,dsend,never played before,"direct, own round-r myth held fixed",,144,10,-0.0024176796107122376,-0.006422738202675352,0.001587378981250877,0.23675169446376942,,0.09207105124347433,1.2356435685483915,fitted,-0.0003241210280995393,0.8328969764594213,0.0020935585826126982,0.3388947393398384,False,,,25
frontier,September frozen top-5,R3,Sol | 8-agent homogeneous,lex_caution,dsend,never played before,"direct, own round-r myth held fixed",,105,5,-0.00813184061999596,-0.01786292886501717,0.0015992476250252501,0.1014518763462417,,0.09279936212992851,1.0975949527746593,fitted,0.002223372204897918,0.3172789984672537,0.010355212824893878,0.052495315967799966,False,,,25
frontier,September frozen top-5,R3,Sol | 8-agent mixed,lex_caution,dsend,never played before,"direct, own round-r myth held fixed",,39,5,3.682247273645428e-16,-7.493635341470632e-16,1.4858129888761488e-15,0.518427025629665,,0.08938234601238358,1.5622379351821352,fitted,3.274968392666678e-17,0.9123074836441527,-3.3547504343787603e-16,0.47393410895779986,False,,,10
frontier,September frozen top-5,R3,pooled,lex_caution,dsend,author != current partner,total (shown - unseen),"GeminiPro,Opus",195,10,-0.00019521744425559154,-0.003188780955420924,0.0027983460669097405,0.8982962146161808,,0.07949417141146543,1.1274734332276983,fitted,-0.0009697711095041585,0.40402791295386253,-0.0007745536652485669,0.7445351179641875,False,,,25
frontier,September frozen top-5,R3,GeminiPro,lex_caution,dsend,author != current partner,total (shown - unseen),,171,10,,,,,,,,not estimable: ceiling,,,,,False,,,9
frontier,September frozen top-5,R3,GeminiPro | 8-agent homogeneous,lex_caution,dsend,author != current partner,total (shown - unseen),,141,5,,,,,,,,not estimable: ceiling,,,,,False,,,8
frontier,September frozen top-5,R3,GeminiPro | 8-agent mixed,lex_caution,dsend,author != current partner,total (shown - unseen),,30,5,,,,,,,,not estimable: ceiling,,,,,False,,,5
frontier,September frozen top-5,R3,Opus,lex_caution,dsend,author != current partner,total (shown - unseen),,193,10,,,,,,,,not estimable: ceiling,,,,,False,,,15
frontier,September frozen top-5,R3,Opus | 8-agent homogeneous,lex_caution,dsend,author != current partner,total (shown - unseen),,141,5,,,,,,,,not estimable: ceiling,,,,,False,,,15
frontier,September frozen top-5,R3,Opus | 8-agent mixed,lex_caution,dsend,author != current partner,total (shown - unseen),,52,5,,,,,,,,not estimable: ceiling,,,,,False,,,5
frontier,September frozen top-5,R3,Sol,lex_caution,dsend,author != current partner,total (shown - unseen),,195,10,-0.00019521744425559154,-0.003188780955420924,0.0027983460669097405,0.8982962146161808,,0.07949417141146543,1.1274734332276983,fitted,-0.0009697711095041585,0.40402791295386253,-0.0007745536652485669,0.7445351179641875,False,,,25
frontier,September frozen top-5,R3,Sol | 8-agent homogeneous,lex_caution,dsend,author != current partner,total (shown - unseen),,141,5,-0.0018463611563283608,-0.009729391816231886,0.006036669503575164,0.6461895028441346,,0.08046219070929277,1.0608850750049148,fitted,0.0005046108270075332,0.5015677678909769,0.002350971983335894,0.5886321461684694,False,,,25
frontier,September frozen top-5,R3,Sol | 8-agent mixed,lex_caution,dsend,author != current partner,total (shown - unseen),,54,5,3.469446951953614e-18,-4.0354241806028166e-16,4.104813119641889e-16,0.9866702768126496,,0.07625035083719452,1.2961814640708782,fitted,-7.632783294297951e-17,0.4524983280358853,-7.979727989493313e-17,0.6891795725203944,False,,,10
frontier,September frozen top-5,R3,pooled,lex_caution,dsend,author != current partner,"direct, own round-r myth held fixed","GeminiPro,Opus",195,10,-0.00020272140583157982,-0.0032636090394617704,0.0028581662277986112,0.8967186041806503,,0.07949417141146543,1.1274734332276983,fitted,-0.0009772790468939366,0.40281802438060066,-0.0007745576410623568,0.7495290718738601,False,,,25
frontier,September frozen top-5,R3,GeminiPro,lex_caution,dsend,author != current partner,"direct, own round-r myth held fixed",,171,10,,,,,,,,not estimable: ceiling,,,,,False,,,9
frontier,September frozen top-5,R3,GeminiPro | 8-agent homogeneous,lex_caution,dsend,author != current partner,"direct, own round-r myth held fixed",,141,5,,,,,,,,not estimable: ceiling,,,,,False,,,8
frontier,September frozen top-5,R3,GeminiPro | 8-agent mixed,lex_caution,dsend,author != current partner,"direct, own round-r myth held fixed",,30,5,,,,,,,,not estimable: ceiling,,,,,False,,,5
frontier,September frozen top-5,R3,Opus,lex_caution,dsend,author != current partner,"direct, own round-r myth held fixed",,193,10,,,,,,,,not estimable: ceiling,,,,,False,,,15
frontier,September frozen top-5,R3,Opus | 8-agent homogeneous,lex_caution,dsend,author != current partner,"direct, own round-r myth held fixed",,141,5,,,,,,,,not estimable: ceiling,,,,,False,,,15
frontier,September frozen top-5,R3,Opus | 8-agent mixed,lex_caution,dsend,author != current partner,"direct, own round-r myth held fixed",,52,5,,,,,,,,not estimable: ceiling,,,,,False,,,5
frontier,September frozen top-5,R3,Sol,lex_caution,dsend,author != current partner,"direct, own round-r myth held fixed",,195,10,-0.00020272140583157982,-0.0032636090394617704,0.0028581662277986112,0.8967186041806503,,0.07949417141146543,1.1274734332276983,fitted,-0.0009772790468939366,0.40281802438060066,-0.0007745576410623568,0.7495290718738601,False,,,25
frontier,September frozen top-5,R3,Sol | 8-agent homogeneous,lex_caution,dsend,author != current partner,"direct, own round-r myth held fixed",,141,5,-0.0019946288112532764,-0.00991328288773018,0.005924025265223627,0.6215215337493711,,0.08046219070929277,1.0608850750049148,fitted,0.0004889232086057824,0.5480306064546863,0.002483552019859059,0.5811489679517913,False,,,25
frontier,September frozen top-5,R3,Sol | 8-agent mixed,lex_caution,dsend,author != current partner,"direct, own round-r myth held fixed",,54,5,2.6020852139652106e-18,-2.2468655612164857e-16,2.29890726549579e-16,0.9820982497956487,,0.07625035083719452,1.2961814640708782,fitted,-1.1275702593849246e-17,0.9308844441413335,-1.3877787807814457e-17,0.9222361144287721,False,,,10
frontier,September frozen top-5,R3,pooled,rule_send_amount,dsend,never played before,total (shown - unseen),"GeminiPro,Opus",104,10,-0.014083542875810571,-0.05317995501852908,0.025012869266907944,0.4801695298457077,0.4702351175587794,0.08095306083312988,0.8628495269161495,fitted,-0.004011766038197417,0.5611802787059668,0.010071776837613153,0.5651190647574542,True,1.0,1.0,25
frontier,September frozen top-5,R3,GeminiPro,rule_send_amount,dsend,never played before,total (shown - unseen),,120,10,,,,,,,,not estimable: ceiling,,,,,False,,,9
frontier,September frozen top-5,R3,GeminiPro | 8-agent homogeneous,rule_send_amount,dsend,never played before,total (shown - unseen),,100,5,,,,,,,,not estimable: ceiling,,,,,False,,,8
frontier,September frozen top-5,R3,GeminiPro | 8-agent mixed,rule_send_amount,dsend,never played before,total (shown - unseen),,20,5,,,,,,,,not estimable: ceiling,,,,,False,,,5
frontier,September frozen top-5,R3,Opus,rule_send_amount,dsend,never played before,total (shown - unseen),,121,10,,,,,,,,not estimable: ceiling,,,,,False,,,15
frontier,September frozen top-5,R3,Opus | 8-agent homogeneous,rule_send_amount,dsend,never played before,total (shown - unseen),,93,5,,,,,,,,not estimable: ceiling,,,,,False,,,15
frontier,September frozen top-5,R3,Opus | 8-agent mixed,rule_send_amount,dsend,never played before,total (shown - unseen),,28,5,,,,,,,,not estimable: ceiling,,,,,False,,,5
frontier,September frozen top-5,R3,Sol,rule_send_amount,dsend,never played before,total (shown - unseen),,104,10,-0.014083542875810571,-0.05317995501852908,0.025012869266907944,0.4801695298457077,0.4427213606803402,0.08095306083312988,0.8628495269161495,fitted,-0.004011766038197417,0.5611802787059668,0.010071776837613153,0.5651190647574542,True,1.0,1.0,25
frontier,September frozen top-5,R3,Sol | 8-agent homogeneous,rule_send_amount,dsend,never played before,total (shown - unseen),,72,5,-0.00580920046902263,-0.05988832088483596,0.048269919946790696,0.8332461536725421,0.7258629314657329,0.08498365855987974,0.6798139112911817,fitted,-0.0026039440693786976,0.8477004061401344,0.0032052563996439326,0.8846279020311149,True,1.0,1.0,25
frontier,September frozen top-5,R3,Sol | 8-agent mixed,rule_send_amount,dsend,never played before,total (shown - unseen),,32,5,8.029648783345858e-16,-7.076937081374268e-15,8.682866838043439e-15,0.841698754976206,0.4367183591795898,0.07071067811865475,1.1799393772120816,fitted,-1.522842172525466e-17,0.9891267079837731,-8.181933000598404e-16,0.792757433847588,True,1.0,1.0,10
frontier,September frozen top-5,R3,pooled,rule_send_amount,dsend,never played before,"direct, own round-r myth held fixed","GeminiPro,Opus",71,10,-0.035328488290413,-0.1447819537537986,0.07412497717297262,0.5269811468489305,,0.08011561062863085,0.9261375067900884,fitted,0.0027304718924013854,0.8699522616341799,0.038058960182814384,0.47365810463326175,False,,,25
frontier,September frozen top-5,R3,GeminiPro,rule_send_amount,dsend,never played before,"direct, own round-r myth held fixed",,115,10,,,,,,,,not estimable: ceiling,,,,,False,,,9
frontier,September frozen top-5,R3,GeminiPro | 8-agent homogeneous,rule_send_amount,dsend,never played before,"direct, own round-r myth held fixed",,96,5,,,,,,,,not estimable: ceiling,,,,,False,,,8
frontier,September frozen top-5,R3,GeminiPro | 8-agent mixed,rule_send_amount,dsend,never played before,"direct, own round-r myth held fixed",,19,5,,,,,,,,not estimable: ceiling,,,,,False,,,5
frontier,September frozen top-5,R3,Opus,rule_send_amount,dsend,never played before,"direct, own round-r myth held fixed",,114,10,,,,,,,,not estimable: ceiling,,,,,False,,,15
frontier,September frozen top-5,R3,Opus | 8-agent homogeneous,rule_send_amount,dsend,never played before,"direct, own round-r myth held fixed",,88,5,,,,,,,,not estimable: ceiling,,,,,False,,,15
frontier,September frozen top-5,R3,Opus | 8-agent mixed,rule_send_amount,dsend,never played before,"direct, own round-r myth held fixed",,26,5,,,,,,,,not estimable: ceiling,,,,,False,,,5
frontier,September frozen top-5,R3,Sol,rule_send_amount,dsend,never played before,"direct, own round-r myth held fixed",,71,10,-0.035328488290413,-0.1447819537537986,0.07412497717297262,0.5269811468489305,,0.08011561062863085,0.9261375067900884,fitted,0.0027304718924013854,0.8699522616341799,0.038058960182814384,0.47365810463326175,False,,,25
frontier,September frozen top-5,R3,Sol | 8-agent homogeneous,rule_send_amount,dsend,never played before,"direct, own round-r myth held fixed",,48,5,0.16667053301844822,,,,,0.09562689760783463,0.6008769450554224,fitted,0.09768535701603928,,-0.06898517600240894,,False,,,25
frontier,September frozen top-5,R3,Sol | 8-agent mixed,rule_send_amount,dsend,never played before,"direct, own round-r myth held fixed",,23,5,,,,,,0.0,,not estimable: ceiling,,,,,False,,,10
frontier,September frozen top-5,R3,pooled,rule_send_amount,dsend,author != current partner,total (shown - unseen),"GeminiPro,Opus",142,10,-0.005836211659476012,-0.018956272434599443,0.007283849115647418,0.383288563769137,,0.06999364955425799,0.7679565557613357,fitted,-0.005455233382562836,0.3875282021352775,0.00038097827691317633,0.46968745056702565,False,,,25
frontier,September frozen top-5,R3,GeminiPro,rule_send_amount,dsend,author != current partner,total (shown - unseen),,163,10,,,,,,,,not estimable: ceiling,,,,,False,,,9
frontier,September frozen top-5,R3,GeminiPro | 8-agent homogeneous,rule_send_amount,dsend,author != current partner,total (shown - unseen),,136,5,,,,,,,,not estimable: ceiling,,,,,False,,,8
frontier,September frozen top-5,R3,GeminiPro | 8-agent mixed,rule_send_amount,dsend,author != current partner,total (shown - unseen),,27,5,,,,,,,,not estimable: ceiling,,,,,False,,,5
frontier,September frozen top-5,R3,Opus,rule_send_amount,dsend,author != current partner,total (shown - unseen),,165,10,,,,,,,,not estimable: ceiling,,,,,False,,,15
frontier,September frozen top-5,R3,Opus | 8-agent homogeneous,rule_send_amount,dsend,author != current partner,total (shown - unseen),,129,5,,,,,,,,not estimable: ceiling,,,,,False,,,15
frontier,September frozen top-5,R3,Opus | 8-agent mixed,rule_send_amount,dsend,author != current partner,total (shown - unseen),,36,5,,,,,,,,not estimable: ceiling,,,,,False,,,5
frontier,September frozen top-5,R3,Sol,rule_send_amount,dsend,author != current partner,total (shown - unseen),,142,10,-0.005836211659476012,-0.018956272434599443,0.007283849115647418,0.383288563769137,,0.06999364955425799,0.7679565557613357,fitted,-0.005455233382562836,0.3875282021352775,0.00038097827691317633,0.46968745056702565,False,,,25
frontier,September frozen top-5,R3,Sol | 8-agent homogeneous,rule_send_amount,dsend,author != current partner,total (shown - unseen),,97,5,-0.014419314265526796,-0.04579809629882928,0.016959467767775682,0.3677738206294138,,0.07399092077672985,0.6288948414535764,fitted,-0.003827070201998491,0.7112219617428395,0.010592244063528305,0.3164269946329258,False,,,25
frontier,September frozen top-5,R3,Sol | 8-agent mixed,rule_send_amount,dsend,author != current partner,total (shown - unseen),,45,5,,,,,,0.05962847939999438,,not estimable: ceiling,,,,,False,,,10
frontier,September frozen top-5,R3,pooled,rule_send_amount,dsend,author != current partner,"direct, own round-r myth held fixed","GeminiPro,Opus",101,10,-0.007175334160373381,-0.026359861398658188,0.012009193077911429,0.46352224877257975,,0.06785248997671053,0.8108558440358362,fitted,-0.006948382748722343,0.4609971201669677,0.00022695141165103767,0.7152967091136986,False,,,25
frontier,September frozen top-5,R3,GeminiPro,rule_send_amount,dsend,author != current partner,"direct, own round-r myth held fixed",,159,10,,,,,,,,not estimable: ceiling,,,,,False,,,9
frontier,September frozen top-5,R3,GeminiPro | 8-agent homogeneous,rule_send_amount,dsend,author != current partner,"direct, own round-r myth held fixed",,133,5,,,,,,,,not estimable: ceiling,,,,,False,,,8
frontier,September frozen top-5,R3,GeminiPro | 8-agent mixed,rule_send_amount,dsend,author != current partner,"direct, own round-r myth held fixed",,26,5,,,,,,,,not estimable: ceiling,,,,,False,,,5
frontier,September frozen top-5,R3,Opus,rule_send_amount,dsend,author != current partner,"direct, own round-r myth held fixed",,157,10,,,,,,,,not estimable: ceiling,,,,,False,,,15
frontier,September frozen top-5,R3,Opus | 8-agent homogeneous,rule_send_amount,dsend,author != current partner,"direct, own round-r myth held fixed",,123,5,,,,,,,,not estimable: ceiling,,,,,False,,,15
frontier,September frozen top-5,R3,Opus | 8-agent mixed,rule_send_amount,dsend,author != current partner,"direct, own round-r myth held fixed",,34,5,,,,,,,,not estimable: ceiling,,,,,False,,,5
frontier,September frozen top-5,R3,Sol,rule_send_amount,dsend,author != current partner,"direct, own round-r myth held fixed",,101,10,-0.007175334160373381,-0.026359861398658188,0.012009193077911429,0.46352224877257975,,0.06785248997671053,0.8108558440358362,fitted,-0.006948382748722343,0.4609971201669677,0.00022695141165103767,0.7152967091136986,False,,,25
frontier,September frozen top-5,R3,Sol | 8-agent homogeneous,rule_send_amount,dsend,author != current partner,"direct, own round-r myth held fixed",,70,5,-0.019071152051509777,-0.06466049576365183,0.02651819166063228,0.412272263214568,,0.08011379070857727,0.5588503739112012,fitted,-0.0020400341114042847,0.8877528600233967,0.017031117940105492,0.3913425915728851,False,,,25
frontier,September frozen top-5,R3,Sol | 8-agent mixed,rule_send_amount,dsend,author != current partner,"direct, own round-r myth held fixed",,31,5,,,,,,0.0,,not estimable: ceiling,,,,,False,,,10
frontier,September frozen top-5,R3,pooled,label_ds_generous,dsend,never played before,total (shown - unseen),"GeminiPro,Opus",144,10,0.002762113204993573,-0.001928257214170869,0.0074524836241580145,0.24841670876758815,0.12706353176588295,0.09207105124347433,1.0673636029015101,fitted,0.0015519251536695537,0.4095697946955128,-0.0012101880513240193,0.6447019671157734,True,1.0,1.0,25
frontier,September frozen top-5,R3,GeminiPro,label_ds_generous,dsend,never played before,total (shown - unseen),,128,10,,,,,,,,not estimable: ceiling,,,,,False,,,9
frontier,September frozen top-5,R3,GeminiPro | 8-agent homogeneous,label_ds_generous,dsend,never played before,total (shown - unseen),,105,5,,,,,,,,not estimable: ceiling,,,,,False,,,8
frontier,September frozen top-5,R3,GeminiPro | 8-agent mixed,label_ds_generous,dsend,never played before,total (shown - unseen),,23,5,,,,,,,,not estimable: ceiling,,,,,False,,,5
frontier,September frozen top-5,R3,Opus,label_ds_generous,dsend,never played before,total (shown - unseen),,144,10,,,,,,,,not estimable: ceiling,,,,,False,,,15
frontier,September frozen top-5,R3,Opus | 8-agent homogeneous,label_ds_generous,dsend,never played before,total (shown - unseen),,105,5,,,,,,,,not estimable: ceiling,,,,,False,,,15
frontier,September frozen top-5,R3,Opus | 8-agent mixed,label_ds_generous,dsend,never played before,total (shown - unseen),,39,5,,,,,,,,not estimable: ceiling,,,,,False,,,5
frontier,September frozen top-5,R3,Sol,label_ds_generous,dsend,never played before,total (shown - unseen),,144,10,0.002762113204993573,-0.001928257214170869,0.0074524836241580145,0.24841670876758815,0.128064032016008,0.09207105124347433,1.0673636029015101,fitted,0.0015519251536695537,0.4095697946955128,-0.0012101880513240193,0.6447019671157734,True,1.0,1.0,25
frontier,September frozen top-5,R3,Sol | 8-agent homogeneous,label_ds_generous,dsend,never played before,total (shown - unseen),,105,5,0.0011774911608182686,-0.020438260928798108,0.022793243250434643,0.9149741486093863,0.9054527263631816,0.09279936212992851,0.8957165972012405,fitted,0.002879843802318997,0.48741983355973506,0.0017023526415007283,0.8955686321446733,True,1.0,1.0,25
frontier,September frozen top-5,R3,Sol | 8-agent mixed,label_ds_generous,dsend,never played before,total (shown - unseen),,39,5,1.095324182111738e-16,-5.03456538767008e-16,7.225213751893555e-16,0.7261753092978129,0.24712356178089045,0.08938234601238358,1.2875111519652966,fitted,-1.0259878007063246e-16,0.6953923216952783,-2.1213119828180626e-16,0.6178386815270218,True,1.0,1.0,10
frontier,September frozen top-5,R3,pooled,label_ds_generous,dsend,never played before,"direct, own round-r myth held fixed","GeminiPro,Opus",144,10,0.003664863551700353,-0.0014738059030546856,0.00880353300645539,0.1621632905454582,,0.09207105124347433,1.0673636029015101,fitted,0.001910719025943702,0.3152840914507743,-0.001754144525756651,0.4902559986226288,False,,,25
frontier,September frozen top-5,R3,GeminiPro,label_ds_generous,dsend,never played before,"direct, own round-r myth held fixed",,128,10,,,,,,,,not estimable: ceiling,,,,,False,,,9
frontier,September frozen top-5,R3,GeminiPro | 8-agent homogeneous,label_ds_generous,dsend,never played before,"direct, own round-r myth held fixed",,105,5,,,,,,,,not estimable: ceiling,,,,,False,,,8
frontier,September frozen top-5,R3,GeminiPro | 8-agent mixed,label_ds_generous,dsend,never played before,"direct, own round-r myth held fixed",,23,5,,,,,,,,not estimable: ceiling,,,,,False,,,5
frontier,September frozen top-5,R3,Opus,label_ds_generous,dsend,never played before,"direct, own round-r myth held fixed",,144,10,,,,,,,,not estimable: ceiling,,,,,False,,,15
frontier,September frozen top-5,R3,Opus | 8-agent homogeneous,label_ds_generous,dsend,never played before,"direct, own round-r myth held fixed",,105,5,,,,,,,,not estimable: ceiling,,,,,False,,,15
frontier,September frozen top-5,R3,Opus | 8-agent mixed,label_ds_generous,dsend,never played before,"direct, own round-r myth held fixed",,39,5,,,,,,,,not estimable: ceiling,,,,,False,,,5
frontier,September frozen top-5,R3,Sol,label_ds_generous,dsend,never played before,"direct, own round-r myth held fixed",,144,10,0.003664863551700353,-0.0014738059030546856,0.00880353300645539,0.1621632905454582,,0.09207105124347433,1.0673636029015101,fitted,0.001910719025943702,0.3152840914507743,-0.001754144525756651,0.4902559986226288,False,,,25
frontier,September frozen top-5,R3,Sol | 8-agent homogeneous,label_ds_generous,dsend,never played before,"direct, own round-r myth held fixed",,105,5,0.0002798544453723739,-0.02204346842458534,0.022603177315330087,0.9803972128617932,,0.09279936212992851,0.8957165972012405,fitted,0.0023891450530696273,0.5744498282297227,0.0021092906076972534,0.874032492882761,False,,,25
frontier,September frozen top-5,R3,Sol | 8-agent mixed,label_ds_generous,dsend,never played before,"direct, own round-r myth held fixed",,39,5,-1.2962228377655218e-16,-6.928578875270244e-16,4.3361331997392e-16,0.6519438024753866,,0.08938234601238358,1.2875111519652966,fitted,2.160830975896303e-17,0.8409723536074096,1.5123059353551521e-16,0.6582561871740669,False,,,10
frontier,September frozen top-5,R3,pooled,label_ds_generous,dsend,author != current partner,total (shown - unseen),"GeminiPro,Opus",195,10,0.0018087220711946097,-0.0011166619134237322,0.0047341060558129516,0.22558242973141396,,0.07949417141146543,1.031360096032605,fitted,0.00023989800407705307,0.8233016291944124,-0.0015688240671175567,0.17558137096139947,False,,,25
frontier,September frozen top-5,R3,GeminiPro,label_ds_generous,dsend,author != current partner,total (shown - unseen),,171,10,,,,,,,,not estimable: ceiling,,,,,False,,,9
frontier,September frozen top-5,R3,GeminiPro | 8-agent homogeneous,label_ds_generous,dsend,author != current partner,total (shown - unseen),,141,5,,,,,,,,not estimable: ceiling,,,,,False,,,8
frontier,September frozen top-5,R3,GeminiPro | 8-agent mixed,label_ds_generous,dsend,author != current partner,total (shown - unseen),,30,5,,,,,,,,not estimable: ceiling,,,,,False,,,5
frontier,September frozen top-5,R3,Opus,label_ds_generous,dsend,author != current partner,total (shown - unseen),,193,10,,,,,,,,not estimable: ceiling,,,,,False,,,15
frontier,September frozen top-5,R3,Opus | 8-agent homogeneous,label_ds_generous,dsend,author != current partner,total (shown - unseen),,141,5,,,,,,,,not estimable: ceiling,,,,,False,,,15
frontier,September frozen top-5,R3,Opus | 8-agent mixed,label_ds_generous,dsend,author != current partner,total (shown - unseen),,52,5,,,,,,,,not estimable: ceiling,,,,,False,,,5
frontier,September frozen top-5,R3,Sol,label_ds_generous,dsend,author != current partner,total (shown - unseen),,195,10,0.0018087220711946097,-0.0011166619134237322,0.0047341060558129516,0.22558242973141396,,0.07949417141146543,1.031360096032605,fitted,0.00023989800407705307,0.8233016291944124,-0.0015688240671175567,0.17558137096139947,False,,,25
frontier,September frozen top-5,R3,Sol | 8-agent homogeneous,label_ds_generous,dsend,author != current partner,total (shown - unseen),,141,5,0.005403064652136901,-0.005136771033197414,0.015942900337471214,0.31502125677894477,,0.08046219070929277,0.8374785237635599,fitted,0.0005208609440418973,0.7091053330561748,-0.0048822037080950035,0.38995902238667013,False,,,25
frontier,September frozen top-5,R3,Sol | 8-agent mixed,label_ds_generous,dsend,author != current partner,total (shown - unseen),,54,5,1.942890293094024e-16,-2.746218949896589e-16,6.631999536084637e-16,0.4167379993586342,,0.07625035083719452,1.3075388609452128,fitted,-1.0408340855860843e-17,0.8052628615355288,-2.0469737016526324e-16,0.34272695607359127,False,,,10
frontier,September frozen top-5,R3,pooled,label_ds_generous,dsend,author != current partner,"direct, own round-r myth held fixed","GeminiPro,Opus",195,10,0.0023300736242425424,-0.0005158960560389023,0.005176043304523988,0.10856503793658037,,0.07949417141146543,1.031360096032605,fitted,0.0006653141721148278,0.49981472216834655,-0.0016647594521277149,0.1368313235905403,False,,,25
frontier,September frozen top-5,R3,GeminiPro,label_ds_generous,dsend,author != current partner,"direct, own round-r myth held fixed",,171,10,,,,,,,,not estimable: ceiling,,,,,False,,,9
frontier,September frozen top-5,R3,GeminiPro | 8-agent homogeneous,label_ds_generous,dsend,author != current partner,"direct, own round-r myth held fixed",,141,5,,,,,,,,not estimable: ceiling,,,,,False,,,8
frontier,September frozen top-5,R3,GeminiPro | 8-agent mixed,label_ds_generous,dsend,author != current partner,"direct, own round-r myth held fixed",,30,5,,,,,,,,not estimable: ceiling,,,,,False,,,5
frontier,September frozen top-5,R3,Opus,label_ds_generous,dsend,author != current partner,"direct, own round-r myth held fixed",,193,10,,,,,,,,not estimable: ceiling,,,,,False,,,15
frontier,September frozen top-5,R3,Opus | 8-agent homogeneous,label_ds_generous,dsend,author != current partner,"direct, own round-r myth held fixed",,141,5,,,,,,,,not estimable: ceiling,,,,,False,,,15
frontier,September frozen top-5,R3,Opus | 8-agent mixed,label_ds_generous,dsend,author != current partner,"direct, own round-r myth held fixed",,52,5,,,,,,,,not estimable: ceiling,,,,,False,,,5
frontier,September frozen top-5,R3,Sol,label_ds_generous,dsend,author != current partner,"direct, own round-r myth held fixed",,195,10,0.0023300736242425424,-0.0005158960560389023,0.005176043304523988,0.10856503793658037,,0.07949417141146543,1.031360096032605,fitted,0.0006653141721148278,0.49981472216834655,-0.0016647594521277149,0.1368313235905403,False,,,25
frontier,September frozen top-5,R3,Sol | 8-agent homogeneous,label_ds_generous,dsend,author != current partner,"direct, own round-r myth held fixed",,141,5,0.006155299308548952,-0.005256162590899181,0.017566761207997085,0.2904216218081771,,0.08046219070929277,0.8374785237635599,fitted,0.0007280952317912284,0.5649239647645798,-0.005427204076757724,0.3963590269358025,False,,,25
frontier,September frozen top-5,R3,Sol | 8-agent mixed,label_ds_generous,dsend,author != current partner,"direct, own round-r myth held fixed",,54,5,1.3877787807814457e-17,-3.169880644695045e-16,3.447436400851334e-16,0.9344809650840666,,0.07625035083719452,1.3075388609452128,fitted,-7.45931094670027e-17,0.5962355424617963,-8.847089727481716e-17,0.6064353956412354,False,,,10
frontier,September frozen top-5,R3,pooled,lex_generosity,dsend,never played before,total (shown - unseen),"GeminiPro,Opus",144,10,0.0008813490475128283,-0.0037569120172335512,0.005519610112259208,0.7095751569752197,0.5907953976988495,0.09207105124347433,0.9543989978603695,fitted,0.003500166675045114,0.03836366498348155,0.0026188176275322855,0.35698335079071775,True,1.0,1.0,25
frontier,September frozen top-5,R3,GeminiPro,lex_generosity,dsend,never played before,total (shown - unseen),,128,10,,,,,,,,not estimable: ceiling,,,,,False,,,9
frontier,September frozen top-5,R3,GeminiPro | 8-agent homogeneous,lex_generosity,dsend,never played before,total (shown - unseen),,105,5,,,,,,,,not estimable: ceiling,,,,,False,,,8
frontier,September frozen top-5,R3,GeminiPro | 8-agent mixed,lex_generosity,dsend,never played before,total (shown - unseen),,23,5,,,,,,,,not estimable: ceiling,,,,,False,,,5
frontier,September frozen top-5,R3,Opus,lex_generosity,dsend,never played before,total (shown - unseen),,144,10,,,,,,,,not estimable: ceiling,,,,,False,,,15
frontier,September frozen top-5,R3,Opus | 8-agent homogeneous,lex_generosity,dsend,never played before,total (shown - unseen),,105,5,,,,,,,,not estimable: ceiling,,,,,False,,,15
frontier,September frozen top-5,R3,Opus | 8-agent mixed,lex_generosity,dsend,never played before,total (shown - unseen),,39,5,,,,,,,,not estimable: ceiling,,,,,False,,,5
frontier,September frozen top-5,R3,Sol,lex_generosity,dsend,never played before,total (shown - unseen),,144,10,0.0008813490475128283,-0.0037569120172335512,0.005519610112259208,0.7095751569752197,0.5917958979489745,0.09207105124347433,0.9543989978603695,fitted,0.003500166675045114,0.03836366498348155,0.0026188176275322855,0.35698335079071775,True,1.0,1.0,25
frontier,September frozen top-5,R3,Sol | 8-agent homogeneous,lex_generosity,dsend,never played before,total (shown - unseen),,105,5,-0.0003274255213197791,-0.011156268944161461,0.010501417901521905,0.9527431840084023,0.9104552276138069,0.09279936212992851,0.9691982164425464,fitted,0.0031618068733811405,0.2133596233928743,0.0034892323947009196,0.4830121331777064,True,1.0,1.0,25
frontier,September frozen top-5,R3,Sol | 8-agent mixed,lex_generosity,dsend,never played before,total (shown - unseen),,39,5,3.598019900071361e-17,-6.835358697370921e-16,7.554962677385193e-16,0.9219242155704181,0.7498749374687343,0.08938234601238358,0.9238261216219186,fitted,-1.1310422876559662e-16,0.7789316426887465,-1.4908442776631024e-16,0.6955277752334832,True,1.0,1.0,10
frontier,September frozen top-5,R3,pooled,lex_generosity,dsend,never played before,"direct, own round-r myth held fixed","GeminiPro,Opus",144,10,0.0014137521023157816,-0.0021199357412885426,0.004947439945920106,0.4329584286839576,,0.09207105124347433,0.9543989978603695,fitted,0.003707049398722467,0.0773718852399529,0.0022932972964066854,0.32440719935936535,False,,,25
frontier,September frozen top-5,R3,GeminiPro,lex_generosity,dsend,never played before,"direct, own round-r myth held fixed",,128,10,,,,,,,,not estimable: ceiling,,,,,False,,,9
frontier,September frozen top-5,R3,GeminiPro | 8-agent homogeneous,lex_generosity,dsend,never played before,"direct, own round-r myth held fixed",,105,5,,,,,,,,not estimable: ceiling,,,,,False,,,8
frontier,September frozen top-5,R3,GeminiPro | 8-agent mixed,lex_generosity,dsend,never played before,"direct, own round-r myth held fixed",,23,5,,,,,,,,not estimable: ceiling,,,,,False,,,5
frontier,September frozen top-5,R3,Opus,lex_generosity,dsend,never played before,"direct, own round-r myth held fixed",,144,10,,,,,,,,not estimable: ceiling,,,,,False,,,15
frontier,September frozen top-5,R3,Opus | 8-agent homogeneous,lex_generosity,dsend,never played before,"direct, own round-r myth held fixed",,105,5,,,,,,,,not estimable: ceiling,,,,,False,,,15
frontier,September frozen top-5,R3,Opus | 8-agent mixed,lex_generosity,dsend,never played before,"direct, own round-r myth held fixed",,39,5,,,,,,,,not estimable: ceiling,,,,,False,,,5
frontier,September frozen top-5,R3,Sol,lex_generosity,dsend,never played before,"direct, own round-r myth held fixed",,144,10,0.0014137521023157816,-0.0021199357412885426,0.004947439945920106,0.4329584286839576,,0.09207105124347433,0.9543989978603695,fitted,0.003707049398722467,0.0773718852399529,0.0022932972964066854,0.32440719935936535,False,,,25
frontier,September frozen top-5,R3,Sol | 8-agent homogeneous,lex_generosity,dsend,never played before,"direct, own round-r myth held fixed",,105,5,-0.00019892511828243677,-0.010626176562035232,0.010228326325470358,0.9701731944210665,,0.09279936212992851,0.9691982164425464,fitted,0.003381076437705176,0.3102750139329534,0.003580001555987613,0.37320577801307675,False,,,25
frontier,September frozen top-5,R3,Sol | 8-agent mixed,lex_generosity,dsend,never played before,"direct, own round-r myth held fixed",,39,5,2.1036284280746718e-16,-5.789335711636474e-16,9.996592567785819e-16,0.6014137733928528,,0.08938234601238358,0.9238261216219186,fitted,2.4588323526991573e-16,0.587757843971201,3.5520392462448556e-17,0.9249126003247589,False,,,10
frontier,September frozen top-5,R3,pooled,lex_generosity,dsend,author != current partner,total (shown - unseen),"GeminiPro,Opus",195,10,-0.0003396992200963737,-0.005031419322464553,0.004352020882271805,0.8871517288967865,,0.07949417141146543,0.9388548804114286,fitted,0.0007393622471312398,0.5672366122486887,0.0010790614672276135,0.5790654138142849,False,,,25
frontier,September frozen top-5,R3,GeminiPro,lex_generosity,dsend,author != current partner,total (shown - unseen),,171,10,,,,,,,,not estimable: ceiling,,,,,False,,,9
frontier,September frozen top-5,R3,GeminiPro | 8-agent homogeneous,lex_generosity,dsend,author != current partner,total (shown - unseen),,141,5,,,,,,,,not estimable: ceiling,,,,,False,,,8
frontier,September frozen top-5,R3,GeminiPro | 8-agent mixed,lex_generosity,dsend,author != current partner,total (shown - unseen),,30,5,,,,,,,,not estimable: ceiling,,,,,False,,,5
frontier,September frozen top-5,R3,Opus,lex_generosity,dsend,author != current partner,total (shown - unseen),,193,10,,,,,,,,not estimable: ceiling,,,,,False,,,15
frontier,September frozen top-5,R3,Opus | 8-agent homogeneous,lex_generosity,dsend,author != current partner,total (shown - unseen),,141,5,,,,,,,,not estimable: ceiling,,,,,False,,,15
frontier,September frozen top-5,R3,Opus | 8-agent mixed,lex_generosity,dsend,author != current partner,total (shown - unseen),,52,5,,,,,,,,not estimable: ceiling,,,,,False,,,5
frontier,September frozen top-5,R3,Sol,lex_generosity,dsend,author != current partner,total (shown - unseen),,195,10,-0.0003396992200963737,-0.005031419322464553,0.004352020882271805,0.8871517288967865,,0.07949417141146543,0.9388548804114286,fitted,0.0007393622471312398,0.5672366122486887,0.0010790614672276135,0.5790654138142849,False,,,25
frontier,September frozen top-5,R3,Sol | 8-agent homogeneous,lex_generosity,dsend,author != current partner,total (shown - unseen),,141,5,-0.005447785537342883,-0.014593650677967751,0.003698079603281986,0.2430232525074053,,0.08046219070929277,0.9623453477310978,fitted,-0.00038271796516568726,0.8277495773706154,0.005065067572177196,0.24552812518717315,False,,,25
frontier,September frozen top-5,R3,Sol | 8-agent mixed,lex_generosity,dsend,author != current partner,total (shown - unseen),,54,5,-9.71445146547012e-17,-4.661434857153891e-16,2.7185445640598675e-16,0.6058614485456116,,0.07625035083719452,0.8735359018445935,fitted,-1.8041124150158794e-16,0.4688905056327456,-8.326672684688674e-17,0.49425143737692134,False,,,10
frontier,September frozen top-5,R3,pooled,lex_generosity,dsend,author != current partner,"direct, own round-r myth held fixed","GeminiPro,Opus",195,10,-0.0003597196430538248,-0.005130714338430779,0.0044112750523231286,0.8825197105762177,,0.07949417141146543,0.9388548804114286,fitted,0.0006645414449317953,0.6071725258984417,0.0010242610879856201,0.5967558572441434,False,,,25
frontier,September frozen top-5,R3,GeminiPro,lex_generosity,dsend,author != current partner,"direct, own round-r myth held fixed",,171,10,,,,,,,,not estimable: ceiling,,,,,False,,,9
frontier,September frozen top-5,R3,GeminiPro | 8-agent homogeneous,lex_generosity,dsend,author != current partner,"direct, own round-r myth held fixed",,141,5,,,,,,,,not estimable: ceiling,,,,,False,,,8
frontier,September frozen top-5,R3,GeminiPro | 8-agent mixed,lex_generosity,dsend,author != current partner,"direct, own round-r myth held fixed",,30,5,,,,,,,,not estimable: ceiling,,,,,False,,,5
frontier,September frozen top-5,R3,Opus,lex_generosity,dsend,author != current partner,"direct, own round-r myth held fixed",,193,10,,,,,,,,not estimable: ceiling,,,,,False,,,15
frontier,September frozen top-5,R3,Opus | 8-agent homogeneous,lex_generosity,dsend,author != current partner,"direct, own round-r myth held fixed",,141,5,,,,,,,,not estimable: ceiling,,,,,False,,,15
frontier,September frozen top-5,R3,Opus | 8-agent mixed,lex_generosity,dsend,author != current partner,"direct, own round-r myth held fixed",,52,5,,,,,,,,not estimable: ceiling,,,,,False,,,5
frontier,September frozen top-5,R3,Sol,lex_generosity,dsend,author != current partner,"direct, own round-r myth held fixed",,195,10,-0.0003597196430538248,-0.005130714338430779,0.0044112750523231286,0.8825197105762177,,0.07949417141146543,0.9388548804114286,fitted,0.0006645414449317953,0.6071725258984417,0.0010242610879856201,0.5967558572441434,False,,,25
frontier,September frozen top-5,R3,Sol | 8-agent homogeneous,lex_generosity,dsend,author != current partner,"direct, own round-r myth held fixed",,141,5,-0.005792583899782094,-0.015813237583013312,0.004228069783449125,0.2572203216957575,,0.08046219070929277,0.9623453477310978,fitted,-0.0006487018545958297,0.7000434060990612,0.005143882045186264,0.27539936464071113,False,,,25
frontier,September frozen top-5,R3,Sol | 8-agent mixed,lex_generosity,dsend,author != current partner,"direct, own round-r myth held fixed",,54,5,1.214306433183765e-17,-2.7057993112830846e-16,2.9486605979198376e-16,0.9329123436230843,,0.07625035083719452,0.8735359018445935,fitted,7.112366251504909e-17,0.6009290803935058,5.898059818321144e-17,0.6183644011234171,False,,,10
