condition,condition_label,n_simulations,mean_trust_ratio,std_trust_ratio,mean_return_ratio,std_return_ratio,mean_final_balance,std_final_balance
game,Game Only,10,0.08,0.07589466384404112,0.013333333333333332,0.039999999999999994,29.0,3.794733192202055
game_myth,Game → Myth,9,0.11999999999999998,0.1720465053408525,0.03148148148148148,0.07795394511055255,31.0,8.602325267042627
myth_game,Myth → Game,8,0.4075,0.38091173518283733,0.19513888888888892,0.2137163355195415,45.375,19.045586759141866
