{
  "Agent_1": {
    "1": {
      "collective": 0,
      "individual": 1,
      "connected": 2,
      "disconnected": 0,
      "giving": 1,
      "taking": 0,
      "mutuality_ratio": 1.5,
      "cooperative_pct": 2.459016393442623,
      "uncooperative_pct": 0.819672131147541,
      "total_words": 122
    },
    "2": {
      "collective": 0,
      "individual": 0,
      "connected": 2,
      "disconnected": 0,
      "giving": 3,
      "taking": 2,
      "mutuality_ratio": 1.6666666666666667,
      "cooperative_pct": 3.968253968253968,
      "uncooperative_pct": 1.5873015873015872,
      "total_words": 126
    },
    "3": {
      "collective": 0,
      "individual": 1,
      "connected": 1,
      "disconnected": 0,
      "giving": 2,
      "taking": 3,
      "mutuality_ratio": 0.6,
      "cooperative_pct": 2.5210084033613445,
      "uncooperative_pct": 3.361344537815126,
      "total_words": 119
    },
    "4": {
      "collective": 0,
      "individual": 1,
      "connected": 1,
      "disconnected": 0,
      "giving": 0,
      "taking": 1,
      "mutuality_ratio": 0.3333333333333333,
      "cooperative_pct": 0.8333333333333334,
      "uncooperative_pct": 1.6666666666666667,
      "total_words": 120
    },
    "5": {
      "collective": 0,
      "individual": 0,
      "connected": 1,
      "disconnected": 0,
      "giving": 1,
      "taking": 2,
      "mutuality_ratio": 0.6666666666666666,
      "cooperative_pct": 1.6666666666666667,
      "uncooperative_pct": 1.6666666666666667,
      "total_words": 120
    },
    "6": {
      "collective": 0,
      "individual": 0,
      "connected": 0,
      "disconnected": 0,
      "giving": 1,
      "taking": 1,
      "mutuality_ratio": 0.5,
      "cooperative_pct": 0.8333333333333334,
      "uncooperative_pct": 0.8333333333333334,
      "total_words": 120
    },
    "7": {
      "collective": 0,
      "individual": 0,
      "connected": 0,
      "disconnected": 0,
      "giving": 1,
      "taking": 2,
      "mutuality_ratio": 0.3333333333333333,
      "cooperative_pct": 0.8695652173913043,
      "uncooperative_pct": 1.7391304347826086,
      "total_words": 115
    },
    "8": {
      "collective": 0,
      "individual": 0,
      "connected": 1,
      "disconnected": 0,
      "giving": 1,
      "taking": 2,
      "mutuality_ratio": 0.6666666666666666,
      "cooperative_pct": 1.680672268907563,
      "uncooperative_pct": 1.680672268907563,
      "total_words": 119
    },
    "9": {
      "collective": 0,
      "individual": 0,
      "connected": 0,
      "disconnected": 0,
      "giving": 0,
      "taking": 1,
      "mutuality_ratio": 0.0,
      "cooperative_pct": 0.0,
      "uncooperative_pct": 0.847457627118644,
      "total_words": 118
    },
    "10": {
      "collective": 0,
      "individual": 0,
      "connected": 0,
      "disconnected": 0,
      "giving": 2,
      "taking": 1,
      "mutuality_ratio": 1.0,
      "cooperative_pct": 1.694915254237288,
      "uncooperative_pct": 0.847457627118644,
      "total_words": 118
    },
    "11": {
      "collective": 0,
      "individual": 0,
      "connected": 0,
      "disconnected": 0,
      "giving": 1,
      "taking": 1,
      "mutuality_ratio": 0.5,
      "cooperative_pct": 0.847457627118644,
      "uncooperative_pct": 0.847457627118644,
      "total_words": 118
    },
    "12": {
      "collective": 0,
      "individual": 0,
      "connected": 0,
      "disconnected": 0,
      "giving": 2,
      "taking": 3,
      "mutuality_ratio": 0.5,
      "cooperative_pct": 1.6260162601626018,
      "uncooperative_pct": 2.4390243902439024,
      "total_words": 123
    },
    "13": {
      "collective": 0,
      "individual": 0,
      "connected": 0,
      "disconnected": 0,
      "giving": 1,
      "taking": 2,
      "mutuality_ratio": 0.3333333333333333,
      "cooperative_pct": 0.8333333333333334,
      "uncooperative_pct": 1.6666666666666667,
      "total_words": 120
    },
    "14": {
      "collective": 0,
      "individual": 0,
      "connected": 0,
      "disconnected": 0,
      "giving": 2,
      "taking": 0,
      "mutuality_ratio": 2.0,
      "cooperative_pct": 1.694915254237288,
      "uncooperative_pct": 0.0,
      "total_words": 118
    },
    "15": {
      "collective": 0,
      "individual": 0,
      "connected": 0,
      "disconnected": 0,
      "giving": 1,
      "taking": 0,
      "mutuality_ratio": 1.0,
      "cooperative_pct": 0.8620689655172413,
      "uncooperative_pct": 0.0,
      "total_words": 116
    }
  },
  "Agent_2": {
    "1": {
      "collective": 0,
      "individual": 0,
      "connected": 0,
      "disconnected": 0,
      "giving": 1,
      "taking": 3,
      "mutuality_ratio": 0.25,
      "cooperative_pct": 0.8064516129032258,
      "uncooperative_pct": 2.4193548387096775,
      "total_words": 124
    },
    "2": {
      "collective": 1,
      "individual": 0,
      "connected": 2,
      "disconnected": 0,
      "giving": 0,
      "taking": 1,
      "mutuality_ratio": 1.5,
      "cooperative_pct": 2.7777777777777777,
      "uncooperative_pct": 0.9259259259259258,
      "total_words": 108
    },
    "3": {
      "collective": 0,
      "individual": 0,
      "connected": 1,
      "disconnected": 0,
      "giving": 1,
      "taking": 2,
      "mutuality_ratio": 0.6666666666666666,
      "cooperative_pct": 1.694915254237288,
      "uncooperative_pct": 1.694915254237288,
      "total_words": 118
    },
    "4": {
      "collective": 0,
      "individual": 0,
      "connected": 1,
      "disconnected": 0,
      "giving": 2,
      "taking": 3,
      "mutuality_ratio": 0.75,
      "cooperative_pct": 2.586206896551724,
      "uncooperative_pct": 2.586206896551724,
      "total_words": 116
    },
    "5": {
      "collective": 2,
      "individual": 0,
      "connected": 0,
      "disconnected": 0,
      "giving": 2,
      "taking": 2,
      "mutuality_ratio": 1.3333333333333333,
      "cooperative_pct": 3.2520325203252036,
      "uncooperative_pct": 1.6260162601626018,
      "total_words": 123
    },
    "6": {
      "collective": 0,
      "individual": 1,
      "connected": 2,
      "disconnected": 0,
      "giving": 2,
      "taking": 1,
      "mutuality_ratio": 1.3333333333333333,
      "cooperative_pct": 3.508771929824561,
      "uncooperative_pct": 1.7543859649122806,
      "total_words": 114
    },
    "7": {
      "collective": 0,
      "individual": 0,
      "connected": 2,
      "disconnected": 0,
      "giving": 5,
      "taking": 3,
      "mutuality_ratio": 1.75,
      "cooperative_pct": 5.88235294117647,
      "uncooperative_pct": 2.5210084033613445,
      "total_words": 119
    },
    "8": {
      "collective": 1,
      "individual": 0,
      "connected": 1,
      "disconnected": 0,
      "giving": 3,
      "taking": 1,
      "mutuality_ratio": 2.5,
      "cooperative_pct": 4.385964912280701,
      "uncooperative_pct": 0.8771929824561403,
      "total_words": 114
    },
    "9": {
      "collective": 1,
      "individual": 0,
      "connected": 0,
      "disconnected": 0,
      "giving": 3,
      "taking": 2,
      "mutuality_ratio": 1.3333333333333333,
      "cooperative_pct": 3.389830508474576,
      "uncooperative_pct": 1.694915254237288,
      "total_words": 118
    },
    "10": {
      "collective": 0,
      "individual": 0,
      "connected": 0,
      "disconnected": 0,
      "giving": 2,
      "taking": 2,
      "mutuality_ratio": 0.6666666666666666,
      "cooperative_pct": 1.6528925619834711,
      "uncooperative_pct": 1.6528925619834711,
      "total_words": 121
    },
    "11": {
      "collective": 0,
      "individual": 0,
      "connected": 1,
      "disconnected": 0,
      "giving": 3,
      "taking": 2,
      "mutuality_ratio": 1.3333333333333333,
      "cooperative_pct": 3.389830508474576,
      "uncooperative_pct": 1.694915254237288,
      "total_words": 118
    },
    "12": {
      "collective": 0,
      "individual": 0,
      "connected": 1,
      "disconnected": 0,
      "giving": 2,
      "taking": 1,