condition,condition_label,n_simulations,mean_trust_ratio,std_trust_ratio,mean_return_ratio,std_return_ratio,mean_final_balance,std_final_balance
game,Game Only,10,0.7432000000000001,0.06301079272632587,0.6394744936406027,0.05731450838366964,62.15999999999999,3.150539636316293
game_myth,Game → Myth,9,0.7901111111111111,0.05310041733346033,0.6493383542109886,0.07218961532573875,64.50555555555555,2.655020866673016
myth_game,Myth → Game,10,0.7754000000000001,0.0771689056550629,0.6796929532631767,0.07484071741938887,63.77,3.8584452827531464
