regime,run,round,agent,n_tokens,policing,reputation,institution,conditional_threat,myth_reference,surveillance,justice_moral,stranger
anon,sonnet45_8agent_myth_directive_history3_anon_r10_n5_000_neutral_rep00_myth_game_directive_anything,1,Agent_8,198,0,0,0,0,1,1,0,0
anon,sonnet45_8agent_myth_directive_history3_anon_r10_n5_000_neutral_rep00_myth_game_directive_anything,1,Agent_6,204,0,0,0,0,1,2,4,0
anon,sonnet45_8agent_myth_directive_history3_anon_r10_n5_000_neutral_rep00_myth_game_directive_anything,1,Agent_3,209,0,0,0,0,1,0,4,0
anon,sonnet45_8agent_myth_directive_history3_anon_r10_n5_000_neutral_rep00_myth_game_directive_anything,1,Agent_2,212,0,0,0,0,1,0,1,1
anon,sonnet45_8agent_myth_directive_history3_anon_r10_n5_000_neutral_rep00_myth_game_directive_anything,1,Agent_4,214,0,0,0,0,2,0,1,1
anon,sonnet45_8agent_myth_directive_history3_anon_r10_n5_000_neutral_rep00_myth_game_directive_anything,1,Agent_1,203,0,0,1,0,1,1,2,0
anon,sonnet45_8agent_myth_directive_history3_anon_r10_n5_000_neutral_rep00_myth_game_directive_anything,1,Agent_5,212,0,0,1,0,1,0,4,0
anon,sonnet45_8agent_myth_directive_history3_anon_r10_n5_000_neutral_rep00_myth_game_directive_anything,1,Agent_7,211,1,0,3,0,1,0,3,0
anon,sonnet45_8agent_myth_directive_history3_anon_r10_n5_000_neutral_rep00_myth_game_directive_anything,2,Agent_6,211,0,0,2,0,1,2,5,0
anon,sonnet45_8agent_myth_directive_history3_anon_r10_n5_000_neutral_rep00_myth_game_directive_anything,2,Agent_4,209,0,0,0,0,1,1,1,0
anon,sonnet45_8agent_myth_directive_history3_anon_r10_n5_000_neutral_rep00_myth_game_directive_anything,2,Agent_7,214,0,0,1,0,1,1,2,0
anon,sonnet45_8agent_myth_directive_history3_anon_r10_n5_000_neutral_rep00_myth_game_directive_anything,2,Agent_8,204,0,0,0,0,1,2,0,4
anon,sonnet45_8agent_myth_directive_history3_anon_r10_n5_000_neutral_rep00_myth_game_directive_anything,2,Agent_2,204,0,0,0,0,1,0,2,1
anon,sonnet45_8agent_myth_directive_history3_anon_r10_n5_000_neutral_rep00_myth_game_directive_anything,2,Agent_5,214,0,0,3,0,1,1,4,0
anon,sonnet45_8agent_myth_directive_history3_anon_r10_n5_000_neutral_rep00_myth_game_directive_anything,2,Agent_1,208,0,0,0,0,1,3,1,0
anon,sonnet45_8agent_myth_directive_history3_anon_r10_n5_000_neutral_rep00_myth_game_directive_anything,2,Agent_3,205,0,0,0,0,1,0,1,0
anon,sonnet45_8agent_myth_directive_history3_anon_r10_n5_000_neutral_rep00_myth_game_directive_anything,3,Agent_5,218,0,0,3,0,1,3,4,2
anon,sonnet45_8agent_myth_directive_history3_anon_r10_n5_000_neutral_rep00_myth_game_directive_anything,3,Agent_8,208,1,0,0,0,1,0,4,0
anon,sonnet45_8agent_myth_directive_history3_anon_r10_n5_000_neutral_rep00_myth_game_directive_anything,3,Agent_4,207,0,0,1,0,1,2,4,5
anon,sonnet45_8agent_myth_directive_history3_anon_r10_n5_000_neutral_rep00_myth_game_directive_anything,3,Agent_2,220,0,0,4,0,3,3,6,3
anon,sonnet45_8agent_myth_directive_history3_anon_r10_n5_000_neutral_rep00_myth_game_directive_anything,3,Agent_1,213,0,0,0,0,1,2,6,0
anon,sonnet45_8agent_myth_directive_history3_anon_r10_n5_000_neutral_rep00_myth_game_directive_anything,3,Agent_6,215,0,0,0,0,1,2,4,0
anon,sonnet45_8agent_myth_directive_history3_anon_r10_n5_000_neutral_rep00_myth_game_directive_anything,3,Agent_3,214,0,0,3,0,1,2,1,0
anon,sonnet45_8agent_myth_directive_history3_anon_r10_n5_000_neutral_rep00_myth_game_directive_anything,3,Agent_7,206,1,3,1,0,1,1,3,0
anon,sonnet45_8agent_myth_directive_history3_anon_r10_n5_000_neutral_rep00_myth_game_directive_anything,4,Agent_2,217,0,1,3,0,1,0,5,2
anon,sonnet45_8agent_myth_directive_history3_anon_r10_n5_000_neutral_rep00_myth_game_directive_anything,4,Agent_1,218,1,2,1,0,1,0,3,0
anon,sonnet45_8agent_myth_directive_history3_anon_r10_n5_000_neutral_rep00_myth_game_directive_anything,4,Agent_8,209,1,0,0,0,1,0,2,0
anon,sonnet45_8agent_myth_directive_history3_anon_r10_n5_000_neutral_rep00_myth_game_directive_anything,4,Agent_4,217,0,0,0,0,1,2,8,4
anon,sonnet45_8agent_myth_directive_history3_anon_r10_n5_000_neutral_rep00_myth_game_directive_anything,4,Agent_6,223,1,2,1,0,1,0,2,0
anon,sonnet45_8agent_myth_directive_history3_anon_r10_n5_000_neutral_rep00_myth_game_directive_anything,4,Agent_3,207,0,1,4,0,1,1,2,0
anon,sonnet45_8agent_myth_directive_history3_anon_r10_n5_000_neutral_rep00_myth_game_directive_anything,4,Agent_7,214,0,3,1,0,1,1,2,0
anon,sonnet45_8agent_myth_directive_history3_anon_r10_n5_000_neutral_rep00_myth_game_directive_anything,4,Agent_5,213,1,0,2,0,1,1,4,0
anon,sonnet45_8agent_myth_directive_history3_anon_r10_n5_000_neutral_rep00_myth_game_directive_anything,5,Agent_7,215,0,2,2,0,1,1,2,1
anon,sonnet45_8agent_myth_directive_history3_anon_r10_n5_000_neutral_rep00_myth_game_directive_anything,5,Agent_1,229,0,0,0,0,1,2,5,0
anon,sonnet45_8agent_myth_directive_history3_anon_r10_n5_000_neutral_rep00_myth_game_directive_anything,5,Agent_6,214,2,0,2,0,2,0,5,0
anon,sonnet45_8agent_myth_directive_history3_anon_r10_n5_000_neutral_rep00_myth_game_directive_anything,5,Agent_5,198,0,2,2,0,1,2,2,2
anon,sonnet45_8agent_myth_directive_history3_anon_r10_n5_000_neutral_rep00_myth_game_directive_anything,5,Agent_2,220,1,0,2,0,1,2,3,3
anon,sonnet45_8agent_myth_directive_history3_anon_r10_n5_000_neutral_rep00_myth_game_directive_anything,5,Agent_4,217,0,1,0,0,1,0,10,0
anon,sonnet45_8agent_myth_directive_history3_anon_r10_n5_000_neutral_rep00_myth_game_directive_anything,5,Agent_8,219,0,0,0,0,2,1,2,0
anon,sonnet45_8agent_myth_directive_history3_anon_r10_n5_000_neutral_rep00_myth_game_directive_anything,5,Agent_3,222,2,1,9,0,1,0,2,0
anon,sonnet45_8agent_myth_directive_history3_anon_r10_n5_000_neutral_rep00_myth_game_directive_anything,6,Agent_3,232,1,1,8,0,1,0,1,0
anon,sonnet45_8agent_myth_directive_history3_anon_r10_n5_000_neutral_rep00_myth_game_directive_anything,6,Agent_6,217,0,2,2,0,1,0,1,1
anon,sonnet45_8agent_myth_directive_history3_anon_r10_n5_000_neutral_rep00_myth_game_directive_anything,6,Agent_1,235,0,0,3,0,1,1,5,0
anon,sonnet45_8agent_myth_directive_history3_anon_r10_n5_000_neutral_rep00_myth_game_directive_anything,6,Agent_8,218,0,0,6,0,1,0,2,0
anon,sonnet45_8agent_myth_directive_history3_anon_r10_n5_000_neutral_rep00_myth_game_directive_anything,6,Agent_4,217,1,1,1,0,1,1,5,0
anon,sonnet45_8agent_myth_directive_history3_anon_r10_n5_000_neutral_rep00_myth_game_directive_anything,6,Agent_7,223,0,1,2,0,1,1,3,0
anon,sonnet45_8agent_myth_directive_history3_anon_r10_n5_000_neutral_rep00_myth_game_directive_anything,6,Agent_5,206,1,1,3,0,1,0,2,0
anon,sonnet45_8agent_myth_directive_history3_anon_r10_n5_000_neutral_rep00_myth_game_directive_anything,6,Agent_2,224,0,1,5,0,1,1,4,1
anon,sonnet45_8agent_myth_directive_history3_anon_r10_n5_000_neutral_rep00_myth_game_directive_anything,7,Agent_7,217,0,0,2,0,1,0,3,0
anon,sonnet45_8agent_myth_directive_history3_anon_r10_n5_000_neutral_rep00_myth_game_directive_anything,7,Agent_2,225,0,0,1,0,1,3,6,1
anon,sonnet45_8agent_myth_directive_history3_anon_r10_n5_000_neutral_rep00_myth_game_directive_anything,7,Agent_3,225,1,4,5,0,2,2,2,0
anon,sonnet45_8agent_myth_directive_history3_anon_r10_n5_000_neutral_rep00_myth_game_directive_anything,7,Agent_8,215,0,1,4,0,1,2,5,0
anon,sonnet45_8agent_myth_directive_history3_anon_r10_n5_000_neutral_rep00_myth_game_directive_anything,7,Agent_4,224,1,2,0,0,1,1,3,0
anon,sonnet45_8agent_myth_directive_history3_anon_r10_n5_000_neutral_rep00_myth_game_directive_anything,7,Agent_1,234,0,1,4,0,1,2,4,0
anon,sonnet45_8agent_myth_directive_history3_anon_r10_n5_000_neutral_rep00_myth_game_directive_anything,7,Agent_5,201,0,2,1,0,1,0,4,0
anon,sonnet45_8agent_myth_directive_history3_anon_r10_n5_000_neutral_rep00_myth_game_directive_anything,7,Agent_6,226,1,1,6,0,1,0,0,0
anon,sonnet45_8agent_myth_directive_history3_anon_r10_n5_000_neutral_rep00_myth_game_directive_anything,8,Agent_1,219,0,0,1,0,1,1,3,0
anon,sonnet45_8agent_myth_directive_history3_anon_r10_n5_000_neutral_rep00_myth_game_directive_anything,8,Agent_5,207,2,5,1,0,1,0,1,1
anon,sonnet45_8agent_myth_directive_history3_anon_r10_n5_000_neutral_rep00_myth_game_directive_anything,8,Agent_6,228,2,1,3,0,1,0,2,1
anon,sonnet45_8agent_myth_directive_history3_anon_r10_n5_000_neutral_rep00_myth_game_directive_anything,8,Agent_7,227,0,0,2,0,1,2,1,0
anon,sonnet45_8agent_myth_directive_history3_anon_r10_n5_000_neutral_rep00_myth_game_directive_anything,8,Agent_2,220,0,0,4,0,1,0,5,0
anon,sonnet45_8agent_myth_directive_history3_anon_r10_n5_000_neutral_rep00_myth_game_directive_anything,8,Agent_3,225,1,2,10,0,1,3,3,0
anon,sonnet45_8agent_myth_directive_history3_anon_r10_n5_000_neutral_rep00_myth_game_directive_anything,8,Agent_8,210,0,2,4,0,1,1,1,0
anon,sonnet45_8agent_myth_directive_history3_anon_r10_n5_000_neutral_rep00_myth_game_directive_anything,8,Agent_4,221,0,0,0,0,1,2,3,0
anon,sonnet45_8agent_myth_directive_history3_anon_r10_n5_000_neutral_rep00_myth_game_directive_anything,9,Agent_2,213,2,1,2,0,1,0,4,0
anon,sonnet45_8agent_myth_directive_history3_anon_r10_n5_000_neutral_rep00_myth_game_directive_anything,9,Agent_7,224,0,0,4,0,1,1,3,0
anon,sonnet45_8agent_myth_directive_history3_anon_r10_n5_000_neutral_rep00_myth_game_directive_anything,9,Agent_5,212,0,2,0,0,1,0,1,1
anon,sonnet45_8agent_myth_directive_history3_anon_r10_n5_000_neutral_rep00_myth_game_directive_anything,9,Agent_8,208,0,3,3,0,2,2,1,0
anon,sonnet45_8agent_myth_directive_history3_anon_r10_n5_000_neutral_rep00_myth_game_directive_anything,9,Agent_1,226,0,2,0,0,1,1,0,1
anon,sonnet45_8agent_myth_directive_history3_anon_r10_n5_000_neutral_rep00_myth_game_directive_anything,9,Agent_6,226,0,0,5,0,1,1,2,0
anon,sonnet45_8agent_myth_directive_history3_anon_r10_n5_000_neutral_rep00_myth_game_directive_anything,9,Agent_3,232,2,1,6,0,1,1,5,1
anon,sonnet45_8agent_myth_directive_history3_anon_r10_n5_000_neutral_rep00_myth_game_directive_anything,9,Agent_4,220,0,2,0,0,1,0,6,0
anon,sonnet45_8agent_myth_directive_history3_anon_r10_n5_000_neutral_rep00_myth_game_directive_anything,10,Agent_6,240,0,1,4,0,1,0,3,0
anon,sonnet45_8agent_myth_directive_history3_anon_r10_n5_000_neutral_rep00_myth_game_directive_anything,10,Agent_2,215,0,0,1,0,1,0,0,0
anon,sonnet45_8agent_myth_directive_history3_anon_r10_n5_000_neutral_rep00_myth_game_directive_anything,10,Agent_7,218,0,1,2,0,1,0,3,0
anon,sonnet45_8agent_myth_directive_history3_anon_r10_n5_000_neutral_rep00_myth_game_directive_anything,10,Agent_1,223,1,1,3,0,1,2,1,0
anon,sonnet45_8agent_myth_directive_history3_anon_r10_n5_000_neutral_rep00_myth_game_directive_anything,10,Agent_8,220,0,2,2,0,2,1,7,0
anon,sonnet45_8agent_myth_directive_history3_anon_r10_n5_000_neutral_rep00_myth_game_directive_anything,10,Agent_3,236,2,0,1,0,1,1,1,0
anon,sonnet45_8agent_myth_directive_history3_anon_r10_n5_000_neutral_rep00_myth_game_directive_anything,10,Agent_4,220,0,0,0,0,1,2,4,0
anon,sonnet45_8agent_myth_directive_history3_anon_r10_n5_000_neutral_rep00_myth_game_directive_anything,10,Agent_5,208,2,1,0,0,1,1,1,0
anon,sonnet45_8agent_myth_directive_history3_anon_r10_n5_001_neutral_rep01_myth_game_directive_anything,1,Agent_8,209,0,0,0,0,1,0,3,0
anon,sonnet45_8agent_myth_directive_history3_anon_r10_n5_001_neutral_rep01_myth_game_directive_anything,1,Agent_1,208,0,0,1,0,1,4,1,0
anon,sonnet45_8agent_myth_directive_history3_anon_r10_n5_001_neutral_rep01_myth_game_directive_anything,1,Agent_4,200,0,0,0,0,1,2,2,0
anon,sonnet45_8agent_myth_directive_history3_anon_r10_n5_001_neutral_rep01_myth_game_directive_anything,1,Agent_2,204,0,0,1,0,1,2,2,0
anon,sonnet45_8agent_myth_directive_history3_anon_r10_n5_001_neutral_rep01_myth_game_directive_anything,1,Agent_6,204,0,0,1,0,1,1,2,0
anon,sonnet45_8agent_myth_directive_history3_anon_r10_n5_001_neutral_rep01_myth_game_directive_anything,1,Agent_7,207,0,0,1,0,1,0,5,0
anon,sonnet45_8agent_myth_directive_history3_anon_r10_n5_001_neutral_rep01_myth_game_directive_anything,1,Agent_5,215,0,0,1,1,1,2,1,0
anon,sonnet45_8agent_myth_directive_history3_anon_r10_n5_001_neutral_rep01_myth_game_directive_anything,1,Agent_3,197,1,0,2,0,1,0,0,0
anon,sonnet45_8agent_myth_directive_history3_anon_r10_n5_001_neutral_rep01_myth_game_directive_anything,2,Agent_1,197,1,0,1,0,2,3,5,0
anon,sonnet45_8agent_myth_directive_history3_anon_r10_n5_001_neutral_rep01_myth_game_directive_anything,2,Agent_4,208,0,0,0,0,1,0,2,0
anon,sonnet45_8agent_myth_directive_history3_anon_r10_n5_001_neutral_rep01_myth_game_directive_anything,2,Agent_2,203,0,0,0,0,1,1,2,0
anon,sonnet45_8agent_myth_directive_history3_anon_r10_n5_001_neutral_rep01_myth_game_directive_anything,2,Agent_5,204,0,0,0,0,1,0,0,0
anon,sonnet45_8agent_myth_directive_history3_anon_r10_n5_001_neutral_rep01_myth_game_directive_anything,2,Agent_7,207,0,0,1,0,1,1,3,0
anon,sonnet45_8agent_myth_directive_history3_anon_r10_n5_001_neutral_rep01_myth_game_directive_anything,2,Agent_6,209,1,0,1,0,2,0,3,1
anon,sonnet45_8agent_myth_directive_history3_anon_r10_n5_001_neutral_rep01_myth_game_directive_anything,2,Agent_3,203,0,0,1,0,1,0,3,0
anon,sonnet45_8agent_myth_directive_history3_anon_r10_n5_001_neutral_rep01_myth_game_directive_anything,2,Agent_8,200,0,0,0,0,1,0,1,0
anon,sonnet45_8agent_myth_directive_history3_anon_r10_n5_001_neutral_rep01_myth_game_directive_anything,3,Agent_1,220,2,0,1,0,1,3,4,0
anon,sonnet45_8agent_myth_directive_history3_anon_r10_n5_001_neutral_rep01_myth_game_directive_anything,3,Agent_2,209,0,0,1,0,1,1,2,0
anon,sonnet45_8agent_myth_directive_history3_anon_r10_n5_001_neutral_rep01_myth_game_directive_anything,3,Agent_7,215,0,0,0,0,1,2,3,0
anon,sonnet45_8agent_myth_directive_history3_anon_r10_n5_001_neutral_rep01_myth_game_directive_anything,3,Agent_3,204,0,0,0,0,2,3,2,0
anon,sonnet45_8agent_myth_directive_history3_anon_r10_n5_001_neutral_rep01_myth_game_directive_anything,3,Agent_5,197,0,1,4,0,1,1,4,2
anon,sonnet45_8agent_myth_directive_history3_anon_r10_n5_001_neutral_rep01_myth_game_directive_anything,3,Agent_8,214,0,1,0,0,1,0,1,0
anon,sonnet45_8agent_myth_directive_history3_anon_r10_n5_001_neutral_rep01_myth_game_directive_anything,3,Agent_6,212,0,0,2,0,2,0,5,1
anon,sonnet45_8agent_myth_directive_history3_anon_r10_n5_001_neutral_rep01_myth_game_directive_anything,3,Agent_4,212,0,1,0,0,1,2,5,0
anon,sonnet45_8agent_myth_directive_history3_anon_r10_n5_001_neutral_rep01_myth_game_directive_anything,4,Agent_2,212,1,0,2,0,1,0,4,1
anon,sonnet45_8agent_myth_directive_history3_anon_r10_n5_001_neutral_rep01_myth_game_directive_anything,4,Agent_7,212,0,0,1,0,2,1,4,0
anon,sonnet45_8agent_myth_directive_history3_anon_r10_n5_001_neutral_rep01_myth_game_directive_anything,4,Agent_3,215,0,1,2,0,2,1,4,0
anon,sonnet45_8agent_myth_directive_history3_anon_r10_n5_001_neutral_rep01_myth_game_directive_anything,4,Agent_1,222,0,2,1,0,1,1,1,0
anon,sonnet45_8agent_myth_directive_history3_anon_r10_n5_001_neutral_rep01_myth_game_directive_anything,4,Agent_4,213,0,1,3,0,1,6,6,0
anon,sonnet45_8agent_myth_directive_history3_anon_r10_n5_001_neutral_rep01_myth_game_directive_anything,4,Agent_5,215,0,0,2,0,1,0,3,0
anon,sonnet45_8agent_myth_directive_history3_anon_r10_n5_001_neutral_rep01_myth_game_directive_anything,4,Agent_8,214,0,0,0,0,1,1,3,0
anon,sonnet45_8agent_myth_directive_history3_anon_r10_n5_001_neutral_rep01_myth_game_directive_anything,4,Agent_6,213,0,0,1,0,1,2,3,0
anon,sonnet45_8agent_myth_directive_history3_anon_r10_n5_001_neutral_rep01_myth_game_directive_anything,5,Agent_4,211,0,5,3,0,1,5,2,0
anon,sonnet45_8agent_myth_directive_history3_anon_r10_n5_001_neutral_rep01_myth_game_directive_anything,5,Agent_3,225,0,0,1,0,1,2,0,0
anon,sonnet45_8agent_myth_directive_history3_anon_r10_n5_001_neutral_rep01_myth_game_directive_anything,5,Agent_7,211,0,0,0,0,1,0,2,0
anon,sonnet45_8agent_myth_directive_history3_anon_r10_n5_001_neutral_rep01_myth_game_directive_anything,5,Agent_1,214,0,0,0,0,1,1,3,0
anon,sonnet45_8agent_myth_directive_history3_anon_r10_n5_001_neutral_rep01_myth_game_directive_anything,5,Agent_5,222,0,1,2,0,1,0,3,0
anon,sonnet45_8agent_myth_directive_history3_anon_r10_n5_001_neutral_rep01_myth_game_directive_anything,5,Agent_6,217,0,0,0,0,1,3,3,1
anon,sonnet45_8agent_myth_directive_history3_anon_r10_n5_001_neutral_rep01_myth_game_directive_anything,5,Agent_8,216,0,1,0,0,1,3,0,0
anon,sonnet45_8agent_myth_directive_history3_anon_r10_n5_001_neutral_rep01_myth_game_directive_anything,5,Agent_2,221,0,0,0,0,1,1,5,0
anon,sonnet45_8agent_myth_directive_history3_anon_r10_n5_001_neutral_rep01_myth_game_directive_anything,6,Agent_6,215,0,1,0,0,1,1,4,0
anon,sonnet45_8agent_myth_directive_history3_anon_r10_n5_001_neutral_rep01_myth_game_directive_anything,6,Agent_5,214,0,0,2,0,1,1,4,0
anon,sonnet45_8agent_myth_directive_history3_anon_r10_n5_001_neutral_rep01_myth_game_directive_anything,6,Agent_1,219,0,0,2,0,1,1,5,0
anon,sonnet45_8agent_myth_directive_history3_anon_r10_n5_001_neutral_rep01_myth_game_directive_anything,6,Agent_7,207,0,0,0,0,1,1,1,0
anon,sonnet45_8agent_myth_directive_history3_anon_r10_n5_001_neutral_rep01_myth_game_directive_anything,6,Agent_3,219,0,2,3,0,1,2,2,1
anon,sonnet45_8agent_myth_directive_history3_anon_r10_n5_001_neutral_rep01_myth_game_directive_anything,6,Agent_8,216,0,0,0,0,1,5,3,0
anon,sonnet45_8agent_myth_directive_history3_anon_r10_n5_001_neutral_rep01_myth_game_directive_anything,6,Agent_2,210,0,0,2,0,1,1,2,0
anon,sonnet45_8agent_myth_directive_history3_anon_r10_n5_001_neutral_rep01_myth_game_directive_anything,6,Agent_4,220,0,5,1,0,1,4,2,1
anon,sonnet45_8agent_myth_directive_history3_anon_r10_n5_001_neutral_rep01_myth_game_directive_anything,7,Agent_6,218,0,1,0,0,1,1,4,0
anon,sonnet45_8agent_myth_directive_history3_anon_r10_n5_001_neutral_rep01_myth_game_directive_anything,7,Agent_8,213,0,1,0,0,1,1,3,0
anon,sonnet45_8agent_myth_directive_history3_anon_r10_n5_001_neutral_rep01_myth_game_directive_anything,7,Agent_2,211,0,4,2,0,2,1,2,1
anon,sonnet45_8agent_myth_directive_history3_anon_r10_n5_001_neutral_rep01_myth_game_directive_anything,7,Agent_3,226,0,1,3,0,1,1,2,0
anon,sonnet45_8agent_myth_directive_history3_anon_r10_n5_001_neutral_rep01_myth_game_directive_anything,7,Agent_4,231,0,2,3,0,2,4,2,1
anon,sonnet45_8agent_myth_directive_history3_anon_r10_n5_001_neutral_rep01_myth_game_directive_anything,7,Agent_7,234,0,0,1,0,2,1,3,0
anon,sonnet45_8agent_myth_directive_history3_anon_r10_n5_001_neutral_rep01_myth_game_directive_anything,7,Agent_1,224,0,0,2,0,1,0,3,0
anon,sonnet45_8agent_myth_directive_history3_anon_r10_n5_001_neutral_rep01_myth_game_directive_anything,7,Agent_5,211,0,1,6,0,1,0,3,0
anon,sonnet45_8agent_myth_directive_history3_anon_r10_n5_001_neutral_rep01_myth_game_directive_anything,8,Agent_8,217,0,0,0,0,1,1,2,0
anon,sonnet45_8agent_myth_directive_history3_anon_r10_n5_001_neutral_rep01_myth_game_directive_anything,8,Agent_4,234,0,3,2,0,2,4,6,1
anon,sonnet45_8agent_myth_directive_history3_anon_r10_n5_001_neutral_rep01_myth_game_directive_anything,8,Agent_3,217,0,2,4,0,1,1,6,0
anon,sonnet45_8agent_myth_directive_history3_anon_r10_n5_001_neutral_rep01_myth_game_directive_anything,8,Agent_6,208,0,0,2,0,1,1,4,0
anon,sonnet45_8agent_myth_directive_history3_anon_r10_n5_001_neutral_rep01_myth_game_directive_anything,8,Agent_7,214,0,0,0,0,2,1,3,0
anon,sonnet45_8agent_myth_directive_history3_anon_r10_n5_001_neutral_rep01_myth_game_directive_anything,8,Agent_2,219,0,4,0,0,1,0,1,0
anon,sonnet45_8agent_myth_directive_history3_anon_r10_n5_001_neutral_rep01_myth_game_directive_anything,8,Agent_5,231,0,0,5,0,1,0,3,0
anon,sonnet45_8agent_myth_directive_history3_anon_r10_n5_001_neutral_rep01_myth_game_directive_anything,8,Agent_1,236,0,1,6,0,2,0,3,0
anon,sonnet45_8agent_myth_directive_history3_anon_r10_n5_001_neutral_rep01_myth_game_directive_anything,9,Agent_5,227,0,0,7,0,1,2,5,0
anon,sonnet45_8agent_myth_directive_history3_anon_r10_n5_001_neutral_rep01_myth_game_directive_anything,9,Agent_7,217,0,2,0,0,1,2,1,1
anon,sonnet45_8agent_myth_directive_history3_anon_r10_n5_001_neutral_rep01_myth_game_directive_anything,9,Agent_3,221,0,1,3,0,1,1,2,0
anon,sonnet45_8agent_myth_directive_history3_anon_r10_n5_001_neutral_rep01_myth_game_directive_anything,9,Agent_4,222,0,2,3,0,1,4,2,0
anon,sonnet45_8agent_myth_directive_history3_anon_r10_n5_001_neutral_rep01_myth_game_directive_anything,9,Agent_2,211,0,4,3,0,1,3,0,0
anon,sonnet45_8agent_myth_directive_history3_anon_r10_n5_001_neutral_rep01_myth_game_directive_anything,9,Agent_8,219,0,1,1,0,1,1,4,0
anon,sonnet45_8agent_myth_directive_history3_anon_r10_n5_001_neutral_rep01_myth_game_directive_anything,9,Agent_1,234,0,1,5,0,1,1,5,0
anon,sonnet45_8agent_myth_directive_history3_anon_r10_n5_001_neutral_rep01_myth_game_directive_anything,9,Agent_6,214,0,0,3,0,1,0,5,0
anon,sonnet45_8agent_myth_directive_history3_anon_r10_n5_001_neutral_rep01_myth_game_directive_anything,10,Agent_7,204,0,0,7,0,1,1,1,0
anon,sonnet45_8agent_myth_directive_history3_anon_r10_n5_001_neutral_rep01_myth_game_directive_anything,10,Agent_3,231,0,2,4,0,1,2,3,0
anon,sonnet45_8agent_myth_directive_history3_anon_r10_n5_001_neutral_rep01_myth_game_directive_anything,10,Agent_6,214,0,0,3,0,1,0,5,0
anon,sonnet45_8agent_myth_directive_history3_anon_r10_n5_001_neutral_rep01_myth_game_directive_anything,10,Agent_2,221,0,3,1,0,1,4,0,0
anon,sonnet45_8agent_myth_directive_history3_anon_r10_n5_001_neutral_rep01_myth_game_directive_anything,10,Agent_4,218,0,2,5,0,2,2,4,0
anon,sonnet45_8agent_myth_directive_history3_anon_r10_n5_001_neutral_rep01_myth_game_directive_anything,10,Agent_1,226,0,0,4,0,1,0,5,0
anon,sonnet45_8agent_myth_directive_history3_anon_r10_n5_001_neutral_rep01_myth_game_directive_anything,10,Agent_8,225,0,1,3,0,1,0,2,0
anon,sonnet45_8agent_myth_directive_history3_anon_r10_n5_001_neutral_rep01_myth_game_directive_anything,10,Agent_5,226,0,2,1,0,1,1,4,0
anon,sonnet45_8agent_myth_directive_history3_anon_r10_n5_002_neutral_rep02_myth_game_directive_anything,1,Agent_7,208,0,0,2,0,1,0,0,0
anon,sonnet45_8agent_myth_directive_history3_anon_r10_n5_002_neutral_rep02_myth_game_directive_anything,1,Agent_2,215,0,0,1,0,0,0,5,0
anon,sonnet45_8agent_myth_directive_history3_anon_r10_n5_002_neutral_rep02_myth_game_directive_anything,1,Agent_3,203,0,0,0,0,1,2,2,0
anon,sonnet45_8agent_myth_directive_history3_anon_r10_n5_002_neutral_rep02_myth_game_directive_anything,1,Agent_6,208,0,0,2,0,1,0,4,0
anon,sonnet45_8agent_myth_directive_history3_anon_r10_n5_002_neutral_rep02_myth_game_directive_anything,1,Agent_4,209,0,0,0,0,1,0,0,0
anon,sonnet45_8agent_myth_directive_history3_anon_r10_n5_002_neutral_rep02_myth_game_directive_anything,1,Agent_5,200,0,0,1,0,1,2,1,1
anon,sonnet45_8agent_myth_directive_history3_anon_r10_n5_002_neutral_rep02_myth_game_directive_anything,1,Agent_8,210,0,0,2,0,1,2,4,0
anon,sonnet45_8agent_myth_directive_history3_anon_r10_n5_002_neutral_rep02_myth_game_directive_anything,1,Agent_1,205,0,0,0,0,1,1,0,0
anon,sonnet45_8agent_myth_directive_history3_anon_r10_n5_002_neutral_rep02_myth_game_directive_anything,2,Agent_6,206,0,0,1,0,1,0,3,0
anon,sonnet45_8agent_myth_directive_history3_anon_r10_n5_002_neutral_rep02_myth_game_directive_anything,2,Agent_4,202,1,0,0,0,2,0,2,0
anon,sonnet45_8agent_myth_directive_history3_anon_r10_n5_002_neutral_rep02_myth_game_directive_anything,2,Agent_2,211,0,0,0,0,1,1,2,0
anon,sonnet45_8agent_myth_directive_history3_anon_r10_n5_002_neutral_rep02_myth_game_directive_anything,2,Agent_3,201,0,0,0,0,2,0,3,0
anon,sonnet45_8agent_myth_directive_history3_anon_r10_n5_002_neutral_rep02_myth_game_directive_anything,2,Agent_5,207,0,0,1,0,1,1,1,1
anon,sonnet45_8agent_myth_directive_history3_anon_r10_n5_002_neutral_rep02_myth_game_directive_anything,2,Agent_8,210,0,0,2,0,1,2,2,0
anon,sonnet45_8agent_myth_directive_history3_anon_r10_n5_002_neutral_rep02_myth_game_directive_anything,2,Agent_1,214,0,0,1,0,1,1,0,0
anon,sonnet45_8agent_myth_directive_history3_anon_r10_n5_002_neutral_rep02_myth_game_directive_anything,2,Agent_7,217,1,0,2,0,1,1,3,0
anon,sonnet45_8agent_myth_directive_history3_anon_r10_n5_002_neutral_rep02_myth_game_directive_anything,3,Agent_3,214,0,0,0,0,1,1,2,0
anon,sonnet45_8agent_myth_directive_history3_anon_r10_n5_002_neutral_rep02_myth_game_directive_anything,3,Agent_8,224,0,0,2,0,1,2,3,0
anon,sonnet45_8agent_myth_directive_history3_anon_r10_n5_002_neutral_rep02_myth_game_directive_anything,3,Agent_2,219,0,2,1,0,1,3,4,0
anon,sonnet45_8agent_myth_directive_history3_anon_r10_n5_002_neutral_rep02_myth_game_directive_anything,3,Agent_5,209,1,0,0,0,1,0,1,0
anon,sonnet45_8agent_myth_directive_history3_anon_r10_n5_002_neutral_rep02_myth_game_directive_anything,3,Agent_4,211,0,0,0,0,1,1,2,0
anon,sonnet45_8agent_myth_directive_history3_anon_r10_n5_002_neutral_rep02_myth_game_directive_anything,3,Agent_7,223,1,2,2,0,1,0,4,0
anon,sonnet45_8agent_myth_directive_history3_anon_r10_n5_002_neutral_rep02_myth_game_directive_anything,3,Agent_1,214,0,1,1,0,1,2,5,0
anon,sonnet45_8agent_myth_directive_history3_anon_r10_n5_002_neutral_rep02_myth_game_directive_anything,3,Agent_6,215,1,0,4,0,1,1,1,0
anon,sonnet45_8agent_myth_directive_history3_anon_r10_n5_002_neutral_rep02_myth_game_directive_anything,4,Agent_8,220,0,0,2,0,1,0,1,0
anon,sonnet45_8agent_myth_directive_history3_anon_r10_n5_002_neutral_rep02_myth_game_directive_anything,4,Agent_2,228,1,0,1,0,1,1,2,1
anon,sonnet45_8agent_myth_directive_history3_anon_r10_n5_002_neutral_rep02_myth_game_directive_anything,4,Agent_7,223,0,1,2,0,1,1,2,0
anon,sonnet45_8agent_myth_directive_history3_anon_r10_n5_002_neutral_rep02_myth_game_directive_anything,4,Agent_1,226,0,1,4,0,1,3,2,0
anon,sonnet45_8agent_myth_directive_history3_anon_r10_n5_002_neutral_rep02_myth_game_directive_anything,4,Agent_5,206,0,0,2,0,1,3,4,0
anon,sonnet45_8agent_myth_directive_history3_anon_r10_n5_002_neutral_rep02_myth_game_directive_anything,4,Agent_3,211,0,0,0,0,1,1,5,0
anon,sonnet45_8agent_myth_directive_history3_anon_r10_n5_002_neutral_rep02_myth_game_directive_anything,4,Agent_6,222,0,0,2,0,1,1,3,0
anon,sonnet45_8agent_myth_directive_history3_anon_r10_n5_002_neutral_rep02_myth_game_directive_anything,4,Agent_4,217,0,0,1,0,1,1,2,0
anon,sonnet45_8agent_myth_directive_history3_anon_r10_n5_002_neutral_rep02_myth_game_directive_anything,5,Agent_6,231,0,0,3,0,1,1,2,1
anon,sonnet45_8agent_myth_directive_history3_anon_r10_n5_002_neutral_rep02_myth_game_directive_anything,5,Agent_7,215,0,2,0,0,1,0,1,0
anon,sonnet45_8agent_myth_directive_history3_anon_r10_n5_002_neutral_rep02_myth_game_directive_anything,5,Agent_3,213,0,1,1,0,1,5,3,0
anon,sonnet45_8agent_myth_directive_history3_anon_r10_n5_002_neutral_rep02_myth_game_directive_anything,5,Agent_5,211,0,0,0,0,1,3,1,2
anon,sonnet45_8agent_myth_directive_history3_anon_r10_n5_002_neutral_rep02_myth_game_directive_anything,5,Agent_4,228,0,1,1,0,1,3,2,0
anon,sonnet45_8agent_myth_directive_history3_anon_r10_n5_002_neutral_rep02_myth_game_directive_anything,5,Agent_8,226,1,0,1,0,1,1,1,3
anon,sonnet45_8agent_myth_directive_history3_anon_r10_n5_002_neutral_rep02_myth_game_directive_anything,5,Agent_2,220,0,0,2,0,1,0,0,0
anon,sonnet45_8agent_myth_directive_history3_anon_r10_n5_002_neutral_rep02_myth_game_directive_anything,5,Agent_1,221,0,2,1,0,1,1,4,0
anon,sonnet45_8agent_myth_directive_history3_anon_r10_n5_002_neutral_rep02_myth_game_directive_anything,6,Agent_8,230,0,2,1,0,2,0,2,0
anon,sonnet45_8agent_myth_directive_history3_anon_r10_n5_002_neutral_rep02_myth_game_directive_anything,6,Agent_2,226,0,0,2,0,1,1,2,0
anon,sonnet45_8agent_myth_directive_history3_anon_r10_n5_002_neutral_rep02_myth_game_directive_anything,6,Agent_1,226,0,2,1,0,1,1,1,0
anon,sonnet45_8agent_myth_directive_history3_anon_r10_n5_002_neutral_rep02_myth_game_directive_anything,6,Agent_4,233,1,0,3,0,1,1,1,2
anon,sonnet45_8agent_myth_directive_history3_anon_r10_n5_002_neutral_rep02_myth_game_directive_anything,6,Agent_5,221,0,0,1,0,1,5,2,0
anon,sonnet45_8agent_myth_directive_history3_anon_r10_n5_002_neutral_rep02_myth_game_directive_anything,6,Agent_6,219,0,2,2,0,1,0,2,1
anon,sonnet45_8agent_myth_directive_history3_anon_r10_n5_002_neutral_rep02_myth_game_directive_anything,6,Agent_7,219,0,0,2,0,1,0,2,2
anon,sonnet45_8agent_myth_directive_history3_anon_r10_n5_002_neutral_rep02_myth_game_directive_anything,6,Agent_3,219,0,0,3,0,1,4,3,0
anon,sonnet45_8agent_myth_directive_history3_anon_r10_n5_002_neutral_rep02_myth_game_directive_anything,7,Agent_6,216,0,3,4,0,1,2,1,1
anon,sonnet45_8agent_myth_directive_history3_anon_r10_n5_002_neutral_rep02_myth_game_directive_anything,7,Agent_8,224,0,2,0,0,2,2,0,2
anon,sonnet45_8agent_myth_directive_history3_anon_r10_n5_002_neutral_rep02_myth_game_directive_anything,7,Agent_5,231,0,4,3,0,2,0,3,1
anon,sonnet45_8agent_myth_directive_history3_anon_r10_n5_002_neutral_rep02_myth_game_directive_anything,7,Agent_1,225,0,1,1,0,1,0,0,1
anon,sonnet45_8agent_myth_directive_history3_anon_r10_n5_002_neutral_rep02_myth_game_directive_anything,7,Agent_7,220,0,1,3,0,2,3,2,0
anon,sonnet45_8agent_myth_directive_history3_anon_r10_n5_002_neutral_rep02_myth_game_directive_anything,7,Agent_3,216,0,0,1,0,1,1,1,3
anon,sonnet45_8agent_myth_directive_history3_anon_r10_n5_002_neutral_rep02_myth_game_directive_anything,7,Agent_4,223,0,2,0,0,1,1,0,3
anon,sonnet45_8agent_myth_directive_history3_anon_r10_n5_002_neutral_rep02_myth_game_directive_anything,7,Agent_2,222,0,0,2,0,1,2,0,0
anon,sonnet45_8agent_myth_directive_history3_anon_r10_n5_002_neutral_rep02_myth_game_directive_anything,8,Agent_8,221,0,1,1,0,1,1,1,2
anon,sonnet45_8agent_myth_directive_history3_anon_r10_n5_002_neutral_rep02_myth_game_directive_anything,8,Agent_7,222,0,0,3,0,1,3,1,1
anon,sonnet45_8agent_myth_directive_history3_anon_r10_n5_002_neutral_rep02_myth_game_directive_anything,8,Agent_2,224,0,2,1,0,2,1,1,3
anon,sonnet45_8agent_myth_directive_history3_anon_r10_n5_002_neutral_rep02_myth_game_directive_anything,8,Agent_5,219,1,1,2,0,3,0,1,0
anon,sonnet45_8agent_myth_directive_history3_anon_r10_n5_002_neutral_rep02_myth_game_directive_anything,8,Agent_3,222,0,0,2,0,2,4,3,0
anon,sonnet45_8agent_myth_directive_history3_anon_r10_n5_002_neutral_rep02_myth_game_directive_anything,8,Agent_4,225,0,0,1,0,2,0,0,0
anon,sonnet45_8agent_myth_directive_history3_anon_r10_n5_002_neutral_rep02_myth_game_directive_anything,8,Agent_1,224,1,3,2,0,3,1,2,2
anon,sonnet45_8agent_myth_directive_history3_anon_r10_n5_002_neutral_rep02_myth_game_directive_anything,8,Agent_6,212,1,0,2,0,1,3,0,1
anon,sonnet45_8agent_myth_directive_history3_anon_r10_n5_002_neutral_rep02_myth_game_directive_anything,9,Agent_2,227,0,1,1,0,1,2,0,6
anon,sonnet45_8agent_myth_directive_history3_anon_r10_n5_002_neutral_rep02_myth_game_directive_anything,9,Agent_6,220,1,3,2,0,3,2,0,0
anon,sonnet45_8agent_myth_directive_history3_anon_r10_n5_002_neutral_rep02_myth_game_directive_anything,9,Agent_1,235,3,0,1,0,2,2,0,3
anon,sonnet45_8agent_myth_directive_history3_anon_r10_n5_002_neutral_rep02_myth_game_directive_anything,9,Agent_4,228,0,1,2,0,1,1,2,1
anon,sonnet45_8agent_myth_directive_history3_anon_r10_n5_002_neutral_rep02_myth_game_directive_anything,9,Agent_3,233,0,0,0,0,1,2,1,0
anon,sonnet45_8agent_myth_directive_history3_anon_r10_n5_002_neutral_rep02_myth_game_directive_anything,9,Agent_8,223,0,1,1,0,1,1,1,1
anon,sonnet45_8agent_myth_directive_history3_anon_r10_n5_002_neutral_rep02_myth_game_directive_anything,9,Agent_5,222,0,1,1,0,1,1,2,1
anon,sonnet45_8agent_myth_directive_history3_anon_r10_n5_002_neutral_rep02_myth_game_directive_anything,9,Agent_7,221,0,1,0,0,1,1,0,0
anon,sonnet45_8agent_myth_directive_history3_anon_r10_n5_002_neutral_rep02_myth_game_directive_anything,10,Agent_7,212,2,1,1,0,1,2,0,1
anon,sonnet45_8agent_myth_directive_history3_anon_r10_n5_002_neutral_rep02_myth_game_directive_anything,10,Agent_3,212,2,1,0,0,1,5,0,0
anon,sonnet45_8agent_myth_directive_history3_anon_r10_n5_002_neutral_rep02_myth_game_directive_anything,10,Agent_8,225,0,0,0,0,1,2,2,0
anon,sonnet45_8agent_myth_directive_history3_anon_r10_n5_002_neutral_rep02_myth_game_directive_anything,10,Agent_1,227,0,0,2,0,1,0,2,1
anon,sonnet45_8agent_myth_directive_history3_anon_r10_n5_002_neutral_rep02_myth_game_directive_anything,10,Agent_4,219,0,0,3,0,1,0,0,3
anon,sonnet45_8agent_myth_directive_history3_anon_r10_n5_002_neutral_rep02_myth_game_directive_anything,10,Agent_5,220,3,0,0,0,2,3,1,1
anon,sonnet45_8agent_myth_directive_history3_anon_r10_n5_002_neutral_rep02_myth_game_directive_anything,10,Agent_6,215,0,0,2,0,1,2,0,0
anon,sonnet45_8agent_myth_directive_history3_anon_r10_n5_002_neutral_rep02_myth_game_directive_anything,10,Agent_2,220,3,2,0,0,3,0,2,2
anon,sonnet45_8agent_myth_directive_history3_anon_r10_n5_003_neutral_rep03_myth_game_directive_anything,1,Agent_6,204,0,0,2,0,1,1,0,0
anon,sonnet45_8agent_myth_directive_history3_anon_r10_n5_003_neutral_rep03_myth_game_directive_anything,1,Agent_3,207,0,0,0,0,1,0,1,0
anon,sonnet45_8agent_myth_directive_history3_anon_r10_n5_003_neutral_rep03_myth_game_directive_anything,1,Agent_5,208,0,0,1,0,1,0,3,0
anon,sonnet45_8agent_myth_directive_history3_anon_r10_n5_003_neutral_rep03_myth_game_directive_anything,1,Agent_2,199,0,0,0,0,1,0,1,0
anon,sonnet45_8agent_myth_directive_history3_anon_r10_n5_003_neutral_rep03_myth_game_directive_anything,1,Agent_8,193,1,0,1,0,1,0,3,0
anon,sonnet45_8agent_myth_directive_history3_anon_r10_n5_003_neutral_rep03_myth_game_directive_anything,1,Agent_7,210,0,0,1,0,1,0,1,0
anon,sonnet45_8agent_myth_directive_history3_anon_r10_n5_003_neutral_rep03_myth_game_directive_anything,1,Agent_4,210,1,0,3,0,1,0,2,0
anon,sonnet45_8agent_myth_directive_history3_anon_r10_n5_003_neutral_rep03_myth_game_directive_anything,1,Agent_1,208,0,0,0,0,1,0,0,0
anon,sonnet45_8agent_myth_directive_history3_anon_r10_n5_003_neutral_rep03_myth_game_directive_anything,2,Agent_2,207,0,0,1,0,1,2,2,0
anon,sonnet45_8agent_myth_directive_history3_anon_r10_n5_003_neutral_rep03_myth_game_directive_anything,2,Agent_6,215,0,0,1,0,1,1,0,0
anon,sonnet45_8agent_myth_directive_history3_anon_r10_n5_003_neutral_rep03_myth_game_directive_anything,2,Agent_7,211,0,0,2,0,1,2,3,0
anon,sonnet45_8agent_myth_directive_history3_anon_r10_n5_003_neutral_rep03_myth_game_directive_anything,2,Agent_4,207,0,0,1,0,2,2,2,0
anon,sonnet45_8agent_myth_directive_history3_anon_r10_n5_003_neutral_rep03_myth_game_directive_anything,2,Agent_3,216,1,0,0,0,1,2,1,0
anon,sonnet45_8agent_myth_directive_history3_anon_r10_n5_003_neutral_rep03_myth_game_directive_anything,2,Agent_5,208,0,0,0,0,1,2,3,0
anon,sonnet45_8agent_myth_directive_history3_anon_r10_n5_003_neutral_rep03_myth_game_directive_anything,2,Agent_1,220,1,0,1,0,1,0,2,0
anon,sonnet45_8agent_myth_directive_history3_anon_r10_n5_003_neutral_rep03_myth_game_directive_anything,2,Agent_8,211,0,0,1,0,1,1,2,0
anon,sonnet45_8agent_myth_directive_history3_anon_r10_n5_003_neutral_rep03_myth_game_directive_anything,3,Agent_8,217,0,0,1,0,1,2,2,0
anon,sonnet45_8agent_myth_directive_history3_anon_r10_n5_003_neutral_rep03_myth_game_directive_anything,3,Agent_1,215,0,0,1,0,1,0,2,0
anon,sonnet45_8agent_myth_directive_history3_anon_r10_n5_003_neutral_rep03_myth_game_directive_anything,3,Agent_4,219,0,0,0,0,1,0,4,0
anon,sonnet45_8agent_myth_directive_history3_anon_r10_n5_003_neutral_rep03_myth_game_directive_anything,3,Agent_7,207,0,0,0,0,1,2,0,0
anon,sonnet45_8agent_myth_directive_history3_anon_r10_n5_003_neutral_rep03_myth_game_directive_anything,3,Agent_5,214,0,1,0,0,3,1,7,0
anon,sonnet45_8agent_myth_directive_history3_anon_r10_n5_003_neutral_rep03_myth_game_directive_anything,3,Agent_6,217,0,0,0,0,1,1,3,0
anon,sonnet45_8agent_myth_directive_history3_anon_r10_n5_003_neutral_rep03_myth_game_directive_anything,3,Agent_2,211,1,0,0,0,2,2,4,0
anon,sonnet45_8agent_myth_directive_history3_anon_r10_n5_003_neutral_rep03_myth_game_directive_anything,3,Agent_3,212,0,0,1,0,1,2,1,0
anon,sonnet45_8agent_myth_directive_history3_anon_r10_n5_003_neutral_rep03_myth_game_directive_anything,4,Agent_3,228,0,0,0,0,1,2,3,0
anon,sonnet45_8agent_myth_directive_history3_anon_r10_n5_003_neutral_rep03_myth_game_directive_anything,4,Agent_4,225,0,2,0,0,1,10,11,0
anon,sonnet45_8agent_myth_directive_history3_anon_r10_n5_003_neutral_rep03_myth_game_directive_anything,4,Agent_7,208,0,0,1,0,1,1,4,0
anon,sonnet45_8agent_myth_directive_history3_anon_r10_n5_003_neutral_rep03_myth_game_directive_anything,4,Agent_2,198,0,0,0,0,1,3,3,0
anon,sonnet45_8agent_myth_directive_history3_anon_r10_n5_003_neutral_rep03_myth_game_directive_anything,4,Agent_6,222,0,0,1,0,2,2,4,0
anon,sonnet45_8agent_myth_directive_history3_anon_r10_n5_003_neutral_rep03_myth_game_directive_anything,4,Agent_8,216,0,1,0,0,1,1,2,0
anon,sonnet45_8agent_myth_directive_history3_anon_r10_n5_003_neutral_rep03_myth_game_directive_anything,4,Agent_1,205,0,0,1,0,1,2,8,0
anon,sonnet45_8agent_myth_directive_history3_anon_r10_n5_003_neutral_rep03_myth_game_directive_anything,4,Agent_5,216,2,3,0,0,2,2,7,0
anon,sonnet45_8agent_myth_directive_history3_anon_r10_n5_003_neutral_rep03_myth_game_directive_anything,5,Agent_6,226,0,3,2,0,1,1,4,1
anon,sonnet45_8agent_myth_directive_history3_anon_r10_n5_003_neutral_rep03_myth_game_directive_anything,5,Agent_7,215,0,5,1,0,2,2,2,0
anon,sonnet45_8agent_myth_directive_history3_anon_r10_n5_003_neutral_rep03_myth_game_directive_anything,5,Agent_1,233,0,1,0,0,2,0,4,0
anon,sonnet45_8agent_myth_directive_history3_anon_r10_n5_003_neutral_rep03_myth_game_directive_anything,5,Agent_3,223,1,3,1,0,1,0,2,0
anon,sonnet45_8agent_myth_directive_history3_anon_r10_n5_003_neutral_rep03_myth_game_directive_anything,5,Agent_5,230,1,1,1,0,1,2,6,0
anon,sonnet45_8agent_myth_directive_history3_anon_r10_n5_003_neutral_rep03_myth_game_directive_anything,5,Agent_8,231,0,0,0,0,1,1,2,0
anon,sonnet45_8agent_myth_directive_history3_anon_r10_n5_003_neutral_rep03_myth_game_directive_anything,5,Agent_2,215,1,2,1,0,1,1,1,0
anon,sonnet45_8agent_myth_directive_history3_anon_r10_n5_003_neutral_rep03_myth_game_directive_anything,5,Agent_4,226,2,2,0,0,1,3,8,0
anon,sonnet45_8agent_myth_directive_history3_anon_r10_n5_003_neutral_rep03_myth_game_directive_anything,6,Agent_3,223,0,1,1,0,1,1,3,0
anon,sonnet45_8agent_myth_directive_history3_anon_r10_n5_003_neutral_rep03_myth_game_directive_anything,6,Agent_1,232,0,2,1,0,1,0,1,0
anon,sonnet45_8agent_myth_directive_history3_anon_r10_n5_003_neutral_rep03_myth_game_directive_anything,6,Agent_7,218,0,0,2,0,1,0,5,0
anon,sonnet45_8agent_myth_directive_history3_anon_r10_n5_003_neutral_rep03_myth_game_directive_anything,6,Agent_5,232,1,2,1,0,1,5,5,0
anon,sonnet45_8agent_myth_directive_history3_anon_r10_n5_003_neutral_rep03_myth_game_directive_anything,6,Agent_8,226,0,0,2,0,1,2,2,0
anon,sonnet45_8agent_myth_directive_history3_anon_r10_n5_003_neutral_rep03_myth_game_directive_anything,6,Agent_2,230,1,1,1,0,2,0,6,0
anon,sonnet45_8agent_myth_directive_history3_anon_r10_n5_003_neutral_rep03_myth_game_directive_anything,6,Agent_4,225,0,0,0,0,1,0,13,0
anon,sonnet45_8agent_myth_directive_history3_anon_r10_n5_003_neutral_rep03_myth_game_directive_anything,6,Agent_6,222,0,5,1,0,2,3,2,1
anon,sonnet45_8agent_myth_directive_history3_anon_r10_n5_003_neutral_rep03_myth_game_directive_anything,7,Agent_6,223,1,1,2,0,1,1,12,0
anon,sonnet45_8agent_myth_directive_history3_anon_r10_n5_003_neutral_rep03_myth_game_directive_anything,7,Agent_2,223,0,3,1,0,1,0,6,0
anon,sonnet45_8agent_myth_directive_history3_anon_r10_n5_003_neutral_rep03_myth_game_directive_anything,7,Agent_5,235,0,3,2,0,1,0,4,0
anon,sonnet45_8agent_myth_directive_history3_anon_r10_n5_003_neutral_rep03_myth_game_directive_anything,7,Agent_4,224,0,1,1,0,2,4,9,0
anon,sonnet45_8agent_myth_directive_history3_anon_r10_n5_003_neutral_rep03_myth_game_directive_anything,7,Agent_1,225,1,2,1,0,1,1,1,0
anon,sonnet45_8agent_myth_directive_history3_anon_r10_n5_003_neutral_rep03_myth_game_directive_anything,7,Agent_7,217,0,4,2,0,1,0,3,0
anon,sonnet45_8agent_myth_directive_history3_anon_r10_n5_003_neutral_rep03_myth_game_directive_anything,7,Agent_8,231,0,0,4,0,2,0,4,0
anon,sonnet45_8agent_myth_directive_history3_anon_r10_n5_003_neutral_rep03_myth_game_directive_anything,7,Agent_3,222,0,0,1,0,1,0,1,1
anon,sonnet45_8agent_myth_directive_history3_anon_r10_n5_003_neutral_rep03_myth_game_directive_anything,8,Agent_3,227,0,0,7,0,1,1,2,1
anon,sonnet45_8agent_myth_directive_history3_anon_r10_n5_003_neutral_rep03_myth_game_directive_anything,8,Agent_8,240,0,0,3,0,1,1,0,0
anon,sonnet45_8agent_myth_directive_history3_anon_r10_n5_003_neutral_rep03_myth_game_directive_anything,8,Agent_4,228,0,2,2,0,1,3,9,0
anon,sonnet45_8agent_myth_directive_history3_anon_r10_n5_003_neutral_rep03_myth_game_directive_anything,8,Agent_5,223,0,2,0,0,1,1,3,0
anon,sonnet45_8agent_myth_directive_history3_anon_r10_n5_003_neutral_rep03_myth_game_directive_anything,8,Agent_2,226,0,2,1,0,1,2,6,0
anon,sonnet45_8agent_myth_directive_history3_anon_r10_n5_003_neutral_rep03_myth_game_directive_anything,8,Agent_1,223,0,3,0,0,2,1,1,1
anon,sonnet45_8agent_myth_directive_history3_anon_r10_n5_003_neutral_rep03_myth_game_directive_anything,8,Agent_7,229,0,0,3,0,1,0,3,0
anon,sonnet45_8agent_myth_directive_history3_anon_r10_n5_003_neutral_rep03_myth_game_directive_anything,8,Agent_6,242,1,3,1,0,1,0,8,0
anon,sonnet45_8agent_myth_directive_history3_anon_r10_n5_003_neutral_rep03_myth_game_directive_anything,9,Agent_5,220,0,0,0,0,1,0,2,1
anon,sonnet45_8agent_myth_directive_history3_anon_r10_n5_003_neutral_rep03_myth_game_directive_anything,9,Agent_3,242,0,0,7,0,1,0,1,0
anon,sonnet45_8agent_myth_directive_history3_anon_r10_n5_003_neutral_rep03_myth_game_directive_anything,9,Agent_8,234,0,0,6,0,1,1,2,0
anon,sonnet45_8agent_myth_directive_history3_anon_r10_n5_003_neutral_rep03_myth_game_directive_anything,9,Agent_6,231,1,1,2,0,1,0,3,0
anon,sonnet45_8agent_myth_directive_history3_anon_r10_n5_003_neutral_rep03_myth_game_directive_anything,9,Agent_1,223,0,0,0,0,3,0,2,0
anon,sonnet45_8agent_myth_directive_history3_anon_r10_n5_003_neutral_rep03_myth_game_directive_anything,9,Agent_7,237,1,2,2,0,1,1,3,0
anon,sonnet45_8agent_myth_directive_history3_anon_r10_n5_003_neutral_rep03_myth_game_directive_anything,9,Agent_4,222,0,1,0,0,1,2,8,0
anon,sonnet45_8agent_myth_directive_history3_anon_r10_n5_003_neutral_rep03_myth_game_directive_anything,9,Agent_2,218,1,1,0,0,5,1,4,0
anon,sonnet45_8agent_myth_directive_history3_anon_r10_n5_003_neutral_rep03_myth_game_directive_anything,10,Agent_3,236,0,1,5,0,1,1,1,0
anon,sonnet45_8agent_myth_directive_history3_anon_r10_n5_003_neutral_rep03_myth_game_directive_anything,10,Agent_4,219,0,3,0,0,3,1,10,0
anon,sonnet45_8agent_myth_directive_history3_anon_r10_n5_003_neutral_rep03_myth_game_directive_anything,10,Agent_2,234,0,3,2,0,1,2,8,0
anon,sonnet45_8agent_myth_directive_history3_anon_r10_n5_003_neutral_rep03_myth_game_directive_anything,10,Agent_5,225,1,0,3,0,1,2,3,0
anon,sonnet45_8agent_myth_directive_history3_anon_r10_n5_003_neutral_rep03_myth_game_directive_anything,10,Agent_7,240,0,3,1,0,1,0,2,0
anon,sonnet45_8agent_myth_directive_history3_anon_r10_n5_003_neutral_rep03_myth_game_directive_anything,10,Agent_8,233,0,0,6,0,1,3,3,0
anon,sonnet45_8agent_myth_directive_history3_anon_r10_n5_003_neutral_rep03_myth_game_directive_anything,10,Agent_6,225,1,0,2,0,1,0,3,0
anon,sonnet45_8agent_myth_directive_history3_anon_r10_n5_003_neutral_rep03_myth_game_directive_anything,10,Agent_1,229,0,1,1,0,1,1,1,0
anon,sonnet45_8agent_myth_directive_history3_anon_r10_n5_004_neutral_rep04_myth_game_directive_anything,1,Agent_6,217,0,0,1,0,1,1,3,0
anon,sonnet45_8agent_myth_directive_history3_anon_r10_n5_004_neutral_rep04_myth_game_directive_anything,1,Agent_3,203,1,0,2,0,1,1,3,0
anon,sonnet45_8agent_myth_directive_history3_anon_r10_n5_004_neutral_rep04_myth_game_directive_anything,1,Agent_4,204,0,0,2,0,1,0,1,0
anon,sonnet45_8agent_myth_directive_history3_anon_r10_n5_004_neutral_rep04_myth_game_directive_anything,1,Agent_1,204,0,0,0,0,1,1,1,0
anon,sonnet45_8agent_myth_directive_history3_anon_r10_n5_004_neutral_rep04_myth_game_directive_anything,1,Agent_7,206,0,0,0,0,1,0,1,0
anon,sonnet45_8agent_myth_directive_history3_anon_r10_n5_004_neutral_rep04_myth_game_directive_anything,1,Agent_8,203,0,0,3,0,1,1,2,0
anon,sonnet45_8agent_myth_directive_history3_anon_r10_n5_004_neutral_rep04_myth_game_directive_anything,1,Agent_2,209,0,0,1,0,0,1,1,0
anon,sonnet45_8agent_myth_directive_history3_anon_r10_n5_004_neutral_rep04_myth_game_directive_anything,1,Agent_5,209,0,0,0,0,0,1,1,0
anon,sonnet45_8agent_myth_directive_history3_anon_r10_n5_004_neutral_rep04_myth_game_directive_anything,2,Agent_1,197,0,0,2,0,1,0,2,0
anon,sonnet45_8agent_myth_directive_history3_anon_r10_n5_004_neutral_rep04_myth_game_directive_anything,2,Agent_2,218,0,0,2,0,1,3,1,0
anon,sonnet45_8agent_myth_directive_history3_anon_r10_n5_004_neutral_rep04_myth_game_directive_anything,2,Agent_3,206,0,0,3,0,1,1,2,0
anon,sonnet45_8agent_myth_directive_history3_anon_r10_n5_004_neutral_rep04_myth_game_directive_anything,2,Agent_4,215,0,0,2,0,1,1,2,0
anon,sonnet45_8agent_myth_directive_history3_anon_r10_n5_004_neutral_rep04_myth_game_directive_anything,2,Agent_8,203,0,0,2,0,1,2,4,0
anon,sonnet45_8agent_myth_directive_history3_anon_r10_n5_004_neutral_rep04_myth_game_directive_anything,2,Agent_6,202,0,0,0,0,1,1,2,0
anon,sonnet45_8agent_myth_directive_history3_anon_r10_n5_004_neutral_rep04_myth_game_directive_anything,2,Agent_5,213,0,0,1,0,1,2,3,0
anon,sonnet45_8agent_myth_directive_history3_anon_r10_n5_004_neutral_rep04_myth_game_directive_anything,2,Agent_7,203,0,0,1,0,1,2,2,0
anon,sonnet45_8agent_myth_directive_history3_anon_r10_n5_004_neutral_rep04_myth_game_directive_anything,3,Agent_1,206,0,0,0,0,2,0,1,0
anon,sonnet45_8agent_myth_directive_history3_anon_r10_n5_004_neutral_rep04_myth_game_directive_anything,3,Agent_7,206,0,1,1,0,1,1,3,0
anon,sonnet45_8agent_myth_directive_history3_anon_r10_n5_004_neutral_rep04_myth_game_directive_anything,3,Agent_6,202,0,2,1,0,1,2,3,0
anon,sonnet45_8agent_myth_directive_history3_anon_r10_n5_004_neutral_rep04_myth_game_directive_anything,3,Agent_2,212,0,0,2,0,1,0,5,0
anon,sonnet45_8agent_myth_directive_history3_anon_r10_n5_004_neutral_rep04_myth_game_directive_anything,3,Agent_5,219,0,0,1,0,1,1,3,0
anon,sonnet45_8agent_myth_directive_history3_anon_r10_n5_004_neutral_rep04_myth_game_directive_anything,3,Agent_3,213,0,0,1,0,1,3,2,0
anon,sonnet45_8agent_myth_directive_history3_anon_r10_n5_004_neutral_rep04_myth_game_directive_anything,3,Agent_4,210,1,0,1,0,1,1,3,0
anon,sonnet45_8agent_myth_directive_history3_anon_r10_n5_004_neutral_rep04_myth_game_directive_anything,3,Agent_8,208,1,1,2,0,1,2,2,0
anon,sonnet45_8agent_myth_directive_history3_anon_r10_n5_004_neutral_rep04_myth_game_directive_anything,4,Agent_8,216,0,0,1,0,1,0,1,0
anon,sonnet45_8agent_myth_directive_history3_anon_r10_n5_004_neutral_rep04_myth_game_directive_anything,4,Agent_5,210,0,0,0,0,1,0,2,1
anon,sonnet45_8agent_myth_directive_history3_anon_r10_n5_004_neutral_rep04_myth_game_directive_anything,4,Agent_2,216,0,0,3,0,1,3,5,1
anon,sonnet45_8agent_myth_directive_history3_anon_r10_n5_004_neutral_rep04_myth_game_directive_anything,4,Agent_4,219,0,0,0,0,1,2,3,0
anon,sonnet45_8agent_myth_directive_history3_anon_r10_n5_004_neutral_rep04_myth_game_directive_anything,4,Agent_7,218,0,0,3,0,1,1,3,0
anon,sonnet45_8agent_myth_directive_history3_anon_r10_n5_004_neutral_rep04_myth_game_directive_anything,4,Agent_6,213,0,1,0,0,1,4,3,0
anon,sonnet45_8agent_myth_directive_history3_anon_r10_n5_004_neutral_rep04_myth_game_directive_anything,4,Agent_3,226,1,3,4,0,1,1,1,0
anon,sonnet45_8agent_myth_directive_history3_anon_r10_n5_004_neutral_rep04_myth_game_directive_anything,4,Agent_1,214,2,1,2,0,1,1,1,0
anon,sonnet45_8agent_myth_directive_history3_anon_r10_n5_004_neutral_rep04_myth_game_directive_anything,5,Agent_5,224,0,0,3,0,1,1,2,1
anon,sonnet45_8agent_myth_directive_history3_anon_r10_n5_004_neutral_rep04_myth_game_directive_anything,5,Agent_1,219,0,0,2,0,1,1,2,0
anon,sonnet45_8agent_myth_directive_history3_anon_r10_n5_004_neutral_rep04_myth_game_directive_anything,5,Agent_7,226,0,1,1,0,1,1,3,0
anon,sonnet45_8agent_myth_directive_history3_anon_r10_n5_004_neutral_rep04_myth_game_directive_anything,5,Agent_2,217,1,1,1,0,1,2,3,0
anon,sonnet45_8agent_myth_directive_history3_anon_r10_n5_004_neutral_rep04_myth_game_directive_anything,5,Agent_8,222,1,1,1,0,1,2,0,0
anon,sonnet45_8agent_myth_directive_history3_anon_r10_n5_004_neutral_rep04_myth_game_directive_anything,5,Agent_3,222,0,1,5,0,1,1,1,1
anon,sonnet45_8agent_myth_directive_history3_anon_r10_n5_004_neutral_rep04_myth_game_directive_anything,5,Agent_4,226,0,0,2,0,1,2,4,1
anon,sonnet45_8agent_myth_directive_history3_anon_r10_n5_004_neutral_rep04_myth_game_directive_anything,5,Agent_6,218,0,1,1,0,1,2,2,0
anon,sonnet45_8agent_myth_directive_history3_anon_r10_n5_004_neutral_rep04_myth_game_directive_anything,6,Agent_3,213,0,1,4,0,1,0,0,1
anon,sonnet45_8agent_myth_directive_history3_anon_r10_n5_004_neutral_rep04_myth_game_directive_anything,6,Agent_7,219,0,0,1,0,1,1,1,0
anon,sonnet45_8agent_myth_directive_history3_anon_r10_n5_004_neutral_rep04_myth_game_directive_anything,6,Agent_1,228,0,0,4,0,1,1,0,0
anon,sonnet45_8agent_myth_directive_history3_anon_r10_n5_004_neutral_rep04_myth_game_directive_anything,6,Agent_4,239,0,0,2,0,1,1,4,1
anon,sonnet45_8agent_myth_directive_history3_anon_r10_n5_004_neutral_rep04_myth_game_directive_anything,6,Agent_2,213,0,0,3,0,3,1,2,0
anon,sonnet45_8agent_myth_directive_history3_anon_r10_n5_004_neutral_rep04_myth_game_directive_anything,6,Agent_8,229,0,1,0,0,1,3,0,0
anon,sonnet45_8agent_myth_directive_history3_anon_r10_n5_004_neutral_rep04_myth_game_directive_anything,6,Agent_6,223,0,2,2,0,1,3,4,0
anon,sonnet45_8agent_myth_directive_history3_anon_r10_n5_004_neutral_rep04_myth_game_directive_anything,6,Agent_5,225,0,0,2,0,1,3,3,0
anon,sonnet45_8agent_myth_directive_history3_anon_r10_n5_004_neutral_rep04_myth_game_directive_anything,7,Agent_5,234,0,1,2,0,1,1,0,0
anon,sonnet45_8agent_myth_directive_history3_anon_r10_n5_004_neutral_rep04_myth_game_directive_anything,7,Agent_2,222,0,0,3,0,1,3,0,1
anon,sonnet45_8agent_myth_directive_history3_anon_r10_n5_004_neutral_rep04_myth_game_directive_anything,7,Agent_8,228,0,0,0,0,1,3,1,0
anon,sonnet45_8agent_myth_directive_history3_anon_r10_n5_004_neutral_rep04_myth_game_directive_anything,7,Agent_3,218,0,0,5,0,2,0,3,0
anon,sonnet45_8agent_myth_directive_history3_anon_r10_n5_004_neutral_rep04_myth_game_directive_anything,7,Agent_1,232,1,0,3,0,1,0,0,1
anon,sonnet45_8agent_myth_directive_history3_anon_r10_n5_004_neutral_rep04_myth_game_directive_anything,7,Agent_6,213,0,3,1,0,2,0,0,0
anon,sonnet45_8agent_myth_directive_history3_anon_r10_n5_004_neutral_rep04_myth_game_directive_anything,7,Agent_4,227,1,0,5,0,1,0,1,0
anon,sonnet45_8agent_myth_directive_history3_anon_r10_n5_004_neutral_rep04_myth_game_directive_anything,7,Agent_7,220,0,1,2,0,1,0,2,0
anon,sonnet45_8agent_myth_directive_history3_anon_r10_n5_004_neutral_rep04_myth_game_directive_anything,8,Agent_3,217,0,1,1,0,1,0,1,0
anon,sonnet45_8agent_myth_directive_history3_anon_r10_n5_004_neutral_rep04_myth_game_directive_anything,8,Agent_4,226,0,1,1,0,1,2,1,0
anon,sonnet45_8agent_myth_directive_history3_anon_r10_n5_004_neutral_rep04_myth_game_directive_anything,8,Agent_7,227,0,1,3,0,1,0,3,0
anon,sonnet45_8agent_myth_directive_history3_anon_r10_n5_004_neutral_rep04_myth_game_directive_anything,8,Agent_1,218,0,1,4,0,2,3,1,0
anon,sonnet45_8agent_myth_directive_history3_anon_r10_n5_004_neutral_rep04_myth_game_directive_anything,8,Agent_2,223,0,1,2,0,1,3,1,0
anon,sonnet45_8agent_myth_directive_history3_anon_r10_n5_004_neutral_rep04_myth_game_directive_anything,8,Agent_8,234,0,1,3,0,2,1,3,0
anon,sonnet45_8agent_myth_directive_history3_anon_r10_n5_004_neutral_rep04_myth_game_directive_anything,8,Agent_6,221,0,1,1,0,2,1,0,0
anon,sonnet45_8agent_myth_directive_history3_anon_r10_n5_004_neutral_rep04_myth_game_directive_anything,8,Agent_5,227,1,0,0,0,1,2,0,0
anon,sonnet45_8agent_myth_directive_history3_anon_r10_n5_004_neutral_rep04_myth_game_directive_anything,9,Agent_7,231,1,1,3,0,1,3,2,0
anon,sonnet45_8agent_myth_directive_history3_anon_r10_n5_004_neutral_rep04_myth_game_directive_anything,9,Agent_4,228,1,0,1,0,1,2,2,0
anon,sonnet45_8agent_myth_directive_history3_anon_r10_n5_004_neutral_rep04_myth_game_directive_anything,9,Agent_2,224,0,0,1,0,1,1,1,1
anon,sonnet45_8agent_myth_directive_history3_anon_r10_n5_004_neutral_rep04_myth_game_directive_anything,9,Agent_6,232,0,2,2,0,1,2,1,0
anon,sonnet45_8agent_myth_directive_history3_anon_r10_n5_004_neutral_rep04_myth_game_directive_anything,9,Agent_3,227,0,1,1,0,1,4,2,0
anon,sonnet45_8agent_myth_directive_history3_anon_r10_n5_004_neutral_rep04_myth_game_directive_anything,9,Agent_5,223,0,1,1,0,1,2,0,1
anon,sonnet45_8agent_myth_directive_history3_anon_r10_n5_004_neutral_rep04_myth_game_directive_anything,9,Agent_8,218,0,1,3,0,1,2,1,0
anon,sonnet45_8agent_myth_directive_history3_anon_r10_n5_004_neutral_rep04_myth_game_directive_anything,9,Agent_1,225,0,0,3,0,1,3,1,0
anon,sonnet45_8agent_myth_directive_history3_anon_r10_n5_004_neutral_rep04_myth_game_directive_anything,10,Agent_6,220,0,0,1,0,2,2,1,1
anon,sonnet45_8agent_myth_directive_history3_anon_r10_n5_004_neutral_rep04_myth_game_directive_anything,10,Agent_3,224,0,0,0,0,1,0,2,0
anon,sonnet45_8agent_myth_directive_history3_anon_r10_n5_004_neutral_rep04_myth_game_directive_anything,10,Agent_5,218,0,0,0,0,1,0,2,0
anon,sonnet45_8agent_myth_directive_history3_anon_r10_n5_004_neutral_rep04_myth_game_directive_anything,10,Agent_7,219,1,1,2,0,1,0,1,0
anon,sonnet45_8agent_myth_directive_history3_anon_r10_n5_004_neutral_rep04_myth_game_directive_anything,10,Agent_1,216,1,1,4,0,2,2,1,0
anon,sonnet45_8agent_myth_directive_history3_anon_r10_n5_004_neutral_rep04_myth_game_directive_anything,10,Agent_2,228,0,0,0,0,1,2,2,0
anon,sonnet45_8agent_myth_directive_history3_anon_r10_n5_004_neutral_rep04_myth_game_directive_anything,10,Agent_4,225,0,1,1,0,1,1,0,0
anon,sonnet45_8agent_myth_directive_history3_anon_r10_n5_004_neutral_rep04_myth_game_directive_anything,10,Agent_8,220,0,1,1,0,1,2,1,1
named,sonnet45_8agent_myth_directive_history3_r10_n5_000_neutral_rep00_myth_game_directive_anything,1,Agent_5,201,0,0,0,0,0,0,1,0
named,sonnet45_8agent_myth_directive_history3_r10_n5_000_neutral_rep00_myth_game_directive_anything,1,Agent_2,204,0,0,2,0,1,0,3,0
named,sonnet45_8agent_myth_directive_history3_r10_n5_000_neutral_rep00_myth_game_directive_anything,1,Agent_8,212,1,0,0,0,1,1,2,0
named,sonnet45_8agent_myth_directive_history3_r10_n5_000_neutral_rep00_myth_game_directive_anything,1,Agent_6,204,0,0,1,0,1,0,1,0
named,sonnet45_8agent_myth_directive_history3_r10_n5_000_neutral_rep00_myth_game_directive_anything,1,Agent_4,199,0,0,2,0,1,2,4,0
named,sonnet45_8agent_myth_directive_history3_r10_n5_000_neutral_rep00_myth_game_directive_anything,1,Agent_7,204,0,0,3,0,1,1,4,0
named,sonnet45_8agent_myth_directive_history3_r10_n5_000_neutral_rep00_myth_game_directive_anything,1,Agent_3,203,0,0,2,0,1,1,2,0
named,sonnet45_8agent_myth_directive_history3_r10_n5_000_neutral_rep00_myth_game_directive_anything,1,Agent_1,202,0,0,0,0,1,0,1,0
named,sonnet45_8agent_myth_directive_history3_r10_n5_000_neutral_rep00_myth_game_directive_anything,2,Agent_2,202,1,0,2,0,1,1,3,0
named,sonnet45_8agent_myth_directive_history3_r10_n5_000_neutral_rep00_myth_game_directive_anything,2,Agent_5,212,0,0,1,0,1,0,4,0
named,sonnet45_8agent_myth_directive_history3_r10_n5_000_neutral_rep00_myth_game_directive_anything,2,Agent_1,204,0,1,0,0,1,1,4,0
named,sonnet45_8agent_myth_directive_history3_r10_n5_000_neutral_rep00_myth_game_directive_anything,2,Agent_4,205,1,0,0,0,2,2,2,0
named,sonnet45_8agent_myth_directive_history3_r10_n5_000_neutral_rep00_myth_game_directive_anything,2,Agent_6,204,0,0,1,0,1,2,5,0
named,sonnet45_8agent_myth_directive_history3_r10_n5_000_neutral_rep00_myth_game_directive_anything,2,Agent_3,205,0,0,1,0,1,2,4,0
named,sonnet45_8agent_myth_directive_history3_r10_n5_000_neutral_rep00_myth_game_directive_anything,2,Agent_7,200,0,0,1,0,2,0,1,0
named,sonnet45_8agent_myth_directive_history3_r10_n5_000_neutral_rep00_myth_game_directive_anything,2,Agent_8,201,1,0,1,0,1,2,1,0
named,sonnet45_8agent_myth_directive_history3_r10_n5_000_neutral_rep00_myth_game_directive_anything,3,Agent_1,207,0,2,1,0,2,3,3,0
named,sonnet45_8agent_myth_directive_history3_r10_n5_000_neutral_rep00_myth_game_directive_anything,3,Agent_2,207,0,0,1,0,1,4,2,0
named,sonnet45_8agent_myth_directive_history3_r10_n5_000_neutral_rep00_myth_game_directive_anything,3,Agent_7,197,0,2,1,0,1,2,4,0
named,sonnet45_8agent_myth_directive_history3_r10_n5_000_neutral_rep00_myth_game_directive_anything,3,Agent_6,214,0,0,1,0,1,1,4,0
named,sonnet45_8agent_myth_directive_history3_r10_n5_000_neutral_rep00_myth_game_directive_anything,3,Agent_4,198,0,0,0,0,1,1,6,0
named,sonnet45_8agent_myth_directive_history3_r10_n5_000_neutral_rep00_myth_game_directive_anything,3,Agent_5,203,0,1,2,0,1,2,3,0
named,sonnet45_8agent_myth_directive_history3_r10_n5_000_neutral_rep00_myth_game_directive_anything,3,Agent_3,205,0,0,3,0,1,1,5,0
named,sonnet45_8agent_myth_directive_history3_r10_n5_000_neutral_rep00_myth_game_directive_anything,3,Agent_8,201,0,0,0,0,1,3,1,0
named,sonnet45_8agent_myth_directive_history3_r10_n5_000_neutral_rep00_myth_game_directive_anything,4,Agent_5,220,0,0,1,0,2,1,6,0
named,sonnet45_8agent_myth_directive_history3_r10_n5_000_neutral_rep00_myth_game_directive_anything,4,Agent_7,208,0,4,1,0,1,5,4,0
named,sonnet45_8agent_myth_directive_history3_r10_n5_000_neutral_rep00_myth_game_directive_anything,4,Agent_8,208,0,0,3,0,1,4,2,0
named,sonnet45_8agent_myth_directive_history3_r10_n5_000_neutral_rep00_myth_game_directive_anything,4,Agent_1,210,0,4,0,0,1,2,4,0
named,sonnet45_8agent_myth_directive_history3_r10_n5_000_neutral_rep00_myth_game_directive_anything,4,Agent_2,209,0,3,1,0,2,1,7,0
named,sonnet45_8agent_myth_directive_history3_r10_n5_000_neutral_rep00_myth_game_directive_anything,4,Agent_3,211,0,0,5,0,2,0,4,0
named,sonnet45_8agent_myth_directive_history3_r10_n5_000_neutral_rep00_myth_game_directive_anything,4,Agent_6,216,0,1,1,0,1,3,5,0
named,sonnet45_8agent_myth_directive_history3_r10_n5_000_neutral_rep00_myth_game_directive_anything,4,Agent_4,211,0,1,0,0,2,2,5,0
named,sonnet45_8agent_myth_directive_history3_r10_n5_000_neutral_rep00_myth_game_directive_anything,5,Agent_4,209,0,0,2,0,2,0,3,0
named,sonnet45_8agent_myth_directive_history3_r10_n5_000_neutral_rep00_myth_game_directive_anything,5,Agent_3,214,0,0,1,0,1,0,9,0
named,sonnet45_8agent_myth_directive_history3_r10_n5_000_neutral_rep00_myth_game_directive_anything,5,Agent_8,202,0,0,0,0,2,2,3,0
named,sonnet45_8agent_myth_directive_history3_r10_n5_000_neutral_rep00_myth_game_directive_anything,5,Agent_5,211,0,3,1,0,2,2,2,0
named,sonnet45_8agent_myth_directive_history3_r10_n5_000_neutral_rep00_myth_game_directive_anything,5,Agent_7,209,0,2,0,0,1,3,4,0
named,sonnet45_8agent_myth_directive_history3_r10_n5_000_neutral_rep00_myth_game_directive_anything,5,Agent_2,208,0,2,1,0,2,1,3,0
named,sonnet45_8agent_myth_directive_history3_r10_n5_000_neutral_rep00_myth_game_directive_anything,5,Agent_6,211,0,1,1,0,2,2,0,0
named,sonnet45_8agent_myth_directive_history3_r10_n5_000_neutral_rep00_myth_game_directive_anything,5,Agent_1,204,0,1,2,0,2,1,3,0
named,sonnet45_8agent_myth_directive_history3_r10_n5_000_neutral_rep00_myth_game_directive_anything,6,Agent_2,207,0,1,0,0,1,1,3,1
named,sonnet45_8agent_myth_directive_history3_r10_n5_000_neutral_rep00_myth_game_directive_anything,6,Agent_4,213,0,0,1,0,1,0,2,0
named,sonnet45_8agent_myth_directive_history3_r10_n5_000_neutral_rep00_myth_game_directive_anything,6,Agent_1,197,0,1,4,0,2,2,1,0
named,sonnet45_8agent_myth_directive_history3_r10_n5_000_neutral_rep00_myth_game_directive_anything,6,Agent_8,207,0,0,1,0,1,3,3,0
named,sonnet45_8agent_myth_directive_history3_r10_n5_000_neutral_rep00_myth_game_directive_anything,6,Agent_3,205,0,0,4,0,1,0,1,0
named,sonnet45_8agent_myth_directive_history3_r10_n5_000_neutral_rep00_myth_game_directive_anything,6,Agent_7,220,1,5,1,0,1,0,3,0
named,sonnet45_8agent_myth_directive_history3_r10_n5_000_neutral_rep00_myth_game_directive_anything,6,Agent_5,203,0,2,1,0,1,2,1,0
named,sonnet45_8agent_myth_directive_history3_r10_n5_000_neutral_rep00_myth_game_directive_anything,6,Agent_6,210,0,0,2,0,1,2,1,0
named,sonnet45_8agent_myth_directive_history3_r10_n5_000_neutral_rep00_myth_game_directive_anything,7,Agent_8,207,0,0,2,0,1,3,0,0
named,sonnet45_8agent_myth_directive_history3_r10_n5_000_neutral_rep00_myth_game_directive_anything,7,Agent_7,214,0,4,3,0,1,3,1,0
named,sonnet45_8agent_myth_directive_history3_r10_n5_000_neutral_rep00_myth_game_directive_anything,7,Agent_3,212,0,7,1,0,2,0,0,0
named,sonnet45_8agent_myth_directive_history3_r10_n5_000_neutral_rep00_myth_game_directive_anything,7,Agent_5,213,0,1,2,0,1,1,2,0
named,sonnet45_8agent_myth_directive_history3_r10_n5_000_neutral_rep00_myth_game_directive_anything,7,Agent_2,220,0,1,1,0,1,2,4,1
named,sonnet45_8agent_myth_directive_history3_r10_n5_000_neutral_rep00_myth_game_directive_anything,7,Agent_6,206,0,0,1,0,1,2,2,0
named,sonnet45_8agent_myth_directive_history3_r10_n5_000_neutral_rep00_myth_game_directive_anything,7,Agent_4,206,0,1,1,0,1,1,3,0
named,sonnet45_8agent_myth_directive_history3_r10_n5_000_neutral_rep00_myth_game_directive_anything,7,Agent_1,202,0,2,3,0,1,2,2,0
named,sonnet45_8agent_myth_directive_history3_r10_n5_000_neutral_rep00_myth_game_directive_anything,8,Agent_6,213,0,1,2,0,1,0,4,0
named,sonnet45_8agent_myth_directive_history3_r10_n5_000_neutral_rep00_myth_game_directive_anything,8,Agent_3,204,0,5,1,0,1,0,1,0
named,sonnet45_8agent_myth_directive_history3_r10_n5_000_neutral_rep00_myth_game_directive_anything,8,Agent_7,214,0,3,3,0,1,2,1,0
named,sonnet45_8agent_myth_directive_history3_r10_n5_000_neutral_rep00_myth_game_directive_anything,8,Agent_4,210,0,4,2,0,1,0,3,0
named,sonnet45_8agent_myth_directive_history3_r10_n5_000_neutral_rep00_myth_game_directive_anything,8,Agent_5,210,0,1,0,0,1,1,0,0
named,sonnet45_8agent_myth_directive_history3_r10_n5_000_neutral_rep00_myth_game_directive_anything,8,Agent_8,204,0,1,2,0,2,0,2,0
named,sonnet45_8agent_myth_directive_history3_r10_n5_000_neutral_rep00_myth_game_directive_anything,8,Agent_1,212,0,0,3,0,1,0,6,0
named,sonnet45_8agent_myth_directive_history3_r10_n5_000_neutral_rep00_myth_game_directive_anything,8,Agent_2,211,0,2,1,0,2,0,4,0
named,sonnet45_8agent_myth_directive_history3_r10_n5_000_neutral_rep00_myth_game_directive_anything,9,Agent_7,204,0,5,2,0,1,2,1,0
named,sonnet45_8agent_myth_directive_history3_r10_n5_000_neutral_rep00_myth_game_directive_anything,9,Agent_3,215,0,0,3,0,1,2,3,0
named,sonnet45_8agent_myth_directive_history3_r10_n5_000_neutral_rep00_myth_game_directive_anything,9,Agent_5,198,0,1,1,0,2,0,2,0
named,sonnet45_8agent_myth_directive_history3_r10_n5_000_neutral_rep00_myth_game_directive_anything,9,Agent_2,215,0,1,1,0,1,1,3,1
named,sonnet45_8agent_myth_directive_history3_r10_n5_000_neutral_rep00_myth_game_directive_anything,9,Agent_1,203,0,0,3,0,1,2,2,0
named,sonnet45_8agent_myth_directive_history3_r10_n5_000_neutral_rep00_myth_game_directive_anything,9,Agent_6,217,0,2,0,0,2,1,4,0
named,sonnet45_8agent_myth_directive_history3_r10_n5_000_neutral_rep00_myth_game_directive_anything,9,Agent_8,213,0,1,3,0,1,1,2,1
named,sonnet45_8agent_myth_directive_history3_r10_n5_000_neutral_rep00_myth_game_directive_anything,9,Agent_4,213,0,2,3,0,1,1,4,0
named,sonnet45_8agent_myth_directive_history3_r10_n5_000_neutral_rep00_myth_game_directive_anything,10,Agent_4,214,0,3,2,0,1,0,5,0
named,sonnet45_8agent_myth_directive_history3_r10_n5_000_neutral_rep00_myth_game_directive_anything,10,Agent_5,207,0,1,1,0,1,1,2,0
named,sonnet45_8agent_myth_directive_history3_r10_n5_000_neutral_rep00_myth_game_directive_anything,10,Agent_3,207,0,2,2,0,1,2,4,1
named,sonnet45_8agent_myth_directive_history3_r10_n5_000_neutral_rep00_myth_game_directive_anything,10,Agent_1,209,0,4,0,0,2,1,1,0
named,sonnet45_8agent_myth_directive_history3_r10_n5_000_neutral_rep00_myth_game_directive_anything,10,Agent_2,221,0,2,1,0,1,2,5,1
named,sonnet45_8agent_myth_directive_history3_r10_n5_000_neutral_rep00_myth_game_directive_anything,10,Agent_8,216,0,2,1,0,2,1,3,0
named,sonnet45_8agent_myth_directive_history3_r10_n5_000_neutral_rep00_myth_game_directive_anything,10,Agent_6,210,0,3,1,0,2,2,1,0
named,sonnet45_8agent_myth_directive_history3_r10_n5_000_neutral_rep00_myth_game_directive_anything,10,Agent_7,206,0,0,1,0,1,1,6,0
named,sonnet45_8agent_myth_directive_history3_r10_n5_001_neutral_rep01_myth_game_directive_anything,1,Agent_6,211,0,0,0,0,1,1,4,0
named,sonnet45_8agent_myth_directive_history3_r10_n5_001_neutral_rep01_myth_game_directive_anything,1,Agent_5,207,0,0,2,0,1,0,3,0
named,sonnet45_8agent_myth_directive_history3_r10_n5_001_neutral_rep01_myth_game_directive_anything,1,Agent_1,210,0,0,3,0,1,0,1,0
named,sonnet45_8agent_myth_directive_history3_r10_n5_001_neutral_rep01_myth_game_directive_anything,1,Agent_4,215,0,0,0,0,1,0,2,0
named,sonnet45_8agent_myth_directive_history3_r10_n5_001_neutral_rep01_myth_game_directive_anything,1,Agent_7,207,0,0,2,0,1,0,0,0
named,sonnet45_8agent_myth_directive_history3_r10_n5_001_neutral_rep01_myth_game_directive_anything,1,Agent_3,198,0,0,2,0,1,0,4,0
named,sonnet45_8agent_myth_directive_history3_r10_n5_001_neutral_rep01_myth_game_directive_anything,1,Agent_8,204,0,0,1,0,0,0,3,0
named,sonnet45_8agent_myth_directive_history3_r10_n5_001_neutral_rep01_myth_game_directive_anything,1,Agent_2,213,0,0,1,0,1,0,4,0
named,sonnet45_8agent_myth_directive_history3_r10_n5_001_neutral_rep01_myth_game_directive_anything,2,Agent_4,210,0,0,0,0,1,1,3,0
named,sonnet45_8agent_myth_directive_history3_r10_n5_001_neutral_rep01_myth_game_directive_anything,2,Agent_6,209,1,0,3,0,1,1,3,0
named,sonnet45_8agent_myth_directive_history3_r10_n5_001_neutral_rep01_myth_game_directive_anything,2,Agent_3,200,0,0,2,0,1,0,1,0
named,sonnet45_8agent_myth_directive_history3_r10_n5_001_neutral_rep01_myth_game_directive_anything,2,Agent_1,205,0,0,0,0,1,2,2,0
named,sonnet45_8agent_myth_directive_history3_r10_n5_001_neutral_rep01_myth_game_directive_anything,2,Agent_2,199,0,0,2,0,1,1,1,0
named,sonnet45_8agent_myth_directive_history3_r10_n5_001_neutral_rep01_myth_game_directive_anything,2,Agent_7,203,0,0,1,0,1,2,3,0
named,sonnet45_8agent_myth_directive_history3_r10_n5_001_neutral_rep01_myth_game_directive_anything,2,Agent_5,209,0,0,1,0,1,2,1,0
named,sonnet45_8agent_myth_directive_history3_r10_n5_001_neutral_rep01_myth_game_directive_anything,2,Agent_8,210,0,0,0,0,1,2,1,0
named,sonnet45_8agent_myth_directive_history3_r10_n5_001_neutral_rep01_myth_game_directive_anything,3,Agent_7,211,0,0,1,0,1,2,5,0
named,sonnet45_8agent_myth_directive_history3_r10_n5_001_neutral_rep01_myth_game_directive_anything,3,Agent_4,210,0,2,1,0,2,1,1,0
named,sonnet45_8agent_myth_directive_history3_r10_n5_001_neutral_rep01_myth_game_directive_anything,3,Agent_1,199,0,0,0,0,1,2,4,0
named,sonnet45_8agent_myth_directive_history3_r10_n5_001_neutral_rep01_myth_game_directive_anything,3,Agent_8,204,0,0,0,0,2,2,2,0
named,sonnet45_8agent_myth_directive_history3_r10_n5_001_neutral_rep01_myth_game_directive_anything,3,Agent_3,217,0,2,2,0,1,1,5,0
named,sonnet45_8agent_myth_directive_history3_r10_n5_001_neutral_rep01_myth_game_directive_anything,3,Agent_6,202,1,0,2,0,1,3,3,0
named,sonnet45_8agent_myth_directive_history3_r10_n5_001_neutral_rep01_myth_game_directive_anything,3,Agent_5,209,0,0,0,0,1,1,4,0
named,sonnet45_8agent_myth_directive_history3_r10_n5_001_neutral_rep01_myth_game_directive_anything,3,Agent_2,205,0,1,2,0,1,2,5,0
named,sonnet45_8agent_myth_directive_history3_r10_n5_001_neutral_rep01_myth_game_directive_anything,4,Agent_4,213,0,1,1,0,1,2,3,0
named,sonnet45_8agent_myth_directive_history3_r10_n5_001_neutral_rep01_myth_game_directive_anything,4,Agent_5,210,0,3,1,0,3,3,2,0
named,sonnet45_8agent_myth_directive_history3_r10_n5_001_neutral_rep01_myth_game_directive_anything,4,Agent_2,209,0,3,4,0,1,2,1,0
named,sonnet45_8agent_myth_directive_history3_r10_n5_001_neutral_rep01_myth_game_directive_anything,4,Agent_7,211,0,1,0,0,1,2,4,0
named,sonnet45_8agent_myth_directive_history3_r10_n5_001_neutral_rep01_myth_game_directive_anything,4,Agent_8,220,0,0,0,0,1,1,4,0
named,sonnet45_8agent_myth_directive_history3_r10_n5_001_neutral_rep01_myth_game_directive_anything,4,Agent_3,214,0,1,0,0,1,1,2,0
named,sonnet45_8agent_myth_directive_history3_r10_n5_001_neutral_rep01_myth_game_directive_anything,4,Agent_6,207,1,1,1,0,1,2,4,0
named,sonnet45_8agent_myth_directive_history3_r10_n5_001_neutral_rep01_myth_game_directive_anything,4,Agent_1,221,0,3,0,0,2,3,8,0
named,sonnet45_8agent_myth_directive_history3_r10_n5_001_neutral_rep01_myth_game_directive_anything,5,Agent_3,214,0,2,2,0,1,1,4,0
named,sonnet45_8agent_myth_directive_history3_r10_n5_001_neutral_rep01_myth_game_directive_anything,5,Agent_4,214,0,3,1,0,1,2,2,0
named,sonnet45_8agent_myth_directive_history3_r10_n5_001_neutral_rep01_myth_game_directive_anything,5,Agent_8,219,0,2,0,0,1,0,2,0
named,sonnet45_8agent_myth_directive_history3_r10_n5_001_neutral_rep01_myth_game_directive_anything,5,Agent_7,215,0,2,1,0,1,1,4,2
named,sonnet45_8agent_myth_directive_history3_r10_n5_001_neutral_rep01_myth_game_directive_anything,5,Agent_5,214,0,1,2,0,1,1,3,0
named,sonnet45_8agent_myth_directive_history3_r10_n5_001_neutral_rep01_myth_game_directive_anything,5,Agent_6,219,0,5,1,0,2,5,8,0
named,sonnet45_8agent_myth_directive_history3_r10_n5_001_neutral_rep01_myth_game_directive_anything,5,Agent_1,212,0,1,1,0,1,2,4,0
named,sonnet45_8agent_myth_directive_history3_r10_n5_001_neutral_rep01_myth_game_directive_anything,5,Agent_2,206,0,3,0,0,1,2,6,1
named,sonnet45_8agent_myth_directive_history3_r10_n5_001_neutral_rep01_myth_game_directive_anything,6,Agent_6,223,0,1,6,0,1,2,2,0
named,sonnet45_8agent_myth_directive_history3_r10_n5_001_neutral_rep01_myth_game_directive_anything,6,Agent_1,217,0,4,0,0,2,0,4,0
named,sonnet45_8agent_myth_directive_history3_r10_n5_001_neutral_rep01_myth_game_directive_anything,6,Agent_2,218,0,2,5,0,1,1,4,0
named,sonnet45_8agent_myth_directive_history3_r10_n5_001_neutral_rep01_myth_game_directive_anything,6,Agent_3,212,0,3,2,0,1,3,4,0
named,sonnet45_8agent_myth_directive_history3_r10_n5_001_neutral_rep01_myth_game_directive_anything,6,Agent_4,212,0,2,1,0,1,2,2,0
named,sonnet45_8agent_myth_directive_history3_r10_n5_001_neutral_rep01_myth_game_directive_anything,6,Agent_8,226,0,1,0,0,2,1,5,0
named,sonnet45_8agent_myth_directive_history3_r10_n5_001_neutral_rep01_myth_game_directive_anything,6,Agent_7,212,0,3,0,0,1,1,6,0
named,sonnet45_8agent_myth_directive_history3_r10_n5_001_neutral_rep01_myth_game_directive_anything,6,Agent_5,210,0,2,1,0,1,2,0,1
named,sonnet45_8agent_myth_directive_history3_r10_n5_001_neutral_rep01_myth_game_directive_anything,7,Agent_4,224,0,3,2,0,1,2,3,0
named,sonnet45_8agent_myth_directive_history3_r10_n5_001_neutral_rep01_myth_game_directive_anything,7,Agent_5,205,0,1,2,0,1,1,4,1
named,sonnet45_8agent_myth_directive_history3_r10_n5_001_neutral_rep01_myth_game_directive_anything,7,Agent_8,216,0,0,1,0,1,0,1,0
named,sonnet45_8agent_myth_directive_history3_r10_n5_001_neutral_rep01_myth_game_directive_anything,7,Agent_3,218,0,2,2,0,1,2,5,0
named,sonnet45_8agent_myth_directive_history3_r10_n5_001_neutral_rep01_myth_game_directive_anything,7,Agent_6,214,0,1,2,0,1,4,3,0
named,sonnet45_8agent_myth_directive_history3_r10_n5_001_neutral_rep01_myth_game_directive_anything,7,Agent_2,219,0,0,2,0,1,2,2,0
named,sonnet45_8agent_myth_directive_history3_r10_n5_001_neutral_rep01_myth_game_directive_anything,7,Agent_7,223,0,1,2,0,1,0,5,0
named,sonnet45_8agent_myth_directive_history3_r10_n5_001_neutral_rep01_myth_game_directive_anything,7,Agent_1,219,0,1,4,0,1,2,3,0
named,sonnet45_8agent_myth_directive_history3_r10_n5_001_neutral_rep01_myth_game_directive_anything,8,Agent_2,226,0,2,4,0,2,1,5,0
named,sonnet45_8agent_myth_directive_history3_r10_n5_001_neutral_rep01_myth_game_directive_anything,8,Agent_4,216,0,2,1,0,2,1,1,1
named,sonnet45_8agent_myth_directive_history3_r10_n5_001_neutral_rep01_myth_game_directive_anything,8,Agent_3,217,0,1,3,0,1,3,0,0
named,sonnet45_8agent_myth_directive_history3_r10_n5_001_neutral_rep01_myth_game_directive_anything,8,Agent_6,213,0,3,0,0,2,0,2,0
named,sonnet45_8agent_myth_directive_history3_r10_n5_001_neutral_rep01_myth_game_directive_anything,8,Agent_5,203,0,1,1,0,1,0,0,0
named,sonnet45_8agent_myth_directive_history3_r10_n5_001_neutral_rep01_myth_game_directive_anything,8,Agent_7,210,0,1,2,0,1,1,3,0
named,sonnet45_8agent_myth_directive_history3_r10_n5_001_neutral_rep01_myth_game_directive_anything,8,Agent_1,232,0,1,2,0,2,0,7,0
named,sonnet45_8agent_myth_directive_history3_r10_n5_001_neutral_rep01_myth_game_directive_anything,8,Agent_8,214,0,1,3,0,1,0,3,0
named,sonnet45_8agent_myth_directive_history3_r10_n5_001_neutral_rep01_myth_game_directive_anything,9,Agent_3,217,0,4,3,0,1,0,1,0
named,sonnet45_8agent_myth_directive_history3_r10_n5_001_neutral_rep01_myth_game_directive_anything,9,Agent_5,217,0,2,2,0,1,1,2,0
named,sonnet45_8agent_myth_directive_history3_r10_n5_001_neutral_rep01_myth_game_directive_anything,9,Agent_7,198,0,1,1,0,1,3,1,0
named,sonnet45_8agent_myth_directive_history3_r10_n5_001_neutral_rep01_myth_game_directive_anything,9,Agent_1,225,0,0,2,0,1,1,1,0
named,sonnet45_8agent_myth_directive_history3_r10_n5_001_neutral_rep01_myth_game_directive_anything,9,Agent_6,218,0,3,1,0,2,2,3,0
named,sonnet45_8agent_myth_directive_history3_r10_n5_001_neutral_rep01_myth_game_directive_anything,9,Agent_2,214,0,2,2,0,1,1,1,1
named,sonnet45_8agent_myth_directive_history3_r10_n5_001_neutral_rep01_myth_game_directive_anything,9,Agent_8,216,0,3,3,0,1,0,2,0
named,sonnet45_8agent_myth_directive_history3_r10_n5_001_neutral_rep01_myth_game_directive_anything,9,Agent_4,221,0,0,1,0,1,1,3,1
named,sonnet45_8agent_myth_directive_history3_r10_n5_001_neutral_rep01_myth_game_directive_anything,10,Agent_5,209,0,4,2,0,1,2,1,2
named,sonnet45_8agent_myth_directive_history3_r10_n5_001_neutral_rep01_myth_game_directive_anything,10,Agent_8,216,0,1,4,0,1,1,0,0
named,sonnet45_8agent_myth_directive_history3_r10_n5_001_neutral_rep01_myth_game_directive_anything,10,Agent_4,214,0,2,1,0,1,1,2,1
named,sonnet45_8agent_myth_directive_history3_r10_n5_001_neutral_rep01_myth_game_directive_anything,10,Agent_7,216,0,0,1,0,1,0,1,0
named,sonnet45_8agent_myth_directive_history3_r10_n5_001_neutral_rep01_myth_game_directive_anything,10,Agent_1,227,0,0,2,0,1,0,1,0
named,sonnet45_8agent_myth_directive_history3_r10_n5_001_neutral_rep01_myth_game_directive_anything,10,Agent_3,219,0,0,2,0,1,1,1,0
named,sonnet45_8agent_myth_directive_history3_r10_n5_001_neutral_rep01_myth_game_directive_anything,10,Agent_2,218,0,1,3,0,1,1,4,0
named,sonnet45_8agent_myth_directive_history3_r10_n5_001_neutral_rep01_myth_game_directive_anything,10,Agent_6,219,0,3,1,0,3,1,1,0
named,sonnet45_8agent_myth_directive_history3_r10_n5_002_neutral_rep02_myth_game_directive_anything,1,Agent_6,205,0,0,0,0,1,1,3,0
named,sonnet45_8agent_myth_directive_history3_r10_n5_002_neutral_rep02_myth_game_directive_anything,1,Agent_1,202,0,0,2,0,1,1,1,0
named,sonnet45_8agent_myth_directive_history3_r10_n5_002_neutral_rep02_myth_game_directive_anything,1,Agent_3,207,1,0,2,0,1,1,2,0
named,sonnet45_8agent_myth_directive_history3_r10_n5_002_neutral_rep02_myth_game_directive_anything,1,Agent_5,202,0,0,1,0,0,0,2,0
named,sonnet45_8agent_myth_directive_history3_r10_n5_002_neutral_rep02_myth_game_directive_anything,1,Agent_8,205,0,0,1,0,1,1,5,0
named,sonnet45_8agent_myth_directive_history3_r10_n5_002_neutral_rep02_myth_game_directive_anything,1,Agent_7,196,0,0,0,0,1,1,4,0
named,sonnet45_8agent_myth_directive_history3_r10_n5_002_neutral_rep02_myth_game_directive_anything,1,Agent_2,200,0,0,1,0,1,2,3,0
named,sonnet45_8agent_myth_directive_history3_r10_n5_002_neutral_rep02_myth_game_directive_anything,1,Agent_4,208,0,0,2,0,1,0,2,0
named,sonnet45_8agent_myth_directive_history3_r10_n5_002_neutral_rep02_myth_game_directive_anything,2,Agent_5,200,0,0,1,0,1,1,2,0
named,sonnet45_8agent_myth_directive_history3_r10_n5_002_neutral_rep02_myth_game_directive_anything,2,Agent_2,198,0,0,2,0,2,3,2,0
named,sonnet45_8agent_myth_directive_history3_r10_n5_002_neutral_rep02_myth_game_directive_anything,2,Agent_1,204,0,0,1,0,1,2,1,0
named,sonnet45_8agent_myth_directive_history3_r10_n5_002_neutral_rep02_myth_game_directive_anything,2,Agent_8,203,1,0,1,0,1,0,2,0
named,sonnet45_8agent_myth_directive_history3_r10_n5_002_neutral_rep02_myth_game_directive_anything,2,Agent_7,209,1,0,2,0,1,1,4,0
named,sonnet45_8agent_myth_directive_history3_r10_n5_002_neutral_rep02_myth_game_directive_anything,2,Agent_3,201,0,0,1,0,1,0,5,0
named,sonnet45_8agent_myth_directive_history3_r10_n5_002_neutral_rep02_myth_game_directive_anything,2,Agent_4,208,0,0,2,0,1,0,1,0
named,sonnet45_8agent_myth_directive_history3_r10_n5_002_neutral_rep02_myth_game_directive_anything,2,Agent_6,196,0,0,1,0,2,1,1,0
named,sonnet45_8agent_myth_directive_history3_r10_n5_002_neutral_rep02_myth_game_directive_anything,3,Agent_6,206,0,0,1,0,1,2,1,0
named,sonnet45_8agent_myth_directive_history3_r10_n5_002_neutral_rep02_myth_game_directive_anything,3,Agent_8,204,0,0,2,0,1,1,4,0
named,sonnet45_8agent_myth_directive_history3_r10_n5_002_neutral_rep02_myth_game_directive_anything,3,Agent_7,203,1,0,0,0,1,0,3,0
named,sonnet45_8agent_myth_directive_history3_r10_n5_002_neutral_rep02_myth_game_directive_anything,3,Agent_2,207,0,0,2,0,1,5,4,0
named,sonnet45_8agent_myth_directive_history3_r10_n5_002_neutral_rep02_myth_game_directive_anything,3,Agent_5,206,0,0,1,0,1,5,2,0
named,sonnet45_8agent_myth_directive_history3_r10_n5_002_neutral_rep02_myth_game_directive_anything,3,Agent_1,210,1,0,2,0,1,0,2,0
named,sonnet45_8agent_myth_directive_history3_r10_n5_002_neutral_rep02_myth_game_directive_anything,3,Agent_3,207,0,0,1,0,1,0,6,0
named,sonnet45_8agent_myth_directive_history3_r10_n5_002_neutral_rep02_myth_game_directive_anything,3,Agent_4,212,0,0,0,0,2,2,3,0
named,sonnet45_8agent_myth_directive_history3_r10_n5_002_neutral_rep02_myth_game_directive_anything,4,Agent_8,212,0,0,5,0,1,1,2,0
named,sonnet45_8agent_myth_directive_history3_r10_n5_002_neutral_rep02_myth_game_directive_anything,4,Agent_3,205,0,4,1,0,1,0,6,0
named,sonnet45_8agent_myth_directive_history3_r10_n5_002_neutral_rep02_myth_game_directive_anything,4,Agent_4,226,0,0,3,0,1,2,2,0
named,sonnet45_8agent_myth_directive_history3_r10_n5_002_neutral_rep02_myth_game_directive_anything,4,Agent_5,204,0,0,2,0,1,2,4,0
named,sonnet45_8agent_myth_directive_history3_r10_n5_002_neutral_rep02_myth_game_directive_anything,4,Agent_1,215,1,0,0,0,1,0,1,0
named,sonnet45_8agent_myth_directive_history3_r10_n5_002_neutral_rep02_myth_game_directive_anything,4,Agent_7,212,0,3,1,0,3,0,7,1
named,sonnet45_8agent_myth_directive_history3_r10_n5_002_neutral_rep02_myth_game_directive_anything,4,Agent_2,212,0,0,2,0,1,3,3,0
named,sonnet45_8agent_myth_directive_history3_r10_n5_002_neutral_rep02_myth_game_directive_anything,4,Agent_6,206,0,0,0,0,1,1,2,1
named,sonnet45_8agent_myth_directive_history3_r10_n5_002_neutral_rep02_myth_game_directive_anything,5,Agent_4,223,0,3,3,0,1,1,3,0
named,sonnet45_8agent_myth_directive_history3_r10_n5_002_neutral_rep02_myth_game_directive_anything,5,Agent_2,215,0,0,1,0,1,1,3,0
named,sonnet45_8agent_myth_directive_history3_r10_n5_002_neutral_rep02_myth_game_directive_anything,5,Agent_3,224,0,2,1,0,1,0,7,0
named,sonnet45_8agent_myth_directive_history3_r10_n5_002_neutral_rep02_myth_game_directive_anything,5,Agent_1,215,0,0,1,0,1,1,3,0
named,sonnet45_8agent_myth_directive_history3_r10_n5_002_neutral_rep02_myth_game_directive_anything,5,Agent_7,220,0,0,0,0,1,1,1,0
named,sonnet45_8agent_myth_directive_history3_r10_n5_002_neutral_rep02_myth_game_directive_anything,5,Agent_6,204,0,0,1,0,1,1,4,0
named,sonnet45_8agent_myth_directive_history3_r10_n5_002_neutral_rep02_myth_game_directive_anything,5,Agent_8,208,0,1,3,0,1,0,4,0
named,sonnet45_8agent_myth_directive_history3_r10_n5_002_neutral_rep02_myth_game_directive_anything,5,Agent_5,211,0,0,3,0,2,0,5,0
named,sonnet45_8agent_myth_directive_history3_r10_n5_002_neutral_rep02_myth_game_directive_anything,6,Agent_6,214,0,0,0,0,1,1,1,0
named,sonnet45_8agent_myth_directive_history3_r10_n5_002_neutral_rep02_myth_game_directive_anything,6,Agent_3,227,0,1,0,0,1,0,3,0
named,sonnet45_8agent_myth_directive_history3_r10_n5_002_neutral_rep02_myth_game_directive_anything,6,Agent_2,221,0,1,4,0,1,0,3,1
named,sonnet45_8agent_myth_directive_history3_r10_n5_002_neutral_rep02_myth_game_directive_anything,6,Agent_8,223,0,0,3,0,1,0,4,0
named,sonnet45_8agent_myth_directive_history3_r10_n5_002_neutral_rep02_myth_game_directive_anything,6,Agent_5,213,0,0,2,0,1,0,2,0
named,sonnet45_8agent_myth_directive_history3_r10_n5_002_neutral_rep02_myth_game_directive_anything,6,Agent_7,222,0,1,0,0,1,0,5,0
named,sonnet45_8agent_myth_directive_history3_r10_n5_002_neutral_rep02_myth_game_directive_anything,6,Agent_1,220,0,0,0,0,1,1,5,0
named,sonnet45_8agent_myth_directive_history3_r10_n5_002_neutral_rep02_myth_game_directive_anything,6,Agent_4,218,0,2,2,0,1,1,1,0
named,sonnet45_8agent_myth_directive_history3_r10_n5_002_neutral_rep02_myth_game_directive_anything,7,Agent_4,216,1,1,1,0,1,0,6,0
named,sonnet45_8agent_myth_directive_history3_r10_n5_002_neutral_rep02_myth_game_directive_anything,7,Agent_7,217,0,0,0,0,1,0,2,0
named,sonnet45_8agent_myth_directive_history3_r10_n5_002_neutral_rep02_myth_game_directive_anything,7,Agent_3,219,0,0,2,0,1,1,4,0
named,sonnet45_8agent_myth_directive_history3_r10_n5_002_neutral_rep02_myth_game_directive_anything,7,Agent_1,221,0,1,1,0,2,1,1,0
named,sonnet45_8agent_myth_directive_history3_r10_n5_002_neutral_rep02_myth_game_directive_anything,7,Agent_8,228,0,0,2,0,1,0,2,0
named,sonnet45_8agent_myth_directive_history3_r10_n5_002_neutral_rep02_myth_game_directive_anything,7,Agent_6,218,0,1,1,0,1,1,3,0
named,sonnet45_8agent_myth_directive_history3_r10_n5_002_neutral_rep02_myth_game_directive_anything,7,Agent_2,222,0,2,2,0,1,1,1,0
named,sonnet45_8agent_myth_directive_history3_r10_n5_002_neutral_rep02_myth_game_directive_anything,7,Agent_5,221,1,0,1,0,1,0,5,0
named,sonnet45_8agent_myth_directive_history3_r10_n5_002_neutral_rep02_myth_game_directive_anything,8,Agent_7,217,0,0,0,0,1,0,2,0
named,sonnet45_8agent_myth_directive_history3_r10_n5_002_neutral_rep02_myth_game_directive_anything,8,Agent_8,221,0,0,1,0,1,0,2,2
named,sonnet45_8agent_myth_directive_history3_r10_n5_002_neutral_rep02_myth_game_directive_anything,8,Agent_1,226,0,0,1,0,1,0,5,0
named,sonnet45_8agent_myth_directive_history3_r10_n5_002_neutral_rep02_myth_game_directive_anything,8,Agent_2,226,1,0,3,0,2,1,2,0
named,sonnet45_8agent_myth_directive_history3_r10_n5_002_neutral_rep02_myth_game_directive_anything,8,Agent_5,220,0,2,1,0,2,3,5,0
named,sonnet45_8agent_myth_directive_history3_r10_n5_002_neutral_rep02_myth_game_directive_anything,8,Agent_4,211,0,1,1,0,1,2,2,0
named,sonnet45_8agent_myth_directive_history3_r10_n5_002_neutral_rep02_myth_game_directive_anything,8,Agent_6,216,0,1,4,0,1,1,2,0
named,sonnet45_8agent_myth_directive_history3_r10_n5_002_neutral_rep02_myth_game_directive_anything,8,Agent_3,221,0,1,1,0,1,0,4,0
named,sonnet45_8agent_myth_directive_history3_r10_n5_002_neutral_rep02_myth_game_directive_anything,9,Agent_7,219,0,1,2,0,1,0,4,0
named,sonnet45_8agent_myth_directive_history3_r10_n5_002_neutral_rep02_myth_game_directive_anything,9,Agent_4,225,0,1,2,0,1,1,4,0
named,sonnet45_8agent_myth_directive_history3_r10_n5_002_neutral_rep02_myth_game_directive_anything,9,Agent_1,229,1,0,2,0,1,1,1,0
named,sonnet45_8agent_myth_directive_history3_r10_n5_002_neutral_rep02_myth_game_directive_anything,9,Agent_8,206,0,0,0,0,1,0,2,0
named,sonnet45_8agent_myth_directive_history3_r10_n5_002_neutral_rep02_myth_game_directive_anything,9,Agent_2,220,0,1,1,0,1,1,3,0
named,sonnet45_8agent_myth_directive_history3_r10_n5_002_neutral_rep02_myth_game_directive_anything,9,Agent_3,221,0,0,3,0,1,1,2,0
named,sonnet45_8agent_myth_directive_history3_r10_n5_002_neutral_rep02_myth_game_directive_anything,9,Agent_6,213,0,0,1,0,1,1,4,0
named,sonnet45_8agent_myth_directive_history3_r10_n5_002_neutral_rep02_myth_game_directive_anything,9,Agent_5,227,0,0,0,0,1,1,4,0
named,sonnet45_8agent_myth_directive_history3_r10_n5_002_neutral_rep02_myth_game_directive_anything,10,Agent_3,215,0,0,5,0,1,1,6,0
named,sonnet45_8agent_myth_directive_history3_r10_n5_002_neutral_rep02_myth_game_directive_anything,10,Agent_7,226,0,1,2,0,1,1,6,0
named,sonnet45_8agent_myth_directive_history3_r10_n5_002_neutral_rep02_myth_game_directive_anything,10,Agent_4,230,0,0,2,0,1,1,4,0
named,sonnet45_8agent_myth_directive_history3_r10_n5_002_neutral_rep02_myth_game_directive_anything,10,Agent_1,228,0,1,1,0,1,2,1,0
named,sonnet45_8agent_myth_directive_history3_r10_n5_002_neutral_rep02_myth_game_directive_anything,10,Agent_8,220,0,1,1,0,1,1,3,0
named,sonnet45_8agent_myth_directive_history3_r10_n5_002_neutral_rep02_myth_game_directive_anything,10,Agent_2,223,0,1,3,0,1,1,4,0
named,sonnet45_8agent_myth_directive_history3_r10_n5_002_neutral_rep02_myth_game_directive_anything,10,Agent_5,214,0,1,1,0,1,2,2,0
named,sonnet45_8agent_myth_directive_history3_r10_n5_002_neutral_rep02_myth_game_directive_anything,10,Agent_6,209,0,0,2,0,1,1,3,1
named,sonnet45_8agent_myth_directive_history3_r10_n5_003_neutral_rep03_myth_game_directive_anything,1,Agent_6,208,0,0,1,0,1,1,1,0
named,sonnet45_8agent_myth_directive_history3_r10_n5_003_neutral_rep03_myth_game_directive_anything,1,Agent_1,208,0,0,0,0,1,0,3,0
named,sonnet45_8agent_myth_directive_history3_r10_n5_003_neutral_rep03_myth_game_directive_anything,1,Agent_2,208,0,0,1,0,0,0,2,0
named,sonnet45_8agent_myth_directive_history3_r10_n5_003_neutral_rep03_myth_game_directive_anything,1,Agent_7,196,0,0,0,0,1,1,3,0
named,sonnet45_8agent_myth_directive_history3_r10_n5_003_neutral_rep03_myth_game_directive_anything,1,Agent_4,214,0,0,0,0,1,0,1,0
named,sonnet45_8agent_myth_directive_history3_r10_n5_003_neutral_rep03_myth_game_directive_anything,1,Agent_8,205,0,0,0,0,1,0,3,0
named,sonnet45_8agent_myth_directive_history3_r10_n5_003_neutral_rep03_myth_game_directive_anything,1,Agent_5,200,0,0,1,0,0,0,1,0
named,sonnet45_8agent_myth_directive_history3_r10_n5_003_neutral_rep03_myth_game_directive_anything,1,Agent_3,208,0,0,1,0,1,0,1,0
named,sonnet45_8agent_myth_directive_history3_r10_n5_003_neutral_rep03_myth_game_directive_anything,2,Agent_3,204,0,0,1,0,1,2,2,0
named,sonnet45_8agent_myth_directive_history3_r10_n5_003_neutral_rep03_myth_game_directive_anything,2,Agent_6,201,1,0,1,0,1,2,3,0
named,sonnet45_8agent_myth_directive_history3_r10_n5_003_neutral_rep03_myth_game_directive_anything,2,Agent_8,202,0,0,3,0,1,0,5,0
named,sonnet45_8agent_myth_directive_history3_r10_n5_003_neutral_rep03_myth_game_directive_anything,2,Agent_5,201,0,0,0,0,1,2,1,0
named,sonnet45_8agent_myth_directive_history3_r10_n5_003_neutral_rep03_myth_game_directive_anything,2,Agent_7,196,0,0,2,0,2,0,4,0
named,sonnet45_8agent_myth_directive_history3_r10_n5_003_neutral_rep03_myth_game_directive_anything,2,Agent_4,205,0,0,0,0,1,1,5,0
named,sonnet45_8agent_myth_directive_history3_r10_n5_003_neutral_rep03_myth_game_directive_anything,2,Agent_1,200,0,0,1,0,2,1,4,0
named,sonnet45_8agent_myth_directive_history3_r10_n5_003_neutral_rep03_myth_game_directive_anything,2,Agent_2,204,1,0,0,0,1,1,5,0
named,sonnet45_8agent_myth_directive_history3_r10_n5_003_neutral_rep03_myth_game_directive_anything,3,Agent_8,210,1,0,1,0,1,3,2,0
named,sonnet45_8agent_myth_directive_history3_r10_n5_003_neutral_rep03_myth_game_directive_anything,3,Agent_3,200,1,0,1,0,1,1,1,0
named,sonnet45_8agent_myth_directive_history3_r10_n5_003_neutral_rep03_myth_game_directive_anything,3,Agent_1,203,0,0,2,0,2,1,3,0
named,sonnet45_8agent_myth_directive_history3_r10_n5_003_neutral_rep03_myth_game_directive_anything,3,Agent_7,220,1,0,0,0,1,0,9,0
named,sonnet45_8agent_myth_directive_history3_r10_n5_003_neutral_rep03_myth_game_directive_anything,3,Agent_2,214,0,0,1,0,1,4,3,0
named,sonnet45_8agent_myth_directive_history3_r10_n5_003_neutral_rep03_myth_game_directive_anything,3,Agent_5,193,0,0,1,0,1,0,4,0
named,sonnet45_8agent_myth_directive_history3_r10_n5_003_neutral_rep03_myth_game_directive_anything,3,Agent_6,219,0,0,4,0,1,0,5,0
named,sonnet45_8agent_myth_directive_history3_r10_n5_003_neutral_rep03_myth_game_directive_anything,3,Agent_4,208,0,0,0,0,1,1,4,0
named,sonnet45_8agent_myth_directive_history3_r10_n5_003_neutral_rep03_myth_game_directive_anything,4,Agent_5,207,0,2,2,0,1,0,3,1
named,sonnet45_8agent_myth_directive_history3_r10_n5_003_neutral_rep03_myth_game_directive_anything,4,Agent_6,222,1,3,4,0,1,2,4,0
named,sonnet45_8agent_myth_directive_history3_r10_n5_003_neutral_rep03_myth_game_directive_anything,4,Agent_4,208,0,0,2,0,1,1,6,0
named,sonnet45_8agent_myth_directive_history3_r10_n5_003_neutral_rep03_myth_game_directive_anything,4,Agent_2,228,0,1,0,0,1,2,10,0
named,sonnet45_8agent_myth_directive_history3_r10_n5_003_neutral_rep03_myth_game_directive_anything,4,Agent_7,212,0,0,0,0,1,1,2,1
named,sonnet45_8agent_myth_directive_history3_r10_n5_003_neutral_rep03_myth_game_directive_anything,4,Agent_8,205,0,0,1,0,1,2,0,0
named,sonnet45_8agent_myth_directive_history3_r10_n5_003_neutral_rep03_myth_game_directive_anything,4,Agent_3,204,1,0,2,0,1,1,2,0
named,sonnet45_8agent_myth_directive_history3_r10_n5_003_neutral_rep03_myth_game_directive_anything,4,Agent_1,217,0,0,1,0,1,2,7,0
named,sonnet45_8agent_myth_directive_history3_r10_n5_003_neutral_rep03_myth_game_directive_anything,5,Agent_7,214,0,0,0,0,2,1,3,0
named,sonnet45_8agent_myth_directive_history3_r10_n5_003_neutral_rep03_myth_game_directive_anything,5,Agent_5,212,0,2,0,0,1,4,6,0
named,sonnet45_8agent_myth_directive_history3_r10_n5_003_neutral_rep03_myth_game_directive_anything,5,Agent_2,224,0,1,3,0,1,1,6,0
named,sonnet45_8agent_myth_directive_history3_r10_n5_003_neutral_rep03_myth_game_directive_anything,5,Agent_3,218,1,1,2,0,2,1,5,0
named,sonnet45_8agent_myth_directive_history3_r10_n5_003_neutral_rep03_myth_game_directive_anything,5,Agent_1,222,0,0,2,0,1,2,5,0
named,sonnet45_8agent_myth_directive_history3_r10_n5_003_neutral_rep03_myth_game_directive_anything,5,Agent_4,214,0,0,1,0,1,3,3,0
named,sonnet45_8agent_myth_directive_history3_r10_n5_003_neutral_rep03_myth_game_directive_anything,5,Agent_8,214,0,0,1,0,2,2,3,0
named,sonnet45_8agent_myth_directive_history3_r10_n5_003_neutral_rep03_myth_game_directive_anything,5,Agent_6,225,0,5,2,0,2,1,2,1
named,sonnet45_8agent_myth_directive_history3_r10_n5_003_neutral_rep03_myth_game_directive_anything,6,Agent_6,227,0,1,3,0,2,0,1,0
named,sonnet45_8agent_myth_directive_history3_r10_n5_003_neutral_rep03_myth_game_directive_anything,6,Agent_7,209,0,0,0,0,2,2,4,0
named,sonnet45_8agent_myth_directive_history3_r10_n5_003_neutral_rep03_myth_game_directive_anything,6,Agent_5,207,0,2,2,0,1,0,1,0
named,sonnet45_8agent_myth_directive_history3_r10_n5_003_neutral_rep03_myth_game_directive_anything,6,Agent_1,222,0,1,2,0,1,4,5,0
named,sonnet45_8agent_myth_directive_history3_r10_n5_003_neutral_rep03_myth_game_directive_anything,6,Agent_3,220,0,1,5,0,2,0,5,0
named,sonnet45_8agent_myth_directive_history3_r10_n5_003_neutral_rep03_myth_game_directive_anything,6,Agent_2,218,0,0,4,0,2,1,3,0
named,sonnet45_8agent_myth_directive_history3_r10_n5_003_neutral_rep03_myth_game_directive_anything,6,Agent_4,212,0,0,4,0,1,2,1,0
named,sonnet45_8agent_myth_directive_history3_r10_n5_003_neutral_rep03_myth_game_directive_anything,6,Agent_8,207,0,1,1,0,3,0,1,1
named,sonnet45_8agent_myth_directive_history3_r10_n5_003_neutral_rep03_myth_game_directive_anything,7,Agent_4,222,0,0,2,0,2,3,2,0
named,sonnet45_8agent_myth_directive_history3_r10_n5_003_neutral_rep03_myth_game_directive_anything,7,Agent_2,214,0,1,5,0,1,1,4,0
named,sonnet45_8agent_myth_directive_history3_r10_n5_003_neutral_rep03_myth_game_directive_anything,7,Agent_1,212,0,2,4,0,1,1,2,0
named,sonnet45_8agent_myth_directive_history3_r10_n5_003_neutral_rep03_myth_game_directive_anything,7,Agent_8,214,0,2,2,0,3,0,3,0
named,sonnet45_8agent_myth_directive_history3_r10_n5_003_neutral_rep03_myth_game_directive_anything,7,Agent_3,217,0,1,3,0,3,0,3,1
named,sonnet45_8agent_myth_directive_history3_r10_n5_003_neutral_rep03_myth_game_directive_anything,7,Agent_6,226,0,6,1,0,1,0,6,0
named,sonnet45_8agent_myth_directive_history3_r10_n5_003_neutral_rep03_myth_game_directive_anything,7,Agent_5,212,0,4,6,0,2,2,3,0
named,sonnet45_8agent_myth_directive_history3_r10_n5_003_neutral_rep03_myth_game_directive_anything,7,Agent_7,217,0,2,2,0,1,0,5,0
named,sonnet45_8agent_myth_directive_history3_r10_n5_003_neutral_rep03_myth_game_directive_anything,8,Agent_7,231,0,0,2,0,1,1,4,1
named,sonnet45_8agent_myth_directive_history3_r10_n5_003_neutral_rep03_myth_game_directive_anything,8,Agent_3,220,0,2,1,0,2,0,6,0
named,sonnet45_8agent_myth_directive_history3_r10_n5_003_neutral_rep03_myth_game_directive_anything,8,Agent_6,236,0,0,2,0,2,0,3,0
named,sonnet45_8agent_myth_directive_history3_r10_n5_003_neutral_rep03_myth_game_directive_anything,8,Agent_4,217,0,0,2,0,1,3,4,0
named,sonnet45_8agent_myth_directive_history3_r10_n5_003_neutral_rep03_myth_game_directive_anything,8,Agent_8,217,0,0,0,0,2,2,0,0
named,sonnet45_8agent_myth_directive_history3_r10_n5_003_neutral_rep03_myth_game_directive_anything,8,Agent_5,217,0,2,2,0,2,0,4,0
named,sonnet45_8agent_myth_directive_history3_r10_n5_003_neutral_rep03_myth_game_directive_anything,8,Agent_2,217,0,0,4,0,1,2,4,0
named,sonnet45_8agent_myth_directive_history3_r10_n5_003_neutral_rep03_myth_game_directive_anything,8,Agent_1,220,0,3,3,0,2,1,2,0
named,sonnet45_8agent_myth_directive_history3_r10_n5_003_neutral_rep03_myth_game_directive_anything,9,Agent_5,214,0,0,3,0,1,1,0,0
named,sonnet45_8agent_myth_directive_history3_r10_n5_003_neutral_rep03_myth_game_directive_anything,9,Agent_6,222,0,6,2,0,2,0,5,0
named,sonnet45_8agent_myth_directive_history3_r10_n5_003_neutral_rep03_myth_game_directive_anything,9,Agent_7,229,0,2,5,0,1,0,5,0
named,sonnet45_8agent_myth_directive_history3_r10_n5_003_neutral_rep03_myth_game_directive_anything,9,Agent_8,216,0,0,0,0,2,0,1,0
named,sonnet45_8agent_myth_directive_history3_r10_n5_003_neutral_rep03_myth_game_directive_anything,9,Agent_4,215,1,0,3,0,2,1,3,0
named,sonnet45_8agent_myth_directive_history3_r10_n5_003_neutral_rep03_myth_game_directive_anything,9,Agent_3,212,0,4,1,0,1,1,12,0
named,sonnet45_8agent_myth_directive_history3_r10_n5_003_neutral_rep03_myth_game_directive_anything,9,Agent_1,218,0,2,6,0,1,1,1,0
named,sonnet45_8agent_myth_directive_history3_r10_n5_003_neutral_rep03_myth_game_directive_anything,9,Agent_2,222,0,1,3,0,1,1,2,0
named,sonnet45_8agent_myth_directive_history3_r10_n5_003_neutral_rep03_myth_game_directive_anything,10,Agent_2,205,0,2,5,0,1,1,3,0
named,sonnet45_8agent_myth_directive_history3_r10_n5_003_neutral_rep03_myth_game_directive_anything,10,Agent_7,239,0,1,4,0,2,2,2,0
named,sonnet45_8agent_myth_directive_history3_r10_n5_003_neutral_rep03_myth_game_directive_anything,10,Agent_6,226,0,1,3,0,1,0,3,0
named,sonnet45_8agent_myth_directive_history3_r10_n5_003_neutral_rep03_myth_game_directive_anything,10,Agent_1,222,0,0,2,0,1,2,0,0
named,sonnet45_8agent_myth_directive_history3_r10_n5_003_neutral_rep03_myth_game_directive_anything,10,Agent_3,217,0,1,3,0,1,0,4,0
named,sonnet45_8agent_myth_directive_history3_r10_n5_003_neutral_rep03_myth_game_directive_anything,10,Agent_5,213,0,2,0,0,4,1,1,0
named,sonnet45_8agent_myth_directive_history3_r10_n5_003_neutral_rep03_myth_game_directive_anything,10,Agent_8,222,0,1,5,0,2,1,2,0
named,sonnet45_8agent_myth_directive_history3_r10_n5_003_neutral_rep03_myth_game_directive_anything,10,Agent_4,221,0,2,3,0,2,0,7,0
named,sonnet45_8agent_myth_directive_history3_r10_n5_004_neutral_rep04_myth_game_directive_anything,1,Agent_6,199,0,0,0,0,1,0,1,0
named,sonnet45_8agent_myth_directive_history3_r10_n5_004_neutral_rep04_myth_game_directive_anything,1,Agent_2,201,0,0,2,0,1,1,0,0
named,sonnet45_8agent_myth_directive_history3_r10_n5_004_neutral_rep04_myth_game_directive_anything,1,Agent_7,197,0,0,1,0,1,0,2,0
named,sonnet45_8agent_myth_directive_history3_r10_n5_004_neutral_rep04_myth_game_directive_anything,1,Agent_8,198,1,0,3,0,1,1,2,0
named,sonnet45_8agent_myth_directive_history3_r10_n5_004_neutral_rep04_myth_game_directive_anything,1,Agent_1,197,0,0,1,0,1,1,2,0
named,sonnet45_8agent_myth_directive_history3_r10_n5_004_neutral_rep04_myth_game_directive_anything,1,Agent_5,206,0,0,5,0,1,0,1,0
named,sonnet45_8agent_myth_directive_history3_r10_n5_004_neutral_rep04_myth_game_directive_anything,1,Agent_3,185,0,0,1,0,1,1,1,0
named,sonnet45_8agent_myth_directive_history3_r10_n5_004_neutral_rep04_myth_game_directive_anything,1,Agent_4,199,0,0,2,0,1,0,1,0
named,sonnet45_8agent_myth_directive_history3_r10_n5_004_neutral_rep04_myth_game_directive_anything,2,Agent_2,214,1,0,2,0,1,4,4,0
named,sonnet45_8agent_myth_directive_history3_r10_n5_004_neutral_rep04_myth_game_directive_anything,2,Agent_3,196,0,0,1,0,1,1,10,1
named,sonnet45_8agent_myth_directive_history3_r10_n5_004_neutral_rep04_myth_game_directive_anything,2,Agent_5,207,0,0,1,0,1,2,1,0
named,sonnet45_8agent_myth_directive_history3_r10_n5_004_neutral_rep04_myth_game_directive_anything,2,Agent_7,199,0,0,1,0,1,1,1,0
named,sonnet45_8agent_myth_directive_history3_r10_n5_004_neutral_rep04_myth_game_directive_anything,2,Agent_4,204,1,0,0,0,2,1,4,0
named,sonnet45_8agent_myth_directive_history3_r10_n5_004_neutral_rep04_myth_game_directive_anything,2,Agent_1,202,1,0,1,0,1,1,2,0
named,sonnet45_8agent_myth_directive_history3_r10_n5_004_neutral_rep04_myth_game_directive_anything,2,Agent_8,199,1,0,2,0,1,0,3,0
named,sonnet45_8agent_myth_directive_history3_r10_n5_004_neutral_rep04_myth_game_directive_anything,2,Agent_6,208,0,0,1,0,1,0,0,0
named,sonnet45_8agent_myth_directive_history3_r10_n5_004_neutral_rep04_myth_game_directive_anything,3,Agent_8,203,0,0,2,0,1,1,2,0
named,sonnet45_8agent_myth_directive_history3_r10_n5_004_neutral_rep04_myth_game_directive_anything,3,Agent_5,205,0,0,3,0,2,3,0,0
named,sonnet45_8agent_myth_directive_history3_r10_n5_004_neutral_rep04_myth_game_directive_anything,3,Agent_3,202,0,0,3,0,1,2,1,0
named,sonnet45_8agent_myth_directive_history3_r10_n5_004_neutral_rep04_myth_game_directive_anything,3,Agent_7,202,0,1,0,0,1,3,4,0
named,sonnet45_8agent_myth_directive_history3_r10_n5_004_neutral_rep04_myth_game_directive_anything,3,Agent_4,201,0,0,2,0,1,1,1,0
named,sonnet45_8agent_myth_directive_history3_r10_n5_004_neutral_rep04_myth_game_directive_anything,3,Agent_2,209,0,1,4,0,2,3,4,0
named,sonnet45_8agent_myth_directive_history3_r10_n5_004_neutral_rep04_myth_game_directive_anything,3,Agent_6,212,2,0,2,0,1,0,3,0
named,sonnet45_8agent_myth_directive_history3_r10_n5_004_neutral_rep04_myth_game_directive_anything,3,Agent_1,212,0,1,1,0,1,1,4,0
named,sonnet45_8agent_myth_directive_history3_r10_n5_004_neutral_rep04_myth_game_directive_anything,4,Agent_7,214,0,0,0,0,1,1,5,0
named,sonnet45_8agent_myth_directive_history3_r10_n5_004_neutral_rep04_myth_game_directive_anything,4,Agent_6,219,0,0,2,0,1,0,4,0
named,sonnet45_8agent_myth_directive_history3_r10_n5_004_neutral_rep04_myth_game_directive_anything,4,Agent_5,204,0,0,2,0,1,3,4,0
named,sonnet45_8agent_myth_directive_history3_r10_n5_004_neutral_rep04_myth_game_directive_anything,4,Agent_4,193,1,1,2,0,2,0,2,0
named,sonnet45_8agent_myth_directive_history3_r10_n5_004_neutral_rep04_myth_game_directive_anything,4,Agent_2,218,0,0,2,0,1,0,3,0
named,sonnet45_8agent_myth_directive_history3_r10_n5_004_neutral_rep04_myth_game_directive_anything,4,Agent_8,205,0,0,1,0,1,1,3,0
named,sonnet45_8agent_myth_directive_history3_r10_n5_004_neutral_rep04_myth_game_directive_anything,4,Agent_1,201,1,0,0,0,1,0,5,0
named,sonnet45_8agent_myth_directive_history3_r10_n5_004_neutral_rep04_myth_game_directive_anything,4,Agent_3,210,0,1,1,0,1,3,2,0
named,sonnet45_8agent_myth_directive_history3_r10_n5_004_neutral_rep04_myth_game_directive_anything,5,Agent_7,207,0,1,0,0,2,1,1,0
named,sonnet45_8agent_myth_directive_history3_r10_n5_004_neutral_rep04_myth_game_directive_anything,5,Agent_2,218,0,2,2,0,2,0,1,0
named,sonnet45_8agent_myth_directive_history3_r10_n5_004_neutral_rep04_myth_game_directive_anything,5,Agent_4,212,0,0,3,0,2,2,3,0
named,sonnet45_8agent_myth_directive_history3_r10_n5_004_neutral_rep04_myth_game_directive_anything,5,Agent_1,223,0,3,0,0,1,0,5,0
named,sonnet45_8agent_myth_directive_history3_r10_n5_004_neutral_rep04_myth_game_directive_anything,5,Agent_8,211,0,1,3,0,1,1,4,0
named,sonnet45_8agent_myth_directive_history3_r10_n5_004_neutral_rep04_myth_game_directive_anything,5,Agent_3,219,1,1,2,0,1,1,3,0
named,sonnet45_8agent_myth_directive_history3_r10_n5_004_neutral_rep04_myth_game_directive_anything,5,Agent_5,203,0,0,2,0,1,0,5,0
named,sonnet45_8agent_myth_directive_history3_r10_n5_004_neutral_rep04_myth_game_directive_anything,5,Agent_6,217,1,0,4,0,1,0,4,0
named,sonnet45_8agent_myth_directive_history3_r10_n5_004_neutral_rep04_myth_game_directive_anything,6,Agent_3,220,0,1,1,0,1,0,6,0
named,sonnet45_8agent_myth_directive_history3_r10_n5_004_neutral_rep04_myth_game_directive_anything,6,Agent_5,201,0,0,3,0,2,0,3,1
named,sonnet45_8agent_myth_directive_history3_r10_n5_004_neutral_rep04_myth_game_directive_anything,6,Agent_2,220,0,1,1,0,3,0,4,0
named,sonnet45_8agent_myth_directive_history3_r10_n5_004_neutral_rep04_myth_game_directive_anything,6,Agent_7,211,0,1,1,0,2,1,5,0
named,sonnet45_8agent_myth_directive_history3_r10_n5_004_neutral_rep04_myth_game_directive_anything,6,Agent_1,211,0,0,1,0,1,1,3,0
named,sonnet45_8agent_myth_directive_history3_r10_n5_004_neutral_rep04_myth_game_directive_anything,6,Agent_8,216,0,2,1,0,1,1,4,0
named,sonnet45_8agent_myth_directive_history3_r10_n5_004_neutral_rep04_myth_game_directive_anything,6,Agent_6,219,2,0,6,0,1,2,3,0
named,sonnet45_8agent_myth_directive_history3_r10_n5_004_neutral_rep04_myth_game_directive_anything,6,Agent_4,210,0,0,1,0,2,2,3,0
named,sonnet45_8agent_myth_directive_history3_r10_n5_004_neutral_rep04_myth_game_directive_anything,7,Agent_1,206,0,0,1,0,1,1,7,0
named,sonnet45_8agent_myth_directive_history3_r10_n5_004_neutral_rep04_myth_game_directive_anything,7,Agent_7,214,0,0,2,0,1,2,2,0
named,sonnet45_8agent_myth_directive_history3_r10_n5_004_neutral_rep04_myth_game_directive_anything,7,Agent_2,212,0,1,3,0,2,0,2,0
named,sonnet45_8agent_myth_directive_history3_r10_n5_004_neutral_rep04_myth_game_directive_anything,7,Agent_4,213,1,0,4,0,1,1,2,0
named,sonnet45_8agent_myth_directive_history3_r10_n5_004_neutral_rep04_myth_game_directive_anything,7,Agent_8,230,0,1,2,0,1,0,3,0
named,sonnet45_8agent_myth_directive_history3_r10_n5_004_neutral_rep04_myth_game_directive_anything,7,Agent_3,219,0,2,1,0,1,0,2,0
named,sonnet45_8agent_myth_directive_history3_r10_n5_004_neutral_rep04_myth_game_directive_anything,7,Agent_5,213,0,0,3,0,1,0,4,0
named,sonnet45_8agent_myth_directive_history3_r10_n5_004_neutral_rep04_myth_game_directive_anything,7,Agent_6,211,0,0,8,0,2,1,4,0
named,sonnet45_8agent_myth_directive_history3_r10_n5_004_neutral_rep04_myth_game_directive_anything,8,Agent_3,223,0,1,2,0,1,0,2,0
named,sonnet45_8agent_myth_directive_history3_r10_n5_004_neutral_rep04_myth_game_directive_anything,8,Agent_1,229,0,2,1,0,2,0,1,0
named,sonnet45_8agent_myth_directive_history3_r10_n5_004_neutral_rep04_myth_game_directive_anything,8,Agent_4,208,2,0,3,0,1,2,3,0
named,sonnet45_8agent_myth_directive_history3_r10_n5_004_neutral_rep04_myth_game_directive_anything,8,Agent_2,210,1,2,4,0,2,0,2,0
named,sonnet45_8agent_myth_directive_history3_r10_n5_004_neutral_rep04_myth_game_directive_anything,8,Agent_6,209,0,1,7,0,1,0,4,0
named,sonnet45_8agent_myth_directive_history3_r10_n5_004_neutral_rep04_myth_game_directive_anything,8,Agent_8,219,0,0,1,0,1,2,2,0
named,sonnet45_8agent_myth_directive_history3_r10_n5_004_neutral_rep04_myth_game_directive_anything,8,Agent_7,203,0,0,1,0,1,1,1,0
named,sonnet45_8agent_myth_directive_history3_r10_n5_004_neutral_rep04_myth_game_directive_anything,8,Agent_5,215,0,2,4,0,1,0,2,1
named,sonnet45_8agent_myth_directive_history3_r10_n5_004_neutral_rep04_myth_game_directive_anything,9,Agent_3,227,0,0,3,0,1,1,3,0
named,sonnet45_8agent_myth_directive_history3_r10_n5_004_neutral_rep04_myth_game_directive_anything,9,Agent_6,217,0,1,3,0,2,1,2,0
named,sonnet45_8agent_myth_directive_history3_r10_n5_004_neutral_rep04_myth_game_directive_anything,9,Agent_1,217,1,0,3,0,1,0,4,0
named,sonnet45_8agent_myth_directive_history3_r10_n5_004_neutral_rep04_myth_game_directive_anything,9,Agent_2,214,1,1,3,0,1,0,3,0
named,sonnet45_8agent_myth_directive_history3_r10_n5_004_neutral_rep04_myth_game_directive_anything,9,Agent_4,204,0,1,4,0,1,0,2,0
named,sonnet45_8agent_myth_directive_history3_r10_n5_004_neutral_rep04_myth_game_directive_anything,9,Agent_8,217,0,0,3,0,2,0,3,0
named,sonnet45_8agent_myth_directive_history3_r10_n5_004_neutral_rep04_myth_game_directive_anything,9,Agent_7,212,0,2,1,0,1,0,2,0
named,sonnet45_8agent_myth_directive_history3_r10_n5_004_neutral_rep04_myth_game_directive_anything,9,Agent_5,208,0,0,3,0,1,1,2,0
named,sonnet45_8agent_myth_directive_history3_r10_n5_004_neutral_rep04_myth_game_directive_anything,10,Agent_5,209,0,0,3,0,2,1,1,0
named,sonnet45_8agent_myth_directive_history3_r10_n5_004_neutral_rep04_myth_game_directive_anything,10,Agent_3,222,0,0,1,0,1,0,2,0
named,sonnet45_8agent_myth_directive_history3_r10_n5_004_neutral_rep04_myth_game_directive_anything,10,Agent_2,210,1,1,2,0,3,1,1,0
named,sonnet45_8agent_myth_directive_history3_r10_n5_004_neutral_rep04_myth_game_directive_anything,10,Agent_1,209,0,0,3,0,2,1,4,0
named,sonnet45_8agent_myth_directive_history3_r10_n5_004_neutral_rep04_myth_game_directive_anything,10,Agent_6,216,1,1,5,0,1,1,5,0
named,sonnet45_8agent_myth_directive_history3_r10_n5_004_neutral_rep04_myth_game_directive_anything,10,Agent_7,215,0,3,2,0,1,0,2,0
named,sonnet45_8agent_myth_directive_history3_r10_n5_004_neutral_rep04_myth_game_directive_anything,10,Agent_8,221,0,0,2,0,1,1,2,0
named,sonnet45_8agent_myth_directive_history3_r10_n5_004_neutral_rep04_myth_game_directive_anything,10,Agent_4,224,0,0,2,0,1,1,6,0
