myth_task_order,condition_a,condition_b,mean_game_a,mean_myth_a,delta_a,mean_game_b,mean_myth_b,delta_b,delta_diff
game_myth,no_noise,noise,27.77777777777778,31.9375,-4.159722222222221,28.45,32.5,-4.050000000000001,-0.10972222222222072
game_myth,no_noise,noise_informed,27.77777777777778,31.9375,-4.159722222222221,46.8,36.5,10.299999999999997,-14.459722222222219
game_myth,noise,noise_informed,28.45,32.5,-4.050000000000001,46.8,36.5,10.299999999999997,-14.349999999999998
myth_game,no_noise,noise,27.77777777777778,36.541666666666664,-8.763888888888886,28.45,40.2,-11.750000000000004,2.986111111111118
myth_game,no_noise,noise_informed,27.77777777777778,36.541666666666664,-8.763888888888886,46.8,40.0,6.799999999999997,-15.563888888888883
myth_game,noise,noise_informed,28.45,40.2,-11.750000000000004,46.8,40.0,6.799999999999997,-18.55
