{
  "correlations": {
    "returned_vs_similarity": {
      "pearson": {
        "r": 0.41601731549309495,
        "p": 0.0026577335905023846
      },
      "spearman": {
        "r": 0.244703623895579,
        "p": 0.08676821156207937
      }
    },
    "returned_vs_mutuality_ratio": {
      "pearson": {
        "r": 0.19568470630046317,
        "p": 0.17322609277283302
      },
      "spearman": {
        "r": 0.0007013933223498893,
        "p": 0.9961429179090449
      }
    },
    "returned_vs_cooperative_pct": {
      "pearson": {
        "r": -0.141261615569884,
        "p": 0.3278150496503702
      },
      "spearman": {
        "r": -0.036506933461954535,
        "p": 0.8012747458357242
      }
    },
    "returned_vs_uncooperative_pct": {
      "pearson": {
        "r": -0.3264424891674619,
        "p": 0.020684396726643378
      },
      "spearman": {
        "r": -0.2215562779745466,
        "p": 0.12203159548471004
      }
    },
    "returned_vs_avg_length": {
      "pearson": {
        "r": 0.5165571155802265,
        "p": 0.00012288783064303116
      },
      "spearman": {
        "r": 0.43528985049725,
        "p": 0.0015816427688629747
      }
    },
    "returned_vs_avg_tree_depth": {
      "pearson": {
        "r": 0.39394867636834807,
        "p": 0.004645534805180328
      },
      "spearman": {
        "r": 0.3060498196609961,
        "p": 0.030654844167386095
      }
    },
    "returned_vs_avg_num_clauses": {
      "pearson": {
        "r": 0.4809615988457919,
        "p": 0.0004069196634823436
      },
      "spearman": {
        "r": 0.15888055138950893,
        "p": 0.2704364730962077
      }
    }
  },
  "summary_statistics": {
    "returned_amounts": {
      "mean": 9.64,
      "std": 0.8662563131083085,
      "min": 6.0,
      "max": 10.0,
      "median": 10.0
    },
    "similarity": {
      "mean": "0.83900017",
      "std": "0.07764349",
      "min": "0.56466526",
      "max": "0.9573463",
      "median": "0.8626921"
    },
    "mutuality_ratio": {
      "mean": 6.82,
      "std": 1.5644807445283562,
      "min": 2.5,
      "max": 9.5,
      "median": 7.0
    },
    "cooperative_pct": {
      "mean": 6.023181262344482,
      "std": 1.5113899644518105,
      "min": 3.531003937007874,
      "max": 11.062022090059472,
      "median": 5.814938765100946
    },
    "uncooperative_pct": {
      "mean": 0.10087929770847276,
      "std": 0.17972735328746872,
      "min": 0.0,
      "max": 0.45454545454545453,
      "median": 0.0
    },
    "avg_length": {
      "mean": 22.143782828282824,
      "std": 1.2182141884005986,
      "min": 19.15833333333333,
      "max": 23.833333333333336,
      "median": 22.3
    },
    "avg_tree_depth": {
      "mean": 6.440464646464647,
      "std": 0.24958448563123756,
      "min": 5.681818181818182,
      "max": 6.833333333333334,
      "median": 6.425
    },
    "avg_num_clauses": {
      "mean": 3.019813131313131,
      "std": 0.17216151074518105,
      "min": 2.341666666666667,
      "max": 3.3888888888888893,
      "median": 3.05
    }
  }
}