composition,family,size,task_order,round,measure,mean,sd,n_runs,se
2 GeminiPro + 3 Opus + 3 Sol,GeminiPro,8,game_myth,1,any: clarity_distortion,0.0,0.0,5,0.0
2 GeminiPro + 3 Opus + 3 Sol,GeminiPro,8,game_myth,1,any: cooperation_betrayal,0.2,0.27386127875258304,5,0.12247448713915889
2 GeminiPro + 3 Opus + 3 Sol,GeminiPro,8,game_myth,1,any: giving_hoarding,1.0,0.0,5,0.0
2 GeminiPro + 3 Opus + 3 Sol,GeminiPro,8,game_myth,1,any: high_low,0.0,0.0,5,0.0
2 GeminiPro + 3 Opus + 3 Sol,GeminiPro,8,game_myth,1,any: honesty_deception,0.0,0.0,5,0.0
2 GeminiPro + 3 Opus + 3 Sol,GeminiPro,8,game_myth,1,any: human_divine,0.1,0.22360679774997896,5,0.09999999999999999
2 GeminiPro + 3 Opus + 3 Sol,GeminiPro,8,game_myth,1,any: individual_community,0.0,0.0,5,0.0
2 GeminiPro + 3 Opus + 3 Sol,GeminiPro,8,game_myth,1,any: life_death,0.0,0.0,5,0.0
2 GeminiPro + 3 Opus + 3 Sol,GeminiPro,8,game_myth,1,any: light_dark,0.0,0.0,5,0.0
2 GeminiPro + 3 Opus + 3 Sol,GeminiPro,8,game_myth,1,any: nature_culture,0.0,0.0,5,0.0
2 GeminiPro + 3 Opus + 3 Sol,GeminiPro,8,game_myth,1,any: order_chaos,0.0,0.0,5,0.0
2 GeminiPro + 3 Opus + 3 Sol,GeminiPro,8,game_myth,1,any: other,0.0,0.0,5,0.0
2 GeminiPro + 3 Opus + 3 Sol,GeminiPro,8,game_myth,1,any: punishment_forgiveness,0.0,0.0,5,0.0
2 GeminiPro + 3 Opus + 3 Sol,GeminiPro,8,game_myth,1,any: scarcity_abundance,0.6,0.4183300132670378,5,0.18708286933869706
2 GeminiPro + 3 Opus + 3 Sol,GeminiPro,8,game_myth,1,any: trust_fear,1.0,0.0,5,0.0
2 GeminiPro + 3 Opus + 3 Sol,GeminiPro,8,game_myth,1,arc: improves,0.9,0.22360679774997896,5,0.09999999999999999
2 GeminiPro + 3 Opus + 3 Sol,GeminiPro,8,game_myth,1,arc: restored,0.0,0.0,5,0.0
2 GeminiPro + 3 Opus + 3 Sol,GeminiPro,8,game_myth,1,arc: stable order,0.1,0.22360679774997896,5,0.09999999999999999
2 GeminiPro + 3 Opus + 3 Sol,GeminiPro,8,game_myth,1,column 0,0.0,0.0,5,0.0
2 GeminiPro + 3 Opus + 3 Sol,GeminiPro,8,game_myth,1,column 1,0.1,0.223606797749979,5,0.1
2 GeminiPro + 3 Opus + 3 Sol,GeminiPro,8,game_myth,1,column 10,0.2,0.27386127875258304,5,0.12247448713915889
2 GeminiPro + 3 Opus + 3 Sol,GeminiPro,8,game_myth,1,column 11,0.2,0.4472135954999579,5,0.19999999999999998
2 GeminiPro + 3 Opus + 3 Sol,GeminiPro,8,game_myth,1,column 12,0.2,0.27386127875258304,5,0.12247448713915889
2 GeminiPro + 3 Opus + 3 Sol,GeminiPro,8,game_myth,1,column 13,0.1,0.223606797749979,5,0.1
2 GeminiPro + 3 Opus + 3 Sol,GeminiPro,8,game_myth,1,column 14,0.2,0.27386127875258304,5,0.12247448713915889
2 GeminiPro + 3 Opus + 3 Sol,GeminiPro,8,game_myth,1,column 15,0.1,0.223606797749979,5,0.1
2 GeminiPro + 3 Opus + 3 Sol,GeminiPro,8,game_myth,1,column 16,0.0,0.0,5,0.0
2 GeminiPro + 3 Opus + 3 Sol,GeminiPro,8,game_myth,1,column 17,0.3,0.27386127875258304,5,0.12247448713915889
2 GeminiPro + 3 Opus + 3 Sol,GeminiPro,8,game_myth,1,column 18,0.7,0.27386127875258304,5,0.12247448713915889
2 GeminiPro + 3 Opus + 3 Sol,GeminiPro,8,game_myth,1,column 19,0.0,0.0,5,0.0
2 GeminiPro + 3 Opus + 3 Sol,GeminiPro,8,game_myth,1,column 2,0.0,0.0,5,0.0
2 GeminiPro + 3 Opus + 3 Sol,GeminiPro,8,game_myth,1,column 3,0.0,0.0,5,0.0
2 GeminiPro + 3 Opus + 3 Sol,GeminiPro,8,game_myth,1,column 4,0.7,0.27386127875258304,5,0.12247448713915889
2 GeminiPro + 3 Opus + 3 Sol,GeminiPro,8,game_myth,1,column 5,0.7,0.27386127875258304,5,0.12247448713915889
2 GeminiPro + 3 Opus + 3 Sol,GeminiPro,8,game_myth,1,column 6,0.2,0.4472135954999579,5,0.19999999999999998
2 GeminiPro + 3 Opus + 3 Sol,GeminiPro,8,game_myth,1,column 7,0.1,0.22360679774997896,5,0.09999999999999999
2 GeminiPro + 3 Opus + 3 Sol,GeminiPro,8,game_myth,1,column 8,0.4,0.4183300132670378,5,0.18708286933869706
2 GeminiPro + 3 Opus + 3 Sol,GeminiPro,8,game_myth,1,column 9,0.0,0.0,5,0.0
2 GeminiPro + 3 Opus + 3 Sol,GeminiPro,8,game_myth,1,main: clarity_distortion,0.0,0.0,5,0.0
2 GeminiPro + 3 Opus + 3 Sol,GeminiPro,8,game_myth,1,main: cooperation_betrayal,0.0,0.0,5,0.0
2 GeminiPro + 3 Opus + 3 Sol,GeminiPro,8,game_myth,1,main: giving_hoarding,0.7,0.4472135954999579,5,0.19999999999999998
2 GeminiPro + 3 Opus + 3 Sol,GeminiPro,8,game_myth,1,main: high_low,0.0,0.0,5,0.0
2 GeminiPro + 3 Opus + 3 Sol,GeminiPro,8,game_myth,1,main: honesty_deception,0.0,0.0,5,0.0
2 GeminiPro + 3 Opus + 3 Sol,GeminiPro,8,game_myth,1,main: human_divine,0.0,0.0,5,0.0
2 GeminiPro + 3 Opus + 3 Sol,GeminiPro,8,game_myth,1,main: individual_community,0.0,0.0,5,0.0
2 GeminiPro + 3 Opus + 3 Sol,GeminiPro,8,game_myth,1,main: life_death,0.0,0.0,5,0.0
2 GeminiPro + 3 Opus + 3 Sol,GeminiPro,8,game_myth,1,main: light_dark,0.0,0.0,5,0.0
2 GeminiPro + 3 Opus + 3 Sol,GeminiPro,8,game_myth,1,main: nature_culture,0.0,0.0,5,0.0
2 GeminiPro + 3 Opus + 3 Sol,GeminiPro,8,game_myth,1,main: order_chaos,0.0,0.0,5,0.0
2 GeminiPro + 3 Opus + 3 Sol,GeminiPro,8,game_myth,1,main: other,0.0,0.0,5,0.0
2 GeminiPro + 3 Opus + 3 Sol,GeminiPro,8,game_myth,1,main: punishment_forgiveness,0.0,0.0,5,0.0
2 GeminiPro + 3 Opus + 3 Sol,GeminiPro,8,game_myth,1,main: scarcity_abundance,0.0,0.0,5,0.0
2 GeminiPro + 3 Opus + 3 Sol,GeminiPro,8,game_myth,1,main: trust_fear,0.3,0.447213595499958,5,0.2
2 GeminiPro + 3 Opus + 3 Sol,GeminiPro,8,game_myth,1,mediator present,0.3,0.4472135954999579,5,0.19999999999999998
2 GeminiPro + 3 Opus + 3 Sol,GeminiPro,8,game_myth,1,resolution: balanced middle,0.0,0.0,5,0.0
2 GeminiPro + 3 Opus + 3 Sol,GeminiPro,8,game_myth,1,resolution: mediated,0.3,0.4472135954999579,5,0.19999999999999998
2 GeminiPro + 3 Opus + 3 Sol,GeminiPro,8,game_myth,1,resolution: one pole wins,0.7,0.4472135954999579,5,0.19999999999999998
2 GeminiPro + 3 Opus + 3 Sol,GeminiPro,8,game_myth,1,role inversion,0.0,0.0,5,0.0
2 GeminiPro + 3 Opus + 3 Sol,GeminiPro,8,game_myth,2,any: clarity_distortion,0.6,0.4183300132670378,5,0.18708286933869706
2 GeminiPro + 3 Opus + 3 Sol,GeminiPro,8,game_myth,2,any: cooperation_betrayal,0.3,0.447213595499958,5,0.2
2 GeminiPro + 3 Opus + 3 Sol,GeminiPro,8,game_myth,2,any: giving_hoarding,0.6,0.22360679774997896,5,0.09999999999999999
2 GeminiPro + 3 Opus + 3 Sol,GeminiPro,8,game_myth,2,any: high_low,0.0,0.0,5,0.0
2 GeminiPro + 3 Opus + 3 Sol,GeminiPro,8,game_myth,2,any: honesty_deception,0.0,0.0,5,0.0
2 GeminiPro + 3 Opus + 3 Sol,GeminiPro,8,game_myth,2,any: human_divine,0.0,0.0,5,0.0
2 GeminiPro + 3 Opus + 3 Sol,GeminiPro,8,game_myth,2,any: individual_community,0.0,0.0,5,0.0
2 GeminiPro + 3 Opus + 3 Sol,GeminiPro,8,game_myth,2,any: life_death,0.0,0.0,5,0.0
2 GeminiPro + 3 Opus + 3 Sol,GeminiPro,8,game_myth,2,any: light_dark,0.0,0.0,5,0.0
2 GeminiPro + 3 Opus + 3 Sol,GeminiPro,8,game_myth,2,any: nature_culture,0.0,0.0,5,0.0
2 GeminiPro + 3 Opus + 3 Sol,GeminiPro,8,game_myth,2,any: order_chaos,0.1,0.223606797749979,5,0.1
2 GeminiPro + 3 Opus + 3 Sol,GeminiPro,8,game_myth,2,any: other,0.0,0.0,5,0.0
2 GeminiPro + 3 Opus + 3 Sol,GeminiPro,8,game_myth,2,any: punishment_forgiveness,0.2,0.2738612787525831,5,0.12247448713915891
2 GeminiPro + 3 Opus + 3 Sol,GeminiPro,8,game_myth,2,any: scarcity_abundance,0.3,0.27386127875258304,5,0.12247448713915889
2 GeminiPro + 3 Opus + 3 Sol,GeminiPro,8,game_myth,2,any: trust_fear,0.9,0.22360679774997896,5,0.09999999999999999
2 GeminiPro + 3 Opus + 3 Sol,GeminiPro,8,game_myth,2,arc: improves,0.4,0.22360679774997896,5,0.09999999999999999
2 GeminiPro + 3 Opus + 3 Sol,GeminiPro,8,game_myth,2,arc: restored,0.2,0.27386127875258304,5,0.12247448713915889
2 GeminiPro + 3 Opus + 3 Sol,GeminiPro,8,game_myth,2,arc: stable order,0.4,0.22360679774997896,5,0.09999999999999999
2 GeminiPro + 3 Opus + 3 Sol,GeminiPro,8,game_myth,2,column 0,0.2,0.27386127875258304,5,0.12247448713915889
2 GeminiPro + 3 Opus + 3 Sol,GeminiPro,8,game_myth,2,column 1,0.1,0.22360679774997896,5,0.09999999999999999
2 GeminiPro + 3 Opus + 3 Sol,GeminiPro,8,game_myth,2,column 10,0.4,0.4183300132670378,5,0.18708286933869706
2 GeminiPro + 3 Opus + 3 Sol,GeminiPro,8,game_myth,2,column 11,0.3,0.27386127875258304,5,0.12247448713915889
2 GeminiPro + 3 Opus + 3 Sol,GeminiPro,8,game_myth,2,column 12,0.1,0.223606797749979,5,0.1
2 GeminiPro + 3 Opus + 3 Sol,GeminiPro,8,game_myth,2,column 13,0.5,0.0,5,0.0
2 GeminiPro + 3 Opus + 3 Sol,GeminiPro,8,game_myth,2,column 14,0.2,0.27386127875258304,5,0.12247448713915889
2 GeminiPro + 3 Opus + 3 Sol,GeminiPro,8,game_myth,2,column 15,0.0,0.0,5,0.0
2 GeminiPro + 3 Opus + 3 Sol,GeminiPro,8,game_myth,2,column 16,0.1,0.223606797749979,5,0.1
2 GeminiPro + 3 Opus + 3 Sol,GeminiPro,8,game_myth,2,column 17,0.3,0.4472135954999579,5,0.19999999999999998
2 GeminiPro + 3 Opus + 3 Sol,GeminiPro,8,game_myth,2,column 18,0.2,0.27386127875258304,5,0.12247448713915889
2 GeminiPro + 3 Opus + 3 Sol,GeminiPro,8,game_myth,2,column 19,0.0,0.0,5,0.0
2 GeminiPro + 3 Opus + 3 Sol,GeminiPro,8,game_myth,2,column 2,0.2,0.27386127875258304,5,0.12247448713915889
2 GeminiPro + 3 Opus + 3 Sol,GeminiPro,8,game_myth,2,column 3,0.4,0.22360679774997896,5,0.09999999999999999
2 GeminiPro + 3 Opus + 3 Sol,GeminiPro,8,game_myth,2,column 4,0.6,0.4183300132670378,5,0.18708286933869706
2 GeminiPro + 3 Opus + 3 Sol,GeminiPro,8,game_myth,2,column 5,0.3,0.27386127875258304,5,0.12247448713915889
2 GeminiPro + 3 Opus + 3 Sol,GeminiPro,8,game_myth,2,column 6,0.1,0.223606797749979,5,0.1
2 GeminiPro + 3 Opus + 3 Sol,GeminiPro,8,game_myth,2,column 7,0.0,0.0,5,0.0
2 GeminiPro + 3 Opus + 3 Sol,GeminiPro,8,game_myth,2,column 8,0.2,0.27386127875258304,5,0.12247448713915889
2 GeminiPro + 3 Opus + 3 Sol,GeminiPro,8,game_myth,2,column 9,0.1,0.22360679774997896,5,0.09999999999999999
2 GeminiPro + 3 Opus + 3 Sol,GeminiPro,8,game_myth,2,main: clarity_distortion,0.0,0.0,5,0.0
2 GeminiPro + 3 Opus + 3 Sol,GeminiPro,8,game_myth,2,main: cooperation_betrayal,0.0,0.0,5,0.0
2 GeminiPro + 3 Opus + 3 Sol,GeminiPro,8,game_myth,2,main: giving_hoarding,0.3,0.27386127875258304,5,0.12247448713915889
2 GeminiPro + 3 Opus + 3 Sol,GeminiPro,8,game_myth,2,main: high_low,0.0,0.0,5,0.0
2 GeminiPro + 3 Opus + 3 Sol,GeminiPro,8,game_myth,2,main: honesty_deception,0.0,0.0,5,0.0
2 GeminiPro + 3 Opus + 3 Sol,GeminiPro,8,game_myth,2,main: human_divine,0.0,0.0,5,0.0
2 GeminiPro + 3 Opus + 3 Sol,GeminiPro,8,game_myth,2,main: individual_community,0.0,0.0,5,0.0
2 GeminiPro + 3 Opus + 3 Sol,GeminiPro,8,game_myth,2,main: life_death,0.0,0.0,5,0.0
2 GeminiPro + 3 Opus + 3 Sol,GeminiPro,8,game_myth,2,main: light_dark,0.0,0.0,5,0.0
2 GeminiPro + 3 Opus + 3 Sol,GeminiPro,8,game_myth,2,main: nature_culture,0.0,0.0,5,0.0
2 GeminiPro + 3 Opus + 3 Sol,GeminiPro,8,game_myth,2,main: order_chaos,0.0,0.0,5,0.0
2 GeminiPro + 3 Opus + 3 Sol,GeminiPro,8,game_myth,2,main: other,0.0,0.0,5,0.0
2 GeminiPro + 3 Opus + 3 Sol,GeminiPro,8,game_myth,2,main: punishment_forgiveness,0.0,0.0,5,0.0
2 GeminiPro + 3 Opus + 3 Sol,GeminiPro,8,game_myth,2,main: scarcity_abundance,0.0,0.0,5,0.0
2 GeminiPro + 3 Opus + 3 Sol,GeminiPro,8,game_myth,2,main: trust_fear,0.7,0.27386127875258304,5,0.12247448713915889
2 GeminiPro + 3 Opus + 3 Sol,GeminiPro,8,game_myth,2,mediator present,0.7,0.4472135954999579,5,0.19999999999999998
2 GeminiPro + 3 Opus + 3 Sol,GeminiPro,8,game_myth,2,resolution: balanced middle,0.0,0.0,5,0.0
2 GeminiPro + 3 Opus + 3 Sol,GeminiPro,8,game_myth,2,resolution: mediated,0.7,0.4472135954999579,5,0.19999999999999998
2 GeminiPro + 3 Opus + 3 Sol,GeminiPro,8,game_myth,2,resolution: one pole wins,0.3,0.4472135954999579,5,0.19999999999999998
2 GeminiPro + 3 Opus + 3 Sol,GeminiPro,8,game_myth,2,role inversion,0.0,0.0,5,0.0
2 GeminiPro + 3 Opus + 3 Sol,GeminiPro,8,game_myth,5,any: clarity_distortion,0.3,0.27386127875258304,5,0.12247448713915889
2 GeminiPro + 3 Opus + 3 Sol,GeminiPro,8,game_myth,5,any: cooperation_betrayal,0.3,0.27386127875258304,5,0.12247448713915889
2 GeminiPro + 3 Opus + 3 Sol,GeminiPro,8,game_myth,5,any: giving_hoarding,0.7,0.4472135954999579,5,0.19999999999999998
2 GeminiPro + 3 Opus + 3 Sol,GeminiPro,8,game_myth,5,any: high_low,0.0,0.0,5,0.0
2 GeminiPro + 3 Opus + 3 Sol,GeminiPro,8,game_myth,5,any: honesty_deception,0.0,0.0,5,0.0
2 GeminiPro + 3 Opus + 3 Sol,GeminiPro,8,game_myth,5,any: human_divine,0.0,0.0,5,0.0
2 GeminiPro + 3 Opus + 3 Sol,GeminiPro,8,game_myth,5,any: individual_community,0.0,0.0,5,0.0
2 GeminiPro + 3 Opus + 3 Sol,GeminiPro,8,game_myth,5,any: life_death,0.0,0.0,5,0.0
2 GeminiPro + 3 Opus + 3 Sol,GeminiPro,8,game_myth,5,any: light_dark,0.1,0.22360679774997896,5,0.09999999999999999
2 GeminiPro + 3 Opus + 3 Sol,GeminiPro,8,game_myth,5,any: nature_culture,0.0,0.0,5,0.0
2 GeminiPro + 3 Opus + 3 Sol,GeminiPro,8,game_myth,5,any: order_chaos,0.0,0.0,5,0.0
2 GeminiPro + 3 Opus + 3 Sol,GeminiPro,8,game_myth,5,any: other,0.0,0.0,5,0.0
2 GeminiPro + 3 Opus + 3 Sol,GeminiPro,8,game_myth,5,any: punishment_forgiveness,0.4,0.22360679774997896,5,0.09999999999999999
2 GeminiPro + 3 Opus + 3 Sol,GeminiPro,8,game_myth,5,any: scarcity_abundance,0.3,0.27386127875258304,5,0.12247448713915889
2 GeminiPro + 3 Opus + 3 Sol,GeminiPro,8,game_myth,5,any: trust_fear,0.9,0.22360679774997896,5,0.09999999999999999
2 GeminiPro + 3 Opus + 3 Sol,GeminiPro,8,game_myth,5,arc: improves,0.5,0.3535533905932738,5,0.15811388300841897
2 GeminiPro + 3 Opus + 3 Sol,GeminiPro,8,game_myth,5,arc: restored,0.0,0.0,5,0.0
2 GeminiPro + 3 Opus + 3 Sol,GeminiPro,8,game_myth,5,arc: stable order,0.5,0.3535533905932738,5,0.15811388300841897
2 GeminiPro + 3 Opus + 3 Sol,GeminiPro,8,game_myth,5,column 0,0.2,0.27386127875258304,5,0.12247448713915889
2 GeminiPro + 3 Opus + 3 Sol,GeminiPro,8,game_myth,5,column 1,0.4,0.5477225575051661,5,0.24494897427831777
2 GeminiPro + 3 Opus + 3 Sol,GeminiPro,8,game_myth,5,column 10,0.3,0.27386127875258304,5,0.12247448713915889
2 GeminiPro + 3 Opus + 3 Sol,GeminiPro,8,game_myth,5,column 11,0.1,0.223606797749979,5,0.1
2 GeminiPro + 3 Opus + 3 Sol,GeminiPro,8,game_myth,5,column 12,0.2,0.27386127875258304,5,0.12247448713915889
2 GeminiPro + 3 Opus + 3 Sol,GeminiPro,8,game_myth,5,column 13,0.6,0.4183300132670378,5,0.18708286933869706
2 GeminiPro + 3 Opus + 3 Sol,GeminiPro,8,game_myth,5,column 14,0.2,0.2738612787525831,5,0.12247448713915891
2 GeminiPro + 3 Opus + 3 Sol,GeminiPro,8,game_myth,5,column 15,0.0,0.0,5,0.0
2 GeminiPro + 3 Opus + 3 Sol,GeminiPro,8,game_myth,5,column 16,0.0,0.0,5,0.0
2 GeminiPro + 3 Opus + 3 Sol,GeminiPro,8,game_myth,5,column 17,0.0,0.0,5,0.0
2 GeminiPro + 3 Opus + 3 Sol,GeminiPro,8,game_myth,5,column 18,0.1,0.223606797749979,5,0.1
2 GeminiPro + 3 Opus + 3 Sol,GeminiPro,8,game_myth,5,column 19,0.0,0.0,5,0.0
2 GeminiPro + 3 Opus + 3 Sol,GeminiPro,8,game_myth,5,column 2,0.2,0.27386127875258304,5,0.12247448713915889
2 GeminiPro + 3 Opus + 3 Sol,GeminiPro,8,game_myth,5,column 3,0.7,0.27386127875258304,5,0.12247448713915889
2 GeminiPro + 3 Opus + 3 Sol,GeminiPro,8,game_myth,5,column 4,0.7,0.27386127875258304,5,0.12247448713915889
2 GeminiPro + 3 Opus + 3 Sol,GeminiPro,8,game_myth,5,column 5,0.3,0.27386127875258304,5,0.12247448713915889
2 GeminiPro + 3 Opus + 3 Sol,GeminiPro,8,game_myth,5,column 6,0.2,0.27386127875258304,5,0.12247448713915889
2 GeminiPro + 3 Opus + 3 Sol,GeminiPro,8,game_myth,5,column 7,0.2,0.27386127875258304,5,0.12247448713915889
2 GeminiPro + 3 Opus + 3 Sol,GeminiPro,8,game_myth,5,column 8,0.3,0.447213595499958,5,0.2
2 GeminiPro + 3 Opus + 3 Sol,GeminiPro,8,game_myth,5,column 9,0.2,0.2738612787525831,5,0.12247448713915891
2 GeminiPro + 3 Opus + 3 Sol,GeminiPro,8,game_myth,5,main: clarity_distortion,0.0,0.0,5,0.0
2 GeminiPro + 3 Opus + 3 Sol,GeminiPro,8,game_myth,5,main: cooperation_betrayal,0.0,0.0,5,0.0
2 GeminiPro + 3 Opus + 3 Sol,GeminiPro,8,game_myth,5,main: giving_hoarding,0.5,0.3535533905932738,5,0.15811388300841897
2 GeminiPro + 3 Opus + 3 Sol,GeminiPro,8,game_myth,5,main: high_low,0.0,0.0,5,0.0
2 GeminiPro + 3 Opus + 3 Sol,GeminiPro,8,game_myth,5,main: honesty_deception,0.0,0.0,5,0.0
2 GeminiPro + 3 Opus + 3 Sol,GeminiPro,8,game_myth,5,main: human_divine,0.0,0.0,5,0.0
2 GeminiPro + 3 Opus + 3 Sol,GeminiPro,8,game_myth,5,main: individual_community,0.0,0.0,5,0.0
2 GeminiPro + 3 Opus + 3 Sol,GeminiPro,8,game_myth,5,main: life_death,0.0,0.0,5,0.0
2 GeminiPro + 3 Opus + 3 Sol,GeminiPro,8,game_myth,5,main: light_dark,0.0,0.0,5,0.0
2 GeminiPro + 3 Opus + 3 Sol,GeminiPro,8,game_myth,5,main: nature_culture,0.0,0.0,5,0.0
2 GeminiPro + 3 Opus + 3 Sol,GeminiPro,8,game_myth,5,main: order_chaos,0.0,0.0,5,0.0
2 GeminiPro + 3 Opus + 3 Sol,GeminiPro,8,game_myth,5,main: other,0.0,0.0,5,0.0
2 GeminiPro + 3 Opus + 3 Sol,GeminiPro,8,game_myth,5,main: punishment_forgiveness,0.0,0.0,5,0.0
2 GeminiPro + 3 Opus + 3 Sol,GeminiPro,8,game_myth,5,main: scarcity_abundance,0.0,0.0,5,0.0
2 GeminiPro + 3 Opus + 3 Sol,GeminiPro,8,game_myth,5,main: trust_fear,0.5,0.3535533905932738,5,0.15811388300841897
2 GeminiPro + 3 Opus + 3 Sol,GeminiPro,8,game_myth,5,mediator present,0.5,0.3535533905932738,5,0.15811388300841897
2 GeminiPro + 3 Opus + 3 Sol,GeminiPro,8,game_myth,5,resolution: balanced middle,0.0,0.0,5,0.0
2 GeminiPro + 3 Opus + 3 Sol,GeminiPro,8,game_myth,5,resolution: mediated,0.5,0.3535533905932738,5,0.15811388300841897
2 GeminiPro + 3 Opus + 3 Sol,GeminiPro,8,game_myth,5,resolution: one pole wins,0.5,0.3535533905932738,5,0.15811388300841897
2 GeminiPro + 3 Opus + 3 Sol,GeminiPro,8,game_myth,5,role inversion,0.0,0.0,5,0.0
2 GeminiPro + 3 Opus + 3 Sol,GeminiPro,8,game_myth,6,any: clarity_distortion,0.1,0.223606797749979,5,0.1
2 GeminiPro + 3 Opus + 3 Sol,GeminiPro,8,game_myth,6,any: cooperation_betrayal,0.3,0.27386127875258304,5,0.12247448713915889
2 GeminiPro + 3 Opus + 3 Sol,GeminiPro,8,game_myth,6,any: giving_hoarding,0.9,0.22360679774997896,5,0.09999999999999999
2 GeminiPro + 3 Opus + 3 Sol,GeminiPro,8,game_myth,6,any: high_low,0.0,0.0,5,0.0
2 GeminiPro + 3 Opus + 3 Sol,GeminiPro,8,game_myth,6,any: honesty_deception,0.1,0.22360679774997896,5,0.09999999999999999
2 GeminiPro + 3 Opus + 3 Sol,GeminiPro,8,game_myth,6,any: human_divine,0.0,0.0,5,0.0
2 GeminiPro + 3 Opus + 3 Sol,GeminiPro,8,game_myth,6,any: individual_community,0.0,0.0,5,0.0
2 GeminiPro + 3 Opus + 3 Sol,GeminiPro,8,game_myth,6,any: life_death,0.0,0.0,5,0.0
2 GeminiPro + 3 Opus + 3 Sol,GeminiPro,8,game_myth,6,any: light_dark,0.0,0.0,5,0.0
2 GeminiPro + 3 Opus + 3 Sol,GeminiPro,8,game_myth,6,any: nature_culture,0.0,0.0,5,0.0
2 GeminiPro + 3 Opus + 3 Sol,GeminiPro,8,game_myth,6,any: order_chaos,0.2,0.27386127875258304,5,0.12247448713915889
2 GeminiPro + 3 Opus + 3 Sol,GeminiPro,8,game_myth,6,any: other,0.0,0.0,5,0.0
2 GeminiPro + 3 Opus + 3 Sol,GeminiPro,8,game_myth,6,any: punishment_forgiveness,0.3,0.2738612787525831,5,0.12247448713915891
2 GeminiPro + 3 Opus + 3 Sol,GeminiPro,8,game_myth,6,any: scarcity_abundance,0.2,0.4472135954999579,5,0.19999999999999998
2 GeminiPro + 3 Opus + 3 Sol,GeminiPro,8,game_myth,6,any: trust_fear,0.9,0.22360679774997896,5,0.09999999999999999
2 GeminiPro + 3 Opus + 3 Sol,GeminiPro,8,game_myth,6,arc: improves,0.6,0.4183300132670378,5,0.18708286933869706
2 GeminiPro + 3 Opus + 3 Sol,GeminiPro,8,game_myth,6,arc: restored,0.1,0.223606797749979,5,0.1
2 GeminiPro + 3 Opus + 3 Sol,GeminiPro,8,game_myth,6,arc: stable order,0.3,0.447213595499958,5,0.2
2 GeminiPro + 3 Opus + 3 Sol,GeminiPro,8,game_myth,6,column 0,0.2,0.2738612787525831,5,0.12247448713915891
2 GeminiPro + 3 Opus + 3 Sol,GeminiPro,8,game_myth,6,column 1,0.3,0.2738612787525831,5,0.12247448713915891
2 GeminiPro + 3 Opus + 3 Sol,GeminiPro,8,game_myth,6,column 10,0.2,0.27386127875258304,5,0.12247448713915889
2 GeminiPro + 3 Opus + 3 Sol,GeminiPro,8,game_myth,6,column 11,0.1,0.223606797749979,5,0.1
2 GeminiPro + 3 Opus + 3 Sol,GeminiPro,8,game_myth,6,column 12,0.1,0.22360679774997896,5,0.09999999999999999
2 GeminiPro + 3 Opus + 3 Sol,GeminiPro,8,game_myth,6,column 13,0.7,0.4472135954999579,5,0.19999999999999998
2 GeminiPro + 3 Opus + 3 Sol,GeminiPro,8,game_myth,6,column 14,0.1,0.223606797749979,5,0.1
2 GeminiPro + 3 Opus + 3 Sol,GeminiPro,8,game_myth,6,column 15,0.3,0.27386127875258304,5,0.12247448713915889
2 GeminiPro + 3 Opus + 3 Sol,GeminiPro,8,game_myth,6,column 16,0.3,0.27386127875258304,5,0.12247448713915889
2 GeminiPro + 3 Opus + 3 Sol,GeminiPro,8,game_myth,6,column 17,0.1,0.22360679774997896,5,0.09999999999999999
2 GeminiPro + 3 Opus + 3 Sol,GeminiPro,8,game_myth,6,column 18,0.2,0.27386127875258304,5,0.12247448713915889
2 GeminiPro + 3 Opus + 3 Sol,GeminiPro,8,game_myth,6,column 19,0.1,0.22360679774997896,5,0.09999999999999999
2 GeminiPro + 3 Opus + 3 Sol,GeminiPro,8,game_myth,6,column 2,0.3,0.4472135954999579,5,0.19999999999999998
2 GeminiPro + 3 Opus + 3 Sol,GeminiPro,8,game_myth,6,column 3,0.5,0.5,5,0.22360679774997896
2 GeminiPro + 3 Opus + 3 Sol,GeminiPro,8,game_myth,6,column 4,0.6,0.4183300132670378,5,0.18708286933869706
2 GeminiPro + 3 Opus + 3 Sol,GeminiPro,8,game_myth,6,column 5,0.4,0.5477225575051662,5,0.24494897427831783
2 GeminiPro + 3 Opus + 3 Sol,GeminiPro,8,game_myth,6,column 6,0.1,0.223606797749979,5,0.1
2 GeminiPro + 3 Opus + 3 Sol,GeminiPro,8,game_myth,6,column 7,0.2,0.2738612787525831,5,0.12247448713915891
2 GeminiPro + 3 Opus + 3 Sol,GeminiPro,8,game_myth,6,column 8,0.2,0.447213595499958,5,0.2
2 GeminiPro + 3 Opus + 3 Sol,GeminiPro,8,game_myth,6,column 9,0.0,0.0,5,0.0
2 GeminiPro + 3 Opus + 3 Sol,GeminiPro,8,game_myth,6,main: clarity_distortion,0.0,0.0,5,0.0
2 GeminiPro + 3 Opus + 3 Sol,GeminiPro,8,game_myth,6,main: cooperation_betrayal,0.0,0.0,5,0.0
2 GeminiPro + 3 Opus + 3 Sol,GeminiPro,8,game_myth,6,main: giving_hoarding,0.5,0.0,5,0.0
2 GeminiPro + 3 Opus + 3 Sol,GeminiPro,8,game_myth,6,main: high_low,0.0,0.0,5,0.0
2 GeminiPro + 3 Opus + 3 Sol,GeminiPro,8,game_myth,6,main: honesty_deception,0.0,0.0,5,0.0
2 GeminiPro + 3 Opus + 3 Sol,GeminiPro,8,game_myth,6,main: human_divine,0.0,0.0,5,0.0
2 GeminiPro + 3 Opus + 3 Sol,GeminiPro,8,game_myth,6,main: individual_community,0.0,0.0,5,0.0
2 GeminiPro + 3 Opus + 3 Sol,GeminiPro,8,game_myth,6,main: life_death,0.0,0.0,5,0.0
2 GeminiPro + 3 Opus + 3 Sol,GeminiPro,8,game_myth,6,main: light_dark,0.0,0.0,5,0.0
2 GeminiPro + 3 Opus + 3 Sol,GeminiPro,8,game_myth,6,main: nature_culture,0.0,0.0,5,0.0
2 GeminiPro + 3 Opus + 3 Sol,GeminiPro,8,game_myth,6,main: order_chaos,0.1,0.223606797749979,5,0.1
2 GeminiPro + 3 Opus + 3 Sol,GeminiPro,8,game_myth,6,main: other,0.0,0.0,5,0.0
2 GeminiPro + 3 Opus + 3 Sol,GeminiPro,8,game_myth,6,main: punishment_forgiveness,0.0,0.0,5,0.0
2 GeminiPro + 3 Opus + 3 Sol,GeminiPro,8,game_myth,6,main: scarcity_abundance,0.0,0.0,5,0.0
2 GeminiPro + 3 Opus + 3 Sol,GeminiPro,8,game_myth,6,main: trust_fear,0.4,0.22360679774997896,5,0.09999999999999999
2 GeminiPro + 3 Opus + 3 Sol,GeminiPro,8,game_myth,6,mediator present,0.6,0.22360679774997896,5,0.09999999999999999
2 GeminiPro + 3 Opus + 3 Sol,GeminiPro,8,game_myth,6,resolution: balanced middle,0.0,0.0,5,0.0
2 GeminiPro + 3 Opus + 3 Sol,GeminiPro,8,game_myth,6,resolution: mediated,0.6,0.22360679774997896,5,0.09999999999999999
2 GeminiPro + 3 Opus + 3 Sol,GeminiPro,8,game_myth,6,resolution: one pole wins,0.4,0.22360679774997896,5,0.09999999999999999
2 GeminiPro + 3 Opus + 3 Sol,GeminiPro,8,game_myth,6,role inversion,0.0,0.0,5,0.0
2 GeminiPro + 3 Opus + 3 Sol,GeminiPro,8,game_myth,9,any: clarity_distortion,0.3,0.4472135954999579,5,0.19999999999999998
2 GeminiPro + 3 Opus + 3 Sol,GeminiPro,8,game_myth,9,any: cooperation_betrayal,0.3,0.27386127875258304,5,0.12247448713915889
2 GeminiPro + 3 Opus + 3 Sol,GeminiPro,8,game_myth,9,any: giving_hoarding,0.7,0.27386127875258304,5,0.12247448713915889
2 GeminiPro + 3 Opus + 3 Sol,GeminiPro,8,game_myth,9,any: high_low,0.0,0.0,5,0.0
2 GeminiPro + 3 Opus + 3 Sol,GeminiPro,8,game_myth,9,any: honesty_deception,0.0,0.0,5,0.0
2 GeminiPro + 3 Opus + 3 Sol,GeminiPro,8,game_myth,9,any: human_divine,0.0,0.0,5,0.0
2 GeminiPro + 3 Opus + 3 Sol,GeminiPro,8,game_myth,9,any: individual_community,0.1,0.22360679774997896,5,0.09999999999999999
2 GeminiPro + 3 Opus + 3 Sol,GeminiPro,8,game_myth,9,any: life_death,0.0,0.0,5,0.0
2 GeminiPro + 3 Opus + 3 Sol,GeminiPro,8,game_myth,9,any: light_dark,0.0,0.0,5,0.0
2 GeminiPro + 3 Opus + 3 Sol,GeminiPro,8,game_myth,9,any: nature_culture,0.0,0.0,5,0.0
2 GeminiPro + 3 Opus + 3 Sol,GeminiPro,8,game_myth,9,any: order_chaos,0.1,0.223606797749979,5,0.1
2 GeminiPro + 3 Opus + 3 Sol,GeminiPro,8,game_myth,9,any: other,0.1,0.223606797749979,5,0.1
2 GeminiPro + 3 Opus + 3 Sol,GeminiPro,8,game_myth,9,any: punishment_forgiveness,0.0,0.0,5,0.0
2 GeminiPro + 3 Opus + 3 Sol,GeminiPro,8,game_myth,9,any: scarcity_abundance,0.4,0.4183300132670378,5,0.18708286933869706
2 GeminiPro + 3 Opus + 3 Sol,GeminiPro,8,game_myth,9,any: trust_fear,0.9,0.22360679774997896,5,0.09999999999999999
2 GeminiPro + 3 Opus + 3 Sol,GeminiPro,8,game_myth,9,arc: improves,0.5,0.5,5,0.22360679774997896
2 GeminiPro + 3 Opus + 3 Sol,GeminiPro,8,game_myth,9,arc: restored,0.1,0.223606797749979,5,0.1
2 GeminiPro + 3 Opus + 3 Sol,GeminiPro,8,game_myth,9,arc: stable order,0.4,0.4183300132670378,5,0.18708286933869706
2 GeminiPro + 3 Opus + 3 Sol,GeminiPro,8,game_myth,9,column 0,0.1,0.223606797749979,5,0.1
2 GeminiPro + 3 Opus + 3 Sol,GeminiPro,8,game_myth,9,column 1,0.3,0.27386127875258304,5,0.12247448713915889
2 GeminiPro + 3 Opus + 3 Sol,GeminiPro,8,game_myth,9,column 10,0.2,0.27386127875258304,5,0.12247448713915889
2 GeminiPro + 3 Opus + 3 Sol,GeminiPro,8,game_myth,9,column 11,0.3,0.4472135954999579,5,0.19999999999999998
2 GeminiPro + 3 Opus + 3 Sol,GeminiPro,8,game_myth,9,column 12,0.2,0.27386127875258304,5,0.12247448713915889
2 GeminiPro + 3 Opus + 3 Sol,GeminiPro,8,game_myth,9,column 13,0.1,0.223606797749979,5,0.1
2 GeminiPro + 3 Opus + 3 Sol,GeminiPro,8,game_myth,9,column 14,0.1,0.22360679774997896,5,0.09999999999999999
2 GeminiPro + 3 Opus + 3 Sol,GeminiPro,8,game_myth,9,column 15,0.1,0.223606797749979,5,0.1
2 GeminiPro + 3 Opus + 3 Sol,GeminiPro,8,game_myth,9,column 16,0.3,0.27386127875258304,5,0.12247448713915889
2 GeminiPro + 3 Opus + 3 Sol,GeminiPro,8,game_myth,9,column 17,0.3,0.27386127875258304,5,0.12247448713915889
2 GeminiPro + 3 Opus + 3 Sol,GeminiPro,8,game_myth,9,column 18,0.1,0.223606797749979,5,0.1
2 GeminiPro + 3 Opus + 3 Sol,GeminiPro,8,game_myth,9,column 19,0.1,0.223606797749979,5,0.1
2 GeminiPro + 3 Opus + 3 Sol,GeminiPro,8,game_myth,9,column 2,0.3,0.4472135954999579,5,0.19999999999999998
2 GeminiPro + 3 Opus + 3 Sol,GeminiPro,8,game_myth,9,column 3,0.4,0.4183300132670378,5,0.18708286933869706
2 GeminiPro + 3 Opus + 3 Sol,GeminiPro,8,game_myth,9,column 4,0.7,0.27386127875258304,5,0.12247448713915889
2 GeminiPro + 3 Opus + 3 Sol,GeminiPro,8,game_myth,9,column 5,0.3,0.2738612787525831,5,0.12247448713915891
2 GeminiPro + 3 Opus + 3 Sol,GeminiPro,8,game_myth,9,column 6,0.1,0.22360679774997896,5,0.09999999999999999
2 GeminiPro + 3 Opus + 3 Sol,GeminiPro,8,game_myth,9,column 7,0.2,0.27386127875258304,5,0.12247448713915889
2 GeminiPro + 3 Opus + 3 Sol,GeminiPro,8,game_myth,9,column 8,0.2,0.447213595499958,5,0.2
2 GeminiPro + 3 Opus + 3 Sol,GeminiPro,8,game_myth,9,column 9,0.1,0.22360679774997896,5,0.09999999999999999
2 GeminiPro + 3 Opus + 3 Sol,GeminiPro,8,game_myth,9,main: clarity_distortion,0.0,0.0,5,0.0
2 GeminiPro + 3 Opus + 3 Sol,GeminiPro,8,game_myth,9,main: cooperation_betrayal,0.1,0.22360679774997896,5,0.09999999999999999
2 GeminiPro + 3 Opus + 3 Sol,GeminiPro,8,game_myth,9,main: giving_hoarding,0.4,0.22360679774997896,5,0.09999999999999999
2 GeminiPro + 3 Opus + 3 Sol,GeminiPro,8,game_myth,9,main: high_low,0.0,0.0,5,0.0
2 GeminiPro + 3 Opus + 3 Sol,GeminiPro,8,game_myth,9,main: honesty_deception,0.0,0.0,5,0.0
2 GeminiPro + 3 Opus + 3 Sol,GeminiPro,8,game_myth,9,main: human_divine,0.0,0.0,5,0.0
2 GeminiPro + 3 Opus + 3 Sol,GeminiPro,8,game_myth,9,main: individual_community,0.0,0.0,5,0.0
2 GeminiPro + 3 Opus + 3 Sol,GeminiPro,8,game_myth,9,main: life_death,0.0,0.0,5,0.0
2 GeminiPro + 3 Opus + 3 Sol,GeminiPro,8,game_myth,9,main: light_dark,0.0,0.0,5,0.0
2 GeminiPro + 3 Opus + 3 Sol,GeminiPro,8,game_myth,9,main: nature_culture,0.0,0.0,5,0.0
2 GeminiPro + 3 Opus + 3 Sol,GeminiPro,8,game_myth,9,main: order_chaos,0.0,0.0,5,0.0
2 GeminiPro + 3 Opus + 3 Sol,GeminiPro,8,game_myth,9,main: other,0.1,0.223606797749979,5,0.1
2 GeminiPro + 3 Opus + 3 Sol,GeminiPro,8,game_myth,9,main: punishment_forgiveness,0.0,0.0,5,0.0
2 GeminiPro + 3 Opus + 3 Sol,GeminiPro,8,game_myth,9,main: scarcity_abundance,0.0,0.0,5,0.0
2 GeminiPro + 3 Opus + 3 Sol,GeminiPro,8,game_myth,9,main: trust_fear,0.4,0.4183300132670378,5,0.18708286933869706
2 GeminiPro + 3 Opus + 3 Sol,GeminiPro,8,game_myth,9,mediator present,0.3,0.27386127875258304,5,0.12247448713915889
2 GeminiPro + 3 Opus + 3 Sol,GeminiPro,8,game_myth,9,resolution: balanced middle,0.0,0.0,5,0.0
2 GeminiPro + 3 Opus + 3 Sol,GeminiPro,8,game_myth,9,resolution: mediated,0.3,0.27386127875258304,5,0.12247448713915889
2 GeminiPro + 3 Opus + 3 Sol,GeminiPro,8,game_myth,9,resolution: one pole wins,0.7,0.27386127875258304,5,0.12247448713915889
2 GeminiPro + 3 Opus + 3 Sol,GeminiPro,8,game_myth,9,role inversion,0.0,0.0,5,0.0
2 GeminiPro + 3 Opus + 3 Sol,GeminiPro,8,game_myth,10,any: clarity_distortion,0.4,0.22360679774997896,5,0.09999999999999999
2 GeminiPro + 3 Opus + 3 Sol,GeminiPro,8,game_myth,10,any: cooperation_betrayal,0.2,0.27386127875258304,5,0.12247448713915889
2 GeminiPro + 3 Opus + 3 Sol,GeminiPro,8,game_myth,10,any: giving_hoarding,0.9,0.22360679774997896,5,0.09999999999999999
2 GeminiPro + 3 Opus + 3 Sol,GeminiPro,8,game_myth,10,any: high_low,0.0,0.0,5,0.0
2 GeminiPro + 3 Opus + 3 Sol,GeminiPro,8,game_myth,10,any: honesty_deception,0.0,0.0,5,0.0
2 GeminiPro + 3 Opus + 3 Sol,GeminiPro,8,game_myth,10,any: human_divine,0.0,0.0,5,0.0
2 GeminiPro + 3 Opus + 3 Sol,GeminiPro,8,game_myth,10,any: individual_community,0.1,0.22360679774997896,5,0.09999999999999999
2 GeminiPro + 3 Opus + 3 Sol,GeminiPro,8,game_myth,10,any: life_death,0.0,0.0,5,0.0
2 GeminiPro + 3 Opus + 3 Sol,GeminiPro,8,game_myth,10,any: light_dark,0.0,0.0,5,0.0
2 GeminiPro + 3 Opus + 3 Sol,GeminiPro,8,game_myth,10,any: nature_culture,0.0,0.0,5,0.0
2 GeminiPro + 3 Opus + 3 Sol,GeminiPro,8,game_myth,10,any: order_chaos,0.0,0.0,5,0.0
2 GeminiPro + 3 Opus + 3 Sol,GeminiPro,8,game_myth,10,any: other,0.0,0.0,5,0.0
2 GeminiPro + 3 Opus + 3 Sol,GeminiPro,8,game_myth,10,any: punishment_forgiveness,0.3,0.27386127875258304,5,0.12247448713915889
2 GeminiPro + 3 Opus + 3 Sol,GeminiPro,8,game_myth,10,any: scarcity_abundance,0.3,0.4472135954999579,5,0.19999999999999998
2 GeminiPro + 3 Opus + 3 Sol,GeminiPro,8,game_myth,10,any: trust_fear,0.8,0.27386127875258304,5,0.12247448713915889
2 GeminiPro + 3 Opus + 3 Sol,GeminiPro,8,game_myth,10,arc: improves,0.8,0.2738612787525831,5,0.12247448713915891
2 GeminiPro + 3 Opus + 3 Sol,GeminiPro,8,game_myth,10,arc: restored,0.0,0.0,5,0.0
2 GeminiPro + 3 Opus + 3 Sol,GeminiPro,8,game_myth,10,arc: stable order,0.2,0.27386127875258304,5,0.12247448713915889
2 GeminiPro + 3 Opus + 3 Sol,GeminiPro,8,game_myth,10,column 0,0.3,0.27386127875258304,5,0.12247448713915889
2 GeminiPro + 3 Opus + 3 Sol,GeminiPro,8,game_myth,10,column 1,0.2,0.4472135954999579,5,0.19999999999999998
2 GeminiPro + 3 Opus + 3 Sol,GeminiPro,8,game_myth,10,column 10,0.4,0.22360679774997896,5,0.09999999999999999
2 GeminiPro + 3 Opus + 3 Sol,GeminiPro,8,game_myth,10,column 11,0.5,0.5,5,0.22360679774997896
2 GeminiPro + 3 Opus + 3 Sol,GeminiPro,8,game_myth,10,column 12,0.2,0.27386127875258304,5,0.12247448713915889
2 GeminiPro + 3 Opus + 3 Sol,GeminiPro,8,game_myth,10,column 13,0.4,0.4183300132670378,5,0.18708286933869706
2 GeminiPro + 3 Opus + 3 Sol,GeminiPro,8,game_myth,10,column 14,0.2,0.27386127875258304,5,0.12247448713915889
2 GeminiPro + 3 Opus + 3 Sol,GeminiPro,8,game_myth,10,column 15,0.1,0.22360679774997896,5,0.09999999999999999
2 GeminiPro + 3 Opus + 3 Sol,GeminiPro,8,game_myth,10,column 16,0.0,0.0,5,0.0
2 GeminiPro + 3 Opus + 3 Sol,GeminiPro,8,game_myth,10,column 17,0.1,0.223606797749979,5,0.1
2 GeminiPro + 3 Opus + 3 Sol,GeminiPro,8,game_myth,10,column 18,0.3,0.447213595499958,5,0.2
2 GeminiPro + 3 Opus + 3 Sol,GeminiPro,8,game_myth,10,column 19,0.1,0.22360679774997896,5,0.09999999999999999
2 GeminiPro + 3 Opus + 3 Sol,GeminiPro,8,game_myth,10,column 2,0.4,0.4183300132670378,5,0.18708286933869706
2 GeminiPro + 3 Opus + 3 Sol,GeminiPro,8,game_myth,10,column 3,0.5,0.3535533905932738,5,0.15811388300841897
2 GeminiPro + 3 Opus + 3 Sol,GeminiPro,8,game_myth,10,column 4,0.2,0.447213595499958,5,0.2
2 GeminiPro + 3 Opus + 3 Sol,GeminiPro,8,game_myth,10,column 5,0.2,0.27386127875258304,5,0.12247448713915889
2 GeminiPro + 3 Opus + 3 Sol,GeminiPro,8,game_myth,10,column 6,0.2,0.2738612787525831,5,0.12247448713915891
2 GeminiPro + 3 Opus + 3 Sol,GeminiPro,8,game_myth,10,column 7,0.4,0.22360679774997896,5,0.09999999999999999
2 GeminiPro + 3 Opus + 3 Sol,GeminiPro,8,game_myth,10,column 8,0.3,0.447213595499958,5,0.2
2 GeminiPro + 3 Opus + 3 Sol,GeminiPro,8,game_myth,10,column 9,0.3,0.4472135954999579,5,0.19999999999999998
2 GeminiPro + 3 Opus + 3 Sol,GeminiPro,8,game_myth,10,main: clarity_distortion,0.1,0.223606797749979,5,0.1
2 GeminiPro + 3 Opus + 3 Sol,GeminiPro,8,game_myth,10,main: cooperation_betrayal,0.1,0.223606797749979,5,0.1
2 GeminiPro + 3 Opus + 3 Sol,GeminiPro,8,game_myth,10,main: giving_hoarding,0.7,0.2738612787525831,5,0.12247448713915891
2 GeminiPro + 3 Opus + 3 Sol,GeminiPro,8,game_myth,10,main: high_low,0.0,0.0,5,0.0
2 GeminiPro + 3 Opus + 3 Sol,GeminiPro,8,game_myth,10,main: honesty_deception,0.0,0.0,5,0.0
2 GeminiPro + 3 Opus + 3 Sol,GeminiPro,8,game_myth,10,main: human_divine,0.0,0.0,5,0.0
2 GeminiPro + 3 Opus + 3 Sol,GeminiPro,8,game_myth,10,main: individual_community,0.0,0.0,5,0.0
2 GeminiPro + 3 Opus + 3 Sol,GeminiPro,8,game_myth,10,main: life_death,0.0,0.0,5,0.0
2 GeminiPro + 3 Opus + 3 Sol,GeminiPro,8,game_myth,10,main: light_dark,0.0,0.0,5,0.0
2 GeminiPro + 3 Opus + 3 Sol,GeminiPro,8,game_myth,10,main: nature_culture,0.0,0.0,5,0.0
2 GeminiPro + 3 Opus + 3 Sol,GeminiPro,8,game_myth,10,main: order_chaos,0.0,0.0,5,0.0
2 GeminiPro + 3 Opus + 3 Sol,GeminiPro,8,game_myth,10,main: other,0.0,0.0,5,0.0
2 GeminiPro + 3 Opus + 3 Sol,GeminiPro,8,game_myth,10,main: punishment_forgiveness,0.0,0.0,5,0.0
2 GeminiPro + 3 Opus + 3 Sol,GeminiPro,8,game_myth,10,main: scarcity_abundance,0.0,0.0,5,0.0
2 GeminiPro + 3 Opus + 3 Sol,GeminiPro,8,game_myth,10,main: trust_fear,0.1,0.223606797749979,5,0.1
2 GeminiPro + 3 Opus + 3 Sol,GeminiPro,8,game_myth,10,mediator present,0.5,0.5,5,0.22360679774997896
2 GeminiPro + 3 Opus + 3 Sol,GeminiPro,8,game_myth,10,resolution: balanced middle,0.0,0.0,5,0.0
2 GeminiPro + 3 Opus + 3 Sol,GeminiPro,8,game_myth,10,resolution: mediated,0.5,0.5,5,0.22360679774997896
2 GeminiPro + 3 Opus + 3 Sol,GeminiPro,8,game_myth,10,resolution: one pole wins,0.5,0.5,5,0.22360679774997896
2 GeminiPro + 3 Opus + 3 Sol,GeminiPro,8,game_myth,10,role inversion,0.0,0.0,5,0.0
2 GeminiPro + 3 Opus + 3 Sol,GeminiPro,8,myth_game,1,any: clarity_distortion,0.1,0.223606797749979,5,0.1
2 GeminiPro + 3 Opus + 3 Sol,GeminiPro,8,myth_game,1,any: cooperation_betrayal,0.4,0.4183300132670378,5,0.18708286933869706
2 GeminiPro + 3 Opus + 3 Sol,GeminiPro,8,myth_game,1,any: giving_hoarding,0.9,0.22360679774997896,5,0.09999999999999999
2 GeminiPro + 3 Opus + 3 Sol,GeminiPro,8,myth_game,1,any: high_low,0.0,0.0,5,0.0
2 GeminiPro + 3 Opus + 3 Sol,GeminiPro,8,myth_game,1,any: honesty_deception,0.0,0.0,5,0.0
2 GeminiPro + 3 Opus + 3 Sol,GeminiPro,8,myth_game,1,any: human_divine,0.0,0.0,5,0.0
2 GeminiPro + 3 Opus + 3 Sol,GeminiPro,8,myth_game,1,any: individual_community,0.1,0.223606797749979,5,0.1
2 GeminiPro + 3 Opus + 3 Sol,GeminiPro,8,myth_game,1,any: life_death,0.0,0.0,5,0.0
2 GeminiPro + 3 Opus + 3 Sol,GeminiPro,8,myth_game,1,any: light_dark,0.0,0.0,5,0.0
2 GeminiPro + 3 Opus + 3 Sol,GeminiPro,8,myth_game,1,any: nature_culture,0.0,0.0,5,0.0
2 GeminiPro + 3 Opus + 3 Sol,GeminiPro,8,myth_game,1,any: order_chaos,0.1,0.223606797749979,5,0.1
2 GeminiPro + 3 Opus + 3 Sol,GeminiPro,8,myth_game,1,any: other,0.0,0.0,5,0.0
2 GeminiPro + 3 Opus + 3 Sol,GeminiPro,8,myth_game,1,any: punishment_forgiveness,0.0,0.0,5,0.0
2 GeminiPro + 3 Opus + 3 Sol,GeminiPro,8,myth_game,1,any: scarcity_abundance,0.4,0.4183300132670378,5,0.18708286933869706
2 GeminiPro + 3 Opus + 3 Sol,GeminiPro,8,myth_game,1,any: trust_fear,1.0,0.0,5,0.0
2 GeminiPro + 3 Opus + 3 Sol,GeminiPro,8,myth_game,1,arc: improves,0.8,0.27386127875258304,5,0.12247448713915889
2 GeminiPro + 3 Opus + 3 Sol,GeminiPro,8,myth_game,1,arc: restored,0.2,0.27386127875258304,5,0.12247448713915889
2 GeminiPro + 3 Opus + 3 Sol,GeminiPro,8,myth_game,1,arc: stable order,0.0,0.0,5,0.0
2 GeminiPro + 3 Opus + 3 Sol,GeminiPro,8,myth_game,1,column 0,0.1,0.223606797749979,5,0.1
2 GeminiPro + 3 Opus + 3 Sol,GeminiPro,8,myth_game,1,column 1,0.1,0.223606797749979,5,0.1
2 GeminiPro + 3 Opus + 3 Sol,GeminiPro,8,myth_game,1,column 10,0.1,0.223606797749979,5,0.1
2 GeminiPro + 3 Opus + 3 Sol,GeminiPro,8,myth_game,1,column 11,0.0,0.0,5,0.0
2 GeminiPro + 3 Opus + 3 Sol,GeminiPro,8,myth_game,1,column 12,0.5,0.3535533905932738,5,0.15811388300841897
2 GeminiPro + 3 Opus + 3 Sol,GeminiPro,8,myth_game,1,column 13,0.1,0.223606797749979,5,0.1
2 GeminiPro + 3 Opus + 3 Sol,GeminiPro,8,myth_game,1,column 14,0.4,0.4183300132670378,5,0.18708286933869706
2 GeminiPro + 3 Opus + 3 Sol,GeminiPro,8,myth_game,1,column 15,0.2,0.27386127875258304,5,0.12247448713915889
2 GeminiPro + 3 Opus + 3 Sol,GeminiPro,8,myth_game,1,column 16,0.2,0.27386127875258304,5,0.12247448713915889
2 GeminiPro + 3 Opus + 3 Sol,GeminiPro,8,myth_game,1,column 17,0.3,0.27386127875258304,5,0.12247448713915889
2 GeminiPro + 3 Opus + 3 Sol,GeminiPro,8,myth_game,1,column 18,0.8,0.27386127875258304,5,0.12247448713915889
2 GeminiPro + 3 Opus + 3 Sol,GeminiPro,8,myth_game,1,column 19,0.0,0.0,5,0.0
2 GeminiPro + 3 Opus + 3 Sol,GeminiPro,8,myth_game,1,column 2,0.2,0.2738612787525831,5,0.12247448713915891
2 GeminiPro + 3 Opus + 3 Sol,GeminiPro,8,myth_game,1,column 3,0.3,0.27386127875258304,5,0.12247448713915889
2 GeminiPro + 3 Opus + 3 Sol,GeminiPro,8,myth_game,1,column 4,0.4,0.4183300132670378,5,0.18708286933869706
2 GeminiPro + 3 Opus + 3 Sol,GeminiPro,8,myth_game,1,column 5,0.2,0.2738612787525831,5,0.12247448713915891
2 GeminiPro + 3 Opus + 3 Sol,GeminiPro,8,myth_game,1,column 6,0.2,0.27386127875258304,5,0.12247448713915889
2 GeminiPro + 3 Opus + 3 Sol,GeminiPro,8,myth_game,1,column 7,0.0,0.0,5,0.0
2 GeminiPro + 3 Opus + 3 Sol,GeminiPro,8,myth_game,1,column 8,0.1,0.223606797749979,5,0.1
2 GeminiPro + 3 Opus + 3 Sol,GeminiPro,8,myth_game,1,column 9,0.0,0.0,5,0.0
2 GeminiPro + 3 Opus + 3 Sol,GeminiPro,8,myth_game,1,main: clarity_distortion,0.0,0.0,5,0.0
2 GeminiPro + 3 Opus + 3 Sol,GeminiPro,8,myth_game,1,main: cooperation_betrayal,0.1,0.223606797749979,5,0.1
2 GeminiPro + 3 Opus + 3 Sol,GeminiPro,8,myth_game,1,main: giving_hoarding,0.5,0.3535533905932738,5,0.15811388300841897
2 GeminiPro + 3 Opus + 3 Sol,GeminiPro,8,myth_game,1,main: high_low,0.0,0.0,5,0.0
2 GeminiPro + 3 Opus + 3 Sol,GeminiPro,8,myth_game,1,main: honesty_deception,0.0,0.0,5,0.0
2 GeminiPro + 3 Opus + 3 Sol,GeminiPro,8,myth_game,1,main: human_divine,0.0,0.0,5,0.0
2 GeminiPro + 3 Opus + 3 Sol,GeminiPro,8,myth_game,1,main: individual_community,0.0,0.0,5,0.0
2 GeminiPro + 3 Opus + 3 Sol,GeminiPro,8,myth_game,1,main: life_death,0.0,0.0,5,0.0
2 GeminiPro + 3 Opus + 3 Sol,GeminiPro,8,myth_game,1,main: light_dark,0.0,0.0,5,0.0
2 GeminiPro + 3 Opus + 3 Sol,GeminiPro,8,myth_game,1,main: nature_culture,0.0,0.0,5,0.0
2 GeminiPro + 3 Opus + 3 Sol,GeminiPro,8,myth_game,1,main: order_chaos,0.0,0.0,5,0.0
2 GeminiPro + 3 Opus + 3 Sol,GeminiPro,8,myth_game,1,main: other,0.0,0.0,5,0.0
2 GeminiPro + 3 Opus + 3 Sol,GeminiPro,8,myth_game,1,main: punishment_forgiveness,0.0,0.0,5,0.0
2 GeminiPro + 3 Opus + 3 Sol,GeminiPro,8,myth_game,1,main: scarcity_abundance,0.0,0.0,5,0.0
2 GeminiPro + 3 Opus + 3 Sol,GeminiPro,8,myth_game,1,main: trust_fear,0.4,0.4183300132670378,5,0.18708286933869706
2 GeminiPro + 3 Opus + 3 Sol,GeminiPro,8,myth_game,1,mediator present,0.4,0.4183300132670378,5,0.18708286933869706
2 GeminiPro + 3 Opus + 3 Sol,GeminiPro,8,myth_game,1,resolution: balanced middle,0.0,0.0,5,0.0
2 GeminiPro + 3 Opus + 3 Sol,GeminiPro,8,myth_game,1,resolution: mediated,0.4,0.4183300132670378,5,0.18708286933869706
2 GeminiPro + 3 Opus + 3 Sol,GeminiPro,8,myth_game,1,resolution: one pole wins,0.6,0.4183300132670378,5,0.18708286933869706
2 GeminiPro + 3 Opus + 3 Sol,GeminiPro,8,myth_game,1,role inversion,0.0,0.0,5,0.0
2 GeminiPro + 3 Opus + 3 Sol,GeminiPro,8,myth_game,2,any: clarity_distortion,0.5,0.3535533905932738,5,0.15811388300841897
2 GeminiPro + 3 Opus + 3 Sol,GeminiPro,8,myth_game,2,any: cooperation_betrayal,0.1,0.223606797749979,5,0.1
2 GeminiPro + 3 Opus + 3 Sol,GeminiPro,8,myth_game,2,any: giving_hoarding,0.9,0.22360679774997896,5,0.09999999999999999
2 GeminiPro + 3 Opus + 3 Sol,GeminiPro,8,myth_game,2,any: high_low,0.0,0.0,5,0.0
2 GeminiPro + 3 Opus + 3 Sol,GeminiPro,8,myth_game,2,any: honesty_deception,0.0,0.0,5,0.0
2 GeminiPro + 3 Opus + 3 Sol,GeminiPro,8,myth_game,2,any: human_divine,0.0,0.0,5,0.0
2 GeminiPro + 3 Opus + 3 Sol,GeminiPro,8,myth_game,2,any: individual_community,0.0,0.0,5,0.0
2 GeminiPro + 3 Opus + 3 Sol,GeminiPro,8,myth_game,2,any: life_death,0.0,0.0,5,0.0
2 GeminiPro + 3 Opus + 3 Sol,GeminiPro,8,myth_game,2,any: light_dark,0.1,0.223606797749979,5,0.1
2 GeminiPro + 3 Opus + 3 Sol,GeminiPro,8,myth_game,2,any: nature_culture,0.0,0.0,5,0.0
2 GeminiPro + 3 Opus + 3 Sol,GeminiPro,8,myth_game,2,any: order_chaos,0.2,0.27386127875258304,5,0.12247448713915889
2 GeminiPro + 3 Opus + 3 Sol,GeminiPro,8,myth_game,2,any: other,0.0,0.0,5,0.0
2 GeminiPro + 3 Opus + 3 Sol,GeminiPro,8,myth_game,2,any: punishment_forgiveness,0.0,0.0,5,0.0
2 GeminiPro + 3 Opus + 3 Sol,GeminiPro,8,myth_game,2,any: scarcity_abundance,0.2,0.27386127875258304,5,0.12247448713915889
2 GeminiPro + 3 Opus + 3 Sol,GeminiPro,8,myth_game,2,any: trust_fear,1.0,0.0,5,0.0
2 GeminiPro + 3 Opus + 3 Sol,GeminiPro,8,myth_game,2,arc: improves,0.4,0.4183300132670378,5,0.18708286933869706
2 GeminiPro + 3 Opus + 3 Sol,GeminiPro,8,myth_game,2,arc: restored,0.6,0.4183300132670378,5,0.18708286933869706
2 GeminiPro + 3 Opus + 3 Sol,GeminiPro,8,myth_game,2,arc: stable order,0.0,0.0,5,0.0
2 GeminiPro + 3 Opus + 3 Sol,GeminiPro,8,myth_game,2,column 0,0.1,0.22360679774997896,5,0.09999999999999999
2 GeminiPro + 3 Opus + 3 Sol,GeminiPro,8,myth_game,2,column 1,0.4,0.22360679774997896,5,0.09999999999999999
2 GeminiPro + 3 Opus + 3 Sol,GeminiPro,8,myth_game,2,column 10,0.4,0.4183300132670378,5,0.18708286933869706
2 GeminiPro + 3 Opus + 3 Sol,GeminiPro,8,myth_game,2,column 11,0.0,0.0,5,0.0
2 GeminiPro + 3 Opus + 3 Sol,GeminiPro,8,myth_game,2,column 12,0.3,0.447213595499958,5,0.2
2 GeminiPro + 3 Opus + 3 Sol,GeminiPro,8,myth_game,2,column 13,0.3,0.27386127875258304,5,0.12247448713915889
2 GeminiPro + 3 Opus + 3 Sol,GeminiPro,8,myth_game,2,column 14,0.4,0.4183300132670378,5,0.18708286933869706
2 GeminiPro + 3 Opus + 3 Sol,GeminiPro,8,myth_game,2,column 15,0.2,0.27386127875258304,5,0.12247448713915889
2 GeminiPro + 3 Opus + 3 Sol,GeminiPro,8,myth_game,2,column 16,0.0,0.0,5,0.0
2 GeminiPro + 3 Opus + 3 Sol,GeminiPro,8,myth_game,2,column 17,0.1,0.22360679774997896,5,0.09999999999999999
2 GeminiPro + 3 Opus + 3 Sol,GeminiPro,8,myth_game,2,column 18,0.0,0.0,5,0.0
2 GeminiPro + 3 Opus + 3 Sol,GeminiPro,8,myth_game,2,column 19,0.1,0.223606797749979,5,0.1
2 GeminiPro + 3 Opus + 3 Sol,GeminiPro,8,myth_game,2,column 2,0.5,0.3535533905932738,5,0.15811388300841897
2 GeminiPro + 3 Opus + 3 Sol,GeminiPro,8,myth_game,2,column 3,0.3,0.2738612787525831,5,0.12247448713915891
2 GeminiPro + 3 Opus + 3 Sol,GeminiPro,8,myth_game,2,column 4,0.6,0.4183300132670378,5,0.18708286933869706
2 GeminiPro + 3 Opus + 3 Sol,GeminiPro,8,myth_game,2,column 5,0.1,0.22360679774997896,5,0.09999999999999999
2 GeminiPro + 3 Opus + 3 Sol,GeminiPro,8,myth_game,2,column 6,0.4,0.22360679774997896,5,0.09999999999999999
2 GeminiPro + 3 Opus + 3 Sol,GeminiPro,8,myth_game,2,column 7,0.0,0.0,5,0.0
2 GeminiPro + 3 Opus + 3 Sol,GeminiPro,8,myth_game,2,column 8,0.0,0.0,5,0.0
2 GeminiPro + 3 Opus + 3 Sol,GeminiPro,8,myth_game,2,column 9,0.1,0.223606797749979,5,0.1
2 GeminiPro + 3 Opus + 3 Sol,GeminiPro,8,myth_game,2,main: clarity_distortion,0.0,0.0,5,0.0
2 GeminiPro + 3 Opus + 3 Sol,GeminiPro,8,myth_game,2,main: cooperation_betrayal,0.0,0.0,5,0.0
2 GeminiPro + 3 Opus + 3 Sol,GeminiPro,8,myth_game,2,main: giving_hoarding,0.3,0.27386127875258304,5,0.12247448713915889
2 GeminiPro + 3 Opus + 3 Sol,GeminiPro,8,myth_game,2,main: high_low,0.0,0.0,5,0.0
2 GeminiPro + 3 Opus + 3 Sol,GeminiPro,8,myth_game,2,main: honesty_deception,0.0,0.0,5,0.0
2 GeminiPro + 3 Opus + 3 Sol,GeminiPro,8,myth_game,2,main: human_divine,0.0,0.0,5,0.0
2 GeminiPro + 3 Opus + 3 Sol,GeminiPro,8,myth_game,2,main: individual_community,0.0,0.0,5,0.0
2 GeminiPro + 3 Opus + 3 Sol,GeminiPro,8,myth_game,2,main: life_death,0.0,0.0,5,0.0
2 GeminiPro + 3 Opus + 3 Sol,GeminiPro,8,myth_game,2,main: light_dark,0.0,0.0,5,0.0
2 GeminiPro + 3 Opus + 3 Sol,GeminiPro,8,myth_game,2,main: nature_culture,0.0,0.0,5,0.0
2 GeminiPro + 3 Opus + 3 Sol,GeminiPro,8,myth_game,2,main: order_chaos,0.0,0.0,5,0.0
2 GeminiPro + 3 Opus + 3 Sol,GeminiPro,8,myth_game,2,main: other,0.0,0.0,5,0.0
2 GeminiPro + 3 Opus + 3 Sol,GeminiPro,8,myth_game,2,main: punishment_forgiveness,0.0,0.0,5,0.0
2 GeminiPro + 3 Opus + 3 Sol,GeminiPro,8,myth_game,2,main: scarcity_abundance,0.0,0.0,5,0.0
2 GeminiPro + 3 Opus + 3 Sol,GeminiPro,8,myth_game,2,main: trust_fear,0.7,0.2738612787525831,5,0.12247448713915891
2 GeminiPro + 3 Opus + 3 Sol,GeminiPro,8,myth_game,2,mediator present,0.7,0.2738612787525831,5,0.12247448713915891
2 GeminiPro + 3 Opus + 3 Sol,GeminiPro,8,myth_game,2,resolution: balanced middle,0.0,0.0,5,0.0
2 GeminiPro + 3 Opus + 3 Sol,GeminiPro,8,myth_game,2,resolution: mediated,0.7,0.2738612787525831,5,0.12247448713915891
2 GeminiPro + 3 Opus + 3 Sol,GeminiPro,8,myth_game,2,resolution: one pole wins,0.3,0.2738612787525831,5,0.12247448713915891
2 GeminiPro + 3 Opus + 3 Sol,GeminiPro,8,myth_game,2,role inversion,0.0,0.0,5,0.0
2 GeminiPro + 3 Opus + 3 Sol,GeminiPro,8,myth_game,5,any: clarity_distortion,0.3,0.27386127875258304,5,0.12247448713915889
2 GeminiPro + 3 Opus + 3 Sol,GeminiPro,8,myth_game,5,any: cooperation_betrayal,0.2,0.27386127875258304,5,0.12247448713915889
2 GeminiPro + 3 Opus + 3 Sol,GeminiPro,8,myth_game,5,any: giving_hoarding,1.0,0.0,5,0.0
2 GeminiPro + 3 Opus + 3 Sol,GeminiPro,8,myth_game,5,any: high_low,0.0,0.0,5,0.0
2 GeminiPro + 3 Opus + 3 Sol,GeminiPro,8,myth_game,5,any: honesty_deception,0.0,0.0,5,0.0
2 GeminiPro + 3 Opus + 3 Sol,GeminiPro,8,myth_game,5,any: human_divine,0.0,0.0,5,0.0
2 GeminiPro + 3 Opus + 3 Sol,GeminiPro,8,myth_game,5,any: individual_community,0.0,0.0,5,0.0
2 GeminiPro + 3 Opus + 3 Sol,GeminiPro,8,myth_game,5,any: life_death,0.0,0.0,5,0.0
2 GeminiPro + 3 Opus + 3 Sol,GeminiPro,8,myth_game,5,any: light_dark,0.0,0.0,5,0.0
2 GeminiPro + 3 Opus + 3 Sol,GeminiPro,8,myth_game,5,any: nature_culture,0.0,0.0,5,0.0
2 GeminiPro + 3 Opus + 3 Sol,GeminiPro,8,myth_game,5,any: order_chaos,0.0,0.0,5,0.0
2 GeminiPro + 3 Opus + 3 Sol,GeminiPro,8,myth_game,5,any: other,0.0,0.0,5,0.0
2 GeminiPro + 3 Opus + 3 Sol,GeminiPro,8,myth_game,5,any: punishment_forgiveness,0.5,0.5,5,0.22360679774997896
2 GeminiPro + 3 Opus + 3 Sol,GeminiPro,8,myth_game,5,any: scarcity_abundance,0.0,0.0,5,0.0
2 GeminiPro + 3 Opus + 3 Sol,GeminiPro,8,myth_game,5,any: trust_fear,1.0,0.0,5,0.0
2 GeminiPro + 3 Opus + 3 Sol,GeminiPro,8,myth_game,5,arc: improves,0.7,0.27386127875258304,5,0.12247448713915889
2 GeminiPro + 3 Opus + 3 Sol,GeminiPro,8,myth_game,5,arc: restored,0.0,0.0,5,0.0
2 GeminiPro + 3 Opus + 3 Sol,GeminiPro,8,myth_game,5,arc: stable order,0.3,0.27386127875258304,5,0.12247448713915889
2 GeminiPro + 3 Opus + 3 Sol,GeminiPro,8,myth_game,5,column 0,0.0,0.0,5,0.0
2 GeminiPro + 3 Opus + 3 Sol,GeminiPro,8,myth_game,5,column 1,0.3,0.27386127875258304,5,0.12247448713915889
2 GeminiPro + 3 Opus + 3 Sol,GeminiPro,8,myth_game,5,column 10,0.3,0.27386127875258304,5,0.12247448713915889
2 GeminiPro + 3 Opus + 3 Sol,GeminiPro,8,myth_game,5,column 11,0.0,0.0,5,0.0
2 GeminiPro + 3 Opus + 3 Sol,GeminiPro,8,myth_game,5,column 12,0.2,0.27386127875258304,5,0.12247448713915889
2 GeminiPro + 3 Opus + 3 Sol,GeminiPro,8,myth_game,5,column 13,0.6,0.22360679774997896,5,0.09999999999999999
2 GeminiPro + 3 Opus + 3 Sol,GeminiPro,8,myth_game,5,column 14,0.1,0.223606797749979,5,0.1
2 GeminiPro + 3 Opus + 3 Sol,GeminiPro,8,myth_game,5,column 15,0.3,0.27386127875258304,5,0.12247448713915889
2 GeminiPro + 3 Opus + 3 Sol,GeminiPro,8,myth_game,5,column 16,0.3,0.27386127875258304,5,0.12247448713915889
2 GeminiPro + 3 Opus + 3 Sol,GeminiPro,8,myth_game,5,column 17,0.0,0.0,5,0.0
2 GeminiPro + 3 Opus + 3 Sol,GeminiPro,8,myth_game,5,column 18,0.2,0.27386127875258304,5,0.12247448713915889
2 GeminiPro + 3 Opus + 3 Sol,GeminiPro,8,myth_game,5,column 19,0.0,0.0,5,0.0
2 GeminiPro + 3 Opus + 3 Sol,GeminiPro,8,myth_game,5,column 2,0.8,0.27386127875258304,5,0.12247448713915889
2 GeminiPro + 3 Opus + 3 Sol,GeminiPro,8,myth_game,5,column 3,0.3,0.27386127875258304,5,0.12247448713915889
2 GeminiPro + 3 Opus + 3 Sol,GeminiPro,8,myth_game,5,column 4,0.5,0.5,5,0.22360679774997896
2 GeminiPro + 3 Opus + 3 Sol,GeminiPro,8,myth_game,5,column 5,0.5,0.3535533905932738,5,0.15811388300841897
2 GeminiPro + 3 Opus + 3 Sol,GeminiPro,8,myth_game,5,column 6,0.2,0.27386127875258304,5,0.12247448713915889
2 GeminiPro + 3 Opus + 3 Sol,GeminiPro,8,myth_game,5,column 7,0.1,0.223606797749979,5,0.1
2 GeminiPro + 3 Opus + 3 Sol,GeminiPro,8,myth_game,5,column 8,0.0,0.0,5,0.0
2 GeminiPro + 3 Opus + 3 Sol,GeminiPro,8,myth_game,5,column 9,0.2,0.27386127875258304,5,0.12247448713915889
2 GeminiPro + 3 Opus + 3 Sol,GeminiPro,8,myth_game,5,main: clarity_distortion,0.0,0.0,5,0.0
2 GeminiPro + 3 Opus + 3 Sol,GeminiPro,8,myth_game,5,main: cooperation_betrayal,0.0,0.0,5,0.0
2 GeminiPro + 3 Opus + 3 Sol,GeminiPro,8,myth_game,5,main: giving_hoarding,0.5,0.3535533905932738,5,0.15811388300841897
2 GeminiPro + 3 Opus + 3 Sol,GeminiPro,8,myth_game,5,main: high_low,0.0,0.0,5,0.0
2 GeminiPro + 3 Opus + 3 Sol,GeminiPro,8,myth_game,5,main: honesty_deception,0.0,0.0,5,0.0
2 GeminiPro + 3 Opus + 3 Sol,GeminiPro,8,myth_game,5,main: human_divine,0.0,0.0,5,0.0
2 GeminiPro + 3 Opus + 3 Sol,GeminiPro,8,myth_game,5,main: individual_community,0.0,0.0,5,0.0
2 GeminiPro + 3 Opus + 3 Sol,GeminiPro,8,myth_game,5,main: life_death,0.0,0.0,5,0.0
2 GeminiPro + 3 Opus + 3 Sol,GeminiPro,8,myth_game,5,main: light_dark,0.0,0.0,5,0.0
2 GeminiPro + 3 Opus + 3 Sol,GeminiPro,8,myth_game,5,main: nature_culture,0.0,0.0,5,0.0
2 GeminiPro + 3 Opus + 3 Sol,GeminiPro,8,myth_game,5,main: order_chaos,0.0,0.0,5,0.0
2 GeminiPro + 3 Opus + 3 Sol,GeminiPro,8,myth_game,5,main: other,0.0,0.0,5,0.0
2 GeminiPro + 3 Opus + 3 Sol,GeminiPro,8,myth_game,5,main: punishment_forgiveness,0.0,0.0,5,0.0
2 GeminiPro + 3 Opus + 3 Sol,GeminiPro,8,myth_game,5,main: scarcity_abundance,0.0,0.0,5,0.0
2 GeminiPro + 3 Opus + 3 Sol,GeminiPro,8,myth_game,5,main: trust_fear,0.5,0.3535533905932738,5,0.15811388300841897
2 GeminiPro + 3 Opus + 3 Sol,GeminiPro,8,myth_game,5,mediator present,0.7,0.4472135954999579,5,0.19999999999999998
2 GeminiPro + 3 Opus + 3 Sol,GeminiPro,8,myth_game,5,resolution: balanced middle,0.0,0.0,5,0.0
2 GeminiPro + 3 Opus + 3 Sol,GeminiPro,8,myth_game,5,resolution: mediated,0.7,0.4472135954999579,5,0.19999999999999998
2 GeminiPro + 3 Opus + 3 Sol,GeminiPro,8,myth_game,5,resolution: one pole wins,0.3,0.4472135954999579,5,0.19999999999999998
2 GeminiPro + 3 Opus + 3 Sol,GeminiPro,8,myth_game,5,role inversion,0.0,0.0,5,0.0
2 GeminiPro + 3 Opus + 3 Sol,GeminiPro,8,myth_game,6,any: clarity_distortion,0.1,0.22360679774997896,5,0.09999999999999999
2 GeminiPro + 3 Opus + 3 Sol,GeminiPro,8,myth_game,6,any: cooperation_betrayal,0.1,0.223606797749979,5,0.1
2 GeminiPro + 3 Opus + 3 Sol,GeminiPro,8,myth_game,6,any: giving_hoarding,0.9,0.22360679774997896,5,0.09999999999999999
2 GeminiPro + 3 Opus + 3 Sol,GeminiPro,8,myth_game,6,any: high_low,0.0,0.0,5,0.0
2 GeminiPro + 3 Opus + 3 Sol,GeminiPro,8,myth_game,6,any: honesty_deception,0.0,0.0,5,0.0
2 GeminiPro + 3 Opus + 3 Sol,GeminiPro,8,myth_game,6,any: human_divine,0.0,0.0,5,0.0
2 GeminiPro + 3 Opus + 3 Sol,GeminiPro,8,myth_game,6,any: individual_community,0.0,0.0,5,0.0
2 GeminiPro + 3 Opus + 3 Sol,GeminiPro,8,myth_game,6,any: life_death,0.0,0.0,5,0.0
2 GeminiPro + 3 Opus + 3 Sol,GeminiPro,8,myth_game,6,any: light_dark,0.1,0.223606797749979,5,0.1
2 GeminiPro + 3 Opus + 3 Sol,GeminiPro,8,myth_game,6,any: nature_culture,0.0,0.0,5,0.0
2 GeminiPro + 3 Opus + 3 Sol,GeminiPro,8,myth_game,6,any: order_chaos,0.1,0.223606797749979,5,0.1
2 GeminiPro + 3 Opus + 3 Sol,GeminiPro,8,myth_game,6,any: other,0.0,0.0,5,0.0
2 GeminiPro + 3 Opus + 3 Sol,GeminiPro,8,myth_game,6,any: punishment_forgiveness,0.8,0.2738612787525831,5,0.12247448713915891
2 GeminiPro + 3 Opus + 3 Sol,GeminiPro,8,myth_game,6,any: scarcity_abundance,0.0,0.0,5,0.0
2 GeminiPro + 3 Opus + 3 Sol,GeminiPro,8,myth_game,6,any: trust_fear,0.9,0.22360679774997896,5,0.09999999999999999
2 GeminiPro + 3 Opus + 3 Sol,GeminiPro,8,myth_game,6,arc: improves,0.6,0.4183300132670378,5,0.18708286933869706
2 GeminiPro + 3 Opus + 3 Sol,GeminiPro,8,myth_game,6,arc: restored,0.1,0.223606797749979,5,0.1
2 GeminiPro + 3 Opus + 3 Sol,GeminiPro,8,myth_game,6,arc: stable order,0.3,0.27386127875258304,5,0.12247448713915889
2 GeminiPro + 3 Opus + 3 Sol,GeminiPro,8,myth_game,6,column 0,0.0,0.0,5,0.0
2 GeminiPro + 3 Opus + 3 Sol,GeminiPro,8,myth_game,6,column 1,0.2,0.27386127875258304,5,0.12247448713915889
2 GeminiPro + 3 Opus + 3 Sol,GeminiPro,8,myth_game,6,column 10,0.1,0.223606797749979,5,0.1
2 GeminiPro + 3 Opus + 3 Sol,GeminiPro,8,myth_game,6,column 11,0.1,0.223606797749979,5,0.1
2 GeminiPro + 3 Opus + 3 Sol,GeminiPro,8,myth_game,6,column 12,0.5,0.5,5,0.22360679774997896
2 GeminiPro + 3 Opus + 3 Sol,GeminiPro,8,myth_game,6,column 13,0.2,0.27386127875258304,5,0.12247448713915889
2 GeminiPro + 3 Opus + 3 Sol,GeminiPro,8,myth_game,6,column 14,0.2,0.27386127875258304,5,0.12247448713915889
2 GeminiPro + 3 Opus + 3 Sol,GeminiPro,8,myth_game,6,column 15,0.2,0.27386127875258304,5,0.12247448713915889
2 GeminiPro + 3 Opus + 3 Sol,GeminiPro,8,myth_game,6,column 16,0.1,0.22360679774997896,5,0.09999999999999999
2 GeminiPro + 3 Opus + 3 Sol,GeminiPro,8,myth_game,6,column 17,0.0,0.0,5,0.0
2 GeminiPro + 3 Opus + 3 Sol,GeminiPro,8,myth_game,6,column 18,0.1,0.223606797749979,5,0.1
2 GeminiPro + 3 Opus + 3 Sol,GeminiPro,8,myth_game,6,column 19,0.1,0.22360679774997896,5,0.09999999999999999
2 GeminiPro + 3 Opus + 3 Sol,GeminiPro,8,myth_game,6,column 2,0.7,0.2738612787525831,5,0.12247448713915891
2 GeminiPro + 3 Opus + 3 Sol,GeminiPro,8,myth_game,6,column 3,0.6,0.22360679774997896,5,0.09999999999999999
2 GeminiPro + 3 Opus + 3 Sol,GeminiPro,8,myth_game,6,column 4,0.7,0.2738612787525831,5,0.12247448713915891
2 GeminiPro + 3 Opus + 3 Sol,GeminiPro,8,myth_game,6,column 5,0.5,0.3535533905932738,5,0.15811388300841897
2 GeminiPro + 3 Opus + 3 Sol,GeminiPro,8,myth_game,6,column 6,0.1,0.22360679774997896,5,0.09999999999999999
2 GeminiPro + 3 Opus + 3 Sol,GeminiPro,8,myth_game,6,column 7,0.2,0.27386127875258304,5,0.12247448713915889
2 GeminiPro + 3 Opus + 3 Sol,GeminiPro,8,myth_game,6,column 8,0.1,0.22360679774997896,5,0.09999999999999999
2 GeminiPro + 3 Opus + 3 Sol,GeminiPro,8,myth_game,6,column 9,0.1,0.223606797749979,5,0.1
2 GeminiPro + 3 Opus + 3 Sol,GeminiPro,8,myth_game,6,main: clarity_distortion,0.0,0.0,5,0.0
2 GeminiPro + 3 Opus + 3 Sol,GeminiPro,8,myth_game,6,main: cooperation_betrayal,0.0,0.0,5,0.0
2 GeminiPro + 3 Opus + 3 Sol,GeminiPro,8,myth_game,6,main: giving_hoarding,0.6,0.4183300132670378,5,0.18708286933869706
2 GeminiPro + 3 Opus + 3 Sol,GeminiPro,8,myth_game,6,main: high_low,0.0,0.0,5,0.0
2 GeminiPro + 3 Opus + 3 Sol,GeminiPro,8,myth_game,6,main: honesty_deception,0.0,0.0,5,0.0
2 GeminiPro + 3 Opus + 3 Sol,GeminiPro,8,myth_game,6,main: human_divine,0.0,0.0,5,0.0
2 GeminiPro + 3 Opus + 3 Sol,GeminiPro,8,myth_game,6,main: individual_community,0.0,0.0,5,0.0
2 GeminiPro + 3 Opus + 3 Sol,GeminiPro,8,myth_game,6,main: life_death,0.0,0.0,5,0.0
2 GeminiPro + 3 Opus + 3 Sol,GeminiPro,8,myth_game,6,main: light_dark,0.0,0.0,5,0.0
2 GeminiPro + 3 Opus + 3 Sol,GeminiPro,8,myth_game,6,main: nature_culture,0.0,0.0,5,0.0
2 GeminiPro + 3 Opus + 3 Sol,GeminiPro,8,myth_game,6,main: order_chaos,0.0,0.0,5,0.0
2 GeminiPro + 3 Opus + 3 Sol,GeminiPro,8,myth_game,6,main: other,0.0,0.0,5,0.0
2 GeminiPro + 3 Opus + 3 Sol,GeminiPro,8,myth_game,6,main: punishment_forgiveness,0.0,0.0,5,0.0
2 GeminiPro + 3 Opus + 3 Sol,GeminiPro,8,myth_game,6,main: scarcity_abundance,0.0,0.0,5,0.0
2 GeminiPro + 3 Opus + 3 Sol,GeminiPro,8,myth_game,6,main: trust_fear,0.4,0.4183300132670378,5,0.18708286933869706
2 GeminiPro + 3 Opus + 3 Sol,GeminiPro,8,myth_game,6,mediator present,0.7,0.27386127875258304,5,0.12247448713915889
2 GeminiPro + 3 Opus + 3 Sol,GeminiPro,8,myth_game,6,resolution: balanced middle,0.0,0.0,5,0.0
2 GeminiPro + 3 Opus + 3 Sol,GeminiPro,8,myth_game,6,resolution: mediated,0.7,0.27386127875258304,5,0.12247448713915889
2 GeminiPro + 3 Opus + 3 Sol,GeminiPro,8,myth_game,6,resolution: one pole wins,0.3,0.27386127875258304,5,0.12247448713915889
2 GeminiPro + 3 Opus + 3 Sol,GeminiPro,8,myth_game,6,role inversion,0.0,0.0,5,0.0
2 GeminiPro + 3 Opus + 3 Sol,GeminiPro,8,myth_game,9,any: clarity_distortion,0.2,0.2738612787525831,5,0.12247448713915891
2 GeminiPro + 3 Opus + 3 Sol,GeminiPro,8,myth_game,9,any: cooperation_betrayal,0.1,0.223606797749979,5,0.1
2 GeminiPro + 3 Opus + 3 Sol,GeminiPro,8,myth_game,9,any: giving_hoarding,0.8,0.4472135954999579,5,0.19999999999999998
2 GeminiPro + 3 Opus + 3 Sol,GeminiPro,8,myth_game,9,any: high_low,0.0,0.0,5,0.0
2 GeminiPro + 3 Opus + 3 Sol,GeminiPro,8,myth_game,9,any: honesty_deception,0.0,0.0,5,0.0
2 GeminiPro + 3 Opus + 3 Sol,GeminiPro,8,myth_game,9,any: human_divine,0.0,0.0,5,0.0
2 GeminiPro + 3 Opus + 3 Sol,GeminiPro,8,myth_game,9,any: individual_community,0.0,0.0,5,0.0
2 GeminiPro + 3 Opus + 3 Sol,GeminiPro,8,myth_game,9,any: life_death,0.0,0.0,5,0.0
2 GeminiPro + 3 Opus + 3 Sol,GeminiPro,8,myth_game,9,any: light_dark,0.2,0.27386127875258304,5,0.12247448713915889
2 GeminiPro + 3 Opus + 3 Sol,GeminiPro,8,myth_game,9,any: nature_culture,0.0,0.0,5,0.0
2 GeminiPro + 3 Opus + 3 Sol,GeminiPro,8,myth_game,9,any: order_chaos,0.0,0.0,5,0.0
2 GeminiPro + 3 Opus + 3 Sol,GeminiPro,8,myth_game,9,any: other,0.0,0.0,5,0.0
2 GeminiPro + 3 Opus + 3 Sol,GeminiPro,8,myth_game,9,any: punishment_forgiveness,0.5,0.3535533905932738,5,0.15811388300841897
2 GeminiPro + 3 Opus + 3 Sol,GeminiPro,8,myth_game,9,any: scarcity_abundance,0.3,0.2738612787525831,5,0.12247448713915891
2 GeminiPro + 3 Opus + 3 Sol,GeminiPro,8,myth_game,9,any: trust_fear,0.9,0.22360679774997896,5,0.09999999999999999
2 GeminiPro + 3 Opus + 3 Sol,GeminiPro,8,myth_game,9,arc: improves,0.8,0.2738612787525831,5,0.12247448713915891
2 GeminiPro + 3 Opus + 3 Sol,GeminiPro,8,myth_game,9,arc: restored,0.1,0.22360679774997896,5,0.09999999999999999
2 GeminiPro + 3 Opus + 3 Sol,GeminiPro,8,myth_game,9,arc: stable order,0.1,0.22360679774997896,5,0.09999999999999999
2 GeminiPro + 3 Opus + 3 Sol,GeminiPro,8,myth_game,9,column 0,0.1,0.223606797749979,5,0.1
2 GeminiPro + 3 Opus + 3 Sol,GeminiPro,8,myth_game,9,column 1,0.1,0.223606797749979,5,0.1
2 GeminiPro + 3 Opus + 3 Sol,GeminiPro,8,myth_game,9,column 10,0.3,0.447213595499958,5,0.2
2 GeminiPro + 3 Opus + 3 Sol,GeminiPro,8,myth_game,9,column 11,0.0,0.0,5,0.0
2 GeminiPro + 3 Opus + 3 Sol,GeminiPro,8,myth_game,9,column 12,0.2,0.2738612787525831,5,0.12247448713915891
2 GeminiPro + 3 Opus + 3 Sol,GeminiPro,8,myth_game,9,column 13,0.2,0.27386127875258304,5,0.12247448713915889
2 GeminiPro + 3 Opus + 3 Sol,GeminiPro,8,myth_game,9,column 14,0.1,0.223606797749979,5,0.1
2 GeminiPro + 3 Opus + 3 Sol,GeminiPro,8,myth_game,9,column 15,0.4,0.5477225575051661,5,0.24494897427831777
2 GeminiPro + 3 Opus + 3 Sol,GeminiPro,8,myth_game,9,column 16,0.2,0.2738612787525831,5,0.12247448713915891
2 GeminiPro + 3 Opus + 3 Sol,GeminiPro,8,myth_game,9,column 17,0.1,0.223606797749979,5,0.1
2 GeminiPro + 3 Opus + 3 Sol,GeminiPro,8,myth_game,9,column 18,0.2,0.27386127875258304,5,0.12247448713915889
2 GeminiPro + 3 Opus + 3 Sol,GeminiPro,8,myth_game,9,column 19,0.4,0.22360679774997896,5,0.09999999999999999
2 GeminiPro + 3 Opus + 3 Sol,GeminiPro,8,myth_game,9,column 2,0.5,0.0,5,0.0
2 GeminiPro + 3 Opus + 3 Sol,GeminiPro,8,myth_game,9,column 3,0.4,0.4183300132670378,5,0.18708286933869706
2 GeminiPro + 3 Opus + 3 Sol,GeminiPro,8,myth_game,9,column 4,0.6,0.4183300132670378,5,0.18708286933869706
2 GeminiPro + 3 Opus + 3 Sol,GeminiPro,8,myth_game,9,column 5,0.5,0.3535533905932738,5,0.15811388300841897
2 GeminiPro + 3 Opus + 3 Sol,GeminiPro,8,myth_game,9,column 6,0.1,0.22360679774997896,5,0.09999999999999999
2 GeminiPro + 3 Opus + 3 Sol,GeminiPro,8,myth_game,9,column 7,0.2,0.27386127875258304,5,0.12247448713915889
2 GeminiPro + 3 Opus + 3 Sol,GeminiPro,8,myth_game,9,column 8,0.0,0.0,5,0.0
2 GeminiPro + 3 Opus + 3 Sol,GeminiPro,8,myth_game,9,column 9,0.2,0.27386127875258304,5,0.12247448713915889
2 GeminiPro + 3 Opus + 3 Sol,GeminiPro,8,myth_game,9,main: clarity_distortion,0.0,0.0,5,0.0
2 GeminiPro + 3 Opus + 3 Sol,GeminiPro,8,myth_game,9,main: cooperation_betrayal,0.0,0.0,5,0.0
2 GeminiPro + 3 Opus + 3 Sol,GeminiPro,8,myth_game,9,main: giving_hoarding,0.4,0.22360679774997896,5,0.09999999999999999
2 GeminiPro + 3 Opus + 3 Sol,GeminiPro,8,myth_game,9,main: high_low,0.0,0.0,5,0.0
2 GeminiPro + 3 Opus + 3 Sol,GeminiPro,8,myth_game,9,main: honesty_deception,0.0,0.0,5,0.0
2 GeminiPro + 3 Opus + 3 Sol,GeminiPro,8,myth_game,9,main: human_divine,0.0,0.0,5,0.0
2 GeminiPro + 3 Opus + 3 Sol,GeminiPro,8,myth_game,9,main: individual_community,0.0,0.0,5,0.0
2 GeminiPro + 3 Opus + 3 Sol,GeminiPro,8,myth_game,9,main: life_death,0.0,0.0,5,0.0
2 GeminiPro + 3 Opus + 3 Sol,GeminiPro,8,myth_game,9,main: light_dark,0.0,0.0,5,0.0
2 GeminiPro + 3 Opus + 3 Sol,GeminiPro,8,myth_game,9,main: nature_culture,0.0,0.0,5,0.0
2 GeminiPro + 3 Opus + 3 Sol,GeminiPro,8,myth_game,9,main: order_chaos,0.0,0.0,5,0.0
2 GeminiPro + 3 Opus + 3 Sol,GeminiPro,8,myth_game,9,main: other,0.0,0.0,5,0.0
2 GeminiPro + 3 Opus + 3 Sol,GeminiPro,8,myth_game,9,main: punishment_forgiveness,0.0,0.0,5,0.0
2 GeminiPro + 3 Opus + 3 Sol,GeminiPro,8,myth_game,9,main: scarcity_abundance,0.1,0.22360679774997896,5,0.09999999999999999
2 GeminiPro + 3 Opus + 3 Sol,GeminiPro,8,myth_game,9,main: trust_fear,0.5,0.0,5,0.0
2 GeminiPro + 3 Opus + 3 Sol,GeminiPro,8,myth_game,9,mediator present,0.6,0.22360679774997896,5,0.09999999999999999
2 GeminiPro + 3 Opus + 3 Sol,GeminiPro,8,myth_game,9,resolution: balanced middle,0.0,0.0,5,0.0
2 GeminiPro + 3 Opus + 3 Sol,GeminiPro,8,myth_game,9,resolution: mediated,0.6,0.22360679774997896,5,0.09999999999999999
2 GeminiPro + 3 Opus + 3 Sol,GeminiPro,8,myth_game,9,resolution: one pole wins,0.4,0.22360679774997896,5,0.09999999999999999
2 GeminiPro + 3 Opus + 3 Sol,GeminiPro,8,myth_game,9,role inversion,0.1,0.223606797749979,5,0.1
2 GeminiPro + 3 Opus + 3 Sol,GeminiPro,8,myth_game,10,any: clarity_distortion,0.4,0.4183300132670378,5,0.18708286933869706
2 GeminiPro + 3 Opus + 3 Sol,GeminiPro,8,myth_game,10,any: cooperation_betrayal,0.1,0.22360679774997896,5,0.09999999999999999
2 GeminiPro + 3 Opus + 3 Sol,GeminiPro,8,myth_game,10,any: giving_hoarding,1.0,0.0,5,0.0
2 GeminiPro + 3 Opus + 3 Sol,GeminiPro,8,myth_game,10,any: high_low,0.0,0.0,5,0.0
2 GeminiPro + 3 Opus + 3 Sol,GeminiPro,8,myth_game,10,any: honesty_deception,0.0,0.0,5,0.0
2 GeminiPro + 3 Opus + 3 Sol,GeminiPro,8,myth_game,10,any: human_divine,0.0,0.0,5,0.0
2 GeminiPro + 3 Opus + 3 Sol,GeminiPro,8,myth_game,10,any: individual_community,0.1,0.223606797749979,5,0.1
2 GeminiPro + 3 Opus + 3 Sol,GeminiPro,8,myth_game,10,any: life_death,0.0,0.0,5,0.0
2 GeminiPro + 3 Opus + 3 Sol,GeminiPro,8,myth_game,10,any: light_dark,0.1,0.22360679774997896,5,0.09999999999999999
2 GeminiPro + 3 Opus + 3 Sol,GeminiPro,8,myth_game,10,any: nature_culture,0.0,0.0,5,0.0
2 GeminiPro + 3 Opus + 3 Sol,GeminiPro,8,myth_game,10,any: order_chaos,0.1,0.223606797749979,5,0.1
2 GeminiPro + 3 Opus + 3 Sol,GeminiPro,8,myth_game,10,any: other,0.0,0.0,5,0.0
2 GeminiPro + 3 Opus + 3 Sol,GeminiPro,8,myth_game,10,any: punishment_forgiveness,0.3,0.27386127875258304,5,0.12247448713915889
2 GeminiPro + 3 Opus + 3 Sol,GeminiPro,8,myth_game,10,any: scarcity_abundance,0.1,0.223606797749979,5,0.1
2 GeminiPro + 3 Opus + 3 Sol,GeminiPro,8,myth_game,10,any: trust_fear,0.8,0.27386127875258304,5,0.12247448713915889
2 GeminiPro + 3 Opus + 3 Sol,GeminiPro,8,myth_game,10,arc: improves,0.5,0.3535533905932738,5,0.15811388300841897
2 GeminiPro + 3 Opus + 3 Sol,GeminiPro,8,myth_game,10,arc: restored,0.1,0.22360679774997896,5,0.09999999999999999
2 GeminiPro + 3 Opus + 3 Sol,GeminiPro,8,myth_game,10,arc: stable order,0.4,0.22360679774997896,5,0.09999999999999999
2 GeminiPro + 3 Opus + 3 Sol,GeminiPro,8,myth_game,10,column 0,0.2,0.27386127875258304,5,0.12247448713915889
2 GeminiPro + 3 Opus + 3 Sol,GeminiPro,8,myth_game,10,column 1,0.1,0.22360679774997896,5,0.09999999999999999
2 GeminiPro + 3 Opus + 3 Sol,GeminiPro,8,myth_game,10,column 10,0.7,0.2738612787525831,5,0.12247448713915891
2 GeminiPro + 3 Opus + 3 Sol,GeminiPro,8,myth_game,10,column 11,0.1,0.223606797749979,5,0.1
2 GeminiPro + 3 Opus + 3 Sol,GeminiPro,8,myth_game,10,column 12,0.1,0.223606797749979,5,0.1
2 GeminiPro + 3 Opus + 3 Sol,GeminiPro,8,myth_game,10,column 13,0.3,0.27386127875258304,5,0.12247448713915889
2 GeminiPro + 3 Opus + 3 Sol,GeminiPro,8,myth_game,10,column 14,0.0,0.0,5,0.0
2 GeminiPro + 3 Opus + 3 Sol,GeminiPro,8,myth_game,10,column 15,0.2,0.27386127875258304,5,0.12247448713915889
2 GeminiPro + 3 Opus + 3 Sol,GeminiPro,8,myth_game,10,column 16,0.3,0.4472135954999579,5,0.19999999999999998
2 GeminiPro + 3 Opus + 3 Sol,GeminiPro,8,myth_game,10,column 17,0.1,0.22360679774997896,5,0.09999999999999999
2 GeminiPro + 3 Opus + 3 Sol,GeminiPro,8,myth_game,10,column 18,0.2,0.27386127875258304,5,0.12247448713915889
2 GeminiPro + 3 Opus + 3 Sol,GeminiPro,8,myth_game,10,column 19,0.2,0.27386127875258304,5,0.12247448713915889
2 GeminiPro + 3 Opus + 3 Sol,GeminiPro,8,myth_game,10,column 2,0.4,0.22360679774997896,5,0.09999999999999999
2 GeminiPro + 3 Opus + 3 Sol,GeminiPro,8,myth_game,10,column 3,0.3,0.27386127875258304,5,0.12247448713915889
2 GeminiPro + 3 Opus + 3 Sol,GeminiPro,8,myth_game,10,column 4,0.3,0.27386127875258304,5,0.12247448713915889
2 GeminiPro + 3 Opus + 3 Sol,GeminiPro,8,myth_game,10,column 5,0.6,0.22360679774997896,5,0.09999999999999999
2 GeminiPro + 3 Opus + 3 Sol,GeminiPro,8,myth_game,10,column 6,0.1,0.22360679774997896,5,0.09999999999999999
2 GeminiPro + 3 Opus + 3 Sol,GeminiPro,8,myth_game,10,column 7,0.0,0.0,5,0.0
2 GeminiPro + 3 Opus + 3 Sol,GeminiPro,8,myth_game,10,column 8,0.0,0.0,5,0.0
2 GeminiPro + 3 Opus + 3 Sol,GeminiPro,8,myth_game,10,column 9,0.2,0.27386127875258304,5,0.12247448713915889
2 GeminiPro + 3 Opus + 3 Sol,GeminiPro,8,myth_game,10,main: clarity_distortion,0.0,0.0,5,0.0
2 GeminiPro + 3 Opus + 3 Sol,GeminiPro,8,myth_game,10,main: cooperation_betrayal,0.0,0.0,5,0.0
2 GeminiPro + 3 Opus + 3 Sol,GeminiPro,8,myth_game,10,main: giving_hoarding,0.7,0.2738612787525831,5,0.12247448713915891
2 GeminiPro + 3 Opus + 3 Sol,GeminiPro,8,myth_game,10,main: high_low,0.0,0.0,5,0.0
2 GeminiPro + 3 Opus + 3 Sol,GeminiPro,8,myth_game,10,main: honesty_deception,0.0,0.0,5,0.0
2 GeminiPro + 3 Opus + 3 Sol,GeminiPro,8,myth_game,10,main: human_divine,0.0,0.0,5,0.0
2 GeminiPro + 3 Opus + 3 Sol,GeminiPro,8,myth_game,10,main: individual_community,0.0,0.0,5,0.0
2 GeminiPro + 3 Opus + 3 Sol,GeminiPro,8,myth_game,10,main: life_death,0.0,0.0,5,0.0
2 GeminiPro + 3 Opus + 3 Sol,GeminiPro,8,myth_game,10,main: light_dark,0.0,0.0,5,0.0
2 GeminiPro + 3 Opus + 3 Sol,GeminiPro,8,myth_game,10,main: nature_culture,0.0,0.0,5,0.0
2 GeminiPro + 3 Opus + 3 Sol,GeminiPro,8,myth_game,10,main: order_chaos,0.0,0.0,5,0.0
2 GeminiPro + 3 Opus + 3 Sol,GeminiPro,8,myth_game,10,main: other,0.0,0.0,5,0.0
2 GeminiPro + 3 Opus + 3 Sol,GeminiPro,8,myth_game,10,main: punishment_forgiveness,0.0,0.0,5,0.0
2 GeminiPro + 3 Opus + 3 Sol,GeminiPro,8,myth_game,10,main: scarcity_abundance,0.0,0.0,5,0.0
2 GeminiPro + 3 Opus + 3 Sol,GeminiPro,8,myth_game,10,main: trust_fear,0.3,0.27386127875258304,5,0.12247448713915889
2 GeminiPro + 3 Opus + 3 Sol,GeminiPro,8,myth_game,10,mediator present,0.5,0.3535533905932738,5,0.15811388300841897
2 GeminiPro + 3 Opus + 3 Sol,GeminiPro,8,myth_game,10,resolution: balanced middle,0.0,0.0,5,0.0
2 GeminiPro + 3 Opus + 3 Sol,GeminiPro,8,myth_game,10,resolution: mediated,0.5,0.3535533905932738,5,0.15811388300841897
2 GeminiPro + 3 Opus + 3 Sol,GeminiPro,8,myth_game,10,resolution: one pole wins,0.5,0.3535533905932738,5,0.15811388300841897
2 GeminiPro + 3 Opus + 3 Sol,GeminiPro,8,myth_game,10,role inversion,0.1,0.22360679774997896,5,0.09999999999999999
2 GeminiPro + 3 Opus + 3 Sol,Opus,8,game_myth,1,any: clarity_distortion,0.06666666666666667,0.14907119849998596,5,0.06666666666666665
2 GeminiPro + 3 Opus + 3 Sol,Opus,8,game_myth,1,any: cooperation_betrayal,0.26666666666666666,0.27888667551135854,5,0.12472191289246472
2 GeminiPro + 3 Opus + 3 Sol,Opus,8,game_myth,1,any: giving_hoarding,0.8666666666666666,0.1825741858350554,5,0.08164965809277262
2 GeminiPro + 3 Opus + 3 Sol,Opus,8,game_myth,1,any: high_low,0.0,0.0,5,0.0
2 GeminiPro + 3 Opus + 3 Sol,Opus,8,game_myth,1,any: honesty_deception,0.0,0.0,5,0.0
2 GeminiPro + 3 Opus + 3 Sol,Opus,8,game_myth,1,any: human_divine,0.0,0.0,5,0.0
2 GeminiPro + 3 Opus + 3 Sol,Opus,8,game_myth,1,any: individual_community,0.0,0.0,5,0.0
2 GeminiPro + 3 Opus + 3 Sol,Opus,8,game_myth,1,any: life_death,0.06666666666666667,0.14907119849998596,5,0.06666666666666665
2 GeminiPro + 3 Opus + 3 Sol,Opus,8,game_myth,1,any: light_dark,0.0,0.0,5,0.0
2 GeminiPro + 3 Opus + 3 Sol,Opus,8,game_myth,1,any: nature_culture,0.0,0.0,5,0.0
2 GeminiPro + 3 Opus + 3 Sol,Opus,8,game_myth,1,any: order_chaos,0.06666666666666667,0.14907119849998596,5,0.06666666666666665
2 GeminiPro + 3 Opus + 3 Sol,Opus,8,game_myth,1,any: other,0.06666666666666667,0.14907119849998596,5,0.06666666666666665
2 GeminiPro + 3 Opus + 3 Sol,Opus,8,game_myth,1,any: punishment_forgiveness,0.39999999999999997,0.27888667551135854,5,0.12472191289246472
2 GeminiPro + 3 Opus + 3 Sol,Opus,8,game_myth,1,any: scarcity_abundance,0.4,0.27888667551135854,5,0.12472191289246472
2 GeminiPro + 3 Opus + 3 Sol,Opus,8,game_myth,1,any: trust_fear,0.8,0.18257418583505536,5,0.0816496580927726
2 GeminiPro + 3 Opus + 3 Sol,Opus,8,game_myth,1,arc: improves,0.4666666666666666,0.29814239699997197,5,0.13333333333333333
2 GeminiPro + 3 Opus + 3 Sol,Opus,8,game_myth,1,arc: restored,0.13333333333333333,0.18257418583505536,5,0.0816496580927726
2 GeminiPro + 3 Opus + 3 Sol,Opus,8,game_myth,1,arc: stable order,0.2,0.18257418583505536,5,0.0816496580927726
2 GeminiPro + 3 Opus + 3 Sol,Opus,8,game_myth,1,column 0,0.0,0.0,5,0.0
2 GeminiPro + 3 Opus + 3 Sol,Opus,8,game_myth,1,column 1,0.26666666666666666,0.27888667551135854,5,0.12472191289246472
2 GeminiPro + 3 Opus + 3 Sol,Opus,8,game_myth,1,column 10,0.6666666666666666,0.2357022603955158,5,0.10540925533894596
2 GeminiPro + 3 Opus + 3 Sol,Opus,8,game_myth,1,column 11,0.06666666666666667,0.14907119849998596,5,0.06666666666666665
2 GeminiPro + 3 Opus + 3 Sol,Opus,8,game_myth,1,column 12,0.06666666666666667,0.14907119849998596,5,0.06666666666666665
2 GeminiPro + 3 Opus + 3 Sol,Opus,8,game_myth,1,column 13,0.0,0.0,5,0.0
2 GeminiPro + 3 Opus + 3 Sol,Opus,8,game_myth,1,column 14,0.2,0.18257418583505536,5,0.0816496580927726
2 GeminiPro + 3 Opus + 3 Sol,Opus,8,game_myth,1,column 15,0.13333333333333333,0.18257418583505536,5,0.0816496580927726
2 GeminiPro + 3 Opus + 3 Sol,Opus,8,game_myth,1,column 16,0.13333333333333333,0.18257418583505536,5,0.0816496580927726
2 GeminiPro + 3 Opus + 3 Sol,Opus,8,game_myth,1,column 17,0.13333333333333333,0.18257418583505536,5,0.0816496580927726
2 GeminiPro + 3 Opus + 3 Sol,Opus,8,game_myth,1,column 18,0.6,0.3651483716701107,5,0.1632993161855452
2 GeminiPro + 3 Opus + 3 Sol,Opus,8,game_myth,1,column 19,0.3333333333333333,0.23570226039551584,5,0.10540925533894598
2 GeminiPro + 3 Opus + 3 Sol,Opus,8,game_myth,1,column 2,0.06666666666666667,0.14907119849998596,5,0.06666666666666665
2 GeminiPro + 3 Opus + 3 Sol,Opus,8,game_myth,1,column 3,0.26666666666666666,0.2788866755113585,5,0.12472191289246469
2 GeminiPro + 3 Opus + 3 Sol,Opus,8,game_myth,1,column 4,0.0,0.0,5,0.0
2 GeminiPro + 3 Opus + 3 Sol,Opus,8,game_myth,1,column 5,0.4,0.27888667551135854,5,0.12472191289246472
2 GeminiPro + 3 Opus + 3 Sol,Opus,8,game_myth,1,column 6,0.26666666666666666,0.14907119849998596,5,0.06666666666666665
2 GeminiPro + 3 Opus + 3 Sol,Opus,8,game_myth,1,column 7,0.5333333333333333,0.18257418583505536,5,0.0816496580927726
2 GeminiPro + 3 Opus + 3 Sol,Opus,8,game_myth,1,column 8,0.06666666666666667,0.14907119849998596,5,0.06666666666666665
2 GeminiPro + 3 Opus + 3 Sol,Opus,8,game_myth,1,column 9,0.26666666666666666,0.27888667551135854,5,0.12472191289246472
2 GeminiPro + 3 Opus + 3 Sol,Opus,8,game_myth,1,main: clarity_distortion,0.0,0.0,5,0.0
2 GeminiPro + 3 Opus + 3 Sol,Opus,8,game_myth,1,main: cooperation_betrayal,0.0,0.0,5,0.0
2 GeminiPro + 3 Opus + 3 Sol,Opus,8,game_myth,1,main: giving_hoarding,0.8,0.18257418583505539,5,0.08164965809277261
2 GeminiPro + 3 Opus + 3 Sol,Opus,8,game_myth,1,main: high_low,0.0,0.0,5,0.0
2 GeminiPro + 3 Opus + 3 Sol,Opus,8,game_myth,1,main: honesty_deception,0.0,0.0,5,0.0
2 GeminiPro + 3 Opus + 3 Sol,Opus,8,game_myth,1,main: human_divine,0.0,0.0,5,0.0
2 GeminiPro + 3 Opus + 3 Sol,Opus,8,game_myth,1,main: individual_community,0.0,0.0,5,0.0
2 GeminiPro + 3 Opus + 3 Sol,Opus,8,game_myth,1,main: life_death,0.0,0.0,5,0.0
2 GeminiPro + 3 Opus + 3 Sol,Opus,8,game_myth,1,main: light_dark,0.0,0.0,5,0.0
2 GeminiPro + 3 Opus + 3 Sol,Opus,8,game_myth,1,main: nature_culture,0.0,0.0,5,0.0
2 GeminiPro + 3 Opus + 3 Sol,Opus,8,game_myth,1,main: order_chaos,0.0,0.0,5,0.0
2 GeminiPro + 3 Opus + 3 Sol,Opus,8,game_myth,1,main: other,0.0,0.0,5,0.0
2 GeminiPro + 3 Opus + 3 Sol,Opus,8,game_myth,1,main: punishment_forgiveness,0.0,0.0,5,0.0
2 GeminiPro + 3 Opus + 3 Sol,Opus,8,game_myth,1,main: scarcity_abundance,0.0,0.0,5,0.0
2 GeminiPro + 3 Opus + 3 Sol,Opus,8,game_myth,1,main: trust_fear,0.2,0.18257418583505536,5,0.0816496580927726
2 GeminiPro + 3 Opus + 3 Sol,Opus,8,game_myth,1,mediator present,0.4666666666666667,0.29814239699997197,5,0.13333333333333333
2 GeminiPro + 3 Opus + 3 Sol,Opus,8,game_myth,1,resolution: balanced middle,0.0,0.0,5,0.0
2 GeminiPro + 3 Opus + 3 Sol,Opus,8,game_myth,1,resolution: mediated,0.4666666666666667,0.29814239699997197,5,0.13333333333333333
2 GeminiPro + 3 Opus + 3 Sol,Opus,8,game_myth,1,resolution: one pole wins,0.5333333333333333,0.2981423969999719,5,0.1333333333333333
2 GeminiPro + 3 Opus + 3 Sol,Opus,8,game_myth,1,role inversion,0.0,0.0,5,0.0
2 GeminiPro + 3 Opus + 3 Sol,Opus,8,game_myth,2,any: clarity_distortion,0.26666666666666666,0.2788866755113585,5,0.12472191289246469
2 GeminiPro + 3 Opus + 3 Sol,Opus,8,game_myth,2,any: cooperation_betrayal,0.3333333333333333,0.23570226039551584,5,0.10540925533894598
2 GeminiPro + 3 Opus + 3 Sol,Opus,8,game_myth,2,any: giving_hoarding,1.0,0.0,5,0.0
2 GeminiPro + 3 Opus + 3 Sol,Opus,8,game_myth,2,any: high_low,0.0,0.0,5,0.0
2 GeminiPro + 3 Opus + 3 Sol,Opus,8,game_myth,2,any: honesty_deception,0.0,0.0,5,0.0
2 GeminiPro + 3 Opus + 3 Sol,Opus,8,game_myth,2,any: human_divine,0.0,0.0,5,0.0
2 GeminiPro + 3 Opus + 3 Sol,Opus,8,game_myth,2,any: individual_community,0.06666666666666667,0.14907119849998596,5,0.06666666666666665
2 GeminiPro + 3 Opus + 3 Sol,Opus,8,game_myth,2,any: life_death,0.0,0.0,5,0.0
2 GeminiPro + 3 Opus + 3 Sol,Opus,8,game_myth,2,any: light_dark,0.0,0.0,5,0.0
2 GeminiPro + 3 Opus + 3 Sol,Opus,8,game_myth,2,any: nature_culture,0.0,0.0,5,0.0
2 GeminiPro + 3 Opus + 3 Sol,Opus,8,game_myth,2,any: order_chaos,0.0,0.0,5,0.0
2 GeminiPro + 3 Opus + 3 Sol,Opus,8,game_myth,2,any: other,0.06666666666666667,0.14907119849998596,5,0.06666666666666665
2 GeminiPro + 3 Opus + 3 Sol,Opus,8,game_myth,2,any: punishment_forgiveness,0.4666666666666666,0.380058475033046,5,0.1699673171197595
2 GeminiPro + 3 Opus + 3 Sol,Opus,8,game_myth,2,any: scarcity_abundance,0.06666666666666667,0.14907119849998596,5,0.06666666666666665
2 GeminiPro + 3 Opus + 3 Sol,Opus,8,game_myth,2,any: trust_fear,0.7333333333333333,0.4346134936801766,5,0.19436506316151
2 GeminiPro + 3 Opus + 3 Sol,Opus,8,game_myth,2,arc: improves,0.6,0.27888667551135854,5,0.12472191289246472
2 GeminiPro + 3 Opus + 3 Sol,Opus,8,game_myth,2,arc: restored,0.06666666666666667,0.14907119849998596,5,0.06666666666666665
2 GeminiPro + 3 Opus + 3 Sol,Opus,8,game_myth,2,arc: stable order,0.26666666666666666,0.2788866755113585,5,0.12472191289246469
2 GeminiPro + 3 Opus + 3 Sol,Opus,8,game_myth,2,column 0,0.4,0.36514837167011077,5,0.16329931618554522
2 GeminiPro + 3 Opus + 3 Sol,Opus,8,game_myth,2,column 1,0.06666666666666667,0.14907119849998596,5,0.06666666666666665
2 GeminiPro + 3 Opus + 3 Sol,Opus,8,game_myth,2,column 10,0.3333333333333333,0.23570226039551584,5,0.10540925533894598
2 GeminiPro + 3 Opus + 3 Sol,Opus,8,game_myth,2,column 11,0.06666666666666667,0.14907119849998596,5,0.06666666666666665
2 GeminiPro + 3 Opus + 3 Sol,Opus,8,game_myth,2,column 12,0.06666666666666667,0.14907119849998596,5,0.06666666666666665
2 GeminiPro + 3 Opus + 3 Sol,Opus,8,game_myth,2,column 13,0.26666666666666666,0.14907119849998596,5,0.06666666666666665
2 GeminiPro + 3 Opus + 3 Sol,Opus,8,game_myth,2,column 14,0.2,0.18257418583505536,5,0.0816496580927726
2 GeminiPro + 3 Opus + 3 Sol,Opus,8,game_myth,2,column 15,0.3333333333333333,0.408248290463863,5,0.18257418583505536
2 GeminiPro + 3 Opus + 3 Sol,Opus,8,game_myth,2,column 16,0.26666666666666666,0.27888667551135854,5,0.12472191289246472
2 GeminiPro + 3 Opus + 3 Sol,Opus,8,game_myth,2,column 17,0.2,0.18257418583505536,5,0.0816496580927726
2 GeminiPro + 3 Opus + 3 Sol,Opus,8,game_myth,2,column 18,0.3333333333333333,0.23570226039551584,5,0.10540925533894598
2 GeminiPro + 3 Opus + 3 Sol,Opus,8,game_myth,2,column 19,0.06666666666666667,0.14907119849998596,5,0.06666666666666665
2 GeminiPro + 3 Opus + 3 Sol,Opus,8,game_myth,2,column 2,0.13333333333333333,0.18257418583505536,5,0.0816496580927726
2 GeminiPro + 3 Opus + 3 Sol,Opus,8,game_myth,2,column 3,0.2,0.18257418583505536,5,0.0816496580927726
2 GeminiPro + 3 Opus + 3 Sol,Opus,8,game_myth,2,column 4,0.26666666666666666,0.27888667551135854,5,0.12472191289246472
2 GeminiPro + 3 Opus + 3 Sol,Opus,8,game_myth,2,column 5,0.6,0.14907119849998596,5,0.06666666666666665
2 GeminiPro + 3 Opus + 3 Sol,Opus,8,game_myth,2,column 6,0.0,0.0,5,0.0
2 GeminiPro + 3 Opus + 3 Sol,Opus,8,game_myth,2,column 7,0.39999999999999997,0.2788866755113585,5,0.12472191289246469
2 GeminiPro + 3 Opus + 3 Sol,Opus,8,game_myth,2,column 8,0.13333333333333333,0.18257418583505536,5,0.0816496580927726
2 GeminiPro + 3 Opus + 3 Sol,Opus,8,game_myth,2,column 9,0.3333333333333333,0.3333333333333333,5,0.14907119849998596
2 GeminiPro + 3 Opus + 3 Sol,Opus,8,game_myth,2,main: clarity_distortion,0.13333333333333333,0.18257418583505536,5,0.0816496580927726
2 GeminiPro + 3 Opus + 3 Sol,Opus,8,game_myth,2,main: cooperation_betrayal,0.0,0.0,5,0.0
2 GeminiPro + 3 Opus + 3 Sol,Opus,8,game_myth,2,main: giving_hoarding,0.6,0.27888667551135854,5,0.12472191289246472
2 GeminiPro + 3 Opus + 3 Sol,Opus,8,game_myth,2,main: high_low,0.0,0.0,5,0.0
2 GeminiPro + 3 Opus + 3 Sol,Opus,8,game_myth,2,main: honesty_deception,0.0,0.0,5,0.0
2 GeminiPro + 3 Opus + 3 Sol,Opus,8,game_myth,2,main: human_divine,0.0,0.0,5,0.0
2 GeminiPro + 3 Opus + 3 Sol,Opus,8,game_myth,2,main: individual_community,0.0,0.0,5,0.0
2 GeminiPro + 3 Opus + 3 Sol,Opus,8,game_myth,2,main: life_death,0.0,0.0,5,0.0
2 GeminiPro + 3 Opus + 3 Sol,Opus,8,game_myth,2,main: light_dark,0.0,0.0,5,0.0
2 GeminiPro + 3 Opus + 3 Sol,Opus,8,game_myth,2,main: nature_culture,0.0,0.0,5,0.0
2 GeminiPro + 3 Opus + 3 Sol,Opus,8,game_myth,2,main: order_chaos,0.0,0.0,5,0.0
2 GeminiPro + 3 Opus + 3 Sol,Opus,8,game_myth,2,main: other,0.0,0.0,5,0.0
2 GeminiPro + 3 Opus + 3 Sol,Opus,8,game_myth,2,main: punishment_forgiveness,0.0,0.0,5,0.0
2 GeminiPro + 3 Opus + 3 Sol,Opus,8,game_myth,2,main: scarcity_abundance,0.0,0.0,5,0.0
2 GeminiPro + 3 Opus + 3 Sol,Opus,8,game_myth,2,main: trust_fear,0.26666666666666666,0.27888667551135854,5,0.12472191289246472
2 GeminiPro + 3 Opus + 3 Sol,Opus,8,game_myth,2,mediator present,0.8,0.18257418583505539,5,0.08164965809277261
2 GeminiPro + 3 Opus + 3 Sol,Opus,8,game_myth,2,resolution: balanced middle,0.0,0.0,5,0.0
2 GeminiPro + 3 Opus + 3 Sol,Opus,8,game_myth,2,resolution: mediated,0.8,0.18257418583505539,5,0.08164965809277261
2 GeminiPro + 3 Opus + 3 Sol,Opus,8,game_myth,2,resolution: one pole wins,0.2,0.18257418583505536,5,0.0816496580927726
2 GeminiPro + 3 Opus + 3 Sol,Opus,8,game_myth,2,role inversion,0.0,0.0,5,0.0
2 GeminiPro + 3 Opus + 3 Sol,Opus,8,game_myth,5,any: clarity_distortion,0.26666666666666666,0.27888667551135854,5,0.12472191289246472
2 GeminiPro + 3 Opus + 3 Sol,Opus,8,game_myth,5,any: cooperation_betrayal,0.26666666666666666,0.14907119849998596,5,0.06666666666666665
2 GeminiPro + 3 Opus + 3 Sol,Opus,8,game_myth,5,any: giving_hoarding,0.9333333333333332,0.14907119849998599,5,0.06666666666666667
2 GeminiPro + 3 Opus + 3 Sol,Opus,8,game_myth,5,any: high_low,0.0,0.0,5,0.0
2 GeminiPro + 3 Opus + 3 Sol,Opus,8,game_myth,5,any: honesty_deception,0.0,0.0,5,0.0
2 GeminiPro + 3 Opus + 3 Sol,Opus,8,game_myth,5,any: human_divine,0.0,0.0,5,0.0
2 GeminiPro + 3 Opus + 3 Sol,Opus,8,game_myth,5,any: individual_community,0.06666666666666667,0.14907119849998596,5,0.06666666666666665
2 GeminiPro + 3 Opus + 3 Sol,Opus,8,game_myth,5,any: life_death,0.0,0.0,5,0.0
2 GeminiPro + 3 Opus + 3 Sol,Opus,8,game_myth,5,any: light_dark,0.0,0.0,5,0.0
2 GeminiPro + 3 Opus + 3 Sol,Opus,8,game_myth,5,any: nature_culture,0.0,0.0,5,0.0
2 GeminiPro + 3 Opus + 3 Sol,Opus,8,game_myth,5,any: order_chaos,0.06666666666666667,0.14907119849998596,5,0.06666666666666665
2 GeminiPro + 3 Opus + 3 Sol,Opus,8,game_myth,5,any: other,0.0,0.0,5,0.0
2 GeminiPro + 3 Opus + 3 Sol,Opus,8,game_myth,5,any: punishment_forgiveness,0.5333333333333333,0.2981423969999719,5,0.1333333333333333
2 GeminiPro + 3 Opus + 3 Sol,Opus,8,game_myth,5,any: scarcity_abundance,0.2,0.18257418583505536,5,0.0816496580927726
2 GeminiPro + 3 Opus + 3 Sol,Opus,8,game_myth,5,any: trust_fear,0.6,0.14907119849998596,5,0.06666666666666665
2 GeminiPro + 3 Opus + 3 Sol,Opus,8,game_myth,5,arc: improves,0.4666666666666666,0.18257418583505536,5,0.0816496580927726
2 GeminiPro + 3 Opus + 3 Sol,Opus,8,game_myth,5,arc: restored,0.0,0.0,5,0.0
2 GeminiPro + 3 Opus + 3 Sol,Opus,8,game_myth,5,arc: stable order,0.3333333333333333,0.23570226039551584,5,0.10540925533894598
2 GeminiPro + 3 Opus + 3 Sol,Opus,8,game_myth,5,column 0,0.13333333333333333,0.18257418583505536,5,0.0816496580927726
2 GeminiPro + 3 Opus + 3 Sol,Opus,8,game_myth,5,column 1,0.13333333333333333,0.18257418583505536,5,0.0816496580927726
2 GeminiPro + 3 Opus + 3 Sol,Opus,8,game_myth,5,column 10,0.4,0.3651483716701107,5,0.1632993161855452
2 GeminiPro + 3 Opus + 3 Sol,Opus,8,game_myth,5,column 11,0.2,0.18257418583505536,5,0.0816496580927726
2 GeminiPro + 3 Opus + 3 Sol,Opus,8,game_myth,5,column 12,0.0,0.0,5,0.0
2 GeminiPro + 3 Opus + 3 Sol,Opus,8,game_myth,5,column 13,0.13333333333333333,0.18257418583505536,5,0.0816496580927726
2 GeminiPro + 3 Opus + 3 Sol,Opus,8,game_myth,5,column 14,0.2,0.18257418583505536,5,0.0816496580927726
2 GeminiPro + 3 Opus + 3 Sol,Opus,8,game_myth,5,column 15,0.26666666666666666,0.2788866755113585,5,0.12472191289246469
2 GeminiPro + 3 Opus + 3 Sol,Opus,8,game_myth,5,column 16,0.3333333333333333,0.3333333333333333,5,0.14907119849998596
2 GeminiPro + 3 Opus + 3 Sol,Opus,8,game_myth,5,column 17,0.0,0.0,5,0.0
2 GeminiPro + 3 Opus + 3 Sol,Opus,8,game_myth,5,column 18,0.06666666666666667,0.14907119849998596,5,0.06666666666666665
2 GeminiPro + 3 Opus + 3 Sol,Opus,8,game_myth,5,column 19,0.4666666666666666,0.18257418583505539,5,0.08164965809277261
2 GeminiPro + 3 Opus + 3 Sol,Opus,8,game_myth,5,column 2,0.19999999999999998,0.2981423969999719,5,0.1333333333333333
2 GeminiPro + 3 Opus + 3 Sol,Opus,8,game_myth,5,column 3,0.5333333333333333,0.2981423969999719,5,0.1333333333333333
2 GeminiPro + 3 Opus + 3 Sol,Opus,8,game_myth,5,column 4,0.3333333333333333,0.408248290463863,5,0.18257418583505536
2 GeminiPro + 3 Opus + 3 Sol,Opus,8,game_myth,5,column 5,0.8,0.18257418583505536,5,0.0816496580927726
2 GeminiPro + 3 Opus + 3 Sol,Opus,8,game_myth,5,column 6,0.0,0.0,5,0.0
2 GeminiPro + 3 Opus + 3 Sol,Opus,8,game_myth,5,column 7,0.13333333333333333,0.18257418583505536,5,0.0816496580927726
2 GeminiPro + 3 Opus + 3 Sol,Opus,8,game_myth,5,column 8,0.0,0.0,5,0.0
2 GeminiPro + 3 Opus + 3 Sol,Opus,8,game_myth,5,column 9,0.06666666666666667,0.14907119849998596,5,0.06666666666666665
2 GeminiPro + 3 Opus + 3 Sol,Opus,8,game_myth,5,main: clarity_distortion,0.06666666666666667,0.14907119849998596,5,0.06666666666666665
2 GeminiPro + 3 Opus + 3 Sol,Opus,8,game_myth,5,main: cooperation_betrayal,0.06666666666666667,0.14907119849998596,5,0.06666666666666665
2 GeminiPro + 3 Opus + 3 Sol,Opus,8,game_myth,5,main: giving_hoarding,0.7333333333333333,0.2788866755113585,5,0.12472191289246469
2 GeminiPro + 3 Opus + 3 Sol,Opus,8,game_myth,5,main: high_low,0.0,0.0,5,0.0
2 GeminiPro + 3 Opus + 3 Sol,Opus,8,game_myth,5,main: honesty_deception,0.0,0.0,5,0.0
2 GeminiPro + 3 Opus + 3 Sol,Opus,8,game_myth,5,main: human_divine,0.0,0.0,5,0.0
2 GeminiPro + 3 Opus + 3 Sol,Opus,8,game_myth,5,main: individual_community,0.0,0.0,5,0.0
2 GeminiPro + 3 Opus + 3 Sol,Opus,8,game_myth,5,main: life_death,0.0,0.0,5,0.0
2 GeminiPro + 3 Opus + 3 Sol,Opus,8,game_myth,5,main: light_dark,0.0,0.0,5,0.0
2 GeminiPro + 3 Opus + 3 Sol,Opus,8,game_myth,5,main: nature_culture,0.0,0.0,5,0.0
2 GeminiPro + 3 Opus + 3 Sol,Opus,8,game_myth,5,main: order_chaos,0.0,0.0,5,0.0
2 GeminiPro + 3 Opus + 3 Sol,Opus,8,game_myth,5,main: other,0.0,0.0,5,0.0
2 GeminiPro + 3 Opus + 3 Sol,Opus,8,game_myth,5,main: punishment_forgiveness,0.0,0.0,5,0.0
2 GeminiPro + 3 Opus + 3 Sol,Opus,8,game_myth,5,main: scarcity_abundance,0.0,0.0,5,0.0
2 GeminiPro + 3 Opus + 3 Sol,Opus,8,game_myth,5,main: trust_fear,0.13333333333333333,0.18257418583505536,5,0.0816496580927726
2 GeminiPro + 3 Opus + 3 Sol,Opus,8,game_myth,5,mediator present,0.5333333333333333,0.18257418583505536,5,0.0816496580927726
2 GeminiPro + 3 Opus + 3 Sol,Opus,8,game_myth,5,resolution: balanced middle,0.0,0.0,5,0.0
2 GeminiPro + 3 Opus + 3 Sol,Opus,8,game_myth,5,resolution: mediated,0.5333333333333333,0.18257418583505536,5,0.0816496580927726
2 GeminiPro + 3 Opus + 3 Sol,Opus,8,game_myth,5,resolution: one pole wins,0.4666666666666666,0.18257418583505536,5,0.0816496580927726
2 GeminiPro + 3 Opus + 3 Sol,Opus,8,game_myth,5,role inversion,0.06666666666666667,0.14907119849998596,5,0.06666666666666665
2 GeminiPro + 3 Opus + 3 Sol,Opus,8,game_myth,6,any: clarity_distortion,0.26666666666666666,0.14907119849998596,5,0.06666666666666665
2 GeminiPro + 3 Opus + 3 Sol,Opus,8,game_myth,6,any: cooperation_betrayal,0.5333333333333333,0.18257418583505536,5,0.0816496580927726
2 GeminiPro + 3 Opus + 3 Sol,Opus,8,game_myth,6,any: giving_hoarding,0.8666666666666666,0.18257418583505539,5,0.08164965809277261
2 GeminiPro + 3 Opus + 3 Sol,Opus,8,game_myth,6,any: high_low,0.0,0.0,5,0.0
2 GeminiPro + 3 Opus + 3 Sol,Opus,8,game_myth,6,any: honesty_deception,0.0,0.0,5,0.0
2 GeminiPro + 3 Opus + 3 Sol,Opus,8,game_myth,6,any: human_divine,0.0,0.0,5,0.0
2 GeminiPro + 3 Opus + 3 Sol,Opus,8,game_myth,6,any: individual_community,0.06666666666666667,0.14907119849998596,5,0.06666666666666665
2 GeminiPro + 3 Opus + 3 Sol,Opus,8,game_myth,6,any: life_death,0.0,0.0,5,0.0
2 GeminiPro + 3 Opus + 3 Sol,Opus,8,game_myth,6,any: light_dark,0.0,0.0,5,0.0
2 GeminiPro + 3 Opus + 3 Sol,Opus,8,game_myth,6,any: nature_culture,0.0,0.0,5,0.0
2 GeminiPro + 3 Opus + 3 Sol,Opus,8,game_myth,6,any: order_chaos,0.0,0.0,5,0.0
2 GeminiPro + 3 Opus + 3 Sol,Opus,8,game_myth,6,any: other,0.0,0.0,5,0.0
2 GeminiPro + 3 Opus + 3 Sol,Opus,8,game_myth,6,any: punishment_forgiveness,0.4,0.2788866755113585,5,0.12472191289246469
2 GeminiPro + 3 Opus + 3 Sol,Opus,8,game_myth,6,any: scarcity_abundance,0.26666666666666666,0.14907119849998596,5,0.06666666666666665
2 GeminiPro + 3 Opus + 3 Sol,Opus,8,game_myth,6,any: trust_fear,0.6,0.3651483716701107,5,0.1632993161855452
2 GeminiPro + 3 Opus + 3 Sol,Opus,8,game_myth,6,arc: improves,0.6,0.27888667551135854,5,0.12472191289246472
2 GeminiPro + 3 Opus + 3 Sol,Opus,8,game_myth,6,arc: restored,0.0,0.0,5,0.0
2 GeminiPro + 3 Opus + 3 Sol,Opus,8,game_myth,6,arc: stable order,0.3333333333333333,0.23570226039551584,5,0.10540925533894598
2 GeminiPro + 3 Opus + 3 Sol,Opus,8,game_myth,6,column 0,0.6666666666666666,0.3333333333333333,5,0.14907119849998596
2 GeminiPro + 3 Opus + 3 Sol,Opus,8,game_myth,6,column 1,0.06666666666666667,0.14907119849998596,5,0.06666666666666665
2 GeminiPro + 3 Opus + 3 Sol,Opus,8,game_myth,6,column 10,0.26666666666666666,0.14907119849998596,5,0.06666666666666665
2 GeminiPro + 3 Opus + 3 Sol,Opus,8,game_myth,6,column 11,0.13333333333333333,0.18257418583505536,5,0.0816496580927726
2 GeminiPro + 3 Opus + 3 Sol,Opus,8,game_myth,6,column 12,0.06666666666666667,0.14907119849998596,5,0.06666666666666665
2 GeminiPro + 3 Opus + 3 Sol,Opus,8,game_myth,6,column 13,0.0,0.0,5,0.0
2 GeminiPro + 3 Opus + 3 Sol,Opus,8,game_myth,6,column 14,0.13333333333333333,0.18257418583505536,5,0.0816496580927726
2 GeminiPro + 3 Opus + 3 Sol,Opus,8,game_myth,6,column 15,0.26666666666666666,0.27888667551135854,5,0.12472191289246472
2 GeminiPro + 3 Opus + 3 Sol,Opus,8,game_myth,6,column 16,0.13333333333333333,0.18257418583505536,5,0.0816496580927726
2 GeminiPro + 3 Opus + 3 Sol,Opus,8,game_myth,6,column 17,0.13333333333333333,0.18257418583505536,5,0.0816496580927726
2 GeminiPro + 3 Opus + 3 Sol,Opus,8,game_myth,6,column 18,0.3333333333333333,0.23570226039551584,5,0.10540925533894598
2 GeminiPro + 3 Opus + 3 Sol,Opus,8,game_myth,6,column 19,0.4666666666666666,0.29814239699997197,5,0.13333333333333333
2 GeminiPro + 3 Opus + 3 Sol,Opus,8,game_myth,6,column 2,0.0,0.0,5,0.0
2 GeminiPro + 3 Opus + 3 Sol,Opus,8,game_myth,6,column 3,0.3333333333333333,0.23570226039551584,5,0.10540925533894598
2 GeminiPro + 3 Opus + 3 Sol,Opus,8,game_myth,6,column 4,0.26666666666666666,0.2788866755113585,5,0.12472191289246469
2 GeminiPro + 3 Opus + 3 Sol,Opus,8,game_myth,6,column 5,0.6,0.27888667551135854,5,0.12472191289246472
2 GeminiPro + 3 Opus + 3 Sol,Opus,8,game_myth,6,column 6,0.06666666666666667,0.14907119849998596,5,0.06666666666666665
2 GeminiPro + 3 Opus + 3 Sol,Opus,8,game_myth,6,column 7,0.26666666666666666,0.14907119849998596,5,0.06666666666666665
2 GeminiPro + 3 Opus + 3 Sol,Opus,8,game_myth,6,column 8,0.0,0.0,5,0.0
2 GeminiPro + 3 Opus + 3 Sol,Opus,8,game_myth,6,column 9,0.0,0.0,5,0.0
2 GeminiPro + 3 Opus + 3 Sol,Opus,8,game_myth,6,main: clarity_distortion,0.06666666666666667,0.14907119849998596,5,0.06666666666666665
2 GeminiPro + 3 Opus + 3 Sol,Opus,8,game_myth,6,main: cooperation_betrayal,0.06666666666666667,0.14907119849998596,5,0.06666666666666665
2 GeminiPro + 3 Opus + 3 Sol,Opus,8,game_myth,6,main: giving_hoarding,0.7333333333333333,0.14907119849998599,5,0.06666666666666667
2 GeminiPro + 3 Opus + 3 Sol,Opus,8,game_myth,6,main: high_low,0.0,0.0,5,0.0
2 GeminiPro + 3 Opus + 3 Sol,Opus,8,game_myth,6,main: honesty_deception,0.0,0.0,5,0.0
2 GeminiPro + 3 Opus + 3 Sol,Opus,8,game_myth,6,main: human_divine,0.0,0.0,5,0.0
2 GeminiPro + 3 Opus + 3 Sol,Opus,8,game_myth,6,main: individual_community,0.0,0.0,5,0.0
2 GeminiPro + 3 Opus + 3 Sol,Opus,8,game_myth,6,main: life_death,0.0,0.0,5,0.0
2 GeminiPro + 3 Opus + 3 Sol,Opus,8,game_myth,6,main: light_dark,0.0,0.0,5,0.0
2 GeminiPro + 3 Opus + 3 Sol,Opus,8,game_myth,6,main: nature_culture,0.0,0.0,5,0.0
2 GeminiPro + 3 Opus + 3 Sol,Opus,8,game_myth,6,main: order_chaos,0.0,0.0,5,0.0
2 GeminiPro + 3 Opus + 3 Sol,Opus,8,game_myth,6,main: other,0.0,0.0,5,0.0
2 GeminiPro + 3 Opus + 3 Sol,Opus,8,game_myth,6,main: punishment_forgiveness,0.0,0.0,5,0.0
2 GeminiPro + 3 Opus + 3 Sol,Opus,8,game_myth,6,main: scarcity_abundance,0.0,0.0,5,0.0
2 GeminiPro + 3 Opus + 3 Sol,Opus,8,game_myth,6,main: trust_fear,0.13333333333333333,0.18257418583505536,5,0.0816496580927726
2 GeminiPro + 3 Opus + 3 Sol,Opus,8,game_myth,6,mediator present,0.4666666666666666,0.38005847503304596,5,0.16996731711975946
2 GeminiPro + 3 Opus + 3 Sol,Opus,8,game_myth,6,resolution: balanced middle,0.06666666666666667,0.14907119849998596,5,0.06666666666666665
2 GeminiPro + 3 Opus + 3 Sol,Opus,8,game_myth,6,resolution: mediated,0.4666666666666666,0.38005847503304596,5,0.16996731711975946
2 GeminiPro + 3 Opus + 3 Sol,Opus,8,game_myth,6,resolution: one pole wins,0.4666666666666666,0.29814239699997197,5,0.13333333333333333
2 GeminiPro + 3 Opus + 3 Sol,Opus,8,game_myth,6,role inversion,0.13333333333333333,0.18257418583505536,5,0.0816496580927726
2 GeminiPro + 3 Opus + 3 Sol,Opus,8,game_myth,9,any: clarity_distortion,0.2333333333333333,0.22360679774997896,5,0.09999999999999999
2 GeminiPro + 3 Opus + 3 Sol,Opus,8,game_myth,9,any: cooperation_betrayal,0.36666666666666664,0.4149966532662911,5,0.1855921454276674
2 GeminiPro + 3 Opus + 3 Sol,Opus,8,game_myth,9,any: giving_hoarding,0.6,0.4346134936801766,5,0.19436506316151
2 GeminiPro + 3 Opus + 3 Sol,Opus,8,game_myth,9,any: high_low,0.0,0.0,5,0.0
2 GeminiPro + 3 Opus + 3 Sol,Opus,8,game_myth,9,any: honesty_deception,0.0,0.0,5,0.0
2 GeminiPro + 3 Opus + 3 Sol,Opus,8,game_myth,9,any: human_divine,0.0,0.0,5,0.0
2 GeminiPro + 3 Opus + 3 Sol,Opus,8,game_myth,9,any: individual_community,0.0,0.0,5,0.0
2 GeminiPro + 3 Opus + 3 Sol,Opus,8,game_myth,9,any: life_death,0.0,0.0,5,0.0
2 GeminiPro + 3 Opus + 3 Sol,Opus,8,game_myth,9,any: light_dark,0.0,0.0,5,0.0
2 GeminiPro + 3 Opus + 3 Sol,Opus,8,game_myth,9,any: nature_culture,0.0,0.0,5,0.0
2 GeminiPro + 3 Opus + 3 Sol,Opus,8,game_myth,9,any: order_chaos,0.0,0.0,5,0.0
2 GeminiPro + 3 Opus + 3 Sol,Opus,8,game_myth,9,any: other,0.2333333333333333,0.22360679774997896,5,0.09999999999999999
2 GeminiPro + 3 Opus + 3 Sol,Opus,8,game_myth,9,any: punishment_forgiveness,0.5666666666666667,0.27888667551135854,5,0.12472191289246472
2 GeminiPro + 3 Opus + 3 Sol,Opus,8,game_myth,9,any: scarcity_abundance,0.36666666666666664,0.3415650255319866,5,0.15275252316519464
2 GeminiPro + 3 Opus + 3 Sol,Opus,8,game_myth,9,any: trust_fear,0.6333333333333333,0.34156502553198664,5,0.15275252316519466
2 GeminiPro + 3 Opus + 3 Sol,Opus,8,game_myth,9,arc: improves,0.4333333333333333,0.2788866755113585,5,0.12472191289246469
2 GeminiPro + 3 Opus + 3 Sol,Opus,8,game_myth,9,arc: restored,0.0,0.0,5,0.0
2 GeminiPro + 3 Opus + 3 Sol,Opus,8,game_myth,9,arc: stable order,0.5666666666666667,0.27888667551135854,5,0.12472191289246472
2 GeminiPro + 3 Opus + 3 Sol,Opus,8,game_myth,9,column 0,0.5,0.28867513459481287,5,0.12909944487358055
2 GeminiPro + 3 Opus + 3 Sol,Opus,8,game_myth,9,column 1,0.06666666666666667,0.14907119849998596,5,0.06666666666666665
2 GeminiPro + 3 Opus + 3 Sol,Opus,8,game_myth,9,column 10,0.5,0.37267799624996495,5,0.16666666666666666
2 GeminiPro + 3 Opus + 3 Sol,Opus,8,game_myth,9,column 11,0.2333333333333333,0.22360679774997896,5,0.09999999999999999
2 GeminiPro + 3 Opus + 3 Sol,Opus,8,game_myth,9,column 12,0.1,0.223606797749979,5,0.1
2 GeminiPro + 3 Opus + 3 Sol,Opus,8,game_myth,9,column 13,0.06666666666666667,0.14907119849998596,5,0.06666666666666665
2 GeminiPro + 3 Opus + 3 Sol,Opus,8,game_myth,9,column 14,0.06666666666666667,0.14907119849998596,5,0.06666666666666665
2 GeminiPro + 3 Opus + 3 Sol,Opus,8,game_myth,9,column 15,0.2,0.2981423969999719,5,0.1333333333333333
2 GeminiPro + 3 Opus + 3 Sol,Opus,8,game_myth,9,column 16,0.0,0.0,5,0.0
2 GeminiPro + 3 Opus + 3 Sol,Opus,8,game_myth,9,column 17,0.0,0.0,5,0.0
2 GeminiPro + 3 Opus + 3 Sol,Opus,8,game_myth,9,column 18,0.2,0.18257418583505536,5,0.0816496580927726
2 GeminiPro + 3 Opus + 3 Sol,Opus,8,game_myth,9,column 19,0.26666666666666666,0.2788866755113585,5,0.12472191289246469
2 GeminiPro + 3 Opus + 3 Sol,Opus,8,game_myth,9,column 2,0.06666666666666667,0.14907119849998596,5,0.06666666666666665
2 GeminiPro + 3 Opus + 3 Sol,Opus,8,game_myth,9,column 3,0.5666666666666667,0.27888667551135854,5,0.12472191289246472
2 GeminiPro + 3 Opus + 3 Sol,Opus,8,game_myth,9,column 4,0.2333333333333333,0.32489314482696546,5,0.14529663145135577
2 GeminiPro + 3 Opus + 3 Sol,Opus,8,game_myth,9,column 5,0.7,0.18257418583505536,5,0.0816496580927726
2 GeminiPro + 3 Opus + 3 Sol,Opus,8,game_myth,9,column 6,0.06666666666666667,0.14907119849998596,5,0.06666666666666665
2 GeminiPro + 3 Opus + 3 Sol,Opus,8,game_myth,9,column 7,0.3,0.18257418583505536,5,0.0816496580927726
2 GeminiPro + 3 Opus + 3 Sol,Opus,8,game_myth,9,column 8,0.0,0.0,5,0.0
2 GeminiPro + 3 Opus + 3 Sol,Opus,8,game_myth,9,column 9,0.0,0.0,5,0.0
2 GeminiPro + 3 Opus + 3 Sol,Opus,8,game_myth,9,main: clarity_distortion,0.1,0.223606797749979,5,0.1
2 GeminiPro + 3 Opus + 3 Sol,Opus,8,game_myth,9,main: cooperation_betrayal,0.13333333333333333,0.18257418583505536,5,0.0816496580927726
2 GeminiPro + 3 Opus + 3 Sol,Opus,8,game_myth,9,main: giving_hoarding,0.3333333333333333,0.23570226039551584,5,0.10540925533894598
2 GeminiPro + 3 Opus + 3 Sol,Opus,8,game_myth,9,main: high_low,0.0,0.0,5,0.0
2 GeminiPro + 3 Opus + 3 Sol,Opus,8,game_myth,9,main: honesty_deception,0.0,0.0,5,0.0
2 GeminiPro + 3 Opus + 3 Sol,Opus,8,game_myth,9,main: human_divine,0.0,0.0,5,0.0
2 GeminiPro + 3 Opus + 3 Sol,Opus,8,game_myth,9,main: individual_community,0.0,0.0,5,0.0
2 GeminiPro + 3 Opus + 3 Sol,Opus,8,game_myth,9,main: life_death,0.0,0.0,5,0.0
2 GeminiPro + 3 Opus + 3 Sol,Opus,8,game_myth,9,main: light_dark,0.0,0.0,5,0.0
2 GeminiPro + 3 Opus + 3 Sol,Opus,8,game_myth,9,main: nature_culture,0.0,0.0,5,0.0
2 GeminiPro + 3 Opus + 3 Sol,Opus,8,game_myth,9,main: order_chaos,0.0,0.0,5,0.0
2 GeminiPro + 3 Opus + 3 Sol,Opus,8,game_myth,9,main: other,0.06666666666666667,0.14907119849998596,5,0.06666666666666665
2 GeminiPro + 3 Opus + 3 Sol,Opus,8,game_myth,9,main: punishment_forgiveness,0.0,0.0,5,0.0
2 GeminiPro + 3 Opus + 3 Sol,Opus,8,game_myth,9,main: scarcity_abundance,0.0,0.0,5,0.0
2 GeminiPro + 3 Opus + 3 Sol,Opus,8,game_myth,9,main: trust_fear,0.36666666666666664,0.07453559924999298,5,0.033333333333333326
2 GeminiPro + 3 Opus + 3 Sol,Opus,8,game_myth,9,mediator present,0.7,0.29814239699997197,5,0.13333333333333333
2 GeminiPro + 3 Opus + 3 Sol,Opus,8,game_myth,9,resolution: balanced middle,0.0,0.0,5,0.0
2 GeminiPro + 3 Opus + 3 Sol,Opus,8,game_myth,9,resolution: mediated,0.7,0.29814239699997197,5,0.13333333333333333
2 GeminiPro + 3 Opus + 3 Sol,Opus,8,game_myth,9,resolution: one pole wins,0.3,0.2981423969999719,5,0.1333333333333333
2 GeminiPro + 3 Opus + 3 Sol,Opus,8,game_myth,9,role inversion,0.0,0.0,5,0.0
2 GeminiPro + 3 Opus + 3 Sol,Opus,8,game_myth,10,any: clarity_distortion,0.13333333333333333,0.18257418583505536,5,0.0816496580927726
2 GeminiPro + 3 Opus + 3 Sol,Opus,8,game_myth,10,any: cooperation_betrayal,0.2,0.18257418583505536,5,0.0816496580927726
2 GeminiPro + 3 Opus + 3 Sol,Opus,8,game_myth,10,any: giving_hoarding,0.8666666666666666,0.2981423969999719,5,0.1333333333333333
2 GeminiPro + 3 Opus + 3 Sol,Opus,8,game_myth,10,any: high_low,0.0,0.0,5,0.0
2 GeminiPro + 3 Opus + 3 Sol,Opus,8,game_myth,10,any: honesty_deception,0.0,0.0,5,0.0
2 GeminiPro + 3 Opus + 3 Sol,Opus,8,game_myth,10,any: human_divine,0.0,0.0,5,0.0
2 GeminiPro + 3 Opus + 3 Sol,Opus,8,game_myth,10,any: individual_community,0.13333333333333333,0.18257418583505536,5,0.0816496580927726
2 GeminiPro + 3 Opus + 3 Sol,Opus,8,game_myth,10,any: life_death,0.0,0.0,5,0.0
2 GeminiPro + 3 Opus + 3 Sol,Opus,8,game_myth,10,any: light_dark,0.0,0.0,5,0.0
2 GeminiPro + 3 Opus + 3 Sol,Opus,8,game_myth,10,any: nature_culture,0.0,0.0,5,0.0
2 GeminiPro + 3 Opus + 3 Sol,Opus,8,game_myth,10,any: order_chaos,0.0,0.0,5,0.0
2 GeminiPro + 3 Opus + 3 Sol,Opus,8,game_myth,10,any: other,0.2,0.18257418583505536,5,0.0816496580927726
2 GeminiPro + 3 Opus + 3 Sol,Opus,8,game_myth,10,any: punishment_forgiveness,0.6,0.27888667551135854,5,0.12472191289246472
2 GeminiPro + 3 Opus + 3 Sol,Opus,8,game_myth,10,any: scarcity_abundance,0.2,0.18257418583505536,5,0.0816496580927726
2 GeminiPro + 3 Opus + 3 Sol,Opus,8,game_myth,10,any: trust_fear,0.6666666666666666,0.23570226039551578,5,0.10540925533894595
2 GeminiPro + 3 Opus + 3 Sol,Opus,8,game_myth,10,arc: improves,0.4666666666666666,0.44721359549995787,5,0.19999999999999996
2 GeminiPro + 3 Opus + 3 Sol,Opus,8,game_myth,10,arc: restored,0.0,0.0,5,0.0
2 GeminiPro + 3 Opus + 3 Sol,Opus,8,game_myth,10,arc: stable order,0.5333333333333333,0.4472135954999579,5,0.19999999999999998
2 GeminiPro + 3 Opus + 3 Sol,Opus,8,game_myth,10,column 0,0.6,0.4346134936801766,5,0.19436506316151
2 GeminiPro + 3 Opus + 3 Sol,Opus,8,game_myth,10,column 1,0.13333333333333333,0.2981423969999719,5,0.1333333333333333
2 GeminiPro + 3 Opus + 3 Sol,Opus,8,game_myth,10,column 10,0.2,0.18257418583505536,5,0.0816496580927726
2 GeminiPro + 3 Opus + 3 Sol,Opus,8,game_myth,10,column 11,0.26666666666666666,0.4346134936801766,5,0.19436506316151
2 GeminiPro + 3 Opus + 3 Sol,Opus,8,game_myth,10,column 12,0.06666666666666667,0.14907119849998596,5,0.06666666666666665
2 GeminiPro + 3 Opus + 3 Sol,Opus,8,game_myth,10,column 13,0.06666666666666667,0.14907119849998596,5,0.06666666666666665
2 GeminiPro + 3 Opus + 3 Sol,Opus,8,game_myth,10,column 14,0.2,0.18257418583505536,5,0.0816496580927726
2 GeminiPro + 3 Opus + 3 Sol,Opus,8,game_myth,10,column 15,0.13333333333333333,0.18257418583505536,5,0.0816496580927726
2 GeminiPro + 3 Opus + 3 Sol,Opus,8,game_myth,10,column 16,0.06666666666666667,0.14907119849998596,5,0.06666666666666665
2 GeminiPro + 3 Opus + 3 Sol,Opus,8,game_myth,10,column 17,0.0,0.0,5,0.0
2 GeminiPro + 3 Opus + 3 Sol,Opus,8,game_myth,10,column 18,0.0,0.0,5,0.0
2 GeminiPro + 3 Opus + 3 Sol,Opus,8,game_myth,10,column 19,0.26666666666666666,0.14907119849998596,5,0.06666666666666665
2 GeminiPro + 3 Opus + 3 Sol,Opus,8,game_myth,10,column 2,0.19999999999999998,0.29814239699997197,5,0.13333333333333333
2 GeminiPro + 3 Opus + 3 Sol,Opus,8,game_myth,10,column 3,0.3333333333333333,0.3333333333333333,5,0.14907119849998596
2 GeminiPro + 3 Opus + 3 Sol,Opus,8,game_myth,10,column 4,0.06666666666666667,0.14907119849998596,5,0.06666666666666665
2 GeminiPro + 3 Opus + 3 Sol,Opus,8,game_myth,10,column 5,0.6,0.4346134936801766,5,0.19436506316151
2 GeminiPro + 3 Opus + 3 Sol,Opus,8,game_myth,10,column 6,0.13333333333333333,0.18257418583505536,5,0.0816496580927726
2 GeminiPro + 3 Opus + 3 Sol,Opus,8,game_myth,10,column 7,0.2,0.2981423969999719,5,0.1333333333333333
2 GeminiPro + 3 Opus + 3 Sol,Opus,8,game_myth,10,column 8,0.06666666666666667,0.14907119849998596,5,0.06666666666666665
2 GeminiPro + 3 Opus + 3 Sol,Opus,8,game_myth,10,column 9,0.2,0.2981423969999719,5,0.1333333333333333
2 GeminiPro + 3 Opus + 3 Sol,Opus,8,game_myth,10,main: clarity_distortion,0.06666666666666667,0.14907119849998596,5,0.06666666666666665
2 GeminiPro + 3 Opus + 3 Sol,Opus,8,game_myth,10,main: cooperation_betrayal,0.0,0.0,5,0.0
2 GeminiPro + 3 Opus + 3 Sol,Opus,8,game_myth,10,main: giving_hoarding,0.8,0.29814239699997197,5,0.13333333333333333
2 GeminiPro + 3 Opus + 3 Sol,Opus,8,game_myth,10,main: high_low,0.0,0.0,5,0.0
2 GeminiPro + 3 Opus + 3 Sol,Opus,8,game_myth,10,main: honesty_deception,0.0,0.0,5,0.0
2 GeminiPro + 3 Opus + 3 Sol,Opus,8,game_myth,10,main: human_divine,0.0,0.0,5,0.0
2 GeminiPro + 3 Opus + 3 Sol,Opus,8,game_myth,10,main: individual_community,0.0,0.0,5,0.0
2 GeminiPro + 3 Opus + 3 Sol,Opus,8,game_myth,10,main: life_death,0.0,0.0,5,0.0
2 GeminiPro + 3 Opus + 3 Sol,Opus,8,game_myth,10,main: light_dark,0.0,0.0,5,0.0
2 GeminiPro + 3 Opus + 3 Sol,Opus,8,game_myth,10,main: nature_culture,0.0,0.0,5,0.0
2 GeminiPro + 3 Opus + 3 Sol,Opus,8,game_myth,10,main: order_chaos,0.0,0.0,5,0.0
2 GeminiPro + 3 Opus + 3 Sol,Opus,8,game_myth,10,main: other,0.06666666666666667,0.14907119849998596,5,0.06666666666666665
2 GeminiPro + 3 Opus + 3 Sol,Opus,8,game_myth,10,main: punishment_forgiveness,0.0,0.0,5,0.0
2 GeminiPro + 3 Opus + 3 Sol,Opus,8,game_myth,10,main: scarcity_abundance,0.0,0.0,5,0.0
2 GeminiPro + 3 Opus + 3 Sol,Opus,8,game_myth,10,main: trust_fear,0.06666666666666667,0.14907119849998596,5,0.06666666666666665
2 GeminiPro + 3 Opus + 3 Sol,Opus,8,game_myth,10,mediator present,0.7333333333333333,0.2788866755113585,5,0.12472191289246469
2 GeminiPro + 3 Opus + 3 Sol,Opus,8,game_myth,10,resolution: balanced middle,0.0,0.0,5,0.0
2 GeminiPro + 3 Opus + 3 Sol,Opus,8,game_myth,10,resolution: mediated,0.7333333333333333,0.2788866755113585,5,0.12472191289246469
2 GeminiPro + 3 Opus + 3 Sol,Opus,8,game_myth,10,resolution: one pole wins,0.26666666666666666,0.27888667551135854,5,0.12472191289246472
2 GeminiPro + 3 Opus + 3 Sol,Opus,8,game_myth,10,role inversion,0.06666666666666667,0.14907119849998596,5,0.06666666666666665
2 GeminiPro + 3 Opus + 3 Sol,Opus,8,myth_game,1,any: clarity_distortion,0.39999999999999997,0.2788866755113585,5,0.12472191289246469
2 GeminiPro + 3 Opus + 3 Sol,Opus,8,myth_game,1,any: cooperation_betrayal,0.3333333333333333,0.408248290463863,5,0.18257418583505536
2 GeminiPro + 3 Opus + 3 Sol,Opus,8,myth_game,1,any: giving_hoarding,0.9333333333333332,0.149071198499986,5,0.06666666666666668
2 GeminiPro + 3 Opus + 3 Sol,Opus,8,myth_game,1,any: high_low,0.0,0.0,5,0.0
2 GeminiPro + 3 Opus + 3 Sol,Opus,8,myth_game,1,any: honesty_deception,0.0,0.0,5,0.0
2 GeminiPro + 3 Opus + 3 Sol,Opus,8,myth_game,1,any: human_divine,0.0,0.0,5,0.0
2 GeminiPro + 3 Opus + 3 Sol,Opus,8,myth_game,1,any: individual_community,0.0,0.0,5,0.0
2 GeminiPro + 3 Opus + 3 Sol,Opus,8,myth_game,1,any: life_death,0.0,0.0,5,0.0
2 GeminiPro + 3 Opus + 3 Sol,Opus,8,myth_game,1,any: light_dark,0.0,0.0,5,0.0
2 GeminiPro + 3 Opus + 3 Sol,Opus,8,myth_game,1,any: nature_culture,0.0,0.0,5,0.0
2 GeminiPro + 3 Opus + 3 Sol,Opus,8,myth_game,1,any: order_chaos,0.0,0.0,5,0.0
2 GeminiPro + 3 Opus + 3 Sol,Opus,8,myth_game,1,any: other,0.0,0.0,5,0.0
2 GeminiPro + 3 Opus + 3 Sol,Opus,8,myth_game,1,any: punishment_forgiveness,0.5333333333333333,0.380058475033046,5,0.1699673171197595
2 GeminiPro + 3 Opus + 3 Sol,Opus,8,myth_game,1,any: scarcity_abundance,0.0,0.0,5,0.0
2 GeminiPro + 3 Opus + 3 Sol,Opus,8,myth_game,1,any: trust_fear,0.8,0.18257418583505539,5,0.08164965809277261
2 GeminiPro + 3 Opus + 3 Sol,Opus,8,myth_game,1,arc: improves,0.4666666666666666,0.18257418583505536,5,0.0816496580927726
2 GeminiPro + 3 Opus + 3 Sol,Opus,8,myth_game,1,arc: restored,0.39999999999999997,0.2788866755113585,5,0.12472191289246469
2 GeminiPro + 3 Opus + 3 Sol,Opus,8,myth_game,1,arc: stable order,0.06666666666666667,0.14907119849998596,5,0.06666666666666665
2 GeminiPro + 3 Opus + 3 Sol,Opus,8,myth_game,1,column 0,0.26666666666666666,0.2788866755113585,5,0.12472191289246469
2 GeminiPro + 3 Opus + 3 Sol,Opus,8,myth_game,1,column 1,0.3333333333333333,0.0,5,0.0
2 GeminiPro + 3 Opus + 3 Sol,Opus,8,myth_game,1,column 10,0.3333333333333333,0.23570226039551584,5,0.10540925533894598
2 GeminiPro + 3 Opus + 3 Sol,Opus,8,myth_game,1,column 11,0.0,0.0,5,0.0
2 GeminiPro + 3 Opus + 3 Sol,Opus,8,myth_game,1,column 12,0.13333333333333333,0.2981423969999719,5,0.1333333333333333
2 GeminiPro + 3 Opus + 3 Sol,Opus,8,myth_game,1,column 13,0.2,0.18257418583505536,5,0.0816496580927726
2 GeminiPro + 3 Opus + 3 Sol,Opus,8,myth_game,1,column 14,0.3333333333333333,0.3333333333333333,5,0.14907119849998596
2 GeminiPro + 3 Opus + 3 Sol,Opus,8,myth_game,1,column 15,0.26666666666666666,0.14907119849998596,5,0.06666666666666665
2 GeminiPro + 3 Opus + 3 Sol,Opus,8,myth_game,1,column 16,0.13333333333333333,0.2981423969999719,5,0.1333333333333333
2 GeminiPro + 3 Opus + 3 Sol,Opus,8,myth_game,1,column 17,0.26666666666666666,0.27888667551135854,5,0.12472191289246472
2 GeminiPro + 3 Opus + 3 Sol,Opus,8,myth_game,1,column 18,0.26666666666666666,0.27888667551135854,5,0.12472191289246472
2 GeminiPro + 3 Opus + 3 Sol,Opus,8,myth_game,1,column 19,0.06666666666666667,0.14907119849998596,5,0.06666666666666665
2 GeminiPro + 3 Opus + 3 Sol,Opus,8,myth_game,1,column 2,0.26666666666666666,0.14907119849998596,5,0.06666666666666665
2 GeminiPro + 3 Opus + 3 Sol,Opus,8,myth_game,1,column 3,0.6,0.27888667551135854,5,0.12472191289246472
2 GeminiPro + 3 Opus + 3 Sol,Opus,8,myth_game,1,column 4,0.13333333333333333,0.18257418583505536,5,0.0816496580927726
2 GeminiPro + 3 Opus + 3 Sol,Opus,8,myth_game,1,column 5,0.3333333333333333,0.3333333333333333,5,0.14907119849998596
2 GeminiPro + 3 Opus + 3 Sol,Opus,8,myth_game,1,column 6,0.2,0.18257418583505536,5,0.0816496580927726
2 GeminiPro + 3 Opus + 3 Sol,Opus,8,myth_game,1,column 7,0.3333333333333333,0.23570226039551584,5,0.10540925533894598
2 GeminiPro + 3 Opus + 3 Sol,Opus,8,myth_game,1,column 8,0.0,0.0,5,0.0
2 GeminiPro + 3 Opus + 3 Sol,Opus,8,myth_game,1,column 9,0.4,0.27888667551135854,5,0.12472191289246472
2 GeminiPro + 3 Opus + 3 Sol,Opus,8,myth_game,1,main: clarity_distortion,0.0,0.0,5,0.0
2 GeminiPro + 3 Opus + 3 Sol,Opus,8,myth_game,1,main: cooperation_betrayal,0.0,0.0,5,0.0
2 GeminiPro + 3 Opus + 3 Sol,Opus,8,myth_game,1,main: giving_hoarding,0.8666666666666666,0.29814239699997197,5,0.13333333333333333
2 GeminiPro + 3 Opus + 3 Sol,Opus,8,myth_game,1,main: high_low,0.0,0.0,5,0.0
2 GeminiPro + 3 Opus + 3 Sol,Opus,8,myth_game,1,main: honesty_deception,0.0,0.0,5,0.0
2 GeminiPro + 3 Opus + 3 Sol,Opus,8,myth_game,1,main: human_divine,0.0,0.0,5,0.0
2 GeminiPro + 3 Opus + 3 Sol,Opus,8,myth_game,1,main: individual_community,0.0,0.0,5,0.0
2 GeminiPro + 3 Opus + 3 Sol,Opus,8,myth_game,1,main: life_death,0.0,0.0,5,0.0
2 GeminiPro + 3 Opus + 3 Sol,Opus,8,myth_game,1,main: light_dark,0.0,0.0,5,0.0
2 GeminiPro + 3 Opus + 3 Sol,Opus,8,myth_game,1,main: nature_culture,0.0,0.0,5,0.0
2 GeminiPro + 3 Opus + 3 Sol,Opus,8,myth_game,1,main: order_chaos,0.0,0.0,5,0.0
2 GeminiPro + 3 Opus + 3 Sol,Opus,8,myth_game,1,main: other,0.0,0.0,5,0.0
2 GeminiPro + 3 Opus + 3 Sol,Opus,8,myth_game,1,main: punishment_forgiveness,0.0,0.0,5,0.0
2 GeminiPro + 3 Opus + 3 Sol,Opus,8,myth_game,1,main: scarcity_abundance,0.0,0.0,5,0.0
2 GeminiPro + 3 Opus + 3 Sol,Opus,8,myth_game,1,main: trust_fear,0.13333333333333333,0.2981423969999719,5,0.1333333333333333
2 GeminiPro + 3 Opus + 3 Sol,Opus,8,myth_game,1,mediator present,0.8,0.18257418583505536,5,0.0816496580927726
2 GeminiPro + 3 Opus + 3 Sol,Opus,8,myth_game,1,resolution: balanced middle,0.0,0.0,5,0.0
2 GeminiPro + 3 Opus + 3 Sol,Opus,8,myth_game,1,resolution: mediated,0.8,0.18257418583505536,5,0.0816496580927726
2 GeminiPro + 3 Opus + 3 Sol,Opus,8,myth_game,1,resolution: one pole wins,0.2,0.18257418583505536,5,0.0816496580927726
2 GeminiPro + 3 Opus + 3 Sol,Opus,8,myth_game,1,role inversion,0.0,0.0,5,0.0
2 GeminiPro + 3 Opus + 3 Sol,Opus,8,myth_game,2,any: clarity_distortion,0.13333333333333333,0.18257418583505536,5,0.0816496580927726
2 GeminiPro + 3 Opus + 3 Sol,Opus,8,myth_game,2,any: cooperation_betrayal,0.2,0.2981423969999719,5,0.1333333333333333
2 GeminiPro + 3 Opus + 3 Sol,Opus,8,myth_game,2,any: giving_hoarding,0.9333333333333332,0.149071198499986,5,0.06666666666666668
2 GeminiPro + 3 Opus + 3 Sol,Opus,8,myth_game,2,any: high_low,0.0,0.0,5,0.0
2 GeminiPro + 3 Opus + 3 Sol,Opus,8,myth_game,2,any: honesty_deception,0.0,0.0,5,0.0
2 GeminiPro + 3 Opus + 3 Sol,Opus,8,myth_game,2,any: human_divine,0.0,0.0,5,0.0
2 GeminiPro + 3 Opus + 3 Sol,Opus,8,myth_game,2,any: individual_community,0.0,0.0,5,0.0
2 GeminiPro + 3 Opus + 3 Sol,Opus,8,myth_game,2,any: life_death,0.0,0.0,5,0.0
2 GeminiPro + 3 Opus + 3 Sol,Opus,8,myth_game,2,any: light_dark,0.0,0.0,5,0.0
2 GeminiPro + 3 Opus + 3 Sol,Opus,8,myth_game,2,any: nature_culture,0.0,0.0,5,0.0
2 GeminiPro + 3 Opus + 3 Sol,Opus,8,myth_game,2,any: order_chaos,0.0,0.0,5,0.0
2 GeminiPro + 3 Opus + 3 Sol,Opus,8,myth_game,2,any: other,0.0,0.0,5,0.0
2 GeminiPro + 3 Opus + 3 Sol,Opus,8,myth_game,2,any: punishment_forgiveness,0.7333333333333333,0.2788866755113585,5,0.12472191289246469
2 GeminiPro + 3 Opus + 3 Sol,Opus,8,myth_game,2,any: scarcity_abundance,0.13333333333333333,0.2981423969999719,5,0.1333333333333333
2 GeminiPro + 3 Opus + 3 Sol,Opus,8,myth_game,2,any: trust_fear,0.8666666666666666,0.1825741858350554,5,0.08164965809277262
2 GeminiPro + 3 Opus + 3 Sol,Opus,8,myth_game,2,arc: improves,0.5333333333333333,0.380058475033046,5,0.1699673171197595
2 GeminiPro + 3 Opus + 3 Sol,Opus,8,myth_game,2,arc: restored,0.13333333333333333,0.18257418583505536,5,0.0816496580927726
2 GeminiPro + 3 Opus + 3 Sol,Opus,8,myth_game,2,arc: stable order,0.26666666666666666,0.2788866755113585,5,0.12472191289246469
2 GeminiPro + 3 Opus + 3 Sol,Opus,8,myth_game,2,column 0,0.26666666666666666,0.2788866755113585,5,0.12472191289246469
2 GeminiPro + 3 Opus + 3 Sol,Opus,8,myth_game,2,column 1,0.2,0.4472135954999579,5,0.19999999999999998
2 GeminiPro + 3 Opus + 3 Sol,Opus,8,myth_game,2,column 10,0.5333333333333333,0.18257418583505536,5,0.0816496580927726
2 GeminiPro + 3 Opus + 3 Sol,Opus,8,myth_game,2,column 11,0.06666666666666667,0.14907119849998596,5,0.06666666666666665
2 GeminiPro + 3 Opus + 3 Sol,Opus,8,myth_game,2,column 12,0.26666666666666666,0.3651483716701107,5,0.1632993161855452
2 GeminiPro + 3 Opus + 3 Sol,Opus,8,myth_game,2,column 13,0.19999999999999998,0.29814239699997197,5,0.13333333333333333
2 GeminiPro + 3 Opus + 3 Sol,Opus,8,myth_game,2,column 14,0.39999999999999997,0.2788866755113585,5,0.12472191289246469
2 GeminiPro + 3 Opus + 3 Sol,Opus,8,myth_game,2,column 15,0.2,0.2981423969999719,5,0.1333333333333333
2 GeminiPro + 3 Opus + 3 Sol,Opus,8,myth_game,2,column 16,0.3333333333333333,0.4714045207910317,5,0.21081851067789195
2 GeminiPro + 3 Opus + 3 Sol,Opus,8,myth_game,2,column 17,0.13333333333333333,0.18257418583505536,5,0.0816496580927726
2 GeminiPro + 3 Opus + 3 Sol,Opus,8,myth_game,2,column 18,0.3333333333333333,0.4082482904638631,5,0.18257418583505539
2 GeminiPro + 3 Opus + 3 Sol,Opus,8,myth_game,2,column 19,0.26666666666666666,0.14907119849998596,5,0.06666666666666665
2 GeminiPro + 3 Opus + 3 Sol,Opus,8,myth_game,2,column 2,0.2,0.18257418583505536,5,0.0816496580927726
2 GeminiPro + 3 Opus + 3 Sol,Opus,8,myth_game,2,column 3,0.3333333333333333,0.33333333333333337,5,0.14907119849998599
2 GeminiPro + 3 Opus + 3 Sol,Opus,8,myth_game,2,column 4,0.2,0.18257418583505536,5,0.0816496580927726
2 GeminiPro + 3 Opus + 3 Sol,Opus,8,myth_game,2,column 5,0.4,0.27888667551135854,5,0.12472191289246472
2 GeminiPro + 3 Opus + 3 Sol,Opus,8,myth_game,2,column 6,0.06666666666666667,0.14907119849998596,5,0.06666666666666665
2 GeminiPro + 3 Opus + 3 Sol,Opus,8,myth_game,2,column 7,0.2,0.18257418583505536,5,0.0816496580927726
2 GeminiPro + 3 Opus + 3 Sol,Opus,8,myth_game,2,column 8,0.06666666666666667,0.14907119849998596,5,0.06666666666666665
2 GeminiPro + 3 Opus + 3 Sol,Opus,8,myth_game,2,column 9,0.13333333333333333,0.18257418583505536,5,0.0816496580927726
2 GeminiPro + 3 Opus + 3 Sol,Opus,8,myth_game,2,main: clarity_distortion,0.0,0.0,5,0.0
2 GeminiPro + 3 Opus + 3 Sol,Opus,8,myth_game,2,main: cooperation_betrayal,0.06666666666666667,0.14907119849998596,5,0.06666666666666665
2 GeminiPro + 3 Opus + 3 Sol,Opus,8,myth_game,2,main: giving_hoarding,0.8,0.29814239699997197,5,0.13333333333333333
2 GeminiPro + 3 Opus + 3 Sol,Opus,8,myth_game,2,main: high_low,0.0,0.0,5,0.0
2 GeminiPro + 3 Opus + 3 Sol,Opus,8,myth_game,2,main: honesty_deception,0.0,0.0,5,0.0
2 GeminiPro + 3 Opus + 3 Sol,Opus,8,myth_game,2,main: human_divine,0.0,0.0,5,0.0
2 GeminiPro + 3 Opus + 3 Sol,Opus,8,myth_game,2,main: individual_community,0.0,0.0,5,0.0
2 GeminiPro + 3 Opus + 3 Sol,Opus,8,myth_game,2,main: life_death,0.0,0.0,5,0.0
2 GeminiPro + 3 Opus + 3 Sol,Opus,8,myth_game,2,main: light_dark,0.0,0.0,5,0.0
2 GeminiPro + 3 Opus + 3 Sol,Opus,8,myth_game,2,main: nature_culture,0.0,0.0,5,0.0
2 GeminiPro + 3 Opus + 3 Sol,Opus,8,myth_game,2,main: order_chaos,0.0,0.0,5,0.0
2 GeminiPro + 3 Opus + 3 Sol,Opus,8,myth_game,2,main: other,0.0,0.0,5,0.0
2 GeminiPro + 3 Opus + 3 Sol,Opus,8,myth_game,2,main: punishment_forgiveness,0.0,0.0,5,0.0
2 GeminiPro + 3 Opus + 3 Sol,Opus,8,myth_game,2,main: scarcity_abundance,0.0,0.0,5,0.0
2 GeminiPro + 3 Opus + 3 Sol,Opus,8,myth_game,2,main: trust_fear,0.13333333333333333,0.18257418583505536,5,0.0816496580927726
2 GeminiPro + 3 Opus + 3 Sol,Opus,8,myth_game,2,mediator present,0.9333333333333332,0.14907119849998604,5,0.0666666666666667
2 GeminiPro + 3 Opus + 3 Sol,Opus,8,myth_game,2,resolution: balanced middle,0.0,0.0,5,0.0
2 GeminiPro + 3 Opus + 3 Sol,Opus,8,myth_game,2,resolution: mediated,0.9333333333333332,0.14907119849998604,5,0.0666666666666667
2 GeminiPro + 3 Opus + 3 Sol,Opus,8,myth_game,2,resolution: one pole wins,0.06666666666666667,0.14907119849998596,5,0.06666666666666665
2 GeminiPro + 3 Opus + 3 Sol,Opus,8,myth_game,2,role inversion,0.0,0.0,5,0.0
2 GeminiPro + 3 Opus + 3 Sol,Opus,8,myth_game,5,any: clarity_distortion,0.26666666666666666,0.27888667551135854,5,0.12472191289246472
2 GeminiPro + 3 Opus + 3 Sol,Opus,8,myth_game,5,any: cooperation_betrayal,0.2,0.2981423969999719,5,0.1333333333333333
2 GeminiPro + 3 Opus + 3 Sol,Opus,8,myth_game,5,any: giving_hoarding,0.8,0.18257418583505539,5,0.08164965809277261
2 GeminiPro + 3 Opus + 3 Sol,Opus,8,myth_game,5,any: high_low,0.0,0.0,5,0.0
2 GeminiPro + 3 Opus + 3 Sol,Opus,8,myth_game,5,any: honesty_deception,0.06666666666666667,0.14907119849998596,5,0.06666666666666665
2 GeminiPro + 3 Opus + 3 Sol,Opus,8,myth_game,5,any: human_divine,0.0,0.0,5,0.0
2 GeminiPro + 3 Opus + 3 Sol,Opus,8,myth_game,5,any: individual_community,0.0,0.0,5,0.0
2 GeminiPro + 3 Opus + 3 Sol,Opus,8,myth_game,5,any: life_death,0.0,0.0,5,0.0
2 GeminiPro + 3 Opus + 3 Sol,Opus,8,myth_game,5,any: light_dark,0.0,0.0,5,0.0
2 GeminiPro + 3 Opus + 3 Sol,Opus,8,myth_game,5,any: nature_culture,0.0,0.0,5,0.0
2 GeminiPro + 3 Opus + 3 Sol,Opus,8,myth_game,5,any: order_chaos,0.0,0.0,5,0.0
2 GeminiPro + 3 Opus + 3 Sol,Opus,8,myth_game,5,any: other,0.06666666666666667,0.14907119849998596,5,0.06666666666666665
2 GeminiPro + 3 Opus + 3 Sol,Opus,8,myth_game,5,any: punishment_forgiveness,0.6666666666666666,0.2357022603955158,5,0.10540925533894596
2 GeminiPro + 3 Opus + 3 Sol,Opus,8,myth_game,5,any: scarcity_abundance,0.13333333333333333,0.18257418583505536,5,0.0816496580927726
2 GeminiPro + 3 Opus + 3 Sol,Opus,8,myth_game,5,any: trust_fear,0.8,0.1825741858350554,5,0.08164965809277262
2 GeminiPro + 3 Opus + 3 Sol,Opus,8,myth_game,5,arc: improves,0.5333333333333333,0.2981423969999719,5,0.1333333333333333
2 GeminiPro + 3 Opus + 3 Sol,Opus,8,myth_game,5,arc: restored,0.0,0.0,5,0.0
2 GeminiPro + 3 Opus + 3 Sol,Opus,8,myth_game,5,arc: stable order,0.4666666666666667,0.29814239699997197,5,0.13333333333333333
2 GeminiPro + 3 Opus + 3 Sol,Opus,8,myth_game,5,column 0,0.3333333333333333,0.23570226039551584,5,0.10540925533894598
2 GeminiPro + 3 Opus + 3 Sol,Opus,8,myth_game,5,column 1,0.26666666666666666,0.27888667551135854,5,0.12472191289246472
2 GeminiPro + 3 Opus + 3 Sol,Opus,8,myth_game,5,column 10,0.3333333333333333,0.3333333333333333,5,0.14907119849998596
2 GeminiPro + 3 Opus + 3 Sol,Opus,8,myth_game,5,column 11,0.13333333333333333,0.18257418583505536,5,0.0816496580927726
2 GeminiPro + 3 Opus + 3 Sol,Opus,8,myth_game,5,column 12,0.0,0.0,5,0.0
2 GeminiPro + 3 Opus + 3 Sol,Opus,8,myth_game,5,column 13,0.19999999999999998,0.2981423969999719,5,0.1333333333333333
2 GeminiPro + 3 Opus + 3 Sol,Opus,8,myth_game,5,column 14,0.2,0.2981423969999719,5,0.1333333333333333
2 GeminiPro + 3 Opus + 3 Sol,Opus,8,myth_game,5,column 15,0.06666666666666667,0.14907119849998596,5,0.06666666666666665
2 GeminiPro + 3 Opus + 3 Sol,Opus,8,myth_game,5,column 16,0.6666666666666666,0.2357022603955158,5,0.10540925533894596
2 GeminiPro + 3 Opus + 3 Sol,Opus,8,myth_game,5,column 17,0.06666666666666667,0.14907119849998596,5,0.06666666666666665
2 GeminiPro + 3 Opus + 3 Sol,Opus,8,myth_game,5,column 18,0.0,0.0,5,0.0
2 GeminiPro + 3 Opus + 3 Sol,Opus,8,myth_game,5,column 19,0.13333333333333333,0.18257418583505536,5,0.0816496580927726
2 GeminiPro + 3 Opus + 3 Sol,Opus,8,myth_game,5,column 2,0.26666666666666666,0.14907119849998596,5,0.06666666666666665
2 GeminiPro + 3 Opus + 3 Sol,Opus,8,myth_game,5,column 3,0.5333333333333333,0.38005847503304596,5,0.16996731711975946
2 GeminiPro + 3 Opus + 3 Sol,Opus,8,myth_game,5,column 4,0.6,0.14907119849998596,5,0.06666666666666665
2 GeminiPro + 3 Opus + 3 Sol,Opus,8,myth_game,5,column 5,0.4666666666666666,0.18257418583505536,5,0.0816496580927726
2 GeminiPro + 3 Opus + 3 Sol,Opus,8,myth_game,5,column 6,0.13333333333333333,0.18257418583505536,5,0.0816496580927726
2 GeminiPro + 3 Opus + 3 Sol,Opus,8,myth_game,5,column 7,0.3333333333333333,0.23570226039551584,5,0.10540925533894598
2 GeminiPro + 3 Opus + 3 Sol,Opus,8,myth_game,5,column 8,0.0,0.0,5,0.0
2 GeminiPro + 3 Opus + 3 Sol,Opus,8,myth_game,5,column 9,0.0,0.0,5,0.0
2 GeminiPro + 3 Opus + 3 Sol,Opus,8,myth_game,5,main: clarity_distortion,0.06666666666666667,0.14907119849998596,5,0.06666666666666665
2 GeminiPro + 3 Opus + 3 Sol,Opus,8,myth_game,5,main: cooperation_betrayal,0.0,0.0,5,0.0
2 GeminiPro + 3 Opus + 3 Sol,Opus,8,myth_game,5,main: giving_hoarding,0.6666666666666666,0.23570226039551584,5,0.10540925533894598
2 GeminiPro + 3 Opus + 3 Sol,Opus,8,myth_game,5,main: high_low,0.0,0.0,5,0.0
2 GeminiPro + 3 Opus + 3 Sol,Opus,8,myth_game,5,main: honesty_deception,0.0,0.0,5,0.0
2 GeminiPro + 3 Opus + 3 Sol,Opus,8,myth_game,5,main: human_divine,0.0,0.0,5,0.0
2 GeminiPro + 3 Opus + 3 Sol,Opus,8,myth_game,5,main: individual_community,0.0,0.0,5,0.0
2 GeminiPro + 3 Opus + 3 Sol,Opus,8,myth_game,5,main: life_death,0.0,0.0,5,0.0
2 GeminiPro + 3 Opus + 3 Sol,Opus,8,myth_game,5,main: light_dark,0.0,0.0,5,0.0
2 GeminiPro + 3 Opus + 3 Sol,Opus,8,myth_game,5,main: nature_culture,0.0,0.0,5,0.0
2 GeminiPro + 3 Opus + 3 Sol,Opus,8,myth_game,5,main: order_chaos,0.0,0.0,5,0.0
2 GeminiPro + 3 Opus + 3 Sol,Opus,8,myth_game,5,main: other,0.06666666666666667,0.14907119849998596,5,0.06666666666666665
2 GeminiPro + 3 Opus + 3 Sol,Opus,8,myth_game,5,main: punishment_forgiveness,0.0,0.0,5,0.0
2 GeminiPro + 3 Opus + 3 Sol,Opus,8,myth_game,5,main: scarcity_abundance,0.06666666666666667,0.14907119849998596,5,0.06666666666666665
2 GeminiPro + 3 Opus + 3 Sol,Opus,8,myth_game,5,main: trust_fear,0.13333333333333333,0.18257418583505536,5,0.0816496580927726
2 GeminiPro + 3 Opus + 3 Sol,Opus,8,myth_game,5,mediator present,0.7333333333333333,0.14907119849998599,5,0.06666666666666667
2 GeminiPro + 3 Opus + 3 Sol,Opus,8,myth_game,5,resolution: balanced middle,0.0,0.0,5,0.0
2 GeminiPro + 3 Opus + 3 Sol,Opus,8,myth_game,5,resolution: mediated,0.7333333333333333,0.14907119849998599,5,0.06666666666666667
2 GeminiPro + 3 Opus + 3 Sol,Opus,8,myth_game,5,resolution: one pole wins,0.26666666666666666,0.14907119849998596,5,0.06666666666666665
2 GeminiPro + 3 Opus + 3 Sol,Opus,8,myth_game,5,role inversion,0.06666666666666667,0.14907119849998596,5,0.06666666666666665
2 GeminiPro + 3 Opus + 3 Sol,Opus,8,myth_game,6,any: clarity_distortion,0.3333333333333333,0.23570226039551584,5,0.10540925533894598
2 GeminiPro + 3 Opus + 3 Sol,Opus,8,myth_game,6,any: cooperation_betrayal,0.26666666666666666,0.27888667551135854,5,0.12472191289246472
2 GeminiPro + 3 Opus + 3 Sol,Opus,8,myth_game,6,any: giving_hoarding,0.9333333333333332,0.14907119849998599,5,0.06666666666666667
2 GeminiPro + 3 Opus + 3 Sol,Opus,8,myth_game,6,any: high_low,0.0,0.0,5,0.0
2 GeminiPro + 3 Opus + 3 Sol,Opus,8,myth_game,6,any: honesty_deception,0.0,0.0,5,0.0
2 GeminiPro + 3 Opus + 3 Sol,Opus,8,myth_game,6,any: human_divine,0.0,0.0,5,0.0
2 GeminiPro + 3 Opus + 3 Sol,Opus,8,myth_game,6,any: individual_community,0.13333333333333333,0.18257418583505536,5,0.0816496580927726
2 GeminiPro + 3 Opus + 3 Sol,Opus,8,myth_game,6,any: life_death,0.0,0.0,5,0.0
2 GeminiPro + 3 Opus + 3 Sol,Opus,8,myth_game,6,any: light_dark,0.0,0.0,5,0.0
2 GeminiPro + 3 Opus + 3 Sol,Opus,8,myth_game,6,any: nature_culture,0.0,0.0,5,0.0
2 GeminiPro + 3 Opus + 3 Sol,Opus,8,myth_game,6,any: order_chaos,0.0,0.0,5,0.0
2 GeminiPro + 3 Opus + 3 Sol,Opus,8,myth_game,6,any: other,0.06666666666666667,0.14907119849998596,5,0.06666666666666665
2 GeminiPro + 3 Opus + 3 Sol,Opus,8,myth_game,6,any: punishment_forgiveness,0.39999999999999997,0.27888667551135854,5,0.12472191289246472
2 GeminiPro + 3 Opus + 3 Sol,Opus,8,myth_game,6,any: scarcity_abundance,0.06666666666666667,0.14907119849998596,5,0.06666666666666665
2 GeminiPro + 3 Opus + 3 Sol,Opus,8,myth_game,6,any: trust_fear,0.8,0.18257418583505539,5,0.08164965809277261
2 GeminiPro + 3 Opus + 3 Sol,Opus,8,myth_game,6,arc: improves,0.4666666666666666,0.18257418583505536,5,0.0816496580927726
2 GeminiPro + 3 Opus + 3 Sol,Opus,8,myth_game,6,arc: restored,0.06666666666666667,0.14907119849998596,5,0.06666666666666665
2 GeminiPro + 3 Opus + 3 Sol,Opus,8,myth_game,6,arc: stable order,0.4666666666666666,0.18257418583505536,5,0.0816496580927726
2 GeminiPro + 3 Opus + 3 Sol,Opus,8,myth_game,6,column 0,0.3333333333333333,0.23570226039551584,5,0.10540925533894598
2 GeminiPro + 3 Opus + 3 Sol,Opus,8,myth_game,6,column 1,0.3333333333333333,0.23570226039551584,5,0.10540925533894598
2 GeminiPro + 3 Opus + 3 Sol,Opus,8,myth_game,6,column 10,0.26666666666666666,0.2788866755113585,5,0.12472191289246469
2 GeminiPro + 3 Opus + 3 Sol,Opus,8,myth_game,6,column 11,0.06666666666666667,0.14907119849998596,5,0.06666666666666665
2 GeminiPro + 3 Opus + 3 Sol,Opus,8,myth_game,6,column 12,0.06666666666666667,0.14907119849998596,5,0.06666666666666665
2 GeminiPro + 3 Opus + 3 Sol,Opus,8,myth_game,6,column 13,0.06666666666666667,0.14907119849998596,5,0.06666666666666665
2 GeminiPro + 3 Opus + 3 Sol,Opus,8,myth_game,6,column 14,0.06666666666666667,0.14907119849998596,5,0.06666666666666665
2 GeminiPro + 3 Opus + 3 Sol,Opus,8,myth_game,6,column 15,0.3333333333333333,0.3333333333333333,5,0.14907119849998596
2 GeminiPro + 3 Opus + 3 Sol,Opus,8,myth_game,6,column 16,0.4666666666666666,0.29814239699997197,5,0.13333333333333333
2 GeminiPro + 3 Opus + 3 Sol,Opus,8,myth_game,6,column 17,0.13333333333333333,0.18257418583505536,5,0.0816496580927726
2 GeminiPro + 3 Opus + 3 Sol,Opus,8,myth_game,6,column 18,0.0,0.0,5,0.0
2 GeminiPro + 3 Opus + 3 Sol,Opus,8,myth_game,6,column 19,0.19999999999999998,0.2981423969999719,5,0.1333333333333333
2 GeminiPro + 3 Opus + 3 Sol,Opus,8,myth_game,6,column 2,0.13333333333333333,0.2981423969999719,5,0.1333333333333333
2 GeminiPro + 3 Opus + 3 Sol,Opus,8,myth_game,6,column 3,0.4666666666666666,0.2981423969999719,5,0.1333333333333333
2 GeminiPro + 3 Opus + 3 Sol,Opus,8,myth_game,6,column 4,0.4666666666666666,0.18257418583505539,5,0.08164965809277261
2 GeminiPro + 3 Opus + 3 Sol,Opus,8,myth_game,6,column 5,0.6666666666666666,0.2357022603955158,5,0.10540925533894596
2 GeminiPro + 3 Opus + 3 Sol,Opus,8,myth_game,6,column 6,0.06666666666666667,0.14907119849998596,5,0.06666666666666665
2 GeminiPro + 3 Opus + 3 Sol,Opus,8,myth_game,6,column 7,0.2,0.18257418583505536,5,0.0816496580927726
2 GeminiPro + 3 Opus + 3 Sol,Opus,8,myth_game,6,column 8,0.0,0.0,5,0.0
2 GeminiPro + 3 Opus + 3 Sol,Opus,8,myth_game,6,column 9,0.06666666666666667,0.14907119849998596,5,0.06666666666666665
2 GeminiPro + 3 Opus + 3 Sol,Opus,8,myth_game,6,main: clarity_distortion,0.06666666666666667,0.14907119849998596,5,0.06666666666666665
2 GeminiPro + 3 Opus + 3 Sol,Opus,8,myth_game,6,main: cooperation_betrayal,0.0,0.0,5,0.0
2 GeminiPro + 3 Opus + 3 Sol,Opus,8,myth_game,6,main: giving_hoarding,0.8,0.2981423969999719,5,0.1333333333333333
2 GeminiPro + 3 Opus + 3 Sol,Opus,8,myth_game,6,main: high_low,0.0,0.0,5,0.0
2 GeminiPro + 3 Opus + 3 Sol,Opus,8,myth_game,6,main: honesty_deception,0.0,0.0,5,0.0
2 GeminiPro + 3 Opus + 3 Sol,Opus,8,myth_game,6,main: human_divine,0.0,0.0,5,0.0
2 GeminiPro + 3 Opus + 3 Sol,Opus,8,myth_game,6,main: individual_community,0.0,0.0,5,0.0
2 GeminiPro + 3 Opus + 3 Sol,Opus,8,myth_game,6,main: life_death,0.0,0.0,5,0.0
2 GeminiPro + 3 Opus + 3 Sol,Opus,8,myth_game,6,main: light_dark,0.0,0.0,5,0.0
2 GeminiPro + 3 Opus + 3 Sol,Opus,8,myth_game,6,main: nature_culture,0.0,0.0,5,0.0
2 GeminiPro + 3 Opus + 3 Sol,Opus,8,myth_game,6,main: order_chaos,0.0,0.0,5,0.0
2 GeminiPro + 3 Opus + 3 Sol,Opus,8,myth_game,6,main: other,0.0,0.0,5,0.0
2 GeminiPro + 3 Opus + 3 Sol,Opus,8,myth_game,6,main: punishment_forgiveness,0.0,0.0,5,0.0
2 GeminiPro + 3 Opus + 3 Sol,Opus,8,myth_game,6,main: scarcity_abundance,0.0,0.0,5,0.0
2 GeminiPro + 3 Opus + 3 Sol,Opus,8,myth_game,6,main: trust_fear,0.13333333333333333,0.18257418583505536,5,0.0816496580927726
2 GeminiPro + 3 Opus + 3 Sol,Opus,8,myth_game,6,mediator present,0.8666666666666666,0.18257418583505539,5,0.08164965809277261
2 GeminiPro + 3 Opus + 3 Sol,Opus,8,myth_game,6,resolution: balanced middle,0.0,0.0,5,0.0
2 GeminiPro + 3 Opus + 3 Sol,Opus,8,myth_game,6,resolution: mediated,0.8666666666666666,0.18257418583505539,5,0.08164965809277261
2 GeminiPro + 3 Opus + 3 Sol,Opus,8,myth_game,6,resolution: one pole wins,0.13333333333333333,0.18257418583505536,5,0.0816496580927726
2 GeminiPro + 3 Opus + 3 Sol,Opus,8,myth_game,6,role inversion,0.13333333333333333,0.18257418583505536,5,0.0816496580927726
2 GeminiPro + 3 Opus + 3 Sol,Opus,8,myth_game,9,any: clarity_distortion,0.2,0.18257418583505536,5,0.0816496580927726
2 GeminiPro + 3 Opus + 3 Sol,Opus,8,myth_game,9,any: cooperation_betrayal,0.2,0.18257418583505536,5,0.0816496580927726
2 GeminiPro + 3 Opus + 3 Sol,Opus,8,myth_game,9,any: giving_hoarding,0.9333333333333332,0.149071198499986,5,0.06666666666666668
2 GeminiPro + 3 Opus + 3 Sol,Opus,8,myth_game,9,any: high_low,0.0,0.0,5,0.0
2 GeminiPro + 3 Opus + 3 Sol,Opus,8,myth_game,9,any: honesty_deception,0.0,0.0,5,0.0
2 GeminiPro + 3 Opus + 3 Sol,Opus,8,myth_game,9,any: human_divine,0.0,0.0,5,0.0
2 GeminiPro + 3 Opus + 3 Sol,Opus,8,myth_game,9,any: individual_community,0.0,0.0,5,0.0
2 GeminiPro + 3 Opus + 3 Sol,Opus,8,myth_game,9,any: life_death,0.0,0.0,5,0.0
2 GeminiPro + 3 Opus + 3 Sol,Opus,8,myth_game,9,any: light_dark,0.0,0.0,5,0.0
2 GeminiPro + 3 Opus + 3 Sol,Opus,8,myth_game,9,any: nature_culture,0.0,0.0,5,0.0
2 GeminiPro + 3 Opus + 3 Sol,Opus,8,myth_game,9,any: order_chaos,0.06666666666666667,0.14907119849998596,5,0.06666666666666665
2 GeminiPro + 3 Opus + 3 Sol,Opus,8,myth_game,9,any: other,0.13333333333333333,0.18257418583505536,5,0.0816496580927726
2 GeminiPro + 3 Opus + 3 Sol,Opus,8,myth_game,9,any: punishment_forgiveness,0.5333333333333333,0.18257418583505536,5,0.0816496580927726
2 GeminiPro + 3 Opus + 3 Sol,Opus,8,myth_game,9,any: scarcity_abundance,0.13333333333333333,0.18257418583505536,5,0.0816496580927726
2 GeminiPro + 3 Opus + 3 Sol,Opus,8,myth_game,9,any: trust_fear,0.8,0.1825741858350554,5,0.08164965809277262
2 GeminiPro + 3 Opus + 3 Sol,Opus,8,myth_game,9,arc: improves,0.2,0.18257418583505536,5,0.0816496580927726
2 GeminiPro + 3 Opus + 3 Sol,Opus,8,myth_game,9,arc: restored,0.0,0.0,5,0.0
2 GeminiPro + 3 Opus + 3 Sol,Opus,8,myth_game,9,arc: stable order,0.8,0.18257418583505536,5,0.0816496580927726
2 GeminiPro + 3 Opus + 3 Sol,Opus,8,myth_game,9,column 0,0.6,0.14907119849998596,5,0.06666666666666665
2 GeminiPro + 3 Opus + 3 Sol,Opus,8,myth_game,9,column 1,0.0,0.0,5,0.0
2 GeminiPro + 3 Opus + 3 Sol,Opus,8,myth_game,9,column 10,0.4,0.14907119849998596,5,0.06666666666666665
2 GeminiPro + 3 Opus + 3 Sol,Opus,8,myth_game,9,column 11,0.2,0.18257418583505536,5,0.0816496580927726
2 GeminiPro + 3 Opus + 3 Sol,Opus,8,myth_game,9,column 12,0.0,0.0,5,0.0
2 GeminiPro + 3 Opus + 3 Sol,Opus,8,myth_game,9,column 13,0.26666666666666666,0.2788866755113585,5,0.12472191289246469
2 GeminiPro + 3 Opus + 3 Sol,Opus,8,myth_game,9,column 14,0.06666666666666667,0.14907119849998596,5,0.06666666666666665
2 GeminiPro + 3 Opus + 3 Sol,Opus,8,myth_game,9,column 15,0.13333333333333333,0.18257418583505536,5,0.0816496580927726
2 GeminiPro + 3 Opus + 3 Sol,Opus,8,myth_game,9,column 16,0.06666666666666667,0.14907119849998596,5,0.06666666666666665
2 GeminiPro + 3 Opus + 3 Sol,Opus,8,myth_game,9,column 17,0.13333333333333333,0.18257418583505536,5,0.0816496580927726
2 GeminiPro + 3 Opus + 3 Sol,Opus,8,myth_game,9,column 18,0.06666666666666667,0.14907119849998596,5,0.06666666666666665
2 GeminiPro + 3 Opus + 3 Sol,Opus,8,myth_game,9,column 19,0.19999999999999998,0.2981423969999719,5,0.1333333333333333
2 GeminiPro + 3 Opus + 3 Sol,Opus,8,myth_game,9,column 2,0.19999999999999998,0.29814239699997197,5,0.13333333333333333
2 GeminiPro + 3 Opus + 3 Sol,Opus,8,myth_game,9,column 3,0.5333333333333333,0.18257418583505536,5,0.0816496580927726
2 GeminiPro + 3 Opus + 3 Sol,Opus,8,myth_game,9,column 4,0.4,0.4346134936801766,5,0.19436506316151
2 GeminiPro + 3 Opus + 3 Sol,Opus,8,myth_game,9,column 5,0.6,0.27888667551135854,5,0.12472191289246472
2 GeminiPro + 3 Opus + 3 Sol,Opus,8,myth_game,9,column 6,0.06666666666666667,0.14907119849998596,5,0.06666666666666665
2 GeminiPro + 3 Opus + 3 Sol,Opus,8,myth_game,9,column 7,0.39999999999999997,0.2788866755113585,5,0.12472191289246469
2 GeminiPro + 3 Opus + 3 Sol,Opus,8,myth_game,9,column 8,0.06666666666666667,0.14907119849998596,5,0.06666666666666665
2 GeminiPro + 3 Opus + 3 Sol,Opus,8,myth_game,9,column 9,0.13333333333333333,0.2981423969999719,5,0.1333333333333333
2 GeminiPro + 3 Opus + 3 Sol,Opus,8,myth_game,9,main: clarity_distortion,0.06666666666666667,0.14907119849998596,5,0.06666666666666665
2 GeminiPro + 3 Opus + 3 Sol,Opus,8,myth_game,9,main: cooperation_betrayal,0.0,0.0,5,0.0
2 GeminiPro + 3 Opus + 3 Sol,Opus,8,myth_game,9,main: giving_hoarding,0.7333333333333333,0.27888667551135854,5,0.12472191289246472
2 GeminiPro + 3 Opus + 3 Sol,Opus,8,myth_game,9,main: high_low,0.0,0.0,5,0.0
2 GeminiPro + 3 Opus + 3 Sol,Opus,8,myth_game,9,main: honesty_deception,0.0,0.0,5,0.0
2 GeminiPro + 3 Opus + 3 Sol,Opus,8,myth_game,9,main: human_divine,0.0,0.0,5,0.0
2 GeminiPro + 3 Opus + 3 Sol,Opus,8,myth_game,9,main: individual_community,0.0,0.0,5,0.0
2 GeminiPro + 3 Opus + 3 Sol,Opus,8,myth_game,9,main: life_death,0.0,0.0,5,0.0
2 GeminiPro + 3 Opus + 3 Sol,Opus,8,myth_game,9,main: light_dark,0.0,0.0,5,0.0
2 GeminiPro + 3 Opus + 3 Sol,Opus,8,myth_game,9,main: nature_culture,0.0,0.0,5,0.0
2 GeminiPro + 3 Opus + 3 Sol,Opus,8,myth_game,9,main: order_chaos,0.06666666666666667,0.14907119849998596,5,0.06666666666666665
2 GeminiPro + 3 Opus + 3 Sol,Opus,8,myth_game,9,main: other,0.06666666666666667,0.14907119849998596,5,0.06666666666666665
2 GeminiPro + 3 Opus + 3 Sol,Opus,8,myth_game,9,main: punishment_forgiveness,0.0,0.0,5,0.0
2 GeminiPro + 3 Opus + 3 Sol,Opus,8,myth_game,9,main: scarcity_abundance,0.06666666666666667,0.14907119849998596,5,0.06666666666666665
2 GeminiPro + 3 Opus + 3 Sol,Opus,8,myth_game,9,main: trust_fear,0.0,0.0,5,0.0
2 GeminiPro + 3 Opus + 3 Sol,Opus,8,myth_game,9,mediator present,0.6666666666666666,0.408248290463863,5,0.18257418583505536
2 GeminiPro + 3 Opus + 3 Sol,Opus,8,myth_game,9,resolution: balanced middle,0.0,0.0,5,0.0
2 GeminiPro + 3 Opus + 3 Sol,Opus,8,myth_game,9,resolution: mediated,0.6666666666666666,0.408248290463863,5,0.18257418583505536
2 GeminiPro + 3 Opus + 3 Sol,Opus,8,myth_game,9,resolution: one pole wins,0.3333333333333333,0.408248290463863,5,0.18257418583505536
2 GeminiPro + 3 Opus + 3 Sol,Opus,8,myth_game,9,role inversion,0.0,0.0,5,0.0
2 GeminiPro + 3 Opus + 3 Sol,Opus,8,myth_game,10,any: clarity_distortion,0.26666666666666666,0.27888667551135854,5,0.12472191289246472
2 GeminiPro + 3 Opus + 3 Sol,Opus,8,myth_game,10,any: cooperation_betrayal,0.1,0.22360679774997896,5,0.09999999999999999
2 GeminiPro + 3 Opus + 3 Sol,Opus,8,myth_game,10,any: giving_hoarding,0.7666666666666666,0.22360679774997894,5,0.09999999999999998
2 GeminiPro + 3 Opus + 3 Sol,Opus,8,myth_game,10,any: high_low,0.0,0.0,5,0.0
2 GeminiPro + 3 Opus + 3 Sol,Opus,8,myth_game,10,any: honesty_deception,0.0,0.0,5,0.0
2 GeminiPro + 3 Opus + 3 Sol,Opus,8,myth_game,10,any: human_divine,0.0,0.0,5,0.0
2 GeminiPro + 3 Opus + 3 Sol,Opus,8,myth_game,10,any: individual_community,0.19999999999999998,0.29814239699997197,5,0.13333333333333333
2 GeminiPro + 3 Opus + 3 Sol,Opus,8,myth_game,10,any: life_death,0.0,0.0,5,0.0
2 GeminiPro + 3 Opus + 3 Sol,Opus,8,myth_game,10,any: light_dark,0.0,0.0,5,0.0
2 GeminiPro + 3 Opus + 3 Sol,Opus,8,myth_game,10,any: nature_culture,0.0,0.0,5,0.0
2 GeminiPro + 3 Opus + 3 Sol,Opus,8,myth_game,10,any: order_chaos,0.0,0.0,5,0.0
2 GeminiPro + 3 Opus + 3 Sol,Opus,8,myth_game,10,any: other,0.0,0.0,5,0.0
2 GeminiPro + 3 Opus + 3 Sol,Opus,8,myth_game,10,any: punishment_forgiveness,0.5,0.37267799624996495,5,0.16666666666666666
2 GeminiPro + 3 Opus + 3 Sol,Opus,8,myth_game,10,any: scarcity_abundance,0.3,0.2981423969999719,5,0.1333333333333333
2 GeminiPro + 3 Opus + 3 Sol,Opus,8,myth_game,10,any: trust_fear,0.8,0.18257418583505536,5,0.0816496580927726
2 GeminiPro + 3 Opus + 3 Sol,Opus,8,myth_game,10,arc: improves,0.36666666666666664,0.3415650255319866,5,0.15275252316519464
2 GeminiPro + 3 Opus + 3 Sol,Opus,8,myth_game,10,arc: restored,0.06666666666666667,0.14907119849998596,5,0.06666666666666665
2 GeminiPro + 3 Opus + 3 Sol,Opus,8,myth_game,10,arc: stable order,0.5666666666666667,0.27888667551135854,5,0.12472191289246472
2 GeminiPro + 3 Opus + 3 Sol,Opus,8,myth_game,10,column 0,0.36666666666666664,0.074535599249993,5,0.03333333333333334
2 GeminiPro + 3 Opus + 3 Sol,Opus,8,myth_game,10,column 1,0.06666666666666667,0.14907119849998596,5,0.06666666666666665
2 GeminiPro + 3 Opus + 3 Sol,Opus,8,myth_game,10,column 10,0.4333333333333333,0.2788866755113585,5,0.12472191289246469
2 GeminiPro + 3 Opus + 3 Sol,Opus,8,myth_game,10,column 11,0.2,0.4472135954999579,5,0.19999999999999998
2 GeminiPro + 3 Opus + 3 Sol,Opus,8,myth_game,10,column 12,0.0,0.0,5,0.0
2 GeminiPro + 3 Opus + 3 Sol,Opus,8,myth_game,10,column 13,0.36666666666666664,0.2472066162365221,5,0.11055415967851333
2 GeminiPro + 3 Opus + 3 Sol,Opus,8,myth_game,10,column 14,0.13333333333333333,0.18257418583505536,5,0.0816496580927726
2 GeminiPro + 3 Opus + 3 Sol,Opus,8,myth_game,10,column 15,0.36666666666666664,0.3415650255319866,5,0.15275252316519464
2 GeminiPro + 3 Opus + 3 Sol,Opus,8,myth_game,10,column 16,0.16666666666666666,0.23570226039551584,5,0.10540925533894598
2 GeminiPro + 3 Opus + 3 Sol,Opus,8,myth_game,10,column 17,0.13333333333333333,0.18257418583505536,5,0.0816496580927726
2 GeminiPro + 3 Opus + 3 Sol,Opus,8,myth_game,10,column 18,0.06666666666666667,0.14907119849998596,5,0.06666666666666665
2 GeminiPro + 3 Opus + 3 Sol,Opus,8,myth_game,10,column 19,0.4333333333333333,0.2788866755113585,5,0.12472191289246469
2 GeminiPro + 3 Opus + 3 Sol,Opus,8,myth_game,10,column 2,0.13333333333333333,0.2981423969999719,5,0.1333333333333333
2 GeminiPro + 3 Opus + 3 Sol,Opus,8,myth_game,10,column 3,0.4,0.3651483716701107,5,0.1632993161855452
2 GeminiPro + 3 Opus + 3 Sol,Opus,8,myth_game,10,column 4,0.26666666666666666,0.14907119849998596,5,0.06666666666666665
2 GeminiPro + 3 Opus + 3 Sol,Opus,8,myth_game,10,column 5,0.5333333333333333,0.5055250296034367,5,0.2260776661041756
2 GeminiPro + 3 Opus + 3 Sol,Opus,8,myth_game,10,column 6,0.0,0.0,5,0.0
2 GeminiPro + 3 Opus + 3 Sol,Opus,8,myth_game,10,column 7,0.3,0.18257418583505536,5,0.0816496580927726
2 GeminiPro + 3 Opus + 3 Sol,Opus,8,myth_game,10,column 8,0.0,0.0,5,0.0
2 GeminiPro + 3 Opus + 3 Sol,Opus,8,myth_game,10,column 9,0.06666666666666667,0.14907119849998596,5,0.06666666666666665
2 GeminiPro + 3 Opus + 3 Sol,Opus,8,myth_game,10,main: clarity_distortion,0.0,0.0,5,0.0
2 GeminiPro + 3 Opus + 3 Sol,Opus,8,myth_game,10,main: cooperation_betrayal,0.1,0.22360679774997896,5,0.09999999999999999
2 GeminiPro + 3 Opus + 3 Sol,Opus,8,myth_game,10,main: giving_hoarding,0.6333333333333333,0.2472066162365221,5,0.11055415967851333
2 GeminiPro + 3 Opus + 3 Sol,Opus,8,myth_game,10,main: high_low,0.0,0.0,5,0.0
2 GeminiPro + 3 Opus + 3 Sol,Opus,8,myth_game,10,main: honesty_deception,0.0,0.0,5,0.0
2 GeminiPro + 3 Opus + 3 Sol,Opus,8,myth_game,10,main: human_divine,0.0,0.0,5,0.0
2 GeminiPro + 3 Opus + 3 Sol,Opus,8,myth_game,10,main: individual_community,0.13333333333333333,0.18257418583505536,5,0.0816496580927726
2 GeminiPro + 3 Opus + 3 Sol,Opus,8,myth_game,10,main: life_death,0.0,0.0,5,0.0
2 GeminiPro + 3 Opus + 3 Sol,Opus,8,myth_game,10,main: light_dark,0.0,0.0,5,0.0
2 GeminiPro + 3 Opus + 3 Sol,Opus,8,myth_game,10,main: nature_culture,0.0,0.0,5,0.0
2 GeminiPro + 3 Opus + 3 Sol,Opus,8,myth_game,10,main: order_chaos,0.0,0.0,5,0.0
2 GeminiPro + 3 Opus + 3 Sol,Opus,8,myth_game,10,main: other,0.0,0.0,5,0.0
2 GeminiPro + 3 Opus + 3 Sol,Opus,8,myth_game,10,main: punishment_forgiveness,0.0,0.0,5,0.0
2 GeminiPro + 3 Opus + 3 Sol,Opus,8,myth_game,10,main: scarcity_abundance,0.06666666666666667,0.14907119849998596,5,0.06666666666666665
2 GeminiPro + 3 Opus + 3 Sol,Opus,8,myth_game,10,main: trust_fear,0.06666666666666667,0.14907119849998596,5,0.06666666666666665
2 GeminiPro + 3 Opus + 3 Sol,Opus,8,myth_game,10,mediator present,0.5666666666666667,0.27888667551135854,5,0.12472191289246472
2 GeminiPro + 3 Opus + 3 Sol,Opus,8,myth_game,10,resolution: balanced middle,0.0,0.0,5,0.0
2 GeminiPro + 3 Opus + 3 Sol,Opus,8,myth_game,10,resolution: mediated,0.5666666666666667,0.27888667551135854,5,0.12472191289246472
2 GeminiPro + 3 Opus + 3 Sol,Opus,8,myth_game,10,resolution: one pole wins,0.4333333333333333,0.2788866755113585,5,0.12472191289246469
2 GeminiPro + 3 Opus + 3 Sol,Opus,8,myth_game,10,role inversion,0.06666666666666667,0.14907119849998596,5,0.06666666666666665
2 GeminiPro + 3 Opus + 3 Sol,Sol,8,game_myth,1,any: clarity_distortion,0.06666666666666667,0.14907119849998596,5,0.06666666666666665
2 GeminiPro + 3 Opus + 3 Sol,Sol,8,game_myth,1,any: cooperation_betrayal,0.4666666666666666,0.18257418583505536,5,0.0816496580927726
2 GeminiPro + 3 Opus + 3 Sol,Sol,8,game_myth,1,any: giving_hoarding,0.8666666666666666,0.1825741858350554,5,0.08164965809277262
2 GeminiPro + 3 Opus + 3 Sol,Sol,8,game_myth,1,any: high_low,0.0,0.0,5,0.0
2 GeminiPro + 3 Opus + 3 Sol,Sol,8,game_myth,1,any: honesty_deception,0.0,0.0,5,0.0
2 GeminiPro + 3 Opus + 3 Sol,Sol,8,game_myth,1,any: human_divine,0.0,0.0,5,0.0
2 GeminiPro + 3 Opus + 3 Sol,Sol,8,game_myth,1,any: individual_community,0.0,0.0,5,0.0
2 GeminiPro + 3 Opus + 3 Sol,Sol,8,game_myth,1,any: life_death,0.0,0.0,5,0.0
2 GeminiPro + 3 Opus + 3 Sol,Sol,8,game_myth,1,any: light_dark,0.06666666666666667,0.14907119849998596,5,0.06666666666666665
2 GeminiPro + 3 Opus + 3 Sol,Sol,8,game_myth,1,any: nature_culture,0.0,0.0,5,0.0
2 GeminiPro + 3 Opus + 3 Sol,Sol,8,game_myth,1,any: order_chaos,0.0,0.0,5,0.0
2 GeminiPro + 3 Opus + 3 Sol,Sol,8,game_myth,1,any: other,0.13333333333333333,0.2981423969999719,5,0.1333333333333333
2 GeminiPro + 3 Opus + 3 Sol,Sol,8,game_myth,1,any: punishment_forgiveness,0.13333333333333333,0.18257418583505536,5,0.0816496580927726
2 GeminiPro + 3 Opus + 3 Sol,Sol,8,game_myth,1,any: scarcity_abundance,0.26666666666666666,0.27888667551135854,5,0.12472191289246472
2 GeminiPro + 3 Opus + 3 Sol,Sol,8,game_myth,1,any: trust_fear,1.0,0.0,5,0.0
2 GeminiPro + 3 Opus + 3 Sol,Sol,8,game_myth,1,arc: improves,0.6666666666666666,0.23570226039551584,5,0.10540925533894598
2 GeminiPro + 3 Opus + 3 Sol,Sol,8,game_myth,1,arc: restored,0.0,0.0,5,0.0
2 GeminiPro + 3 Opus + 3 Sol,Sol,8,game_myth,1,arc: stable order,0.3333333333333333,0.23570226039551584,5,0.10540925533894598
2 GeminiPro + 3 Opus + 3 Sol,Sol,8,game_myth,1,column 0,0.26666666666666666,0.27888667551135854,5,0.12472191289246472
2 GeminiPro + 3 Opus + 3 Sol,Sol,8,game_myth,1,column 1,0.13333333333333333,0.18257418583505536,5,0.0816496580927726
2 GeminiPro + 3 Opus + 3 Sol,Sol,8,game_myth,1,column 10,0.4,0.2788866755113585,5,0.12472191289246469
2 GeminiPro + 3 Opus + 3 Sol,Sol,8,game_myth,1,column 11,0.06666666666666667,0.14907119849998596,5,0.06666666666666665
2 GeminiPro + 3 Opus + 3 Sol,Sol,8,game_myth,1,column 12,0.26666666666666666,0.27888667551135854,5,0.12472191289246472
2 GeminiPro + 3 Opus + 3 Sol,Sol,8,game_myth,1,column 13,0.3333333333333333,0.23570226039551584,5,0.10540925533894598
2 GeminiPro + 3 Opus + 3 Sol,Sol,8,game_myth,1,column 14,0.2,0.2981423969999719,5,0.1333333333333333
2 GeminiPro + 3 Opus + 3 Sol,Sol,8,game_myth,1,column 15,0.13333333333333333,0.18257418583505536,5,0.0816496580927726
2 GeminiPro + 3 Opus + 3 Sol,Sol,8,game_myth,1,column 16,0.13333333333333333,0.18257418583505536,5,0.0816496580927726
2 GeminiPro + 3 Opus + 3 Sol,Sol,8,game_myth,1,column 17,0.26666666666666666,0.2788866755113585,5,0.12472191289246469
2 GeminiPro + 3 Opus + 3 Sol,Sol,8,game_myth,1,column 18,0.4666666666666666,0.29814239699997197,5,0.13333333333333333
2 GeminiPro + 3 Opus + 3 Sol,Sol,8,game_myth,1,column 19,0.06666666666666667,0.14907119849998596,5,0.06666666666666665
2 GeminiPro + 3 Opus + 3 Sol,Sol,8,game_myth,1,column 2,0.06666666666666667,0.14907119849998596,5,0.06666666666666665
2 GeminiPro + 3 Opus + 3 Sol,Sol,8,game_myth,1,column 3,0.26666666666666666,0.27888667551135854,5,0.12472191289246472
2 GeminiPro + 3 Opus + 3 Sol,Sol,8,game_myth,1,column 4,0.06666666666666667,0.14907119849998596,5,0.06666666666666665
2 GeminiPro + 3 Opus + 3 Sol,Sol,8,game_myth,1,column 5,0.4666666666666666,0.18257418583505536,5,0.0816496580927726
2 GeminiPro + 3 Opus + 3 Sol,Sol,8,game_myth,1,column 6,0.3333333333333333,0.23570226039551584,5,0.10540925533894598
2 GeminiPro + 3 Opus + 3 Sol,Sol,8,game_myth,1,column 7,0.3333333333333333,0.23570226039551584,5,0.10540925533894598
2 GeminiPro + 3 Opus + 3 Sol,Sol,8,game_myth,1,column 8,0.26666666666666666,0.27888667551135854,5,0.12472191289246472
2 GeminiPro + 3 Opus + 3 Sol,Sol,8,game_myth,1,column 9,0.3333333333333333,0.2357022603955158,5,0.10540925533894596
2 GeminiPro + 3 Opus + 3 Sol,Sol,8,game_myth,1,main: clarity_distortion,0.0,0.0,5,0.0
2 GeminiPro + 3 Opus + 3 Sol,Sol,8,game_myth,1,main: cooperation_betrayal,0.0,0.0,5,0.0
2 GeminiPro + 3 Opus + 3 Sol,Sol,8,game_myth,1,main: giving_hoarding,0.6666666666666666,0.2357022603955158,5,0.10540925533894596
2 GeminiPro + 3 Opus + 3 Sol,Sol,8,game_myth,1,main: high_low,0.0,0.0,5,0.0
2 GeminiPro + 3 Opus + 3 Sol,Sol,8,game_myth,1,main: honesty_deception,0.0,0.0,5,0.0
2 GeminiPro + 3 Opus + 3 Sol,Sol,8,game_myth,1,main: human_divine,0.0,0.0,5,0.0
2 GeminiPro + 3 Opus + 3 Sol,Sol,8,game_myth,1,main: individual_community,0.0,0.0,5,0.0
2 GeminiPro + 3 Opus + 3 Sol,Sol,8,game_myth,1,main: life_death,0.0,0.0,5,0.0
2 GeminiPro + 3 Opus + 3 Sol,Sol,8,game_myth,1,main: light_dark,0.0,0.0,5,0.0
2 GeminiPro + 3 Opus + 3 Sol,Sol,8,game_myth,1,main: nature_culture,0.0,0.0,5,0.0
2 GeminiPro + 3 Opus + 3 Sol,Sol,8,game_myth,1,main: order_chaos,0.0,0.0,5,0.0
2 GeminiPro + 3 Opus + 3 Sol,Sol,8,game_myth,1,main: other,0.06666666666666667,0.14907119849998596,5,0.06666666666666665
2 GeminiPro + 3 Opus + 3 Sol,Sol,8,game_myth,1,main: punishment_forgiveness,0.0,0.0,5,0.0
2 GeminiPro + 3 Opus + 3 Sol,Sol,8,game_myth,1,main: scarcity_abundance,0.0,0.0,5,0.0
2 GeminiPro + 3 Opus + 3 Sol,Sol,8,game_myth,1,main: trust_fear,0.26666666666666666,0.27888667551135854,5,0.12472191289246472
2 GeminiPro + 3 Opus + 3 Sol,Sol,8,game_myth,1,mediator present,0.4666666666666666,0.18257418583505536,5,0.0816496580927726
2 GeminiPro + 3 Opus + 3 Sol,Sol,8,game_myth,1,resolution: balanced middle,0.4666666666666666,0.18257418583505539,5,0.08164965809277261
2 GeminiPro + 3 Opus + 3 Sol,Sol,8,game_myth,1,resolution: mediated,0.4666666666666666,0.18257418583505536,5,0.0816496580927726
2 GeminiPro + 3 Opus + 3 Sol,Sol,8,game_myth,1,resolution: one pole wins,0.06666666666666667,0.14907119849998596,5,0.06666666666666665
2 GeminiPro + 3 Opus + 3 Sol,Sol,8,game_myth,1,role inversion,0.0,0.0,5,0.0
2 GeminiPro + 3 Opus + 3 Sol,Sol,8,game_myth,2,any: clarity_distortion,0.3333333333333333,0.408248290463863,5,0.18257418583505536
2 GeminiPro + 3 Opus + 3 Sol,Sol,8,game_myth,2,any: cooperation_betrayal,0.2,0.2981423969999719,5,0.1333333333333333
2 GeminiPro + 3 Opus + 3 Sol,Sol,8,game_myth,2,any: giving_hoarding,0.9333333333333332,0.14907119849998604,5,0.0666666666666667
2 GeminiPro + 3 Opus + 3 Sol,Sol,8,game_myth,2,any: high_low,0.0,0.0,5,0.0
2 GeminiPro + 3 Opus + 3 Sol,Sol,8,game_myth,2,any: honesty_deception,0.0,0.0,5,0.0
2 GeminiPro + 3 Opus + 3 Sol,Sol,8,game_myth,2,any: human_divine,0.0,0.0,5,0.0
2 GeminiPro + 3 Opus + 3 Sol,Sol,8,game_myth,2,any: individual_community,0.13333333333333333,0.18257418583505536,5,0.0816496580927726
2 GeminiPro + 3 Opus + 3 Sol,Sol,8,game_myth,2,any: life_death,0.0,0.0,5,0.0
2 GeminiPro + 3 Opus + 3 Sol,Sol,8,game_myth,2,any: light_dark,0.0,0.0,5,0.0
2 GeminiPro + 3 Opus + 3 Sol,Sol,8,game_myth,2,any: nature_culture,0.0,0.0,5,0.0
2 GeminiPro + 3 Opus + 3 Sol,Sol,8,game_myth,2,any: order_chaos,0.0,0.0,5,0.0
2 GeminiPro + 3 Opus + 3 Sol,Sol,8,game_myth,2,any: other,0.0,0.0,5,0.0
2 GeminiPro + 3 Opus + 3 Sol,Sol,8,game_myth,2,any: punishment_forgiveness,0.13333333333333333,0.18257418583505536,5,0.0816496580927726
2 GeminiPro + 3 Opus + 3 Sol,Sol,8,game_myth,2,any: scarcity_abundance,0.26666666666666666,0.14907119849998596,5,0.06666666666666665
2 GeminiPro + 3 Opus + 3 Sol,Sol,8,game_myth,2,any: trust_fear,1.0,0.0,5,0.0
2 GeminiPro + 3 Opus + 3 Sol,Sol,8,game_myth,2,arc: improves,0.9333333333333332,0.14907119849998599,5,0.06666666666666667
2 GeminiPro + 3 Opus + 3 Sol,Sol,8,game_myth,2,arc: restored,0.0,0.0,5,0.0
2 GeminiPro + 3 Opus + 3 Sol,Sol,8,game_myth,2,arc: stable order,0.0,0.0,5,0.0
2 GeminiPro + 3 Opus + 3 Sol,Sol,8,game_myth,2,column 0,0.2,0.2981423969999719,5,0.1333333333333333
2 GeminiPro + 3 Opus + 3 Sol,Sol,8,game_myth,2,column 1,0.2,0.2981423969999719,5,0.1333333333333333
2 GeminiPro + 3 Opus + 3 Sol,Sol,8,game_myth,2,column 10,0.3333333333333333,0.4714045207910317,5,0.21081851067789195
2 GeminiPro + 3 Opus + 3 Sol,Sol,8,game_myth,2,column 11,0.26666666666666666,0.14907119849998596,5,0.06666666666666665
2 GeminiPro + 3 Opus + 3 Sol,Sol,8,game_myth,2,column 12,0.4,0.27888667551135854,5,0.12472191289246472
2 GeminiPro + 3 Opus + 3 Sol,Sol,8,game_myth,2,column 13,0.13333333333333333,0.18257418583505536,5,0.0816496580927726
2 GeminiPro + 3 Opus + 3 Sol,Sol,8,game_myth,2,column 14,0.2,0.2981423969999719,5,0.1333333333333333
2 GeminiPro + 3 Opus + 3 Sol,Sol,8,game_myth,2,column 15,0.13333333333333333,0.18257418583505536,5,0.0816496580927726
2 GeminiPro + 3 Opus + 3 Sol,Sol,8,game_myth,2,column 16,0.06666666666666667,0.14907119849998596,5,0.06666666666666665
2 GeminiPro + 3 Opus + 3 Sol,Sol,8,game_myth,2,column 17,0.5333333333333333,0.29814239699997197,5,0.13333333333333333
2 GeminiPro + 3 Opus + 3 Sol,Sol,8,game_myth,2,column 18,0.4,0.2788866755113585,5,0.12472191289246469
2 GeminiPro + 3 Opus + 3 Sol,Sol,8,game_myth,2,column 19,0.0,0.0,5,0.0
2 GeminiPro + 3 Opus + 3 Sol,Sol,8,game_myth,2,column 2,0.0,0.0,5,0.0
2 GeminiPro + 3 Opus + 3 Sol,Sol,8,game_myth,2,column 3,0.39999999999999997,0.2788866755113585,5,0.12472191289246469
2 GeminiPro + 3 Opus + 3 Sol,Sol,8,game_myth,2,column 4,0.3333333333333333,0.408248290463863,5,0.18257418583505536
2 GeminiPro + 3 Opus + 3 Sol,Sol,8,game_myth,2,column 5,0.3333333333333333,0.23570226039551584,5,0.10540925533894598
2 GeminiPro + 3 Opus + 3 Sol,Sol,8,game_myth,2,column 6,0.26666666666666666,0.27888667551135854,5,0.12472191289246472
2 GeminiPro + 3 Opus + 3 Sol,Sol,8,game_myth,2,column 7,0.39999999999999997,0.14907119849998596,5,0.06666666666666665
2 GeminiPro + 3 Opus + 3 Sol,Sol,8,game_myth,2,column 8,0.39999999999999997,0.2788866755113585,5,0.12472191289246469
2 GeminiPro + 3 Opus + 3 Sol,Sol,8,game_myth,2,column 9,0.13333333333333333,0.18257418583505536,5,0.0816496580927726
2 GeminiPro + 3 Opus + 3 Sol,Sol,8,game_myth,2,main: clarity_distortion,0.0,0.0,5,0.0
2 GeminiPro + 3 Opus + 3 Sol,Sol,8,game_myth,2,main: cooperation_betrayal,0.0,0.0,5,0.0
2 GeminiPro + 3 Opus + 3 Sol,Sol,8,game_myth,2,main: giving_hoarding,0.7333333333333333,0.2788866755113585,5,0.12472191289246469
2 GeminiPro + 3 Opus + 3 Sol,Sol,8,game_myth,2,main: high_low,0.0,0.0,5,0.0
2 GeminiPro + 3 Opus + 3 Sol,Sol,8,game_myth,2,main: honesty_deception,0.0,0.0,5,0.0
2 GeminiPro + 3 Opus + 3 Sol,Sol,8,game_myth,2,main: human_divine,0.0,0.0,5,0.0
2 GeminiPro + 3 Opus + 3 Sol,Sol,8,game_myth,2,main: individual_community,0.0,0.0,5,0.0
2 GeminiPro + 3 Opus + 3 Sol,Sol,8,game_myth,2,main: life_death,0.0,0.0,5,0.0
2 GeminiPro + 3 Opus + 3 Sol,Sol,8,game_myth,2,main: light_dark,0.0,0.0,5,0.0
2 GeminiPro + 3 Opus + 3 Sol,Sol,8,game_myth,2,main: nature_culture,0.0,0.0,5,0.0
2 GeminiPro + 3 Opus + 3 Sol,Sol,8,game_myth,2,main: order_chaos,0.0,0.0,5,0.0
2 GeminiPro + 3 Opus + 3 Sol,Sol,8,game_myth,2,main: other,0.0,0.0,5,0.0
2 GeminiPro + 3 Opus + 3 Sol,Sol,8,game_myth,2,main: punishment_forgiveness,0.0,0.0,5,0.0
2 GeminiPro + 3 Opus + 3 Sol,Sol,8,game_myth,2,main: scarcity_abundance,0.0,0.0,5,0.0
2 GeminiPro + 3 Opus + 3 Sol,Sol,8,game_myth,2,main: trust_fear,0.26666666666666666,0.27888667551135854,5,0.12472191289246472
2 GeminiPro + 3 Opus + 3 Sol,Sol,8,game_myth,2,mediator present,0.9333333333333332,0.14907119849998599,5,0.06666666666666667
2 GeminiPro + 3 Opus + 3 Sol,Sol,8,game_myth,2,resolution: balanced middle,0.0,0.0,5,0.0
2 GeminiPro + 3 Opus + 3 Sol,Sol,8,game_myth,2,resolution: mediated,0.9333333333333332,0.14907119849998599,5,0.06666666666666667
2 GeminiPro + 3 Opus + 3 Sol,Sol,8,game_myth,2,resolution: one pole wins,0.06666666666666667,0.14907119849998596,5,0.06666666666666665
2 GeminiPro + 3 Opus + 3 Sol,Sol,8,game_myth,2,role inversion,0.0,0.0,5,0.0
2 GeminiPro + 3 Opus + 3 Sol,Sol,8,game_myth,5,any: clarity_distortion,0.4666666666666666,0.29814239699997197,5,0.13333333333333333
2 GeminiPro + 3 Opus + 3 Sol,Sol,8,game_myth,5,any: cooperation_betrayal,0.3333333333333333,0.3333333333333333,5,0.14907119849998596
2 GeminiPro + 3 Opus + 3 Sol,Sol,8,game_myth,5,any: giving_hoarding,0.8,0.18257418583505536,5,0.0816496580927726
2 GeminiPro + 3 Opus + 3 Sol,Sol,8,game_myth,5,any: high_low,0.0,0.0,5,0.0
2 GeminiPro + 3 Opus + 3 Sol,Sol,8,game_myth,5,any: honesty_deception,0.0,0.0,5,0.0
2 GeminiPro + 3 Opus + 3 Sol,Sol,8,game_myth,5,any: human_divine,0.0,0.0,5,0.0
2 GeminiPro + 3 Opus + 3 Sol,Sol,8,game_myth,5,any: individual_community,0.13333333333333333,0.18257418583505536,5,0.0816496580927726
2 GeminiPro + 3 Opus + 3 Sol,Sol,8,game_myth,5,any: life_death,0.0,0.0,5,0.0
2 GeminiPro + 3 Opus + 3 Sol,Sol,8,game_myth,5,any: light_dark,0.0,0.0,5,0.0
2 GeminiPro + 3 Opus + 3 Sol,Sol,8,game_myth,5,any: nature_culture,0.0,0.0,5,0.0
2 GeminiPro + 3 Opus + 3 Sol,Sol,8,game_myth,5,any: order_chaos,0.06666666666666667,0.14907119849998596,5,0.06666666666666665
2 GeminiPro + 3 Opus + 3 Sol,Sol,8,game_myth,5,any: other,0.0,0.0,5,0.0
2 GeminiPro + 3 Opus + 3 Sol,Sol,8,game_myth,5,any: punishment_forgiveness,0.2,0.2981423969999719,5,0.1333333333333333
2 GeminiPro + 3 Opus + 3 Sol,Sol,8,game_myth,5,any: scarcity_abundance,0.13333333333333333,0.2981423969999719,5,0.1333333333333333
2 GeminiPro + 3 Opus + 3 Sol,Sol,8,game_myth,5,any: trust_fear,0.8666666666666666,0.18257418583505536,5,0.0816496580927726
2 GeminiPro + 3 Opus + 3 Sol,Sol,8,game_myth,5,arc: improves,0.8,0.29814239699997197,5,0.13333333333333333
2 GeminiPro + 3 Opus + 3 Sol,Sol,8,game_myth,5,arc: restored,0.0,0.0,5,0.0
2 GeminiPro + 3 Opus + 3 Sol,Sol,8,game_myth,5,arc: stable order,0.2,0.2981423969999719,5,0.1333333333333333
2 GeminiPro + 3 Opus + 3 Sol,Sol,8,game_myth,5,column 0,0.2,0.18257418583505536,5,0.0816496580927726
2 GeminiPro + 3 Opus + 3 Sol,Sol,8,game_myth,5,column 1,0.3333333333333333,0.3333333333333333,5,0.14907119849998596
2 GeminiPro + 3 Opus + 3 Sol,Sol,8,game_myth,5,column 10,0.06666666666666667,0.14907119849998596,5,0.06666666666666665
2 GeminiPro + 3 Opus + 3 Sol,Sol,8,game_myth,5,column 11,0.3333333333333333,0.408248290463863,5,0.18257418583505536
2 GeminiPro + 3 Opus + 3 Sol,Sol,8,game_myth,5,column 12,0.4666666666666666,0.2981423969999719,5,0.1333333333333333
2 GeminiPro + 3 Opus + 3 Sol,Sol,8,game_myth,5,column 13,0.2,0.4472135954999579,5,0.19999999999999998
2 GeminiPro + 3 Opus + 3 Sol,Sol,8,game_myth,5,column 14,0.06666666666666667,0.14907119849998596,5,0.06666666666666665
2 GeminiPro + 3 Opus + 3 Sol,Sol,8,game_myth,5,column 15,0.06666666666666667,0.14907119849998596,5,0.06666666666666665
2 GeminiPro + 3 Opus + 3 Sol,Sol,8,game_myth,5,column 16,0.06666666666666667,0.14907119849998596,5,0.06666666666666665
2 GeminiPro + 3 Opus + 3 Sol,Sol,8,game_myth,5,column 17,0.3333333333333333,0.0,5,0.0
2 GeminiPro + 3 Opus + 3 Sol,Sol,8,game_myth,5,column 18,0.4666666666666666,0.18257418583505536,5,0.0816496580927726
2 GeminiPro + 3 Opus + 3 Sol,Sol,8,game_myth,5,column 19,0.2,0.18257418583505536,5,0.0816496580927726
2 GeminiPro + 3 Opus + 3 Sol,Sol,8,game_myth,5,column 2,0.2,0.18257418583505536,5,0.0816496580927726
2 GeminiPro + 3 Opus + 3 Sol,Sol,8,game_myth,5,column 3,0.3333333333333333,0.408248290463863,5,0.18257418583505536
2 GeminiPro + 3 Opus + 3 Sol,Sol,8,game_myth,5,column 4,0.3333333333333333,0.23570226039551584,5,0.10540925533894598
2 GeminiPro + 3 Opus + 3 Sol,Sol,8,game_myth,5,column 5,0.4666666666666666,0.18257418583505536,5,0.0816496580927726
2 GeminiPro + 3 Opus + 3 Sol,Sol,8,game_myth,5,column 6,0.2,0.18257418583505536,5,0.0816496580927726
2 GeminiPro + 3 Opus + 3 Sol,Sol,8,game_myth,5,column 7,0.4,0.3651483716701107,5,0.1632993161855452
2 GeminiPro + 3 Opus + 3 Sol,Sol,8,game_myth,5,column 8,0.13333333333333333,0.18257418583505536,5,0.0816496580927726
2 GeminiPro + 3 Opus + 3 Sol,Sol,8,game_myth,5,column 9,0.2,0.2981423969999719,5,0.1333333333333333
2 GeminiPro + 3 Opus + 3 Sol,Sol,8,game_myth,5,main: clarity_distortion,0.06666666666666667,0.14907119849998596,5,0.06666666666666665
2 GeminiPro + 3 Opus + 3 Sol,Sol,8,game_myth,5,main: cooperation_betrayal,0.0,0.0,5,0.0
2 GeminiPro + 3 Opus + 3 Sol,Sol,8,game_myth,5,main: giving_hoarding,0.5333333333333333,0.18257418583505536,5,0.0816496580927726
2 GeminiPro + 3 Opus + 3 Sol,Sol,8,game_myth,5,main: high_low,0.0,0.0,5,0.0
2 GeminiPro + 3 Opus + 3 Sol,Sol,8,game_myth,5,main: honesty_deception,0.0,0.0,5,0.0
2 GeminiPro + 3 Opus + 3 Sol,Sol,8,game_myth,5,main: human_divine,0.0,0.0,5,0.0
2 GeminiPro + 3 Opus + 3 Sol,Sol,8,game_myth,5,main: individual_community,0.06666666666666667,0.14907119849998596,5,0.06666666666666665
2 GeminiPro + 3 Opus + 3 Sol,Sol,8,game_myth,5,main: life_death,0.0,0.0,5,0.0
2 GeminiPro + 3 Opus + 3 Sol,Sol,8,game_myth,5,main: light_dark,0.0,0.0,5,0.0
2 GeminiPro + 3 Opus + 3 Sol,Sol,8,game_myth,5,main: nature_culture,0.0,0.0,5,0.0
2 GeminiPro + 3 Opus + 3 Sol,Sol,8,game_myth,5,main: order_chaos,0.0,0.0,5,0.0
2 GeminiPro + 3 Opus + 3 Sol,Sol,8,game_myth,5,main: other,0.0,0.0,5,0.0
2 GeminiPro + 3 Opus + 3 Sol,Sol,8,game_myth,5,main: punishment_forgiveness,0.0,0.0,5,0.0
2 GeminiPro + 3 Opus + 3 Sol,Sol,8,game_myth,5,main: scarcity_abundance,0.0,0.0,5,0.0
2 GeminiPro + 3 Opus + 3 Sol,Sol,8,game_myth,5,main: trust_fear,0.3333333333333333,0.23570226039551584,5,0.10540925533894598
2 GeminiPro + 3 Opus + 3 Sol,Sol,8,game_myth,5,mediator present,0.8,0.2981423969999719,5,0.1333333333333333
2 GeminiPro + 3 Opus + 3 Sol,Sol,8,game_myth,5,resolution: balanced middle,0.0,0.0,5,0.0
2 GeminiPro + 3 Opus + 3 Sol,Sol,8,game_myth,5,resolution: mediated,0.8,0.2981423969999719,5,0.1333333333333333
2 GeminiPro + 3 Opus + 3 Sol,Sol,8,game_myth,5,resolution: one pole wins,0.2,0.2981423969999719,5,0.1333333333333333
2 GeminiPro + 3 Opus + 3 Sol,Sol,8,game_myth,5,role inversion,0.0,0.0,5,0.0
2 GeminiPro + 3 Opus + 3 Sol,Sol,8,game_myth,6,any: clarity_distortion,0.39999999999999997,0.2788866755113585,5,0.12472191289246469
2 GeminiPro + 3 Opus + 3 Sol,Sol,8,game_myth,6,any: cooperation_betrayal,0.3333333333333333,0.0,5,0.0
2 GeminiPro + 3 Opus + 3 Sol,Sol,8,game_myth,6,any: giving_hoarding,0.7333333333333333,0.3651483716701107,5,0.1632993161855452
2 GeminiPro + 3 Opus + 3 Sol,Sol,8,game_myth,6,any: high_low,0.0,0.0,5,0.0
2 GeminiPro + 3 Opus + 3 Sol,Sol,8,game_myth,6,any: honesty_deception,0.06666666666666667,0.14907119849998596,5,0.06666666666666665
2 GeminiPro + 3 Opus + 3 Sol,Sol,8,game_myth,6,any: human_divine,0.0,0.0,5,0.0
2 GeminiPro + 3 Opus + 3 Sol,Sol,8,game_myth,6,any: individual_community,0.0,0.0,5,0.0
2 GeminiPro + 3 Opus + 3 Sol,Sol,8,game_myth,6,any: life_death,0.0,0.0,5,0.0
2 GeminiPro + 3 Opus + 3 Sol,Sol,8,game_myth,6,any: light_dark,0.0,0.0,5,0.0
2 GeminiPro + 3 Opus + 3 Sol,Sol,8,game_myth,6,any: nature_culture,0.0,0.0,5,0.0
2 GeminiPro + 3 Opus + 3 Sol,Sol,8,game_myth,6,any: order_chaos,0.0,0.0,5,0.0
2 GeminiPro + 3 Opus + 3 Sol,Sol,8,game_myth,6,any: other,0.13333333333333333,0.18257418583505536,5,0.0816496580927726
2 GeminiPro + 3 Opus + 3 Sol,Sol,8,game_myth,6,any: punishment_forgiveness,0.2,0.18257418583505536,5,0.0816496580927726
2 GeminiPro + 3 Opus + 3 Sol,Sol,8,game_myth,6,any: scarcity_abundance,0.2,0.18257418583505536,5,0.0816496580927726
2 GeminiPro + 3 Opus + 3 Sol,Sol,8,game_myth,6,any: trust_fear,0.9333333333333332,0.149071198499986,5,0.06666666666666668
2 GeminiPro + 3 Opus + 3 Sol,Sol,8,game_myth,6,arc: improves,0.9333333333333332,0.149071198499986,5,0.06666666666666668
2 GeminiPro + 3 Opus + 3 Sol,Sol,8,game_myth,6,arc: restored,0.0,0.0,5,0.0
2 GeminiPro + 3 Opus + 3 Sol,Sol,8,game_myth,6,arc: stable order,0.06666666666666667,0.14907119849998596,5,0.06666666666666665
2 GeminiPro + 3 Opus + 3 Sol,Sol,8,game_myth,6,column 0,0.4,0.4346134936801766,5,0.19436506316151
2 GeminiPro + 3 Opus + 3 Sol,Sol,8,game_myth,6,column 1,0.26666666666666666,0.2788866755113585,5,0.12472191289246469
2 GeminiPro + 3 Opus + 3 Sol,Sol,8,game_myth,6,column 10,0.2,0.2981423969999719,5,0.1333333333333333
2 GeminiPro + 3 Opus + 3 Sol,Sol,8,game_myth,6,column 11,0.3333333333333333,0.23570226039551584,5,0.10540925533894598
2 GeminiPro + 3 Opus + 3 Sol,Sol,8,game_myth,6,column 12,0.39999999999999997,0.2788866755113585,5,0.12472191289246469
2 GeminiPro + 3 Opus + 3 Sol,Sol,8,game_myth,6,column 13,0.2,0.18257418583505536,5,0.0816496580927726
2 GeminiPro + 3 Opus + 3 Sol,Sol,8,game_myth,6,column 14,0.13333333333333333,0.18257418583505536,5,0.0816496580927726
2 GeminiPro + 3 Opus + 3 Sol,Sol,8,game_myth,6,column 15,0.4,0.4346134936801766,5,0.19436506316151
2 GeminiPro + 3 Opus + 3 Sol,Sol,8,game_myth,6,column 16,0.06666666666666667,0.14907119849998596,5,0.06666666666666665
2 GeminiPro + 3 Opus + 3 Sol,Sol,8,game_myth,6,column 17,0.4,0.14907119849998596,5,0.06666666666666665
2 GeminiPro + 3 Opus + 3 Sol,Sol,8,game_myth,6,column 18,0.3333333333333333,0.23570226039551584,5,0.10540925533894598
2 GeminiPro + 3 Opus + 3 Sol,Sol,8,game_myth,6,column 19,0.06666666666666667,0.14907119849998596,5,0.06666666666666665
2 GeminiPro + 3 Opus + 3 Sol,Sol,8,game_myth,6,column 2,0.3333333333333333,0.408248290463863,5,0.18257418583505536
2 GeminiPro + 3 Opus + 3 Sol,Sol,8,game_myth,6,column 3,0.26666666666666666,0.27888667551135854,5,0.12472191289246472
2 GeminiPro + 3 Opus + 3 Sol,Sol,8,game_myth,6,column 4,0.39999999999999997,0.2788866755113585,5,0.12472191289246469
2 GeminiPro + 3 Opus + 3 Sol,Sol,8,game_myth,6,column 5,0.3333333333333333,0.2357022603955158,5,0.10540925533894596
2 GeminiPro + 3 Opus + 3 Sol,Sol,8,game_myth,6,column 6,0.06666666666666667,0.14907119849998596,5,0.06666666666666665
2 GeminiPro + 3 Opus + 3 Sol,Sol,8,game_myth,6,column 7,0.4,0.27888667551135854,5,0.12472191289246472
2 GeminiPro + 3 Opus + 3 Sol,Sol,8,game_myth,6,column 8,0.13333333333333333,0.2981423969999719,5,0.1333333333333333
2 GeminiPro + 3 Opus + 3 Sol,Sol,8,game_myth,6,column 9,0.2,0.18257418583505536,5,0.0816496580927726
2 GeminiPro + 3 Opus + 3 Sol,Sol,8,game_myth,6,main: clarity_distortion,0.06666666666666667,0.14907119849998596,5,0.06666666666666665
2 GeminiPro + 3 Opus + 3 Sol,Sol,8,game_myth,6,main: cooperation_betrayal,0.0,0.0,5,0.0
2 GeminiPro + 3 Opus + 3 Sol,Sol,8,game_myth,6,main: giving_hoarding,0.4666666666666666,0.380058475033046,5,0.1699673171197595
2 GeminiPro + 3 Opus + 3 Sol,Sol,8,game_myth,6,main: high_low,0.0,0.0,5,0.0
2 GeminiPro + 3 Opus + 3 Sol,Sol,8,game_myth,6,main: honesty_deception,0.0,0.0,5,0.0
2 GeminiPro + 3 Opus + 3 Sol,Sol,8,game_myth,6,main: human_divine,0.0,0.0,5,0.0
2 GeminiPro + 3 Opus + 3 Sol,Sol,8,game_myth,6,main: individual_community,0.0,0.0,5,0.0
2 GeminiPro + 3 Opus + 3 Sol,Sol,8,game_myth,6,main: life_death,0.0,0.0,5,0.0
2 GeminiPro + 3 Opus + 3 Sol,Sol,8,game_myth,6,main: light_dark,0.0,0.0,5,0.0
2 GeminiPro + 3 Opus + 3 Sol,Sol,8,game_myth,6,main: nature_culture,0.0,0.0,5,0.0
2 GeminiPro + 3 Opus + 3 Sol,Sol,8,game_myth,6,main: order_chaos,0.0,0.0,5,0.0
2 GeminiPro + 3 Opus + 3 Sol,Sol,8,game_myth,6,main: other,0.0,0.0,5,0.0
2 GeminiPro + 3 Opus + 3 Sol,Sol,8,game_myth,6,main: punishment_forgiveness,0.0,0.0,5,0.0
2 GeminiPro + 3 Opus + 3 Sol,Sol,8,game_myth,6,main: scarcity_abundance,0.0,0.0,5,0.0
2 GeminiPro + 3 Opus + 3 Sol,Sol,8,game_myth,6,main: trust_fear,0.4666666666666666,0.4472135954999579,5,0.19999999999999998
2 GeminiPro + 3 Opus + 3 Sol,Sol,8,game_myth,6,mediator present,0.8666666666666666,0.18257418583505539,5,0.08164965809277261
2 GeminiPro + 3 Opus + 3 Sol,Sol,8,game_myth,6,resolution: balanced middle,0.0,0.0,5,0.0
2 GeminiPro + 3 Opus + 3 Sol,Sol,8,game_myth,6,resolution: mediated,0.8666666666666666,0.18257418583505539,5,0.08164965809277261
2 GeminiPro + 3 Opus + 3 Sol,Sol,8,game_myth,6,resolution: one pole wins,0.13333333333333333,0.18257418583505536,5,0.0816496580927726
2 GeminiPro + 3 Opus + 3 Sol,Sol,8,game_myth,6,role inversion,0.06666666666666667,0.14907119849998596,5,0.06666666666666665
2 GeminiPro + 3 Opus + 3 Sol,Sol,8,game_myth,9,any: clarity_distortion,0.2,0.4472135954999579,5,0.19999999999999998
2 GeminiPro + 3 Opus + 3 Sol,Sol,8,game_myth,9,any: cooperation_betrayal,0.13333333333333333,0.18257418583505536,5,0.0816496580927726
2 GeminiPro + 3 Opus + 3 Sol,Sol,8,game_myth,9,any: giving_hoarding,0.9333333333333333,0.149071198499986,5,0.06666666666666668
2 GeminiPro + 3 Opus + 3 Sol,Sol,8,game_myth,9,any: high_low,0.0,0.0,5,0.0
2 GeminiPro + 3 Opus + 3 Sol,Sol,8,game_myth,9,any: honesty_deception,0.0,0.0,5,0.0
2 GeminiPro + 3 Opus + 3 Sol,Sol,8,game_myth,9,any: human_divine,0.0,0.0,5,0.0
2 GeminiPro + 3 Opus + 3 Sol,Sol,8,game_myth,9,any: individual_community,0.06666666666666667,0.14907119849998596,5,0.06666666666666665
2 GeminiPro + 3 Opus + 3 Sol,Sol,8,game_myth,9,any: life_death,0.0,0.0,5,0.0
2 GeminiPro + 3 Opus + 3 Sol,Sol,8,game_myth,9,any: light_dark,0.0,0.0,5,0.0
2 GeminiPro + 3 Opus + 3 Sol,Sol,8,game_myth,9,any: nature_culture,0.0,0.0,5,0.0
2 GeminiPro + 3 Opus + 3 Sol,Sol,8,game_myth,9,any: order_chaos,0.0,0.0,5,0.0
2 GeminiPro + 3 Opus + 3 Sol,Sol,8,game_myth,9,any: other,0.06666666666666667,0.14907119849998596,5,0.06666666666666665
2 GeminiPro + 3 Opus + 3 Sol,Sol,8,game_myth,9,any: punishment_forgiveness,0.4666666666666667,0.380058475033046,5,0.1699673171197595
2 GeminiPro + 3 Opus + 3 Sol,Sol,8,game_myth,9,any: scarcity_abundance,0.2,0.2981423969999719,5,0.1333333333333333
2 GeminiPro + 3 Opus + 3 Sol,Sol,8,game_myth,9,any: trust_fear,0.9333333333333332,0.14907119849998599,5,0.06666666666666667
2 GeminiPro + 3 Opus + 3 Sol,Sol,8,game_myth,9,arc: improves,0.8666666666666666,0.1825741858350554,5,0.08164965809277262
2 GeminiPro + 3 Opus + 3 Sol,Sol,8,game_myth,9,arc: restored,0.0,0.0,5,0.0
2 GeminiPro + 3 Opus + 3 Sol,Sol,8,game_myth,9,arc: stable order,0.13333333333333333,0.18257418583505536,5,0.0816496580927726
2 GeminiPro + 3 Opus + 3 Sol,Sol,8,game_myth,9,column 0,0.6666666666666666,0.23570226039551578,5,0.10540925533894595
2 GeminiPro + 3 Opus + 3 Sol,Sol,8,game_myth,9,column 1,0.26666666666666666,0.14907119849998596,5,0.06666666666666665
2 GeminiPro + 3 Opus + 3 Sol,Sol,8,game_myth,9,column 10,0.4666666666666666,0.29814239699997197,5,0.13333333333333333
2 GeminiPro + 3 Opus + 3 Sol,Sol,8,game_myth,9,column 11,0.13333333333333333,0.18257418583505536,5,0.0816496580927726
2 GeminiPro + 3 Opus + 3 Sol,Sol,8,game_myth,9,column 12,0.2,0.2981423969999719,5,0.1333333333333333
2 GeminiPro + 3 Opus + 3 Sol,Sol,8,game_myth,9,column 13,0.39999999999999997,0.27888667551135854,5,0.12472191289246472
2 GeminiPro + 3 Opus + 3 Sol,Sol,8,game_myth,9,column 14,0.06666666666666667,0.14907119849998596,5,0.06666666666666665
2 GeminiPro + 3 Opus + 3 Sol,Sol,8,game_myth,9,column 15,0.13333333333333333,0.18257418583505536,5,0.0816496580927726
2 GeminiPro + 3 Opus + 3 Sol,Sol,8,game_myth,9,column 16,0.2,0.18257418583505536,5,0.0816496580927726
2 GeminiPro + 3 Opus + 3 Sol,Sol,8,game_myth,9,column 17,0.0,0.0,5,0.0
2 GeminiPro + 3 Opus + 3 Sol,Sol,8,game_myth,9,column 18,0.06666666666666667,0.14907119849998596,5,0.06666666666666665
2 GeminiPro + 3 Opus + 3 Sol,Sol,8,game_myth,9,column 19,0.26666666666666666,0.27888667551135854,5,0.12472191289246472
2 GeminiPro + 3 Opus + 3 Sol,Sol,8,game_myth,9,column 2,0.4,0.4346134936801766,5,0.19436506316151
2 GeminiPro + 3 Opus + 3 Sol,Sol,8,game_myth,9,column 3,0.2,0.18257418583505536,5,0.0816496580927726
2 GeminiPro + 3 Opus + 3 Sol,Sol,8,game_myth,9,column 4,0.6,0.27888667551135854,5,0.12472191289246472
2 GeminiPro + 3 Opus + 3 Sol,Sol,8,game_myth,9,column 5,0.2,0.2981423969999719,5,0.1333333333333333
2 GeminiPro + 3 Opus + 3 Sol,Sol,8,game_myth,9,column 6,0.2,0.18257418583505536,5,0.0816496580927726
2 GeminiPro + 3 Opus + 3 Sol,Sol,8,game_myth,9,column 7,0.19999999999999998,0.2981423969999719,5,0.1333333333333333
2 GeminiPro + 3 Opus + 3 Sol,Sol,8,game_myth,9,column 8,0.06666666666666667,0.14907119849998596,5,0.06666666666666665
2 GeminiPro + 3 Opus + 3 Sol,Sol,8,game_myth,9,column 9,0.13333333333333333,0.2981423969999719,5,0.1333333333333333
2 GeminiPro + 3 Opus + 3 Sol,Sol,8,game_myth,9,main: clarity_distortion,0.0,0.0,5,0.0
2 GeminiPro + 3 Opus + 3 Sol,Sol,8,game_myth,9,main: cooperation_betrayal,0.06666666666666667,0.14907119849998596,5,0.06666666666666665
2 GeminiPro + 3 Opus + 3 Sol,Sol,8,game_myth,9,main: giving_hoarding,0.4666666666666666,0.29814239699997197,5,0.13333333333333333
2 GeminiPro + 3 Opus + 3 Sol,Sol,8,game_myth,9,main: high_low,0.0,0.0,5,0.0
2 GeminiPro + 3 Opus + 3 Sol,Sol,8,game_myth,9,main: honesty_deception,0.0,0.0,5,0.0
2 GeminiPro + 3 Opus + 3 Sol,Sol,8,game_myth,9,main: human_divine,0.0,0.0,5,0.0
2 GeminiPro + 3 Opus + 3 Sol,Sol,8,game_myth,9,main: individual_community,0.0,0.0,5,0.0
2 GeminiPro + 3 Opus + 3 Sol,Sol,8,game_myth,9,main: life_death,0.0,0.0,5,0.0
2 GeminiPro + 3 Opus + 3 Sol,Sol,8,game_myth,9,main: light_dark,0.0,0.0,5,0.0
2 GeminiPro + 3 Opus + 3 Sol,Sol,8,game_myth,9,main: nature_culture,0.0,0.0,5,0.0
2 GeminiPro + 3 Opus + 3 Sol,Sol,8,game_myth,9,main: order_chaos,0.0,0.0,5,0.0
2 GeminiPro + 3 Opus + 3 Sol,Sol,8,game_myth,9,main: other,0.0,0.0,5,0.0
2 GeminiPro + 3 Opus + 3 Sol,Sol,8,game_myth,9,main: punishment_forgiveness,0.06666666666666667,0.14907119849998596,5,0.06666666666666665
2 GeminiPro + 3 Opus + 3 Sol,Sol,8,game_myth,9,main: scarcity_abundance,0.0,0.0,5,0.0
2 GeminiPro + 3 Opus + 3 Sol,Sol,8,game_myth,9,main: trust_fear,0.4,0.27888667551135854,5,0.12472191289246472
2 GeminiPro + 3 Opus + 3 Sol,Sol,8,game_myth,9,mediator present,0.8666666666666666,0.29814239699997197,5,0.13333333333333333
2 GeminiPro + 3 Opus + 3 Sol,Sol,8,game_myth,9,resolution: balanced middle,0.0,0.0,5,0.0
2 GeminiPro + 3 Opus + 3 Sol,Sol,8,game_myth,9,resolution: mediated,0.8666666666666666,0.29814239699997197,5,0.13333333333333333
2 GeminiPro + 3 Opus + 3 Sol,Sol,8,game_myth,9,resolution: one pole wins,0.13333333333333333,0.2981423969999719,5,0.1333333333333333
2 GeminiPro + 3 Opus + 3 Sol,Sol,8,game_myth,9,role inversion,0.0,0.0,5,0.0
2 GeminiPro + 3 Opus + 3 Sol,Sol,8,game_myth,10,any: clarity_distortion,0.4,0.14907119849998599,5,0.06666666666666667
2 GeminiPro + 3 Opus + 3 Sol,Sol,8,game_myth,10,any: cooperation_betrayal,0.3333333333333333,0.23570226039551584,5,0.10540925533894598
2 GeminiPro + 3 Opus + 3 Sol,Sol,8,game_myth,10,any: giving_hoarding,0.7333333333333333,0.27888667551135854,5,0.12472191289246472
2 GeminiPro + 3 Opus + 3 Sol,Sol,8,game_myth,10,any: high_low,0.0,0.0,5,0.0
2 GeminiPro + 3 Opus + 3 Sol,Sol,8,game_myth,10,any: honesty_deception,0.0,0.0,5,0.0
2 GeminiPro + 3 Opus + 3 Sol,Sol,8,game_myth,10,any: human_divine,0.0,0.0,5,0.0
2 GeminiPro + 3 Opus + 3 Sol,Sol,8,game_myth,10,any: individual_community,0.0,0.0,5,0.0
2 GeminiPro + 3 Opus + 3 Sol,Sol,8,game_myth,10,any: life_death,0.0,0.0,5,0.0
2 GeminiPro + 3 Opus + 3 Sol,Sol,8,game_myth,10,any: light_dark,0.0,0.0,5,0.0
2 GeminiPro + 3 Opus + 3 Sol,Sol,8,game_myth,10,any: nature_culture,0.0,0.0,5,0.0
2 GeminiPro + 3 Opus + 3 Sol,Sol,8,game_myth,10,any: order_chaos,0.0,0.0,5,0.0
2 GeminiPro + 3 Opus + 3 Sol,Sol,8,game_myth,10,any: other,0.0,0.0,5,0.0
2 GeminiPro + 3 Opus + 3 Sol,Sol,8,game_myth,10,any: punishment_forgiveness,0.4,0.14907119849998596,5,0.06666666666666665
2 GeminiPro + 3 Opus + 3 Sol,Sol,8,game_myth,10,any: scarcity_abundance,0.26666666666666666,0.4346134936801766,5,0.19436506316151
2 GeminiPro + 3 Opus + 3 Sol,Sol,8,game_myth,10,any: trust_fear,0.8666666666666666,0.1825741858350554,5,0.08164965809277262
2 GeminiPro + 3 Opus + 3 Sol,Sol,8,game_myth,10,arc: improves,0.8,0.29814239699997197,5,0.13333333333333333
2 GeminiPro + 3 Opus + 3 Sol,Sol,8,game_myth,10,arc: restored,0.06666666666666667,0.14907119849998596,5,0.06666666666666665
2 GeminiPro + 3 Opus + 3 Sol,Sol,8,game_myth,10,arc: stable order,0.13333333333333333,0.2981423969999719,5,0.1333333333333333
2 GeminiPro + 3 Opus + 3 Sol,Sol,8,game_myth,10,column 0,0.5333333333333333,0.380058475033046,5,0.1699673171197595
2 GeminiPro + 3 Opus + 3 Sol,Sol,8,game_myth,10,column 1,0.4666666666666666,0.2981423969999719,5,0.1333333333333333
2 GeminiPro + 3 Opus + 3 Sol,Sol,8,game_myth,10,column 10,0.4,0.2788866755113585,5,0.12472191289246469
2 GeminiPro + 3 Opus + 3 Sol,Sol,8,game_myth,10,column 11,0.13333333333333333,0.18257418583505536,5,0.0816496580927726
2 GeminiPro + 3 Opus + 3 Sol,Sol,8,game_myth,10,column 12,0.2,0.18257418583505536,5,0.0816496580927726
2 GeminiPro + 3 Opus + 3 Sol,Sol,8,game_myth,10,column 13,0.3333333333333333,0.23570226039551584,5,0.10540925533894598
2 GeminiPro + 3 Opus + 3 Sol,Sol,8,game_myth,10,column 14,0.13333333333333333,0.18257418583505536,5,0.0816496580927726
2 GeminiPro + 3 Opus + 3 Sol,Sol,8,game_myth,10,column 15,0.3333333333333333,0.3333333333333333,5,0.14907119849998596
2 GeminiPro + 3 Opus + 3 Sol,Sol,8,game_myth,10,column 16,0.13333333333333333,0.18257418583505536,5,0.0816496580927726
2 GeminiPro + 3 Opus + 3 Sol,Sol,8,game_myth,10,column 17,0.13333333333333333,0.2981423969999719,5,0.1333333333333333
2 GeminiPro + 3 Opus + 3 Sol,Sol,8,game_myth,10,column 18,0.4666666666666666,0.29814239699997197,5,0.13333333333333333
2 GeminiPro + 3 Opus + 3 Sol,Sol,8,game_myth,10,column 19,0.06666666666666667,0.14907119849998596,5,0.06666666666666665
2 GeminiPro + 3 Opus + 3 Sol,Sol,8,game_myth,10,column 2,0.26666666666666666,0.14907119849998596,5,0.06666666666666665
2 GeminiPro + 3 Opus + 3 Sol,Sol,8,game_myth,10,column 3,0.2,0.18257418583505536,5,0.0816496580927726
2 GeminiPro + 3 Opus + 3 Sol,Sol,8,game_myth,10,column 4,0.26666666666666666,0.27888667551135854,5,0.12472191289246472
2 GeminiPro + 3 Opus + 3 Sol,Sol,8,game_myth,10,column 5,0.4,0.4346134936801766,5,0.19436506316151
2 GeminiPro + 3 Opus + 3 Sol,Sol,8,game_myth,10,column 6,0.13333333333333333,0.18257418583505536,5,0.0816496580927726
2 GeminiPro + 3 Opus + 3 Sol,Sol,8,game_myth,10,column 7,0.4666666666666666,0.18257418583505539,5,0.08164965809277261
2 GeminiPro + 3 Opus + 3 Sol,Sol,8,game_myth,10,column 8,0.26666666666666666,0.27888667551135854,5,0.12472191289246472
2 GeminiPro + 3 Opus + 3 Sol,Sol,8,game_myth,10,column 9,0.13333333333333333,0.2981423969999719,5,0.1333333333333333
2 GeminiPro + 3 Opus + 3 Sol,Sol,8,game_myth,10,main: clarity_distortion,0.0,0.0,5,0.0
2 GeminiPro + 3 Opus + 3 Sol,Sol,8,game_myth,10,main: cooperation_betrayal,0.0,0.0,5,0.0
2 GeminiPro + 3 Opus + 3 Sol,Sol,8,game_myth,10,main: giving_hoarding,0.2,0.18257418583505536,5,0.0816496580927726
2 GeminiPro + 3 Opus + 3 Sol,Sol,8,game_myth,10,main: high_low,0.0,0.0,5,0.0
2 GeminiPro + 3 Opus + 3 Sol,Sol,8,game_myth,10,main: honesty_deception,0.0,0.0,5,0.0
2 GeminiPro + 3 Opus + 3 Sol,Sol,8,game_myth,10,main: human_divine,0.0,0.0,5,0.0
2 GeminiPro + 3 Opus + 3 Sol,Sol,8,game_myth,10,main: individual_community,0.0,0.0,5,0.0
2 GeminiPro + 3 Opus + 3 Sol,Sol,8,game_myth,10,main: life_death,0.0,0.0,5,0.0
2 GeminiPro + 3 Opus + 3 Sol,Sol,8,game_myth,10,main: light_dark,0.0,0.0,5,0.0
2 GeminiPro + 3 Opus + 3 Sol,Sol,8,game_myth,10,main: nature_culture,0.0,0.0,5,0.0
2 GeminiPro + 3 Opus + 3 Sol,Sol,8,game_myth,10,main: order_chaos,0.0,0.0,5,0.0
2 GeminiPro + 3 Opus + 3 Sol,Sol,8,game_myth,10,main: other,0.0,0.0,5,0.0
2 GeminiPro + 3 Opus + 3 Sol,Sol,8,game_myth,10,main: punishment_forgiveness,0.13333333333333333,0.18257418583505536,5,0.0816496580927726
2 GeminiPro + 3 Opus + 3 Sol,Sol,8,game_myth,10,main: scarcity_abundance,0.13333333333333333,0.18257418583505536,5,0.0816496580927726
2 GeminiPro + 3 Opus + 3 Sol,Sol,8,game_myth,10,main: trust_fear,0.5333333333333333,0.380058475033046,5,0.1699673171197595
2 GeminiPro + 3 Opus + 3 Sol,Sol,8,game_myth,10,mediator present,0.8666666666666666,0.18257418583505536,5,0.0816496580927726
2 GeminiPro + 3 Opus + 3 Sol,Sol,8,game_myth,10,resolution: balanced middle,0.0,0.0,5,0.0
2 GeminiPro + 3 Opus + 3 Sol,Sol,8,game_myth,10,resolution: mediated,0.8666666666666666,0.18257418583505536,5,0.0816496580927726
2 GeminiPro + 3 Opus + 3 Sol,Sol,8,game_myth,10,resolution: one pole wins,0.13333333333333333,0.18257418583505536,5,0.0816496580927726
2 GeminiPro + 3 Opus + 3 Sol,Sol,8,game_myth,10,role inversion,0.06666666666666667,0.14907119849998596,5,0.06666666666666665
2 GeminiPro + 3 Opus + 3 Sol,Sol,8,myth_game,1,any: clarity_distortion,0.0,0.0,5,0.0
2 GeminiPro + 3 Opus + 3 Sol,Sol,8,myth_game,1,any: cooperation_betrayal,0.6666666666666666,0.23570226039551584,5,0.10540925533894598
2 GeminiPro + 3 Opus + 3 Sol,Sol,8,myth_game,1,any: giving_hoarding,0.9333333333333332,0.14907119849998604,5,0.0666666666666667
2 GeminiPro + 3 Opus + 3 Sol,Sol,8,myth_game,1,any: high_low,0.0,0.0,5,0.0
2 GeminiPro + 3 Opus + 3 Sol,Sol,8,myth_game,1,any: honesty_deception,0.0,0.0,5,0.0
2 GeminiPro + 3 Opus + 3 Sol,Sol,8,myth_game,1,any: human_divine,0.0,0.0,5,0.0
2 GeminiPro + 3 Opus + 3 Sol,Sol,8,myth_game,1,any: individual_community,0.0,0.0,5,0.0
2 GeminiPro + 3 Opus + 3 Sol,Sol,8,myth_game,1,any: life_death,0.0,0.0,5,0.0
2 GeminiPro + 3 Opus + 3 Sol,Sol,8,myth_game,1,any: light_dark,0.0,0.0,5,0.0
2 GeminiPro + 3 Opus + 3 Sol,Sol,8,myth_game,1,any: nature_culture,0.0,0.0,5,0.0
2 GeminiPro + 3 Opus + 3 Sol,Sol,8,myth_game,1,any: order_chaos,0.0,0.0,5,0.0
2 GeminiPro + 3 Opus + 3 Sol,Sol,8,myth_game,1,any: other,0.0,0.0,5,0.0
2 GeminiPro + 3 Opus + 3 Sol,Sol,8,myth_game,1,any: punishment_forgiveness,0.13333333333333333,0.18257418583505536,5,0.0816496580927726
2 GeminiPro + 3 Opus + 3 Sol,Sol,8,myth_game,1,any: scarcity_abundance,0.3333333333333333,0.3333333333333333,5,0.14907119849998596
2 GeminiPro + 3 Opus + 3 Sol,Sol,8,myth_game,1,any: trust_fear,0.9333333333333333,0.149071198499986,5,0.06666666666666668
2 GeminiPro + 3 Opus + 3 Sol,Sol,8,myth_game,1,arc: improves,0.8666666666666666,0.18257418583505539,5,0.08164965809277261
2 GeminiPro + 3 Opus + 3 Sol,Sol,8,myth_game,1,arc: restored,0.06666666666666667,0.14907119849998596,5,0.06666666666666665
2 GeminiPro + 3 Opus + 3 Sol,Sol,8,myth_game,1,arc: stable order,0.0,0.0,5,0.0
2 GeminiPro + 3 Opus + 3 Sol,Sol,8,myth_game,1,column 0,0.26666666666666666,0.14907119849998596,5,0.06666666666666665
2 GeminiPro + 3 Opus + 3 Sol,Sol,8,myth_game,1,column 1,0.3333333333333333,0.408248290463863,5,0.18257418583505536
2 GeminiPro + 3 Opus + 3 Sol,Sol,8,myth_game,1,column 10,0.6,0.3651483716701107,5,0.1632993161855452
2 GeminiPro + 3 Opus + 3 Sol,Sol,8,myth_game,1,column 11,0.06666666666666667,0.14907119849998596,5,0.06666666666666665
2 GeminiPro + 3 Opus + 3 Sol,Sol,8,myth_game,1,column 12,0.3333333333333333,0.23570226039551584,5,0.10540925533894598
2 GeminiPro + 3 Opus + 3 Sol,Sol,8,myth_game,1,column 13,0.13333333333333333,0.18257418583505536,5,0.0816496580927726
2 GeminiPro + 3 Opus + 3 Sol,Sol,8,myth_game,1,column 14,0.39999999999999997,0.14907119849998596,5,0.06666666666666665
2 GeminiPro + 3 Opus + 3 Sol,Sol,8,myth_game,1,column 15,0.3333333333333333,0.23570226039551584,5,0.10540925533894598
2 GeminiPro + 3 Opus + 3 Sol,Sol,8,myth_game,1,column 16,0.0,0.0,5,0.0
2 GeminiPro + 3 Opus + 3 Sol,Sol,8,myth_game,1,column 17,0.13333333333333333,0.18257418583505536,5,0.0816496580927726
2 GeminiPro + 3 Opus + 3 Sol,Sol,8,myth_game,1,column 18,0.39999999999999997,0.27888667551135854,5,0.12472191289246472
2 GeminiPro + 3 Opus + 3 Sol,Sol,8,myth_game,1,column 19,0.06666666666666667,0.14907119849998596,5,0.06666666666666665
2 GeminiPro + 3 Opus + 3 Sol,Sol,8,myth_game,1,column 2,0.0,0.0,5,0.0
2 GeminiPro + 3 Opus + 3 Sol,Sol,8,myth_game,1,column 3,0.26666666666666666,0.14907119849998596,5,0.06666666666666665
2 GeminiPro + 3 Opus + 3 Sol,Sol,8,myth_game,1,column 4,0.3333333333333333,0.23570226039551584,5,0.10540925533894598
2 GeminiPro + 3 Opus + 3 Sol,Sol,8,myth_game,1,column 5,0.3333333333333333,0.23570226039551584,5,0.10540925533894598
2 GeminiPro + 3 Opus + 3 Sol,Sol,8,myth_game,1,column 6,0.4666666666666667,0.380058475033046,5,0.1699673171197595
2 GeminiPro + 3 Opus + 3 Sol,Sol,8,myth_game,1,column 7,0.3333333333333333,0.0,5,0.0
2 GeminiPro + 3 Opus + 3 Sol,Sol,8,myth_game,1,column 8,0.26666666666666666,0.27888667551135854,5,0.12472191289246472
2 GeminiPro + 3 Opus + 3 Sol,Sol,8,myth_game,1,column 9,0.13333333333333333,0.18257418583505536,5,0.0816496580927726
2 GeminiPro + 3 Opus + 3 Sol,Sol,8,myth_game,1,main: clarity_distortion,0.0,0.0,5,0.0
2 GeminiPro + 3 Opus + 3 Sol,Sol,8,myth_game,1,main: cooperation_betrayal,0.06666666666666667,0.14907119849998596,5,0.06666666666666665
2 GeminiPro + 3 Opus + 3 Sol,Sol,8,myth_game,1,main: giving_hoarding,0.6,0.27888667551135854,5,0.12472191289246472
2 GeminiPro + 3 Opus + 3 Sol,Sol,8,myth_game,1,main: high_low,0.0,0.0,5,0.0
2 GeminiPro + 3 Opus + 3 Sol,Sol,8,myth_game,1,main: honesty_deception,0.0,0.0,5,0.0
2 GeminiPro + 3 Opus + 3 Sol,Sol,8,myth_game,1,main: human_divine,0.0,0.0,5,0.0
2 GeminiPro + 3 Opus + 3 Sol,Sol,8,myth_game,1,main: individual_community,0.0,0.0,5,0.0
2 GeminiPro + 3 Opus + 3 Sol,Sol,8,myth_game,1,main: life_death,0.0,0.0,5,0.0
2 GeminiPro + 3 Opus + 3 Sol,Sol,8,myth_game,1,main: light_dark,0.0,0.0,5,0.0
2 GeminiPro + 3 Opus + 3 Sol,Sol,8,myth_game,1,main: nature_culture,0.0,0.0,5,0.0
2 GeminiPro + 3 Opus + 3 Sol,Sol,8,myth_game,1,main: order_chaos,0.0,0.0,5,0.0
2 GeminiPro + 3 Opus + 3 Sol,Sol,8,myth_game,1,main: other,0.0,0.0,5,0.0
2 GeminiPro + 3 Opus + 3 Sol,Sol,8,myth_game,1,main: punishment_forgiveness,0.0,0.0,5,0.0
2 GeminiPro + 3 Opus + 3 Sol,Sol,8,myth_game,1,main: scarcity_abundance,0.0,0.0,5,0.0
2 GeminiPro + 3 Opus + 3 Sol,Sol,8,myth_game,1,main: trust_fear,0.3333333333333333,0.23570226039551584,5,0.10540925533894598
2 GeminiPro + 3 Opus + 3 Sol,Sol,8,myth_game,1,mediator present,1.0,0.0,5,0.0
2 GeminiPro + 3 Opus + 3 Sol,Sol,8,myth_game,1,resolution: balanced middle,0.06666666666666667,0.14907119849998596,5,0.06666666666666665
2 GeminiPro + 3 Opus + 3 Sol,Sol,8,myth_game,1,resolution: mediated,0.9333333333333332,0.149071198499986,5,0.06666666666666668
2 GeminiPro + 3 Opus + 3 Sol,Sol,8,myth_game,1,resolution: one pole wins,0.0,0.0,5,0.0
2 GeminiPro + 3 Opus + 3 Sol,Sol,8,myth_game,1,role inversion,0.06666666666666667,0.14907119849998596,5,0.06666666666666665
2 GeminiPro + 3 Opus + 3 Sol,Sol,8,myth_game,2,any: clarity_distortion,0.13333333333333333,0.2981423969999719,5,0.1333333333333333
2 GeminiPro + 3 Opus + 3 Sol,Sol,8,myth_game,2,any: cooperation_betrayal,0.5333333333333333,0.18257418583505536,5,0.0816496580927726
2 GeminiPro + 3 Opus + 3 Sol,Sol,8,myth_game,2,any: giving_hoarding,0.7333333333333333,0.3651483716701107,5,0.1632993161855452
2 GeminiPro + 3 Opus + 3 Sol,Sol,8,myth_game,2,any: high_low,0.0,0.0,5,0.0
2 GeminiPro + 3 Opus + 3 Sol,Sol,8,myth_game,2,any: honesty_deception,0.06666666666666667,0.14907119849998596,5,0.06666666666666665
2 GeminiPro + 3 Opus + 3 Sol,Sol,8,myth_game,2,any: human_divine,0.0,0.0,5,0.0
2 GeminiPro + 3 Opus + 3 Sol,Sol,8,myth_game,2,any: individual_community,0.2,0.18257418583505536,5,0.0816496580927726
2 GeminiPro + 3 Opus + 3 Sol,Sol,8,myth_game,2,any: life_death,0.0,0.0,5,0.0
2 GeminiPro + 3 Opus + 3 Sol,Sol,8,myth_game,2,any: light_dark,0.0,0.0,5,0.0
2 GeminiPro + 3 Opus + 3 Sol,Sol,8,myth_game,2,any: nature_culture,0.0,0.0,5,0.0
2 GeminiPro + 3 Opus + 3 Sol,Sol,8,myth_game,2,any: order_chaos,0.0,0.0,5,0.0
2 GeminiPro + 3 Opus + 3 Sol,Sol,8,myth_game,2,any: other,0.0,0.0,5,0.0
2 GeminiPro + 3 Opus + 3 Sol,Sol,8,myth_game,2,any: punishment_forgiveness,0.2,0.2981423969999719,5,0.1333333333333333
2 GeminiPro + 3 Opus + 3 Sol,Sol,8,myth_game,2,any: scarcity_abundance,0.13333333333333333,0.18257418583505536,5,0.0816496580927726
2 GeminiPro + 3 Opus + 3 Sol,Sol,8,myth_game,2,any: trust_fear,1.0,0.0,5,0.0
2 GeminiPro + 3 Opus + 3 Sol,Sol,8,myth_game,2,arc: improves,0.6666666666666666,0.408248290463863,5,0.18257418583505536
2 GeminiPro + 3 Opus + 3 Sol,Sol,8,myth_game,2,arc: restored,0.0,0.0,5,0.0
2 GeminiPro + 3 Opus + 3 Sol,Sol,8,myth_game,2,arc: stable order,0.3333333333333333,0.408248290463863,5,0.18257418583505536
2 GeminiPro + 3 Opus + 3 Sol,Sol,8,myth_game,2,column 0,0.2,0.18257418583505536,5,0.0816496580927726
2 GeminiPro + 3 Opus + 3 Sol,Sol,8,myth_game,2,column 1,0.4666666666666666,0.4472135954999579,5,0.19999999999999998
2 GeminiPro + 3 Opus + 3 Sol,Sol,8,myth_game,2,column 10,0.13333333333333333,0.18257418583505536,5,0.0816496580927726
2 GeminiPro + 3 Opus + 3 Sol,Sol,8,myth_game,2,column 11,0.13333333333333333,0.2981423969999719,5,0.1333333333333333
2 GeminiPro + 3 Opus + 3 Sol,Sol,8,myth_game,2,column 12,0.4,0.3651483716701107,5,0.1632993161855452
2 GeminiPro + 3 Opus + 3 Sol,Sol,8,myth_game,2,column 13,0.19999999999999998,0.29814239699997197,5,0.13333333333333333
2 GeminiPro + 3 Opus + 3 Sol,Sol,8,myth_game,2,column 14,0.3333333333333333,0.3333333333333333,5,0.14907119849998596
2 GeminiPro + 3 Opus + 3 Sol,Sol,8,myth_game,2,column 15,0.3333333333333333,0.408248290463863,5,0.18257418583505536
2 GeminiPro + 3 Opus + 3 Sol,Sol,8,myth_game,2,column 16,0.2,0.18257418583505536,5,0.0816496580927726
2 GeminiPro + 3 Opus + 3 Sol,Sol,8,myth_game,2,column 17,0.13333333333333333,0.18257418583505536,5,0.0816496580927726
2 GeminiPro + 3 Opus + 3 Sol,Sol,8,myth_game,2,column 18,0.26666666666666666,0.14907119849998596,5,0.06666666666666665
2 GeminiPro + 3 Opus + 3 Sol,Sol,8,myth_game,2,column 19,0.0,0.0,5,0.0
2 GeminiPro + 3 Opus + 3 Sol,Sol,8,myth_game,2,column 2,0.3333333333333333,0.3333333333333333,5,0.14907119849998596
2 GeminiPro + 3 Opus + 3 Sol,Sol,8,myth_game,2,column 3,0.3333333333333333,0.3333333333333333,5,0.14907119849998596
2 GeminiPro + 3 Opus + 3 Sol,Sol,8,myth_game,2,column 4,0.4,0.14907119849998596,5,0.06666666666666665
2 GeminiPro + 3 Opus + 3 Sol,Sol,8,myth_game,2,column 5,0.26666666666666666,0.27888667551135854,5,0.12472191289246472
2 GeminiPro + 3 Opus + 3 Sol,Sol,8,myth_game,2,column 6,0.4666666666666666,0.18257418583505536,5,0.0816496580927726
2 GeminiPro + 3 Opus + 3 Sol,Sol,8,myth_game,2,column 7,0.26666666666666666,0.3651483716701107,5,0.1632993161855452
2 GeminiPro + 3 Opus + 3 Sol,Sol,8,myth_game,2,column 8,0.2,0.2981423969999719,5,0.1333333333333333
2 GeminiPro + 3 Opus + 3 Sol,Sol,8,myth_game,2,column 9,0.3333333333333333,0.23570226039551584,5,0.10540925533894598
2 GeminiPro + 3 Opus + 3 Sol,Sol,8,myth_game,2,main: clarity_distortion,0.0,0.0,5,0.0
2 GeminiPro + 3 Opus + 3 Sol,Sol,8,myth_game,2,main: cooperation_betrayal,0.13333333333333333,0.18257418583505536,5,0.0816496580927726
2 GeminiPro + 3 Opus + 3 Sol,Sol,8,myth_game,2,main: giving_hoarding,0.6666666666666666,0.3333333333333333,5,0.14907119849998596
2 GeminiPro + 3 Opus + 3 Sol,Sol,8,myth_game,2,main: high_low,0.0,0.0,5,0.0
2 GeminiPro + 3 Opus + 3 Sol,Sol,8,myth_game,2,main: honesty_deception,0.0,0.0,5,0.0
2 GeminiPro + 3 Opus + 3 Sol,Sol,8,myth_game,2,main: human_divine,0.0,0.0,5,0.0
2 GeminiPro + 3 Opus + 3 Sol,Sol,8,myth_game,2,main: individual_community,0.0,0.0,5,0.0
2 GeminiPro + 3 Opus + 3 Sol,Sol,8,myth_game,2,main: life_death,0.0,0.0,5,0.0
2 GeminiPro + 3 Opus + 3 Sol,Sol,8,myth_game,2,main: light_dark,0.0,0.0,5,0.0
2 GeminiPro + 3 Opus + 3 Sol,Sol,8,myth_game,2,main: nature_culture,0.0,0.0,5,0.0
2 GeminiPro + 3 Opus + 3 Sol,Sol,8,myth_game,2,main: order_chaos,0.0,0.0,5,0.0
2 GeminiPro + 3 Opus + 3 Sol,Sol,8,myth_game,2,main: other,0.0,0.0,5,0.0
2 GeminiPro + 3 Opus + 3 Sol,Sol,8,myth_game,2,main: punishment_forgiveness,0.0,0.0,5,0.0
2 GeminiPro + 3 Opus + 3 Sol,Sol,8,myth_game,2,main: scarcity_abundance,0.0,0.0,5,0.0
2 GeminiPro + 3 Opus + 3 Sol,Sol,8,myth_game,2,main: trust_fear,0.2,0.18257418583505536,5,0.0816496580927726
2 GeminiPro + 3 Opus + 3 Sol,Sol,8,myth_game,2,mediator present,0.8666666666666666,0.18257418583505539,5,0.08164965809277261
2 GeminiPro + 3 Opus + 3 Sol,Sol,8,myth_game,2,resolution: balanced middle,0.2,0.18257418583505536,5,0.0816496580927726
2 GeminiPro + 3 Opus + 3 Sol,Sol,8,myth_game,2,resolution: mediated,0.8,0.18257418583505536,5,0.0816496580927726
2 GeminiPro + 3 Opus + 3 Sol,Sol,8,myth_game,2,resolution: one pole wins,0.0,0.0,5,0.0
2 GeminiPro + 3 Opus + 3 Sol,Sol,8,myth_game,2,role inversion,0.0,0.0,5,0.0
2 GeminiPro + 3 Opus + 3 Sol,Sol,8,myth_game,5,any: clarity_distortion,0.3333333333333333,0.23570226039551584,5,0.10540925533894598
2 GeminiPro + 3 Opus + 3 Sol,Sol,8,myth_game,5,any: cooperation_betrayal,0.26666666666666666,0.27888667551135854,5,0.12472191289246472
2 GeminiPro + 3 Opus + 3 Sol,Sol,8,myth_game,5,any: giving_hoarding,0.8666666666666666,0.18257418583505539,5,0.08164965809277261
2 GeminiPro + 3 Opus + 3 Sol,Sol,8,myth_game,5,any: high_low,0.0,0.0,5,0.0
2 GeminiPro + 3 Opus + 3 Sol,Sol,8,myth_game,5,any: honesty_deception,0.0,0.0,5,0.0
2 GeminiPro + 3 Opus + 3 Sol,Sol,8,myth_game,5,any: human_divine,0.0,0.0,5,0.0
2 GeminiPro + 3 Opus + 3 Sol,Sol,8,myth_game,5,any: individual_community,0.06666666666666667,0.14907119849998596,5,0.06666666666666665
2 GeminiPro + 3 Opus + 3 Sol,Sol,8,myth_game,5,any: life_death,0.06666666666666667,0.14907119849998596,5,0.06666666666666665
2 GeminiPro + 3 Opus + 3 Sol,Sol,8,myth_game,5,any: light_dark,0.0,0.0,5,0.0
2 GeminiPro + 3 Opus + 3 Sol,Sol,8,myth_game,5,any: nature_culture,0.0,0.0,5,0.0
2 GeminiPro + 3 Opus + 3 Sol,Sol,8,myth_game,5,any: order_chaos,0.0,0.0,5,0.0
2 GeminiPro + 3 Opus + 3 Sol,Sol,8,myth_game,5,any: other,0.06666666666666667,0.14907119849998596,5,0.06666666666666665
2 GeminiPro + 3 Opus + 3 Sol,Sol,8,myth_game,5,any: punishment_forgiveness,0.5333333333333333,0.29814239699997197,5,0.13333333333333333
2 GeminiPro + 3 Opus + 3 Sol,Sol,8,myth_game,5,any: scarcity_abundance,0.0,0.0,5,0.0
2 GeminiPro + 3 Opus + 3 Sol,Sol,8,myth_game,5,any: trust_fear,0.8,0.1825741858350554,5,0.08164965809277262
2 GeminiPro + 3 Opus + 3 Sol,Sol,8,myth_game,5,arc: improves,0.7333333333333333,0.27888667551135854,5,0.12472191289246472
2 GeminiPro + 3 Opus + 3 Sol,Sol,8,myth_game,5,arc: restored,0.06666666666666667,0.14907119849998596,5,0.06666666666666665
2 GeminiPro + 3 Opus + 3 Sol,Sol,8,myth_game,5,arc: stable order,0.2,0.2981423969999719,5,0.1333333333333333
2 GeminiPro + 3 Opus + 3 Sol,Sol,8,myth_game,5,column 0,0.4666666666666666,0.29814239699997197,5,0.13333333333333333
2 GeminiPro + 3 Opus + 3 Sol,Sol,8,myth_game,5,column 1,0.26666666666666666,0.14907119849998596,5,0.06666666666666665
2 GeminiPro + 3 Opus + 3 Sol,Sol,8,myth_game,5,column 10,0.2,0.18257418583505536,5,0.0816496580927726
2 GeminiPro + 3 Opus + 3 Sol,Sol,8,myth_game,5,column 11,0.3333333333333333,0.23570226039551584,5,0.10540925533894598
2 GeminiPro + 3 Opus + 3 Sol,Sol,8,myth_game,5,column 12,0.2,0.18257418583505536,5,0.0816496580927726
2 GeminiPro + 3 Opus + 3 Sol,Sol,8,myth_game,5,column 13,0.06666666666666667,0.14907119849998596,5,0.06666666666666665
2 GeminiPro + 3 Opus + 3 Sol,Sol,8,myth_game,5,column 14,0.2,0.2981423969999719,5,0.1333333333333333
2 GeminiPro + 3 Opus + 3 Sol,Sol,8,myth_game,5,column 15,0.4666666666666666,0.2981423969999719,5,0.1333333333333333
2 GeminiPro + 3 Opus + 3 Sol,Sol,8,myth_game,5,column 16,0.13333333333333333,0.18257418583505536,5,0.0816496580927726
2 GeminiPro + 3 Opus + 3 Sol,Sol,8,myth_game,5,column 17,0.13333333333333333,0.18257418583505536,5,0.0816496580927726
2 GeminiPro + 3 Opus + 3 Sol,Sol,8,myth_game,5,column 18,0.4666666666666666,0.29814239699997197,5,0.13333333333333333
2 GeminiPro + 3 Opus + 3 Sol,Sol,8,myth_game,5,column 19,0.06666666666666667,0.14907119849998596,5,0.06666666666666665
2 GeminiPro + 3 Opus + 3 Sol,Sol,8,myth_game,5,column 2,0.26666666666666666,0.27888667551135854,5,0.12472191289246472
2 GeminiPro + 3 Opus + 3 Sol,Sol,8,myth_game,5,column 3,0.26666666666666666,0.27888667551135854,5,0.12472191289246472
2 GeminiPro + 3 Opus + 3 Sol,Sol,8,myth_game,5,column 4,0.4666666666666666,0.18257418583505539,5,0.08164965809277261
2 GeminiPro + 3 Opus + 3 Sol,Sol,8,myth_game,5,column 5,0.3333333333333333,0.23570226039551584,5,0.10540925533894598
2 GeminiPro + 3 Opus + 3 Sol,Sol,8,myth_game,5,column 6,0.4,0.36514837167011077,5,0.16329931618554522
2 GeminiPro + 3 Opus + 3 Sol,Sol,8,myth_game,5,column 7,0.13333333333333333,0.18257418583505536,5,0.0816496580927726
2 GeminiPro + 3 Opus + 3 Sol,Sol,8,myth_game,5,column 8,0.19999999999999998,0.2981423969999719,5,0.1333333333333333
2 GeminiPro + 3 Opus + 3 Sol,Sol,8,myth_game,5,column 9,0.13333333333333333,0.18257418583505536,5,0.0816496580927726
2 GeminiPro + 3 Opus + 3 Sol,Sol,8,myth_game,5,main: clarity_distortion,0.06666666666666667,0.14907119849998596,5,0.06666666666666665
2 GeminiPro + 3 Opus + 3 Sol,Sol,8,myth_game,5,main: cooperation_betrayal,0.0,0.0,5,0.0
2 GeminiPro + 3 Opus + 3 Sol,Sol,8,myth_game,5,main: giving_hoarding,0.4666666666666666,0.38005847503304596,5,0.16996731711975946
2 GeminiPro + 3 Opus + 3 Sol,Sol,8,myth_game,5,main: high_low,0.0,0.0,5,0.0
2 GeminiPro + 3 Opus + 3 Sol,Sol,8,myth_game,5,main: honesty_deception,0.0,0.0,5,0.0
2 GeminiPro + 3 Opus + 3 Sol,Sol,8,myth_game,5,main: human_divine,0.0,0.0,5,0.0
2 GeminiPro + 3 Opus + 3 Sol,Sol,8,myth_game,5,main: individual_community,0.0,0.0,5,0.0
2 GeminiPro + 3 Opus + 3 Sol,Sol,8,myth_game,5,main: life_death,0.0,0.0,5,0.0
2 GeminiPro + 3 Opus + 3 Sol,Sol,8,myth_game,5,main: light_dark,0.0,0.0,5,0.0
2 GeminiPro + 3 Opus + 3 Sol,Sol,8,myth_game,5,main: nature_culture,0.0,0.0,5,0.0
2 GeminiPro + 3 Opus + 3 Sol,Sol,8,myth_game,5,main: order_chaos,0.0,0.0,5,0.0
2 GeminiPro + 3 Opus + 3 Sol,Sol,8,myth_game,5,main: other,0.0,0.0,5,0.0
2 GeminiPro + 3 Opus + 3 Sol,Sol,8,myth_game,5,main: punishment_forgiveness,0.0,0.0,5,0.0
2 GeminiPro + 3 Opus + 3 Sol,Sol,8,myth_game,5,main: scarcity_abundance,0.0,0.0,5,0.0
2 GeminiPro + 3 Opus + 3 Sol,Sol,8,myth_game,5,main: trust_fear,0.4666666666666666,0.380058475033046,5,0.1699673171197595
2 GeminiPro + 3 Opus + 3 Sol,Sol,8,myth_game,5,mediator present,0.8666666666666666,0.1825741858350554,5,0.08164965809277262
2 GeminiPro + 3 Opus + 3 Sol,Sol,8,myth_game,5,resolution: balanced middle,0.0,0.0,5,0.0
2 GeminiPro + 3 Opus + 3 Sol,Sol,8,myth_game,5,resolution: mediated,0.8666666666666666,0.1825741858350554,5,0.08164965809277262
2 GeminiPro + 3 Opus + 3 Sol,Sol,8,myth_game,5,resolution: one pole wins,0.13333333333333333,0.18257418583505536,5,0.0816496580927726
2 GeminiPro + 3 Opus + 3 Sol,Sol,8,myth_game,5,role inversion,0.0,0.0,5,0.0
2 GeminiPro + 3 Opus + 3 Sol,Sol,8,myth_game,6,any: clarity_distortion,0.26666666666666666,0.14907119849998596,5,0.06666666666666665
2 GeminiPro + 3 Opus + 3 Sol,Sol,8,myth_game,6,any: cooperation_betrayal,0.26666666666666666,0.3651483716701107,5,0.1632993161855452
2 GeminiPro + 3 Opus + 3 Sol,Sol,8,myth_game,6,any: giving_hoarding,0.7333333333333333,0.27888667551135854,5,0.12472191289246472
2 GeminiPro + 3 Opus + 3 Sol,Sol,8,myth_game,6,any: high_low,0.0,0.0,5,0.0
2 GeminiPro + 3 Opus + 3 Sol,Sol,8,myth_game,6,any: honesty_deception,0.0,0.0,5,0.0
2 GeminiPro + 3 Opus + 3 Sol,Sol,8,myth_game,6,any: human_divine,0.0,0.0,5,0.0
2 GeminiPro + 3 Opus + 3 Sol,Sol,8,myth_game,6,any: individual_community,0.06666666666666667,0.14907119849998596,5,0.06666666666666665
2 GeminiPro + 3 Opus + 3 Sol,Sol,8,myth_game,6,any: life_death,0.06666666666666667,0.14907119849998596,5,0.06666666666666665
2 GeminiPro + 3 Opus + 3 Sol,Sol,8,myth_game,6,any: light_dark,0.0,0.0,5,0.0
2 GeminiPro + 3 Opus + 3 Sol,Sol,8,myth_game,6,any: nature_culture,0.0,0.0,5,0.0
2 GeminiPro + 3 Opus + 3 Sol,Sol,8,myth_game,6,any: order_chaos,0.0,0.0,5,0.0
2 GeminiPro + 3 Opus + 3 Sol,Sol,8,myth_game,6,any: other,0.06666666666666667,0.14907119849998596,5,0.06666666666666665
2 GeminiPro + 3 Opus + 3 Sol,Sol,8,myth_game,6,any: punishment_forgiveness,0.4666666666666666,0.2981423969999719,5,0.1333333333333333
2 GeminiPro + 3 Opus + 3 Sol,Sol,8,myth_game,6,any: scarcity_abundance,0.13333333333333333,0.18257418583505536,5,0.0816496580927726
2 GeminiPro + 3 Opus + 3 Sol,Sol,8,myth_game,6,any: trust_fear,0.9333333333333332,0.14907119849998604,5,0.0666666666666667
2 GeminiPro + 3 Opus + 3 Sol,Sol,8,myth_game,6,arc: improves,0.8666666666666666,0.2981423969999719,5,0.1333333333333333
2 GeminiPro + 3 Opus + 3 Sol,Sol,8,myth_game,6,arc: restored,0.13333333333333333,0.2981423969999719,5,0.1333333333333333
2 GeminiPro + 3 Opus + 3 Sol,Sol,8,myth_game,6,arc: stable order,0.0,0.0,5,0.0
2 GeminiPro + 3 Opus + 3 Sol,Sol,8,myth_game,6,column 0,0.4666666666666666,0.38005847503304596,5,0.16996731711975946
2 GeminiPro + 3 Opus + 3 Sol,Sol,8,myth_game,6,column 1,0.2,0.18257418583505536,5,0.0816496580927726
2 GeminiPro + 3 Opus + 3 Sol,Sol,8,myth_game,6,column 10,0.13333333333333333,0.2981423969999719,5,0.1333333333333333
2 GeminiPro + 3 Opus + 3 Sol,Sol,8,myth_game,6,column 11,0.3333333333333333,0.408248290463863,5,0.18257418583505536
2 GeminiPro + 3 Opus + 3 Sol,Sol,8,myth_game,6,column 12,0.3333333333333333,0.23570226039551584,5,0.10540925533894598
2 GeminiPro + 3 Opus + 3 Sol,Sol,8,myth_game,6,column 13,0.26666666666666666,0.3651483716701107,5,0.1632993161855452
2 GeminiPro + 3 Opus + 3 Sol,Sol,8,myth_game,6,column 14,0.06666666666666667,0.14907119849998596,5,0.06666666666666665
2 GeminiPro + 3 Opus + 3 Sol,Sol,8,myth_game,6,column 15,0.06666666666666667,0.14907119849998596,5,0.06666666666666665
2 GeminiPro + 3 Opus + 3 Sol,Sol,8,myth_game,6,column 16,0.3333333333333333,0.0,5,0.0
2 GeminiPro + 3 Opus + 3 Sol,Sol,8,myth_game,6,column 17,0.13333333333333333,0.18257418583505536,5,0.0816496580927726
2 GeminiPro + 3 Opus + 3 Sol,Sol,8,myth_game,6,column 18,0.26666666666666666,0.2788866755113585,5,0.12472191289246469
2 GeminiPro + 3 Opus + 3 Sol,Sol,8,myth_game,6,column 19,0.2,0.18257418583505536,5,0.0816496580927726
2 GeminiPro + 3 Opus + 3 Sol,Sol,8,myth_game,6,column 2,0.4666666666666667,0.380058475033046,5,0.1699673171197595
2 GeminiPro + 3 Opus + 3 Sol,Sol,8,myth_game,6,column 3,0.4666666666666666,0.380058475033046,5,0.1699673171197595
2 GeminiPro + 3 Opus + 3 Sol,Sol,8,myth_game,6,column 4,0.6,0.27888667551135854,5,0.12472191289246472
2 GeminiPro + 3 Opus + 3 Sol,Sol,8,myth_game,6,column 5,0.4,0.3651483716701107,5,0.1632993161855452
2 GeminiPro + 3 Opus + 3 Sol,Sol,8,myth_game,6,column 6,0.26666666666666666,0.14907119849998596,5,0.06666666666666665
2 GeminiPro + 3 Opus + 3 Sol,Sol,8,myth_game,6,column 7,0.2,0.18257418583505536,5,0.0816496580927726
2 GeminiPro + 3 Opus + 3 Sol,Sol,8,myth_game,6,column 8,0.13333333333333333,0.18257418583505536,5,0.0816496580927726
2 GeminiPro + 3 Opus + 3 Sol,Sol,8,myth_game,6,column 9,0.3333333333333333,0.3333333333333333,5,0.14907119849998596
2 GeminiPro + 3 Opus + 3 Sol,Sol,8,myth_game,6,main: clarity_distortion,0.0,0.0,5,0.0
2 GeminiPro + 3 Opus + 3 Sol,Sol,8,myth_game,6,main: cooperation_betrayal,0.0,0.0,5,0.0
2 GeminiPro + 3 Opus + 3 Sol,Sol,8,myth_game,6,main: giving_hoarding,0.4666666666666666,0.380058475033046,5,0.1699673171197595
2 GeminiPro + 3 Opus + 3 Sol,Sol,8,myth_game,6,main: high_low,0.0,0.0,5,0.0
2 GeminiPro + 3 Opus + 3 Sol,Sol,8,myth_game,6,main: honesty_deception,0.0,0.0,5,0.0
2 GeminiPro + 3 Opus + 3 Sol,Sol,8,myth_game,6,main: human_divine,0.0,0.0,5,0.0
2 GeminiPro + 3 Opus + 3 Sol,Sol,8,myth_game,6,main: individual_community,0.0,0.0,5,0.0
2 GeminiPro + 3 Opus + 3 Sol,Sol,8,myth_game,6,main: life_death,0.0,0.0,5,0.0
2 GeminiPro + 3 Opus + 3 Sol,Sol,8,myth_game,6,main: light_dark,0.0,0.0,5,0.0
2 GeminiPro + 3 Opus + 3 Sol,Sol,8,myth_game,6,main: nature_culture,0.0,0.0,5,0.0
2 GeminiPro + 3 Opus + 3 Sol,Sol,8,myth_game,6,main: order_chaos,0.0,0.0,5,0.0
2 GeminiPro + 3 Opus + 3 Sol,Sol,8,myth_game,6,main: other,0.06666666666666667,0.14907119849998596,5,0.06666666666666665
2 GeminiPro + 3 Opus + 3 Sol,Sol,8,myth_game,6,main: punishment_forgiveness,0.0,0.0,5,0.0
2 GeminiPro + 3 Opus + 3 Sol,Sol,8,myth_game,6,main: scarcity_abundance,0.0,0.0,5,0.0
2 GeminiPro + 3 Opus + 3 Sol,Sol,8,myth_game,6,main: trust_fear,0.4666666666666666,0.4472135954999579,5,0.19999999999999998
2 GeminiPro + 3 Opus + 3 Sol,Sol,8,myth_game,6,mediator present,0.9333333333333332,0.14907119849998604,5,0.0666666666666667
2 GeminiPro + 3 Opus + 3 Sol,Sol,8,myth_game,6,resolution: balanced middle,0.0,0.0,5,0.0
2 GeminiPro + 3 Opus + 3 Sol,Sol,8,myth_game,6,resolution: mediated,0.9333333333333332,0.14907119849998604,5,0.0666666666666667
2 GeminiPro + 3 Opus + 3 Sol,Sol,8,myth_game,6,resolution: one pole wins,0.06666666666666667,0.14907119849998596,5,0.06666666666666665
2 GeminiPro + 3 Opus + 3 Sol,Sol,8,myth_game,6,role inversion,0.0,0.0,5,0.0
2 GeminiPro + 3 Opus + 3 Sol,Sol,8,myth_game,9,any: clarity_distortion,0.26666666666666666,0.27888667551135854,5,0.12472191289246472
2 GeminiPro + 3 Opus + 3 Sol,Sol,8,myth_game,9,any: cooperation_betrayal,0.13333333333333333,0.18257418583505536,5,0.0816496580927726
2 GeminiPro + 3 Opus + 3 Sol,Sol,8,myth_game,9,any: giving_hoarding,0.8,0.2981423969999719,5,0.1333333333333333
2 GeminiPro + 3 Opus + 3 Sol,Sol,8,myth_game,9,any: high_low,0.0,0.0,5,0.0
2 GeminiPro + 3 Opus + 3 Sol,Sol,8,myth_game,9,any: honesty_deception,0.0,0.0,5,0.0
2 GeminiPro + 3 Opus + 3 Sol,Sol,8,myth_game,9,any: human_divine,0.0,0.0,5,0.0
2 GeminiPro + 3 Opus + 3 Sol,Sol,8,myth_game,9,any: individual_community,0.13333333333333333,0.2981423969999719,5,0.1333333333333333
2 GeminiPro + 3 Opus + 3 Sol,Sol,8,myth_game,9,any: life_death,0.0,0.0,5,0.0
2 GeminiPro + 3 Opus + 3 Sol,Sol,8,myth_game,9,any: light_dark,0.0,0.0,5,0.0
2 GeminiPro + 3 Opus + 3 Sol,Sol,8,myth_game,9,any: nature_culture,0.0,0.0,5,0.0
2 GeminiPro + 3 Opus + 3 Sol,Sol,8,myth_game,9,any: order_chaos,0.0,0.0,5,0.0
2 GeminiPro + 3 Opus + 3 Sol,Sol,8,myth_game,9,any: other,0.0,0.0,5,0.0
2 GeminiPro + 3 Opus + 3 Sol,Sol,8,myth_game,9,any: punishment_forgiveness,0.6,0.4346134936801766,5,0.19436506316151
2 GeminiPro + 3 Opus + 3 Sol,Sol,8,myth_game,9,any: scarcity_abundance,0.26666666666666666,0.27888667551135854,5,0.12472191289246472
2 GeminiPro + 3 Opus + 3 Sol,Sol,8,myth_game,9,any: trust_fear,0.7333333333333333,0.2788866755113585,5,0.12472191289246469
2 GeminiPro + 3 Opus + 3 Sol,Sol,8,myth_game,9,arc: improves,0.8,0.29814239699997197,5,0.13333333333333333
2 GeminiPro + 3 Opus + 3 Sol,Sol,8,myth_game,9,arc: restored,0.13333333333333333,0.2981423969999719,5,0.1333333333333333
2 GeminiPro + 3 Opus + 3 Sol,Sol,8,myth_game,9,arc: stable order,0.06666666666666667,0.14907119849998596,5,0.06666666666666665
2 GeminiPro + 3 Opus + 3 Sol,Sol,8,myth_game,9,column 0,0.4666666666666666,0.380058475033046,5,0.1699673171197595
2 GeminiPro + 3 Opus + 3 Sol,Sol,8,myth_game,9,column 1,0.3333333333333333,0.23570226039551584,5,0.10540925533894598
2 GeminiPro + 3 Opus + 3 Sol,Sol,8,myth_game,9,column 10,0.4666666666666666,0.18257418583505536,5,0.0816496580927726
2 GeminiPro + 3 Opus + 3 Sol,Sol,8,myth_game,9,column 11,0.2,0.18257418583505536,5,0.0816496580927726
2 GeminiPro + 3 Opus + 3 Sol,Sol,8,myth_game,9,column 12,0.13333333333333333,0.18257418583505536,5,0.0816496580927726
2 GeminiPro + 3 Opus + 3 Sol,Sol,8,myth_game,9,column 13,0.06666666666666667,0.14907119849998596,5,0.06666666666666665
2 GeminiPro + 3 Opus + 3 Sol,Sol,8,myth_game,9,column 14,0.0,0.0,5,0.0
2 GeminiPro + 3 Opus + 3 Sol,Sol,8,myth_game,9,column 15,0.13333333333333333,0.18257418583505536,5,0.0816496580927726
2 GeminiPro + 3 Opus + 3 Sol,Sol,8,myth_game,9,column 16,0.26666666666666666,0.14907119849998596,5,0.06666666666666665
2 GeminiPro + 3 Opus + 3 Sol,Sol,8,myth_game,9,column 17,0.13333333333333333,0.18257418583505536,5,0.0816496580927726
2 GeminiPro + 3 Opus + 3 Sol,Sol,8,myth_game,9,column 18,0.13333333333333333,0.18257418583505536,5,0.0816496580927726
2 GeminiPro + 3 Opus + 3 Sol,Sol,8,myth_game,9,column 19,0.2,0.18257418583505536,5,0.0816496580927726
2 GeminiPro + 3 Opus + 3 Sol,Sol,8,myth_game,9,column 2,0.26666666666666666,0.27888667551135854,5,0.12472191289246472
2 GeminiPro + 3 Opus + 3 Sol,Sol,8,myth_game,9,column 3,0.26666666666666666,0.2788866755113585,5,0.12472191289246469
2 GeminiPro + 3 Opus + 3 Sol,Sol,8,myth_game,9,column 4,0.6666666666666666,0.23570226039551584,5,0.10540925533894598
2 GeminiPro + 3 Opus + 3 Sol,Sol,8,myth_game,9,column 5,0.5333333333333333,0.2981423969999719,5,0.1333333333333333
2 GeminiPro + 3 Opus + 3 Sol,Sol,8,myth_game,9,column 6,0.13333333333333333,0.18257418583505536,5,0.0816496580927726
2 GeminiPro + 3 Opus + 3 Sol,Sol,8,myth_game,9,column 7,0.3333333333333333,0.23570226039551584,5,0.10540925533894598
2 GeminiPro + 3 Opus + 3 Sol,Sol,8,myth_game,9,column 8,0.3333333333333333,0.3333333333333333,5,0.14907119849998596
2 GeminiPro + 3 Opus + 3 Sol,Sol,8,myth_game,9,column 9,0.0,0.0,5,0.0
2 GeminiPro + 3 Opus + 3 Sol,Sol,8,myth_game,9,main: clarity_distortion,0.0,0.0,5,0.0
2 GeminiPro + 3 Opus + 3 Sol,Sol,8,myth_game,9,main: cooperation_betrayal,0.06666666666666667,0.14907119849998596,5,0.06666666666666665
2 GeminiPro + 3 Opus + 3 Sol,Sol,8,myth_game,9,main: giving_hoarding,0.6,0.27888667551135854,5,0.12472191289246472
2 GeminiPro + 3 Opus + 3 Sol,Sol,8,myth_game,9,main: high_low,0.0,0.0,5,0.0
2 GeminiPro + 3 Opus + 3 Sol,Sol,8,myth_game,9,main: honesty_deception,0.0,0.0,5,0.0
2 GeminiPro + 3 Opus + 3 Sol,Sol,8,myth_game,9,main: human_divine,0.0,0.0,5,0.0
2 GeminiPro + 3 Opus + 3 Sol,Sol,8,myth_game,9,main: individual_community,0.0,0.0,5,0.0
2 GeminiPro + 3 Opus + 3 Sol,Sol,8,myth_game,9,main: life_death,0.0,0.0,5,0.0
2 GeminiPro + 3 Opus + 3 Sol,Sol,8,myth_game,9,main: light_dark,0.0,0.0,5,0.0
2 GeminiPro + 3 Opus + 3 Sol,Sol,8,myth_game,9,main: nature_culture,0.0,0.0,5,0.0
2 GeminiPro + 3 Opus + 3 Sol,Sol,8,myth_game,9,main: order_chaos,0.0,0.0,5,0.0
2 GeminiPro + 3 Opus + 3 Sol,Sol,8,myth_game,9,main: other,0.0,0.0,5,0.0
2 GeminiPro + 3 Opus + 3 Sol,Sol,8,myth_game,9,main: punishment_forgiveness,0.06666666666666667,0.14907119849998596,5,0.06666666666666665
2 GeminiPro + 3 Opus + 3 Sol,Sol,8,myth_game,9,main: scarcity_abundance,0.0,0.0,5,0.0
2 GeminiPro + 3 Opus + 3 Sol,Sol,8,myth_game,9,main: trust_fear,0.26666666666666666,0.2788866755113585,5,0.12472191289246469
2 GeminiPro + 3 Opus + 3 Sol,Sol,8,myth_game,9,mediator present,0.9333333333333332,0.14907119849998604,5,0.0666666666666667
2 GeminiPro + 3 Opus + 3 Sol,Sol,8,myth_game,9,resolution: balanced middle,0.0,0.0,5,0.0
2 GeminiPro + 3 Opus + 3 Sol,Sol,8,myth_game,9,resolution: mediated,0.9333333333333332,0.14907119849998604,5,0.0666666666666667
2 GeminiPro + 3 Opus + 3 Sol,Sol,8,myth_game,9,resolution: one pole wins,0.06666666666666667,0.14907119849998596,5,0.06666666666666665
2 GeminiPro + 3 Opus + 3 Sol,Sol,8,myth_game,9,role inversion,0.13333333333333333,0.18257418583505536,5,0.0816496580927726
2 GeminiPro + 3 Opus + 3 Sol,Sol,8,myth_game,10,any: clarity_distortion,0.13333333333333333,0.18257418583505536,5,0.0816496580927726
2 GeminiPro + 3 Opus + 3 Sol,Sol,8,myth_game,10,any: cooperation_betrayal,0.2,0.18257418583505536,5,0.0816496580927726
2 GeminiPro + 3 Opus + 3 Sol,Sol,8,myth_game,10,any: giving_hoarding,0.9333333333333332,0.14907119849998604,5,0.0666666666666667
2 GeminiPro + 3 Opus + 3 Sol,Sol,8,myth_game,10,any: high_low,0.0,0.0,5,0.0
2 GeminiPro + 3 Opus + 3 Sol,Sol,8,myth_game,10,any: honesty_deception,0.0,0.0,5,0.0
2 GeminiPro + 3 Opus + 3 Sol,Sol,8,myth_game,10,any: human_divine,0.0,0.0,5,0.0
2 GeminiPro + 3 Opus + 3 Sol,Sol,8,myth_game,10,any: individual_community,0.06666666666666667,0.14907119849998596,5,0.06666666666666665
2 GeminiPro + 3 Opus + 3 Sol,Sol,8,myth_game,10,any: life_death,0.0,0.0,5,0.0
2 GeminiPro + 3 Opus + 3 Sol,Sol,8,myth_game,10,any: light_dark,0.0,0.0,5,0.0
2 GeminiPro + 3 Opus + 3 Sol,Sol,8,myth_game,10,any: nature_culture,0.0,0.0,5,0.0
2 GeminiPro + 3 Opus + 3 Sol,Sol,8,myth_game,10,any: order_chaos,0.0,0.0,5,0.0
2 GeminiPro + 3 Opus + 3 Sol,Sol,8,myth_game,10,any: other,0.0,0.0,5,0.0
2 GeminiPro + 3 Opus + 3 Sol,Sol,8,myth_game,10,any: punishment_forgiveness,0.5333333333333333,0.29814239699997197,5,0.13333333333333333
2 GeminiPro + 3 Opus + 3 Sol,Sol,8,myth_game,10,any: scarcity_abundance,0.13333333333333333,0.18257418583505536,5,0.0816496580927726
2 GeminiPro + 3 Opus + 3 Sol,Sol,8,myth_game,10,any: trust_fear,1.0,0.0,5,0.0
2 GeminiPro + 3 Opus + 3 Sol,Sol,8,myth_game,10,arc: improves,0.7333333333333333,0.149071198499986,5,0.06666666666666668
2 GeminiPro + 3 Opus + 3 Sol,Sol,8,myth_game,10,arc: restored,0.13333333333333333,0.18257418583505536,5,0.0816496580927726
2 GeminiPro + 3 Opus + 3 Sol,Sol,8,myth_game,10,arc: stable order,0.13333333333333333,0.18257418583505536,5,0.0816496580927726
2 GeminiPro + 3 Opus + 3 Sol,Sol,8,myth_game,10,column 0,0.3333333333333333,0.3333333333333333,5,0.14907119849998596
2 GeminiPro + 3 Opus + 3 Sol,Sol,8,myth_game,10,column 1,0.3333333333333333,0.3333333333333333,5,0.14907119849998596
2 GeminiPro + 3 Opus + 3 Sol,Sol,8,myth_game,10,column 10,0.4,0.27888667551135854,5,0.12472191289246472
2 GeminiPro + 3 Opus + 3 Sol,Sol,8,myth_game,10,column 11,0.3333333333333333,0.0,5,0.0
2 GeminiPro + 3 Opus + 3 Sol,Sol,8,myth_game,10,column 12,0.26666666666666666,0.4346134936801766,5,0.19436506316151
2 GeminiPro + 3 Opus + 3 Sol,Sol,8,myth_game,10,column 13,0.06666666666666667,0.14907119849998596,5,0.06666666666666665
2 GeminiPro + 3 Opus + 3 Sol,Sol,8,myth_game,10,column 14,0.06666666666666667,0.14907119849998596,5,0.06666666666666665
2 GeminiPro + 3 Opus + 3 Sol,Sol,8,myth_game,10,column 15,0.13333333333333333,0.18257418583505536,5,0.0816496580927726
2 GeminiPro + 3 Opus + 3 Sol,Sol,8,myth_game,10,column 16,0.06666666666666667,0.14907119849998596,5,0.06666666666666665
2 GeminiPro + 3 Opus + 3 Sol,Sol,8,myth_game,10,column 17,0.2,0.18257418583505536,5,0.0816496580927726
2 GeminiPro + 3 Opus + 3 Sol,Sol,8,myth_game,10,column 18,0.26666666666666666,0.2788866755113585,5,0.12472191289246469
2 GeminiPro + 3 Opus + 3 Sol,Sol,8,myth_game,10,column 19,0.13333333333333333,0.18257418583505536,5,0.0816496580927726
2 GeminiPro + 3 Opus + 3 Sol,Sol,8,myth_game,10,column 2,0.4,0.14907119849998596,5,0.06666666666666665
2 GeminiPro + 3 Opus + 3 Sol,Sol,8,myth_game,10,column 3,0.5333333333333333,0.380058475033046,5,0.1699673171197595
2 GeminiPro + 3 Opus + 3 Sol,Sol,8,myth_game,10,column 4,0.7333333333333333,0.27888667551135854,5,0.12472191289246472
2 GeminiPro + 3 Opus + 3 Sol,Sol,8,myth_game,10,column 5,0.39999999999999997,0.27888667551135854,5,0.12472191289246472
2 GeminiPro + 3 Opus + 3 Sol,Sol,8,myth_game,10,column 6,0.06666666666666667,0.14907119849998596,5,0.06666666666666665
2 GeminiPro + 3 Opus + 3 Sol,Sol,8,myth_game,10,column 7,0.4,0.14907119849998599,5,0.06666666666666667
2 GeminiPro + 3 Opus + 3 Sol,Sol,8,myth_game,10,column 8,0.26666666666666666,0.4346134936801766,5,0.19436506316151
2 GeminiPro + 3 Opus + 3 Sol,Sol,8,myth_game,10,column 9,0.0,0.0,5,0.0
2 GeminiPro + 3 Opus + 3 Sol,Sol,8,myth_game,10,main: clarity_distortion,0.0,0.0,5,0.0
2 GeminiPro + 3 Opus + 3 Sol,Sol,8,myth_game,10,main: cooperation_betrayal,0.06666666666666667,0.14907119849998596,5,0.06666666666666665
2 GeminiPro + 3 Opus + 3 Sol,Sol,8,myth_game,10,main: giving_hoarding,0.4666666666666666,0.18257418583505536,5,0.0816496580927726
2 GeminiPro + 3 Opus + 3 Sol,Sol,8,myth_game,10,main: high_low,0.0,0.0,5,0.0
2 GeminiPro + 3 Opus + 3 Sol,Sol,8,myth_game,10,main: honesty_deception,0.0,0.0,5,0.0
2 GeminiPro + 3 Opus + 3 Sol,Sol,8,myth_game,10,main: human_divine,0.0,0.0,5,0.0
2 GeminiPro + 3 Opus + 3 Sol,Sol,8,myth_game,10,main: individual_community,0.0,0.0,5,0.0
2 GeminiPro + 3 Opus + 3 Sol,Sol,8,myth_game,10,main: life_death,0.0,0.0,5,0.0
2 GeminiPro + 3 Opus + 3 Sol,Sol,8,myth_game,10,main: light_dark,0.0,0.0,5,0.0
2 GeminiPro + 3 Opus + 3 Sol,Sol,8,myth_game,10,main: nature_culture,0.0,0.0,5,0.0
2 GeminiPro + 3 Opus + 3 Sol,Sol,8,myth_game,10,main: order_chaos,0.0,0.0,5,0.0
2 GeminiPro + 3 Opus + 3 Sol,Sol,8,myth_game,10,main: other,0.0,0.0,5,0.0
2 GeminiPro + 3 Opus + 3 Sol,Sol,8,myth_game,10,main: punishment_forgiveness,0.0,0.0,5,0.0
2 GeminiPro + 3 Opus + 3 Sol,Sol,8,myth_game,10,main: scarcity_abundance,0.0,0.0,5,0.0
2 GeminiPro + 3 Opus + 3 Sol,Sol,8,myth_game,10,main: trust_fear,0.4666666666666666,0.18257418583505536,5,0.0816496580927726
2 GeminiPro + 3 Opus + 3 Sol,Sol,8,myth_game,10,mediator present,0.6666666666666666,0.47140452079103173,5,0.21081851067789198
2 GeminiPro + 3 Opus + 3 Sol,Sol,8,myth_game,10,resolution: balanced middle,0.0,0.0,5,0.0
2 GeminiPro + 3 Opus + 3 Sol,Sol,8,myth_game,10,resolution: mediated,0.6666666666666666,0.47140452079103173,5,0.21081851067789198
2 GeminiPro + 3 Opus + 3 Sol,Sol,8,myth_game,10,resolution: one pole wins,0.3333333333333333,0.4714045207910317,5,0.21081851067789195
2 GeminiPro + 3 Opus + 3 Sol,Sol,8,myth_game,10,role inversion,0.13333333333333333,0.18257418583505536,5,0.0816496580927726
GeminiPro+Sol,GeminiPro,2,game_myth,1,any: clarity_distortion,0.3333333333333333,0.5163977794943223,6,0.210818510677892
GeminiPro+Sol,GeminiPro,2,game_myth,1,any: cooperation_betrayal,0.16666666666666666,0.408248290463863,6,0.16666666666666669
GeminiPro+Sol,GeminiPro,2,game_myth,1,any: giving_hoarding,1.0,0.0,6,0.0
GeminiPro+Sol,GeminiPro,2,game_myth,1,any: high_low,0.16666666666666666,0.408248290463863,6,0.16666666666666669
GeminiPro+Sol,GeminiPro,2,game_myth,1,any: honesty_deception,0.0,0.0,6,0.0
GeminiPro+Sol,GeminiPro,2,game_myth,1,any: human_divine,0.0,0.0,6,0.0
GeminiPro+Sol,GeminiPro,2,game_myth,1,any: individual_community,0.0,0.0,6,0.0
GeminiPro+Sol,GeminiPro,2,game_myth,1,any: life_death,0.0,0.0,6,0.0
GeminiPro+Sol,GeminiPro,2,game_myth,1,any: light_dark,0.16666666666666666,0.408248290463863,6,0.16666666666666669
GeminiPro+Sol,GeminiPro,2,game_myth,1,any: nature_culture,0.0,0.0,6,0.0
GeminiPro+Sol,GeminiPro,2,game_myth,1,any: order_chaos,0.0,0.0,6,0.0
GeminiPro+Sol,GeminiPro,2,game_myth,1,any: other,0.0,0.0,6,0.0
GeminiPro+Sol,GeminiPro,2,game_myth,1,any: punishment_forgiveness,0.0,0.0,6,0.0
GeminiPro+Sol,GeminiPro,2,game_myth,1,any: scarcity_abundance,0.3333333333333333,0.5163977794943223,6,0.210818510677892
GeminiPro+Sol,GeminiPro,2,game_myth,1,any: trust_fear,0.8333333333333334,0.408248290463863,6,0.16666666666666669
GeminiPro+Sol,GeminiPro,2,game_myth,1,arc: improves,0.8333333333333334,0.408248290463863,6,0.16666666666666669
GeminiPro+Sol,GeminiPro,2,game_myth,1,arc: restored,0.0,0.0,6,0.0
GeminiPro+Sol,GeminiPro,2,game_myth,1,arc: stable order,0.0,0.0,6,0.0
GeminiPro+Sol,GeminiPro,2,game_myth,1,column 0,0.16666666666666666,0.408248290463863,6,0.16666666666666669
GeminiPro+Sol,GeminiPro,2,game_myth,1,column 1,0.3333333333333333,0.5163977794943223,6,0.210818510677892
GeminiPro+Sol,GeminiPro,2,game_myth,1,column 10,0.16666666666666666,0.408248290463863,6,0.16666666666666669
GeminiPro+Sol,GeminiPro,2,game_myth,1,column 11,0.16666666666666666,0.408248290463863,6,0.16666666666666669
GeminiPro+Sol,GeminiPro,2,game_myth,1,column 12,0.3333333333333333,0.5163977794943223,6,0.210818510677892
GeminiPro+Sol,GeminiPro,2,game_myth,1,column 13,0.16666666666666666,0.408248290463863,6,0.16666666666666669
GeminiPro+Sol,GeminiPro,2,game_myth,1,column 14,0.0,0.0,6,0.0
GeminiPro+Sol,GeminiPro,2,game_myth,1,column 15,0.16666666666666666,0.408248290463863,6,0.16666666666666669
GeminiPro+Sol,GeminiPro,2,game_myth,1,column 16,0.16666666666666666,0.408248290463863,6,0.16666666666666669
GeminiPro+Sol,GeminiPro,2,game_myth,1,column 17,0.0,0.0,6,0.0
GeminiPro+Sol,GeminiPro,2,game_myth,1,column 18,0.8333333333333334,0.408248290463863,6,0.16666666666666669
GeminiPro+Sol,GeminiPro,2,game_myth,1,column 19,0.0,0.0,6,0.0
GeminiPro+Sol,GeminiPro,2,game_myth,1,column 2,0.16666666666666666,0.408248290463863,6,0.16666666666666669
GeminiPro+Sol,GeminiPro,2,game_myth,1,column 3,0.0,0.0,6,0.0
GeminiPro+Sol,GeminiPro,2,game_myth,1,column 4,0.6666666666666666,0.5163977794943222,6,0.21081851067789195
GeminiPro+Sol,GeminiPro,2,game_myth,1,column 5,0.16666666666666666,0.408248290463863,6,0.16666666666666669
GeminiPro+Sol,GeminiPro,2,game_myth,1,column 6,0.16666666666666666,0.408248290463863,6,0.16666666666666669
GeminiPro+Sol,GeminiPro,2,game_myth,1,column 7,0.16666666666666666,0.408248290463863,6,0.16666666666666669
GeminiPro+Sol,GeminiPro,2,game_myth,1,column 8,0.3333333333333333,0.5163977794943222,6,0.21081851067789195
GeminiPro+Sol,GeminiPro,2,game_myth,1,column 9,0.0,0.0,6,0.0
GeminiPro+Sol,GeminiPro,2,game_myth,1,main: clarity_distortion,0.0,0.0,6,0.0
GeminiPro+Sol,GeminiPro,2,game_myth,1,main: cooperation_betrayal,0.0,0.0,6,0.0
GeminiPro+Sol,GeminiPro,2,game_myth,1,main: giving_hoarding,0.3333333333333333,0.5163977794943222,6,0.21081851067789195
GeminiPro+Sol,GeminiPro,2,game_myth,1,main: high_low,0.0,0.0,6,0.0
GeminiPro+Sol,GeminiPro,2,game_myth,1,main: honesty_deception,0.0,0.0,6,0.0
GeminiPro+Sol,GeminiPro,2,game_myth,1,main: human_divine,0.0,0.0,6,0.0
GeminiPro+Sol,GeminiPro,2,game_myth,1,main: individual_community,0.0,0.0,6,0.0
GeminiPro+Sol,GeminiPro,2,game_myth,1,main: life_death,0.0,0.0,6,0.0
GeminiPro+Sol,GeminiPro,2,game_myth,1,main: light_dark,0.16666666666666666,0.408248290463863,6,0.16666666666666669
GeminiPro+Sol,GeminiPro,2,game_myth,1,main: nature_culture,0.0,0.0,6,0.0
GeminiPro+Sol,GeminiPro,2,game_myth,1,main: order_chaos,0.0,0.0,6,0.0
GeminiPro+Sol,GeminiPro,2,game_myth,1,main: other,0.0,0.0,6,0.0
GeminiPro+Sol,GeminiPro,2,game_myth,1,main: punishment_forgiveness,0.0,0.0,6,0.0
GeminiPro+Sol,GeminiPro,2,game_myth,1,main: scarcity_abundance,0.0,0.0,6,0.0
GeminiPro+Sol,GeminiPro,2,game_myth,1,main: trust_fear,0.5,0.5477225575051662,6,0.22360679774997902
GeminiPro+Sol,GeminiPro,2,game_myth,1,mediator present,0.8333333333333334,0.408248290463863,6,0.16666666666666669
GeminiPro+Sol,GeminiPro,2,game_myth,1,resolution: balanced middle,0.0,0.0,6,0.0
GeminiPro+Sol,GeminiPro,2,game_myth,1,resolution: mediated,0.8333333333333334,0.408248290463863,6,0.16666666666666669
GeminiPro+Sol,GeminiPro,2,game_myth,1,resolution: one pole wins,0.16666666666666666,0.408248290463863,6,0.16666666666666669
GeminiPro+Sol,GeminiPro,2,game_myth,1,role inversion,0.0,0.0,6,0.0
GeminiPro+Sol,GeminiPro,2,game_myth,2,any: clarity_distortion,0.5,0.5477225575051661,6,0.22360679774997896
GeminiPro+Sol,GeminiPro,2,game_myth,2,any: cooperation_betrayal,0.16666666666666666,0.408248290463863,6,0.16666666666666669
GeminiPro+Sol,GeminiPro,2,game_myth,2,any: giving_hoarding,1.0,0.0,6,0.0
GeminiPro+Sol,GeminiPro,2,game_myth,2,any: high_low,0.0,0.0,6,0.0
GeminiPro+Sol,GeminiPro,2,game_myth,2,any: honesty_deception,0.0,0.0,6,0.0
GeminiPro+Sol,GeminiPro,2,game_myth,2,any: human_divine,0.0,0.0,6,0.0
GeminiPro+Sol,GeminiPro,2,game_myth,2,any: individual_community,0.0,0.0,6,0.0
GeminiPro+Sol,GeminiPro,2,game_myth,2,any: life_death,0.0,0.0,6,0.0
GeminiPro+Sol,GeminiPro,2,game_myth,2,any: light_dark,0.3333333333333333,0.5163977794943222,6,0.21081851067789195
GeminiPro+Sol,GeminiPro,2,game_myth,2,any: nature_culture,0.0,0.0,6,0.0
GeminiPro+Sol,GeminiPro,2,game_myth,2,any: order_chaos,0.0,0.0,6,0.0
GeminiPro+Sol,GeminiPro,2,game_myth,2,any: other,0.0,0.0,6,0.0
GeminiPro+Sol,GeminiPro,2,game_myth,2,any: punishment_forgiveness,0.0,0.0,6,0.0
GeminiPro+Sol,GeminiPro,2,game_myth,2,any: scarcity_abundance,0.0,0.0,6,0.0
GeminiPro+Sol,GeminiPro,2,game_myth,2,any: trust_fear,1.0,0.0,6,0.0
GeminiPro+Sol,GeminiPro,2,game_myth,2,arc: improves,0.5,0.5477225575051661,6,0.22360679774997896
GeminiPro+Sol,GeminiPro,2,game_myth,2,arc: restored,0.16666666666666666,0.408248290463863,6,0.16666666666666669
GeminiPro+Sol,GeminiPro,2,game_myth,2,arc: stable order,0.3333333333333333,0.5163977794943223,6,0.210818510677892
GeminiPro+Sol,GeminiPro,2,game_myth,2,column 0,0.0,0.0,6,0.0
GeminiPro+Sol,GeminiPro,2,game_myth,2,column 1,0.0,0.0,6,0.0
GeminiPro+Sol,GeminiPro,2,game_myth,2,column 10,0.16666666666666666,0.408248290463863,6,0.16666666666666669
GeminiPro+Sol,GeminiPro,2,game_myth,2,column 11,0.3333333333333333,0.5163977794943223,6,0.210818510677892
GeminiPro+Sol,GeminiPro,2,game_myth,2,column 12,0.5,0.5477225575051661,6,0.22360679774997896
GeminiPro+Sol,GeminiPro,2,game_myth,2,column 13,0.16666666666666666,0.408248290463863,6,0.16666666666666669
GeminiPro+Sol,GeminiPro,2,game_myth,2,column 14,0.16666666666666666,0.408248290463863,6,0.16666666666666669
GeminiPro+Sol,GeminiPro,2,game_myth,2,column 15,0.0,0.0,6,0.0
GeminiPro+Sol,GeminiPro,2,game_myth,2,column 16,0.0,0.0,6,0.0
GeminiPro+Sol,GeminiPro,2,game_myth,2,column 17,0.0,0.0,6,0.0
GeminiPro+Sol,GeminiPro,2,game_myth,2,column 18,0.16666666666666666,0.408248290463863,6,0.16666666666666669
GeminiPro+Sol,GeminiPro,2,game_myth,2,column 19,0.0,0.0,6,0.0
GeminiPro+Sol,GeminiPro,2,game_myth,2,column 2,0.3333333333333333,0.5163977794943223,6,0.210818510677892
GeminiPro+Sol,GeminiPro,2,game_myth,2,column 3,0.16666666666666666,0.408248290463863,6,0.16666666666666669
GeminiPro+Sol,GeminiPro,2,game_myth,2,column 4,0.6666666666666666,0.5163977794943223,6,0.210818510677892
GeminiPro+Sol,GeminiPro,2,game_myth,2,column 5,0.3333333333333333,0.5163977794943223,6,0.210818510677892
GeminiPro+Sol,GeminiPro,2,game_myth,2,column 6,0.0,0.0,6,0.0
GeminiPro+Sol,GeminiPro,2,game_myth,2,column 7,0.3333333333333333,0.5163977794943222,6,0.21081851067789195
GeminiPro+Sol,GeminiPro,2,game_myth,2,column 8,0.6666666666666666,0.5163977794943223,6,0.210818510677892
GeminiPro+Sol,GeminiPro,2,game_myth,2,column 9,0.16666666666666666,0.408248290463863,6,0.16666666666666669
GeminiPro+Sol,GeminiPro,2,game_myth,2,main: clarity_distortion,0.16666666666666666,0.408248290463863,6,0.16666666666666669
GeminiPro+Sol,GeminiPro,2,game_myth,2,main: cooperation_betrayal,0.0,0.0,6,0.0
GeminiPro+Sol,GeminiPro,2,game_myth,2,main: giving_hoarding,0.3333333333333333,0.5163977794943222,6,0.21081851067789195
GeminiPro+Sol,GeminiPro,2,game_myth,2,main: high_low,0.0,0.0,6,0.0
GeminiPro+Sol,GeminiPro,2,game_myth,2,main: honesty_deception,0.0,0.0,6,0.0
GeminiPro+Sol,GeminiPro,2,game_myth,2,main: human_divine,0.0,0.0,6,0.0
GeminiPro+Sol,GeminiPro,2,game_myth,2,main: individual_community,0.0,0.0,6,0.0
GeminiPro+Sol,GeminiPro,2,game_myth,2,main: life_death,0.0,0.0,6,0.0
GeminiPro+Sol,GeminiPro,2,game_myth,2,main: light_dark,0.0,0.0,6,0.0
GeminiPro+Sol,GeminiPro,2,game_myth,2,main: nature_culture,0.0,0.0,6,0.0
GeminiPro+Sol,GeminiPro,2,game_myth,2,main: order_chaos,0.0,0.0,6,0.0
GeminiPro+Sol,GeminiPro,2,game_myth,2,main: other,0.0,0.0,6,0.0
GeminiPro+Sol,GeminiPro,2,game_myth,2,main: punishment_forgiveness,0.0,0.0,6,0.0
GeminiPro+Sol,GeminiPro,2,game_myth,2,main: scarcity_abundance,0.0,0.0,6,0.0
GeminiPro+Sol,GeminiPro,2,game_myth,2,main: trust_fear,0.5,0.5477225575051661,6,0.22360679774997896
GeminiPro+Sol,GeminiPro,2,game_myth,2,mediator present,0.5,0.5477225575051661,6,0.22360679774997896
GeminiPro+Sol,GeminiPro,2,game_myth,2,resolution: balanced middle,0.0,0.0,6,0.0
GeminiPro+Sol,GeminiPro,2,game_myth,2,resolution: mediated,0.5,0.5477225575051661,6,0.22360679774997896
GeminiPro+Sol,GeminiPro,2,game_myth,2,resolution: one pole wins,0.5,0.5477225575051661,6,0.22360679774997896
GeminiPro+Sol,GeminiPro,2,game_myth,2,role inversion,0.0,0.0,6,0.0
GeminiPro+Sol,GeminiPro,2,game_myth,5,any: clarity_distortion,0.5,0.5477225575051662,6,0.22360679774997902
GeminiPro+Sol,GeminiPro,2,game_myth,5,any: cooperation_betrayal,0.5,0.5477225575051661,6,0.22360679774997896
GeminiPro+Sol,GeminiPro,2,game_myth,5,any: giving_hoarding,0.6666666666666666,0.5163977794943223,6,0.210818510677892
GeminiPro+Sol,GeminiPro,2,game_myth,5,any: high_low,0.0,0.0,6,0.0
GeminiPro+Sol,GeminiPro,2,game_myth,5,any: honesty_deception,0.0,0.0,6,0.0
GeminiPro+Sol,GeminiPro,2,game_myth,5,any: human_divine,0.0,0.0,6,0.0
GeminiPro+Sol,GeminiPro,2,game_myth,5,any: individual_community,0.0,0.0,6,0.0
GeminiPro+Sol,GeminiPro,2,game_myth,5,any: life_death,0.0,0.0,6,0.0
GeminiPro+Sol,GeminiPro,2,game_myth,5,any: light_dark,0.16666666666666666,0.408248290463863,6,0.16666666666666669
GeminiPro+Sol,GeminiPro,2,game_myth,5,any: nature_culture,0.0,0.0,6,0.0
GeminiPro+Sol,GeminiPro,2,game_myth,5,any: order_chaos,0.16666666666666666,0.408248290463863,6,0.16666666666666669
GeminiPro+Sol,GeminiPro,2,game_myth,5,any: other,0.0,0.0,6,0.0
GeminiPro+Sol,GeminiPro,2,game_myth,5,any: punishment_forgiveness,0.0,0.0,6,0.0
GeminiPro+Sol,GeminiPro,2,game_myth,5,any: scarcity_abundance,0.16666666666666666,0.408248290463863,6,0.16666666666666669
GeminiPro+Sol,GeminiPro,2,game_myth,5,any: trust_fear,0.8333333333333334,0.408248290463863,6,0.16666666666666669
GeminiPro+Sol,GeminiPro,2,game_myth,5,arc: improves,0.6666666666666666,0.5163977794943223,6,0.210818510677892
GeminiPro+Sol,GeminiPro,2,game_myth,5,arc: restored,0.0,0.0,6,0.0
GeminiPro+Sol,GeminiPro,2,game_myth,5,arc: stable order,0.3333333333333333,0.5163977794943223,6,0.210818510677892
GeminiPro+Sol,GeminiPro,2,game_myth,5,column 0,0.0,0.0,6,0.0
GeminiPro+Sol,GeminiPro,2,game_myth,5,column 1,0.3333333333333333,0.5163977794943222,6,0.21081851067789195
GeminiPro+Sol,GeminiPro,2,game_myth,5,column 10,0.0,0.0,6,0.0
GeminiPro+Sol,GeminiPro,2,game_myth,5,column 11,0.0,0.0,6,0.0
GeminiPro+Sol,GeminiPro,2,game_myth,5,column 12,0.5,0.5477225575051661,6,0.22360679774997896
GeminiPro+Sol,GeminiPro,2,game_myth,5,column 13,0.3333333333333333,0.5163977794943223,6,0.210818510677892
GeminiPro+Sol,GeminiPro,2,game_myth,5,column 14,0.0,0.0,6,0.0
GeminiPro+Sol,GeminiPro,2,game_myth,5,column 15,0.3333333333333333,0.5163977794943222,6,0.21081851067789195
GeminiPro+Sol,GeminiPro,2,game_myth,5,column 16,0.16666666666666666,0.408248290463863,6,0.16666666666666669
GeminiPro+Sol,GeminiPro,2,game_myth,5,column 17,0.16666666666666666,0.408248290463863,6,0.16666666666666669
GeminiPro+Sol,GeminiPro,2,game_myth,5,column 18,0.6666666666666666,0.5163977794943223,6,0.210818510677892
GeminiPro+Sol,GeminiPro,2,game_myth,5,column 19,0.0,0.0,6,0.0
GeminiPro+Sol,GeminiPro,2,game_myth,5,column 2,0.6666666666666666,0.5163977794943222,6,0.21081851067789195
GeminiPro+Sol,GeminiPro,2,game_myth,5,column 3,0.3333333333333333,0.5163977794943223,6,0.210818510677892
GeminiPro+Sol,GeminiPro,2,game_myth,5,column 4,0.6666666666666666,0.5163977794943222,6,0.21081851067789195
GeminiPro+Sol,GeminiPro,2,game_myth,5,column 5,0.16666666666666666,0.408248290463863,6,0.16666666666666669
GeminiPro+Sol,GeminiPro,2,game_myth,5,column 6,0.0,0.0,6,0.0
GeminiPro+Sol,GeminiPro,2,game_myth,5,column 7,0.16666666666666666,0.408248290463863,6,0.16666666666666669
GeminiPro+Sol,GeminiPro,2,game_myth,5,column 8,0.3333333333333333,0.5163977794943222,6,0.21081851067789195
GeminiPro+Sol,GeminiPro,2,game_myth,5,column 9,0.0,0.0,6,0.0
GeminiPro+Sol,GeminiPro,2,game_myth,5,main: clarity_distortion,0.16666666666666666,0.408248290463863,6,0.16666666666666669
GeminiPro+Sol,GeminiPro,2,game_myth,5,main: cooperation_betrayal,0.0,0.0,6,0.0
GeminiPro+Sol,GeminiPro,2,game_myth,5,main: giving_hoarding,0.16666666666666666,0.408248290463863,6,0.16666666666666669
GeminiPro+Sol,GeminiPro,2,game_myth,5,main: high_low,0.0,0.0,6,0.0
GeminiPro+Sol,GeminiPro,2,game_myth,5,main: honesty_deception,0.0,0.0,6,0.0
GeminiPro+Sol,GeminiPro,2,game_myth,5,main: human_divine,0.0,0.0,6,0.0
GeminiPro+Sol,GeminiPro,2,game_myth,5,main: individual_community,0.0,0.0,6,0.0
GeminiPro+Sol,GeminiPro,2,game_myth,5,main: life_death,0.0,0.0,6,0.0
GeminiPro+Sol,GeminiPro,2,game_myth,5,main: light_dark,0.16666666666666666,0.408248290463863,6,0.16666666666666669
GeminiPro+Sol,GeminiPro,2,game_myth,5,main: nature_culture,0.0,0.0,6,0.0
GeminiPro+Sol,GeminiPro,2,game_myth,5,main: order_chaos,0.0,0.0,6,0.0
GeminiPro+Sol,GeminiPro,2,game_myth,5,main: other,0.0,0.0,6,0.0
GeminiPro+Sol,GeminiPro,2,game_myth,5,main: punishment_forgiveness,0.0,0.0,6,0.0
GeminiPro+Sol,GeminiPro,2,game_myth,5,main: scarcity_abundance,0.0,0.0,6,0.0
GeminiPro+Sol,GeminiPro,2,game_myth,5,main: trust_fear,0.5,0.5477225575051661,6,0.22360679774997896
GeminiPro+Sol,GeminiPro,2,game_myth,5,mediator present,0.3333333333333333,0.5163977794943222,6,0.21081851067789195
GeminiPro+Sol,GeminiPro,2,game_myth,5,resolution: balanced middle,0.0,0.0,6,0.0
GeminiPro+Sol,GeminiPro,2,game_myth,5,resolution: mediated,0.3333333333333333,0.5163977794943222,6,0.21081851067789195
GeminiPro+Sol,GeminiPro,2,game_myth,5,resolution: one pole wins,0.6666666666666666,0.5163977794943222,6,0.21081851067789195
GeminiPro+Sol,GeminiPro,2,game_myth,5,role inversion,0.0,0.0,6,0.0
GeminiPro+Sol,GeminiPro,2,game_myth,6,any: clarity_distortion,0.3333333333333333,0.5163977794943223,6,0.210818510677892
GeminiPro+Sol,GeminiPro,2,game_myth,6,any: cooperation_betrayal,0.6666666666666666,0.5163977794943222,6,0.21081851067789195
GeminiPro+Sol,GeminiPro,2,game_myth,6,any: giving_hoarding,0.6666666666666666,0.5163977794943223,6,0.210818510677892
GeminiPro+Sol,GeminiPro,2,game_myth,6,any: high_low,0.0,0.0,6,0.0
GeminiPro+Sol,GeminiPro,2,game_myth,6,any: honesty_deception,0.0,0.0,6,0.0
GeminiPro+Sol,GeminiPro,2,game_myth,6,any: human_divine,0.0,0.0,6,0.0
GeminiPro+Sol,GeminiPro,2,game_myth,6,any: individual_community,0.0,0.0,6,0.0
GeminiPro+Sol,GeminiPro,2,game_myth,6,any: life_death,0.0,0.0,6,0.0
GeminiPro+Sol,GeminiPro,2,game_myth,6,any: light_dark,0.0,0.0,6,0.0
GeminiPro+Sol,GeminiPro,2,game_myth,6,any: nature_culture,0.0,0.0,6,0.0
GeminiPro+Sol,GeminiPro,2,game_myth,6,any: order_chaos,0.16666666666666666,0.408248290463863,6,0.16666666666666669
GeminiPro+Sol,GeminiPro,2,game_myth,6,any: other,0.0,0.0,6,0.0
GeminiPro+Sol,GeminiPro,2,game_myth,6,any: punishment_forgiveness,0.0,0.0,6,0.0
GeminiPro+Sol,GeminiPro,2,game_myth,6,any: scarcity_abundance,0.16666666666666666,0.408248290463863,6,0.16666666666666669
GeminiPro+Sol,GeminiPro,2,game_myth,6,any: trust_fear,1.0,0.0,6,0.0
GeminiPro+Sol,GeminiPro,2,game_myth,6,arc: improves,0.8333333333333334,0.408248290463863,6,0.16666666666666669
GeminiPro+Sol,GeminiPro,2,game_myth,6,arc: restored,0.0,0.0,6,0.0
GeminiPro+Sol,GeminiPro,2,game_myth,6,arc: stable order,0.16666666666666666,0.408248290463863,6,0.16666666666666669
GeminiPro+Sol,GeminiPro,2,game_myth,6,column 0,0.16666666666666666,0.408248290463863,6,0.16666666666666669
GeminiPro+Sol,GeminiPro,2,game_myth,6,column 1,0.0,0.0,6,0.0
GeminiPro+Sol,GeminiPro,2,game_myth,6,column 10,0.16666666666666666,0.408248290463863,6,0.16666666666666669
GeminiPro+Sol,GeminiPro,2,game_myth,6,column 11,0.16666666666666666,0.408248290463863,6,0.16666666666666669
GeminiPro+Sol,GeminiPro,2,game_myth,6,column 12,0.6666666666666666,0.5163977794943222,6,0.21081851067789195
GeminiPro+Sol,GeminiPro,2,game_myth,6,column 13,0.6666666666666666,0.5163977794943222,6,0.21081851067789195
GeminiPro+Sol,GeminiPro,2,game_myth,6,column 14,0.16666666666666666,0.408248290463863,6,0.16666666666666669
GeminiPro+Sol,GeminiPro,2,game_myth,6,column 15,0.0,0.0,6,0.0
GeminiPro+Sol,GeminiPro,2,game_myth,6,column 16,0.0,0.0,6,0.0
GeminiPro+Sol,GeminiPro,2,game_myth,6,column 17,0.0,0.0,6,0.0
GeminiPro+Sol,GeminiPro,2,game_myth,6,column 18,0.3333333333333333,0.5163977794943223,6,0.210818510677892
GeminiPro+Sol,GeminiPro,2,game_myth,6,column 19,0.0,0.0,6,0.0
GeminiPro+Sol,GeminiPro,2,game_myth,6,column 2,0.8333333333333334,0.408248290463863,6,0.16666666666666669
GeminiPro+Sol,GeminiPro,2,game_myth,6,column 3,0.0,0.0,6,0.0
GeminiPro+Sol,GeminiPro,2,game_myth,6,column 4,0.8333333333333334,0.408248290463863,6,0.16666666666666669
GeminiPro+Sol,GeminiPro,2,game_myth,6,column 5,0.16666666666666666,0.408248290463863,6,0.16666666666666669
GeminiPro+Sol,GeminiPro,2,game_myth,6,column 6,0.0,0.0,6,0.0
GeminiPro+Sol,GeminiPro,2,game_myth,6,column 7,0.0,0.0,6,0.0
GeminiPro+Sol,GeminiPro,2,game_myth,6,column 8,0.16666666666666666,0.408248290463863,6,0.16666666666666669
GeminiPro+Sol,GeminiPro,2,game_myth,6,column 9,0.0,0.0,6,0.0
GeminiPro+Sol,GeminiPro,2,game_myth,6,main: clarity_distortion,0.0,0.0,6,0.0
GeminiPro+Sol,GeminiPro,2,game_myth,6,main: cooperation_betrayal,0.0,0.0,6,0.0
GeminiPro+Sol,GeminiPro,2,game_myth,6,main: giving_hoarding,0.3333333333333333,0.5163977794943222,6,0.21081851067789195
GeminiPro+Sol,GeminiPro,2,game_myth,6,main: high_low,0.0,0.0,6,0.0
GeminiPro+Sol,GeminiPro,2,game_myth,6,main: honesty_deception,0.0,0.0,6,0.0
GeminiPro+Sol,GeminiPro,2,game_myth,6,main: human_divine,0.0,0.0,6,0.0
GeminiPro+Sol,GeminiPro,2,game_myth,6,main: individual_community,0.0,0.0,6,0.0
GeminiPro+Sol,GeminiPro,2,game_myth,6,main: life_death,0.0,0.0,6,0.0
GeminiPro+Sol,GeminiPro,2,game_myth,6,main: light_dark,0.0,0.0,6,0.0
GeminiPro+Sol,GeminiPro,2,game_myth,6,main: nature_culture,0.0,0.0,6,0.0
GeminiPro+Sol,GeminiPro,2,game_myth,6,main: order_chaos,0.0,0.0,6,0.0
GeminiPro+Sol,GeminiPro,2,game_myth,6,main: other,0.0,0.0,6,0.0
GeminiPro+Sol,GeminiPro,2,game_myth,6,main: punishment_forgiveness,0.0,0.0,6,0.0
GeminiPro+Sol,GeminiPro,2,game_myth,6,main: scarcity_abundance,0.0,0.0,6,0.0
GeminiPro+Sol,GeminiPro,2,game_myth,6,main: trust_fear,0.6666666666666666,0.5163977794943222,6,0.21081851067789195
GeminiPro+Sol,GeminiPro,2,game_myth,6,mediator present,0.0,0.0,6,0.0
GeminiPro+Sol,GeminiPro,2,game_myth,6,resolution: balanced middle,0.0,0.0,6,0.0
GeminiPro+Sol,GeminiPro,2,game_myth,6,resolution: mediated,0.0,0.0,6,0.0
GeminiPro+Sol,GeminiPro,2,game_myth,6,resolution: one pole wins,1.0,0.0,6,0.0
GeminiPro+Sol,GeminiPro,2,game_myth,6,role inversion,0.0,0.0,6,0.0
GeminiPro+Sol,GeminiPro,2,game_myth,9,any: clarity_distortion,0.5,0.5477225575051662,6,0.22360679774997902
GeminiPro+Sol,GeminiPro,2,game_myth,9,any: cooperation_betrayal,0.8333333333333334,0.408248290463863,6,0.16666666666666669
GeminiPro+Sol,GeminiPro,2,game_myth,9,any: giving_hoarding,0.5,0.5477225575051661,6,0.22360679774997896
GeminiPro+Sol,GeminiPro,2,game_myth,9,any: high_low,0.0,0.0,6,0.0
GeminiPro+Sol,GeminiPro,2,game_myth,9,any: honesty_deception,0.16666666666666666,0.408248290463863,6,0.16666666666666669
GeminiPro+Sol,GeminiPro,2,game_myth,9,any: human_divine,0.0,0.0,6,0.0
GeminiPro+Sol,GeminiPro,2,game_myth,9,any: individual_community,0.0,0.0,6,0.0
GeminiPro+Sol,GeminiPro,2,game_myth,9,any: life_death,0.0,0.0,6,0.0
GeminiPro+Sol,GeminiPro,2,game_myth,9,any: light_dark,0.0,0.0,6,0.0
GeminiPro+Sol,GeminiPro,2,game_myth,9,any: nature_culture,0.0,0.0,6,0.0
GeminiPro+Sol,GeminiPro,2,game_myth,9,any: order_chaos,0.16666666666666666,0.408248290463863,6,0.16666666666666669
GeminiPro+Sol,GeminiPro,2,game_myth,9,any: other,0.0,0.0,6,0.0
GeminiPro+Sol,GeminiPro,2,game_myth,9,any: punishment_forgiveness,0.0,0.0,6,0.0
GeminiPro+Sol,GeminiPro,2,game_myth,9,any: scarcity_abundance,0.0,0.0,6,0.0
GeminiPro+Sol,GeminiPro,2,game_myth,9,any: trust_fear,0.8333333333333334,0.408248290463863,6,0.16666666666666669
GeminiPro+Sol,GeminiPro,2,game_myth,9,arc: improves,0.6666666666666666,0.5163977794943223,6,0.210818510677892
GeminiPro+Sol,GeminiPro,2,game_myth,9,arc: restored,0.0,0.0,6,0.0
GeminiPro+Sol,GeminiPro,2,game_myth,9,arc: stable order,0.3333333333333333,0.5163977794943223,6,0.210818510677892
GeminiPro+Sol,GeminiPro,2,game_myth,9,column 0,0.5,0.5477225575051661,6,0.22360679774997896
GeminiPro+Sol,GeminiPro,2,game_myth,9,column 1,0.5,0.5477225575051661,6,0.22360679774997896
GeminiPro+Sol,GeminiPro,2,game_myth,9,column 10,0.3333333333333333,0.5163977794943222,6,0.21081851067789195
GeminiPro+Sol,GeminiPro,2,game_myth,9,column 11,0.0,0.0,6,0.0
GeminiPro+Sol,GeminiPro,2,game_myth,9,column 12,0.3333333333333333,0.5163977794943223,6,0.210818510677892
GeminiPro+Sol,GeminiPro,2,game_myth,9,column 13,0.6666666666666666,0.5163977794943222,6,0.21081851067789195
GeminiPro+Sol,GeminiPro,2,game_myth,9,column 14,0.0,0.0,6,0.0
GeminiPro+Sol,GeminiPro,2,game_myth,9,column 15,0.6666666666666666,0.5163977794943223,6,0.210818510677892
GeminiPro+Sol,GeminiPro,2,game_myth,9,column 16,0.0,0.0,6,0.0
GeminiPro+Sol,GeminiPro,2,game_myth,9,column 17,0.0,0.0,6,0.0
GeminiPro+Sol,GeminiPro,2,game_myth,9,column 18,0.3333333333333333,0.5163977794943222,6,0.21081851067789195
GeminiPro+Sol,GeminiPro,2,game_myth,9,column 19,0.0,0.0,6,0.0
GeminiPro+Sol,GeminiPro,2,game_myth,9,column 2,0.16666666666666666,0.408248290463863,6,0.16666666666666669
GeminiPro+Sol,GeminiPro,2,game_myth,9,column 3,0.3333333333333333,0.5163977794943223,6,0.210818510677892
GeminiPro+Sol,GeminiPro,2,game_myth,9,column 4,0.6666666666666666,0.5163977794943222,6,0.21081851067789195
GeminiPro+Sol,GeminiPro,2,game_myth,9,column 5,0.16666666666666666,0.408248290463863,6,0.16666666666666669
GeminiPro+Sol,GeminiPro,2,game_myth,9,column 6,0.16666666666666666,0.408248290463863,6,0.16666666666666669
GeminiPro+Sol,GeminiPro,2,game_myth,9,column 7,0.16666666666666666,0.408248290463863,6,0.16666666666666669
GeminiPro+Sol,GeminiPro,2,game_myth,9,column 8,0.0,0.0,6,0.0
GeminiPro+Sol,GeminiPro,2,game_myth,9,column 9,0.0,0.0,6,0.0
GeminiPro+Sol,GeminiPro,2,game_myth,9,main: clarity_distortion,0.0,0.0,6,0.0
GeminiPro+Sol,GeminiPro,2,game_myth,9,main: cooperation_betrayal,0.16666666666666666,0.408248290463863,6,0.16666666666666669
GeminiPro+Sol,GeminiPro,2,game_myth,9,main: giving_hoarding,0.5,0.5477225575051661,6,0.22360679774997896
GeminiPro+Sol,GeminiPro,2,game_myth,9,main: high_low,0.0,0.0,6,0.0
GeminiPro+Sol,GeminiPro,2,game_myth,9,main: honesty_deception,0.0,0.0,6,0.0
GeminiPro+Sol,GeminiPro,2,game_myth,9,main: human_divine,0.0,0.0,6,0.0
GeminiPro+Sol,GeminiPro,2,game_myth,9,main: individual_community,0.0,0.0,6,0.0
GeminiPro+Sol,GeminiPro,2,game_myth,9,main: life_death,0.0,0.0,6,0.0
GeminiPro+Sol,GeminiPro,2,game_myth,9,main: light_dark,0.0,0.0,6,0.0
GeminiPro+Sol,GeminiPro,2,game_myth,9,main: nature_culture,0.0,0.0,6,0.0
GeminiPro+Sol,GeminiPro,2,game_myth,9,main: order_chaos,0.16666666666666666,0.408248290463863,6,0.16666666666666669
GeminiPro+Sol,GeminiPro,2,game_myth,9,main: other,0.0,0.0,6,0.0
GeminiPro+Sol,GeminiPro,2,game_myth,9,main: punishment_forgiveness,0.0,0.0,6,0.0
GeminiPro+Sol,GeminiPro,2,game_myth,9,main: scarcity_abundance,0.0,0.0,6,0.0
GeminiPro+Sol,GeminiPro,2,game_myth,9,main: trust_fear,0.16666666666666666,0.408248290463863,6,0.16666666666666669
GeminiPro+Sol,GeminiPro,2,game_myth,9,mediator present,0.5,0.5477225575051661,6,0.22360679774997896
GeminiPro+Sol,GeminiPro,2,game_myth,9,resolution: balanced middle,0.0,0.0,6,0.0
GeminiPro+Sol,GeminiPro,2,game_myth,9,resolution: mediated,0.5,0.5477225575051661,6,0.22360679774997896
GeminiPro+Sol,GeminiPro,2,game_myth,9,resolution: one pole wins,0.5,0.5477225575051661,6,0.22360679774997896
GeminiPro+Sol,GeminiPro,2,game_myth,9,role inversion,0.0,0.0,6,0.0
GeminiPro+Sol,GeminiPro,2,game_myth,10,any: clarity_distortion,0.5,0.5477225575051662,6,0.22360679774997902
GeminiPro+Sol,GeminiPro,2,game_myth,10,any: cooperation_betrayal,0.3333333333333333,0.5163977794943222,6,0.21081851067789195
GeminiPro+Sol,GeminiPro,2,game_myth,10,any: giving_hoarding,0.8333333333333334,0.408248290463863,6,0.16666666666666669
GeminiPro+Sol,GeminiPro,2,game_myth,10,any: high_low,0.0,0.0,6,0.0
GeminiPro+Sol,GeminiPro,2,game_myth,10,any: honesty_deception,0.0,0.0,6,0.0
GeminiPro+Sol,GeminiPro,2,game_myth,10,any: human_divine,0.0,0.0,6,0.0
GeminiPro+Sol,GeminiPro,2,game_myth,10,any: individual_community,0.0,0.0,6,0.0
GeminiPro+Sol,GeminiPro,2,game_myth,10,any: life_death,0.0,0.0,6,0.0
GeminiPro+Sol,GeminiPro,2,game_myth,10,any: light_dark,0.0,0.0,6,0.0
GeminiPro+Sol,GeminiPro,2,game_myth,10,any: nature_culture,0.0,0.0,6,0.0
GeminiPro+Sol,GeminiPro,2,game_myth,10,any: order_chaos,0.16666666666666666,0.408248290463863,6,0.16666666666666669
GeminiPro+Sol,GeminiPro,2,game_myth,10,any: other,0.0,0.0,6,0.0
GeminiPro+Sol,GeminiPro,2,game_myth,10,any: punishment_forgiveness,0.0,0.0,6,0.0
GeminiPro+Sol,GeminiPro,2,game_myth,10,any: scarcity_abundance,0.16666666666666666,0.408248290463863,6,0.16666666666666669
GeminiPro+Sol,GeminiPro,2,game_myth,10,any: trust_fear,1.0,0.0,6,0.0
GeminiPro+Sol,GeminiPro,2,game_myth,10,arc: improves,0.6666666666666666,0.5163977794943222,6,0.21081851067789195
GeminiPro+Sol,GeminiPro,2,game_myth,10,arc: restored,0.3333333333333333,0.5163977794943222,6,0.21081851067789195
GeminiPro+Sol,GeminiPro,2,game_myth,10,arc: stable order,0.0,0.0,6,0.0
GeminiPro+Sol,GeminiPro,2,game_myth,10,column 0,0.16666666666666666,0.408248290463863,6,0.16666666666666669
GeminiPro+Sol,GeminiPro,2,game_myth,10,column 1,0.5,0.5477225575051661,6,0.22360679774997896
GeminiPro+Sol,GeminiPro,2,game_myth,10,column 10,0.3333333333333333,0.5163977794943222,6,0.21081851067789195
GeminiPro+Sol,GeminiPro,2,game_myth,10,column 11,0.0,0.0,6,0.0
GeminiPro+Sol,GeminiPro,2,game_myth,10,column 12,0.5,0.5477225575051661,6,0.22360679774997896
GeminiPro+Sol,GeminiPro,2,game_myth,10,column 13,0.6666666666666666,0.5163977794943222,6,0.21081851067789195
GeminiPro+Sol,GeminiPro,2,game_myth,10,column 14,0.0,0.0,6,0.0
GeminiPro+Sol,GeminiPro,2,game_myth,10,column 15,0.16666666666666666,0.408248290463863,6,0.16666666666666669
GeminiPro+Sol,GeminiPro,2,game_myth,10,column 16,0.16666666666666666,0.408248290463863,6,0.16666666666666669
GeminiPro+Sol,GeminiPro,2,game_myth,10,column 17,0.0,0.0,6,0.0
GeminiPro+Sol,GeminiPro,2,game_myth,10,column 18,0.0,0.0,6,0.0
GeminiPro+Sol,GeminiPro,2,game_myth,10,column 19,0.0,0.0,6,0.0
GeminiPro+Sol,GeminiPro,2,game_myth,10,column 2,0.6666666666666666,0.5163977794943223,6,0.210818510677892
GeminiPro+Sol,GeminiPro,2,game_myth,10,column 3,0.16666666666666666,0.408248290463863,6,0.16666666666666669
GeminiPro+Sol,GeminiPro,2,game_myth,10,column 4,1.0,0.0,6,0.0
GeminiPro+Sol,GeminiPro,2,game_myth,10,column 5,0.3333333333333333,0.5163977794943223,6,0.210818510677892
GeminiPro+Sol,GeminiPro,2,game_myth,10,column 6,0.0,0.0,6,0.0
GeminiPro+Sol,GeminiPro,2,game_myth,10,column 7,0.0,0.0,6,0.0
GeminiPro+Sol,GeminiPro,2,game_myth,10,column 8,0.3333333333333333,0.5163977794943222,6,0.21081851067789195
GeminiPro+Sol,GeminiPro,2,game_myth,10,column 9,0.0,0.0,6,0.0
GeminiPro+Sol,GeminiPro,2,game_myth,10,main: clarity_distortion,0.0,0.0,6,0.0
GeminiPro+Sol,GeminiPro,2,game_myth,10,main: cooperation_betrayal,0.0,0.0,6,0.0
GeminiPro+Sol,GeminiPro,2,game_myth,10,main: giving_hoarding,0.0,0.0,6,0.0
GeminiPro+Sol,GeminiPro,2,game_myth,10,main: high_low,0.0,0.0,6,0.0
GeminiPro+Sol,GeminiPro,2,game_myth,10,main: honesty_deception,0.0,0.0,6,0.0
GeminiPro+Sol,GeminiPro,2,game_myth,10,main: human_divine,0.0,0.0,6,0.0
GeminiPro+Sol,GeminiPro,2,game_myth,10,main: individual_community,0.0,0.0,6,0.0
GeminiPro+Sol,GeminiPro,2,game_myth,10,main: life_death,0.0,0.0,6,0.0
GeminiPro+Sol,GeminiPro,2,game_myth,10,main: light_dark,0.0,0.0,6,0.0
GeminiPro+Sol,GeminiPro,2,game_myth,10,main: nature_culture,0.0,0.0,6,0.0
GeminiPro+Sol,GeminiPro,2,game_myth,10,main: order_chaos,0.16666666666666666,0.408248290463863,6,0.16666666666666669
GeminiPro+Sol,GeminiPro,2,game_myth,10,main: other,0.0,0.0,6,0.0
GeminiPro+Sol,GeminiPro,2,game_myth,10,main: punishment_forgiveness,0.0,0.0,6,0.0
GeminiPro+Sol,GeminiPro,2,game_myth,10,main: scarcity_abundance,0.0,0.0,6,0.0
GeminiPro+Sol,GeminiPro,2,game_myth,10,main: trust_fear,0.8333333333333334,0.408248290463863,6,0.16666666666666669
GeminiPro+Sol,GeminiPro,2,game_myth,10,mediator present,0.16666666666666666,0.408248290463863,6,0.16666666666666669
GeminiPro+Sol,GeminiPro,2,game_myth,10,resolution: balanced middle,0.0,0.0,6,0.0
GeminiPro+Sol,GeminiPro,2,game_myth,10,resolution: mediated,0.16666666666666666,0.408248290463863,6,0.16666666666666669
GeminiPro+Sol,GeminiPro,2,game_myth,10,resolution: one pole wins,0.8333333333333334,0.408248290463863,6,0.16666666666666669
GeminiPro+Sol,GeminiPro,2,game_myth,10,role inversion,0.0,0.0,6,0.0
GeminiPro+Sol,GeminiPro,2,myth_game,1,any: clarity_distortion,0.0,0.0,6,0.0
GeminiPro+Sol,GeminiPro,2,myth_game,1,any: cooperation_betrayal,0.5,0.5477225575051661,6,0.22360679774997896
GeminiPro+Sol,GeminiPro,2,myth_game,1,any: giving_hoarding,0.8333333333333334,0.408248290463863,6,0.16666666666666669
GeminiPro+Sol,GeminiPro,2,myth_game,1,any: high_low,0.0,0.0,6,0.0
GeminiPro+Sol,GeminiPro,2,myth_game,1,any: honesty_deception,0.0,0.0,6,0.0
GeminiPro+Sol,GeminiPro,2,myth_game,1,any: human_divine,0.0,0.0,6,0.0
GeminiPro+Sol,GeminiPro,2,myth_game,1,any: individual_community,0.16666666666666666,0.408248290463863,6,0.16666666666666669
GeminiPro+Sol,GeminiPro,2,myth_game,1,any: life_death,0.0,0.0,6,0.0
GeminiPro+Sol,GeminiPro,2,myth_game,1,any: light_dark,0.0,0.0,6,0.0
GeminiPro+Sol,GeminiPro,2,myth_game,1,any: nature_culture,0.0,0.0,6,0.0
GeminiPro+Sol,GeminiPro,2,myth_game,1,any: order_chaos,0.0,0.0,6,0.0
GeminiPro+Sol,GeminiPro,2,myth_game,1,any: other,0.0,0.0,6,0.0
GeminiPro+Sol,GeminiPro,2,myth_game,1,any: punishment_forgiveness,0.0,0.0,6,0.0
GeminiPro+Sol,GeminiPro,2,myth_game,1,any: scarcity_abundance,0.5,0.5477225575051661,6,0.22360679774997896
GeminiPro+Sol,GeminiPro,2,myth_game,1,any: trust_fear,1.0,0.0,6,0.0
GeminiPro+Sol,GeminiPro,2,myth_game,1,arc: improves,0.8333333333333334,0.408248290463863,6,0.16666666666666669
GeminiPro+Sol,GeminiPro,2,myth_game,1,arc: restored,0.0,0.0,6,0.0
GeminiPro+Sol,GeminiPro,2,myth_game,1,arc: stable order,0.16666666666666666,0.408248290463863,6,0.16666666666666669
GeminiPro+Sol,GeminiPro,2,myth_game,1,column 0,0.0,0.0,6,0.0
GeminiPro+Sol,GeminiPro,2,myth_game,1,column 1,0.3333333333333333,0.5163977794943223,6,0.210818510677892
GeminiPro+Sol,GeminiPro,2,myth_game,1,column 10,0.3333333333333333,0.5163977794943223,6,0.210818510677892
GeminiPro+Sol,GeminiPro,2,myth_game,1,column 11,0.0,0.0,6,0.0
GeminiPro+Sol,GeminiPro,2,myth_game,1,column 12,0.6666666666666666,0.5163977794943223,6,0.210818510677892
GeminiPro+Sol,GeminiPro,2,myth_game,1,column 13,0.0,0.0,6,0.0
GeminiPro+Sol,GeminiPro,2,myth_game,1,column 14,0.3333333333333333,0.5163977794943222,6,0.21081851067789195
GeminiPro+Sol,GeminiPro,2,myth_game,1,column 15,0.3333333333333333,0.5163977794943222,6,0.21081851067789195
GeminiPro+Sol,GeminiPro,2,myth_game,1,column 16,0.0,0.0,6,0.0
GeminiPro+Sol,GeminiPro,2,myth_game,1,column 17,0.16666666666666666,0.408248290463863,6,0.16666666666666669
GeminiPro+Sol,GeminiPro,2,myth_game,1,column 18,0.8333333333333334,0.408248290463863,6,0.16666666666666669
GeminiPro+Sol,GeminiPro,2,myth_game,1,column 19,0.0,0.0,6,0.0
GeminiPro+Sol,GeminiPro,2,myth_game,1,column 2,0.5,0.5477225575051661,6,0.22360679774997896
GeminiPro+Sol,GeminiPro,2,myth_game,1,column 3,0.0,0.0,6,0.0
GeminiPro+Sol,GeminiPro,2,myth_game,1,column 4,0.5,0.5477225575051662,6,0.22360679774997902
GeminiPro+Sol,GeminiPro,2,myth_game,1,column 5,0.5,0.5477225575051662,6,0.22360679774997902
GeminiPro+Sol,GeminiPro,2,myth_game,1,column 6,0.0,0.0,6,0.0
GeminiPro+Sol,GeminiPro,2,myth_game,1,column 7,0.3333333333333333,0.5163977794943223,6,0.210818510677892
GeminiPro+Sol,GeminiPro,2,myth_game,1,column 8,0.16666666666666666,0.408248290463863,6,0.16666666666666669
GeminiPro+Sol,GeminiPro,2,myth_game,1,column 9,0.0,0.0,6,0.0
GeminiPro+Sol,GeminiPro,2,myth_game,1,main: clarity_distortion,0.0,0.0,6,0.0
GeminiPro+Sol,GeminiPro,2,myth_game,1,main: cooperation_betrayal,0.0,0.0,6,0.0
GeminiPro+Sol,GeminiPro,2,myth_game,1,main: giving_hoarding,0.6666666666666666,0.5163977794943223,6,0.210818510677892
GeminiPro+Sol,GeminiPro,2,myth_game,1,main: high_low,0.0,0.0,6,0.0
GeminiPro+Sol,GeminiPro,2,myth_game,1,main: honesty_deception,0.0,0.0,6,0.0
GeminiPro+Sol,GeminiPro,2,myth_game,1,main: human_divine,0.0,0.0,6,0.0
GeminiPro+Sol,GeminiPro,2,myth_game,1,main: individual_community,0.0,0.0,6,0.0
GeminiPro+Sol,GeminiPro,2,myth_game,1,main: life_death,0.0,0.0,6,0.0
GeminiPro+Sol,GeminiPro,2,myth_game,1,main: light_dark,0.0,0.0,6,0.0
GeminiPro+Sol,GeminiPro,2,myth_game,1,main: nature_culture,0.0,0.0,6,0.0
GeminiPro+Sol,GeminiPro,2,myth_game,1,main: order_chaos,0.0,0.0,6,0.0
GeminiPro+Sol,GeminiPro,2,myth_game,1,main: other,0.0,0.0,6,0.0
GeminiPro+Sol,GeminiPro,2,myth_game,1,main: punishment_forgiveness,0.0,0.0,6,0.0
GeminiPro+Sol,GeminiPro,2,myth_game,1,main: scarcity_abundance,0.0,0.0,6,0.0
GeminiPro+Sol,GeminiPro,2,myth_game,1,main: trust_fear,0.3333333333333333,0.5163977794943223,6,0.210818510677892
GeminiPro+Sol,GeminiPro,2,myth_game,1,mediator present,0.5,0.5477225575051661,6,0.22360679774997896
GeminiPro+Sol,GeminiPro,2,myth_game,1,resolution: balanced middle,0.0,0.0,6,0.0
GeminiPro+Sol,GeminiPro,2,myth_game,1,resolution: mediated,0.5,0.5477225575051661,6,0.22360679774997896
GeminiPro+Sol,GeminiPro,2,myth_game,1,resolution: one pole wins,0.5,0.5477225575051661,6,0.22360679774997896
GeminiPro+Sol,GeminiPro,2,myth_game,1,role inversion,0.0,0.0,6,0.0
GeminiPro+Sol,GeminiPro,2,myth_game,2,any: clarity_distortion,0.5,0.5477225575051661,6,0.22360679774997896
GeminiPro+Sol,GeminiPro,2,myth_game,2,any: cooperation_betrayal,0.16666666666666666,0.408248290463863,6,0.16666666666666669
GeminiPro+Sol,GeminiPro,2,myth_game,2,any: giving_hoarding,0.8333333333333334,0.408248290463863,6,0.16666666666666669
GeminiPro+Sol,GeminiPro,2,myth_game,2,any: high_low,0.0,0.0,6,0.0
GeminiPro+Sol,GeminiPro,2,myth_game,2,any: honesty_deception,0.0,0.0,6,0.0
GeminiPro+Sol,GeminiPro,2,myth_game,2,any: human_divine,0.0,0.0,6,0.0
GeminiPro+Sol,GeminiPro,2,myth_game,2,any: individual_community,0.0,0.0,6,0.0
GeminiPro+Sol,GeminiPro,2,myth_game,2,any: life_death,0.0,0.0,6,0.0
GeminiPro+Sol,GeminiPro,2,myth_game,2,any: light_dark,0.0,0.0,6,0.0
GeminiPro+Sol,GeminiPro,2,myth_game,2,any: nature_culture,0.0,0.0,6,0.0
GeminiPro+Sol,GeminiPro,2,myth_game,2,any: order_chaos,0.0,0.0,6,0.0
GeminiPro+Sol,GeminiPro,2,myth_game,2,any: other,0.0,0.0,6,0.0
GeminiPro+Sol,GeminiPro,2,myth_game,2,any: punishment_forgiveness,0.0,0.0,6,0.0
GeminiPro+Sol,GeminiPro,2,myth_game,2,any: scarcity_abundance,0.5,0.5477225575051661,6,0.22360679774997896
GeminiPro+Sol,GeminiPro,2,myth_game,2,any: trust_fear,1.0,0.0,6,0.0
GeminiPro+Sol,GeminiPro,2,myth_game,2,arc: improves,0.6666666666666666,0.5163977794943222,6,0.21081851067789195
GeminiPro+Sol,GeminiPro,2,myth_game,2,arc: restored,0.16666666666666666,0.408248290463863,6,0.16666666666666669
GeminiPro+Sol,GeminiPro,2,myth_game,2,arc: stable order,0.16666666666666666,0.408248290463863,6,0.16666666666666669
GeminiPro+Sol,GeminiPro,2,myth_game,2,column 0,0.3333333333333333,0.5163977794943222,6,0.21081851067789195
GeminiPro+Sol,GeminiPro,2,myth_game,2,column 1,0.16666666666666666,0.408248290463863,6,0.16666666666666669
GeminiPro+Sol,GeminiPro,2,myth_game,2,column 10,0.3333333333333333,0.5163977794943223,6,0.210818510677892
GeminiPro+Sol,GeminiPro,2,myth_game,2,column 11,0.16666666666666666,0.408248290463863,6,0.16666666666666669
GeminiPro+Sol,GeminiPro,2,myth_game,2,column 12,0.6666666666666666,0.5163977794943223,6,0.210818510677892
GeminiPro+Sol,GeminiPro,2,myth_game,2,column 13,0.3333333333333333,0.5163977794943222,6,0.21081851067789195
GeminiPro+Sol,GeminiPro,2,myth_game,2,column 14,0.3333333333333333,0.5163977794943222,6,0.21081851067789195
GeminiPro+Sol,GeminiPro,2,myth_game,2,column 15,0.0,0.0,6,0.0
GeminiPro+Sol,GeminiPro,2,myth_game,2,column 16,0.0,0.0,6,0.0
GeminiPro+Sol,GeminiPro,2,myth_game,2,column 17,0.16666666666666666,0.408248290463863,6,0.16666666666666669
GeminiPro+Sol,GeminiPro,2,myth_game,2,column 18,0.6666666666666666,0.5163977794943222,6,0.21081851067789195
GeminiPro+Sol,GeminiPro,2,myth_game,2,column 19,0.0,0.0,6,0.0
GeminiPro+Sol,GeminiPro,2,myth_game,2,column 2,0.5,0.5477225575051661,6,0.22360679774997896
GeminiPro+Sol,GeminiPro,2,myth_game,2,column 3,0.3333333333333333,0.5163977794943222,6,0.21081851067789195
GeminiPro+Sol,GeminiPro,2,myth_game,2,column 4,0.5,0.5477225575051662,6,0.22360679774997902
GeminiPro+Sol,GeminiPro,2,myth_game,2,column 5,0.3333333333333333,0.5163977794943223,6,0.210818510677892
GeminiPro+Sol,GeminiPro,2,myth_game,2,column 6,0.0,0.0,6,0.0
GeminiPro+Sol,GeminiPro,2,myth_game,2,column 7,0.0,0.0,6,0.0
GeminiPro+Sol,GeminiPro,2,myth_game,2,column 8,0.0,0.0,6,0.0
GeminiPro+Sol,GeminiPro,2,myth_game,2,column 9,0.0,0.0,6,0.0
GeminiPro+Sol,GeminiPro,2,myth_game,2,main: clarity_distortion,0.0,0.0,6,0.0
GeminiPro+Sol,GeminiPro,2,myth_game,2,main: cooperation_betrayal,0.0,0.0,6,0.0
GeminiPro+Sol,GeminiPro,2,myth_game,2,main: giving_hoarding,0.16666666666666666,0.408248290463863,6,0.16666666666666669
GeminiPro+Sol,GeminiPro,2,myth_game,2,main: high_low,0.0,0.0,6,0.0
GeminiPro+Sol,GeminiPro,2,myth_game,2,main: honesty_deception,0.0,0.0,6,0.0
GeminiPro+Sol,GeminiPro,2,myth_game,2,main: human_divine,0.0,0.0,6,0.0
GeminiPro+Sol,GeminiPro,2,myth_game,2,main: individual_community,0.0,0.0,6,0.0
GeminiPro+Sol,GeminiPro,2,myth_game,2,main: life_death,0.0,0.0,6,0.0
GeminiPro+Sol,GeminiPro,2,myth_game,2,main: light_dark,0.0,0.0,6,0.0
GeminiPro+Sol,GeminiPro,2,myth_game,2,main: nature_culture,0.0,0.0,6,0.0
GeminiPro+Sol,GeminiPro,2,myth_game,2,main: order_chaos,0.0,0.0,6,0.0
GeminiPro+Sol,GeminiPro,2,myth_game,2,main: other,0.0,0.0,6,0.0
GeminiPro+Sol,GeminiPro,2,myth_game,2,main: punishment_forgiveness,0.0,0.0,6,0.0
GeminiPro+Sol,GeminiPro,2,myth_game,2,main: scarcity_abundance,0.0,0.0,6,0.0
GeminiPro+Sol,GeminiPro,2,myth_game,2,main: trust_fear,0.8333333333333334,0.408248290463863,6,0.16666666666666669
GeminiPro+Sol,GeminiPro,2,myth_game,2,mediator present,0.3333333333333333,0.5163977794943223,6,0.210818510677892
GeminiPro+Sol,GeminiPro,2,myth_game,2,resolution: balanced middle,0.16666666666666666,0.408248290463863,6,0.16666666666666669
GeminiPro+Sol,GeminiPro,2,myth_game,2,resolution: mediated,0.3333333333333333,0.5163977794943223,6,0.210818510677892
GeminiPro+Sol,GeminiPro,2,myth_game,2,resolution: one pole wins,0.5,0.5477225575051661,6,0.22360679774997896
GeminiPro+Sol,GeminiPro,2,myth_game,2,role inversion,0.0,0.0,6,0.0
GeminiPro+Sol,GeminiPro,2,myth_game,5,any: clarity_distortion,0.5,0.5477225575051661,6,0.22360679774997896
GeminiPro+Sol,GeminiPro,2,myth_game,5,any: cooperation_betrayal,0.3333333333333333,0.5163977794943223,6,0.210818510677892
GeminiPro+Sol,GeminiPro,2,myth_game,5,any: giving_hoarding,0.5,0.5477225575051661,6,0.22360679774997896
GeminiPro+Sol,GeminiPro,2,myth_game,5,any: high_low,0.0,0.0,6,0.0
GeminiPro+Sol,GeminiPro,2,myth_game,5,any: honesty_deception,0.3333333333333333,0.5163977794943222,6,0.21081851067789195
GeminiPro+Sol,GeminiPro,2,myth_game,5,any: human_divine,0.0,0.0,6,0.0
GeminiPro+Sol,GeminiPro,2,myth_game,5,any: individual_community,0.0,0.0,6,0.0
GeminiPro+Sol,GeminiPro,2,myth_game,5,any: life_death,0.0,0.0,6,0.0
GeminiPro+Sol,GeminiPro,2,myth_game,5,any: light_dark,0.0,0.0,6,0.0
GeminiPro+Sol,GeminiPro,2,myth_game,5,any: nature_culture,0.0,0.0,6,0.0
GeminiPro+Sol,GeminiPro,2,myth_game,5,any: order_chaos,0.16666666666666666,0.408248290463863,6,0.16666666666666669
GeminiPro+Sol,GeminiPro,2,myth_game,5,any: other,0.0,0.0,6,0.0
GeminiPro+Sol,GeminiPro,2,myth_game,5,any: punishment_forgiveness,0.16666666666666666,0.408248290463863,6,0.16666666666666669
GeminiPro+Sol,GeminiPro,2,myth_game,5,any: scarcity_abundance,0.16666666666666666,0.408248290463863,6,0.16666666666666669
GeminiPro+Sol,GeminiPro,2,myth_game,5,any: trust_fear,0.8333333333333334,0.408248290463863,6,0.16666666666666669
GeminiPro+Sol,GeminiPro,2,myth_game,5,arc: improves,0.5,0.5477225575051662,6,0.22360679774997902
GeminiPro+Sol,GeminiPro,2,myth_game,5,arc: restored,0.0,0.0,6,0.0
GeminiPro+Sol,GeminiPro,2,myth_game,5,arc: stable order,0.5,0.5477225575051662,6,0.22360679774997902
GeminiPro+Sol,GeminiPro,2,myth_game,5,column 0,0.0,0.0,6,0.0
GeminiPro+Sol,GeminiPro,2,myth_game,5,column 1,0.5,0.5477225575051661,6,0.22360679774997896
GeminiPro+Sol,GeminiPro,2,myth_game,5,column 10,0.16666666666666666,0.408248290463863,6,0.16666666666666669
GeminiPro+Sol,GeminiPro,2,myth_game,5,column 11,0.16666666666666666,0.408248290463863,6,0.16666666666666669
GeminiPro+Sol,GeminiPro,2,myth_game,5,column 12,0.6666666666666666,0.5163977794943222,6,0.21081851067789195
GeminiPro+Sol,GeminiPro,2,myth_game,5,column 13,0.0,0.0,6,0.0
GeminiPro+Sol,GeminiPro,2,myth_game,5,column 14,0.5,0.5477225575051662,6,0.22360679774997902
GeminiPro+Sol,GeminiPro,2,myth_game,5,column 15,0.16666666666666666,0.408248290463863,6,0.16666666666666669
GeminiPro+Sol,GeminiPro,2,myth_game,5,column 16,0.16666666666666666,0.408248290463863,6,0.16666666666666669
GeminiPro+Sol,GeminiPro,2,myth_game,5,column 17,0.5,0.5477225575051661,6,0.22360679774997896
GeminiPro+Sol,GeminiPro,2,myth_game,5,column 18,0.5,0.5477225575051661,6,0.22360679774997896
GeminiPro+Sol,GeminiPro,2,myth_game,5,column 19,0.0,0.0,6,0.0
GeminiPro+Sol,GeminiPro,2,myth_game,5,column 2,0.3333333333333333,0.5163977794943222,6,0.21081851067789195
GeminiPro+Sol,GeminiPro,2,myth_game,5,column 3,0.0,0.0,6,0.0
GeminiPro+Sol,GeminiPro,2,myth_game,5,column 4,0.5,0.5477225575051661,6,0.22360679774997896
GeminiPro+Sol,GeminiPro,2,myth_game,5,column 5,0.16666666666666666,0.408248290463863,6,0.16666666666666669
GeminiPro+Sol,GeminiPro,2,myth_game,5,column 6,0.16666666666666666,0.408248290463863,6,0.16666666666666669
GeminiPro+Sol,GeminiPro,2,myth_game,5,column 7,0.16666666666666666,0.408248290463863,6,0.16666666666666669
GeminiPro+Sol,GeminiPro,2,myth_game,5,column 8,0.0,0.0,6,0.0
GeminiPro+Sol,GeminiPro,2,myth_game,5,column 9,0.0,0.0,6,0.0
GeminiPro+Sol,GeminiPro,2,myth_game,5,main: clarity_distortion,0.16666666666666666,0.408248290463863,6,0.16666666666666669
GeminiPro+Sol,GeminiPro,2,myth_game,5,main: cooperation_betrayal,0.0,0.0,6,0.0
GeminiPro+Sol,GeminiPro,2,myth_game,5,main: giving_hoarding,0.16666666666666666,0.408248290463863,6,0.16666666666666669
GeminiPro+Sol,GeminiPro,2,myth_game,5,main: high_low,0.0,0.0,6,0.0
GeminiPro+Sol,GeminiPro,2,myth_game,5,main: honesty_deception,0.0,0.0,6,0.0
GeminiPro+Sol,GeminiPro,2,myth_game,5,main: human_divine,0.0,0.0,6,0.0
GeminiPro+Sol,GeminiPro,2,myth_game,5,main: individual_community,0.0,0.0,6,0.0
GeminiPro+Sol,GeminiPro,2,myth_game,5,main: life_death,0.0,0.0,6,0.0
GeminiPro+Sol,GeminiPro,2,myth_game,5,main: light_dark,0.0,0.0,6,0.0
GeminiPro+Sol,GeminiPro,2,myth_game,5,main: nature_culture,0.0,0.0,6,0.0
GeminiPro+Sol,GeminiPro,2,myth_game,5,main: order_chaos,0.0,0.0,6,0.0
GeminiPro+Sol,GeminiPro,2,myth_game,5,main: other,0.0,0.0,6,0.0
GeminiPro+Sol,GeminiPro,2,myth_game,5,main: punishment_forgiveness,0.0,0.0,6,0.0
GeminiPro+Sol,GeminiPro,2,myth_game,5,main: scarcity_abundance,0.0,0.0,6,0.0
GeminiPro+Sol,GeminiPro,2,myth_game,5,main: trust_fear,0.6666666666666666,0.5163977794943222,6,0.21081851067789195
GeminiPro+Sol,GeminiPro,2,myth_game,5,mediator present,0.3333333333333333,0.5163977794943222,6,0.21081851067789195
GeminiPro+Sol,GeminiPro,2,myth_game,5,resolution: balanced middle,0.0,0.0,6,0.0
GeminiPro+Sol,GeminiPro,2,myth_game,5,resolution: mediated,0.3333333333333333,0.5163977794943222,6,0.21081851067789195
GeminiPro+Sol,GeminiPro,2,myth_game,5,resolution: one pole wins,0.6666666666666666,0.5163977794943222,6,0.21081851067789195
GeminiPro+Sol,GeminiPro,2,myth_game,5,role inversion,0.0,0.0,6,0.0
GeminiPro+Sol,GeminiPro,2,myth_game,6,any: clarity_distortion,0.5,0.5477225575051661,6,0.22360679774997896
GeminiPro+Sol,GeminiPro,2,myth_game,6,any: cooperation_betrayal,0.5,0.5477225575051661,6,0.22360679774997896
GeminiPro+Sol,GeminiPro,2,myth_game,6,any: giving_hoarding,0.8333333333333334,0.408248290463863,6,0.16666666666666669
GeminiPro+Sol,GeminiPro,2,myth_game,6,any: high_low,0.0,0.0,6,0.0
GeminiPro+Sol,GeminiPro,2,myth_game,6,any: honesty_deception,0.0,0.0,6,0.0
GeminiPro+Sol,GeminiPro,2,myth_game,6,any: human_divine,0.0,0.0,6,0.0
GeminiPro+Sol,GeminiPro,2,myth_game,6,any: individual_community,0.0,0.0,6,0.0
GeminiPro+Sol,GeminiPro,2,myth_game,6,any: life_death,0.0,0.0,6,0.0
GeminiPro+Sol,GeminiPro,2,myth_game,6,any: light_dark,0.16666666666666666,0.408248290463863,6,0.16666666666666669
GeminiPro+Sol,GeminiPro,2,myth_game,6,any: nature_culture,0.0,0.0,6,0.0
GeminiPro+Sol,GeminiPro,2,myth_game,6,any: order_chaos,0.0,0.0,6,0.0
GeminiPro+Sol,GeminiPro,2,myth_game,6,any: other,0.0,0.0,6,0.0
GeminiPro+Sol,GeminiPro,2,myth_game,6,any: punishment_forgiveness,0.0,0.0,6,0.0
GeminiPro+Sol,GeminiPro,2,myth_game,6,any: scarcity_abundance,0.0,0.0,6,0.0
GeminiPro+Sol,GeminiPro,2,myth_game,6,any: trust_fear,1.0,0.0,6,0.0
GeminiPro+Sol,GeminiPro,2,myth_game,6,arc: improves,0.8333333333333334,0.408248290463863,6,0.16666666666666669
GeminiPro+Sol,GeminiPro,2,myth_game,6,arc: restored,0.16666666666666666,0.408248290463863,6,0.16666666666666669
GeminiPro+Sol,GeminiPro,2,myth_game,6,arc: stable order,0.0,0.0,6,0.0
GeminiPro+Sol,GeminiPro,2,myth_game,6,column 0,0.16666666666666666,0.408248290463863,6,0.16666666666666669
GeminiPro+Sol,GeminiPro,2,myth_game,6,column 1,0.16666666666666666,0.408248290463863,6,0.16666666666666669
GeminiPro+Sol,GeminiPro,2,myth_game,6,column 10,0.3333333333333333,0.5163977794943222,6,0.21081851067789195
GeminiPro+Sol,GeminiPro,2,myth_game,6,column 11,0.16666666666666666,0.408248290463863,6,0.16666666666666669
GeminiPro+Sol,GeminiPro,2,myth_game,6,column 12,0.5,0.5477225575051661,6,0.22360679774997896
GeminiPro+Sol,GeminiPro,2,myth_game,6,column 13,0.5,0.5477225575051661,6,0.22360679774997896
GeminiPro+Sol,GeminiPro,2,myth_game,6,column 14,0.0,0.0,6,0.0
GeminiPro+Sol,GeminiPro,2,myth_game,6,column 15,0.3333333333333333,0.5163977794943223,6,0.210818510677892
GeminiPro+Sol,GeminiPro,2,myth_game,6,column 16,0.16666666666666666,0.408248290463863,6,0.16666666666666669
GeminiPro+Sol,GeminiPro,2,myth_game,6,column 17,0.3333333333333333,0.5163977794943223,6,0.210818510677892
GeminiPro+Sol,GeminiPro,2,myth_game,6,column 18,0.5,0.5477225575051662,6,0.22360679774997902
GeminiPro+Sol,GeminiPro,2,myth_game,6,column 19,0.0,0.0,6,0.0
GeminiPro+Sol,GeminiPro,2,myth_game,6,column 2,0.16666666666666666,0.408248290463863,6,0.16666666666666669
GeminiPro+Sol,GeminiPro,2,myth_game,6,column 3,0.0,0.0,6,0.0
GeminiPro+Sol,GeminiPro,2,myth_game,6,column 4,0.8333333333333334,0.408248290463863,6,0.16666666666666669
GeminiPro+Sol,GeminiPro,2,myth_game,6,column 5,0.0,0.0,6,0.0
GeminiPro+Sol,GeminiPro,2,myth_game,6,column 6,0.0,0.0,6,0.0
GeminiPro+Sol,GeminiPro,2,myth_game,6,column 7,0.3333333333333333,0.5163977794943223,6,0.210818510677892
GeminiPro+Sol,GeminiPro,2,myth_game,6,column 8,0.16666666666666666,0.408248290463863,6,0.16666666666666669
GeminiPro+Sol,GeminiPro,2,myth_game,6,column 9,0.16666666666666666,0.408248290463863,6,0.16666666666666669
GeminiPro+Sol,GeminiPro,2,myth_game,6,main: clarity_distortion,0.0,0.0,6,0.0
GeminiPro+Sol,GeminiPro,2,myth_game,6,main: cooperation_betrayal,0.0,0.0,6,0.0
GeminiPro+Sol,GeminiPro,2,myth_game,6,main: giving_hoarding,0.16666666666666666,0.408248290463863,6,0.16666666666666669
GeminiPro+Sol,GeminiPro,2,myth_game,6,main: high_low,0.0,0.0,6,0.0
GeminiPro+Sol,GeminiPro,2,myth_game,6,main: honesty_deception,0.0,0.0,6,0.0
GeminiPro+Sol,GeminiPro,2,myth_game,6,main: human_divine,0.0,0.0,6,0.0
GeminiPro+Sol,GeminiPro,2,myth_game,6,main: individual_community,0.0,0.0,6,0.0
GeminiPro+Sol,GeminiPro,2,myth_game,6,main: life_death,0.0,0.0,6,0.0
GeminiPro+Sol,GeminiPro,2,myth_game,6,main: light_dark,0.0,0.0,6,0.0
GeminiPro+Sol,GeminiPro,2,myth_game,6,main: nature_culture,0.0,0.0,6,0.0
GeminiPro+Sol,GeminiPro,2,myth_game,6,main: order_chaos,0.0,0.0,6,0.0
GeminiPro+Sol,GeminiPro,2,myth_game,6,main: other,0.0,0.0,6,0.0
GeminiPro+Sol,GeminiPro,2,myth_game,6,main: punishment_forgiveness,0.0,0.0,6,0.0
GeminiPro+Sol,GeminiPro,2,myth_game,6,main: scarcity_abundance,0.0,0.0,6,0.0
GeminiPro+Sol,GeminiPro,2,myth_game,6,main: trust_fear,0.8333333333333334,0.408248290463863,6,0.16666666666666669
GeminiPro+Sol,GeminiPro,2,myth_game,6,mediator present,0.5,0.5477225575051661,6,0.22360679774997896
GeminiPro+Sol,GeminiPro,2,myth_game,6,resolution: balanced middle,0.0,0.0,6,0.0
GeminiPro+Sol,GeminiPro,2,myth_game,6,resolution: mediated,0.5,0.5477225575051661,6,0.22360679774997896
GeminiPro+Sol,GeminiPro,2,myth_game,6,resolution: one pole wins,0.5,0.5477225575051661,6,0.22360679774997896
GeminiPro+Sol,GeminiPro,2,myth_game,6,role inversion,0.0,0.0,6,0.0
GeminiPro+Sol,GeminiPro,2,myth_game,9,any: clarity_distortion,0.5,0.5477225575051662,6,0.22360679774997902
GeminiPro+Sol,GeminiPro,2,myth_game,9,any: cooperation_betrayal,0.6666666666666666,0.5163977794943222,6,0.21081851067789195
GeminiPro+Sol,GeminiPro,2,myth_game,9,any: giving_hoarding,0.6666666666666666,0.5163977794943222,6,0.21081851067789195
GeminiPro+Sol,GeminiPro,2,myth_game,9,any: high_low,0.0,0.0,6,0.0
GeminiPro+Sol,GeminiPro,2,myth_game,9,any: honesty_deception,0.0,0.0,6,0.0
GeminiPro+Sol,GeminiPro,2,myth_game,9,any: human_divine,0.0,0.0,6,0.0
GeminiPro+Sol,GeminiPro,2,myth_game,9,any: individual_community,0.0,0.0,6,0.0
GeminiPro+Sol,GeminiPro,2,myth_game,9,any: life_death,0.0,0.0,6,0.0
GeminiPro+Sol,GeminiPro,2,myth_game,9,any: light_dark,0.0,0.0,6,0.0
GeminiPro+Sol,GeminiPro,2,myth_game,9,any: nature_culture,0.0,0.0,6,0.0
GeminiPro+Sol,GeminiPro,2,myth_game,9,any: order_chaos,0.0,0.0,6,0.0
GeminiPro+Sol,GeminiPro,2,myth_game,9,any: other,0.0,0.0,6,0.0
GeminiPro+Sol,GeminiPro,2,myth_game,9,any: punishment_forgiveness,0.0,0.0,6,0.0
GeminiPro+Sol,GeminiPro,2,myth_game,9,any: scarcity_abundance,0.3333333333333333,0.5163977794943222,6,0.21081851067789195
GeminiPro+Sol,GeminiPro,2,myth_game,9,any: trust_fear,0.8333333333333334,0.408248290463863,6,0.16666666666666669
GeminiPro+Sol,GeminiPro,2,myth_game,9,arc: improves,0.5,0.5477225575051661,6,0.22360679774997896
GeminiPro+Sol,GeminiPro,2,myth_game,9,arc: restored,0.16666666666666666,0.408248290463863,6,0.16666666666666669
GeminiPro+Sol,GeminiPro,2,myth_game,9,arc: stable order,0.3333333333333333,0.5163977794943223,6,0.210818510677892
GeminiPro+Sol,GeminiPro,2,myth_game,9,column 0,0.16666666666666666,0.408248290463863,6,0.16666666666666669
GeminiPro+Sol,GeminiPro,2,myth_game,9,column 1,0.5,0.5477225575051661,6,0.22360679774997896
GeminiPro+Sol,GeminiPro,2,myth_game,9,column 10,0.3333333333333333,0.5163977794943222,6,0.21081851067789195
GeminiPro+Sol,GeminiPro,2,myth_game,9,column 11,0.0,0.0,6,0.0
GeminiPro+Sol,GeminiPro,2,myth_game,9,column 12,0.6666666666666666,0.5163977794943222,6,0.21081851067789195
GeminiPro+Sol,GeminiPro,2,myth_game,9,column 13,0.3333333333333333,0.5163977794943223,6,0.210818510677892
GeminiPro+Sol,GeminiPro,2,myth_game,9,column 14,0.0,0.0,6,0.0
GeminiPro+Sol,GeminiPro,2,myth_game,9,column 15,0.16666666666666666,0.408248290463863,6,0.16666666666666669
GeminiPro+Sol,GeminiPro,2,myth_game,9,column 16,0.16666666666666666,0.408248290463863,6,0.16666666666666669
GeminiPro+Sol,GeminiPro,2,myth_game,9,column 17,0.16666666666666666,0.408248290463863,6,0.16666666666666669
GeminiPro+Sol,GeminiPro,2,myth_game,9,column 18,0.5,0.5477225575051661,6,0.22360679774997896
GeminiPro+Sol,GeminiPro,2,myth_game,9,column 19,0.0,0.0,6,0.0
GeminiPro+Sol,GeminiPro,2,myth_game,9,column 2,0.8333333333333334,0.408248290463863,6,0.16666666666666669
GeminiPro+Sol,GeminiPro,2,myth_game,9,column 3,0.3333333333333333,0.5163977794943223,6,0.210818510677892
GeminiPro+Sol,GeminiPro,2,myth_game,9,column 4,0.6666666666666666,0.5163977794943222,6,0.21081851067789195
GeminiPro+Sol,GeminiPro,2,myth_game,9,column 5,0.0,0.0,6,0.0
GeminiPro+Sol,GeminiPro,2,myth_game,9,column 6,0.3333333333333333,0.5163977794943223,6,0.210818510677892
GeminiPro+Sol,GeminiPro,2,myth_game,9,column 7,0.0,0.0,6,0.0
GeminiPro+Sol,GeminiPro,2,myth_game,9,column 8,0.16666666666666666,0.408248290463863,6,0.16666666666666669
GeminiPro+Sol,GeminiPro,2,myth_game,9,column 9,0.0,0.0,6,0.0
GeminiPro+Sol,GeminiPro,2,myth_game,9,main: clarity_distortion,0.0,0.0,6,0.0
GeminiPro+Sol,GeminiPro,2,myth_game,9,main: cooperation_betrayal,0.3333333333333333,0.5163977794943222,6,0.21081851067789195
GeminiPro+Sol,GeminiPro,2,myth_game,9,main: giving_hoarding,0.16666666666666666,0.408248290463863,6,0.16666666666666669
GeminiPro+Sol,GeminiPro,2,myth_game,9,main: high_low,0.0,0.0,6,0.0
GeminiPro+Sol,GeminiPro,2,myth_game,9,main: honesty_deception,0.0,0.0,6,0.0
GeminiPro+Sol,GeminiPro,2,myth_game,9,main: human_divine,0.0,0.0,6,0.0
GeminiPro+Sol,GeminiPro,2,myth_game,9,main: individual_community,0.0,0.0,6,0.0
GeminiPro+Sol,GeminiPro,2,myth_game,9,main: life_death,0.0,0.0,6,0.0
GeminiPro+Sol,GeminiPro,2,myth_game,9,main: light_dark,0.0,0.0,6,0.0
GeminiPro+Sol,GeminiPro,2,myth_game,9,main: nature_culture,0.0,0.0,6,0.0
GeminiPro+Sol,GeminiPro,2,myth_game,9,main: order_chaos,0.0,0.0,6,0.0
GeminiPro+Sol,GeminiPro,2,myth_game,9,main: other,0.0,0.0,6,0.0
GeminiPro+Sol,GeminiPro,2,myth_game,9,main: punishment_forgiveness,0.0,0.0,6,0.0
GeminiPro+Sol,GeminiPro,2,myth_game,9,main: scarcity_abundance,0.0,0.0,6,0.0
GeminiPro+Sol,GeminiPro,2,myth_game,9,main: trust_fear,0.5,0.5477225575051662,6,0.22360679774997902
GeminiPro+Sol,GeminiPro,2,myth_game,9,mediator present,0.16666666666666666,0.408248290463863,6,0.16666666666666669
GeminiPro+Sol,GeminiPro,2,myth_game,9,resolution: balanced middle,0.0,0.0,6,0.0
GeminiPro+Sol,GeminiPro,2,myth_game,9,resolution: mediated,0.16666666666666666,0.408248290463863,6,0.16666666666666669
GeminiPro+Sol,GeminiPro,2,myth_game,9,resolution: one pole wins,0.8333333333333334,0.408248290463863,6,0.16666666666666669
GeminiPro+Sol,GeminiPro,2,myth_game,9,role inversion,0.0,0.0,6,0.0
GeminiPro+Sol,GeminiPro,2,myth_game,10,any: clarity_distortion,0.6666666666666666,0.5163977794943223,6,0.210818510677892
GeminiPro+Sol,GeminiPro,2,myth_game,10,any: cooperation_betrayal,0.16666666666666666,0.408248290463863,6,0.16666666666666669
GeminiPro+Sol,GeminiPro,2,myth_game,10,any: giving_hoarding,0.3333333333333333,0.5163977794943222,6,0.21081851067789195
GeminiPro+Sol,GeminiPro,2,myth_game,10,any: high_low,0.16666666666666666,0.408248290463863,6,0.16666666666666669
GeminiPro+Sol,GeminiPro,2,myth_game,10,any: honesty_deception,0.0,0.0,6,0.0
GeminiPro+Sol,GeminiPro,2,myth_game,10,any: human_divine,0.0,0.0,6,0.0
GeminiPro+Sol,GeminiPro,2,myth_game,10,any: individual_community,0.0,0.0,6,0.0
GeminiPro+Sol,GeminiPro,2,myth_game,10,any: life_death,0.0,0.0,6,0.0
GeminiPro+Sol,GeminiPro,2,myth_game,10,any: light_dark,0.0,0.0,6,0.0
GeminiPro+Sol,GeminiPro,2,myth_game,10,any: nature_culture,0.0,0.0,6,0.0
GeminiPro+Sol,GeminiPro,2,myth_game,10,any: order_chaos,0.0,0.0,6,0.0
GeminiPro+Sol,GeminiPro,2,myth_game,10,any: other,0.16666666666666666,0.408248290463863,6,0.16666666666666669
GeminiPro+Sol,GeminiPro,2,myth_game,10,any: punishment_forgiveness,0.16666666666666666,0.408248290463863,6,0.16666666666666669
GeminiPro+Sol,GeminiPro,2,myth_game,10,any: scarcity_abundance,0.5,0.5477225575051661,6,0.22360679774997896
GeminiPro+Sol,GeminiPro,2,myth_game,10,any: trust_fear,0.8333333333333334,0.408248290463863,6,0.16666666666666669
GeminiPro+Sol,GeminiPro,2,myth_game,10,arc: improves,0.5,0.5477225575051661,6,0.22360679774997896
GeminiPro+Sol,GeminiPro,2,myth_game,10,arc: restored,0.16666666666666666,0.408248290463863,6,0.16666666666666669
GeminiPro+Sol,GeminiPro,2,myth_game,10,arc: stable order,0.3333333333333333,0.5163977794943223,6,0.210818510677892
GeminiPro+Sol,GeminiPro,2,myth_game,10,column 0,0.16666666666666666,0.408248290463863,6,0.16666666666666669
GeminiPro+Sol,GeminiPro,2,myth_game,10,column 1,0.5,0.5477225575051661,6,0.22360679774997896
GeminiPro+Sol,GeminiPro,2,myth_game,10,column 10,0.5,0.5477225575051662,6,0.22360679774997902
GeminiPro+Sol,GeminiPro,2,myth_game,10,column 11,0.16666666666666666,0.408248290463863,6,0.16666666666666669
GeminiPro+Sol,GeminiPro,2,myth_game,10,column 12,0.5,0.5477225575051661,6,0.22360679774997896
GeminiPro+Sol,GeminiPro,2,myth_game,10,column 13,0.16666666666666666,0.408248290463863,6,0.16666666666666669
GeminiPro+Sol,GeminiPro,2,myth_game,10,column 14,0.3333333333333333,0.5163977794943222,6,0.21081851067789195
GeminiPro+Sol,GeminiPro,2,myth_game,10,column 15,0.3333333333333333,0.5163977794943223,6,0.210818510677892
GeminiPro+Sol,GeminiPro,2,myth_game,10,column 16,0.3333333333333333,0.5163977794943223,6,0.210818510677892
GeminiPro+Sol,GeminiPro,2,myth_game,10,column 17,0.16666666666666666,0.408248290463863,6,0.16666666666666669
GeminiPro+Sol,GeminiPro,2,myth_game,10,column 18,0.3333333333333333,0.5163977794943223,6,0.210818510677892
GeminiPro+Sol,GeminiPro,2,myth_game,10,column 19,0.0,0.0,6,0.0
GeminiPro+Sol,GeminiPro,2,myth_game,10,column 2,0.3333333333333333,0.5163977794943223,6,0.210818510677892
GeminiPro+Sol,GeminiPro,2,myth_game,10,column 3,0.0,0.0,6,0.0
GeminiPro+Sol,GeminiPro,2,myth_game,10,column 4,0.8333333333333334,0.408248290463863,6,0.16666666666666669
GeminiPro+Sol,GeminiPro,2,myth_game,10,column 5,0.16666666666666666,0.408248290463863,6,0.16666666666666669
GeminiPro+Sol,GeminiPro,2,myth_game,10,column 6,0.3333333333333333,0.5163977794943223,6,0.210818510677892
GeminiPro+Sol,GeminiPro,2,myth_game,10,column 7,0.16666666666666666,0.408248290463863,6,0.16666666666666669
GeminiPro+Sol,GeminiPro,2,myth_game,10,column 8,0.0,0.0,6,0.0
GeminiPro+Sol,GeminiPro,2,myth_game,10,column 9,0.16666666666666666,0.408248290463863,6,0.16666666666666669
GeminiPro+Sol,GeminiPro,2,myth_game,10,main: clarity_distortion,0.3333333333333333,0.5163977794943223,6,0.210818510677892
GeminiPro+Sol,GeminiPro,2,myth_game,10,main: cooperation_betrayal,0.0,0.0,6,0.0
GeminiPro+Sol,GeminiPro,2,myth_game,10,main: giving_hoarding,0.0,0.0,6,0.0
GeminiPro+Sol,GeminiPro,2,myth_game,10,main: high_low,0.0,0.0,6,0.0
GeminiPro+Sol,GeminiPro,2,myth_game,10,main: honesty_deception,0.0,0.0,6,0.0
GeminiPro+Sol,GeminiPro,2,myth_game,10,main: human_divine,0.0,0.0,6,0.0
GeminiPro+Sol,GeminiPro,2,myth_game,10,main: individual_community,0.0,0.0,6,0.0
GeminiPro+Sol,GeminiPro,2,myth_game,10,main: life_death,0.0,0.0,6,0.0
GeminiPro+Sol,GeminiPro,2,myth_game,10,main: light_dark,0.0,0.0,6,0.0
GeminiPro+Sol,GeminiPro,2,myth_game,10,main: nature_culture,0.0,0.0,6,0.0
GeminiPro+Sol,GeminiPro,2,myth_game,10,main: order_chaos,0.0,0.0,6,0.0
GeminiPro+Sol,GeminiPro,2,myth_game,10,main: other,0.0,0.0,6,0.0
GeminiPro+Sol,GeminiPro,2,myth_game,10,main: punishment_forgiveness,0.0,0.0,6,0.0
GeminiPro+Sol,GeminiPro,2,myth_game,10,main: scarcity_abundance,0.0,0.0,6,0.0
GeminiPro+Sol,GeminiPro,2,myth_game,10,main: trust_fear,0.6666666666666666,0.5163977794943223,6,0.210818510677892
GeminiPro+Sol,GeminiPro,2,myth_game,10,mediator present,0.6666666666666666,0.5163977794943222,6,0.21081851067789195
GeminiPro+Sol,GeminiPro,2,myth_game,10,resolution: balanced middle,0.0,0.0,6,0.0
GeminiPro+Sol,GeminiPro,2,myth_game,10,resolution: mediated,0.6666666666666666,0.5163977794943222,6,0.21081851067789195
GeminiPro+Sol,GeminiPro,2,myth_game,10,resolution: one pole wins,0.3333333333333333,0.5163977794943222,6,0.21081851067789195
GeminiPro+Sol,GeminiPro,2,myth_game,10,role inversion,0.0,0.0,6,0.0
GeminiPro+Sol,Sol,2,game_myth,1,any: clarity_distortion,0.0,0.0,6,0.0
GeminiPro+Sol,Sol,2,game_myth,1,any: cooperation_betrayal,0.8333333333333334,0.408248290463863,6,0.16666666666666669
GeminiPro+Sol,Sol,2,game_myth,1,any: giving_hoarding,1.0,0.0,6,0.0
GeminiPro+Sol,Sol,2,game_myth,1,any: high_low,0.0,0.0,6,0.0
GeminiPro+Sol,Sol,2,game_myth,1,any: honesty_deception,0.0,0.0,6,0.0
GeminiPro+Sol,Sol,2,game_myth,1,any: human_divine,0.0,0.0,6,0.0
GeminiPro+Sol,Sol,2,game_myth,1,any: individual_community,0.0,0.0,6,0.0
GeminiPro+Sol,Sol,2,game_myth,1,any: life_death,0.0,0.0,6,0.0
GeminiPro+Sol,Sol,2,game_myth,1,any: light_dark,0.0,0.0,6,0.0
GeminiPro+Sol,Sol,2,game_myth,1,any: nature_culture,0.0,0.0,6,0.0
GeminiPro+Sol,Sol,2,game_myth,1,any: order_chaos,0.0,0.0,6,0.0
GeminiPro+Sol,Sol,2,game_myth,1,any: other,0.0,0.0,6,0.0
GeminiPro+Sol,Sol,2,game_myth,1,any: punishment_forgiveness,0.0,0.0,6,0.0
GeminiPro+Sol,Sol,2,game_myth,1,any: scarcity_abundance,0.16666666666666666,0.408248290463863,6,0.16666666666666669
GeminiPro+Sol,Sol,2,game_myth,1,any: trust_fear,1.0,0.0,6,0.0
GeminiPro+Sol,Sol,2,game_myth,1,arc: improves,1.0,0.0,6,0.0
GeminiPro+Sol,Sol,2,game_myth,1,arc: restored,0.0,0.0,6,0.0
GeminiPro+Sol,Sol,2,game_myth,1,arc: stable order,0.0,0.0,6,0.0
GeminiPro+Sol,Sol,2,game_myth,1,column 0,0.5,0.5477225575051662,6,0.22360679774997902
GeminiPro+Sol,Sol,2,game_myth,1,column 1,0.0,0.0,6,0.0
GeminiPro+Sol,Sol,2,game_myth,1,column 10,0.3333333333333333,0.5163977794943223,6,0.210818510677892
GeminiPro+Sol,Sol,2,game_myth,1,column 11,0.16666666666666666,0.408248290463863,6,0.16666666666666669
GeminiPro+Sol,Sol,2,game_myth,1,column 12,0.3333333333333333,0.5163977794943223,6,0.210818510677892
GeminiPro+Sol,Sol,2,game_myth,1,column 13,0.16666666666666666,0.408248290463863,6,0.16666666666666669
GeminiPro+Sol,Sol,2,game_myth,1,column 14,0.16666666666666666,0.408248290463863,6,0.16666666666666669
GeminiPro+Sol,Sol,2,game_myth,1,column 15,0.3333333333333333,0.5163977794943223,6,0.210818510677892
GeminiPro+Sol,Sol,2,game_myth,1,column 16,0.0,0.0,6,0.0
GeminiPro+Sol,Sol,2,game_myth,1,column 17,0.6666666666666666,0.5163977794943222,6,0.21081851067789195
GeminiPro+Sol,Sol,2,game_myth,1,column 18,0.16666666666666666,0.408248290463863,6,0.16666666666666669
GeminiPro+Sol,Sol,2,game_myth,1,column 19,0.0,0.0,6,0.0
GeminiPro+Sol,Sol,2,game_myth,1,column 2,0.16666666666666666,0.408248290463863,6,0.16666666666666669
GeminiPro+Sol,Sol,2,game_myth,1,column 3,0.3333333333333333,0.5163977794943222,6,0.21081851067789195
GeminiPro+Sol,Sol,2,game_myth,1,column 4,0.3333333333333333,0.5163977794943223,6,0.210818510677892
GeminiPro+Sol,Sol,2,game_myth,1,column 5,0.16666666666666666,0.408248290463863,6,0.16666666666666669
GeminiPro+Sol,Sol,2,game_myth,1,column 6,0.16666666666666666,0.408248290463863,6,0.16666666666666669
GeminiPro+Sol,Sol,2,game_myth,1,column 7,0.5,0.5477225575051661,6,0.22360679774997896
GeminiPro+Sol,Sol,2,game_myth,1,column 8,0.3333333333333333,0.5163977794943222,6,0.21081851067789195
GeminiPro+Sol,Sol,2,game_myth,1,column 9,0.3333333333333333,0.5163977794943222,6,0.21081851067789195
GeminiPro+Sol,Sol,2,game_myth,1,main: clarity_distortion,0.0,0.0,6,0.0
GeminiPro+Sol,Sol,2,game_myth,1,main: cooperation_betrayal,0.0,0.0,6,0.0
GeminiPro+Sol,Sol,2,game_myth,1,main: giving_hoarding,0.6666666666666666,0.5163977794943223,6,0.210818510677892
GeminiPro+Sol,Sol,2,game_myth,1,main: high_low,0.0,0.0,6,0.0
GeminiPro+Sol,Sol,2,game_myth,1,main: honesty_deception,0.0,0.0,6,0.0
GeminiPro+Sol,Sol,2,game_myth,1,main: human_divine,0.0,0.0,6,0.0
GeminiPro+Sol,Sol,2,game_myth,1,main: individual_community,0.0,0.0,6,0.0
GeminiPro+Sol,Sol,2,game_myth,1,main: life_death,0.0,0.0,6,0.0
GeminiPro+Sol,Sol,2,game_myth,1,main: light_dark,0.0,0.0,6,0.0
GeminiPro+Sol,Sol,2,game_myth,1,main: nature_culture,0.0,0.0,6,0.0
GeminiPro+Sol,Sol,2,game_myth,1,main: order_chaos,0.0,0.0,6,0.0
GeminiPro+Sol,Sol,2,game_myth,1,main: other,0.0,0.0,6,0.0
GeminiPro+Sol,Sol,2,game_myth,1,main: punishment_forgiveness,0.0,0.0,6,0.0
GeminiPro+Sol,Sol,2,game_myth,1,main: scarcity_abundance,0.0,0.0,6,0.0
GeminiPro+Sol,Sol,2,game_myth,1,main: trust_fear,0.3333333333333333,0.5163977794943223,6,0.210818510677892
GeminiPro+Sol,Sol,2,game_myth,1,mediator present,1.0,0.0,6,0.0
GeminiPro+Sol,Sol,2,game_myth,1,resolution: balanced middle,0.0,0.0,6,0.0
GeminiPro+Sol,Sol,2,game_myth,1,resolution: mediated,1.0,0.0,6,0.0
GeminiPro+Sol,Sol,2,game_myth,1,resolution: one pole wins,0.0,0.0,6,0.0
GeminiPro+Sol,Sol,2,game_myth,1,role inversion,0.0,0.0,6,0.0
GeminiPro+Sol,Sol,2,game_myth,2,any: clarity_distortion,0.3333333333333333,0.5163977794943223,6,0.210818510677892
GeminiPro+Sol,Sol,2,game_myth,2,any: cooperation_betrayal,0.3333333333333333,0.5163977794943222,6,0.21081851067789195
GeminiPro+Sol,Sol,2,game_myth,2,any: giving_hoarding,0.8333333333333334,0.408248290463863,6,0.16666666666666669
GeminiPro+Sol,Sol,2,game_myth,2,any: high_low,0.0,0.0,6,0.0
GeminiPro+Sol,Sol,2,game_myth,2,any: honesty_deception,0.0,0.0,6,0.0
GeminiPro+Sol,Sol,2,game_myth,2,any: human_divine,0.0,0.0,6,0.0
GeminiPro+Sol,Sol,2,game_myth,2,any: individual_community,0.0,0.0,6,0.0
GeminiPro+Sol,Sol,2,game_myth,2,any: life_death,0.0,0.0,6,0.0
GeminiPro+Sol,Sol,2,game_myth,2,any: light_dark,0.0,0.0,6,0.0
GeminiPro+Sol,Sol,2,game_myth,2,any: nature_culture,0.0,0.0,6,0.0
GeminiPro+Sol,Sol,2,game_myth,2,any: order_chaos,0.0,0.0,6,0.0
GeminiPro+Sol,Sol,2,game_myth,2,any: other,0.0,0.0,6,0.0
GeminiPro+Sol,Sol,2,game_myth,2,any: punishment_forgiveness,0.3333333333333333,0.5163977794943223,6,0.210818510677892
GeminiPro+Sol,Sol,2,game_myth,2,any: scarcity_abundance,0.3333333333333333,0.5163977794943223,6,0.210818510677892
GeminiPro+Sol,Sol,2,game_myth,2,any: trust_fear,0.8333333333333334,0.408248290463863,6,0.16666666666666669
GeminiPro+Sol,Sol,2,game_myth,2,arc: improves,1.0,0.0,6,0.0
GeminiPro+Sol,Sol,2,game_myth,2,arc: restored,0.0,0.0,6,0.0
GeminiPro+Sol,Sol,2,game_myth,2,arc: stable order,0.0,0.0,6,0.0
GeminiPro+Sol,Sol,2,game_myth,2,column 0,0.16666666666666666,0.408248290463863,6,0.16666666666666669
GeminiPro+Sol,Sol,2,game_myth,2,column 1,0.16666666666666666,0.408248290463863,6,0.16666666666666669
GeminiPro+Sol,Sol,2,game_myth,2,column 10,0.16666666666666666,0.408248290463863,6,0.16666666666666669
GeminiPro+Sol,Sol,2,game_myth,2,column 11,0.6666666666666666,0.5163977794943222,6,0.21081851067789195
GeminiPro+Sol,Sol,2,game_myth,2,column 12,0.5,0.5477225575051662,6,0.22360679774997902
GeminiPro+Sol,Sol,2,game_myth,2,column 13,0.3333333333333333,0.5163977794943222,6,0.21081851067789195
GeminiPro+Sol,Sol,2,game_myth,2,column 14,0.0,0.0,6,0.0
GeminiPro+Sol,Sol,2,game_myth,2,column 15,0.3333333333333333,0.5163977794943222,6,0.21081851067789195
GeminiPro+Sol,Sol,2,game_myth,2,column 16,0.0,0.0,6,0.0
GeminiPro+Sol,Sol,2,game_myth,2,column 17,0.16666666666666666,0.408248290463863,6,0.16666666666666669
GeminiPro+Sol,Sol,2,game_myth,2,column 18,0.3333333333333333,0.5163977794943223,6,0.210818510677892
GeminiPro+Sol,Sol,2,game_myth,2,column 19,0.0,0.0,6,0.0
GeminiPro+Sol,Sol,2,game_myth,2,column 2,0.0,0.0,6,0.0
GeminiPro+Sol,Sol,2,game_myth,2,column 3,0.5,0.5477225575051661,6,0.22360679774997896
GeminiPro+Sol,Sol,2,game_myth,2,column 4,0.3333333333333333,0.5163977794943222,6,0.21081851067789195
GeminiPro+Sol,Sol,2,game_myth,2,column 5,0.3333333333333333,0.5163977794943222,6,0.21081851067789195
GeminiPro+Sol,Sol,2,game_myth,2,column 6,0.5,0.5477225575051661,6,0.22360679774997896
GeminiPro+Sol,Sol,2,game_myth,2,column 7,0.3333333333333333,0.5163977794943222,6,0.21081851067789195
GeminiPro+Sol,Sol,2,game_myth,2,column 8,0.16666666666666666,0.408248290463863,6,0.16666666666666669
GeminiPro+Sol,Sol,2,game_myth,2,column 9,0.3333333333333333,0.5163977794943223,6,0.210818510677892
GeminiPro+Sol,Sol,2,game_myth,2,main: clarity_distortion,0.16666666666666666,0.408248290463863,6,0.16666666666666669
GeminiPro+Sol,Sol,2,game_myth,2,main: cooperation_betrayal,0.0,0.0,6,0.0
GeminiPro+Sol,Sol,2,game_myth,2,main: giving_hoarding,0.5,0.5477225575051661,6,0.22360679774997896
GeminiPro+Sol,Sol,2,game_myth,2,main: high_low,0.0,0.0,6,0.0
GeminiPro+Sol,Sol,2,game_myth,2,main: honesty_deception,0.0,0.0,6,0.0
GeminiPro+Sol,Sol,2,game_myth,2,main: human_divine,0.0,0.0,6,0.0
GeminiPro+Sol,Sol,2,game_myth,2,main: individual_community,0.0,0.0,6,0.0
GeminiPro+Sol,Sol,2,game_myth,2,main: life_death,0.0,0.0,6,0.0
GeminiPro+Sol,Sol,2,game_myth,2,main: light_dark,0.0,0.0,6,0.0
GeminiPro+Sol,Sol,2,game_myth,2,main: nature_culture,0.0,0.0,6,0.0
GeminiPro+Sol,Sol,2,game_myth,2,main: order_chaos,0.0,0.0,6,0.0
GeminiPro+Sol,Sol,2,game_myth,2,main: other,0.0,0.0,6,0.0
GeminiPro+Sol,Sol,2,game_myth,2,main: punishment_forgiveness,0.0,0.0,6,0.0
GeminiPro+Sol,Sol,2,game_myth,2,main: scarcity_abundance,0.0,0.0,6,0.0
GeminiPro+Sol,Sol,2,game_myth,2,main: trust_fear,0.3333333333333333,0.5163977794943222,6,0.21081851067789195
GeminiPro+Sol,Sol,2,game_myth,2,mediator present,1.0,0.0,6,0.0
GeminiPro+Sol,Sol,2,game_myth,2,resolution: balanced middle,0.0,0.0,6,0.0
GeminiPro+Sol,Sol,2,game_myth,2,resolution: mediated,1.0,0.0,6,0.0
GeminiPro+Sol,Sol,2,game_myth,2,resolution: one pole wins,0.0,0.0,6,0.0
GeminiPro+Sol,Sol,2,game_myth,2,role inversion,0.0,0.0,6,0.0
GeminiPro+Sol,Sol,2,game_myth,5,any: clarity_distortion,0.6666666666666666,0.5163977794943222,6,0.21081851067789195
GeminiPro+Sol,Sol,2,game_myth,5,any: cooperation_betrayal,0.3333333333333333,0.5163977794943223,6,0.210818510677892
GeminiPro+Sol,Sol,2,game_myth,5,any: giving_hoarding,0.6666666666666666,0.5163977794943222,6,0.21081851067789195
GeminiPro+Sol,Sol,2,game_myth,5,any: high_low,0.0,0.0,6,0.0
GeminiPro+Sol,Sol,2,game_myth,5,any: honesty_deception,0.0,0.0,6,0.0
GeminiPro+Sol,Sol,2,game_myth,5,any: human_divine,0.0,0.0,6,0.0
GeminiPro+Sol,Sol,2,game_myth,5,any: individual_community,0.0,0.0,6,0.0
GeminiPro+Sol,Sol,2,game_myth,5,any: life_death,0.0,0.0,6,0.0
GeminiPro+Sol,Sol,2,game_myth,5,any: light_dark,0.0,0.0,6,0.0
GeminiPro+Sol,Sol,2,game_myth,5,any: nature_culture,0.0,0.0,6,0.0
GeminiPro+Sol,Sol,2,game_myth,5,any: order_chaos,0.0,0.0,6,0.0
GeminiPro+Sol,Sol,2,game_myth,5,any: other,0.0,0.0,6,0.0
GeminiPro+Sol,Sol,2,game_myth,5,any: punishment_forgiveness,0.0,0.0,6,0.0
GeminiPro+Sol,Sol,2,game_myth,5,any: scarcity_abundance,0.3333333333333333,0.5163977794943222,6,0.21081851067789195
GeminiPro+Sol,Sol,2,game_myth,5,any: trust_fear,1.0,0.0,6,0.0
GeminiPro+Sol,Sol,2,game_myth,5,arc: improves,0.8333333333333334,0.408248290463863,6,0.16666666666666669
GeminiPro+Sol,Sol,2,game_myth,5,arc: restored,0.0,0.0,6,0.0
GeminiPro+Sol,Sol,2,game_myth,5,arc: stable order,0.16666666666666666,0.408248290463863,6,0.16666666666666669
GeminiPro+Sol,Sol,2,game_myth,5,column 0,0.3333333333333333,0.5163977794943222,6,0.21081851067789195
GeminiPro+Sol,Sol,2,game_myth,5,column 1,0.0,0.0,6,0.0
GeminiPro+Sol,Sol,2,game_myth,5,column 10,0.0,0.0,6,0.0
GeminiPro+Sol,Sol,2,game_myth,5,column 11,0.16666666666666666,0.408248290463863,6,0.16666666666666669
GeminiPro+Sol,Sol,2,game_myth,5,column 12,0.8333333333333334,0.408248290463863,6,0.16666666666666669
GeminiPro+Sol,Sol,2,game_myth,5,column 13,0.5,0.5477225575051661,6,0.22360679774997896
GeminiPro+Sol,Sol,2,game_myth,5,column 14,0.0,0.0,6,0.0
GeminiPro+Sol,Sol,2,game_myth,5,column 15,0.6666666666666666,0.5163977794943222,6,0.21081851067789195
GeminiPro+Sol,Sol,2,game_myth,5,column 16,0.0,0.0,6,0.0
GeminiPro+Sol,Sol,2,game_myth,5,column 17,0.3333333333333333,0.5163977794943223,6,0.210818510677892
GeminiPro+Sol,Sol,2,game_myth,5,column 18,0.3333333333333333,0.5163977794943222,6,0.21081851067789195
GeminiPro+Sol,Sol,2,game_myth,5,column 19,0.0,0.0,6,0.0
GeminiPro+Sol,Sol,2,game_myth,5,column 2,0.16666666666666666,0.408248290463863,6,0.16666666666666669
GeminiPro+Sol,Sol,2,game_myth,5,column 3,0.16666666666666666,0.408248290463863,6,0.16666666666666669
GeminiPro+Sol,Sol,2,game_myth,5,column 4,0.6666666666666666,0.5163977794943222,6,0.21081851067789195
GeminiPro+Sol,Sol,2,game_myth,5,column 5,0.6666666666666666,0.5163977794943223,6,0.210818510677892
GeminiPro+Sol,Sol,2,game_myth,5,column 6,0.0,0.0,6,0.0
GeminiPro+Sol,Sol,2,game_myth,5,column 7,0.16666666666666666,0.408248290463863,6,0.16666666666666669
GeminiPro+Sol,Sol,2,game_myth,5,column 8,0.16666666666666666,0.408248290463863,6,0.16666666666666669
GeminiPro+Sol,Sol,2,game_myth,5,column 9,0.16666666666666666,0.408248290463863,6,0.16666666666666669
GeminiPro+Sol,Sol,2,game_myth,5,main: clarity_distortion,0.0,0.0,6,0.0
GeminiPro+Sol,Sol,2,game_myth,5,main: cooperation_betrayal,0.0,0.0,6,0.0
GeminiPro+Sol,Sol,2,game_myth,5,main: giving_hoarding,0.3333333333333333,0.5163977794943222,6,0.21081851067789195
GeminiPro+Sol,Sol,2,game_myth,5,main: high_low,0.0,0.0,6,0.0
GeminiPro+Sol,Sol,2,game_myth,5,main: honesty_deception,0.0,0.0,6,0.0
GeminiPro+Sol,Sol,2,game_myth,5,main: human_divine,0.0,0.0,6,0.0
GeminiPro+Sol,Sol,2,game_myth,5,main: individual_community,0.0,0.0,6,0.0
GeminiPro+Sol,Sol,2,game_myth,5,main: life_death,0.0,0.0,6,0.0
GeminiPro+Sol,Sol,2,game_myth,5,main: light_dark,0.0,0.0,6,0.0
GeminiPro+Sol,Sol,2,game_myth,5,main: nature_culture,0.0,0.0,6,0.0
GeminiPro+Sol,Sol,2,game_myth,5,main: order_chaos,0.0,0.0,6,0.0
GeminiPro+Sol,Sol,2,game_myth,5,main: other,0.0,0.0,6,0.0
GeminiPro+Sol,Sol,2,game_myth,5,main: punishment_forgiveness,0.0,0.0,6,0.0
GeminiPro+Sol,Sol,2,game_myth,5,main: scarcity_abundance,0.0,0.0,6,0.0
GeminiPro+Sol,Sol,2,game_myth,5,main: trust_fear,0.6666666666666666,0.5163977794943222,6,0.21081851067789195
GeminiPro+Sol,Sol,2,game_myth,5,mediator present,0.6666666666666666,0.5163977794943222,6,0.21081851067789195
GeminiPro+Sol,Sol,2,game_myth,5,resolution: balanced middle,0.16666666666666666,0.408248290463863,6,0.16666666666666669
GeminiPro+Sol,Sol,2,game_myth,5,resolution: mediated,0.6666666666666666,0.5163977794943222,6,0.21081851067789195
GeminiPro+Sol,Sol,2,game_myth,5,resolution: one pole wins,0.16666666666666666,0.408248290463863,6,0.16666666666666669
GeminiPro+Sol,Sol,2,game_myth,5,role inversion,0.0,0.0,6,0.0
GeminiPro+Sol,Sol,2,game_myth,6,any: clarity_distortion,0.5,0.5477225575051662,6,0.22360679774997902
GeminiPro+Sol,Sol,2,game_myth,6,any: cooperation_betrayal,0.6666666666666666,0.5163977794943223,6,0.210818510677892
GeminiPro+Sol,Sol,2,game_myth,6,any: giving_hoarding,0.8333333333333334,0.408248290463863,6,0.16666666666666669
GeminiPro+Sol,Sol,2,game_myth,6,any: high_low,0.0,0.0,6,0.0
GeminiPro+Sol,Sol,2,game_myth,6,any: honesty_deception,0.0,0.0,6,0.0
GeminiPro+Sol,Sol,2,game_myth,6,any: human_divine,0.0,0.0,6,0.0
GeminiPro+Sol,Sol,2,game_myth,6,any: individual_community,0.0,0.0,6,0.0
GeminiPro+Sol,Sol,2,game_myth,6,any: life_death,0.0,0.0,6,0.0
GeminiPro+Sol,Sol,2,game_myth,6,any: light_dark,0.0,0.0,6,0.0
GeminiPro+Sol,Sol,2,game_myth,6,any: nature_culture,0.0,0.0,6,0.0
GeminiPro+Sol,Sol,2,game_myth,6,any: order_chaos,0.0,0.0,6,0.0
GeminiPro+Sol,Sol,2,game_myth,6,any: other,0.0,0.0,6,0.0
GeminiPro+Sol,Sol,2,game_myth,6,any: punishment_forgiveness,0.0,0.0,6,0.0
GeminiPro+Sol,Sol,2,game_myth,6,any: scarcity_abundance,0.0,0.0,6,0.0
GeminiPro+Sol,Sol,2,game_myth,6,any: trust_fear,1.0,0.0,6,0.0
GeminiPro+Sol,Sol,2,game_myth,6,arc: improves,1.0,0.0,6,0.0
GeminiPro+Sol,Sol,2,game_myth,6,arc: restored,0.0,0.0,6,0.0
GeminiPro+Sol,Sol,2,game_myth,6,arc: stable order,0.0,0.0,6,0.0
GeminiPro+Sol,Sol,2,game_myth,6,column 0,0.3333333333333333,0.5163977794943223,6,0.210818510677892
GeminiPro+Sol,Sol,2,game_myth,6,column 1,0.0,0.0,6,0.0
GeminiPro+Sol,Sol,2,game_myth,6,column 10,0.0,0.0,6,0.0
GeminiPro+Sol,Sol,2,game_myth,6,column 11,0.3333333333333333,0.5163977794943223,6,0.210818510677892
GeminiPro+Sol,Sol,2,game_myth,6,column 12,0.6666666666666666,0.5163977794943223,6,0.210818510677892
GeminiPro+Sol,Sol,2,game_myth,6,column 13,0.3333333333333333,0.5163977794943223,6,0.210818510677892
GeminiPro+Sol,Sol,2,game_myth,6,column 14,0.5,0.5477225575051661,6,0.22360679774997896
GeminiPro+Sol,Sol,2,game_myth,6,column 15,0.3333333333333333,0.5163977794943223,6,0.210818510677892
GeminiPro+Sol,Sol,2,game_myth,6,column 16,0.0,0.0,6,0.0
GeminiPro+Sol,Sol,2,game_myth,6,column 17,0.0,0.0,6,0.0
GeminiPro+Sol,Sol,2,game_myth,6,column 18,0.3333333333333333,0.5163977794943223,6,0.210818510677892
GeminiPro+Sol,Sol,2,game_myth,6,column 19,0.0,0.0,6,0.0
GeminiPro+Sol,Sol,2,game_myth,6,column 2,0.3333333333333333,0.5163977794943223,6,0.210818510677892
GeminiPro+Sol,Sol,2,game_myth,6,column 3,0.0,0.0,6,0.0
GeminiPro+Sol,Sol,2,game_myth,6,column 4,0.3333333333333333,0.5163977794943222,6,0.21081851067789195
GeminiPro+Sol,Sol,2,game_myth,6,column 5,0.3333333333333333,0.5163977794943222,6,0.21081851067789195
GeminiPro+Sol,Sol,2,game_myth,6,column 6,0.3333333333333333,0.5163977794943222,6,0.21081851067789195
GeminiPro+Sol,Sol,2,game_myth,6,column 7,0.16666666666666666,0.408248290463863,6,0.16666666666666669
GeminiPro+Sol,Sol,2,game_myth,6,column 8,0.3333333333333333,0.5163977794943222,6,0.21081851067789195
GeminiPro+Sol,Sol,2,game_myth,6,column 9,0.5,0.5477225575051661,6,0.22360679774997896
GeminiPro+Sol,Sol,2,game_myth,6,main: clarity_distortion,0.0,0.0,6,0.0
GeminiPro+Sol,Sol,2,game_myth,6,main: cooperation_betrayal,0.0,0.0,6,0.0
GeminiPro+Sol,Sol,2,game_myth,6,main: giving_hoarding,0.5,0.5477225575051661,6,0.22360679774997896
GeminiPro+Sol,Sol,2,game_myth,6,main: high_low,0.0,0.0,6,0.0
GeminiPro+Sol,Sol,2,game_myth,6,main: honesty_deception,0.0,0.0,6,0.0
GeminiPro+Sol,Sol,2,game_myth,6,main: human_divine,0.0,0.0,6,0.0
GeminiPro+Sol,Sol,2,game_myth,6,main: individual_community,0.0,0.0,6,0.0
GeminiPro+Sol,Sol,2,game_myth,6,main: life_death,0.0,0.0,6,0.0
GeminiPro+Sol,Sol,2,game_myth,6,main: light_dark,0.0,0.0,6,0.0
GeminiPro+Sol,Sol,2,game_myth,6,main: nature_culture,0.0,0.0,6,0.0
GeminiPro+Sol,Sol,2,game_myth,6,main: order_chaos,0.0,0.0,6,0.0
GeminiPro+Sol,Sol,2,game_myth,6,main: other,0.0,0.0,6,0.0
GeminiPro+Sol,Sol,2,game_myth,6,main: punishment_forgiveness,0.0,0.0,6,0.0
GeminiPro+Sol,Sol,2,game_myth,6,main: scarcity_abundance,0.0,0.0,6,0.0
GeminiPro+Sol,Sol,2,game_myth,6,main: trust_fear,0.5,0.5477225575051662,6,0.22360679774997902
GeminiPro+Sol,Sol,2,game_myth,6,mediator present,0.8333333333333334,0.408248290463863,6,0.16666666666666669
GeminiPro+Sol,Sol,2,game_myth,6,resolution: balanced middle,0.0,0.0,6,0.0
GeminiPro+Sol,Sol,2,game_myth,6,resolution: mediated,0.8333333333333334,0.408248290463863,6,0.16666666666666669
GeminiPro+Sol,Sol,2,game_myth,6,resolution: one pole wins,0.16666666666666666,0.408248290463863,6,0.16666666666666669
GeminiPro+Sol,Sol,2,game_myth,6,role inversion,0.0,0.0,6,0.0
GeminiPro+Sol,Sol,2,game_myth,9,any: clarity_distortion,0.16666666666666666,0.408248290463863,6,0.16666666666666669
GeminiPro+Sol,Sol,2,game_myth,9,any: cooperation_betrayal,0.8333333333333334,0.408248290463863,6,0.16666666666666669
GeminiPro+Sol,Sol,2,game_myth,9,any: giving_hoarding,0.3333333333333333,0.5163977794943223,6,0.210818510677892
GeminiPro+Sol,Sol,2,game_myth,9,any: high_low,0.0,0.0,6,0.0
GeminiPro+Sol,Sol,2,game_myth,9,any: honesty_deception,0.16666666666666666,0.408248290463863,6,0.16666666666666669
GeminiPro+Sol,Sol,2,game_myth,9,any: human_divine,0.0,0.0,6,0.0
GeminiPro+Sol,Sol,2,game_myth,9,any: individual_community,0.0,0.0,6,0.0
GeminiPro+Sol,Sol,2,game_myth,9,any: life_death,0.0,0.0,6,0.0
GeminiPro+Sol,Sol,2,game_myth,9,any: light_dark,0.16666666666666666,0.408248290463863,6,0.16666666666666669
GeminiPro+Sol,Sol,2,game_myth,9,any: nature_culture,0.0,0.0,6,0.0
GeminiPro+Sol,Sol,2,game_myth,9,any: order_chaos,0.0,0.0,6,0.0
GeminiPro+Sol,Sol,2,game_myth,9,any: other,0.16666666666666666,0.408248290463863,6,0.16666666666666669
GeminiPro+Sol,Sol,2,game_myth,9,any: punishment_forgiveness,0.0,0.0,6,0.0
GeminiPro+Sol,Sol,2,game_myth,9,any: scarcity_abundance,0.16666666666666666,0.408248290463863,6,0.16666666666666669
GeminiPro+Sol,Sol,2,game_myth,9,any: trust_fear,1.0,0.0,6,0.0
GeminiPro+Sol,Sol,2,game_myth,9,arc: improves,0.6666666666666666,0.5163977794943223,6,0.210818510677892
GeminiPro+Sol,Sol,2,game_myth,9,arc: restored,0.16666666666666666,0.408248290463863,6,0.16666666666666669
GeminiPro+Sol,Sol,2,game_myth,9,arc: stable order,0.16666666666666666,0.408248290463863,6,0.16666666666666669
GeminiPro+Sol,Sol,2,game_myth,9,column 0,0.16666666666666666,0.408248290463863,6,0.16666666666666669
GeminiPro+Sol,Sol,2,game_myth,9,column 1,0.3333333333333333,0.5163977794943223,6,0.210818510677892
GeminiPro+Sol,Sol,2,game_myth,9,column 10,0.3333333333333333,0.5163977794943223,6,0.210818510677892
GeminiPro+Sol,Sol,2,game_myth,9,column 11,0.16666666666666666,0.408248290463863,6,0.16666666666666669
GeminiPro+Sol,Sol,2,game_myth,9,column 12,0.3333333333333333,0.5163977794943222,6,0.21081851067789195
GeminiPro+Sol,Sol,2,game_myth,9,column 13,0.3333333333333333,0.5163977794943223,6,0.210818510677892
GeminiPro+Sol,Sol,2,game_myth,9,column 14,0.0,0.0,6,0.0
GeminiPro+Sol,Sol,2,game_myth,9,column 15,0.3333333333333333,0.5163977794943222,6,0.21081851067789195
GeminiPro+Sol,Sol,2,game_myth,9,column 16,0.3333333333333333,0.5163977794943223,6,0.210818510677892
GeminiPro+Sol,Sol,2,game_myth,9,column 17,0.0,0.0,6,0.0
GeminiPro+Sol,Sol,2,game_myth,9,column 18,0.3333333333333333,0.5163977794943222,6,0.21081851067789195
GeminiPro+Sol,Sol,2,game_myth,9,column 19,0.0,0.0,6,0.0
GeminiPro+Sol,Sol,2,game_myth,9,column 2,0.3333333333333333,0.5163977794943223,6,0.210818510677892
GeminiPro+Sol,Sol,2,game_myth,9,column 3,0.0,0.0,6,0.0
GeminiPro+Sol,Sol,2,game_myth,9,column 4,0.6666666666666666,0.5163977794943223,6,0.210818510677892
GeminiPro+Sol,Sol,2,game_myth,9,column 5,0.0,0.0,6,0.0
GeminiPro+Sol,Sol,2,game_myth,9,column 6,0.3333333333333333,0.5163977794943222,6,0.21081851067789195
GeminiPro+Sol,Sol,2,game_myth,9,column 7,0.16666666666666666,0.408248290463863,6,0.16666666666666669
GeminiPro+Sol,Sol,2,game_myth,9,column 8,0.16666666666666666,0.408248290463863,6,0.16666666666666669
GeminiPro+Sol,Sol,2,game_myth,9,column 9,0.5,0.5477225575051661,6,0.22360679774997896
GeminiPro+Sol,Sol,2,game_myth,9,main: clarity_distortion,0.16666666666666666,0.408248290463863,6,0.16666666666666669
GeminiPro+Sol,Sol,2,game_myth,9,main: cooperation_betrayal,0.0,0.0,6,0.0
GeminiPro+Sol,Sol,2,game_myth,9,main: giving_hoarding,0.16666666666666666,0.408248290463863,6,0.16666666666666669
GeminiPro+Sol,Sol,2,game_myth,9,main: high_low,0.0,0.0,6,0.0
GeminiPro+Sol,Sol,2,game_myth,9,main: honesty_deception,0.0,0.0,6,0.0
GeminiPro+Sol,Sol,2,game_myth,9,main: human_divine,0.0,0.0,6,0.0
GeminiPro+Sol,Sol,2,game_myth,9,main: individual_community,0.0,0.0,6,0.0
GeminiPro+Sol,Sol,2,game_myth,9,main: life_death,0.0,0.0,6,0.0
GeminiPro+Sol,Sol,2,game_myth,9,main: light_dark,0.0,0.0,6,0.0
GeminiPro+Sol,Sol,2,game_myth,9,main: nature_culture,0.0,0.0,6,0.0
GeminiPro+Sol,Sol,2,game_myth,9,main: order_chaos,0.0,0.0,6,0.0
GeminiPro+Sol,Sol,2,game_myth,9,main: other,0.0,0.0,6,0.0
GeminiPro+Sol,Sol,2,game_myth,9,main: punishment_forgiveness,0.0,0.0,6,0.0
GeminiPro+Sol,Sol,2,game_myth,9,main: scarcity_abundance,0.0,0.0,6,0.0
GeminiPro+Sol,Sol,2,game_myth,9,main: trust_fear,0.6666666666666666,0.5163977794943222,6,0.21081851067789195
GeminiPro+Sol,Sol,2,game_myth,9,mediator present,0.8333333333333334,0.408248290463863,6,0.16666666666666669
GeminiPro+Sol,Sol,2,game_myth,9,resolution: balanced middle,0.0,0.0,6,0.0
GeminiPro+Sol,Sol,2,game_myth,9,resolution: mediated,0.8333333333333334,0.408248290463863,6,0.16666666666666669
GeminiPro+Sol,Sol,2,game_myth,9,resolution: one pole wins,0.16666666666666666,0.408248290463863,6,0.16666666666666669
GeminiPro+Sol,Sol,2,game_myth,9,role inversion,0.0,0.0,6,0.0
GeminiPro+Sol,Sol,2,game_myth,10,any: clarity_distortion,0.16666666666666666,0.408248290463863,6,0.16666666666666669
GeminiPro+Sol,Sol,2,game_myth,10,any: cooperation_betrayal,0.0,0.0,6,0.0
GeminiPro+Sol,Sol,2,game_myth,10,any: giving_hoarding,1.0,0.0,6,0.0
GeminiPro+Sol,Sol,2,game_myth,10,any: high_low,0.0,0.0,6,0.0
GeminiPro+Sol,Sol,2,game_myth,10,any: honesty_deception,0.0,0.0,6,0.0
GeminiPro+Sol,Sol,2,game_myth,10,any: human_divine,0.0,0.0,6,0.0
GeminiPro+Sol,Sol,2,game_myth,10,any: individual_community,0.0,0.0,6,0.0
GeminiPro+Sol,Sol,2,game_myth,10,any: life_death,0.0,0.0,6,0.0
GeminiPro+Sol,Sol,2,game_myth,10,any: light_dark,0.3333333333333333,0.5163977794943223,6,0.210818510677892
GeminiPro+Sol,Sol,2,game_myth,10,any: nature_culture,0.0,0.0,6,0.0
GeminiPro+Sol,Sol,2,game_myth,10,any: order_chaos,0.0,0.0,6,0.0
GeminiPro+Sol,Sol,2,game_myth,10,any: other,0.16666666666666666,0.408248290463863,6,0.16666666666666669
GeminiPro+Sol,Sol,2,game_myth,10,any: punishment_forgiveness,0.0,0.0,6,0.0
GeminiPro+Sol,Sol,2,game_myth,10,any: scarcity_abundance,0.3333333333333333,0.5163977794943223,6,0.210818510677892
GeminiPro+Sol,Sol,2,game_myth,10,any: trust_fear,1.0,0.0,6,0.0
GeminiPro+Sol,Sol,2,game_myth,10,arc: improves,1.0,0.0,6,0.0
GeminiPro+Sol,Sol,2,game_myth,10,arc: restored,0.0,0.0,6,0.0
GeminiPro+Sol,Sol,2,game_myth,10,arc: stable order,0.0,0.0,6,0.0
GeminiPro+Sol,Sol,2,game_myth,10,column 0,0.16666666666666666,0.408248290463863,6,0.16666666666666669
GeminiPro+Sol,Sol,2,game_myth,10,column 1,0.5,0.5477225575051661,6,0.22360679774997896
GeminiPro+Sol,Sol,2,game_myth,10,column 10,0.5,0.5477225575051661,6,0.22360679774997896
GeminiPro+Sol,Sol,2,game_myth,10,column 11,0.16666666666666666,0.408248290463863,6,0.16666666666666669
GeminiPro+Sol,Sol,2,game_myth,10,column 12,0.6666666666666666,0.5163977794943222,6,0.21081851067789195
GeminiPro+Sol,Sol,2,game_myth,10,column 13,0.3333333333333333,0.5163977794943222,6,0.21081851067789195
GeminiPro+Sol,Sol,2,game_myth,10,column 14,0.16666666666666666,0.408248290463863,6,0.16666666666666669
GeminiPro+Sol,Sol,2,game_myth,10,column 15,0.16666666666666666,0.408248290463863,6,0.16666666666666669
GeminiPro+Sol,Sol,2,game_myth,10,column 16,0.0,0.0,6,0.0
GeminiPro+Sol,Sol,2,game_myth,10,column 17,0.0,0.0,6,0.0
GeminiPro+Sol,Sol,2,game_myth,10,column 18,0.3333333333333333,0.5163977794943222,6,0.21081851067789195
GeminiPro+Sol,Sol,2,game_myth,10,column 19,0.0,0.0,6,0.0
GeminiPro+Sol,Sol,2,game_myth,10,column 2,0.16666666666666666,0.408248290463863,6,0.16666666666666669
GeminiPro+Sol,Sol,2,game_myth,10,column 3,0.16666666666666666,0.408248290463863,6,0.16666666666666669
GeminiPro+Sol,Sol,2,game_myth,10,column 4,0.5,0.5477225575051661,6,0.22360679774997896
GeminiPro+Sol,Sol,2,game_myth,10,column 5,0.5,0.5477225575051661,6,0.22360679774997896
GeminiPro+Sol,Sol,2,game_myth,10,column 6,0.3333333333333333,0.5163977794943222,6,0.21081851067789195
GeminiPro+Sol,Sol,2,game_myth,10,column 7,0.3333333333333333,0.5163977794943222,6,0.21081851067789195
GeminiPro+Sol,Sol,2,game_myth,10,column 8,0.0,0.0,6,0.0
GeminiPro+Sol,Sol,2,game_myth,10,column 9,0.3333333333333333,0.5163977794943223,6,0.210818510677892
GeminiPro+Sol,Sol,2,game_myth,10,main: clarity_distortion,0.0,0.0,6,0.0
GeminiPro+Sol,Sol,2,game_myth,10,main: cooperation_betrayal,0.0,0.0,6,0.0
GeminiPro+Sol,Sol,2,game_myth,10,main: giving_hoarding,0.6666666666666666,0.5163977794943223,6,0.210818510677892
GeminiPro+Sol,Sol,2,game_myth,10,main: high_low,0.0,0.0,6,0.0
GeminiPro+Sol,Sol,2,game_myth,10,main: honesty_deception,0.0,0.0,6,0.0
GeminiPro+Sol,Sol,2,game_myth,10,main: human_divine,0.0,0.0,6,0.0
GeminiPro+Sol,Sol,2,game_myth,10,main: individual_community,0.0,0.0,6,0.0
GeminiPro+Sol,Sol,2,game_myth,10,main: life_death,0.0,0.0,6,0.0
GeminiPro+Sol,Sol,2,game_myth,10,main: light_dark,0.0,0.0,6,0.0
GeminiPro+Sol,Sol,2,game_myth,10,main: nature_culture,0.0,0.0,6,0.0
GeminiPro+Sol,Sol,2,game_myth,10,main: order_chaos,0.0,0.0,6,0.0
GeminiPro+Sol,Sol,2,game_myth,10,main: other,0.16666666666666666,0.408248290463863,6,0.16666666666666669
GeminiPro+Sol,Sol,2,game_myth,10,main: punishment_forgiveness,0.0,0.0,6,0.0
GeminiPro+Sol,Sol,2,game_myth,10,main: scarcity_abundance,0.0,0.0,6,0.0
GeminiPro+Sol,Sol,2,game_myth,10,main: trust_fear,0.16666666666666666,0.408248290463863,6,0.16666666666666669
GeminiPro+Sol,Sol,2,game_myth,10,mediator present,0.8333333333333334,0.408248290463863,6,0.16666666666666669
GeminiPro+Sol,Sol,2,game_myth,10,resolution: balanced middle,0.0,0.0,6,0.0
GeminiPro+Sol,Sol,2,game_myth,10,resolution: mediated,0.8333333333333334,0.408248290463863,6,0.16666666666666669
GeminiPro+Sol,Sol,2,game_myth,10,resolution: one pole wins,0.16666666666666666,0.408248290463863,6,0.16666666666666669
GeminiPro+Sol,Sol,2,game_myth,10,role inversion,0.0,0.0,6,0.0
GeminiPro+Sol,Sol,2,myth_game,1,any: clarity_distortion,0.6666666666666666,0.5163977794943223,6,0.210818510677892
GeminiPro+Sol,Sol,2,myth_game,1,any: cooperation_betrayal,0.3333333333333333,0.5163977794943223,6,0.210818510677892
GeminiPro+Sol,Sol,2,myth_game,1,any: giving_hoarding,1.0,0.0,6,0.0
GeminiPro+Sol,Sol,2,myth_game,1,any: high_low,0.0,0.0,6,0.0
GeminiPro+Sol,Sol,2,myth_game,1,any: honesty_deception,0.0,0.0,6,0.0
GeminiPro+Sol,Sol,2,myth_game,1,any: human_divine,0.0,0.0,6,0.0
GeminiPro+Sol,Sol,2,myth_game,1,any: individual_community,0.0,0.0,6,0.0
GeminiPro+Sol,Sol,2,myth_game,1,any: life_death,0.0,0.0,6,0.0
GeminiPro+Sol,Sol,2,myth_game,1,any: light_dark,0.0,0.0,6,0.0
GeminiPro+Sol,Sol,2,myth_game,1,any: nature_culture,0.0,0.0,6,0.0
GeminiPro+Sol,Sol,2,myth_game,1,any: order_chaos,0.0,0.0,6,0.0
GeminiPro+Sol,Sol,2,myth_game,1,any: other,0.0,0.0,6,0.0
GeminiPro+Sol,Sol,2,myth_game,1,any: punishment_forgiveness,0.0,0.0,6,0.0
GeminiPro+Sol,Sol,2,myth_game,1,any: scarcity_abundance,0.0,0.0,6,0.0
GeminiPro+Sol,Sol,2,myth_game,1,any: trust_fear,1.0,0.0,6,0.0
GeminiPro+Sol,Sol,2,myth_game,1,arc: improves,1.0,0.0,6,0.0
GeminiPro+Sol,Sol,2,myth_game,1,arc: restored,0.0,0.0,6,0.0
GeminiPro+Sol,Sol,2,myth_game,1,arc: stable order,0.0,0.0,6,0.0
GeminiPro+Sol,Sol,2,myth_game,1,column 0,0.0,0.0,6,0.0
GeminiPro+Sol,Sol,2,myth_game,1,column 1,0.3333333333333333,0.5163977794943222,6,0.21081851067789195
GeminiPro+Sol,Sol,2,myth_game,1,column 10,0.3333333333333333,0.5163977794943223,6,0.210818510677892
GeminiPro+Sol,Sol,2,myth_game,1,column 11,0.0,0.0,6,0.0
GeminiPro+Sol,Sol,2,myth_game,1,column 12,0.6666666666666666,0.5163977794943223,6,0.210818510677892
GeminiPro+Sol,Sol,2,myth_game,1,column 13,0.0,0.0,6,0.0
GeminiPro+Sol,Sol,2,myth_game,1,column 14,0.8333333333333334,0.408248290463863,6,0.16666666666666669
GeminiPro+Sol,Sol,2,myth_game,1,column 15,0.5,0.5477225575051661,6,0.22360679774997896
GeminiPro+Sol,Sol,2,myth_game,1,column 16,0.0,0.0,6,0.0
GeminiPro+Sol,Sol,2,myth_game,1,column 17,0.16666666666666666,0.408248290463863,6,0.16666666666666669
GeminiPro+Sol,Sol,2,myth_game,1,column 18,0.5,0.5477225575051661,6,0.22360679774997896
GeminiPro+Sol,Sol,2,myth_game,1,column 19,0.0,0.0,6,0.0
GeminiPro+Sol,Sol,2,myth_game,1,column 2,0.0,0.0,6,0.0
GeminiPro+Sol,Sol,2,myth_game,1,column 3,0.5,0.5477225575051661,6,0.22360679774997896
GeminiPro+Sol,Sol,2,myth_game,1,column 4,0.5,0.5477225575051661,6,0.22360679774997896
GeminiPro+Sol,Sol,2,myth_game,1,column 5,0.0,0.0,6,0.0
GeminiPro+Sol,Sol,2,myth_game,1,column 6,0.16666666666666666,0.408248290463863,6,0.16666666666666669
GeminiPro+Sol,Sol,2,myth_game,1,column 7,0.16666666666666666,0.408248290463863,6,0.16666666666666669
GeminiPro+Sol,Sol,2,myth_game,1,column 8,0.0,0.0,6,0.0
GeminiPro+Sol,Sol,2,myth_game,1,column 9,0.0,0.0,6,0.0
GeminiPro+Sol,Sol,2,myth_game,1,main: clarity_distortion,0.0,0.0,6,0.0
GeminiPro+Sol,Sol,2,myth_game,1,main: cooperation_betrayal,0.0,0.0,6,0.0
GeminiPro+Sol,Sol,2,myth_game,1,main: giving_hoarding,0.6666666666666666,0.5163977794943223,6,0.210818510677892
GeminiPro+Sol,Sol,2,myth_game,1,main: high_low,0.0,0.0,6,0.0
GeminiPro+Sol,Sol,2,myth_game,1,main: honesty_deception,0.0,0.0,6,0.0
GeminiPro+Sol,Sol,2,myth_game,1,main: human_divine,0.0,0.0,6,0.0
GeminiPro+Sol,Sol,2,myth_game,1,main: individual_community,0.0,0.0,6,0.0
GeminiPro+Sol,Sol,2,myth_game,1,main: life_death,0.0,0.0,6,0.0
GeminiPro+Sol,Sol,2,myth_game,1,main: light_dark,0.0,0.0,6,0.0
GeminiPro+Sol,Sol,2,myth_game,1,main: nature_culture,0.0,0.0,6,0.0
GeminiPro+Sol,Sol,2,myth_game,1,main: order_chaos,0.0,0.0,6,0.0
GeminiPro+Sol,Sol,2,myth_game,1,main: other,0.0,0.0,6,0.0
GeminiPro+Sol,Sol,2,myth_game,1,main: punishment_forgiveness,0.0,0.0,6,0.0
GeminiPro+Sol,Sol,2,myth_game,1,main: scarcity_abundance,0.0,0.0,6,0.0
GeminiPro+Sol,Sol,2,myth_game,1,main: trust_fear,0.3333333333333333,0.5163977794943223,6,0.210818510677892
GeminiPro+Sol,Sol,2,myth_game,1,mediator present,0.8333333333333334,0.408248290463863,6,0.16666666666666669
GeminiPro+Sol,Sol,2,myth_game,1,resolution: balanced middle,0.16666666666666666,0.408248290463863,6,0.16666666666666669
GeminiPro+Sol,Sol,2,myth_game,1,resolution: mediated,0.8333333333333334,0.408248290463863,6,0.16666666666666669
GeminiPro+Sol,Sol,2,myth_game,1,resolution: one pole wins,0.0,0.0,6,0.0
GeminiPro+Sol,Sol,2,myth_game,1,role inversion,0.0,0.0,6,0.0
GeminiPro+Sol,Sol,2,myth_game,2,any: clarity_distortion,0.0,0.0,6,0.0
GeminiPro+Sol,Sol,2,myth_game,2,any: cooperation_betrayal,0.8333333333333334,0.408248290463863,6,0.16666666666666669
GeminiPro+Sol,Sol,2,myth_game,2,any: giving_hoarding,1.0,0.0,6,0.0
GeminiPro+Sol,Sol,2,myth_game,2,any: high_low,0.0,0.0,6,0.0
GeminiPro+Sol,Sol,2,myth_game,2,any: honesty_deception,0.0,0.0,6,0.0
GeminiPro+Sol,Sol,2,myth_game,2,any: human_divine,0.0,0.0,6,0.0
GeminiPro+Sol,Sol,2,myth_game,2,any: individual_community,0.0,0.0,6,0.0
GeminiPro+Sol,Sol,2,myth_game,2,any: life_death,0.0,0.0,6,0.0
GeminiPro+Sol,Sol,2,myth_game,2,any: light_dark,0.0,0.0,6,0.0
GeminiPro+Sol,Sol,2,myth_game,2,any: nature_culture,0.0,0.0,6,0.0
GeminiPro+Sol,Sol,2,myth_game,2,any: order_chaos,0.0,0.0,6,0.0
GeminiPro+Sol,Sol,2,myth_game,2,any: other,0.0,0.0,6,0.0
GeminiPro+Sol,Sol,2,myth_game,2,any: punishment_forgiveness,0.0,0.0,6,0.0
GeminiPro+Sol,Sol,2,myth_game,2,any: scarcity_abundance,0.0,0.0,6,0.0
GeminiPro+Sol,Sol,2,myth_game,2,any: trust_fear,1.0,0.0,6,0.0
GeminiPro+Sol,Sol,2,myth_game,2,arc: improves,1.0,0.0,6,0.0
GeminiPro+Sol,Sol,2,myth_game,2,arc: restored,0.0,0.0,6,0.0
GeminiPro+Sol,Sol,2,myth_game,2,arc: stable order,0.0,0.0,6,0.0
GeminiPro+Sol,Sol,2,myth_game,2,column 0,0.16666666666666666,0.408248290463863,6,0.16666666666666669
GeminiPro+Sol,Sol,2,myth_game,2,column 1,0.16666666666666666,0.408248290463863,6,0.16666666666666669
GeminiPro+Sol,Sol,2,myth_game,2,column 10,0.3333333333333333,0.5163977794943223,6,0.210818510677892
GeminiPro+Sol,Sol,2,myth_game,2,column 11,0.16666666666666666,0.408248290463863,6,0.16666666666666669
GeminiPro+Sol,Sol,2,myth_game,2,column 12,0.5,0.5477225575051661,6,0.22360679774997896
GeminiPro+Sol,Sol,2,myth_game,2,column 13,0.3333333333333333,0.5163977794943223,6,0.210818510677892
GeminiPro+Sol,Sol,2,myth_game,2,column 14,0.16666666666666666,0.408248290463863,6,0.16666666666666669
GeminiPro+Sol,Sol,2,myth_game,2,column 15,0.0,0.0,6,0.0
GeminiPro+Sol,Sol,2,myth_game,2,column 16,0.0,0.0,6,0.0
GeminiPro+Sol,Sol,2,myth_game,2,column 17,0.0,0.0,6,0.0
GeminiPro+Sol,Sol,2,myth_game,2,column 18,0.6666666666666666,0.5163977794943223,6,0.210818510677892
GeminiPro+Sol,Sol,2,myth_game,2,column 19,0.0,0.0,6,0.0
GeminiPro+Sol,Sol,2,myth_game,2,column 2,0.16666666666666666,0.408248290463863,6,0.16666666666666669
GeminiPro+Sol,Sol,2,myth_game,2,column 3,0.3333333333333333,0.5163977794943223,6,0.210818510677892
GeminiPro+Sol,Sol,2,myth_game,2,column 4,0.6666666666666666,0.5163977794943222,6,0.21081851067789195
GeminiPro+Sol,Sol,2,myth_game,2,column 5,0.3333333333333333,0.5163977794943222,6,0.21081851067789195
GeminiPro+Sol,Sol,2,myth_game,2,column 6,0.16666666666666666,0.408248290463863,6,0.16666666666666669
GeminiPro+Sol,Sol,2,myth_game,2,column 7,0.16666666666666666,0.408248290463863,6,0.16666666666666669
GeminiPro+Sol,Sol,2,myth_game,2,column 8,0.3333333333333333,0.5163977794943222,6,0.21081851067789195
GeminiPro+Sol,Sol,2,myth_game,2,column 9,0.16666666666666666,0.408248290463863,6,0.16666666666666669
GeminiPro+Sol,Sol,2,myth_game,2,main: clarity_distortion,0.0,0.0,6,0.0
GeminiPro+Sol,Sol,2,myth_game,2,main: cooperation_betrayal,0.0,0.0,6,0.0
GeminiPro+Sol,Sol,2,myth_game,2,main: giving_hoarding,0.5,0.5477225575051661,6,0.22360679774997896
GeminiPro+Sol,Sol,2,myth_game,2,main: high_low,0.0,0.0,6,0.0
GeminiPro+Sol,Sol,2,myth_game,2,main: honesty_deception,0.0,0.0,6,0.0
GeminiPro+Sol,Sol,2,myth_game,2,main: human_divine,0.0,0.0,6,0.0
GeminiPro+Sol,Sol,2,myth_game,2,main: individual_community,0.0,0.0,6,0.0
GeminiPro+Sol,Sol,2,myth_game,2,main: life_death,0.0,0.0,6,0.0
GeminiPro+Sol,Sol,2,myth_game,2,main: light_dark,0.0,0.0,6,0.0
GeminiPro+Sol,Sol,2,myth_game,2,main: nature_culture,0.0,0.0,6,0.0
GeminiPro+Sol,Sol,2,myth_game,2,main: order_chaos,0.0,0.0,6,0.0
GeminiPro+Sol,Sol,2,myth_game,2,main: other,0.0,0.0,6,0.0
GeminiPro+Sol,Sol,2,myth_game,2,main: punishment_forgiveness,0.0,0.0,6,0.0
GeminiPro+Sol,Sol,2,myth_game,2,main: scarcity_abundance,0.0,0.0,6,0.0
GeminiPro+Sol,Sol,2,myth_game,2,main: trust_fear,0.5,0.5477225575051661,6,0.22360679774997896
GeminiPro+Sol,Sol,2,myth_game,2,mediator present,0.6666666666666666,0.5163977794943222,6,0.21081851067789195
GeminiPro+Sol,Sol,2,myth_game,2,resolution: balanced middle,0.0,0.0,6,0.0
GeminiPro+Sol,Sol,2,myth_game,2,resolution: mediated,0.6666666666666666,0.5163977794943222,6,0.21081851067789195
GeminiPro+Sol,Sol,2,myth_game,2,resolution: one pole wins,0.3333333333333333,0.5163977794943222,6,0.21081851067789195
GeminiPro+Sol,Sol,2,myth_game,2,role inversion,0.0,0.0,6,0.0
GeminiPro+Sol,Sol,2,myth_game,5,any: clarity_distortion,0.3333333333333333,0.5163977794943223,6,0.210818510677892
GeminiPro+Sol,Sol,2,myth_game,5,any: cooperation_betrayal,0.8333333333333334,0.408248290463863,6,0.16666666666666669
GeminiPro+Sol,Sol,2,myth_game,5,any: giving_hoarding,0.5,0.5477225575051661,6,0.22360679774997896
GeminiPro+Sol,Sol,2,myth_game,5,any: high_low,0.0,0.0,6,0.0
GeminiPro+Sol,Sol,2,myth_game,5,any: honesty_deception,0.0,0.0,6,0.0
GeminiPro+Sol,Sol,2,myth_game,5,any: human_divine,0.0,0.0,6,0.0
GeminiPro+Sol,Sol,2,myth_game,5,any: individual_community,0.0,0.0,6,0.0
GeminiPro+Sol,Sol,2,myth_game,5,any: life_death,0.0,0.0,6,0.0
GeminiPro+Sol,Sol,2,myth_game,5,any: light_dark,0.0,0.0,6,0.0
GeminiPro+Sol,Sol,2,myth_game,5,any: nature_culture,0.0,0.0,6,0.0
GeminiPro+Sol,Sol,2,myth_game,5,any: order_chaos,0.0,0.0,6,0.0
GeminiPro+Sol,Sol,2,myth_game,5,any: other,0.16666666666666666,0.408248290463863,6,0.16666666666666669
GeminiPro+Sol,Sol,2,myth_game,5,any: punishment_forgiveness,0.0,0.0,6,0.0
GeminiPro+Sol,Sol,2,myth_game,5,any: scarcity_abundance,0.16666666666666666,0.408248290463863,6,0.16666666666666669
GeminiPro+Sol,Sol,2,myth_game,5,any: trust_fear,1.0,0.0,6,0.0
GeminiPro+Sol,Sol,2,myth_game,5,arc: improves,1.0,0.0,6,0.0
GeminiPro+Sol,Sol,2,myth_game,5,arc: restored,0.0,0.0,6,0.0
GeminiPro+Sol,Sol,2,myth_game,5,arc: stable order,0.0,0.0,6,0.0
GeminiPro+Sol,Sol,2,myth_game,5,column 0,0.16666666666666666,0.408248290463863,6,0.16666666666666669
GeminiPro+Sol,Sol,2,myth_game,5,column 1,0.5,0.5477225575051661,6,0.22360679774997896
GeminiPro+Sol,Sol,2,myth_game,5,column 10,0.5,0.5477225575051661,6,0.22360679774997896
GeminiPro+Sol,Sol,2,myth_game,5,column 11,0.0,0.0,6,0.0
GeminiPro+Sol,Sol,2,myth_game,5,column 12,0.6666666666666666,0.5163977794943222,6,0.21081851067789195
GeminiPro+Sol,Sol,2,myth_game,5,column 13,0.3333333333333333,0.5163977794943222,6,0.21081851067789195
GeminiPro+Sol,Sol,2,myth_game,5,column 14,0.0,0.0,6,0.0
GeminiPro+Sol,Sol,2,myth_game,5,column 15,0.3333333333333333,0.5163977794943222,6,0.21081851067789195
GeminiPro+Sol,Sol,2,myth_game,5,column 16,0.0,0.0,6,0.0
GeminiPro+Sol,Sol,2,myth_game,5,column 17,0.16666666666666666,0.408248290463863,6,0.16666666666666669
GeminiPro+Sol,Sol,2,myth_game,5,column 18,0.5,0.5477225575051661,6,0.22360679774997896
GeminiPro+Sol,Sol,2,myth_game,5,column 19,0.16666666666666666,0.408248290463863,6,0.16666666666666669
GeminiPro+Sol,Sol,2,myth_game,5,column 2,0.5,0.5477225575051661,6,0.22360679774997896
GeminiPro+Sol,Sol,2,myth_game,5,column 3,0.16666666666666666,0.408248290463863,6,0.16666666666666669
GeminiPro+Sol,Sol,2,myth_game,5,column 4,0.3333333333333333,0.5163977794943222,6,0.21081851067789195
GeminiPro+Sol,Sol,2,myth_game,5,column 5,0.3333333333333333,0.5163977794943223,6,0.210818510677892
GeminiPro+Sol,Sol,2,myth_game,5,column 6,0.3333333333333333,0.5163977794943223,6,0.210818510677892
GeminiPro+Sol,Sol,2,myth_game,5,column 7,0.16666666666666666,0.408248290463863,6,0.16666666666666669
GeminiPro+Sol,Sol,2,myth_game,5,column 8,0.16666666666666666,0.408248290463863,6,0.16666666666666669
GeminiPro+Sol,Sol,2,myth_game,5,column 9,0.16666666666666666,0.408248290463863,6,0.16666666666666669
GeminiPro+Sol,Sol,2,myth_game,5,main: clarity_distortion,0.0,0.0,6,0.0
GeminiPro+Sol,Sol,2,myth_game,5,main: cooperation_betrayal,0.0,0.0,6,0.0
GeminiPro+Sol,Sol,2,myth_game,5,main: giving_hoarding,0.0,0.0,6,0.0
GeminiPro+Sol,Sol,2,myth_game,5,main: high_low,0.0,0.0,6,0.0
GeminiPro+Sol,Sol,2,myth_game,5,main: honesty_deception,0.0,0.0,6,0.0
GeminiPro+Sol,Sol,2,myth_game,5,main: human_divine,0.0,0.0,6,0.0
GeminiPro+Sol,Sol,2,myth_game,5,main: individual_community,0.0,0.0,6,0.0
GeminiPro+Sol,Sol,2,myth_game,5,main: life_death,0.0,0.0,6,0.0
GeminiPro+Sol,Sol,2,myth_game,5,main: light_dark,0.0,0.0,6,0.0
GeminiPro+Sol,Sol,2,myth_game,5,main: nature_culture,0.0,0.0,6,0.0
GeminiPro+Sol,Sol,2,myth_game,5,main: order_chaos,0.0,0.0,6,0.0
GeminiPro+Sol,Sol,2,myth_game,5,main: other,0.0,0.0,6,0.0
GeminiPro+Sol,Sol,2,myth_game,5,main: punishment_forgiveness,0.0,0.0,6,0.0
GeminiPro+Sol,Sol,2,myth_game,5,main: scarcity_abundance,0.0,0.0,6,0.0
GeminiPro+Sol,Sol,2,myth_game,5,main: trust_fear,1.0,0.0,6,0.0
GeminiPro+Sol,Sol,2,myth_game,5,mediator present,0.6666666666666666,0.5163977794943222,6,0.21081851067789195
GeminiPro+Sol,Sol,2,myth_game,5,resolution: balanced middle,0.0,0.0,6,0.0
GeminiPro+Sol,Sol,2,myth_game,5,resolution: mediated,0.6666666666666666,0.5163977794943222,6,0.21081851067789195
GeminiPro+Sol,Sol,2,myth_game,5,resolution: one pole wins,0.3333333333333333,0.5163977794943222,6,0.21081851067789195
GeminiPro+Sol,Sol,2,myth_game,5,role inversion,0.0,0.0,6,0.0
GeminiPro+Sol,Sol,2,myth_game,6,any: clarity_distortion,0.3333333333333333,0.5163977794943222,6,0.21081851067789195
GeminiPro+Sol,Sol,2,myth_game,6,any: cooperation_betrayal,0.6666666666666666,0.5163977794943222,6,0.21081851067789195
GeminiPro+Sol,Sol,2,myth_game,6,any: giving_hoarding,0.3333333333333333,0.5163977794943222,6,0.21081851067789195
GeminiPro+Sol,Sol,2,myth_game,6,any: high_low,0.0,0.0,6,0.0
GeminiPro+Sol,Sol,2,myth_game,6,any: honesty_deception,0.0,0.0,6,0.0
GeminiPro+Sol,Sol,2,myth_game,6,any: human_divine,0.0,0.0,6,0.0
GeminiPro+Sol,Sol,2,myth_game,6,any: individual_community,0.0,0.0,6,0.0
GeminiPro+Sol,Sol,2,myth_game,6,any: life_death,0.0,0.0,6,0.0
GeminiPro+Sol,Sol,2,myth_game,6,any: light_dark,0.0,0.0,6,0.0
GeminiPro+Sol,Sol,2,myth_game,6,any: nature_culture,0.0,0.0,6,0.0
GeminiPro+Sol,Sol,2,myth_game,6,any: order_chaos,0.0,0.0,6,0.0
GeminiPro+Sol,Sol,2,myth_game,6,any: other,0.3333333333333333,0.5163977794943222,6,0.21081851067789195
GeminiPro+Sol,Sol,2,myth_game,6,any: punishment_forgiveness,0.0,0.0,6,0.0
GeminiPro+Sol,Sol,2,myth_game,6,any: scarcity_abundance,0.3333333333333333,0.5163977794943223,6,0.210818510677892
GeminiPro+Sol,Sol,2,myth_game,6,any: trust_fear,1.0,0.0,6,0.0
GeminiPro+Sol,Sol,2,myth_game,6,arc: improves,1.0,0.0,6,0.0
GeminiPro+Sol,Sol,2,myth_game,6,arc: restored,0.0,0.0,6,0.0
GeminiPro+Sol,Sol,2,myth_game,6,arc: stable order,0.0,0.0,6,0.0
GeminiPro+Sol,Sol,2,myth_game,6,column 0,0.16666666666666666,0.408248290463863,6,0.16666666666666669
GeminiPro+Sol,Sol,2,myth_game,6,column 1,0.3333333333333333,0.5163977794943223,6,0.210818510677892
GeminiPro+Sol,Sol,2,myth_game,6,column 10,0.0,0.0,6,0.0
GeminiPro+Sol,Sol,2,myth_game,6,column 11,0.0,0.0,6,0.0
GeminiPro+Sol,Sol,2,myth_game,6,column 12,0.3333333333333333,0.5163977794943222,6,0.21081851067789195
GeminiPro+Sol,Sol,2,myth_game,6,column 13,0.3333333333333333,0.5163977794943223,6,0.210818510677892
GeminiPro+Sol,Sol,2,myth_game,6,column 14,0.0,0.0,6,0.0
GeminiPro+Sol,Sol,2,myth_game,6,column 15,0.5,0.5477225575051661,6,0.22360679774997896
GeminiPro+Sol,Sol,2,myth_game,6,column 16,0.16666666666666666,0.408248290463863,6,0.16666666666666669
GeminiPro+Sol,Sol,2,myth_game,6,column 17,0.0,0.0,6,0.0
GeminiPro+Sol,Sol,2,myth_game,6,column 18,0.3333333333333333,0.5163977794943223,6,0.210818510677892
GeminiPro+Sol,Sol,2,myth_game,6,column 19,0.0,0.0,6,0.0
GeminiPro+Sol,Sol,2,myth_game,6,column 2,0.3333333333333333,0.5163977794943222,6,0.21081851067789195
GeminiPro+Sol,Sol,2,myth_game,6,column 3,0.5,0.5477225575051661,6,0.22360679774997896
GeminiPro+Sol,Sol,2,myth_game,6,column 4,0.8333333333333334,0.408248290463863,6,0.16666666666666669
GeminiPro+Sol,Sol,2,myth_game,6,column 5,0.5,0.5477225575051661,6,0.22360679774997896
GeminiPro+Sol,Sol,2,myth_game,6,column 6,0.16666666666666666,0.408248290463863,6,0.16666666666666669
GeminiPro+Sol,Sol,2,myth_game,6,column 7,0.16666666666666666,0.408248290463863,6,0.16666666666666669
GeminiPro+Sol,Sol,2,myth_game,6,column 8,0.3333333333333333,0.5163977794943223,6,0.210818510677892
GeminiPro+Sol,Sol,2,myth_game,6,column 9,0.16666666666666666,0.408248290463863,6,0.16666666666666669
GeminiPro+Sol,Sol,2,myth_game,6,main: clarity_distortion,0.16666666666666666,0.408248290463863,6,0.16666666666666669
GeminiPro+Sol,Sol,2,myth_game,6,main: cooperation_betrayal,0.0,0.0,6,0.0
GeminiPro+Sol,Sol,2,myth_game,6,main: giving_hoarding,0.16666666666666666,0.408248290463863,6,0.16666666666666669
GeminiPro+Sol,Sol,2,myth_game,6,main: high_low,0.0,0.0,6,0.0
GeminiPro+Sol,Sol,2,myth_game,6,main: honesty_deception,0.0,0.0,6,0.0
GeminiPro+Sol,Sol,2,myth_game,6,main: human_divine,0.0,0.0,6,0.0
GeminiPro+Sol,Sol,2,myth_game,6,main: individual_community,0.0,0.0,6,0.0
GeminiPro+Sol,Sol,2,myth_game,6,main: life_death,0.0,0.0,6,0.0
GeminiPro+Sol,Sol,2,myth_game,6,main: light_dark,0.0,0.0,6,0.0
GeminiPro+Sol,Sol,2,myth_game,6,main: nature_culture,0.0,0.0,6,0.0
GeminiPro+Sol,Sol,2,myth_game,6,main: order_chaos,0.0,0.0,6,0.0
GeminiPro+Sol,Sol,2,myth_game,6,main: other,0.0,0.0,6,0.0
GeminiPro+Sol,Sol,2,myth_game,6,main: punishment_forgiveness,0.0,0.0,6,0.0
GeminiPro+Sol,Sol,2,myth_game,6,main: scarcity_abundance,0.0,0.0,6,0.0
GeminiPro+Sol,Sol,2,myth_game,6,main: trust_fear,0.6666666666666666,0.5163977794943223,6,0.210818510677892
GeminiPro+Sol,Sol,2,myth_game,6,mediator present,0.8333333333333334,0.408248290463863,6,0.16666666666666669
GeminiPro+Sol,Sol,2,myth_game,6,resolution: balanced middle,0.0,0.0,6,0.0
GeminiPro+Sol,Sol,2,myth_game,6,resolution: mediated,0.8333333333333334,0.408248290463863,6,0.16666666666666669
GeminiPro+Sol,Sol,2,myth_game,6,resolution: one pole wins,0.16666666666666666,0.408248290463863,6,0.16666666666666669
GeminiPro+Sol,Sol,2,myth_game,6,role inversion,0.0,0.0,6,0.0
GeminiPro+Sol,Sol,2,myth_game,9,any: clarity_distortion,0.5,0.5477225575051661,6,0.22360679774997896
GeminiPro+Sol,Sol,2,myth_game,9,any: cooperation_betrayal,0.6666666666666666,0.5163977794943222,6,0.21081851067789195
GeminiPro+Sol,Sol,2,myth_game,9,any: giving_hoarding,0.8333333333333334,0.408248290463863,6,0.16666666666666669
GeminiPro+Sol,Sol,2,myth_game,9,any: high_low,0.0,0.0,6,0.0
GeminiPro+Sol,Sol,2,myth_game,9,any: honesty_deception,0.0,0.0,6,0.0
GeminiPro+Sol,Sol,2,myth_game,9,any: human_divine,0.0,0.0,6,0.0
GeminiPro+Sol,Sol,2,myth_game,9,any: individual_community,0.0,0.0,6,0.0
GeminiPro+Sol,Sol,2,myth_game,9,any: life_death,0.0,0.0,6,0.0
GeminiPro+Sol,Sol,2,myth_game,9,any: light_dark,0.0,0.0,6,0.0
GeminiPro+Sol,Sol,2,myth_game,9,any: nature_culture,0.0,0.0,6,0.0
GeminiPro+Sol,Sol,2,myth_game,9,any: order_chaos,0.0,0.0,6,0.0
GeminiPro+Sol,Sol,2,myth_game,9,any: other,0.0,0.0,6,0.0
GeminiPro+Sol,Sol,2,myth_game,9,any: punishment_forgiveness,0.0,0.0,6,0.0
GeminiPro+Sol,Sol,2,myth_game,9,any: scarcity_abundance,0.16666666666666666,0.408248290463863,6,0.16666666666666669
GeminiPro+Sol,Sol,2,myth_game,9,any: trust_fear,0.8333333333333334,0.408248290463863,6,0.16666666666666669
GeminiPro+Sol,Sol,2,myth_game,9,arc: improves,0.8333333333333334,0.408248290463863,6,0.16666666666666669
GeminiPro+Sol,Sol,2,myth_game,9,arc: restored,0.16666666666666666,0.408248290463863,6,0.16666666666666669
GeminiPro+Sol,Sol,2,myth_game,9,arc: stable order,0.0,0.0,6,0.0
GeminiPro+Sol,Sol,2,myth_game,9,column 0,0.16666666666666666,0.408248290463863,6,0.16666666666666669
GeminiPro+Sol,Sol,2,myth_game,9,column 1,0.3333333333333333,0.5163977794943223,6,0.210818510677892
GeminiPro+Sol,Sol,2,myth_game,9,column 10,0.6666666666666666,0.5163977794943223,6,0.210818510677892
GeminiPro+Sol,Sol,2,myth_game,9,column 11,0.16666666666666666,0.408248290463863,6,0.16666666666666669
GeminiPro+Sol,Sol,2,myth_game,9,column 12,0.3333333333333333,0.5163977794943222,6,0.21081851067789195
GeminiPro+Sol,Sol,2,myth_game,9,column 13,0.3333333333333333,0.5163977794943222,6,0.21081851067789195
GeminiPro+Sol,Sol,2,myth_game,9,column 14,0.0,0.0,6,0.0
GeminiPro+Sol,Sol,2,myth_game,9,column 15,0.3333333333333333,0.5163977794943223,6,0.210818510677892
GeminiPro+Sol,Sol,2,myth_game,9,column 16,0.0,0.0,6,0.0
GeminiPro+Sol,Sol,2,myth_game,9,column 17,0.0,0.0,6,0.0
GeminiPro+Sol,Sol,2,myth_game,9,column 18,0.16666666666666666,0.408248290463863,6,0.16666666666666669
GeminiPro+Sol,Sol,2,myth_game,9,column 19,0.0,0.0,6,0.0
GeminiPro+Sol,Sol,2,myth_game,9,column 2,0.16666666666666666,0.408248290463863,6,0.16666666666666669
GeminiPro+Sol,Sol,2,myth_game,9,column 3,0.16666666666666666,0.408248290463863,6,0.16666666666666669
GeminiPro+Sol,Sol,2,myth_game,9,column 4,0.16666666666666666,0.408248290463863,6,0.16666666666666669
GeminiPro+Sol,Sol,2,myth_game,9,column 5,0.3333333333333333,0.5163977794943222,6,0.21081851067789195
GeminiPro+Sol,Sol,2,myth_game,9,column 6,0.3333333333333333,0.5163977794943223,6,0.210818510677892
GeminiPro+Sol,Sol,2,myth_game,9,column 7,0.16666666666666666,0.408248290463863,6,0.16666666666666669
GeminiPro+Sol,Sol,2,myth_game,9,column 8,0.16666666666666666,0.408248290463863,6,0.16666666666666669
GeminiPro+Sol,Sol,2,myth_game,9,column 9,0.3333333333333333,0.5163977794943222,6,0.21081851067789195
GeminiPro+Sol,Sol,2,myth_game,9,main: clarity_distortion,0.0,0.0,6,0.0
GeminiPro+Sol,Sol,2,myth_game,9,main: cooperation_betrayal,0.16666666666666666,0.408248290463863,6,0.16666666666666669
GeminiPro+Sol,Sol,2,myth_game,9,main: giving_hoarding,0.5,0.5477225575051662,6,0.22360679774997902
GeminiPro+Sol,Sol,2,myth_game,9,main: high_low,0.0,0.0,6,0.0
GeminiPro+Sol,Sol,2,myth_game,9,main: honesty_deception,0.0,0.0,6,0.0
GeminiPro+Sol,Sol,2,myth_game,9,main: human_divine,0.0,0.0,6,0.0
GeminiPro+Sol,Sol,2,myth_game,9,main: individual_community,0.0,0.0,6,0.0
GeminiPro+Sol,Sol,2,myth_game,9,main: life_death,0.0,0.0,6,0.0
GeminiPro+Sol,Sol,2,myth_game,9,main: light_dark,0.0,0.0,6,0.0
GeminiPro+Sol,Sol,2,myth_game,9,main: nature_culture,0.0,0.0,6,0.0
GeminiPro+Sol,Sol,2,myth_game,9,main: order_chaos,0.0,0.0,6,0.0
GeminiPro+Sol,Sol,2,myth_game,9,main: other,0.0,0.0,6,0.0
GeminiPro+Sol,Sol,2,myth_game,9,main: punishment_forgiveness,0.0,0.0,6,0.0
GeminiPro+Sol,Sol,2,myth_game,9,main: scarcity_abundance,0.0,0.0,6,0.0
GeminiPro+Sol,Sol,2,myth_game,9,main: trust_fear,0.3333333333333333,0.5163977794943223,6,0.210818510677892
GeminiPro+Sol,Sol,2,myth_game,9,mediator present,0.8333333333333334,0.408248290463863,6,0.16666666666666669
GeminiPro+Sol,Sol,2,myth_game,9,resolution: balanced middle,0.0,0.0,6,0.0
GeminiPro+Sol,Sol,2,myth_game,9,resolution: mediated,0.8333333333333334,0.408248290463863,6,0.16666666666666669
GeminiPro+Sol,Sol,2,myth_game,9,resolution: one pole wins,0.16666666666666666,0.408248290463863,6,0.16666666666666669
GeminiPro+Sol,Sol,2,myth_game,9,role inversion,0.0,0.0,6,0.0
GeminiPro+Sol,Sol,2,myth_game,10,any: clarity_distortion,0.3333333333333333,0.5163977794943223,6,0.210818510677892
GeminiPro+Sol,Sol,2,myth_game,10,any: cooperation_betrayal,0.8333333333333334,0.408248290463863,6,0.16666666666666669
GeminiPro+Sol,Sol,2,myth_game,10,any: giving_hoarding,0.6666666666666666,0.5163977794943222,6,0.21081851067789195
GeminiPro+Sol,Sol,2,myth_game,10,any: high_low,0.0,0.0,6,0.0
GeminiPro+Sol,Sol,2,myth_game,10,any: honesty_deception,0.16666666666666666,0.408248290463863,6,0.16666666666666669
GeminiPro+Sol,Sol,2,myth_game,10,any: human_divine,0.0,0.0,6,0.0
GeminiPro+Sol,Sol,2,myth_game,10,any: individual_community,0.0,0.0,6,0.0
GeminiPro+Sol,Sol,2,myth_game,10,any: life_death,0.0,0.0,6,0.0
GeminiPro+Sol,Sol,2,myth_game,10,any: light_dark,0.0,0.0,6,0.0
GeminiPro+Sol,Sol,2,myth_game,10,any: nature_culture,0.0,0.0,6,0.0
GeminiPro+Sol,Sol,2,myth_game,10,any: order_chaos,0.0,0.0,6,0.0
GeminiPro+Sol,Sol,2,myth_game,10,any: other,0.0,0.0,6,0.0
GeminiPro+Sol,Sol,2,myth_game,10,any: punishment_forgiveness,0.0,0.0,6,0.0
GeminiPro+Sol,Sol,2,myth_game,10,any: scarcity_abundance,0.3333333333333333,0.5163977794943222,6,0.21081851067789195
GeminiPro+Sol,Sol,2,myth_game,10,any: trust_fear,0.6666666666666666,0.5163977794943223,6,0.210818510677892
GeminiPro+Sol,Sol,2,myth_game,10,arc: improves,1.0,0.0,6,0.0
GeminiPro+Sol,Sol,2,myth_game,10,arc: restored,0.0,0.0,6,0.0
GeminiPro+Sol,Sol,2,myth_game,10,arc: stable order,0.0,0.0,6,0.0
GeminiPro+Sol,Sol,2,myth_game,10,column 0,0.0,0.0,6,0.0
GeminiPro+Sol,Sol,2,myth_game,10,column 1,0.3333333333333333,0.5163977794943223,6,0.210818510677892
GeminiPro+Sol,Sol,2,myth_game,10,column 10,0.0,0.0,6,0.0
GeminiPro+Sol,Sol,2,myth_game,10,column 11,0.5,0.5477225575051661,6,0.22360679774997896
GeminiPro+Sol,Sol,2,myth_game,10,column 12,0.16666666666666666,0.408248290463863,6,0.16666666666666669
GeminiPro+Sol,Sol,2,myth_game,10,column 13,0.0,0.0,6,0.0
GeminiPro+Sol,Sol,2,myth_game,10,column 14,0.0,0.0,6,0.0
GeminiPro+Sol,Sol,2,myth_game,10,column 15,0.3333333333333333,0.5163977794943222,6,0.21081851067789195
GeminiPro+Sol,Sol,2,myth_game,10,column 16,0.3333333333333333,0.5163977794943222,6,0.21081851067789195
GeminiPro+Sol,Sol,2,myth_game,10,column 17,0.3333333333333333,0.5163977794943222,6,0.21081851067789195
GeminiPro+Sol,Sol,2,myth_game,10,column 18,0.6666666666666666,0.5163977794943223,6,0.210818510677892
GeminiPro+Sol,Sol,2,myth_game,10,column 19,0.16666666666666666,0.408248290463863,6,0.16666666666666669
GeminiPro+Sol,Sol,2,myth_game,10,column 2,0.5,0.5477225575051661,6,0.22360679774997896
GeminiPro+Sol,Sol,2,myth_game,10,column 3,0.5,0.5477225575051661,6,0.22360679774997896
GeminiPro+Sol,Sol,2,myth_game,10,column 4,0.5,0.5477225575051661,6,0.22360679774997896
GeminiPro+Sol,Sol,2,myth_game,10,column 5,0.0,0.0,6,0.0
GeminiPro+Sol,Sol,2,myth_game,10,column 6,0.16666666666666666,0.408248290463863,6,0.16666666666666669
GeminiPro+Sol,Sol,2,myth_game,10,column 7,0.0,0.0,6,0.0
GeminiPro+Sol,Sol,2,myth_game,10,column 8,0.16666666666666666,0.408248290463863,6,0.16666666666666669
GeminiPro+Sol,Sol,2,myth_game,10,column 9,0.0,0.0,6,0.0
GeminiPro+Sol,Sol,2,myth_game,10,main: clarity_distortion,0.0,0.0,6,0.0
GeminiPro+Sol,Sol,2,myth_game,10,main: cooperation_betrayal,0.16666666666666666,0.408248290463863,6,0.16666666666666669
GeminiPro+Sol,Sol,2,myth_game,10,main: giving_hoarding,0.5,0.5477225575051661,6,0.22360679774997896
GeminiPro+Sol,Sol,2,myth_game,10,main: high_low,0.0,0.0,6,0.0
GeminiPro+Sol,Sol,2,myth_game,10,main: honesty_deception,0.0,0.0,6,0.0
GeminiPro+Sol,Sol,2,myth_game,10,main: human_divine,0.0,0.0,6,0.0
GeminiPro+Sol,Sol,2,myth_game,10,main: individual_community,0.0,0.0,6,0.0
GeminiPro+Sol,Sol,2,myth_game,10,main: life_death,0.0,0.0,6,0.0
GeminiPro+Sol,Sol,2,myth_game,10,main: light_dark,0.0,0.0,6,0.0
GeminiPro+Sol,Sol,2,myth_game,10,main: nature_culture,0.0,0.0,6,0.0
GeminiPro+Sol,Sol,2,myth_game,10,main: order_chaos,0.0,0.0,6,0.0
GeminiPro+Sol,Sol,2,myth_game,10,main: other,0.0,0.0,6,0.0
GeminiPro+Sol,Sol,2,myth_game,10,main: punishment_forgiveness,0.0,0.0,6,0.0
GeminiPro+Sol,Sol,2,myth_game,10,main: scarcity_abundance,0.16666666666666666,0.408248290463863,6,0.16666666666666669
GeminiPro+Sol,Sol,2,myth_game,10,main: trust_fear,0.16666666666666666,0.408248290463863,6,0.16666666666666669
GeminiPro+Sol,Sol,2,myth_game,10,mediator present,1.0,0.0,6,0.0
GeminiPro+Sol,Sol,2,myth_game,10,resolution: balanced middle,0.0,0.0,6,0.0
GeminiPro+Sol,Sol,2,myth_game,10,resolution: mediated,1.0,0.0,6,0.0
GeminiPro+Sol,Sol,2,myth_game,10,resolution: one pole wins,0.0,0.0,6,0.0
GeminiPro+Sol,Sol,2,myth_game,10,role inversion,0.0,0.0,6,0.0
Opus+GeminiPro,GeminiPro,2,game_myth,1,any: clarity_distortion,0.0,0.0,6,0.0
Opus+GeminiPro,GeminiPro,2,game_myth,1,any: cooperation_betrayal,0.16666666666666666,0.408248290463863,6,0.16666666666666669
Opus+GeminiPro,GeminiPro,2,game_myth,1,any: giving_hoarding,1.0,0.0,6,0.0
Opus+GeminiPro,GeminiPro,2,game_myth,1,any: high_low,0.0,0.0,6,0.0
Opus+GeminiPro,GeminiPro,2,game_myth,1,any: honesty_deception,0.0,0.0,6,0.0
Opus+GeminiPro,GeminiPro,2,game_myth,1,any: human_divine,0.16666666666666666,0.408248290463863,6,0.16666666666666669
Opus+GeminiPro,GeminiPro,2,game_myth,1,any: individual_community,0.0,0.0,6,0.0
Opus+GeminiPro,GeminiPro,2,game_myth,1,any: life_death,0.16666666666666666,0.408248290463863,6,0.16666666666666669
Opus+GeminiPro,GeminiPro,2,game_myth,1,any: light_dark,0.0,0.0,6,0.0
Opus+GeminiPro,GeminiPro,2,game_myth,1,any: nature_culture,0.0,0.0,6,0.0
Opus+GeminiPro,GeminiPro,2,game_myth,1,any: order_chaos,0.0,0.0,6,0.0
Opus+GeminiPro,GeminiPro,2,game_myth,1,any: other,0.0,0.0,6,0.0
Opus+GeminiPro,GeminiPro,2,game_myth,1,any: punishment_forgiveness,0.0,0.0,6,0.0
Opus+GeminiPro,GeminiPro,2,game_myth,1,any: scarcity_abundance,0.5,0.5477225575051662,6,0.22360679774997902
Opus+GeminiPro,GeminiPro,2,game_myth,1,any: trust_fear,1.0,0.0,6,0.0
Opus+GeminiPro,GeminiPro,2,game_myth,1,arc: improves,0.8333333333333334,0.408248290463863,6,0.16666666666666669
Opus+GeminiPro,GeminiPro,2,game_myth,1,arc: restored,0.0,0.0,6,0.0
Opus+GeminiPro,GeminiPro,2,game_myth,1,arc: stable order,0.16666666666666666,0.408248290463863,6,0.16666666666666669
Opus+GeminiPro,GeminiPro,2,game_myth,1,column 0,0.16666666666666666,0.408248290463863,6,0.16666666666666669
Opus+GeminiPro,GeminiPro,2,game_myth,1,column 1,0.3333333333333333,0.5163977794943223,6,0.210818510677892
Opus+GeminiPro,GeminiPro,2,game_myth,1,column 10,0.0,0.0,6,0.0
Opus+GeminiPro,GeminiPro,2,game_myth,1,column 11,0.0,0.0,6,0.0
Opus+GeminiPro,GeminiPro,2,game_myth,1,column 12,0.16666666666666666,0.408248290463863,6,0.16666666666666669
Opus+GeminiPro,GeminiPro,2,game_myth,1,column 13,0.5,0.5477225575051662,6,0.22360679774997902
Opus+GeminiPro,GeminiPro,2,game_myth,1,column 14,0.0,0.0,6,0.0
Opus+GeminiPro,GeminiPro,2,game_myth,1,column 15,0.16666666666666666,0.408248290463863,6,0.16666666666666669
Opus+GeminiPro,GeminiPro,2,game_myth,1,column 16,0.0,0.0,6,0.0
Opus+GeminiPro,GeminiPro,2,game_myth,1,column 17,0.3333333333333333,0.5163977794943222,6,0.21081851067789195
Opus+GeminiPro,GeminiPro,2,game_myth,1,column 18,0.6666666666666666,0.5163977794943222,6,0.21081851067789195
Opus+GeminiPro,GeminiPro,2,game_myth,1,column 19,0.0,0.0,6,0.0
Opus+GeminiPro,GeminiPro,2,game_myth,1,column 2,0.0,0.0,6,0.0
Opus+GeminiPro,GeminiPro,2,game_myth,1,column 3,0.3333333333333333,0.5163977794943223,6,0.210818510677892
Opus+GeminiPro,GeminiPro,2,game_myth,1,column 4,0.3333333333333333,0.5163977794943223,6,0.210818510677892
Opus+GeminiPro,GeminiPro,2,game_myth,1,column 5,0.0,0.0,6,0.0
Opus+GeminiPro,GeminiPro,2,game_myth,1,column 6,0.0,0.0,6,0.0
Opus+GeminiPro,GeminiPro,2,game_myth,1,column 7,0.16666666666666666,0.408248290463863,6,0.16666666666666669
Opus+GeminiPro,GeminiPro,2,game_myth,1,column 8,0.5,0.5477225575051662,6,0.22360679774997902
Opus+GeminiPro,GeminiPro,2,game_myth,1,column 9,0.0,0.0,6,0.0
Opus+GeminiPro,GeminiPro,2,game_myth,1,main: clarity_distortion,0.0,0.0,6,0.0
Opus+GeminiPro,GeminiPro,2,game_myth,1,main: cooperation_betrayal,0.0,0.0,6,0.0
Opus+GeminiPro,GeminiPro,2,game_myth,1,main: giving_hoarding,0.8333333333333334,0.408248290463863,6,0.16666666666666669
Opus+GeminiPro,GeminiPro,2,game_myth,1,main: high_low,0.0,0.0,6,0.0
Opus+GeminiPro,GeminiPro,2,game_myth,1,main: honesty_deception,0.0,0.0,6,0.0
Opus+GeminiPro,GeminiPro,2,game_myth,1,main: human_divine,0.0,0.0,6,0.0
Opus+GeminiPro,GeminiPro,2,game_myth,1,main: individual_community,0.0,0.0,6,0.0
Opus+GeminiPro,GeminiPro,2,game_myth,1,main: life_death,0.0,0.0,6,0.0
Opus+GeminiPro,GeminiPro,2,game_myth,1,main: light_dark,0.0,0.0,6,0.0
Opus+GeminiPro,GeminiPro,2,game_myth,1,main: nature_culture,0.0,0.0,6,0.0
Opus+GeminiPro,GeminiPro,2,game_myth,1,main: order_chaos,0.0,0.0,6,0.0
Opus+GeminiPro,GeminiPro,2,game_myth,1,main: other,0.0,0.0,6,0.0
Opus+GeminiPro,GeminiPro,2,game_myth,1,main: punishment_forgiveness,0.0,0.0,6,0.0
Opus+GeminiPro,GeminiPro,2,game_myth,1,main: scarcity_abundance,0.0,0.0,6,0.0
Opus+GeminiPro,GeminiPro,2,game_myth,1,main: trust_fear,0.16666666666666666,0.408248290463863,6,0.16666666666666669
Opus+GeminiPro,GeminiPro,2,game_myth,1,mediator present,0.5,0.5477225575051661,6,0.22360679774997896
Opus+GeminiPro,GeminiPro,2,game_myth,1,resolution: balanced middle,0.0,0.0,6,0.0
Opus+GeminiPro,GeminiPro,2,game_myth,1,resolution: mediated,0.5,0.5477225575051661,6,0.22360679774997896
Opus+GeminiPro,GeminiPro,2,game_myth,1,resolution: one pole wins,0.3333333333333333,0.5163977794943222,6,0.21081851067789195
Opus+GeminiPro,GeminiPro,2,game_myth,1,role inversion,0.0,0.0,6,0.0
Opus+GeminiPro,GeminiPro,2,game_myth,2,any: clarity_distortion,0.3333333333333333,0.5163977794943223,6,0.210818510677892
Opus+GeminiPro,GeminiPro,2,game_myth,2,any: cooperation_betrayal,0.16666666666666666,0.408248290463863,6,0.16666666666666669
Opus+GeminiPro,GeminiPro,2,game_myth,2,any: giving_hoarding,0.8333333333333334,0.408248290463863,6,0.16666666666666669
Opus+GeminiPro,GeminiPro,2,game_myth,2,any: high_low,0.0,0.0,6,0.0
Opus+GeminiPro,GeminiPro,2,game_myth,2,any: honesty_deception,0.0,0.0,6,0.0
Opus+GeminiPro,GeminiPro,2,game_myth,2,any: human_divine,0.0,0.0,6,0.0
Opus+GeminiPro,GeminiPro,2,game_myth,2,any: individual_community,0.0,0.0,6,0.0
Opus+GeminiPro,GeminiPro,2,game_myth,2,any: life_death,0.0,0.0,6,0.0
Opus+GeminiPro,GeminiPro,2,game_myth,2,any: light_dark,0.0,0.0,6,0.0
Opus+GeminiPro,GeminiPro,2,game_myth,2,any: nature_culture,0.0,0.0,6,0.0
Opus+GeminiPro,GeminiPro,2,game_myth,2,any: order_chaos,0.0,0.0,6,0.0
Opus+GeminiPro,GeminiPro,2,game_myth,2,any: other,0.0,0.0,6,0.0
Opus+GeminiPro,GeminiPro,2,game_myth,2,any: punishment_forgiveness,0.5,0.5477225575051661,6,0.22360679774997896
Opus+GeminiPro,GeminiPro,2,game_myth,2,any: scarcity_abundance,0.16666666666666666,0.408248290463863,6,0.16666666666666669
Opus+GeminiPro,GeminiPro,2,game_myth,2,any: trust_fear,1.0,0.0,6,0.0
Opus+GeminiPro,GeminiPro,2,game_myth,2,arc: improves,0.3333333333333333,0.5163977794943222,6,0.21081851067789195
Opus+GeminiPro,GeminiPro,2,game_myth,2,arc: restored,0.5,0.5477225575051662,6,0.22360679774997902
Opus+GeminiPro,GeminiPro,2,game_myth,2,arc: stable order,0.16666666666666666,0.408248290463863,6,0.16666666666666669
Opus+GeminiPro,GeminiPro,2,game_myth,2,column 0,0.0,0.0,6,0.0
Opus+GeminiPro,GeminiPro,2,game_myth,2,column 1,0.16666666666666666,0.408248290463863,6,0.16666666666666669
Opus+GeminiPro,GeminiPro,2,game_myth,2,column 10,0.3333333333333333,0.5163977794943223,6,0.210818510677892
Opus+GeminiPro,GeminiPro,2,game_myth,2,column 11,0.0,0.0,6,0.0
Opus+GeminiPro,GeminiPro,2,game_myth,2,column 12,0.16666666666666666,0.408248290463863,6,0.16666666666666669
Opus+GeminiPro,GeminiPro,2,game_myth,2,column 13,0.3333333333333333,0.5163977794943223,6,0.210818510677892
Opus+GeminiPro,GeminiPro,2,game_myth,2,column 14,0.0,0.0,6,0.0
Opus+GeminiPro,GeminiPro,2,game_myth,2,column 15,0.16666666666666666,0.408248290463863,6,0.16666666666666669
Opus+GeminiPro,GeminiPro,2,game_myth,2,column 16,0.16666666666666666,0.408248290463863,6,0.16666666666666669
Opus+GeminiPro,GeminiPro,2,game_myth,2,column 17,0.16666666666666666,0.408248290463863,6,0.16666666666666669
Opus+GeminiPro,GeminiPro,2,game_myth,2,column 18,0.3333333333333333,0.5163977794943222,6,0.21081851067789195
Opus+GeminiPro,GeminiPro,2,game_myth,2,column 19,0.16666666666666666,0.408248290463863,6,0.16666666666666669
Opus+GeminiPro,GeminiPro,2,game_myth,2,column 2,0.6666666666666666,0.5163977794943222,6,0.21081851067789195
Opus+GeminiPro,GeminiPro,2,game_myth,2,column 3,0.5,0.5477225575051661,6,0.22360679774997896
Opus+GeminiPro,GeminiPro,2,game_myth,2,column 4,0.3333333333333333,0.5163977794943222,6,0.21081851067789195
Opus+GeminiPro,GeminiPro,2,game_myth,2,column 5,0.16666666666666666,0.408248290463863,6,0.16666666666666669
Opus+GeminiPro,GeminiPro,2,game_myth,2,column 6,0.16666666666666666,0.408248290463863,6,0.16666666666666669
Opus+GeminiPro,GeminiPro,2,game_myth,2,column 7,0.0,0.0,6,0.0
Opus+GeminiPro,GeminiPro,2,game_myth,2,column 8,0.16666666666666666,0.408248290463863,6,0.16666666666666669
Opus+GeminiPro,GeminiPro,2,game_myth,2,column 9,0.0,0.0,6,0.0
Opus+GeminiPro,GeminiPro,2,game_myth,2,main: clarity_distortion,0.0,0.0,6,0.0
Opus+GeminiPro,GeminiPro,2,game_myth,2,main: cooperation_betrayal,0.0,0.0,6,0.0
Opus+GeminiPro,GeminiPro,2,game_myth,2,main: giving_hoarding,0.16666666666666666,0.408248290463863,6,0.16666666666666669
Opus+GeminiPro,GeminiPro,2,game_myth,2,main: high_low,0.0,0.0,6,0.0
Opus+GeminiPro,GeminiPro,2,game_myth,2,main: honesty_deception,0.0,0.0,6,0.0
Opus+GeminiPro,GeminiPro,2,game_myth,2,main: human_divine,0.0,0.0,6,0.0
Opus+GeminiPro,GeminiPro,2,game_myth,2,main: individual_community,0.0,0.0,6,0.0
Opus+GeminiPro,GeminiPro,2,game_myth,2,main: life_death,0.0,0.0,6,0.0
Opus+GeminiPro,GeminiPro,2,game_myth,2,main: light_dark,0.0,0.0,6,0.0
Opus+GeminiPro,GeminiPro,2,game_myth,2,main: nature_culture,0.0,0.0,6,0.0
Opus+GeminiPro,GeminiPro,2,game_myth,2,main: order_chaos,0.0,0.0,6,0.0
Opus+GeminiPro,GeminiPro,2,game_myth,2,main: other,0.0,0.0,6,0.0
Opus+GeminiPro,GeminiPro,2,game_myth,2,main: punishment_forgiveness,0.0,0.0,6,0.0
Opus+GeminiPro,GeminiPro,2,game_myth,2,main: scarcity_abundance,0.0,0.0,6,0.0
Opus+GeminiPro,GeminiPro,2,game_myth,2,main: trust_fear,0.8333333333333334,0.408248290463863,6,0.16666666666666669
Opus+GeminiPro,GeminiPro,2,game_myth,2,mediator present,0.8333333333333334,0.408248290463863,6,0.16666666666666669
Opus+GeminiPro,GeminiPro,2,game_myth,2,resolution: balanced middle,0.0,0.0,6,0.0
Opus+GeminiPro,GeminiPro,2,game_myth,2,resolution: mediated,0.8333333333333334,0.408248290463863,6,0.16666666666666669
Opus+GeminiPro,GeminiPro,2,game_myth,2,resolution: one pole wins,0.16666666666666666,0.408248290463863,6,0.16666666666666669
Opus+GeminiPro,GeminiPro,2,game_myth,2,role inversion,0.0,0.0,6,0.0
Opus+GeminiPro,GeminiPro,2,game_myth,5,any: clarity_distortion,0.16666666666666666,0.408248290463863,6,0.16666666666666669
Opus+GeminiPro,GeminiPro,2,game_myth,5,any: cooperation_betrayal,0.6666666666666666,0.5163977794943223,6,0.210818510677892
Opus+GeminiPro,GeminiPro,2,game_myth,5,any: giving_hoarding,0.6666666666666666,0.5163977794943223,6,0.210818510677892
Opus+GeminiPro,GeminiPro,2,game_myth,5,any: high_low,0.0,0.0,6,0.0
Opus+GeminiPro,GeminiPro,2,game_myth,5,any: honesty_deception,0.0,0.0,6,0.0
Opus+GeminiPro,GeminiPro,2,game_myth,5,any: human_divine,0.0,0.0,6,0.0
Opus+GeminiPro,GeminiPro,2,game_myth,5,any: individual_community,0.0,0.0,6,0.0
Opus+GeminiPro,GeminiPro,2,game_myth,5,any: life_death,0.0,0.0,6,0.0
Opus+GeminiPro,GeminiPro,2,game_myth,5,any: light_dark,0.16666666666666666,0.408248290463863,6,0.16666666666666669
Opus+GeminiPro,GeminiPro,2,game_myth,5,any: nature_culture,0.0,0.0,6,0.0
Opus+GeminiPro,GeminiPro,2,game_myth,5,any: order_chaos,0.0,0.0,6,0.0
Opus+GeminiPro,GeminiPro,2,game_myth,5,any: other,0.0,0.0,6,0.0
Opus+GeminiPro,GeminiPro,2,game_myth,5,any: punishment_forgiveness,0.16666666666666666,0.408248290463863,6,0.16666666666666669
Opus+GeminiPro,GeminiPro,2,game_myth,5,any: scarcity_abundance,0.16666666666666666,0.408248290463863,6,0.16666666666666669
Opus+GeminiPro,GeminiPro,2,game_myth,5,any: trust_fear,1.0,0.0,6,0.0
Opus+GeminiPro,GeminiPro,2,game_myth,5,arc: improves,0.5,0.5477225575051661,6,0.22360679774997896
Opus+GeminiPro,GeminiPro,2,game_myth,5,arc: restored,0.16666666666666666,0.408248290463863,6,0.16666666666666669
Opus+GeminiPro,GeminiPro,2,game_myth,5,arc: stable order,0.3333333333333333,0.5163977794943223,6,0.210818510677892
Opus+GeminiPro,GeminiPro,2,game_myth,5,column 0,0.16666666666666666,0.408248290463863,6,0.16666666666666669
Opus+GeminiPro,GeminiPro,2,game_myth,5,column 1,0.3333333333333333,0.5163977794943222,6,0.21081851067789195
Opus+GeminiPro,GeminiPro,2,game_myth,5,column 10,0.3333333333333333,0.5163977794943222,6,0.21081851067789195
Opus+GeminiPro,GeminiPro,2,game_myth,5,column 11,0.0,0.0,6,0.0
Opus+GeminiPro,GeminiPro,2,game_myth,5,column 12,0.3333333333333333,0.5163977794943223,6,0.210818510677892
Opus+GeminiPro,GeminiPro,2,game_myth,5,column 13,0.5,0.5477225575051661,6,0.22360679774997896
Opus+GeminiPro,GeminiPro,2,game_myth,5,column 14,0.0,0.0,6,0.0
Opus+GeminiPro,GeminiPro,2,game_myth,5,column 15,0.16666666666666666,0.408248290463863,6,0.16666666666666669
Opus+GeminiPro,GeminiPro,2,game_myth,5,column 16,0.0,0.0,6,0.0
Opus+GeminiPro,GeminiPro,2,game_myth,5,column 17,0.0,0.0,6,0.0
Opus+GeminiPro,GeminiPro,2,game_myth,5,column 18,0.0,0.0,6,0.0
Opus+GeminiPro,GeminiPro,2,game_myth,5,column 19,0.16666666666666666,0.408248290463863,6,0.16666666666666669
Opus+GeminiPro,GeminiPro,2,game_myth,5,column 2,0.3333333333333333,0.5163977794943222,6,0.21081851067789195
Opus+GeminiPro,GeminiPro,2,game_myth,5,column 3,0.16666666666666666,0.408248290463863,6,0.16666666666666669
Opus+GeminiPro,GeminiPro,2,game_myth,5,column 4,0.5,0.5477225575051661,6,0.22360679774997896
Opus+GeminiPro,GeminiPro,2,game_myth,5,column 5,0.16666666666666666,0.408248290463863,6,0.16666666666666669
Opus+GeminiPro,GeminiPro,2,game_myth,5,column 6,0.3333333333333333,0.5163977794943222,6,0.21081851067789195
Opus+GeminiPro,GeminiPro,2,game_myth,5,column 7,0.0,0.0,6,0.0
Opus+GeminiPro,GeminiPro,2,game_myth,5,column 8,0.0,0.0,6,0.0
Opus+GeminiPro,GeminiPro,2,game_myth,5,column 9,0.16666666666666666,0.408248290463863,6,0.16666666666666669
Opus+GeminiPro,GeminiPro,2,game_myth,5,main: clarity_distortion,0.0,0.0,6,0.0
Opus+GeminiPro,GeminiPro,2,game_myth,5,main: cooperation_betrayal,0.0,0.0,6,0.0
Opus+GeminiPro,GeminiPro,2,game_myth,5,main: giving_hoarding,0.16666666666666666,0.408248290463863,6,0.16666666666666669
Opus+GeminiPro,GeminiPro,2,game_myth,5,main: high_low,0.0,0.0,6,0.0
Opus+GeminiPro,GeminiPro,2,game_myth,5,main: honesty_deception,0.0,0.0,6,0.0
Opus+GeminiPro,GeminiPro,2,game_myth,5,main: human_divine,0.0,0.0,6,0.0
Opus+GeminiPro,GeminiPro,2,game_myth,5,main: individual_community,0.0,0.0,6,0.0
Opus+GeminiPro,GeminiPro,2,game_myth,5,main: life_death,0.0,0.0,6,0.0
Opus+GeminiPro,GeminiPro,2,game_myth,5,main: light_dark,0.0,0.0,6,0.0
Opus+GeminiPro,GeminiPro,2,game_myth,5,main: nature_culture,0.0,0.0,6,0.0
Opus+GeminiPro,GeminiPro,2,game_myth,5,main: order_chaos,0.0,0.0,6,0.0
Opus+GeminiPro,GeminiPro,2,game_myth,5,main: other,0.0,0.0,6,0.0
Opus+GeminiPro,GeminiPro,2,game_myth,5,main: punishment_forgiveness,0.0,0.0,6,0.0
Opus+GeminiPro,GeminiPro,2,game_myth,5,main: scarcity_abundance,0.0,0.0,6,0.0
Opus+GeminiPro,GeminiPro,2,game_myth,5,main: trust_fear,0.8333333333333334,0.408248290463863,6,0.16666666666666669
Opus+GeminiPro,GeminiPro,2,game_myth,5,mediator present,0.0,0.0,6,0.0
Opus+GeminiPro,GeminiPro,2,game_myth,5,resolution: balanced middle,0.0,0.0,6,0.0
Opus+GeminiPro,GeminiPro,2,game_myth,5,resolution: mediated,0.0,0.0,6,0.0
Opus+GeminiPro,GeminiPro,2,game_myth,5,resolution: one pole wins,1.0,0.0,6,0.0
Opus+GeminiPro,GeminiPro,2,game_myth,5,role inversion,0.0,0.0,6,0.0
Opus+GeminiPro,GeminiPro,2,game_myth,6,any: clarity_distortion,0.3333333333333333,0.5163977794943222,6,0.21081851067789195
Opus+GeminiPro,GeminiPro,2,game_myth,6,any: cooperation_betrayal,0.16666666666666666,0.408248290463863,6,0.16666666666666669
Opus+GeminiPro,GeminiPro,2,game_myth,6,any: giving_hoarding,1.0,0.0,6,0.0
Opus+GeminiPro,GeminiPro,2,game_myth,6,any: high_low,0.0,0.0,6,0.0
Opus+GeminiPro,GeminiPro,2,game_myth,6,any: honesty_deception,0.16666666666666666,0.408248290463863,6,0.16666666666666669
Opus+GeminiPro,GeminiPro,2,game_myth,6,any: human_divine,0.0,0.0,6,0.0
Opus+GeminiPro,GeminiPro,2,game_myth,6,any: individual_community,0.0,0.0,6,0.0
Opus+GeminiPro,GeminiPro,2,game_myth,6,any: life_death,0.0,0.0,6,0.0
Opus+GeminiPro,GeminiPro,2,game_myth,6,any: light_dark,0.3333333333333333,0.5163977794943223,6,0.210818510677892
Opus+GeminiPro,GeminiPro,2,game_myth,6,any: nature_culture,0.0,0.0,6,0.0
Opus+GeminiPro,GeminiPro,2,game_myth,6,any: order_chaos,0.0,0.0,6,0.0
Opus+GeminiPro,GeminiPro,2,game_myth,6,any: other,0.16666666666666666,0.408248290463863,6,0.16666666666666669
Opus+GeminiPro,GeminiPro,2,game_myth,6,any: punishment_forgiveness,0.16666666666666666,0.408248290463863,6,0.16666666666666669
Opus+GeminiPro,GeminiPro,2,game_myth,6,any: scarcity_abundance,0.16666666666666666,0.408248290463863,6,0.16666666666666669
Opus+GeminiPro,GeminiPro,2,game_myth,6,any: trust_fear,0.5,0.5477225575051661,6,0.22360679774997896
Opus+GeminiPro,GeminiPro,2,game_myth,6,arc: improves,0.3333333333333333,0.5163977794943223,6,0.210818510677892
Opus+GeminiPro,GeminiPro,2,game_myth,6,arc: restored,0.0,0.0,6,0.0
Opus+GeminiPro,GeminiPro,2,game_myth,6,arc: stable order,0.6666666666666666,0.5163977794943223,6,0.210818510677892
Opus+GeminiPro,GeminiPro,2,game_myth,6,column 0,0.3333333333333333,0.5163977794943222,6,0.21081851067789195
Opus+GeminiPro,GeminiPro,2,game_myth,6,column 1,0.5,0.5477225575051661,6,0.22360679774997896
Opus+GeminiPro,GeminiPro,2,game_myth,6,column 10,0.5,0.5477225575051661,6,0.22360679774997896
Opus+GeminiPro,GeminiPro,2,game_myth,6,column 11,0.5,0.5477225575051661,6,0.22360679774997896
Opus+GeminiPro,GeminiPro,2,game_myth,6,column 12,0.0,0.0,6,0.0
Opus+GeminiPro,GeminiPro,2,game_myth,6,column 13,0.0,0.0,6,0.0
Opus+GeminiPro,GeminiPro,2,game_myth,6,column 14,0.0,0.0,6,0.0
Opus+GeminiPro,GeminiPro,2,game_myth,6,column 15,0.16666666666666666,0.408248290463863,6,0.16666666666666669
Opus+GeminiPro,GeminiPro,2,game_myth,6,column 16,0.16666666666666666,0.408248290463863,6,0.16666666666666669
Opus+GeminiPro,GeminiPro,2,game_myth,6,column 17,0.0,0.0,6,0.0
Opus+GeminiPro,GeminiPro,2,game_myth,6,column 18,0.0,0.0,6,0.0
Opus+GeminiPro,GeminiPro,2,game_myth,6,column 19,0.0,0.0,6,0.0
Opus+GeminiPro,GeminiPro,2,game_myth,6,column 2,0.0,0.0,6,0.0
Opus+GeminiPro,GeminiPro,2,game_myth,6,column 3,0.16666666666666666,0.408248290463863,6,0.16666666666666669
Opus+GeminiPro,GeminiPro,2,game_myth,6,column 4,0.5,0.5477225575051661,6,0.22360679774997896
Opus+GeminiPro,GeminiPro,2,game_myth,6,column 5,0.3333333333333333,0.5163977794943222,6,0.21081851067789195
Opus+GeminiPro,GeminiPro,2,game_myth,6,column 6,0.0,0.0,6,0.0
Opus+GeminiPro,GeminiPro,2,game_myth,6,column 7,0.16666666666666666,0.408248290463863,6,0.16666666666666669
Opus+GeminiPro,GeminiPro,2,game_myth,6,column 8,0.5,0.5477225575051661,6,0.22360679774997896
Opus+GeminiPro,GeminiPro,2,game_myth,6,column 9,0.3333333333333333,0.5163977794943222,6,0.21081851067789195
Opus+GeminiPro,GeminiPro,2,game_myth,6,main: clarity_distortion,0.16666666666666666,0.408248290463863,6,0.16666666666666669
Opus+GeminiPro,GeminiPro,2,game_myth,6,main: cooperation_betrayal,0.0,0.0,6,0.0
Opus+GeminiPro,GeminiPro,2,game_myth,6,main: giving_hoarding,0.8333333333333334,0.408248290463863,6,0.16666666666666669
Opus+GeminiPro,GeminiPro,2,game_myth,6,main: high_low,0.0,0.0,6,0.0
Opus+GeminiPro,GeminiPro,2,game_myth,6,main: honesty_deception,0.0,0.0,6,0.0
Opus+GeminiPro,GeminiPro,2,game_myth,6,main: human_divine,0.0,0.0,6,0.0
Opus+GeminiPro,GeminiPro,2,game_myth,6,main: individual_community,0.0,0.0,6,0.0
Opus+GeminiPro,GeminiPro,2,game_myth,6,main: life_death,0.0,0.0,6,0.0
Opus+GeminiPro,GeminiPro,2,game_myth,6,main: light_dark,0.0,0.0,6,0.0
Opus+GeminiPro,GeminiPro,2,game_myth,6,main: nature_culture,0.0,0.0,6,0.0
Opus+GeminiPro,GeminiPro,2,game_myth,6,main: order_chaos,0.0,0.0,6,0.0
Opus+GeminiPro,GeminiPro,2,game_myth,6,main: other,0.0,0.0,6,0.0
Opus+GeminiPro,GeminiPro,2,game_myth,6,main: punishment_forgiveness,0.0,0.0,6,0.0
Opus+GeminiPro,GeminiPro,2,game_myth,6,main: scarcity_abundance,0.0,0.0,6,0.0
Opus+GeminiPro,GeminiPro,2,game_myth,6,main: trust_fear,0.0,0.0,6,0.0
Opus+GeminiPro,GeminiPro,2,game_myth,6,mediator present,0.0,0.0,6,0.0
Opus+GeminiPro,GeminiPro,2,game_myth,6,resolution: balanced middle,0.0,0.0,6,0.0
Opus+GeminiPro,GeminiPro,2,game_myth,6,resolution: mediated,0.0,0.0,6,0.0
Opus+GeminiPro,GeminiPro,2,game_myth,6,resolution: one pole wins,1.0,0.0,6,0.0
Opus+GeminiPro,GeminiPro,2,game_myth,6,role inversion,0.0,0.0,6,0.0
Opus+GeminiPro,GeminiPro,2,game_myth,9,any: clarity_distortion,0.16666666666666666,0.408248290463863,6,0.16666666666666669
Opus+GeminiPro,GeminiPro,2,game_myth,9,any: cooperation_betrayal,0.3333333333333333,0.5163977794943222,6,0.21081851067789195
Opus+GeminiPro,GeminiPro,2,game_myth,9,any: giving_hoarding,0.6666666666666666,0.5163977794943223,6,0.210818510677892
Opus+GeminiPro,GeminiPro,2,game_myth,9,any: high_low,0.0,0.0,6,0.0
Opus+GeminiPro,GeminiPro,2,game_myth,9,any: honesty_deception,0.0,0.0,6,0.0
Opus+GeminiPro,GeminiPro,2,game_myth,9,any: human_divine,0.0,0.0,6,0.0
Opus+GeminiPro,GeminiPro,2,game_myth,9,any: individual_community,0.0,0.0,6,0.0
Opus+GeminiPro,GeminiPro,2,game_myth,9,any: life_death,0.0,0.0,6,0.0
Opus+GeminiPro,GeminiPro,2,game_myth,9,any: light_dark,0.0,0.0,6,0.0
Opus+GeminiPro,GeminiPro,2,game_myth,9,any: nature_culture,0.16666666666666666,0.408248290463863,6,0.16666666666666669
Opus+GeminiPro,GeminiPro,2,game_myth,9,any: order_chaos,0.16666666666666666,0.408248290463863,6,0.16666666666666669
Opus+GeminiPro,GeminiPro,2,game_myth,9,any: other,0.0,0.0,6,0.0
Opus+GeminiPro,GeminiPro,2,game_myth,9,any: punishment_forgiveness,0.3333333333333333,0.5163977794943223,6,0.210818510677892
Opus+GeminiPro,GeminiPro,2,game_myth,9,any: scarcity_abundance,0.16666666666666666,0.408248290463863,6,0.16666666666666669
Opus+GeminiPro,GeminiPro,2,game_myth,9,any: trust_fear,1.0,0.0,6,0.0
Opus+GeminiPro,GeminiPro,2,game_myth,9,arc: improves,0.5,0.5477225575051661,6,0.22360679774997896
Opus+GeminiPro,GeminiPro,2,game_myth,9,arc: restored,0.0,0.0,6,0.0
Opus+GeminiPro,GeminiPro,2,game_myth,9,arc: stable order,0.5,0.5477225575051661,6,0.22360679774997896
Opus+GeminiPro,GeminiPro,2,game_myth,9,column 0,0.3333333333333333,0.5163977794943223,6,0.210818510677892
Opus+GeminiPro,GeminiPro,2,game_myth,9,column 1,0.0,0.0,6,0.0
Opus+GeminiPro,GeminiPro,2,game_myth,9,column 10,0.5,0.5477225575051661,6,0.22360679774997896
Opus+GeminiPro,GeminiPro,2,game_myth,9,column 11,0.0,0.0,6,0.0
Opus+GeminiPro,GeminiPro,2,game_myth,9,column 12,0.6666666666666666,0.5163977794943222,6,0.21081851067789195
Opus+GeminiPro,GeminiPro,2,game_myth,9,column 13,0.0,0.0,6,0.0
Opus+GeminiPro,GeminiPro,2,game_myth,9,column 14,0.3333333333333333,0.5163977794943223,6,0.210818510677892
Opus+GeminiPro,GeminiPro,2,game_myth,9,column 15,0.5,0.5477225575051661,6,0.22360679774997896
Opus+GeminiPro,GeminiPro,2,game_myth,9,column 16,0.0,0.0,6,0.0
Opus+GeminiPro,GeminiPro,2,game_myth,9,column 17,0.0,0.0,6,0.0
Opus+GeminiPro,GeminiPro,2,game_myth,9,column 18,0.3333333333333333,0.5163977794943223,6,0.210818510677892
Opus+GeminiPro,GeminiPro,2,game_myth,9,column 19,0.16666666666666666,0.408248290463863,6,0.16666666666666669
Opus+GeminiPro,GeminiPro,2,game_myth,9,column 2,0.16666666666666666,0.408248290463863,6,0.16666666666666669
Opus+GeminiPro,GeminiPro,2,game_myth,9,column 3,0.5,0.5477225575051662,6,0.22360679774997902
Opus+GeminiPro,GeminiPro,2,game_myth,9,column 4,0.6666666666666666,0.5163977794943223,6,0.210818510677892
Opus+GeminiPro,GeminiPro,2,game_myth,9,column 5,0.3333333333333333,0.5163977794943223,6,0.210818510677892
Opus+GeminiPro,GeminiPro,2,game_myth,9,column 6,0.0,0.0,6,0.0
Opus+GeminiPro,GeminiPro,2,game_myth,9,column 7,0.0,0.0,6,0.0
Opus+GeminiPro,GeminiPro,2,game_myth,9,column 8,0.0,0.0,6,0.0
Opus+GeminiPro,GeminiPro,2,game_myth,9,column 9,0.0,0.0,6,0.0
Opus+GeminiPro,GeminiPro,2,game_myth,9,main: clarity_distortion,0.0,0.0,6,0.0
Opus+GeminiPro,GeminiPro,2,game_myth,9,main: cooperation_betrayal,0.0,0.0,6,0.0
Opus+GeminiPro,GeminiPro,2,game_myth,9,main: giving_hoarding,0.16666666666666666,0.408248290463863,6,0.16666666666666669
Opus+GeminiPro,GeminiPro,2,game_myth,9,main: high_low,0.0,0.0,6,0.0
Opus+GeminiPro,GeminiPro,2,game_myth,9,main: honesty_deception,0.0,0.0,6,0.0
Opus+GeminiPro,GeminiPro,2,game_myth,9,main: human_divine,0.0,0.0,6,0.0
Opus+GeminiPro,GeminiPro,2,game_myth,9,main: individual_community,0.0,0.0,6,0.0
Opus+GeminiPro,GeminiPro,2,game_myth,9,main: life_death,0.0,0.0,6,0.0
Opus+GeminiPro,GeminiPro,2,game_myth,9,main: light_dark,0.0,0.0,6,0.0
Opus+GeminiPro,GeminiPro,2,game_myth,9,main: nature_culture,0.0,0.0,6,0.0
Opus+GeminiPro,GeminiPro,2,game_myth,9,main: order_chaos,0.0,0.0,6,0.0
Opus+GeminiPro,GeminiPro,2,game_myth,9,main: other,0.0,0.0,6,0.0
Opus+GeminiPro,GeminiPro,2,game_myth,9,main: punishment_forgiveness,0.0,0.0,6,0.0
Opus+GeminiPro,GeminiPro,2,game_myth,9,main: scarcity_abundance,0.0,0.0,6,0.0
Opus+GeminiPro,GeminiPro,2,game_myth,9,main: trust_fear,0.8333333333333334,0.408248290463863,6,0.16666666666666669
Opus+GeminiPro,GeminiPro,2,game_myth,9,mediator present,0.3333333333333333,0.5163977794943223,6,0.210818510677892
Opus+GeminiPro,GeminiPro,2,game_myth,9,resolution: balanced middle,0.0,0.0,6,0.0
Opus+GeminiPro,GeminiPro,2,game_myth,9,resolution: mediated,0.3333333333333333,0.5163977794943223,6,0.210818510677892
Opus+GeminiPro,GeminiPro,2,game_myth,9,resolution: one pole wins,0.6666666666666666,0.5163977794943223,6,0.210818510677892
Opus+GeminiPro,GeminiPro,2,game_myth,9,role inversion,0.0,0.0,6,0.0
Opus+GeminiPro,GeminiPro,2,game_myth,10,any: clarity_distortion,0.3333333333333333,0.5163977794943222,6,0.21081851067789195
Opus+GeminiPro,GeminiPro,2,game_myth,10,any: cooperation_betrayal,0.3333333333333333,0.5163977794943223,6,0.210818510677892
Opus+GeminiPro,GeminiPro,2,game_myth,10,any: giving_hoarding,0.5,0.5477225575051662,6,0.22360679774997902
Opus+GeminiPro,GeminiPro,2,game_myth,10,any: high_low,0.0,0.0,6,0.0
Opus+GeminiPro,GeminiPro,2,game_myth,10,any: honesty_deception,0.16666666666666666,0.408248290463863,6,0.16666666666666669
Opus+GeminiPro,GeminiPro,2,game_myth,10,any: human_divine,0.0,0.0,6,0.0
Opus+GeminiPro,GeminiPro,2,game_myth,10,any: individual_community,0.16666666666666666,0.408248290463863,6,0.16666666666666669
Opus+GeminiPro,GeminiPro,2,game_myth,10,any: life_death,0.0,0.0,6,0.0
Opus+GeminiPro,GeminiPro,2,game_myth,10,any: light_dark,0.16666666666666666,0.408248290463863,6,0.16666666666666669
Opus+GeminiPro,GeminiPro,2,game_myth,10,any: nature_culture,0.0,0.0,6,0.0
Opus+GeminiPro,GeminiPro,2,game_myth,10,any: order_chaos,0.3333333333333333,0.5163977794943223,6,0.210818510677892
Opus+GeminiPro,GeminiPro,2,game_myth,10,any: other,0.0,0.0,6,0.0
Opus+GeminiPro,GeminiPro,2,game_myth,10,any: punishment_forgiveness,0.0,0.0,6,0.0
Opus+GeminiPro,GeminiPro,2,game_myth,10,any: scarcity_abundance,0.0,0.0,6,0.0
Opus+GeminiPro,GeminiPro,2,game_myth,10,any: trust_fear,1.0,0.0,6,0.0
Opus+GeminiPro,GeminiPro,2,game_myth,10,arc: improves,0.8333333333333334,0.408248290463863,6,0.16666666666666669
Opus+GeminiPro,GeminiPro,2,game_myth,10,arc: restored,0.0,0.0,6,0.0
Opus+GeminiPro,GeminiPro,2,game_myth,10,arc: stable order,0.16666666666666666,0.408248290463863,6,0.16666666666666669
Opus+GeminiPro,GeminiPro,2,game_myth,10,column 0,0.5,0.5477225575051661,6,0.22360679774997896
Opus+GeminiPro,GeminiPro,2,game_myth,10,column 1,0.16666666666666666,0.408248290463863,6,0.16666666666666669
Opus+GeminiPro,GeminiPro,2,game_myth,10,column 10,0.16666666666666666,0.408248290463863,6,0.16666666666666669
Opus+GeminiPro,GeminiPro,2,game_myth,10,column 11,0.16666666666666666,0.408248290463863,6,0.16666666666666669
Opus+GeminiPro,GeminiPro,2,game_myth,10,column 12,0.16666666666666666,0.408248290463863,6,0.16666666666666669
Opus+GeminiPro,GeminiPro,2,game_myth,10,column 13,0.16666666666666666,0.408248290463863,6,0.16666666666666669
Opus+GeminiPro,GeminiPro,2,game_myth,10,column 14,0.3333333333333333,0.5163977794943223,6,0.210818510677892
Opus+GeminiPro,GeminiPro,2,game_myth,10,column 15,0.3333333333333333,0.5163977794943222,6,0.21081851067789195
Opus+GeminiPro,GeminiPro,2,game_myth,10,column 16,0.16666666666666666,0.408248290463863,6,0.16666666666666669
Opus+GeminiPro,GeminiPro,2,game_myth,10,column 17,0.0,0.0,6,0.0
Opus+GeminiPro,GeminiPro,2,game_myth,10,column 18,0.3333333333333333,0.5163977794943223,6,0.210818510677892
Opus+GeminiPro,GeminiPro,2,game_myth,10,column 19,0.16666666666666666,0.408248290463863,6,0.16666666666666669
Opus+GeminiPro,GeminiPro,2,game_myth,10,column 2,0.16666666666666666,0.408248290463863,6,0.16666666666666669
Opus+GeminiPro,GeminiPro,2,game_myth,10,column 3,0.6666666666666666,0.5163977794943222,6,0.21081851067789195
Opus+GeminiPro,GeminiPro,2,game_myth,10,column 4,0.5,0.5477225575051661,6,0.22360679774997896
Opus+GeminiPro,GeminiPro,2,game_myth,10,column 5,0.5,0.5477225575051662,6,0.22360679774997902
Opus+GeminiPro,GeminiPro,2,game_myth,10,column 6,0.0,0.0,6,0.0
Opus+GeminiPro,GeminiPro,2,game_myth,10,column 7,0.0,0.0,6,0.0
Opus+GeminiPro,GeminiPro,2,game_myth,10,column 8,0.16666666666666666,0.408248290463863,6,0.16666666666666669
Opus+GeminiPro,GeminiPro,2,game_myth,10,column 9,0.0,0.0,6,0.0
Opus+GeminiPro,GeminiPro,2,game_myth,10,main: clarity_distortion,0.16666666666666666,0.408248290463863,6,0.16666666666666669
Opus+GeminiPro,GeminiPro,2,game_myth,10,main: cooperation_betrayal,0.0,0.0,6,0.0
Opus+GeminiPro,GeminiPro,2,game_myth,10,main: giving_hoarding,0.3333333333333333,0.5163977794943223,6,0.210818510677892
Opus+GeminiPro,GeminiPro,2,game_myth,10,main: high_low,0.0,0.0,6,0.0
Opus+GeminiPro,GeminiPro,2,game_myth,10,main: honesty_deception,0.0,0.0,6,0.0
Opus+GeminiPro,GeminiPro,2,game_myth,10,main: human_divine,0.0,0.0,6,0.0
Opus+GeminiPro,GeminiPro,2,game_myth,10,main: individual_community,0.0,0.0,6,0.0
Opus+GeminiPro,GeminiPro,2,game_myth,10,main: life_death,0.0,0.0,6,0.0
Opus+GeminiPro,GeminiPro,2,game_myth,10,main: light_dark,0.0,0.0,6,0.0
Opus+GeminiPro,GeminiPro,2,game_myth,10,main: nature_culture,0.0,0.0,6,0.0
Opus+GeminiPro,GeminiPro,2,game_myth,10,main: order_chaos,0.0,0.0,6,0.0
Opus+GeminiPro,GeminiPro,2,game_myth,10,main: other,0.0,0.0,6,0.0
Opus+GeminiPro,GeminiPro,2,game_myth,10,main: punishment_forgiveness,0.0,0.0,6,0.0
Opus+GeminiPro,GeminiPro,2,game_myth,10,main: scarcity_abundance,0.0,0.0,6,0.0
Opus+GeminiPro,GeminiPro,2,game_myth,10,main: trust_fear,0.5,0.5477225575051661,6,0.22360679774997896
Opus+GeminiPro,GeminiPro,2,game_myth,10,mediator present,0.3333333333333333,0.5163977794943222,6,0.21081851067789195
Opus+GeminiPro,GeminiPro,2,game_myth,10,resolution: balanced middle,0.0,0.0,6,0.0
Opus+GeminiPro,GeminiPro,2,game_myth,10,resolution: mediated,0.3333333333333333,0.5163977794943222,6,0.21081851067789195
Opus+GeminiPro,GeminiPro,2,game_myth,10,resolution: one pole wins,0.6666666666666666,0.5163977794943222,6,0.21081851067789195
Opus+GeminiPro,GeminiPro,2,game_myth,10,role inversion,0.0,0.0,6,0.0
Opus+GeminiPro,GeminiPro,2,myth_game,1,any: clarity_distortion,0.3333333333333333,0.5163977794943223,6,0.210818510677892
Opus+GeminiPro,GeminiPro,2,myth_game,1,any: cooperation_betrayal,0.3333333333333333,0.5163977794943223,6,0.210818510677892
Opus+GeminiPro,GeminiPro,2,myth_game,1,any: giving_hoarding,0.8333333333333334,0.408248290463863,6,0.16666666666666669
Opus+GeminiPro,GeminiPro,2,myth_game,1,any: high_low,0.0,0.0,6,0.0
Opus+GeminiPro,GeminiPro,2,myth_game,1,any: honesty_deception,0.0,0.0,6,0.0
Opus+GeminiPro,GeminiPro,2,myth_game,1,any: human_divine,0.0,0.0,6,0.0
Opus+GeminiPro,GeminiPro,2,myth_game,1,any: individual_community,0.16666666666666666,0.408248290463863,6,0.16666666666666669
Opus+GeminiPro,GeminiPro,2,myth_game,1,any: life_death,0.0,0.0,6,0.0
Opus+GeminiPro,GeminiPro,2,myth_game,1,any: light_dark,0.0,0.0,6,0.0
Opus+GeminiPro,GeminiPro,2,myth_game,1,any: nature_culture,0.0,0.0,6,0.0
Opus+GeminiPro,GeminiPro,2,myth_game,1,any: order_chaos,0.0,0.0,6,0.0
Opus+GeminiPro,GeminiPro,2,myth_game,1,any: other,0.0,0.0,6,0.0
Opus+GeminiPro,GeminiPro,2,myth_game,1,any: punishment_forgiveness,0.0,0.0,6,0.0
Opus+GeminiPro,GeminiPro,2,myth_game,1,any: scarcity_abundance,0.3333333333333333,0.5163977794943223,6,0.210818510677892
Opus+GeminiPro,GeminiPro,2,myth_game,1,any: trust_fear,1.0,0.0,6,0.0
Opus+GeminiPro,GeminiPro,2,myth_game,1,arc: improves,0.8333333333333334,0.408248290463863,6,0.16666666666666669
Opus+GeminiPro,GeminiPro,2,myth_game,1,arc: restored,0.0,0.0,6,0.0
Opus+GeminiPro,GeminiPro,2,myth_game,1,arc: stable order,0.16666666666666666,0.408248290463863,6,0.16666666666666669
Opus+GeminiPro,GeminiPro,2,myth_game,1,column 0,0.16666666666666666,0.408248290463863,6,0.16666666666666669
Opus+GeminiPro,GeminiPro,2,myth_game,1,column 1,0.16666666666666666,0.408248290463863,6,0.16666666666666669
Opus+GeminiPro,GeminiPro,2,myth_game,1,column 10,0.3333333333333333,0.5163977794943222,6,0.21081851067789195
Opus+GeminiPro,GeminiPro,2,myth_game,1,column 11,0.0,0.0,6,0.0
Opus+GeminiPro,GeminiPro,2,myth_game,1,column 12,0.3333333333333333,0.5163977794943222,6,0.21081851067789195
Opus+GeminiPro,GeminiPro,2,myth_game,1,column 13,0.3333333333333333,0.5163977794943223,6,0.210818510677892
Opus+GeminiPro,GeminiPro,2,myth_game,1,column 14,0.5,0.5477225575051661,6,0.22360679774997896
Opus+GeminiPro,GeminiPro,2,myth_game,1,column 15,0.16666666666666666,0.408248290463863,6,0.16666666666666669
Opus+GeminiPro,GeminiPro,2,myth_game,1,column 16,0.16666666666666666,0.408248290463863,6,0.16666666666666669
Opus+GeminiPro,GeminiPro,2,myth_game,1,column 17,0.16666666666666666,0.408248290463863,6,0.16666666666666669
Opus+GeminiPro,GeminiPro,2,myth_game,1,column 18,0.5,0.5477225575051661,6,0.22360679774997896
Opus+GeminiPro,GeminiPro,2,myth_game,1,column 19,0.0,0.0,6,0.0
Opus+GeminiPro,GeminiPro,2,myth_game,1,column 2,0.3333333333333333,0.5163977794943223,6,0.210818510677892
Opus+GeminiPro,GeminiPro,2,myth_game,1,column 3,0.16666666666666666,0.408248290463863,6,0.16666666666666669
Opus+GeminiPro,GeminiPro,2,myth_game,1,column 4,0.8333333333333334,0.408248290463863,6,0.16666666666666669
Opus+GeminiPro,GeminiPro,2,myth_game,1,column 5,0.16666666666666666,0.408248290463863,6,0.16666666666666669
Opus+GeminiPro,GeminiPro,2,myth_game,1,column 6,0.3333333333333333,0.5163977794943222,6,0.21081851067789195
Opus+GeminiPro,GeminiPro,2,myth_game,1,column 7,0.16666666666666666,0.408248290463863,6,0.16666666666666669
Opus+GeminiPro,GeminiPro,2,myth_game,1,column 8,0.16666666666666666,0.408248290463863,6,0.16666666666666669
Opus+GeminiPro,GeminiPro,2,myth_game,1,column 9,0.0,0.0,6,0.0
Opus+GeminiPro,GeminiPro,2,myth_game,1,main: clarity_distortion,0.0,0.0,6,0.0
Opus+GeminiPro,GeminiPro,2,myth_game,1,main: cooperation_betrayal,0.0,0.0,6,0.0
Opus+GeminiPro,GeminiPro,2,myth_game,1,main: giving_hoarding,0.5,0.5477225575051661,6,0.22360679774997896
Opus+GeminiPro,GeminiPro,2,myth_game,1,main: high_low,0.0,0.0,6,0.0
Opus+GeminiPro,GeminiPro,2,myth_game,1,main: honesty_deception,0.0,0.0,6,0.0
Opus+GeminiPro,GeminiPro,2,myth_game,1,main: human_divine,0.0,0.0,6,0.0
Opus+GeminiPro,GeminiPro,2,myth_game,1,main: individual_community,0.0,0.0,6,0.0
Opus+GeminiPro,GeminiPro,2,myth_game,1,main: life_death,0.0,0.0,6,0.0
Opus+GeminiPro,GeminiPro,2,myth_game,1,main: light_dark,0.0,0.0,6,0.0
Opus+GeminiPro,GeminiPro,2,myth_game,1,main: nature_culture,0.0,0.0,6,0.0
Opus+GeminiPro,GeminiPro,2,myth_game,1,main: order_chaos,0.0,0.0,6,0.0
Opus+GeminiPro,GeminiPro,2,myth_game,1,main: other,0.0,0.0,6,0.0
Opus+GeminiPro,GeminiPro,2,myth_game,1,main: punishment_forgiveness,0.0,0.0,6,0.0
Opus+GeminiPro,GeminiPro,2,myth_game,1,main: scarcity_abundance,0.0,0.0,6,0.0
Opus+GeminiPro,GeminiPro,2,myth_game,1,main: trust_fear,0.5,0.5477225575051661,6,0.22360679774997896
Opus+GeminiPro,GeminiPro,2,myth_game,1,mediator present,0.3333333333333333,0.5163977794943222,6,0.21081851067789195
Opus+GeminiPro,GeminiPro,2,myth_game,1,resolution: balanced middle,0.0,0.0,6,0.0
Opus+GeminiPro,GeminiPro,2,myth_game,1,resolution: mediated,0.3333333333333333,0.5163977794943222,6,0.21081851067789195
Opus+GeminiPro,GeminiPro,2,myth_game,1,resolution: one pole wins,0.6666666666666666,0.5163977794943222,6,0.21081851067789195
Opus+GeminiPro,GeminiPro,2,myth_game,1,role inversion,0.0,0.0,6,0.0
Opus+GeminiPro,GeminiPro,2,myth_game,2,any: clarity_distortion,0.0,0.0,6,0.0
Opus+GeminiPro,GeminiPro,2,myth_game,2,any: cooperation_betrayal,0.16666666666666666,0.408248290463863,6,0.16666666666666669
Opus+GeminiPro,GeminiPro,2,myth_game,2,any: giving_hoarding,0.3333333333333333,0.5163977794943223,6,0.210818510677892
Opus+GeminiPro,GeminiPro,2,myth_game,2,any: high_low,0.0,0.0,6,0.0
Opus+GeminiPro,GeminiPro,2,myth_game,2,any: honesty_deception,0.16666666666666666,0.408248290463863,6,0.16666666666666669
Opus+GeminiPro,GeminiPro,2,myth_game,2,any: human_divine,0.0,0.0,6,0.0
Opus+GeminiPro,GeminiPro,2,myth_game,2,any: individual_community,0.0,0.0,6,0.0
Opus+GeminiPro,GeminiPro,2,myth_game,2,any: life_death,0.0,0.0,6,0.0
Opus+GeminiPro,GeminiPro,2,myth_game,2,any: light_dark,0.0,0.0,6,0.0
Opus+GeminiPro,GeminiPro,2,myth_game,2,any: nature_culture,0.0,0.0,6,0.0
Opus+GeminiPro,GeminiPro,2,myth_game,2,any: order_chaos,0.16666666666666666,0.408248290463863,6,0.16666666666666669
Opus+GeminiPro,GeminiPro,2,myth_game,2,any: other,0.0,0.0,6,0.0
Opus+GeminiPro,GeminiPro,2,myth_game,2,any: punishment_forgiveness,0.3333333333333333,0.5163977794943223,6,0.210818510677892
Opus+GeminiPro,GeminiPro,2,myth_game,2,any: scarcity_abundance,0.8333333333333334,0.408248290463863,6,0.16666666666666669
Opus+GeminiPro,GeminiPro,2,myth_game,2,any: trust_fear,1.0,0.0,6,0.0
Opus+GeminiPro,GeminiPro,2,myth_game,2,arc: improves,0.16666666666666666,0.408248290463863,6,0.16666666666666669
Opus+GeminiPro,GeminiPro,2,myth_game,2,arc: restored,0.8333333333333334,0.408248290463863,6,0.16666666666666669
Opus+GeminiPro,GeminiPro,2,myth_game,2,arc: stable order,0.0,0.0,6,0.0
Opus+GeminiPro,GeminiPro,2,myth_game,2,column 0,0.16666666666666666,0.408248290463863,6,0.16666666666666669
Opus+GeminiPro,GeminiPro,2,myth_game,2,column 1,0.16666666666666666,0.408248290463863,6,0.16666666666666669
Opus+GeminiPro,GeminiPro,2,myth_game,2,column 10,0.6666666666666666,0.5163977794943223,6,0.210818510677892
Opus+GeminiPro,GeminiPro,2,myth_game,2,column 11,0.0,0.0,6,0.0
Opus+GeminiPro,GeminiPro,2,myth_game,2,column 12,0.0,0.0,6,0.0
Opus+GeminiPro,GeminiPro,2,myth_game,2,column 13,0.3333333333333333,0.5163977794943223,6,0.210818510677892
Opus+GeminiPro,GeminiPro,2,myth_game,2,column 14,0.3333333333333333,0.5163977794943223,6,0.210818510677892
Opus+GeminiPro,GeminiPro,2,myth_game,2,column 15,0.16666666666666666,0.408248290463863,6,0.16666666666666669
Opus+GeminiPro,GeminiPro,2,myth_game,2,column 16,0.16666666666666666,0.408248290463863,6,0.16666666666666669
Opus+GeminiPro,GeminiPro,2,myth_game,2,column 17,0.0,0.0,6,0.0
Opus+GeminiPro,GeminiPro,2,myth_game,2,column 18,0.16666666666666666,0.408248290463863,6,0.16666666666666669
Opus+GeminiPro,GeminiPro,2,myth_game,2,column 19,0.0,0.0,6,0.0
Opus+GeminiPro,GeminiPro,2,myth_game,2,column 2,0.6666666666666666,0.5163977794943222,6,0.21081851067789195
Opus+GeminiPro,GeminiPro,2,myth_game,2,column 3,1.0,0.0,6,0.0
Opus+GeminiPro,GeminiPro,2,myth_game,2,column 4,0.8333333333333334,0.408248290463863,6,0.16666666666666669
Opus+GeminiPro,GeminiPro,2,myth_game,2,column 5,0.0,0.0,6,0.0
Opus+GeminiPro,GeminiPro,2,myth_game,2,column 6,0.3333333333333333,0.5163977794943222,6,0.21081851067789195
Opus+GeminiPro,GeminiPro,2,myth_game,2,column 7,0.0,0.0,6,0.0
Opus+GeminiPro,GeminiPro,2,myth_game,2,column 8,0.0,0.0,6,0.0
Opus+GeminiPro,GeminiPro,2,myth_game,2,column 9,0.0,0.0,6,0.0
Opus+GeminiPro,GeminiPro,2,myth_game,2,main: clarity_distortion,0.0,0.0,6,0.0
Opus+GeminiPro,GeminiPro,2,myth_game,2,main: cooperation_betrayal,0.0,0.0,6,0.0
Opus+GeminiPro,GeminiPro,2,myth_game,2,main: giving_hoarding,0.0,0.0,6,0.0
Opus+GeminiPro,GeminiPro,2,myth_game,2,main: high_low,0.0,0.0,6,0.0
Opus+GeminiPro,GeminiPro,2,myth_game,2,main: honesty_deception,0.0,0.0,6,0.0
Opus+GeminiPro,GeminiPro,2,myth_game,2,main: human_divine,0.0,0.0,6,0.0
Opus+GeminiPro,GeminiPro,2,myth_game,2,main: individual_community,0.0,0.0,6,0.0
Opus+GeminiPro,GeminiPro,2,myth_game,2,main: life_death,0.0,0.0,6,0.0
Opus+GeminiPro,GeminiPro,2,myth_game,2,main: light_dark,0.0,0.0,6,0.0
Opus+GeminiPro,GeminiPro,2,myth_game,2,main: nature_culture,0.0,0.0,6,0.0
Opus+GeminiPro,GeminiPro,2,myth_game,2,main: order_chaos,0.0,0.0,6,0.0
Opus+GeminiPro,GeminiPro,2,myth_game,2,main: other,0.0,0.0,6,0.0
Opus+GeminiPro,GeminiPro,2,myth_game,2,main: punishment_forgiveness,0.0,0.0,6,0.0
Opus+GeminiPro,GeminiPro,2,myth_game,2,main: scarcity_abundance,0.0,0.0,6,0.0
Opus+GeminiPro,GeminiPro,2,myth_game,2,main: trust_fear,1.0,0.0,6,0.0
Opus+GeminiPro,GeminiPro,2,myth_game,2,mediator present,0.6666666666666666,0.5163977794943222,6,0.21081851067789195
Opus+GeminiPro,GeminiPro,2,myth_game,2,resolution: balanced middle,0.0,0.0,6,0.0
Opus+GeminiPro,GeminiPro,2,myth_game,2,resolution: mediated,0.6666666666666666,0.5163977794943222,6,0.21081851067789195
Opus+GeminiPro,GeminiPro,2,myth_game,2,resolution: one pole wins,0.3333333333333333,0.5163977794943222,6,0.21081851067789195
Opus+GeminiPro,GeminiPro,2,myth_game,2,role inversion,0.0,0.0,6,0.0
Opus+GeminiPro,GeminiPro,2,myth_game,5,any: clarity_distortion,0.6666666666666666,0.5163977794943222,6,0.21081851067789195
Opus+GeminiPro,GeminiPro,2,myth_game,5,any: cooperation_betrayal,0.0,0.0,6,0.0
Opus+GeminiPro,GeminiPro,2,myth_game,5,any: giving_hoarding,0.8333333333333334,0.408248290463863,6,0.16666666666666669
Opus+GeminiPro,GeminiPro,2,myth_game,5,any: high_low,0.0,0.0,6,0.0
Opus+GeminiPro,GeminiPro,2,myth_game,5,any: honesty_deception,0.0,0.0,6,0.0
Opus+GeminiPro,GeminiPro,2,myth_game,5,any: human_divine,0.0,0.0,6,0.0
Opus+GeminiPro,GeminiPro,2,myth_game,5,any: individual_community,0.0,0.0,6,0.0
Opus+GeminiPro,GeminiPro,2,myth_game,5,any: life_death,0.0,0.0,6,0.0
Opus+GeminiPro,GeminiPro,2,myth_game,5,any: light_dark,0.0,0.0,6,0.0
Opus+GeminiPro,GeminiPro,2,myth_game,5,any: nature_culture,0.0,0.0,6,0.0
Opus+GeminiPro,GeminiPro,2,myth_game,5,any: order_chaos,0.3333333333333333,0.5163977794943222,6,0.21081851067789195
Opus+GeminiPro,GeminiPro,2,myth_game,5,any: other,0.0,0.0,6,0.0
Opus+GeminiPro,GeminiPro,2,myth_game,5,any: punishment_forgiveness,0.0,0.0,6,0.0
Opus+GeminiPro,GeminiPro,2,myth_game,5,any: scarcity_abundance,0.16666666666666666,0.408248290463863,6,0.16666666666666669
Opus+GeminiPro,GeminiPro,2,myth_game,5,any: trust_fear,1.0,0.0,6,0.0
Opus+GeminiPro,GeminiPro,2,myth_game,5,arc: improves,0.3333333333333333,0.5163977794943223,6,0.210818510677892
Opus+GeminiPro,GeminiPro,2,myth_game,5,arc: restored,0.16666666666666666,0.408248290463863,6,0.16666666666666669
Opus+GeminiPro,GeminiPro,2,myth_game,5,arc: stable order,0.5,0.5477225575051661,6,0.22360679774997896
Opus+GeminiPro,GeminiPro,2,myth_game,5,column 0,0.3333333333333333,0.5163977794943222,6,0.21081851067789195
Opus+GeminiPro,GeminiPro,2,myth_game,5,column 1,0.3333333333333333,0.5163977794943222,6,0.21081851067789195
Opus+GeminiPro,GeminiPro,2,myth_game,5,column 10,0.5,0.5477225575051662,6,0.22360679774997902
Opus+GeminiPro,GeminiPro,2,myth_game,5,column 11,0.0,0.0,6,0.0
Opus+GeminiPro,GeminiPro,2,myth_game,5,column 12,0.0,0.0,6,0.0
Opus+GeminiPro,GeminiPro,2,myth_game,5,column 13,0.0,0.0,6,0.0
Opus+GeminiPro,GeminiPro,2,myth_game,5,column 14,0.16666666666666666,0.408248290463863,6,0.16666666666666669
Opus+GeminiPro,GeminiPro,2,myth_game,5,column 15,0.3333333333333333,0.5163977794943222,6,0.21081851067789195
Opus+GeminiPro,GeminiPro,2,myth_game,5,column 16,0.16666666666666666,0.408248290463863,6,0.16666666666666669
Opus+GeminiPro,GeminiPro,2,myth_game,5,column 17,0.0,0.0,6,0.0
Opus+GeminiPro,GeminiPro,2,myth_game,5,column 18,0.0,0.0,6,0.0
Opus+GeminiPro,GeminiPro,2,myth_game,5,column 19,0.0,0.0,6,0.0
Opus+GeminiPro,GeminiPro,2,myth_game,5,column 2,0.5,0.5477225575051661,6,0.22360679774997896
Opus+GeminiPro,GeminiPro,2,myth_game,5,column 3,0.6666666666666666,0.5163977794943222,6,0.21081851067789195
Opus+GeminiPro,GeminiPro,2,myth_game,5,column 4,0.8333333333333334,0.408248290463863,6,0.16666666666666669
Opus+GeminiPro,GeminiPro,2,myth_game,5,column 5,0.3333333333333333,0.5163977794943222,6,0.21081851067789195
Opus+GeminiPro,GeminiPro,2,myth_game,5,column 6,0.16666666666666666,0.408248290463863,6,0.16666666666666669
Opus+GeminiPro,GeminiPro,2,myth_game,5,column 7,0.16666666666666666,0.408248290463863,6,0.16666666666666669
Opus+GeminiPro,GeminiPro,2,myth_game,5,column 8,0.0,0.0,6,0.0
Opus+GeminiPro,GeminiPro,2,myth_game,5,column 9,0.0,0.0,6,0.0
Opus+GeminiPro,GeminiPro,2,myth_game,5,main: clarity_distortion,0.3333333333333333,0.5163977794943223,6,0.210818510677892
Opus+GeminiPro,GeminiPro,2,myth_game,5,main: cooperation_betrayal,0.0,0.0,6,0.0
Opus+GeminiPro,GeminiPro,2,myth_game,5,main: giving_hoarding,0.5,0.5477225575051662,6,0.22360679774997902
Opus+GeminiPro,GeminiPro,2,myth_game,5,main: high_low,0.0,0.0,6,0.0
Opus+GeminiPro,GeminiPro,2,myth_game,5,main: honesty_deception,0.0,0.0,6,0.0
Opus+GeminiPro,GeminiPro,2,myth_game,5,main: human_divine,0.0,0.0,6,0.0
Opus+GeminiPro,GeminiPro,2,myth_game,5,main: individual_community,0.0,0.0,6,0.0
Opus+GeminiPro,GeminiPro,2,myth_game,5,main: life_death,0.0,0.0,6,0.0
Opus+GeminiPro,GeminiPro,2,myth_game,5,main: light_dark,0.0,0.0,6,0.0
Opus+GeminiPro,GeminiPro,2,myth_game,5,main: nature_culture,0.0,0.0,6,0.0
Opus+GeminiPro,GeminiPro,2,myth_game,5,main: order_chaos,0.0,0.0,6,0.0
Opus+GeminiPro,GeminiPro,2,myth_game,5,main: other,0.0,0.0,6,0.0
Opus+GeminiPro,GeminiPro,2,myth_game,5,main: punishment_forgiveness,0.0,0.0,6,0.0
Opus+GeminiPro,GeminiPro,2,myth_game,5,main: scarcity_abundance,0.0,0.0,6,0.0
Opus+GeminiPro,GeminiPro,2,myth_game,5,main: trust_fear,0.16666666666666666,0.408248290463863,6,0.16666666666666669
Opus+GeminiPro,GeminiPro,2,myth_game,5,mediator present,0.16666666666666666,0.408248290463863,6,0.16666666666666669
Opus+GeminiPro,GeminiPro,2,myth_game,5,resolution: balanced middle,0.0,0.0,6,0.0
Opus+GeminiPro,GeminiPro,2,myth_game,5,resolution: mediated,0.16666666666666666,0.408248290463863,6,0.16666666666666669
Opus+GeminiPro,GeminiPro,2,myth_game,5,resolution: one pole wins,0.8333333333333334,0.408248290463863,6,0.16666666666666669
Opus+GeminiPro,GeminiPro,2,myth_game,5,role inversion,0.0,0.0,6,0.0
Opus+GeminiPro,GeminiPro,2,myth_game,6,any: clarity_distortion,0.16666666666666666,0.408248290463863,6,0.16666666666666669
Opus+GeminiPro,GeminiPro,2,myth_game,6,any: cooperation_betrayal,0.3333333333333333,0.5163977794943222,6,0.21081851067789195
Opus+GeminiPro,GeminiPro,2,myth_game,6,any: giving_hoarding,1.0,0.0,6,0.0
Opus+GeminiPro,GeminiPro,2,myth_game,6,any: high_low,0.0,0.0,6,0.0
Opus+GeminiPro,GeminiPro,2,myth_game,6,any: honesty_deception,0.0,0.0,6,0.0
Opus+GeminiPro,GeminiPro,2,myth_game,6,any: human_divine,0.0,0.0,6,0.0
Opus+GeminiPro,GeminiPro,2,myth_game,6,any: individual_community,0.0,0.0,6,0.0
Opus+GeminiPro,GeminiPro,2,myth_game,6,any: life_death,0.0,0.0,6,0.0
Opus+GeminiPro,GeminiPro,2,myth_game,6,any: light_dark,0.0,0.0,6,0.0
Opus+GeminiPro,GeminiPro,2,myth_game,6,any: nature_culture,0.0,0.0,6,0.0
Opus+GeminiPro,GeminiPro,2,myth_game,6,any: order_chaos,0.3333333333333333,0.5163977794943223,6,0.210818510677892
Opus+GeminiPro,GeminiPro,2,myth_game,6,any: other,0.16666666666666666,0.408248290463863,6,0.16666666666666669
Opus+GeminiPro,GeminiPro,2,myth_game,6,any: punishment_forgiveness,0.16666666666666666,0.408248290463863,6,0.16666666666666669
Opus+GeminiPro,GeminiPro,2,myth_game,6,any: scarcity_abundance,0.0,0.0,6,0.0
Opus+GeminiPro,GeminiPro,2,myth_game,6,any: trust_fear,1.0,0.0,6,0.0
Opus+GeminiPro,GeminiPro,2,myth_game,6,arc: improves,0.5,0.5477225575051661,6,0.22360679774997896
Opus+GeminiPro,GeminiPro,2,myth_game,6,arc: restored,0.0,0.0,6,0.0
Opus+GeminiPro,GeminiPro,2,myth_game,6,arc: stable order,0.5,0.5477225575051661,6,0.22360679774997896
Opus+GeminiPro,GeminiPro,2,myth_game,6,column 0,0.3333333333333333,0.5163977794943222,6,0.21081851067789195
Opus+GeminiPro,GeminiPro,2,myth_game,6,column 1,0.3333333333333333,0.5163977794943222,6,0.21081851067789195
Opus+GeminiPro,GeminiPro,2,myth_game,6,column 10,0.16666666666666666,0.408248290463863,6,0.16666666666666669
Opus+GeminiPro,GeminiPro,2,myth_game,6,column 11,0.16666666666666666,0.408248290463863,6,0.16666666666666669
Opus+GeminiPro,GeminiPro,2,myth_game,6,column 12,0.0,0.0,6,0.0
Opus+GeminiPro,GeminiPro,2,myth_game,6,column 13,0.3333333333333333,0.5163977794943222,6,0.21081851067789195
Opus+GeminiPro,GeminiPro,2,myth_game,6,column 14,0.3333333333333333,0.5163977794943222,6,0.21081851067789195
Opus+GeminiPro,GeminiPro,2,myth_game,6,column 15,0.0,0.0,6,0.0
Opus+GeminiPro,GeminiPro,2,myth_game,6,column 16,0.16666666666666666,0.408248290463863,6,0.16666666666666669
Opus+GeminiPro,GeminiPro,2,myth_game,6,column 17,0.0,0.0,6,0.0
Opus+GeminiPro,GeminiPro,2,myth_game,6,column 18,0.3333333333333333,0.5163977794943222,6,0.21081851067789195
Opus+GeminiPro,GeminiPro,2,myth_game,6,column 19,0.3333333333333333,0.5163977794943223,6,0.210818510677892
Opus+GeminiPro,GeminiPro,2,myth_game,6,column 2,0.16666666666666666,0.408248290463863,6,0.16666666666666669
Opus+GeminiPro,GeminiPro,2,myth_game,6,column 3,0.5,0.5477225575051661,6,0.22360679774997896
Opus+GeminiPro,GeminiPro,2,myth_game,6,column 4,0.3333333333333333,0.5163977794943222,6,0.21081851067789195
Opus+GeminiPro,GeminiPro,2,myth_game,6,column 5,0.5,0.5477225575051661,6,0.22360679774997896
Opus+GeminiPro,GeminiPro,2,myth_game,6,column 6,0.16666666666666666,0.408248290463863,6,0.16666666666666669
Opus+GeminiPro,GeminiPro,2,myth_game,6,column 7,0.16666666666666666,0.408248290463863,6,0.16666666666666669
Opus+GeminiPro,GeminiPro,2,myth_game,6,column 8,0.0,0.0,6,0.0
Opus+GeminiPro,GeminiPro,2,myth_game,6,column 9,0.0,0.0,6,0.0
Opus+GeminiPro,GeminiPro,2,myth_game,6,main: clarity_distortion,0.16666666666666666,0.408248290463863,6,0.16666666666666669
Opus+GeminiPro,GeminiPro,2,myth_game,6,main: cooperation_betrayal,0.0,0.0,6,0.0
Opus+GeminiPro,GeminiPro,2,myth_game,6,main: giving_hoarding,0.6666666666666666,0.5163977794943222,6,0.21081851067789195
Opus+GeminiPro,GeminiPro,2,myth_game,6,main: high_low,0.0,0.0,6,0.0
Opus+GeminiPro,GeminiPro,2,myth_game,6,main: honesty_deception,0.0,0.0,6,0.0
Opus+GeminiPro,GeminiPro,2,myth_game,6,main: human_divine,0.0,0.0,6,0.0
Opus+GeminiPro,GeminiPro,2,myth_game,6,main: individual_community,0.0,0.0,6,0.0
Opus+GeminiPro,GeminiPro,2,myth_game,6,main: life_death,0.0,0.0,6,0.0
Opus+GeminiPro,GeminiPro,2,myth_game,6,main: light_dark,0.0,0.0,6,0.0
Opus+GeminiPro,GeminiPro,2,myth_game,6,main: nature_culture,0.0,0.0,6,0.0
Opus+GeminiPro,GeminiPro,2,myth_game,6,main: order_chaos,0.0,0.0,6,0.0
Opus+GeminiPro,GeminiPro,2,myth_game,6,main: other,0.0,0.0,6,0.0
Opus+GeminiPro,GeminiPro,2,myth_game,6,main: punishment_forgiveness,0.0,0.0,6,0.0
Opus+GeminiPro,GeminiPro,2,myth_game,6,main: scarcity_abundance,0.0,0.0,6,0.0
Opus+GeminiPro,GeminiPro,2,myth_game,6,main: trust_fear,0.16666666666666666,0.408248290463863,6,0.16666666666666669
Opus+GeminiPro,GeminiPro,2,myth_game,6,mediator present,0.5,0.5477225575051661,6,0.22360679774997896
Opus+GeminiPro,GeminiPro,2,myth_game,6,resolution: balanced middle,0.0,0.0,6,0.0
Opus+GeminiPro,GeminiPro,2,myth_game,6,resolution: mediated,0.5,0.5477225575051661,6,0.22360679774997896
Opus+GeminiPro,GeminiPro,2,myth_game,6,resolution: one pole wins,0.5,0.5477225575051661,6,0.22360679774997896
Opus+GeminiPro,GeminiPro,2,myth_game,6,role inversion,0.0,0.0,6,0.0
Opus+GeminiPro,GeminiPro,2,myth_game,9,any: clarity_distortion,0.16666666666666666,0.408248290463863,6,0.16666666666666669
Opus+GeminiPro,GeminiPro,2,myth_game,9,any: cooperation_betrayal,0.16666666666666666,0.408248290463863,6,0.16666666666666669
Opus+GeminiPro,GeminiPro,2,myth_game,9,any: giving_hoarding,0.5,0.5477225575051661,6,0.22360679774997896
Opus+GeminiPro,GeminiPro,2,myth_game,9,any: high_low,0.0,0.0,6,0.0
Opus+GeminiPro,GeminiPro,2,myth_game,9,any: honesty_deception,0.0,0.0,6,0.0
Opus+GeminiPro,GeminiPro,2,myth_game,9,any: human_divine,0.0,0.0,6,0.0
Opus+GeminiPro,GeminiPro,2,myth_game,9,any: individual_community,0.0,0.0,6,0.0
Opus+GeminiPro,GeminiPro,2,myth_game,9,any: life_death,0.16666666666666666,0.408248290463863,6,0.16666666666666669
Opus+GeminiPro,GeminiPro,2,myth_game,9,any: light_dark,0.16666666666666666,0.408248290463863,6,0.16666666666666669
Opus+GeminiPro,GeminiPro,2,myth_game,9,any: nature_culture,0.0,0.0,6,0.0
Opus+GeminiPro,GeminiPro,2,myth_game,9,any: order_chaos,0.16666666666666666,0.408248290463863,6,0.16666666666666669
Opus+GeminiPro,GeminiPro,2,myth_game,9,any: other,0.16666666666666666,0.408248290463863,6,0.16666666666666669
Opus+GeminiPro,GeminiPro,2,myth_game,9,any: punishment_forgiveness,0.16666666666666666,0.408248290463863,6,0.16666666666666669
Opus+GeminiPro,GeminiPro,2,myth_game,9,any: scarcity_abundance,0.5,0.5477225575051661,6,0.22360679774997896
Opus+GeminiPro,GeminiPro,2,myth_game,9,any: trust_fear,0.8333333333333334,0.408248290463863,6,0.16666666666666669
Opus+GeminiPro,GeminiPro,2,myth_game,9,arc: improves,0.16666666666666666,0.408248290463863,6,0.16666666666666669
Opus+GeminiPro,GeminiPro,2,myth_game,9,arc: restored,0.3333333333333333,0.5163977794943223,6,0.210818510677892
Opus+GeminiPro,GeminiPro,2,myth_game,9,arc: stable order,0.5,0.5477225575051661,6,0.22360679774997896
Opus+GeminiPro,GeminiPro,2,myth_game,9,column 0,0.6666666666666666,0.5163977794943223,6,0.210818510677892
Opus+GeminiPro,GeminiPro,2,myth_game,9,column 1,0.3333333333333333,0.5163977794943223,6,0.210818510677892
Opus+GeminiPro,GeminiPro,2,myth_game,9,column 10,0.8333333333333334,0.408248290463863,6,0.16666666666666669
Opus+GeminiPro,GeminiPro,2,myth_game,9,column 11,0.0,0.0,6,0.0
Opus+GeminiPro,GeminiPro,2,myth_game,9,column 12,0.0,0.0,6,0.0
Opus+GeminiPro,GeminiPro,2,myth_game,9,column 13,0.0,0.0,6,0.0
Opus+GeminiPro,GeminiPro,2,myth_game,9,column 14,0.16666666666666666,0.408248290463863,6,0.16666666666666669
Opus+GeminiPro,GeminiPro,2,myth_game,9,column 15,0.16666666666666666,0.408248290463863,6,0.16666666666666669
Opus+GeminiPro,GeminiPro,2,myth_game,9,column 16,0.16666666666666666,0.408248290463863,6,0.16666666666666669
Opus+GeminiPro,GeminiPro,2,myth_game,9,column 17,0.0,0.0,6,0.0
Opus+GeminiPro,GeminiPro,2,myth_game,9,column 18,0.16666666666666666,0.408248290463863,6,0.16666666666666669
Opus+GeminiPro,GeminiPro,2,myth_game,9,column 19,0.0,0.0,6,0.0
Opus+GeminiPro,GeminiPro,2,myth_game,9,column 2,0.16666666666666666,0.408248290463863,6,0.16666666666666669
Opus+GeminiPro,GeminiPro,2,myth_game,9,column 3,0.5,0.5477225575051662,6,0.22360679774997902
Opus+GeminiPro,GeminiPro,2,myth_game,9,column 4,0.8333333333333334,0.408248290463863,6,0.16666666666666669
Opus+GeminiPro,GeminiPro,2,myth_game,9,column 5,0.0,0.0,6,0.0
Opus+GeminiPro,GeminiPro,2,myth_game,9,column 6,0.0,0.0,6,0.0
Opus+GeminiPro,GeminiPro,2,myth_game,9,column 7,0.3333333333333333,0.5163977794943223,6,0.210818510677892
Opus+GeminiPro,GeminiPro,2,myth_game,9,column 8,0.16666666666666666,0.408248290463863,6,0.16666666666666669
Opus+GeminiPro,GeminiPro,2,myth_game,9,column 9,0.16666666666666666,0.408248290463863,6,0.16666666666666669
Opus+GeminiPro,GeminiPro,2,myth_game,9,main: clarity_distortion,0.0,0.0,6,0.0
Opus+GeminiPro,GeminiPro,2,myth_game,9,main: cooperation_betrayal,0.16666666666666666,0.408248290463863,6,0.16666666666666669
Opus+GeminiPro,GeminiPro,2,myth_game,9,main: giving_hoarding,0.3333333333333333,0.5163977794943223,6,0.210818510677892
Opus+GeminiPro,GeminiPro,2,myth_game,9,main: high_low,0.0,0.0,6,0.0
Opus+GeminiPro,GeminiPro,2,myth_game,9,main: honesty_deception,0.0,0.0,6,0.0
Opus+GeminiPro,GeminiPro,2,myth_game,9,main: human_divine,0.0,0.0,6,0.0
Opus+GeminiPro,GeminiPro,2,myth_game,9,main: individual_community,0.0,0.0,6,0.0
Opus+GeminiPro,GeminiPro,2,myth_game,9,main: life_death,0.16666666666666666,0.408248290463863,6,0.16666666666666669
Opus+GeminiPro,GeminiPro,2,myth_game,9,main: light_dark,0.0,0.0,6,0.0
Opus+GeminiPro,GeminiPro,2,myth_game,9,main: nature_culture,0.0,0.0,6,0.0
Opus+GeminiPro,GeminiPro,2,myth_game,9,main: order_chaos,0.0,0.0,6,0.0
Opus+GeminiPro,GeminiPro,2,myth_game,9,main: other,0.0,0.0,6,0.0
Opus+GeminiPro,GeminiPro,2,myth_game,9,main: punishment_forgiveness,0.0,0.0,6,0.0
Opus+GeminiPro,GeminiPro,2,myth_game,9,main: scarcity_abundance,0.0,0.0,6,0.0
Opus+GeminiPro,GeminiPro,2,myth_game,9,main: trust_fear,0.3333333333333333,0.5163977794943222,6,0.21081851067789195
Opus+GeminiPro,GeminiPro,2,myth_game,9,mediator present,0.3333333333333333,0.5163977794943222,6,0.21081851067789195
Opus+GeminiPro,GeminiPro,2,myth_game,9,resolution: balanced middle,0.0,0.0,6,0.0
Opus+GeminiPro,GeminiPro,2,myth_game,9,resolution: mediated,0.3333333333333333,0.5163977794943222,6,0.21081851067789195
Opus+GeminiPro,GeminiPro,2,myth_game,9,resolution: one pole wins,0.6666666666666666,0.5163977794943222,6,0.21081851067789195
Opus+GeminiPro,GeminiPro,2,myth_game,9,role inversion,0.0,0.0,6,0.0
Opus+GeminiPro,GeminiPro,2,myth_game,10,any: clarity_distortion,0.5,0.5477225575051661,6,0.22360679774997896
Opus+GeminiPro,GeminiPro,2,myth_game,10,any: cooperation_betrayal,0.16666666666666666,0.408248290463863,6,0.16666666666666669
Opus+GeminiPro,GeminiPro,2,myth_game,10,any: giving_hoarding,0.6666666666666666,0.5163977794943222,6,0.21081851067789195
Opus+GeminiPro,GeminiPro,2,myth_game,10,any: high_low,0.0,0.0,6,0.0
Opus+GeminiPro,GeminiPro,2,myth_game,10,any: honesty_deception,0.0,0.0,6,0.0
Opus+GeminiPro,GeminiPro,2,myth_game,10,any: human_divine,0.0,0.0,6,0.0
Opus+GeminiPro,GeminiPro,2,myth_game,10,any: individual_community,0.0,0.0,6,0.0
Opus+GeminiPro,GeminiPro,2,myth_game,10,any: life_death,0.0,0.0,6,0.0
Opus+GeminiPro,GeminiPro,2,myth_game,10,any: light_dark,0.16666666666666666,0.408248290463863,6,0.16666666666666669
Opus+GeminiPro,GeminiPro,2,myth_game,10,any: nature_culture,0.0,0.0,6,0.0
Opus+GeminiPro,GeminiPro,2,myth_game,10,any: order_chaos,0.16666666666666666,0.408248290463863,6,0.16666666666666669
Opus+GeminiPro,GeminiPro,2,myth_game,10,any: other,0.0,0.0,6,0.0
Opus+GeminiPro,GeminiPro,2,myth_game,10,any: punishment_forgiveness,0.0,0.0,6,0.0
Opus+GeminiPro,GeminiPro,2,myth_game,10,any: scarcity_abundance,0.5,0.5477225575051662,6,0.22360679774997902
Opus+GeminiPro,GeminiPro,2,myth_game,10,any: trust_fear,0.8333333333333334,0.408248290463863,6,0.16666666666666669
Opus+GeminiPro,GeminiPro,2,myth_game,10,arc: improves,0.5,0.5477225575051661,6,0.22360679774997896
Opus+GeminiPro,GeminiPro,2,myth_game,10,arc: restored,0.16666666666666666,0.408248290463863,6,0.16666666666666669
Opus+GeminiPro,GeminiPro,2,myth_game,10,arc: stable order,0.3333333333333333,0.5163977794943222,6,0.21081851067789195
Opus+GeminiPro,GeminiPro,2,myth_game,10,column 0,0.3333333333333333,0.5163977794943223,6,0.210818510677892
Opus+GeminiPro,GeminiPro,2,myth_game,10,column 1,0.0,0.0,6,0.0
Opus+GeminiPro,GeminiPro,2,myth_game,10,column 10,0.6666666666666666,0.5163977794943223,6,0.210818510677892
Opus+GeminiPro,GeminiPro,2,myth_game,10,column 11,0.0,0.0,6,0.0
Opus+GeminiPro,GeminiPro,2,myth_game,10,column 12,0.3333333333333333,0.5163977794943222,6,0.21081851067789195
Opus+GeminiPro,GeminiPro,2,myth_game,10,column 13,0.3333333333333333,0.5163977794943222,6,0.21081851067789195
Opus+GeminiPro,GeminiPro,2,myth_game,10,column 14,0.16666666666666666,0.408248290463863,6,0.16666666666666669
Opus+GeminiPro,GeminiPro,2,myth_game,10,column 15,0.16666666666666666,0.408248290463863,6,0.16666666666666669
Opus+GeminiPro,GeminiPro,2,myth_game,10,column 16,0.3333333333333333,0.5163977794943223,6,0.210818510677892
Opus+GeminiPro,GeminiPro,2,myth_game,10,column 17,0.0,0.0,6,0.0
Opus+GeminiPro,GeminiPro,2,myth_game,10,column 18,0.0,0.0,6,0.0
Opus+GeminiPro,GeminiPro,2,myth_game,10,column 19,0.16666666666666666,0.408248290463863,6,0.16666666666666669
Opus+GeminiPro,GeminiPro,2,myth_game,10,column 2,0.16666666666666666,0.408248290463863,6,0.16666666666666669
Opus+GeminiPro,GeminiPro,2,myth_game,10,column 3,0.5,0.5477225575051661,6,0.22360679774997896
Opus+GeminiPro,GeminiPro,2,myth_game,10,column 4,1.0,0.0,6,0.0
Opus+GeminiPro,GeminiPro,2,myth_game,10,column 5,0.16666666666666666,0.408248290463863,6,0.16666666666666669
Opus+GeminiPro,GeminiPro,2,myth_game,10,column 6,0.16666666666666666,0.408248290463863,6,0.16666666666666669
Opus+GeminiPro,GeminiPro,2,myth_game,10,column 7,0.0,0.0,6,0.0
Opus+GeminiPro,GeminiPro,2,myth_game,10,column 8,0.0,0.0,6,0.0
Opus+GeminiPro,GeminiPro,2,myth_game,10,column 9,0.0,0.0,6,0.0
Opus+GeminiPro,GeminiPro,2,myth_game,10,main: clarity_distortion,0.0,0.0,6,0.0
Opus+GeminiPro,GeminiPro,2,myth_game,10,main: cooperation_betrayal,0.0,0.0,6,0.0
Opus+GeminiPro,GeminiPro,2,myth_game,10,main: giving_hoarding,0.3333333333333333,0.5163977794943222,6,0.21081851067789195
Opus+GeminiPro,GeminiPro,2,myth_game,10,main: high_low,0.0,0.0,6,0.0
Opus+GeminiPro,GeminiPro,2,myth_game,10,main: honesty_deception,0.0,0.0,6,0.0
Opus+GeminiPro,GeminiPro,2,myth_game,10,main: human_divine,0.0,0.0,6,0.0
Opus+GeminiPro,GeminiPro,2,myth_game,10,main: individual_community,0.0,0.0,6,0.0
Opus+GeminiPro,GeminiPro,2,myth_game,10,main: life_death,0.0,0.0,6,0.0
Opus+GeminiPro,GeminiPro,2,myth_game,10,main: light_dark,0.0,0.0,6,0.0
Opus+GeminiPro,GeminiPro,2,myth_game,10,main: nature_culture,0.0,0.0,6,0.0
Opus+GeminiPro,GeminiPro,2,myth_game,10,main: order_chaos,0.0,0.0,6,0.0
Opus+GeminiPro,GeminiPro,2,myth_game,10,main: other,0.0,0.0,6,0.0
Opus+GeminiPro,GeminiPro,2,myth_game,10,main: punishment_forgiveness,0.0,0.0,6,0.0
Opus+GeminiPro,GeminiPro,2,myth_game,10,main: scarcity_abundance,0.0,0.0,6,0.0
Opus+GeminiPro,GeminiPro,2,myth_game,10,main: trust_fear,0.6666666666666666,0.5163977794943222,6,0.21081851067789195
Opus+GeminiPro,GeminiPro,2,myth_game,10,mediator present,0.0,0.0,6,0.0
Opus+GeminiPro,GeminiPro,2,myth_game,10,resolution: balanced middle,0.0,0.0,6,0.0
Opus+GeminiPro,GeminiPro,2,myth_game,10,resolution: mediated,0.0,0.0,6,0.0
Opus+GeminiPro,GeminiPro,2,myth_game,10,resolution: one pole wins,1.0,0.0,6,0.0
Opus+GeminiPro,GeminiPro,2,myth_game,10,role inversion,0.0,0.0,6,0.0
Opus+GeminiPro,Opus,2,game_myth,1,any: clarity_distortion,0.5,0.5477225575051661,6,0.22360679774997896
Opus+GeminiPro,Opus,2,game_myth,1,any: cooperation_betrayal,0.16666666666666666,0.408248290463863,6,0.16666666666666669
Opus+GeminiPro,Opus,2,game_myth,1,any: giving_hoarding,0.6666666666666666,0.5163977794943223,6,0.210818510677892
Opus+GeminiPro,Opus,2,game_myth,1,any: high_low,0.0,0.0,6,0.0
Opus+GeminiPro,Opus,2,game_myth,1,any: honesty_deception,0.0,0.0,6,0.0
Opus+GeminiPro,Opus,2,game_myth,1,any: human_divine,0.0,0.0,6,0.0
Opus+GeminiPro,Opus,2,game_myth,1,any: individual_community,0.16666666666666666,0.408248290463863,6,0.16666666666666669
Opus+GeminiPro,Opus,2,game_myth,1,any: life_death,0.0,0.0,6,0.0
Opus+GeminiPro,Opus,2,game_myth,1,any: light_dark,0.0,0.0,6,0.0
Opus+GeminiPro,Opus,2,game_myth,1,any: nature_culture,0.0,0.0,6,0.0
Opus+GeminiPro,Opus,2,game_myth,1,any: order_chaos,0.0,0.0,6,0.0
Opus+GeminiPro,Opus,2,game_myth,1,any: other,0.0,0.0,6,0.0
Opus+GeminiPro,Opus,2,game_myth,1,any: punishment_forgiveness,0.5,0.5477225575051661,6,0.22360679774997896
Opus+GeminiPro,Opus,2,game_myth,1,any: scarcity_abundance,0.16666666666666666,0.408248290463863,6,0.16666666666666669
Opus+GeminiPro,Opus,2,game_myth,1,any: trust_fear,0.8333333333333334,0.408248290463863,6,0.16666666666666669
Opus+GeminiPro,Opus,2,game_myth,1,arc: improves,0.16666666666666666,0.408248290463863,6,0.16666666666666669
Opus+GeminiPro,Opus,2,game_myth,1,arc: restored,0.3333333333333333,0.5163977794943223,6,0.210818510677892
Opus+GeminiPro,Opus,2,game_myth,1,arc: stable order,0.3333333333333333,0.5163977794943222,6,0.21081851067789195
Opus+GeminiPro,Opus,2,game_myth,1,column 0,0.3333333333333333,0.5163977794943222,6,0.21081851067789195
Opus+GeminiPro,Opus,2,game_myth,1,column 1,0.3333333333333333,0.5163977794943222,6,0.21081851067789195
Opus+GeminiPro,Opus,2,game_myth,1,column 10,0.3333333333333333,0.5163977794943223,6,0.210818510677892
Opus+GeminiPro,Opus,2,game_myth,1,column 11,0.0,0.0,6,0.0
Opus+GeminiPro,Opus,2,game_myth,1,column 12,0.0,0.0,6,0.0
Opus+GeminiPro,Opus,2,game_myth,1,column 13,0.16666666666666666,0.408248290463863,6,0.16666666666666669
Opus+GeminiPro,Opus,2,game_myth,1,column 14,0.3333333333333333,0.5163977794943223,6,0.210818510677892
Opus+GeminiPro,Opus,2,game_myth,1,column 15,0.6666666666666666,0.5163977794943223,6,0.210818510677892
Opus+GeminiPro,Opus,2,game_myth,1,column 16,0.16666666666666666,0.408248290463863,6,0.16666666666666669
Opus+GeminiPro,Opus,2,game_myth,1,column 17,0.0,0.0,6,0.0
Opus+GeminiPro,Opus,2,game_myth,1,column 18,0.3333333333333333,0.5163977794943222,6,0.21081851067789195
Opus+GeminiPro,Opus,2,game_myth,1,column 19,0.0,0.0,6,0.0
Opus+GeminiPro,Opus,2,game_myth,1,column 2,0.16666666666666666,0.408248290463863,6,0.16666666666666669
Opus+GeminiPro,Opus,2,game_myth,1,column 3,0.5,0.5477225575051661,6,0.22360679774997896
Opus+GeminiPro,Opus,2,game_myth,1,column 4,0.16666666666666666,0.408248290463863,6,0.16666666666666669
Opus+GeminiPro,Opus,2,game_myth,1,column 5,0.16666666666666666,0.408248290463863,6,0.16666666666666669
Opus+GeminiPro,Opus,2,game_myth,1,column 6,0.16666666666666666,0.408248290463863,6,0.16666666666666669
Opus+GeminiPro,Opus,2,game_myth,1,column 7,0.16666666666666666,0.408248290463863,6,0.16666666666666669
Opus+GeminiPro,Opus,2,game_myth,1,column 8,0.0,0.0,6,0.0
Opus+GeminiPro,Opus,2,game_myth,1,column 9,0.3333333333333333,0.5163977794943223,6,0.210818510677892
Opus+GeminiPro,Opus,2,game_myth,1,main: clarity_distortion,0.0,0.0,6,0.0
Opus+GeminiPro,Opus,2,game_myth,1,main: cooperation_betrayal,0.0,0.0,6,0.0
Opus+GeminiPro,Opus,2,game_myth,1,main: giving_hoarding,0.5,0.5477225575051661,6,0.22360679774997896
Opus+GeminiPro,Opus,2,game_myth,1,main: high_low,0.0,0.0,6,0.0
Opus+GeminiPro,Opus,2,game_myth,1,main: honesty_deception,0.0,0.0,6,0.0
Opus+GeminiPro,Opus,2,game_myth,1,main: human_divine,0.0,0.0,6,0.0
Opus+GeminiPro,Opus,2,game_myth,1,main: individual_community,0.0,0.0,6,0.0
Opus+GeminiPro,Opus,2,game_myth,1,main: life_death,0.0,0.0,6,0.0
Opus+GeminiPro,Opus,2,game_myth,1,main: light_dark,0.0,0.0,6,0.0
Opus+GeminiPro,Opus,2,game_myth,1,main: nature_culture,0.0,0.0,6,0.0
Opus+GeminiPro,Opus,2,game_myth,1,main: order_chaos,0.0,0.0,6,0.0
Opus+GeminiPro,Opus,2,game_myth,1,main: other,0.0,0.0,6,0.0
Opus+GeminiPro,Opus,2,game_myth,1,main: punishment_forgiveness,0.0,0.0,6,0.0
Opus+GeminiPro,Opus,2,game_myth,1,main: scarcity_abundance,0.0,0.0,6,0.0
Opus+GeminiPro,Opus,2,game_myth,1,main: trust_fear,0.5,0.5477225575051661,6,0.22360679774997896
Opus+GeminiPro,Opus,2,game_myth,1,mediator present,0.6666666666666666,0.5163977794943222,6,0.21081851067789195
Opus+GeminiPro,Opus,2,game_myth,1,resolution: balanced middle,0.16666666666666666,0.408248290463863,6,0.16666666666666669
Opus+GeminiPro,Opus,2,game_myth,1,resolution: mediated,0.6666666666666666,0.5163977794943222,6,0.21081851067789195
Opus+GeminiPro,Opus,2,game_myth,1,resolution: one pole wins,0.16666666666666666,0.408248290463863,6,0.16666666666666669
Opus+GeminiPro,Opus,2,game_myth,1,role inversion,0.0,0.0,6,0.0
Opus+GeminiPro,Opus,2,game_myth,2,any: clarity_distortion,0.0,0.0,6,0.0
Opus+GeminiPro,Opus,2,game_myth,2,any: cooperation_betrayal,0.5,0.5477225575051661,6,0.22360679774997896
Opus+GeminiPro,Opus,2,game_myth,2,any: giving_hoarding,1.0,0.0,6,0.0
Opus+GeminiPro,Opus,2,game_myth,2,any: high_low,0.0,0.0,6,0.0
Opus+GeminiPro,Opus,2,game_myth,2,any: honesty_deception,0.0,0.0,6,0.0
Opus+GeminiPro,Opus,2,game_myth,2,any: human_divine,0.0,0.0,6,0.0
Opus+GeminiPro,Opus,2,game_myth,2,any: individual_community,0.0,0.0,6,0.0
Opus+GeminiPro,Opus,2,game_myth,2,any: life_death,0.0,0.0,6,0.0
Opus+GeminiPro,Opus,2,game_myth,2,any: light_dark,0.0,0.0,6,0.0
Opus+GeminiPro,Opus,2,game_myth,2,any: nature_culture,0.0,0.0,6,0.0
Opus+GeminiPro,Opus,2,game_myth,2,any: order_chaos,0.0,0.0,6,0.0
Opus+GeminiPro,Opus,2,game_myth,2,any: other,0.0,0.0,6,0.0
Opus+GeminiPro,Opus,2,game_myth,2,any: punishment_forgiveness,0.5,0.5477225575051661,6,0.22360679774997896
Opus+GeminiPro,Opus,2,game_myth,2,any: scarcity_abundance,0.0,0.0,6,0.0
Opus+GeminiPro,Opus,2,game_myth,2,any: trust_fear,1.0,0.0,6,0.0
Opus+GeminiPro,Opus,2,game_myth,2,arc: improves,0.6666666666666666,0.5163977794943222,6,0.21081851067789195
Opus+GeminiPro,Opus,2,game_myth,2,arc: restored,0.0,0.0,6,0.0
Opus+GeminiPro,Opus,2,game_myth,2,arc: stable order,0.3333333333333333,0.5163977794943222,6,0.21081851067789195
Opus+GeminiPro,Opus,2,game_myth,2,column 0,0.5,0.5477225575051661,6,0.22360679774997896
Opus+GeminiPro,Opus,2,game_myth,2,column 1,0.16666666666666666,0.408248290463863,6,0.16666666666666669
Opus+GeminiPro,Opus,2,game_myth,2,column 10,0.5,0.5477225575051661,6,0.22360679774997896
Opus+GeminiPro,Opus,2,game_myth,2,column 11,0.16666666666666666,0.408248290463863,6,0.16666666666666669
Opus+GeminiPro,Opus,2,game_myth,2,column 12,0.3333333333333333,0.5163977794943222,6,0.21081851067789195
Opus+GeminiPro,Opus,2,game_myth,2,column 13,0.3333333333333333,0.5163977794943222,6,0.21081851067789195
Opus+GeminiPro,Opus,2,game_myth,2,column 14,0.16666666666666666,0.408248290463863,6,0.16666666666666669
Opus+GeminiPro,Opus,2,game_myth,2,column 15,0.16666666666666666,0.408248290463863,6,0.16666666666666669
Opus+GeminiPro,Opus,2,game_myth,2,column 16,0.3333333333333333,0.5163977794943223,6,0.210818510677892
Opus+GeminiPro,Opus,2,game_myth,2,column 17,0.16666666666666666,0.408248290463863,6,0.16666666666666669
Opus+GeminiPro,Opus,2,game_myth,2,column 18,0.3333333333333333,0.5163977794943223,6,0.210818510677892
Opus+GeminiPro,Opus,2,game_myth,2,column 19,0.16666666666666666,0.408248290463863,6,0.16666666666666669
Opus+GeminiPro,Opus,2,game_myth,2,column 2,0.3333333333333333,0.5163977794943223,6,0.210818510677892
Opus+GeminiPro,Opus,2,game_myth,2,column 3,0.16666666666666666,0.408248290463863,6,0.16666666666666669
Opus+GeminiPro,Opus,2,game_myth,2,column 4,0.5,0.5477225575051661,6,0.22360679774997896
Opus+GeminiPro,Opus,2,game_myth,2,column 5,0.16666666666666666,0.408248290463863,6,0.16666666666666669
Opus+GeminiPro,Opus,2,game_myth,2,column 6,0.16666666666666666,0.408248290463863,6,0.16666666666666669
Opus+GeminiPro,Opus,2,game_myth,2,column 7,0.16666666666666666,0.408248290463863,6,0.16666666666666669
Opus+GeminiPro,Opus,2,game_myth,2,column 8,0.0,0.0,6,0.0
Opus+GeminiPro,Opus,2,game_myth,2,column 9,0.3333333333333333,0.5163977794943222,6,0.21081851067789195
Opus+GeminiPro,Opus,2,game_myth,2,main: clarity_distortion,0.0,0.0,6,0.0
Opus+GeminiPro,Opus,2,game_myth,2,main: cooperation_betrayal,0.0,0.0,6,0.0
Opus+GeminiPro,Opus,2,game_myth,2,main: giving_hoarding,1.0,0.0,6,0.0
Opus+GeminiPro,Opus,2,game_myth,2,main: high_low,0.0,0.0,6,0.0
Opus+GeminiPro,Opus,2,game_myth,2,main: honesty_deception,0.0,0.0,6,0.0
Opus+GeminiPro,Opus,2,game_myth,2,main: human_divine,0.0,0.0,6,0.0
Opus+GeminiPro,Opus,2,game_myth,2,main: individual_community,0.0,0.0,6,0.0
Opus+GeminiPro,Opus,2,game_myth,2,main: life_death,0.0,0.0,6,0.0
Opus+GeminiPro,Opus,2,game_myth,2,main: light_dark,0.0,0.0,6,0.0
Opus+GeminiPro,Opus,2,game_myth,2,main: nature_culture,0.0,0.0,6,0.0
Opus+GeminiPro,Opus,2,game_myth,2,main: order_chaos,0.0,0.0,6,0.0
Opus+GeminiPro,Opus,2,game_myth,2,main: other,0.0,0.0,6,0.0
Opus+GeminiPro,Opus,2,game_myth,2,main: punishment_forgiveness,0.0,0.0,6,0.0
Opus+GeminiPro,Opus,2,game_myth,2,main: scarcity_abundance,0.0,0.0,6,0.0
Opus+GeminiPro,Opus,2,game_myth,2,main: trust_fear,0.0,0.0,6,0.0
Opus+GeminiPro,Opus,2,game_myth,2,mediator present,0.6666666666666666,0.5163977794943222,6,0.21081851067789195
Opus+GeminiPro,Opus,2,game_myth,2,resolution: balanced middle,0.0,0.0,6,0.0
Opus+GeminiPro,Opus,2,game_myth,2,resolution: mediated,0.6666666666666666,0.5163977794943222,6,0.21081851067789195
Opus+GeminiPro,Opus,2,game_myth,2,resolution: one pole wins,0.3333333333333333,0.5163977794943222,6,0.21081851067789195
Opus+GeminiPro,Opus,2,game_myth,2,role inversion,0.16666666666666666,0.408248290463863,6,0.16666666666666669
Opus+GeminiPro,Opus,2,game_myth,5,any: clarity_distortion,0.2,0.447213595499958,5,0.2
Opus+GeminiPro,Opus,2,game_myth,5,any: cooperation_betrayal,0.6,0.5477225575051662,5,0.24494897427831783
Opus+GeminiPro,Opus,2,game_myth,5,any: giving_hoarding,1.0,0.0,5,0.0
Opus+GeminiPro,Opus,2,game_myth,5,any: high_low,0.0,0.0,5,0.0
Opus+GeminiPro,Opus,2,game_myth,5,any: honesty_deception,0.0,0.0,5,0.0
Opus+GeminiPro,Opus,2,game_myth,5,any: human_divine,0.0,0.0,5,0.0
Opus+GeminiPro,Opus,2,game_myth,5,any: individual_community,0.0,0.0,5,0.0
Opus+GeminiPro,Opus,2,game_myth,5,any: life_death,0.0,0.0,5,0.0
Opus+GeminiPro,Opus,2,game_myth,5,any: light_dark,0.0,0.0,5,0.0
Opus+GeminiPro,Opus,2,game_myth,5,any: nature_culture,0.0,0.0,5,0.0
Opus+GeminiPro,Opus,2,game_myth,5,any: order_chaos,0.0,0.0,5,0.0
Opus+GeminiPro,Opus,2,game_myth,5,any: other,0.0,0.0,5,0.0
Opus+GeminiPro,Opus,2,game_myth,5,any: punishment_forgiveness,0.4,0.5477225575051662,5,0.24494897427831783
Opus+GeminiPro,Opus,2,game_myth,5,any: scarcity_abundance,0.0,0.0,5,0.0
Opus+GeminiPro,Opus,2,game_myth,5,any: trust_fear,0.8,0.4472135954999579,5,0.19999999999999998
Opus+GeminiPro,Opus,2,game_myth,5,arc: improves,0.6,0.5477225575051661,5,0.24494897427831777
Opus+GeminiPro,Opus,2,game_myth,5,arc: restored,0.0,0.0,5,0.0
Opus+GeminiPro,Opus,2,game_myth,5,arc: stable order,0.2,0.447213595499958,5,0.2
Opus+GeminiPro,Opus,2,game_myth,5,column 0,0.2,0.447213595499958,5,0.2
Opus+GeminiPro,Opus,2,game_myth,5,column 1,0.2,0.447213595499958,5,0.2
Opus+GeminiPro,Opus,2,game_myth,5,column 10,0.4,0.5477225575051661,5,0.24494897427831777
Opus+GeminiPro,Opus,2,game_myth,5,column 11,0.0,0.0,5,0.0
Opus+GeminiPro,Opus,2,game_myth,5,column 12,0.2,0.447213595499958,5,0.2
Opus+GeminiPro,Opus,2,game_myth,5,column 13,0.0,0.0,5,0.0
Opus+GeminiPro,Opus,2,game_myth,5,column 14,0.6,0.5477225575051662,5,0.24494897427831783
Opus+GeminiPro,Opus,2,game_myth,5,column 15,0.4,0.5477225575051661,5,0.24494897427831777
Opus+GeminiPro,Opus,2,game_myth,5,column 16,0.0,0.0,5,0.0
Opus+GeminiPro,Opus,2,game_myth,5,column 17,0.0,0.0,5,0.0
Opus+GeminiPro,Opus,2,game_myth,5,column 18,0.0,0.0,5,0.0
Opus+GeminiPro,Opus,2,game_myth,5,column 19,0.2,0.447213595499958,5,0.2
Opus+GeminiPro,Opus,2,game_myth,5,column 2,0.0,0.0,5,0.0
Opus+GeminiPro,Opus,2,game_myth,5,column 3,0.2,0.4472135954999579,5,0.19999999999999998
Opus+GeminiPro,Opus,2,game_myth,5,column 4,0.8,0.4472135954999579,5,0.19999999999999998
Opus+GeminiPro,Opus,2,game_myth,5,column 5,0.6,0.5477225575051661,5,0.24494897427831777
Opus+GeminiPro,Opus,2,game_myth,5,column 6,0.4,0.5477225575051661,5,0.24494897427831777
Opus+GeminiPro,Opus,2,game_myth,5,column 7,0.4,0.5477225575051661,5,0.24494897427831777
Opus+GeminiPro,Opus,2,game_myth,5,column 8,0.0,0.0,5,0.0
Opus+GeminiPro,Opus,2,game_myth,5,column 9,0.0,0.0,5,0.0
Opus+GeminiPro,Opus,2,game_myth,5,main: clarity_distortion,0.0,0.0,5,0.0
Opus+GeminiPro,Opus,2,game_myth,5,main: cooperation_betrayal,0.0,0.0,5,0.0
Opus+GeminiPro,Opus,2,game_myth,5,main: giving_hoarding,0.6,0.5477225575051661,5,0.24494897427831777
Opus+GeminiPro,Opus,2,game_myth,5,main: high_low,0.0,0.0,5,0.0
Opus+GeminiPro,Opus,2,game_myth,5,main: honesty_deception,0.0,0.0,5,0.0
Opus+GeminiPro,Opus,2,game_myth,5,main: human_divine,0.0,0.0,5,0.0
Opus+GeminiPro,Opus,2,game_myth,5,main: individual_community,0.0,0.0,5,0.0
Opus+GeminiPro,Opus,2,game_myth,5,main: life_death,0.0,0.0,5,0.0
Opus+GeminiPro,Opus,2,game_myth,5,main: light_dark,0.0,0.0,5,0.0
Opus+GeminiPro,Opus,2,game_myth,5,main: nature_culture,0.0,0.0,5,0.0
Opus+GeminiPro,Opus,2,game_myth,5,main: order_chaos,0.0,0.0,5,0.0
Opus+GeminiPro,Opus,2,game_myth,5,main: other,0.0,0.0,5,0.0
Opus+GeminiPro,Opus,2,game_myth,5,main: punishment_forgiveness,0.0,0.0,5,0.0
Opus+GeminiPro,Opus,2,game_myth,5,main: scarcity_abundance,0.0,0.0,5,0.0
Opus+GeminiPro,Opus,2,game_myth,5,main: trust_fear,0.4,0.5477225575051661,5,0.24494897427831777
Opus+GeminiPro,Opus,2,game_myth,5,mediator present,0.4,0.5477225575051661,5,0.24494897427831777
Opus+GeminiPro,Opus,2,game_myth,5,resolution: balanced middle,0.0,0.0,5,0.0
Opus+GeminiPro,Opus,2,game_myth,5,resolution: mediated,0.4,0.5477225575051661,5,0.24494897427831777
Opus+GeminiPro,Opus,2,game_myth,5,resolution: one pole wins,0.6,0.5477225575051661,5,0.24494897427831777
Opus+GeminiPro,Opus,2,game_myth,5,role inversion,0.0,0.0,5,0.0
Opus+GeminiPro,Opus,2,game_myth,6,any: clarity_distortion,0.16666666666666666,0.408248290463863,6,0.16666666666666669
Opus+GeminiPro,Opus,2,game_myth,6,any: cooperation_betrayal,0.6666666666666666,0.5163977794943223,6,0.210818510677892
Opus+GeminiPro,Opus,2,game_myth,6,any: giving_hoarding,0.6666666666666666,0.5163977794943222,6,0.21081851067789195
Opus+GeminiPro,Opus,2,game_myth,6,any: high_low,0.0,0.0,6,0.0
Opus+GeminiPro,Opus,2,game_myth,6,any: honesty_deception,0.0,0.0,6,0.0
Opus+GeminiPro,Opus,2,game_myth,6,any: human_divine,0.0,0.0,6,0.0
Opus+GeminiPro,Opus,2,game_myth,6,any: individual_community,0.0,0.0,6,0.0
Opus+GeminiPro,Opus,2,game_myth,6,any: life_death,0.0,0.0,6,0.0
Opus+GeminiPro,Opus,2,game_myth,6,any: light_dark,0.0,0.0,6,0.0
Opus+GeminiPro,Opus,2,game_myth,6,any: nature_culture,0.0,0.0,6,0.0
Opus+GeminiPro,Opus,2,game_myth,6,any: order_chaos,0.0,0.0,6,0.0
Opus+GeminiPro,Opus,2,game_myth,6,any: other,0.0,0.0,6,0.0
Opus+GeminiPro,Opus,2,game_myth,6,any: punishment_forgiveness,0.3333333333333333,0.5163977794943222,6,0.21081851067789195
Opus+GeminiPro,Opus,2,game_myth,6,any: scarcity_abundance,0.6666666666666666,0.5163977794943222,6,0.21081851067789195
Opus+GeminiPro,Opus,2,game_myth,6,any: trust_fear,0.5,0.5477225575051661,6,0.22360679774997896
Opus+GeminiPro,Opus,2,game_myth,6,arc: improves,0.3333333333333333,0.5163977794943222,6,0.21081851067789195
Opus+GeminiPro,Opus,2,game_myth,6,arc: restored,0.0,0.0,6,0.0
Opus+GeminiPro,Opus,2,game_myth,6,arc: stable order,0.6666666666666666,0.5163977794943222,6,0.21081851067789195
Opus+GeminiPro,Opus,2,game_myth,6,column 0,0.3333333333333333,0.5163977794943222,6,0.21081851067789195
Opus+GeminiPro,Opus,2,game_myth,6,column 1,0.16666666666666666,0.408248290463863,6,0.16666666666666669
Opus+GeminiPro,Opus,2,game_myth,6,column 10,0.0,0.0,6,0.0
Opus+GeminiPro,Opus,2,game_myth,6,column 11,0.3333333333333333,0.5163977794943223,6,0.210818510677892
Opus+GeminiPro,Opus,2,game_myth,6,column 12,0.0,0.0,6,0.0
Opus+GeminiPro,Opus,2,game_myth,6,column 13,0.0,0.0,6,0.0
Opus+GeminiPro,Opus,2,game_myth,6,column 14,0.16666666666666666,0.408248290463863,6,0.16666666666666669
Opus+GeminiPro,Opus,2,game_myth,6,column 15,0.16666666666666666,0.408248290463863,6,0.16666666666666669
Opus+GeminiPro,Opus,2,game_myth,6,column 16,0.16666666666666666,0.408248290463863,6,0.16666666666666669
Opus+GeminiPro,Opus,2,game_myth,6,column 17,0.16666666666666666,0.408248290463863,6,0.16666666666666669
Opus+GeminiPro,Opus,2,game_myth,6,column 18,0.3333333333333333,0.5163977794943223,6,0.210818510677892
Opus+GeminiPro,Opus,2,game_myth,6,column 19,0.16666666666666666,0.408248290463863,6,0.16666666666666669
Opus+GeminiPro,Opus,2,game_myth,6,column 2,0.16666666666666666,0.408248290463863,6,0.16666666666666669
Opus+GeminiPro,Opus,2,game_myth,6,column 3,0.3333333333333333,0.5163977794943222,6,0.21081851067789195
Opus+GeminiPro,Opus,2,game_myth,6,column 4,0.16666666666666666,0.408248290463863,6,0.16666666666666669
Opus+GeminiPro,Opus,2,game_myth,6,column 5,0.5,0.5477225575051661,6,0.22360679774997896
Opus+GeminiPro,Opus,2,game_myth,6,column 6,0.0,0.0,6,0.0
Opus+GeminiPro,Opus,2,game_myth,6,column 7,0.16666666666666666,0.408248290463863,6,0.16666666666666669
Opus+GeminiPro,Opus,2,game_myth,6,column 8,0.0,0.0,6,0.0
Opus+GeminiPro,Opus,2,game_myth,6,column 9,0.0,0.0,6,0.0
Opus+GeminiPro,Opus,2,game_myth,6,main: clarity_distortion,0.16666666666666666,0.408248290463863,6,0.16666666666666669
Opus+GeminiPro,Opus,2,game_myth,6,main: cooperation_betrayal,0.0,0.0,6,0.0
Opus+GeminiPro,Opus,2,game_myth,6,main: giving_hoarding,0.5,0.5477225575051661,6,0.22360679774997896
Opus+GeminiPro,Opus,2,game_myth,6,main: high_low,0.0,0.0,6,0.0
Opus+GeminiPro,Opus,2,game_myth,6,main: honesty_deception,0.0,0.0,6,0.0
Opus+GeminiPro,Opus,2,game_myth,6,main: human_divine,0.0,0.0,6,0.0
Opus+GeminiPro,Opus,2,game_myth,6,main: individual_community,0.0,0.0,6,0.0
Opus+GeminiPro,Opus,2,game_myth,6,main: life_death,0.0,0.0,6,0.0
Opus+GeminiPro,Opus,2,game_myth,6,main: light_dark,0.0,0.0,6,0.0
Opus+GeminiPro,Opus,2,game_myth,6,main: nature_culture,0.0,0.0,6,0.0
Opus+GeminiPro,Opus,2,game_myth,6,main: order_chaos,0.0,0.0,6,0.0
Opus+GeminiPro,Opus,2,game_myth,6,main: other,0.0,0.0,6,0.0
Opus+GeminiPro,Opus,2,game_myth,6,main: punishment_forgiveness,0.0,0.0,6,0.0
Opus+GeminiPro,Opus,2,game_myth,6,main: scarcity_abundance,0.16666666666666666,0.408248290463863,6,0.16666666666666669
Opus+GeminiPro,Opus,2,game_myth,6,main: trust_fear,0.16666666666666666,0.408248290463863,6,0.16666666666666669
Opus+GeminiPro,Opus,2,game_myth,6,mediator present,0.3333333333333333,0.5163977794943223,6,0.210818510677892
Opus+GeminiPro,Opus,2,game_myth,6,resolution: balanced middle,0.0,0.0,6,0.0
Opus+GeminiPro,Opus,2,game_myth,6,resolution: mediated,0.3333333333333333,0.5163977794943223,6,0.210818510677892
Opus+GeminiPro,Opus,2,game_myth,6,resolution: one pole wins,0.6666666666666666,0.5163977794943223,6,0.210818510677892
Opus+GeminiPro,Opus,2,game_myth,6,role inversion,0.0,0.0,6,0.0
Opus+GeminiPro,Opus,2,game_myth,9,any: clarity_distortion,0.5,0.5477225575051661,6,0.22360679774997896
Opus+GeminiPro,Opus,2,game_myth,9,any: cooperation_betrayal,0.3333333333333333,0.5163977794943223,6,0.210818510677892
Opus+GeminiPro,Opus,2,game_myth,9,any: giving_hoarding,0.5,0.5477225575051661,6,0.22360679774997896
Opus+GeminiPro,Opus,2,game_myth,9,any: high_low,0.0,0.0,6,0.0
Opus+GeminiPro,Opus,2,game_myth,9,any: honesty_deception,0.0,0.0,6,0.0
Opus+GeminiPro,Opus,2,game_myth,9,any: human_divine,0.0,0.0,6,0.0
Opus+GeminiPro,Opus,2,game_myth,9,any: individual_community,0.16666666666666666,0.408248290463863,6,0.16666666666666669
Opus+GeminiPro,Opus,2,game_myth,9,any: life_death,0.0,0.0,6,0.0
Opus+GeminiPro,Opus,2,game_myth,9,any: light_dark,0.0,0.0,6,0.0
Opus+GeminiPro,Opus,2,game_myth,9,any: nature_culture,0.0,0.0,6,0.0
Opus+GeminiPro,Opus,2,game_myth,9,any: order_chaos,0.3333333333333333,0.5163977794943223,6,0.210818510677892
Opus+GeminiPro,Opus,2,game_myth,9,any: other,0.0,0.0,6,0.0
Opus+GeminiPro,Opus,2,game_myth,9,any: punishment_forgiveness,0.0,0.0,6,0.0
Opus+GeminiPro,Opus,2,game_myth,9,any: scarcity_abundance,0.3333333333333333,0.5163977794943222,6,0.21081851067789195
Opus+GeminiPro,Opus,2,game_myth,9,any: trust_fear,0.6666666666666666,0.5163977794943222,6,0.21081851067789195
Opus+GeminiPro,Opus,2,game_myth,9,arc: improves,0.6666666666666666,0.5163977794943222,6,0.21081851067789195
Opus+GeminiPro,Opus,2,game_myth,9,arc: restored,0.16666666666666666,0.408248290463863,6,0.16666666666666669
Opus+GeminiPro,Opus,2,game_myth,9,arc: stable order,0.16666666666666666,0.408248290463863,6,0.16666666666666669
Opus+GeminiPro,Opus,2,game_myth,9,column 0,0.3333333333333333,0.5163977794943222,6,0.21081851067789195
Opus+GeminiPro,Opus,2,game_myth,9,column 1,0.0,0.0,6,0.0
Opus+GeminiPro,Opus,2,game_myth,9,column 10,0.8333333333333334,0.408248290463863,6,0.16666666666666669
Opus+GeminiPro,Opus,2,game_myth,9,column 11,0.16666666666666666,0.408248290463863,6,0.16666666666666669
Opus+GeminiPro,Opus,2,game_myth,9,column 12,0.0,0.0,6,0.0
Opus+GeminiPro,Opus,2,game_myth,9,column 13,0.0,0.0,6,0.0
Opus+GeminiPro,Opus,2,game_myth,9,column 14,0.0,0.0,6,0.0
Opus+GeminiPro,Opus,2,game_myth,9,column 15,0.0,0.0,6,0.0
Opus+GeminiPro,Opus,2,game_myth,9,column 16,0.16666666666666666,0.408248290463863,6,0.16666666666666669
Opus+GeminiPro,Opus,2,game_myth,9,column 17,0.3333333333333333,0.5163977794943222,6,0.21081851067789195
Opus+GeminiPro,Opus,2,game_myth,9,column 18,0.0,0.0,6,0.0
Opus+GeminiPro,Opus,2,game_myth,9,column 19,0.16666666666666666,0.408248290463863,6,0.16666666666666669
Opus+GeminiPro,Opus,2,game_myth,9,column 2,0.3333333333333333,0.5163977794943222,6,0.21081851067789195
Opus+GeminiPro,Opus,2,game_myth,9,column 3,0.6666666666666666,0.5163977794943222,6,0.21081851067789195
Opus+GeminiPro,Opus,2,game_myth,9,column 4,0.6666666666666666,0.5163977794943222,6,0.21081851067789195
Opus+GeminiPro,Opus,2,game_myth,9,column 5,0.6666666666666666,0.5163977794943222,6,0.21081851067789195
Opus+GeminiPro,Opus,2,game_myth,9,column 6,0.16666666666666666,0.408248290463863,6,0.16666666666666669
Opus+GeminiPro,Opus,2,game_myth,9,column 7,0.0,0.0,6,0.0
Opus+GeminiPro,Opus,2,game_myth,9,column 8,0.0,0.0,6,0.0
Opus+GeminiPro,Opus,2,game_myth,9,column 9,0.3333333333333333,0.5163977794943222,6,0.21081851067789195
Opus+GeminiPro,Opus,2,game_myth,9,main: clarity_distortion,0.16666666666666666,0.408248290463863,6,0.16666666666666669
Opus+GeminiPro,Opus,2,game_myth,9,main: cooperation_betrayal,0.16666666666666666,0.408248290463863,6,0.16666666666666669
Opus+GeminiPro,Opus,2,game_myth,9,main: giving_hoarding,0.3333333333333333,0.5163977794943223,6,0.210818510677892
Opus+GeminiPro,Opus,2,game_myth,9,main: high_low,0.0,0.0,6,0.0
Opus+GeminiPro,Opus,2,game_myth,9,main: honesty_deception,0.0,0.0,6,0.0
Opus+GeminiPro,Opus,2,game_myth,9,main: human_divine,0.0,0.0,6,0.0
Opus+GeminiPro,Opus,2,game_myth,9,main: individual_community,0.0,0.0,6,0.0
Opus+GeminiPro,Opus,2,game_myth,9,main: life_death,0.0,0.0,6,0.0
Opus+GeminiPro,Opus,2,game_myth,9,main: light_dark,0.0,0.0,6,0.0
Opus+GeminiPro,Opus,2,game_myth,9,main: nature_culture,0.0,0.0,6,0.0
Opus+GeminiPro,Opus,2,game_myth,9,main: order_chaos,0.0,0.0,6,0.0
Opus+GeminiPro,Opus,2,game_myth,9,main: other,0.0,0.0,6,0.0
Opus+GeminiPro,Opus,2,game_myth,9,main: punishment_forgiveness,0.0,0.0,6,0.0
Opus+GeminiPro,Opus,2,game_myth,9,main: scarcity_abundance,0.0,0.0,6,0.0
Opus+GeminiPro,Opus,2,game_myth,9,main: trust_fear,0.3333333333333333,0.5163977794943222,6,0.21081851067789195
Opus+GeminiPro,Opus,2,game_myth,9,mediator present,0.3333333333333333,0.5163977794943223,6,0.210818510677892
Opus+GeminiPro,Opus,2,game_myth,9,resolution: balanced middle,0.0,0.0,6,0.0
Opus+GeminiPro,Opus,2,game_myth,9,resolution: mediated,0.3333333333333333,0.5163977794943223,6,0.210818510677892
Opus+GeminiPro,Opus,2,game_myth,9,resolution: one pole wins,0.6666666666666666,0.5163977794943223,6,0.210818510677892
Opus+GeminiPro,Opus,2,game_myth,9,role inversion,0.16666666666666666,0.408248290463863,6,0.16666666666666669
Opus+GeminiPro,Opus,2,game_myth,10,any: clarity_distortion,0.16666666666666666,0.408248290463863,6,0.16666666666666669
Opus+GeminiPro,Opus,2,game_myth,10,any: cooperation_betrayal,0.3333333333333333,0.5163977794943223,6,0.210818510677892
Opus+GeminiPro,Opus,2,game_myth,10,any: giving_hoarding,0.8333333333333334,0.408248290463863,6,0.16666666666666669
Opus+GeminiPro,Opus,2,game_myth,10,any: high_low,0.0,0.0,6,0.0
Opus+GeminiPro,Opus,2,game_myth,10,any: honesty_deception,0.0,0.0,6,0.0
Opus+GeminiPro,Opus,2,game_myth,10,any: human_divine,0.0,0.0,6,0.0
Opus+GeminiPro,Opus,2,game_myth,10,any: individual_community,0.16666666666666666,0.408248290463863,6,0.16666666666666669
Opus+GeminiPro,Opus,2,game_myth,10,any: life_death,0.0,0.0,6,0.0
Opus+GeminiPro,Opus,2,game_myth,10,any: light_dark,0.0,0.0,6,0.0
Opus+GeminiPro,Opus,2,game_myth,10,any: nature_culture,0.0,0.0,6,0.0
Opus+GeminiPro,Opus,2,game_myth,10,any: order_chaos,0.3333333333333333,0.5163977794943222,6,0.21081851067789195
Opus+GeminiPro,Opus,2,game_myth,10,any: other,0.16666666666666666,0.408248290463863,6,0.16666666666666669
Opus+GeminiPro,Opus,2,game_myth,10,any: punishment_forgiveness,0.0,0.0,6,0.0
Opus+GeminiPro,Opus,2,game_myth,10,any: scarcity_abundance,0.3333333333333333,0.5163977794943223,6,0.210818510677892
Opus+GeminiPro,Opus,2,game_myth,10,any: trust_fear,0.6666666666666666,0.5163977794943223,6,0.210818510677892
Opus+GeminiPro,Opus,2,game_myth,10,arc: improves,0.16666666666666666,0.408248290463863,6,0.16666666666666669
Opus+GeminiPro,Opus,2,game_myth,10,arc: restored,0.3333333333333333,0.5163977794943223,6,0.210818510677892
Opus+GeminiPro,Opus,2,game_myth,10,arc: stable order,0.5,0.5477225575051662,6,0.22360679774997902
Opus+GeminiPro,Opus,2,game_myth,10,column 0,0.5,0.5477225575051661,6,0.22360679774997896
Opus+GeminiPro,Opus,2,game_myth,10,column 1,0.0,0.0,6,0.0
Opus+GeminiPro,Opus,2,game_myth,10,column 10,0.3333333333333333,0.5163977794943223,6,0.210818510677892
Opus+GeminiPro,Opus,2,game_myth,10,column 11,0.3333333333333333,0.5163977794943223,6,0.210818510677892
Opus+GeminiPro,Opus,2,game_myth,10,column 12,0.0,0.0,6,0.0
Opus+GeminiPro,Opus,2,game_myth,10,column 13,0.0,0.0,6,0.0
Opus+GeminiPro,Opus,2,game_myth,10,column 14,0.5,0.5477225575051661,6,0.22360679774997896
Opus+GeminiPro,Opus,2,game_myth,10,column 15,0.16666666666666666,0.408248290463863,6,0.16666666666666669
Opus+GeminiPro,Opus,2,game_myth,10,column 16,0.0,0.0,6,0.0
Opus+GeminiPro,Opus,2,game_myth,10,column 17,0.0,0.0,6,0.0
Opus+GeminiPro,Opus,2,game_myth,10,column 18,0.0,0.0,6,0.0
Opus+GeminiPro,Opus,2,game_myth,10,column 19,0.0,0.0,6,0.0
Opus+GeminiPro,Opus,2,game_myth,10,column 2,0.0,0.0,6,0.0
Opus+GeminiPro,Opus,2,game_myth,10,column 3,0.5,0.5477225575051661,6,0.22360679774997896
Opus+GeminiPro,Opus,2,game_myth,10,column 4,0.3333333333333333,0.5163977794943222,6,0.21081851067789195
Opus+GeminiPro,Opus,2,game_myth,10,column 5,0.5,0.5477225575051661,6,0.22360679774997896
Opus+GeminiPro,Opus,2,game_myth,10,column 6,0.0,0.0,6,0.0
Opus+GeminiPro,Opus,2,game_myth,10,column 7,0.16666666666666666,0.408248290463863,6,0.16666666666666669
Opus+GeminiPro,Opus,2,game_myth,10,column 8,0.16666666666666666,0.408248290463863,6,0.16666666666666669
Opus+GeminiPro,Opus,2,game_myth,10,column 9,0.0,0.0,6,0.0
Opus+GeminiPro,Opus,2,game_myth,10,main: clarity_distortion,0.0,0.0,6,0.0
Opus+GeminiPro,Opus,2,game_myth,10,main: cooperation_betrayal,0.0,0.0,6,0.0
Opus+GeminiPro,Opus,2,game_myth,10,main: giving_hoarding,0.5,0.5477225575051661,6,0.22360679774997896
Opus+GeminiPro,Opus,2,game_myth,10,main: high_low,0.0,0.0,6,0.0
Opus+GeminiPro,Opus,2,game_myth,10,main: honesty_deception,0.0,0.0,6,0.0
Opus+GeminiPro,Opus,2,game_myth,10,main: human_divine,0.0,0.0,6,0.0
Opus+GeminiPro,Opus,2,game_myth,10,main: individual_community,0.16666666666666666,0.408248290463863,6,0.16666666666666669
Opus+GeminiPro,Opus,2,game_myth,10,main: life_death,0.0,0.0,6,0.0
Opus+GeminiPro,Opus,2,game_myth,10,main: light_dark,0.0,0.0,6,0.0
Opus+GeminiPro,Opus,2,game_myth,10,main: nature_culture,0.0,0.0,6,0.0
Opus+GeminiPro,Opus,2,game_myth,10,main: order_chaos,0.0,0.0,6,0.0
Opus+GeminiPro,Opus,2,game_myth,10,main: other,0.0,0.0,6,0.0
Opus+GeminiPro,Opus,2,game_myth,10,main: punishment_forgiveness,0.0,0.0,6,0.0
Opus+GeminiPro,Opus,2,game_myth,10,main: scarcity_abundance,0.0,0.0,6,0.0
Opus+GeminiPro,Opus,2,game_myth,10,main: trust_fear,0.3333333333333333,0.5163977794943223,6,0.210818510677892
Opus+GeminiPro,Opus,2,game_myth,10,mediator present,0.5,0.5477225575051661,6,0.22360679774997896
Opus+GeminiPro,Opus,2,game_myth,10,resolution: balanced middle,0.0,0.0,6,0.0
Opus+GeminiPro,Opus,2,game_myth,10,resolution: mediated,0.5,0.5477225575051661,6,0.22360679774997896
Opus+GeminiPro,Opus,2,game_myth,10,resolution: one pole wins,0.5,0.5477225575051661,6,0.22360679774997896
Opus+GeminiPro,Opus,2,game_myth,10,role inversion,0.0,0.0,6,0.0
Opus+GeminiPro,Opus,2,myth_game,1,any: clarity_distortion,0.3333333333333333,0.5163977794943223,6,0.210818510677892
Opus+GeminiPro,Opus,2,myth_game,1,any: cooperation_betrayal,0.0,0.0,6,0.0
Opus+GeminiPro,Opus,2,myth_game,1,any: giving_hoarding,1.0,0.0,6,0.0
Opus+GeminiPro,Opus,2,myth_game,1,any: high_low,0.0,0.0,6,0.0
Opus+GeminiPro,Opus,2,myth_game,1,any: honesty_deception,0.0,0.0,6,0.0
Opus+GeminiPro,Opus,2,myth_game,1,any: human_divine,0.0,0.0,6,0.0
Opus+GeminiPro,Opus,2,myth_game,1,any: individual_community,0.0,0.0,6,0.0
Opus+GeminiPro,Opus,2,myth_game,1,any: life_death,0.0,0.0,6,0.0
Opus+GeminiPro,Opus,2,myth_game,1,any: light_dark,0.0,0.0,6,0.0
Opus+GeminiPro,Opus,2,myth_game,1,any: nature_culture,0.0,0.0,6,0.0
Opus+GeminiPro,Opus,2,myth_game,1,any: order_chaos,0.0,0.0,6,0.0
Opus+GeminiPro,Opus,2,myth_game,1,any: other,0.0,0.0,6,0.0
Opus+GeminiPro,Opus,2,myth_game,1,any: punishment_forgiveness,0.3333333333333333,0.5163977794943222,6,0.21081851067789195
Opus+GeminiPro,Opus,2,myth_game,1,any: scarcity_abundance,0.3333333333333333,0.5163977794943223,6,0.210818510677892
Opus+GeminiPro,Opus,2,myth_game,1,any: trust_fear,1.0,0.0,6,0.0
Opus+GeminiPro,Opus,2,myth_game,1,arc: improves,0.3333333333333333,0.5163977794943222,6,0.21081851067789195
Opus+GeminiPro,Opus,2,myth_game,1,arc: restored,0.6666666666666666,0.5163977794943222,6,0.21081851067789195
Opus+GeminiPro,Opus,2,myth_game,1,arc: stable order,0.0,0.0,6,0.0
Opus+GeminiPro,Opus,2,myth_game,1,column 0,0.3333333333333333,0.5163977794943223,6,0.210818510677892
Opus+GeminiPro,Opus,2,myth_game,1,column 1,0.3333333333333333,0.5163977794943223,6,0.210818510677892
Opus+GeminiPro,Opus,2,myth_game,1,column 10,0.6666666666666666,0.5163977794943222,6,0.21081851067789195
Opus+GeminiPro,Opus,2,myth_game,1,column 11,0.16666666666666666,0.408248290463863,6,0.16666666666666669
Opus+GeminiPro,Opus,2,myth_game,1,column 12,0.0,0.0,6,0.0
Opus+GeminiPro,Opus,2,myth_game,1,column 13,0.3333333333333333,0.5163977794943222,6,0.21081851067789195
Opus+GeminiPro,Opus,2,myth_game,1,column 14,0.5,0.5477225575051661,6,0.22360679774997896
Opus+GeminiPro,Opus,2,myth_game,1,column 15,0.3333333333333333,0.5163977794943223,6,0.210818510677892
Opus+GeminiPro,Opus,2,myth_game,1,column 16,0.3333333333333333,0.5163977794943222,6,0.21081851067789195
Opus+GeminiPro,Opus,2,myth_game,1,column 17,0.16666666666666666,0.408248290463863,6,0.16666666666666669
Opus+GeminiPro,Opus,2,myth_game,1,column 18,0.3333333333333333,0.5163977794943222,6,0.21081851067789195
Opus+GeminiPro,Opus,2,myth_game,1,column 19,0.3333333333333333,0.5163977794943222,6,0.21081851067789195
Opus+GeminiPro,Opus,2,myth_game,1,column 2,0.16666666666666666,0.408248290463863,6,0.16666666666666669
Opus+GeminiPro,Opus,2,myth_game,1,column 3,0.5,0.5477225575051661,6,0.22360679774997896
Opus+GeminiPro,Opus,2,myth_game,1,column 4,0.0,0.0,6,0.0
Opus+GeminiPro,Opus,2,myth_game,1,column 5,0.5,0.5477225575051661,6,0.22360679774997896
Opus+GeminiPro,Opus,2,myth_game,1,column 6,0.16666666666666666,0.408248290463863,6,0.16666666666666669
Opus+GeminiPro,Opus,2,myth_game,1,column 7,0.0,0.0,6,0.0
Opus+GeminiPro,Opus,2,myth_game,1,column 8,0.0,0.0,6,0.0
Opus+GeminiPro,Opus,2,myth_game,1,column 9,0.16666666666666666,0.408248290463863,6,0.16666666666666669
Opus+GeminiPro,Opus,2,myth_game,1,main: clarity_distortion,0.16666666666666666,0.408248290463863,6,0.16666666666666669
Opus+GeminiPro,Opus,2,myth_game,1,main: cooperation_betrayal,0.0,0.0,6,0.0
Opus+GeminiPro,Opus,2,myth_game,1,main: giving_hoarding,0.3333333333333333,0.5163977794943222,6,0.21081851067789195
Opus+GeminiPro,Opus,2,myth_game,1,main: high_low,0.0,0.0,6,0.0
Opus+GeminiPro,Opus,2,myth_game,1,main: honesty_deception,0.0,0.0,6,0.0
Opus+GeminiPro,Opus,2,myth_game,1,main: human_divine,0.0,0.0,6,0.0
Opus+GeminiPro,Opus,2,myth_game,1,main: individual_community,0.0,0.0,6,0.0
Opus+GeminiPro,Opus,2,myth_game,1,main: life_death,0.0,0.0,6,0.0
Opus+GeminiPro,Opus,2,myth_game,1,main: light_dark,0.0,0.0,6,0.0
Opus+GeminiPro,Opus,2,myth_game,1,main: nature_culture,0.0,0.0,6,0.0
Opus+GeminiPro,Opus,2,myth_game,1,main: order_chaos,0.0,0.0,6,0.0
Opus+GeminiPro,Opus,2,myth_game,1,main: other,0.0,0.0,6,0.0
Opus+GeminiPro,Opus,2,myth_game,1,main: punishment_forgiveness,0.0,0.0,6,0.0
Opus+GeminiPro,Opus,2,myth_game,1,main: scarcity_abundance,0.0,0.0,6,0.0
Opus+GeminiPro,Opus,2,myth_game,1,main: trust_fear,0.5,0.5477225575051661,6,0.22360679774997896
Opus+GeminiPro,Opus,2,myth_game,1,mediator present,0.8333333333333334,0.408248290463863,6,0.16666666666666669
Opus+GeminiPro,Opus,2,myth_game,1,resolution: balanced middle,0.0,0.0,6,0.0
Opus+GeminiPro,Opus,2,myth_game,1,resolution: mediated,0.8333333333333334,0.408248290463863,6,0.16666666666666669
Opus+GeminiPro,Opus,2,myth_game,1,resolution: one pole wins,0.16666666666666666,0.408248290463863,6,0.16666666666666669
Opus+GeminiPro,Opus,2,myth_game,1,role inversion,0.0,0.0,6,0.0
Opus+GeminiPro,Opus,2,myth_game,2,any: clarity_distortion,0.0,0.0,6,0.0
Opus+GeminiPro,Opus,2,myth_game,2,any: cooperation_betrayal,0.5,0.5477225575051662,6,0.22360679774997902
Opus+GeminiPro,Opus,2,myth_game,2,any: giving_hoarding,0.8333333333333334,0.408248290463863,6,0.16666666666666669
Opus+GeminiPro,Opus,2,myth_game,2,any: high_low,0.0,0.0,6,0.0
Opus+GeminiPro,Opus,2,myth_game,2,any: honesty_deception,0.0,0.0,6,0.0
Opus+GeminiPro,Opus,2,myth_game,2,any: human_divine,0.0,0.0,6,0.0
Opus+GeminiPro,Opus,2,myth_game,2,any: individual_community,0.16666666666666666,0.408248290463863,6,0.16666666666666669
Opus+GeminiPro,Opus,2,myth_game,2,any: life_death,0.0,0.0,6,0.0
Opus+GeminiPro,Opus,2,myth_game,2,any: light_dark,0.0,0.0,6,0.0
Opus+GeminiPro,Opus,2,myth_game,2,any: nature_culture,0.0,0.0,6,0.0
Opus+GeminiPro,Opus,2,myth_game,2,any: order_chaos,0.0,0.0,6,0.0
Opus+GeminiPro,Opus,2,myth_game,2,any: other,0.0,0.0,6,0.0
Opus+GeminiPro,Opus,2,myth_game,2,any: punishment_forgiveness,0.5,0.5477225575051662,6,0.22360679774997902
Opus+GeminiPro,Opus,2,myth_game,2,any: scarcity_abundance,0.0,0.0,6,0.0
Opus+GeminiPro,Opus,2,myth_game,2,any: trust_fear,1.0,0.0,6,0.0
Opus+GeminiPro,Opus,2,myth_game,2,arc: improves,0.3333333333333333,0.5163977794943222,6,0.21081851067789195
Opus+GeminiPro,Opus,2,myth_game,2,arc: restored,0.5,0.5477225575051662,6,0.22360679774997902
Opus+GeminiPro,Opus,2,myth_game,2,arc: stable order,0.16666666666666666,0.408248290463863,6,0.16666666666666669
Opus+GeminiPro,Opus,2,myth_game,2,column 0,0.16666666666666666,0.408248290463863,6,0.16666666666666669
Opus+GeminiPro,Opus,2,myth_game,2,column 1,0.5,0.5477225575051661,6,0.22360679774997896
Opus+GeminiPro,Opus,2,myth_game,2,column 10,0.6666666666666666,0.5163977794943223,6,0.210818510677892
Opus+GeminiPro,Opus,2,myth_game,2,column 11,0.0,0.0,6,0.0
Opus+GeminiPro,Opus,2,myth_game,2,column 12,0.0,0.0,6,0.0
Opus+GeminiPro,Opus,2,myth_game,2,column 13,0.16666666666666666,0.408248290463863,6,0.16666666666666669
Opus+GeminiPro,Opus,2,myth_game,2,column 14,0.5,0.5477225575051661,6,0.22360679774997896
Opus+GeminiPro,Opus,2,myth_game,2,column 15,0.0,0.0,6,0.0
Opus+GeminiPro,Opus,2,myth_game,2,column 16,0.0,0.0,6,0.0
Opus+GeminiPro,Opus,2,myth_game,2,column 17,0.16666666666666666,0.408248290463863,6,0.16666666666666669
Opus+GeminiPro,Opus,2,myth_game,2,column 18,0.16666666666666666,0.408248290463863,6,0.16666666666666669
Opus+GeminiPro,Opus,2,myth_game,2,column 19,0.16666666666666666,0.408248290463863,6,0.16666666666666669
Opus+GeminiPro,Opus,2,myth_game,2,column 2,0.3333333333333333,0.5163977794943223,6,0.210818510677892
Opus+GeminiPro,Opus,2,myth_game,2,column 3,0.8333333333333334,0.408248290463863,6,0.16666666666666669
Opus+GeminiPro,Opus,2,myth_game,2,column 4,0.8333333333333334,0.408248290463863,6,0.16666666666666669
Opus+GeminiPro,Opus,2,myth_game,2,column 5,0.5,0.5477225575051661,6,0.22360679774997896
Opus+GeminiPro,Opus,2,myth_game,2,column 6,0.16666666666666666,0.408248290463863,6,0.16666666666666669
Opus+GeminiPro,Opus,2,myth_game,2,column 7,0.16666666666666666,0.408248290463863,6,0.16666666666666669
Opus+GeminiPro,Opus,2,myth_game,2,column 8,0.0,0.0,6,0.0
Opus+GeminiPro,Opus,2,myth_game,2,column 9,0.0,0.0,6,0.0
Opus+GeminiPro,Opus,2,myth_game,2,main: clarity_distortion,0.0,0.0,6,0.0
Opus+GeminiPro,Opus,2,myth_game,2,main: cooperation_betrayal,0.0,0.0,6,0.0
Opus+GeminiPro,Opus,2,myth_game,2,main: giving_hoarding,0.16666666666666666,0.408248290463863,6,0.16666666666666669
Opus+GeminiPro,Opus,2,myth_game,2,main: high_low,0.0,0.0,6,0.0
Opus+GeminiPro,Opus,2,myth_game,2,main: honesty_deception,0.0,0.0,6,0.0
Opus+GeminiPro,Opus,2,myth_game,2,main: human_divine,0.0,0.0,6,0.0
Opus+GeminiPro,Opus,2,myth_game,2,main: individual_community,0.0,0.0,6,0.0
Opus+GeminiPro,Opus,2,myth_game,2,main: life_death,0.0,0.0,6,0.0
Opus+GeminiPro,Opus,2,myth_game,2,main: light_dark,0.0,0.0,6,0.0
Opus+GeminiPro,Opus,2,myth_game,2,main: nature_culture,0.0,0.0,6,0.0
Opus+GeminiPro,Opus,2,myth_game,2,main: order_chaos,0.0,0.0,6,0.0
Opus+GeminiPro,Opus,2,myth_game,2,main: other,0.0,0.0,6,0.0
Opus+GeminiPro,Opus,2,myth_game,2,main: punishment_forgiveness,0.0,0.0,6,0.0
Opus+GeminiPro,Opus,2,myth_game,2,main: scarcity_abundance,0.0,0.0,6,0.0
Opus+GeminiPro,Opus,2,myth_game,2,main: trust_fear,0.8333333333333334,0.408248290463863,6,0.16666666666666669
Opus+GeminiPro,Opus,2,myth_game,2,mediator present,0.6666666666666666,0.5163977794943222,6,0.21081851067789195
Opus+GeminiPro,Opus,2,myth_game,2,resolution: balanced middle,0.0,0.0,6,0.0
Opus+GeminiPro,Opus,2,myth_game,2,resolution: mediated,0.6666666666666666,0.5163977794943222,6,0.21081851067789195
Opus+GeminiPro,Opus,2,myth_game,2,resolution: one pole wins,0.3333333333333333,0.5163977794943222,6,0.21081851067789195
Opus+GeminiPro,Opus,2,myth_game,2,role inversion,0.0,0.0,6,0.0
Opus+GeminiPro,Opus,2,myth_game,5,any: clarity_distortion,0.3333333333333333,0.5163977794943223,6,0.210818510677892
Opus+GeminiPro,Opus,2,myth_game,5,any: cooperation_betrayal,0.16666666666666666,0.408248290463863,6,0.16666666666666669
Opus+GeminiPro,Opus,2,myth_game,5,any: giving_hoarding,1.0,0.0,6,0.0
Opus+GeminiPro,Opus,2,myth_game,5,any: high_low,0.0,0.0,6,0.0
Opus+GeminiPro,Opus,2,myth_game,5,any: honesty_deception,0.0,0.0,6,0.0
Opus+GeminiPro,Opus,2,myth_game,5,any: human_divine,0.0,0.0,6,0.0
Opus+GeminiPro,Opus,2,myth_game,5,any: individual_community,0.0,0.0,6,0.0
Opus+GeminiPro,Opus,2,myth_game,5,any: life_death,0.0,0.0,6,0.0
Opus+GeminiPro,Opus,2,myth_game,5,any: light_dark,0.0,0.0,6,0.0
Opus+GeminiPro,Opus,2,myth_game,5,any: nature_culture,0.0,0.0,6,0.0
Opus+GeminiPro,Opus,2,myth_game,5,any: order_chaos,0.3333333333333333,0.5163977794943223,6,0.210818510677892
Opus+GeminiPro,Opus,2,myth_game,5,any: other,0.0,0.0,6,0.0
Opus+GeminiPro,Opus,2,myth_game,5,any: punishment_forgiveness,0.5,0.5477225575051661,6,0.22360679774997896
Opus+GeminiPro,Opus,2,myth_game,5,any: scarcity_abundance,0.0,0.0,6,0.0
Opus+GeminiPro,Opus,2,myth_game,5,any: trust_fear,0.6666666666666666,0.5163977794943223,6,0.210818510677892
Opus+GeminiPro,Opus,2,myth_game,5,arc: improves,0.3333333333333333,0.5163977794943223,6,0.210818510677892
Opus+GeminiPro,Opus,2,myth_game,5,arc: restored,0.0,0.0,6,0.0
Opus+GeminiPro,Opus,2,myth_game,5,arc: stable order,0.6666666666666666,0.5163977794943223,6,0.210818510677892
Opus+GeminiPro,Opus,2,myth_game,5,column 0,0.8333333333333334,0.408248290463863,6,0.16666666666666669
Opus+GeminiPro,Opus,2,myth_game,5,column 1,0.16666666666666666,0.408248290463863,6,0.16666666666666669
Opus+GeminiPro,Opus,2,myth_game,5,column 10,0.5,0.5477225575051661,6,0.22360679774997896
Opus+GeminiPro,Opus,2,myth_game,5,column 11,0.16666666666666666,0.408248290463863,6,0.16666666666666669
Opus+GeminiPro,Opus,2,myth_game,5,column 12,0.0,0.0,6,0.0
Opus+GeminiPro,Opus,2,myth_game,5,column 13,0.16666666666666666,0.408248290463863,6,0.16666666666666669
Opus+GeminiPro,Opus,2,myth_game,5,column 14,0.3333333333333333,0.5163977794943223,6,0.210818510677892
Opus+GeminiPro,Opus,2,myth_game,5,column 15,0.0,0.0,6,0.0
Opus+GeminiPro,Opus,2,myth_game,5,column 16,0.0,0.0,6,0.0
Opus+GeminiPro,Opus,2,myth_game,5,column 17,0.0,0.0,6,0.0
Opus+GeminiPro,Opus,2,myth_game,5,column 18,0.0,0.0,6,0.0
Opus+GeminiPro,Opus,2,myth_game,5,column 19,0.16666666666666666,0.408248290463863,6,0.16666666666666669
Opus+GeminiPro,Opus,2,myth_game,5,column 2,0.16666666666666666,0.408248290463863,6,0.16666666666666669
Opus+GeminiPro,Opus,2,myth_game,5,column 3,0.3333333333333333,0.5163977794943222,6,0.21081851067789195
Opus+GeminiPro,Opus,2,myth_game,5,column 4,0.0,0.0,6,0.0
Opus+GeminiPro,Opus,2,myth_game,5,column 5,0.5,0.5477225575051661,6,0.22360679774997896
Opus+GeminiPro,Opus,2,myth_game,5,column 6,0.0,0.0,6,0.0
Opus+GeminiPro,Opus,2,myth_game,5,column 7,0.16666666666666666,0.408248290463863,6,0.16666666666666669
Opus+GeminiPro,Opus,2,myth_game,5,column 8,0.0,0.0,6,0.0
Opus+GeminiPro,Opus,2,myth_game,5,column 9,0.0,0.0,6,0.0
Opus+GeminiPro,Opus,2,myth_game,5,main: clarity_distortion,0.16666666666666666,0.408248290463863,6,0.16666666666666669
Opus+GeminiPro,Opus,2,myth_game,5,main: cooperation_betrayal,0.0,0.0,6,0.0
Opus+GeminiPro,Opus,2,myth_game,5,main: giving_hoarding,0.3333333333333333,0.5163977794943223,6,0.210818510677892
Opus+GeminiPro,Opus,2,myth_game,5,main: high_low,0.0,0.0,6,0.0
Opus+GeminiPro,Opus,2,myth_game,5,main: honesty_deception,0.0,0.0,6,0.0
Opus+GeminiPro,Opus,2,myth_game,5,main: human_divine,0.0,0.0,6,0.0
Opus+GeminiPro,Opus,2,myth_game,5,main: individual_community,0.0,0.0,6,0.0
Opus+GeminiPro,Opus,2,myth_game,5,main: life_death,0.0,0.0,6,0.0
Opus+GeminiPro,Opus,2,myth_game,5,main: light_dark,0.0,0.0,6,0.0
Opus+GeminiPro,Opus,2,myth_game,5,main: nature_culture,0.0,0.0,6,0.0
Opus+GeminiPro,Opus,2,myth_game,5,main: order_chaos,0.16666666666666666,0.408248290463863,6,0.16666666666666669
Opus+GeminiPro,Opus,2,myth_game,5,main: other,0.0,0.0,6,0.0
Opus+GeminiPro,Opus,2,myth_game,5,main: punishment_forgiveness,0.0,0.0,6,0.0
Opus+GeminiPro,Opus,2,myth_game,5,main: scarcity_abundance,0.0,0.0,6,0.0
Opus+GeminiPro,Opus,2,myth_game,5,main: trust_fear,0.3333333333333333,0.5163977794943222,6,0.21081851067789195
Opus+GeminiPro,Opus,2,myth_game,5,mediator present,0.5,0.5477225575051661,6,0.22360679774997896
Opus+GeminiPro,Opus,2,myth_game,5,resolution: balanced middle,0.16666666666666666,0.408248290463863,6,0.16666666666666669
Opus+GeminiPro,Opus,2,myth_game,5,resolution: mediated,0.5,0.5477225575051661,6,0.22360679774997896
Opus+GeminiPro,Opus,2,myth_game,5,resolution: one pole wins,0.3333333333333333,0.5163977794943223,6,0.210818510677892
Opus+GeminiPro,Opus,2,myth_game,5,role inversion,0.0,0.0,6,0.0
Opus+GeminiPro,Opus,2,myth_game,6,any: clarity_distortion,0.6666666666666666,0.5163977794943222,6,0.21081851067789195
Opus+GeminiPro,Opus,2,myth_game,6,any: cooperation_betrayal,0.0,0.0,6,0.0
Opus+GeminiPro,Opus,2,myth_game,6,any: giving_hoarding,0.6666666666666666,0.5163977794943223,6,0.210818510677892
Opus+GeminiPro,Opus,2,myth_game,6,any: high_low,0.0,0.0,6,0.0
Opus+GeminiPro,Opus,2,myth_game,6,any: honesty_deception,0.16666666666666666,0.408248290463863,6,0.16666666666666669
Opus+GeminiPro,Opus,2,myth_game,6,any: human_divine,0.0,0.0,6,0.0
Opus+GeminiPro,Opus,2,myth_game,6,any: individual_community,0.0,0.0,6,0.0
Opus+GeminiPro,Opus,2,myth_game,6,any: life_death,0.0,0.0,6,0.0
Opus+GeminiPro,Opus,2,myth_game,6,any: light_dark,0.0,0.0,6,0.0
Opus+GeminiPro,Opus,2,myth_game,6,any: nature_culture,0.0,0.0,6,0.0
Opus+GeminiPro,Opus,2,myth_game,6,any: order_chaos,0.16666666666666666,0.408248290463863,6,0.16666666666666669
Opus+GeminiPro,Opus,2,myth_game,6,any: other,0.16666666666666666,0.408248290463863,6,0.16666666666666669
Opus+GeminiPro,Opus,2,myth_game,6,any: punishment_forgiveness,0.5,0.5477225575051662,6,0.22360679774997902
Opus+GeminiPro,Opus,2,myth_game,6,any: scarcity_abundance,0.0,0.0,6,0.0
Opus+GeminiPro,Opus,2,myth_game,6,any: trust_fear,0.6666666666666666,0.5163977794943222,6,0.21081851067789195
Opus+GeminiPro,Opus,2,myth_game,6,arc: improves,0.16666666666666666,0.408248290463863,6,0.16666666666666669
Opus+GeminiPro,Opus,2,myth_game,6,arc: restored,0.0,0.0,6,0.0
Opus+GeminiPro,Opus,2,myth_game,6,arc: stable order,0.8333333333333334,0.408248290463863,6,0.16666666666666669
Opus+GeminiPro,Opus,2,myth_game,6,column 0,0.3333333333333333,0.5163977794943223,6,0.210818510677892
Opus+GeminiPro,Opus,2,myth_game,6,column 1,0.16666666666666666,0.408248290463863,6,0.16666666666666669
Opus+GeminiPro,Opus,2,myth_game,6,column 10,0.3333333333333333,0.5163977794943222,6,0.21081851067789195
Opus+GeminiPro,Opus,2,myth_game,6,column 11,0.0,0.0,6,0.0
Opus+GeminiPro,Opus,2,myth_game,6,column 12,0.0,0.0,6,0.0
Opus+GeminiPro,Opus,2,myth_game,6,column 13,0.0,0.0,6,0.0
Opus+GeminiPro,Opus,2,myth_game,6,column 14,0.16666666666666666,0.408248290463863,6,0.16666666666666669
Opus+GeminiPro,Opus,2,myth_game,6,column 15,0.16666666666666666,0.408248290463863,6,0.16666666666666669
Opus+GeminiPro,Opus,2,myth_game,6,column 16,0.3333333333333333,0.5163977794943223,6,0.210818510677892
Opus+GeminiPro,Opus,2,myth_game,6,column 17,0.0,0.0,6,0.0
Opus+GeminiPro,Opus,2,myth_game,6,column 18,0.16666666666666666,0.408248290463863,6,0.16666666666666669
Opus+GeminiPro,Opus,2,myth_game,6,column 19,0.3333333333333333,0.5163977794943222,6,0.21081851067789195
Opus+GeminiPro,Opus,2,myth_game,6,column 2,0.16666666666666666,0.408248290463863,6,0.16666666666666669
Opus+GeminiPro,Opus,2,myth_game,6,column 3,0.3333333333333333,0.5163977794943223,6,0.210818510677892
Opus+GeminiPro,Opus,2,myth_game,6,column 4,0.16666666666666666,0.408248290463863,6,0.16666666666666669
Opus+GeminiPro,Opus,2,myth_game,6,column 5,0.3333333333333333,0.5163977794943223,6,0.210818510677892
Opus+GeminiPro,Opus,2,myth_game,6,column 6,0.16666666666666666,0.408248290463863,6,0.16666666666666669
Opus+GeminiPro,Opus,2,myth_game,6,column 7,0.0,0.0,6,0.0
Opus+GeminiPro,Opus,2,myth_game,6,column 8,0.0,0.0,6,0.0
Opus+GeminiPro,Opus,2,myth_game,6,column 9,0.0,0.0,6,0.0
Opus+GeminiPro,Opus,2,myth_game,6,main: clarity_distortion,0.3333333333333333,0.5163977794943223,6,0.210818510677892
Opus+GeminiPro,Opus,2,myth_game,6,main: cooperation_betrayal,0.0,0.0,6,0.0
Opus+GeminiPro,Opus,2,myth_game,6,main: giving_hoarding,0.6666666666666666,0.5163977794943223,6,0.210818510677892
Opus+GeminiPro,Opus,2,myth_game,6,main: high_low,0.0,0.0,6,0.0
Opus+GeminiPro,Opus,2,myth_game,6,main: honesty_deception,0.0,0.0,6,0.0
Opus+GeminiPro,Opus,2,myth_game,6,main: human_divine,0.0,0.0,6,0.0
Opus+GeminiPro,Opus,2,myth_game,6,main: individual_community,0.0,0.0,6,0.0
Opus+GeminiPro,Opus,2,myth_game,6,main: life_death,0.0,0.0,6,0.0
Opus+GeminiPro,Opus,2,myth_game,6,main: light_dark,0.0,0.0,6,0.0
Opus+GeminiPro,Opus,2,myth_game,6,main: nature_culture,0.0,0.0,6,0.0
Opus+GeminiPro,Opus,2,myth_game,6,main: order_chaos,0.0,0.0,6,0.0
Opus+GeminiPro,Opus,2,myth_game,6,main: other,0.0,0.0,6,0.0
Opus+GeminiPro,Opus,2,myth_game,6,main: punishment_forgiveness,0.0,0.0,6,0.0
Opus+GeminiPro,Opus,2,myth_game,6,main: scarcity_abundance,0.0,0.0,6,0.0
Opus+GeminiPro,Opus,2,myth_game,6,main: trust_fear,0.0,0.0,6,0.0
Opus+GeminiPro,Opus,2,myth_game,6,mediator present,0.6666666666666666,0.5163977794943222,6,0.21081851067789195
Opus+GeminiPro,Opus,2,myth_game,6,resolution: balanced middle,0.0,0.0,6,0.0
Opus+GeminiPro,Opus,2,myth_game,6,resolution: mediated,0.6666666666666666,0.5163977794943222,6,0.21081851067789195
Opus+GeminiPro,Opus,2,myth_game,6,resolution: one pole wins,0.3333333333333333,0.5163977794943222,6,0.21081851067789195
Opus+GeminiPro,Opus,2,myth_game,6,role inversion,0.0,0.0,6,0.0
Opus+GeminiPro,Opus,2,myth_game,9,any: clarity_distortion,0.16666666666666666,0.408248290463863,6,0.16666666666666669
Opus+GeminiPro,Opus,2,myth_game,9,any: cooperation_betrayal,0.16666666666666666,0.408248290463863,6,0.16666666666666669
Opus+GeminiPro,Opus,2,myth_game,9,any: giving_hoarding,0.6666666666666666,0.5163977794943223,6,0.210818510677892
Opus+GeminiPro,Opus,2,myth_game,9,any: high_low,0.0,0.0,6,0.0
Opus+GeminiPro,Opus,2,myth_game,9,any: honesty_deception,0.0,0.0,6,0.0
Opus+GeminiPro,Opus,2,myth_game,9,any: human_divine,0.0,0.0,6,0.0
Opus+GeminiPro,Opus,2,myth_game,9,any: individual_community,0.0,0.0,6,0.0
Opus+GeminiPro,Opus,2,myth_game,9,any: life_death,0.0,0.0,6,0.0
Opus+GeminiPro,Opus,2,myth_game,9,any: light_dark,0.0,0.0,6,0.0
Opus+GeminiPro,Opus,2,myth_game,9,any: nature_culture,0.0,0.0,6,0.0
Opus+GeminiPro,Opus,2,myth_game,9,any: order_chaos,0.0,0.0,6,0.0
Opus+GeminiPro,Opus,2,myth_game,9,any: other,0.0,0.0,6,0.0
Opus+GeminiPro,Opus,2,myth_game,9,any: punishment_forgiveness,0.3333333333333333,0.5163977794943222,6,0.21081851067789195
Opus+GeminiPro,Opus,2,myth_game,9,any: scarcity_abundance,0.5,0.5477225575051661,6,0.22360679774997896
Opus+GeminiPro,Opus,2,myth_game,9,any: trust_fear,1.0,0.0,6,0.0
Opus+GeminiPro,Opus,2,myth_game,9,arc: improves,0.3333333333333333,0.5163977794943222,6,0.21081851067789195
Opus+GeminiPro,Opus,2,myth_game,9,arc: restored,0.16666666666666666,0.408248290463863,6,0.16666666666666669
Opus+GeminiPro,Opus,2,myth_game,9,arc: stable order,0.5,0.5477225575051662,6,0.22360679774997902
Opus+GeminiPro,Opus,2,myth_game,9,column 0,0.16666666666666666,0.408248290463863,6,0.16666666666666669
Opus+GeminiPro,Opus,2,myth_game,9,column 1,0.0,0.0,6,0.0
Opus+GeminiPro,Opus,2,myth_game,9,column 10,0.3333333333333333,0.5163977794943223,6,0.210818510677892
Opus+GeminiPro,Opus,2,myth_game,9,column 11,0.3333333333333333,0.5163977794943223,6,0.210818510677892
Opus+GeminiPro,Opus,2,myth_game,9,column 12,0.0,0.0,6,0.0
Opus+GeminiPro,Opus,2,myth_game,9,column 13,0.0,0.0,6,0.0
Opus+GeminiPro,Opus,2,myth_game,9,column 14,0.5,0.5477225575051661,6,0.22360679774997896
Opus+GeminiPro,Opus,2,myth_game,9,column 15,0.16666666666666666,0.408248290463863,6,0.16666666666666669
Opus+GeminiPro,Opus,2,myth_game,9,column 16,0.0,0.0,6,0.0
Opus+GeminiPro,Opus,2,myth_game,9,column 17,0.0,0.0,6,0.0
Opus+GeminiPro,Opus,2,myth_game,9,column 18,0.5,0.5477225575051661,6,0.22360679774997896
Opus+GeminiPro,Opus,2,myth_game,9,column 19,0.3333333333333333,0.5163977794943222,6,0.21081851067789195
Opus+GeminiPro,Opus,2,myth_game,9,column 2,0.16666666666666666,0.408248290463863,6,0.16666666666666669
Opus+GeminiPro,Opus,2,myth_game,9,column 3,0.5,0.5477225575051661,6,0.22360679774997896
Opus+GeminiPro,Opus,2,myth_game,9,column 4,0.0,0.0,6,0.0
Opus+GeminiPro,Opus,2,myth_game,9,column 5,0.6666666666666666,0.5163977794943223,6,0.210818510677892
Opus+GeminiPro,Opus,2,myth_game,9,column 6,0.16666666666666666,0.408248290463863,6,0.16666666666666669
Opus+GeminiPro,Opus,2,myth_game,9,column 7,0.16666666666666666,0.408248290463863,6,0.16666666666666669
Opus+GeminiPro,Opus,2,myth_game,9,column 8,0.0,0.0,6,0.0
Opus+GeminiPro,Opus,2,myth_game,9,column 9,0.16666666666666666,0.408248290463863,6,0.16666666666666669
Opus+GeminiPro,Opus,2,myth_game,9,main: clarity_distortion,0.0,0.0,6,0.0
Opus+GeminiPro,Opus,2,myth_game,9,main: cooperation_betrayal,0.0,0.0,6,0.0
Opus+GeminiPro,Opus,2,myth_game,9,main: giving_hoarding,0.6666666666666666,0.5163977794943223,6,0.210818510677892
Opus+GeminiPro,Opus,2,myth_game,9,main: high_low,0.0,0.0,6,0.0
Opus+GeminiPro,Opus,2,myth_game,9,main: honesty_deception,0.0,0.0,6,0.0
Opus+GeminiPro,Opus,2,myth_game,9,main: human_divine,0.0,0.0,6,0.0
Opus+GeminiPro,Opus,2,myth_game,9,main: individual_community,0.0,0.0,6,0.0
Opus+GeminiPro,Opus,2,myth_game,9,main: life_death,0.0,0.0,6,0.0
Opus+GeminiPro,Opus,2,myth_game,9,main: light_dark,0.0,0.0,6,0.0
Opus+GeminiPro,Opus,2,myth_game,9,main: nature_culture,0.0,0.0,6,0.0
Opus+GeminiPro,Opus,2,myth_game,9,main: order_chaos,0.0,0.0,6,0.0
Opus+GeminiPro,Opus,2,myth_game,9,main: other,0.0,0.0,6,0.0
Opus+GeminiPro,Opus,2,myth_game,9,main: punishment_forgiveness,0.0,0.0,6,0.0
Opus+GeminiPro,Opus,2,myth_game,9,main: scarcity_abundance,0.0,0.0,6,0.0
Opus+GeminiPro,Opus,2,myth_game,9,main: trust_fear,0.3333333333333333,0.5163977794943223,6,0.210818510677892
Opus+GeminiPro,Opus,2,myth_game,9,mediator present,0.5,0.5477225575051661,6,0.22360679774997896
Opus+GeminiPro,Opus,2,myth_game,9,resolution: balanced middle,0.0,0.0,6,0.0
Opus+GeminiPro,Opus,2,myth_game,9,resolution: mediated,0.5,0.5477225575051661,6,0.22360679774997896
Opus+GeminiPro,Opus,2,myth_game,9,resolution: one pole wins,0.5,0.5477225575051661,6,0.22360679774997896
Opus+GeminiPro,Opus,2,myth_game,9,role inversion,0.0,0.0,6,0.0
Opus+GeminiPro,Opus,2,myth_game,10,any: clarity_distortion,0.16666666666666666,0.408248290463863,6,0.16666666666666669
Opus+GeminiPro,Opus,2,myth_game,10,any: cooperation_betrayal,0.5,0.5477225575051662,6,0.22360679774997902
Opus+GeminiPro,Opus,2,myth_game,10,any: giving_hoarding,0.6666666666666666,0.5163977794943223,6,0.210818510677892
Opus+GeminiPro,Opus,2,myth_game,10,any: high_low,0.0,0.0,6,0.0
Opus+GeminiPro,Opus,2,myth_game,10,any: honesty_deception,0.0,0.0,6,0.0
Opus+GeminiPro,Opus,2,myth_game,10,any: human_divine,0.0,0.0,6,0.0
Opus+GeminiPro,Opus,2,myth_game,10,any: individual_community,0.0,0.0,6,0.0
Opus+GeminiPro,Opus,2,myth_game,10,any: life_death,0.0,0.0,6,0.0
Opus+GeminiPro,Opus,2,myth_game,10,any: light_dark,0.0,0.0,6,0.0
Opus+GeminiPro,Opus,2,myth_game,10,any: nature_culture,0.16666666666666666,0.408248290463863,6,0.16666666666666669
Opus+GeminiPro,Opus,2,myth_game,10,any: order_chaos,0.16666666666666666,0.408248290463863,6,0.16666666666666669
Opus+GeminiPro,Opus,2,myth_game,10,any: other,0.3333333333333333,0.5163977794943222,6,0.21081851067789195
Opus+GeminiPro,Opus,2,myth_game,10,any: punishment_forgiveness,0.16666666666666666,0.408248290463863,6,0.16666666666666669
Opus+GeminiPro,Opus,2,myth_game,10,any: scarcity_abundance,0.16666666666666666,0.408248290463863,6,0.16666666666666669
Opus+GeminiPro,Opus,2,myth_game,10,any: trust_fear,0.6666666666666666,0.5163977794943222,6,0.21081851067789195
Opus+GeminiPro,Opus,2,myth_game,10,arc: improves,0.3333333333333333,0.5163977794943223,6,0.210818510677892
Opus+GeminiPro,Opus,2,myth_game,10,arc: restored,0.0,0.0,6,0.0
Opus+GeminiPro,Opus,2,myth_game,10,arc: stable order,0.6666666666666666,0.5163977794943222,6,0.21081851067789195
Opus+GeminiPro,Opus,2,myth_game,10,column 0,0.0,0.0,6,0.0
Opus+GeminiPro,Opus,2,myth_game,10,column 1,0.0,0.0,6,0.0
Opus+GeminiPro,Opus,2,myth_game,10,column 10,0.3333333333333333,0.5163977794943223,6,0.210818510677892
Opus+GeminiPro,Opus,2,myth_game,10,column 11,0.16666666666666666,0.408248290463863,6,0.16666666666666669
Opus+GeminiPro,Opus,2,myth_game,10,column 12,0.0,0.0,6,0.0
Opus+GeminiPro,Opus,2,myth_game,10,column 13,0.3333333333333333,0.5163977794943222,6,0.21081851067789195
Opus+GeminiPro,Opus,2,myth_game,10,column 14,0.16666666666666666,0.408248290463863,6,0.16666666666666669
Opus+GeminiPro,Opus,2,myth_game,10,column 15,0.0,0.0,6,0.0
Opus+GeminiPro,Opus,2,myth_game,10,column 16,0.16666666666666666,0.408248290463863,6,0.16666666666666669
Opus+GeminiPro,Opus,2,myth_game,10,column 17,0.0,0.0,6,0.0
Opus+GeminiPro,Opus,2,myth_game,10,column 18,0.16666666666666666,0.408248290463863,6,0.16666666666666669
Opus+GeminiPro,Opus,2,myth_game,10,column 19,0.6666666666666666,0.5163977794943222,6,0.21081851067789195
Opus+GeminiPro,Opus,2,myth_game,10,column 2,0.0,0.0,6,0.0
Opus+GeminiPro,Opus,2,myth_game,10,column 3,0.16666666666666666,0.408248290463863,6,0.16666666666666669
Opus+GeminiPro,Opus,2,myth_game,10,column 4,0.16666666666666666,0.408248290463863,6,0.16666666666666669
Opus+GeminiPro,Opus,2,myth_game,10,column 5,0.5,0.5477225575051661,6,0.22360679774997896
Opus+GeminiPro,Opus,2,myth_game,10,column 6,0.0,0.0,6,0.0
Opus+GeminiPro,Opus,2,myth_game,10,column 7,0.16666666666666666,0.408248290463863,6,0.16666666666666669
Opus+GeminiPro,Opus,2,myth_game,10,column 8,0.0,0.0,6,0.0
Opus+GeminiPro,Opus,2,myth_game,10,column 9,0.0,0.0,6,0.0
Opus+GeminiPro,Opus,2,myth_game,10,main: clarity_distortion,0.16666666666666666,0.408248290463863,6,0.16666666666666669
Opus+GeminiPro,Opus,2,myth_game,10,main: cooperation_betrayal,0.0,0.0,6,0.0
Opus+GeminiPro,Opus,2,myth_game,10,main: giving_hoarding,0.5,0.5477225575051661,6,0.22360679774997896
Opus+GeminiPro,Opus,2,myth_game,10,main: high_low,0.0,0.0,6,0.0
Opus+GeminiPro,Opus,2,myth_game,10,main: honesty_deception,0.0,0.0,6,0.0
Opus+GeminiPro,Opus,2,myth_game,10,main: human_divine,0.0,0.0,6,0.0
Opus+GeminiPro,Opus,2,myth_game,10,main: individual_community,0.0,0.0,6,0.0
Opus+GeminiPro,Opus,2,myth_game,10,main: life_death,0.0,0.0,6,0.0
Opus+GeminiPro,Opus,2,myth_game,10,main: light_dark,0.0,0.0,6,0.0
Opus+GeminiPro,Opus,2,myth_game,10,main: nature_culture,0.0,0.0,6,0.0
Opus+GeminiPro,Opus,2,myth_game,10,main: order_chaos,0.0,0.0,6,0.0
Opus+GeminiPro,Opus,2,myth_game,10,main: other,0.0,0.0,6,0.0
Opus+GeminiPro,Opus,2,myth_game,10,main: punishment_forgiveness,0.0,0.0,6,0.0
Opus+GeminiPro,Opus,2,myth_game,10,main: scarcity_abundance,0.0,0.0,6,0.0
Opus+GeminiPro,Opus,2,myth_game,10,main: trust_fear,0.3333333333333333,0.5163977794943223,6,0.210818510677892
Opus+GeminiPro,Opus,2,myth_game,10,mediator present,0.6666666666666666,0.5163977794943223,6,0.210818510677892
Opus+GeminiPro,Opus,2,myth_game,10,resolution: balanced middle,0.0,0.0,6,0.0
Opus+GeminiPro,Opus,2,myth_game,10,resolution: mediated,0.6666666666666666,0.5163977794943223,6,0.210818510677892
Opus+GeminiPro,Opus,2,myth_game,10,resolution: one pole wins,0.3333333333333333,0.5163977794943223,6,0.210818510677892
Opus+GeminiPro,Opus,2,myth_game,10,role inversion,0.16666666666666666,0.408248290463863,6,0.16666666666666669
Opus+Sol,Opus,2,game_myth,1,any: clarity_distortion,0.3333333333333333,0.5163977794943223,6,0.210818510677892
Opus+Sol,Opus,2,game_myth,1,any: cooperation_betrayal,0.3333333333333333,0.5163977794943222,6,0.21081851067789195
Opus+Sol,Opus,2,game_myth,1,any: giving_hoarding,0.8333333333333334,0.408248290463863,6,0.16666666666666669
Opus+Sol,Opus,2,game_myth,1,any: high_low,0.0,0.0,6,0.0
Opus+Sol,Opus,2,game_myth,1,any: honesty_deception,0.0,0.0,6,0.0
Opus+Sol,Opus,2,game_myth,1,any: human_divine,0.0,0.0,6,0.0
Opus+Sol,Opus,2,game_myth,1,any: individual_community,0.0,0.0,6,0.0
Opus+Sol,Opus,2,game_myth,1,any: life_death,0.0,0.0,6,0.0
Opus+Sol,Opus,2,game_myth,1,any: light_dark,0.0,0.0,6,0.0
Opus+Sol,Opus,2,game_myth,1,any: nature_culture,0.0,0.0,6,0.0
Opus+Sol,Opus,2,game_myth,1,any: order_chaos,0.0,0.0,6,0.0
Opus+Sol,Opus,2,game_myth,1,any: other,0.0,0.0,6,0.0
Opus+Sol,Opus,2,game_myth,1,any: punishment_forgiveness,0.5,0.5477225575051661,6,0.22360679774997896
Opus+Sol,Opus,2,game_myth,1,any: scarcity_abundance,0.3333333333333333,0.5163977794943223,6,0.210818510677892
Opus+Sol,Opus,2,game_myth,1,any: trust_fear,0.6666666666666666,0.5163977794943223,6,0.210818510677892
Opus+Sol,Opus,2,game_myth,1,arc: improves,0.5,0.5477225575051661,6,0.22360679774997896
Opus+Sol,Opus,2,game_myth,1,arc: restored,0.16666666666666666,0.408248290463863,6,0.16666666666666669
Opus+Sol,Opus,2,game_myth,1,arc: stable order,0.16666666666666666,0.408248290463863,6,0.16666666666666669
Opus+Sol,Opus,2,game_myth,1,column 0,0.0,0.0,6,0.0
Opus+Sol,Opus,2,game_myth,1,column 1,0.5,0.5477225575051661,6,0.22360679774997896
Opus+Sol,Opus,2,game_myth,1,column 10,0.5,0.5477225575051661,6,0.22360679774997896
Opus+Sol,Opus,2,game_myth,1,column 11,0.0,0.0,6,0.0
Opus+Sol,Opus,2,game_myth,1,column 12,0.0,0.0,6,0.0
Opus+Sol,Opus,2,game_myth,1,column 13,0.5,0.5477225575051661,6,0.22360679774997896
Opus+Sol,Opus,2,game_myth,1,column 14,0.16666666666666666,0.408248290463863,6,0.16666666666666669
Opus+Sol,Opus,2,game_myth,1,column 15,0.8333333333333334,0.408248290463863,6,0.16666666666666669
Opus+Sol,Opus,2,game_myth,1,column 16,0.16666666666666666,0.408248290463863,6,0.16666666666666669
Opus+Sol,Opus,2,game_myth,1,column 17,0.0,0.0,6,0.0
Opus+Sol,Opus,2,game_myth,1,column 18,0.3333333333333333,0.5163977794943223,6,0.210818510677892
Opus+Sol,Opus,2,game_myth,1,column 19,0.16666666666666666,0.408248290463863,6,0.16666666666666669
Opus+Sol,Opus,2,game_myth,1,column 2,0.16666666666666666,0.408248290463863,6,0.16666666666666669
Opus+Sol,Opus,2,game_myth,1,column 3,0.6666666666666666,0.5163977794943222,6,0.21081851067789195
Opus+Sol,Opus,2,game_myth,1,column 4,0.3333333333333333,0.5163977794943222,6,0.21081851067789195
Opus+Sol,Opus,2,game_myth,1,column 5,0.8333333333333334,0.408248290463863,6,0.16666666666666669
Opus+Sol,Opus,2,game_myth,1,column 6,0.0,0.0,6,0.0
Opus+Sol,Opus,2,game_myth,1,column 7,0.0,0.0,6,0.0
Opus+Sol,Opus,2,game_myth,1,column 8,0.0,0.0,6,0.0
Opus+Sol,Opus,2,game_myth,1,column 9,0.16666666666666666,0.408248290463863,6,0.16666666666666669
Opus+Sol,Opus,2,game_myth,1,main: clarity_distortion,0.16666666666666666,0.408248290463863,6,0.16666666666666669
Opus+Sol,Opus,2,game_myth,1,main: cooperation_betrayal,0.0,0.0,6,0.0
Opus+Sol,Opus,2,game_myth,1,main: giving_hoarding,0.6666666666666666,0.5163977794943223,6,0.210818510677892
Opus+Sol,Opus,2,game_myth,1,main: high_low,0.0,0.0,6,0.0
Opus+Sol,Opus,2,game_myth,1,main: honesty_deception,0.0,0.0,6,0.0
Opus+Sol,Opus,2,game_myth,1,main: human_divine,0.0,0.0,6,0.0
Opus+Sol,Opus,2,game_myth,1,main: individual_community,0.0,0.0,6,0.0
Opus+Sol,Opus,2,game_myth,1,main: life_death,0.0,0.0,6,0.0
Opus+Sol,Opus,2,game_myth,1,main: light_dark,0.0,0.0,6,0.0
Opus+Sol,Opus,2,game_myth,1,main: nature_culture,0.0,0.0,6,0.0
Opus+Sol,Opus,2,game_myth,1,main: order_chaos,0.0,0.0,6,0.0
Opus+Sol,Opus,2,game_myth,1,main: other,0.0,0.0,6,0.0
Opus+Sol,Opus,2,game_myth,1,main: punishment_forgiveness,0.0,0.0,6,0.0
Opus+Sol,Opus,2,game_myth,1,main: scarcity_abundance,0.0,0.0,6,0.0
Opus+Sol,Opus,2,game_myth,1,main: trust_fear,0.16666666666666666,0.408248290463863,6,0.16666666666666669
Opus+Sol,Opus,2,game_myth,1,mediator present,0.6666666666666666,0.5163977794943222,6,0.21081851067789195
Opus+Sol,Opus,2,game_myth,1,resolution: balanced middle,0.0,0.0,6,0.0
Opus+Sol,Opus,2,game_myth,1,resolution: mediated,0.6666666666666666,0.5163977794943222,6,0.21081851067789195
Opus+Sol,Opus,2,game_myth,1,resolution: one pole wins,0.3333333333333333,0.5163977794943222,6,0.21081851067789195
Opus+Sol,Opus,2,game_myth,1,role inversion,0.0,0.0,6,0.0
Opus+Sol,Opus,2,game_myth,2,any: clarity_distortion,0.5,0.5477225575051661,6,0.22360679774997896
Opus+Sol,Opus,2,game_myth,2,any: cooperation_betrayal,0.3333333333333333,0.5163977794943223,6,0.210818510677892
Opus+Sol,Opus,2,game_myth,2,any: giving_hoarding,1.0,0.0,6,0.0
Opus+Sol,Opus,2,game_myth,2,any: high_low,0.0,0.0,6,0.0
Opus+Sol,Opus,2,game_myth,2,any: honesty_deception,0.0,0.0,6,0.0
Opus+Sol,Opus,2,game_myth,2,any: human_divine,0.0,0.0,6,0.0
Opus+Sol,Opus,2,game_myth,2,any: individual_community,0.3333333333333333,0.5163977794943222,6,0.21081851067789195
Opus+Sol,Opus,2,game_myth,2,any: life_death,0.0,0.0,6,0.0
Opus+Sol,Opus,2,game_myth,2,any: light_dark,0.0,0.0,6,0.0
Opus+Sol,Opus,2,game_myth,2,any: nature_culture,0.0,0.0,6,0.0
Opus+Sol,Opus,2,game_myth,2,any: order_chaos,0.0,0.0,6,0.0
Opus+Sol,Opus,2,game_myth,2,any: other,0.0,0.0,6,0.0
Opus+Sol,Opus,2,game_myth,2,any: punishment_forgiveness,0.0,0.0,6,0.0
Opus+Sol,Opus,2,game_myth,2,any: scarcity_abundance,0.0,0.0,6,0.0
Opus+Sol,Opus,2,game_myth,2,any: trust_fear,0.8333333333333334,0.408248290463863,6,0.16666666666666669
Opus+Sol,Opus,2,game_myth,2,arc: improves,0.8333333333333334,0.408248290463863,6,0.16666666666666669
Opus+Sol,Opus,2,game_myth,2,arc: restored,0.0,0.0,6,0.0
Opus+Sol,Opus,2,game_myth,2,arc: stable order,0.16666666666666666,0.408248290463863,6,0.16666666666666669
Opus+Sol,Opus,2,game_myth,2,column 0,0.3333333333333333,0.5163977794943222,6,0.21081851067789195
Opus+Sol,Opus,2,game_myth,2,column 1,0.3333333333333333,0.5163977794943223,6,0.210818510677892
Opus+Sol,Opus,2,game_myth,2,column 10,0.3333333333333333,0.5163977794943222,6,0.21081851067789195
Opus+Sol,Opus,2,game_myth,2,column 11,0.16666666666666666,0.408248290463863,6,0.16666666666666669
Opus+Sol,Opus,2,game_myth,2,column 12,0.0,0.0,6,0.0
Opus+Sol,Opus,2,game_myth,2,column 13,0.0,0.0,6,0.0
Opus+Sol,Opus,2,game_myth,2,column 14,0.0,0.0,6,0.0
Opus+Sol,Opus,2,game_myth,2,column 15,0.16666666666666666,0.408248290463863,6,0.16666666666666669
Opus+Sol,Opus,2,game_myth,2,column 16,0.5,0.5477225575051661,6,0.22360679774997896
Opus+Sol,Opus,2,game_myth,2,column 17,0.16666666666666666,0.408248290463863,6,0.16666666666666669
Opus+Sol,Opus,2,game_myth,2,column 18,0.16666666666666666,0.408248290463863,6,0.16666666666666669
Opus+Sol,Opus,2,game_myth,2,column 19,0.5,0.5477225575051661,6,0.22360679774997896
Opus+Sol,Opus,2,game_myth,2,column 2,0.16666666666666666,0.408248290463863,6,0.16666666666666669
Opus+Sol,Opus,2,game_myth,2,column 3,0.6666666666666666,0.5163977794943223,6,0.210818510677892
Opus+Sol,Opus,2,game_myth,2,column 4,0.16666666666666666,0.408248290463863,6,0.16666666666666669
Opus+Sol,Opus,2,game_myth,2,column 5,0.6666666666666666,0.5163977794943223,6,0.210818510677892
Opus+Sol,Opus,2,game_myth,2,column 6,0.16666666666666666,0.408248290463863,6,0.16666666666666669
Opus+Sol,Opus,2,game_myth,2,column 7,0.3333333333333333,0.5163977794943222,6,0.21081851067789195
Opus+Sol,Opus,2,game_myth,2,column 8,0.0,0.0,6,0.0
Opus+Sol,Opus,2,game_myth,2,column 9,0.16666666666666666,0.408248290463863,6,0.16666666666666669
Opus+Sol,Opus,2,game_myth,2,main: clarity_distortion,0.0,0.0,6,0.0
Opus+Sol,Opus,2,game_myth,2,main: cooperation_betrayal,0.0,0.0,6,0.0
Opus+Sol,Opus,2,game_myth,2,main: giving_hoarding,1.0,0.0,6,0.0
Opus+Sol,Opus,2,game_myth,2,main: high_low,0.0,0.0,6,0.0
Opus+Sol,Opus,2,game_myth,2,main: honesty_deception,0.0,0.0,6,0.0
Opus+Sol,Opus,2,game_myth,2,main: human_divine,0.0,0.0,6,0.0
Opus+Sol,Opus,2,game_myth,2,main: individual_community,0.0,0.0,6,0.0
Opus+Sol,Opus,2,game_myth,2,main: life_death,0.0,0.0,6,0.0
Opus+Sol,Opus,2,game_myth,2,main: light_dark,0.0,0.0,6,0.0
Opus+Sol,Opus,2,game_myth,2,main: nature_culture,0.0,0.0,6,0.0
Opus+Sol,Opus,2,game_myth,2,main: order_chaos,0.0,0.0,6,0.0
Opus+Sol,Opus,2,game_myth,2,main: other,0.0,0.0,6,0.0
Opus+Sol,Opus,2,game_myth,2,main: punishment_forgiveness,0.0,0.0,6,0.0
Opus+Sol,Opus,2,game_myth,2,main: scarcity_abundance,0.0,0.0,6,0.0
Opus+Sol,Opus,2,game_myth,2,main: trust_fear,0.0,0.0,6,0.0
Opus+Sol,Opus,2,game_myth,2,mediator present,0.5,0.5477225575051662,6,0.22360679774997902
Opus+Sol,Opus,2,game_myth,2,resolution: balanced middle,0.16666666666666666,0.408248290463863,6,0.16666666666666669
Opus+Sol,Opus,2,game_myth,2,resolution: mediated,0.5,0.5477225575051662,6,0.22360679774997902
Opus+Sol,Opus,2,game_myth,2,resolution: one pole wins,0.3333333333333333,0.5163977794943222,6,0.21081851067789195
Opus+Sol,Opus,2,game_myth,2,role inversion,0.0,0.0,6,0.0
Opus+Sol,Opus,2,game_myth,5,any: clarity_distortion,0.3333333333333333,0.5163977794943222,6,0.21081851067789195
Opus+Sol,Opus,2,game_myth,5,any: cooperation_betrayal,0.5,0.5477225575051661,6,0.22360679774997896
Opus+Sol,Opus,2,game_myth,5,any: giving_hoarding,0.6666666666666666,0.5163977794943223,6,0.210818510677892
Opus+Sol,Opus,2,game_myth,5,any: high_low,0.0,0.0,6,0.0
Opus+Sol,Opus,2,game_myth,5,any: honesty_deception,0.0,0.0,6,0.0
Opus+Sol,Opus,2,game_myth,5,any: human_divine,0.0,0.0,6,0.0
Opus+Sol,Opus,2,game_myth,5,any: individual_community,0.0,0.0,6,0.0
Opus+Sol,Opus,2,game_myth,5,any: life_death,0.0,0.0,6,0.0
Opus+Sol,Opus,2,game_myth,5,any: light_dark,0.0,0.0,6,0.0
Opus+Sol,Opus,2,game_myth,5,any: nature_culture,0.0,0.0,6,0.0
Opus+Sol,Opus,2,game_myth,5,any: order_chaos,0.16666666666666666,0.408248290463863,6,0.16666666666666669
Opus+Sol,Opus,2,game_myth,5,any: other,0.0,0.0,6,0.0
Opus+Sol,Opus,2,game_myth,5,any: punishment_forgiveness,0.3333333333333333,0.5163977794943223,6,0.210818510677892
Opus+Sol,Opus,2,game_myth,5,any: scarcity_abundance,0.3333333333333333,0.5163977794943223,6,0.210818510677892
Opus+Sol,Opus,2,game_myth,5,any: trust_fear,0.6666666666666666,0.5163977794943222,6,0.21081851067789195
Opus+Sol,Opus,2,game_myth,5,arc: improves,0.16666666666666666,0.408248290463863,6,0.16666666666666669
Opus+Sol,Opus,2,game_myth,5,arc: restored,0.16666666666666666,0.408248290463863,6,0.16666666666666669
Opus+Sol,Opus,2,game_myth,5,arc: stable order,0.6666666666666666,0.5163977794943222,6,0.21081851067789195
Opus+Sol,Opus,2,game_myth,5,column 0,0.8333333333333334,0.408248290463863,6,0.16666666666666669
Opus+Sol,Opus,2,game_myth,5,column 1,0.16666666666666666,0.408248290463863,6,0.16666666666666669
Opus+Sol,Opus,2,game_myth,5,column 10,0.5,0.5477225575051661,6,0.22360679774997896
Opus+Sol,Opus,2,game_myth,5,column 11,0.16666666666666666,0.408248290463863,6,0.16666666666666669
Opus+Sol,Opus,2,game_myth,5,column 12,0.0,0.0,6,0.0
Opus+Sol,Opus,2,game_myth,5,column 13,0.0,0.0,6,0.0
Opus+Sol,Opus,2,game_myth,5,column 14,0.0,0.0,6,0.0
Opus+Sol,Opus,2,game_myth,5,column 15,0.5,0.5477225575051661,6,0.22360679774997896
Opus+Sol,Opus,2,game_myth,5,column 16,0.0,0.0,6,0.0
Opus+Sol,Opus,2,game_myth,5,column 17,0.0,0.0,6,0.0
Opus+Sol,Opus,2,game_myth,5,column 18,0.3333333333333333,0.5163977794943222,6,0.21081851067789195
Opus+Sol,Opus,2,game_myth,5,column 19,0.3333333333333333,0.5163977794943223,6,0.210818510677892
Opus+Sol,Opus,2,game_myth,5,column 2,0.0,0.0,6,0.0
Opus+Sol,Opus,2,game_myth,5,column 3,0.5,0.5477225575051661,6,0.22360679774997896
Opus+Sol,Opus,2,game_myth,5,column 4,0.3333333333333333,0.5163977794943222,6,0.21081851067789195
Opus+Sol,Opus,2,game_myth,5,column 5,0.3333333333333333,0.5163977794943223,6,0.210818510677892
Opus+Sol,Opus,2,game_myth,5,column 6,0.0,0.0,6,0.0
Opus+Sol,Opus,2,game_myth,5,column 7,0.16666666666666666,0.408248290463863,6,0.16666666666666669
Opus+Sol,Opus,2,game_myth,5,column 8,0.16666666666666666,0.408248290463863,6,0.16666666666666669
Opus+Sol,Opus,2,game_myth,5,column 9,0.16666666666666666,0.408248290463863,6,0.16666666666666669
Opus+Sol,Opus,2,game_myth,5,main: clarity_distortion,0.16666666666666666,0.408248290463863,6,0.16666666666666669
Opus+Sol,Opus,2,game_myth,5,main: cooperation_betrayal,0.16666666666666666,0.408248290463863,6,0.16666666666666669
Opus+Sol,Opus,2,game_myth,5,main: giving_hoarding,0.5,0.5477225575051661,6,0.22360679774997896
Opus+Sol,Opus,2,game_myth,5,main: high_low,0.0,0.0,6,0.0
Opus+Sol,Opus,2,game_myth,5,main: honesty_deception,0.0,0.0,6,0.0
Opus+Sol,Opus,2,game_myth,5,main: human_divine,0.0,0.0,6,0.0
Opus+Sol,Opus,2,game_myth,5,main: individual_community,0.0,0.0,6,0.0
Opus+Sol,Opus,2,game_myth,5,main: life_death,0.0,0.0,6,0.0
Opus+Sol,Opus,2,game_myth,5,main: light_dark,0.0,0.0,6,0.0
Opus+Sol,Opus,2,game_myth,5,main: nature_culture,0.0,0.0,6,0.0
Opus+Sol,Opus,2,game_myth,5,main: order_chaos,0.0,0.0,6,0.0
Opus+Sol,Opus,2,game_myth,5,main: other,0.0,0.0,6,0.0
Opus+Sol,Opus,2,game_myth,5,main: punishment_forgiveness,0.0,0.0,6,0.0
Opus+Sol,Opus,2,game_myth,5,main: scarcity_abundance,0.16666666666666666,0.408248290463863,6,0.16666666666666669
Opus+Sol,Opus,2,game_myth,5,main: trust_fear,0.0,0.0,6,0.0
Opus+Sol,Opus,2,game_myth,5,mediator present,0.6666666666666666,0.5163977794943222,6,0.21081851067789195
Opus+Sol,Opus,2,game_myth,5,resolution: balanced middle,0.0,0.0,6,0.0
Opus+Sol,Opus,2,game_myth,5,resolution: mediated,0.6666666666666666,0.5163977794943222,6,0.21081851067789195
Opus+Sol,Opus,2,game_myth,5,resolution: one pole wins,0.3333333333333333,0.5163977794943222,6,0.21081851067789195
Opus+Sol,Opus,2,game_myth,5,role inversion,0.0,0.0,6,0.0
Opus+Sol,Opus,2,game_myth,6,any: clarity_distortion,0.16666666666666666,0.408248290463863,6,0.16666666666666669
Opus+Sol,Opus,2,game_myth,6,any: cooperation_betrayal,0.5,0.5477225575051661,6,0.22360679774997896
Opus+Sol,Opus,2,game_myth,6,any: giving_hoarding,1.0,0.0,6,0.0
Opus+Sol,Opus,2,game_myth,6,any: high_low,0.0,0.0,6,0.0
Opus+Sol,Opus,2,game_myth,6,any: honesty_deception,0.16666666666666666,0.408248290463863,6,0.16666666666666669
Opus+Sol,Opus,2,game_myth,6,any: human_divine,0.0,0.0,6,0.0
Opus+Sol,Opus,2,game_myth,6,any: individual_community,0.0,0.0,6,0.0
Opus+Sol,Opus,2,game_myth,6,any: life_death,0.0,0.0,6,0.0
Opus+Sol,Opus,2,game_myth,6,any: light_dark,0.16666666666666666,0.408248290463863,6,0.16666666666666669
Opus+Sol,Opus,2,game_myth,6,any: nature_culture,0.0,0.0,6,0.0
Opus+Sol,Opus,2,game_myth,6,any: order_chaos,0.0,0.0,6,0.0
Opus+Sol,Opus,2,game_myth,6,any: other,0.0,0.0,6,0.0
Opus+Sol,Opus,2,game_myth,6,any: punishment_forgiveness,0.16666666666666666,0.408248290463863,6,0.16666666666666669
Opus+Sol,Opus,2,game_myth,6,any: scarcity_abundance,0.0,0.0,6,0.0
Opus+Sol,Opus,2,game_myth,6,any: trust_fear,0.8333333333333334,0.408248290463863,6,0.16666666666666669
Opus+Sol,Opus,2,game_myth,6,arc: improves,0.6666666666666666,0.5163977794943222,6,0.21081851067789195
Opus+Sol,Opus,2,game_myth,6,arc: restored,0.3333333333333333,0.5163977794943222,6,0.21081851067789195
Opus+Sol,Opus,2,game_myth,6,arc: stable order,0.0,0.0,6,0.0
Opus+Sol,Opus,2,game_myth,6,column 0,0.16666666666666666,0.408248290463863,6,0.16666666666666669
Opus+Sol,Opus,2,game_myth,6,column 1,0.16666666666666666,0.408248290463863,6,0.16666666666666669
Opus+Sol,Opus,2,game_myth,6,column 10,0.5,0.5477225575051661,6,0.22360679774997896
Opus+Sol,Opus,2,game_myth,6,column 11,0.3333333333333333,0.5163977794943223,6,0.210818510677892
Opus+Sol,Opus,2,game_myth,6,column 12,0.0,0.0,6,0.0
Opus+Sol,Opus,2,game_myth,6,column 13,0.0,0.0,6,0.0
Opus+Sol,Opus,2,game_myth,6,column 14,0.3333333333333333,0.5163977794943222,6,0.21081851067789195
Opus+Sol,Opus,2,game_myth,6,column 15,0.16666666666666666,0.408248290463863,6,0.16666666666666669
Opus+Sol,Opus,2,game_myth,6,column 16,0.0,0.0,6,0.0
Opus+Sol,Opus,2,game_myth,6,column 17,0.16666666666666666,0.408248290463863,6,0.16666666666666669
Opus+Sol,Opus,2,game_myth,6,column 18,0.3333333333333333,0.5163977794943223,6,0.210818510677892
Opus+Sol,Opus,2,game_myth,6,column 19,0.16666666666666666,0.408248290463863,6,0.16666666666666669
Opus+Sol,Opus,2,game_myth,6,column 2,0.16666666666666666,0.408248290463863,6,0.16666666666666669
Opus+Sol,Opus,2,game_myth,6,column 3,0.5,0.5477225575051661,6,0.22360679774997896
Opus+Sol,Opus,2,game_myth,6,column 4,0.16666666666666666,0.408248290463863,6,0.16666666666666669
Opus+Sol,Opus,2,game_myth,6,column 5,0.6666666666666666,0.5163977794943222,6,0.21081851067789195
Opus+Sol,Opus,2,game_myth,6,column 6,0.16666666666666666,0.408248290463863,6,0.16666666666666669
Opus+Sol,Opus,2,game_myth,6,column 7,0.3333333333333333,0.5163977794943222,6,0.21081851067789195
Opus+Sol,Opus,2,game_myth,6,column 8,0.0,0.0,6,0.0
Opus+Sol,Opus,2,game_myth,6,column 9,0.0,0.0,6,0.0
Opus+Sol,Opus,2,game_myth,6,main: clarity_distortion,0.16666666666666666,0.408248290463863,6,0.16666666666666669
Opus+Sol,Opus,2,game_myth,6,main: cooperation_betrayal,0.0,0.0,6,0.0
Opus+Sol,Opus,2,game_myth,6,main: giving_hoarding,0.5,0.5477225575051661,6,0.22360679774997896
Opus+Sol,Opus,2,game_myth,6,main: high_low,0.0,0.0,6,0.0
Opus+Sol,Opus,2,game_myth,6,main: honesty_deception,0.0,0.0,6,0.0
Opus+Sol,Opus,2,game_myth,6,main: human_divine,0.0,0.0,6,0.0
Opus+Sol,Opus,2,game_myth,6,main: individual_community,0.0,0.0,6,0.0
Opus+Sol,Opus,2,game_myth,6,main: life_death,0.0,0.0,6,0.0
Opus+Sol,Opus,2,game_myth,6,main: light_dark,0.0,0.0,6,0.0
Opus+Sol,Opus,2,game_myth,6,main: nature_culture,0.0,0.0,6,0.0
Opus+Sol,Opus,2,game_myth,6,main: order_chaos,0.0,0.0,6,0.0
Opus+Sol,Opus,2,game_myth,6,main: other,0.0,0.0,6,0.0
Opus+Sol,Opus,2,game_myth,6,main: punishment_forgiveness,0.0,0.0,6,0.0
Opus+Sol,Opus,2,game_myth,6,main: scarcity_abundance,0.0,0.0,6,0.0
Opus+Sol,Opus,2,game_myth,6,main: trust_fear,0.3333333333333333,0.5163977794943222,6,0.21081851067789195
Opus+Sol,Opus,2,game_myth,6,mediator present,0.5,0.5477225575051661,6,0.22360679774997896
Opus+Sol,Opus,2,game_myth,6,resolution: balanced middle,0.0,0.0,6,0.0
Opus+Sol,Opus,2,game_myth,6,resolution: mediated,0.5,0.5477225575051661,6,0.22360679774997896
Opus+Sol,Opus,2,game_myth,6,resolution: one pole wins,0.5,0.5477225575051661,6,0.22360679774997896
Opus+Sol,Opus,2,game_myth,6,role inversion,0.16666666666666666,0.408248290463863,6,0.16666666666666669
Opus+Sol,Opus,2,game_myth,9,any: clarity_distortion,0.3333333333333333,0.5163977794943222,6,0.21081851067789195
Opus+Sol,Opus,2,game_myth,9,any: cooperation_betrayal,0.5,0.5477225575051662,6,0.22360679774997902
Opus+Sol,Opus,2,game_myth,9,any: giving_hoarding,0.6666666666666666,0.5163977794943223,6,0.210818510677892
Opus+Sol,Opus,2,game_myth,9,any: high_low,0.0,0.0,6,0.0
Opus+Sol,Opus,2,game_myth,9,any: honesty_deception,0.0,0.0,6,0.0
Opus+Sol,Opus,2,game_myth,9,any: human_divine,0.0,0.0,6,0.0
Opus+Sol,Opus,2,game_myth,9,any: individual_community,0.0,0.0,6,0.0
Opus+Sol,Opus,2,game_myth,9,any: life_death,0.0,0.0,6,0.0
Opus+Sol,Opus,2,game_myth,9,any: light_dark,0.0,0.0,6,0.0
Opus+Sol,Opus,2,game_myth,9,any: nature_culture,0.0,0.0,6,0.0
Opus+Sol,Opus,2,game_myth,9,any: order_chaos,0.0,0.0,6,0.0
Opus+Sol,Opus,2,game_myth,9,any: other,0.16666666666666666,0.408248290463863,6,0.16666666666666669
Opus+Sol,Opus,2,game_myth,9,any: punishment_forgiveness,0.3333333333333333,0.5163977794943223,6,0.210818510677892
Opus+Sol,Opus,2,game_myth,9,any: scarcity_abundance,0.3333333333333333,0.5163977794943222,6,0.21081851067789195
Opus+Sol,Opus,2,game_myth,9,any: trust_fear,0.5,0.5477225575051662,6,0.22360679774997902
Opus+Sol,Opus,2,game_myth,9,arc: improves,0.5,0.5477225575051661,6,0.22360679774997896
Opus+Sol,Opus,2,game_myth,9,arc: restored,0.0,0.0,6,0.0
Opus+Sol,Opus,2,game_myth,9,arc: stable order,0.3333333333333333,0.5163977794943223,6,0.210818510677892
Opus+Sol,Opus,2,game_myth,9,column 0,0.3333333333333333,0.5163977794943222,6,0.21081851067789195
Opus+Sol,Opus,2,game_myth,9,column 1,0.3333333333333333,0.5163977794943223,6,0.210818510677892
Opus+Sol,Opus,2,game_myth,9,column 10,0.5,0.5477225575051661,6,0.22360679774997896
Opus+Sol,Opus,2,game_myth,9,column 11,0.0,0.0,6,0.0
Opus+Sol,Opus,2,game_myth,9,column 12,0.16666666666666666,0.408248290463863,6,0.16666666666666669
Opus+Sol,Opus,2,game_myth,9,column 13,0.16666666666666666,0.408248290463863,6,0.16666666666666669
Opus+Sol,Opus,2,game_myth,9,column 14,0.16666666666666666,0.408248290463863,6,0.16666666666666669
Opus+Sol,Opus,2,game_myth,9,column 15,0.5,0.5477225575051661,6,0.22360679774997896
Opus+Sol,Opus,2,game_myth,9,column 16,0.16666666666666666,0.408248290463863,6,0.16666666666666669
Opus+Sol,Opus,2,game_myth,9,column 17,0.16666666666666666,0.408248290463863,6,0.16666666666666669
Opus+Sol,Opus,2,game_myth,9,column 18,0.16666666666666666,0.408248290463863,6,0.16666666666666669
Opus+Sol,Opus,2,game_myth,9,column 19,0.3333333333333333,0.5163977794943223,6,0.210818510677892
Opus+Sol,Opus,2,game_myth,9,column 2,0.0,0.0,6,0.0
Opus+Sol,Opus,2,game_myth,9,column 3,0.3333333333333333,0.5163977794943223,6,0.210818510677892
Opus+Sol,Opus,2,game_myth,9,column 4,0.5,0.5477225575051661,6,0.22360679774997896
Opus+Sol,Opus,2,game_myth,9,column 5,0.6666666666666666,0.5163977794943222,6,0.21081851067789195
Opus+Sol,Opus,2,game_myth,9,column 6,0.0,0.0,6,0.0
Opus+Sol,Opus,2,game_myth,9,column 7,0.16666666666666666,0.408248290463863,6,0.16666666666666669
Opus+Sol,Opus,2,game_myth,9,column 8,0.0,0.0,6,0.0
Opus+Sol,Opus,2,game_myth,9,column 9,0.0,0.0,6,0.0
Opus+Sol,Opus,2,game_myth,9,main: clarity_distortion,0.0,0.0,6,0.0
Opus+Sol,Opus,2,game_myth,9,main: cooperation_betrayal,0.0,0.0,6,0.0
Opus+Sol,Opus,2,game_myth,9,main: giving_hoarding,0.6666666666666666,0.5163977794943223,6,0.210818510677892
Opus+Sol,Opus,2,game_myth,9,main: high_low,0.0,0.0,6,0.0
Opus+Sol,Opus,2,game_myth,9,main: honesty_deception,0.0,0.0,6,0.0
Opus+Sol,Opus,2,game_myth,9,main: human_divine,0.0,0.0,6,0.0
Opus+Sol,Opus,2,game_myth,9,main: individual_community,0.0,0.0,6,0.0
Opus+Sol,Opus,2,game_myth,9,main: life_death,0.0,0.0,6,0.0
Opus+Sol,Opus,2,game_myth,9,main: light_dark,0.0,0.0,6,0.0
Opus+Sol,Opus,2,game_myth,9,main: nature_culture,0.0,0.0,6,0.0
Opus+Sol,Opus,2,game_myth,9,main: order_chaos,0.0,0.0,6,0.0
Opus+Sol,Opus,2,game_myth,9,main: other,0.16666666666666666,0.408248290463863,6,0.16666666666666669
Opus+Sol,Opus,2,game_myth,9,main: punishment_forgiveness,0.0,0.0,6,0.0
Opus+Sol,Opus,2,game_myth,9,main: scarcity_abundance,0.0,0.0,6,0.0
Opus+Sol,Opus,2,game_myth,9,main: trust_fear,0.16666666666666666,0.408248290463863,6,0.16666666666666669
Opus+Sol,Opus,2,game_myth,9,mediator present,0.6666666666666666,0.5163977794943222,6,0.21081851067789195
Opus+Sol,Opus,2,game_myth,9,resolution: balanced middle,0.0,0.0,6,0.0
Opus+Sol,Opus,2,game_myth,9,resolution: mediated,0.6666666666666666,0.5163977794943222,6,0.21081851067789195
Opus+Sol,Opus,2,game_myth,9,resolution: one pole wins,0.3333333333333333,0.5163977794943222,6,0.21081851067789195
Opus+Sol,Opus,2,game_myth,9,role inversion,0.0,0.0,6,0.0
Opus+Sol,Opus,2,game_myth,10,any: clarity_distortion,0.5,0.5477225575051661,6,0.22360679774997896
Opus+Sol,Opus,2,game_myth,10,any: cooperation_betrayal,0.16666666666666666,0.408248290463863,6,0.16666666666666669
Opus+Sol,Opus,2,game_myth,10,any: giving_hoarding,0.6666666666666666,0.5163977794943223,6,0.210818510677892
Opus+Sol,Opus,2,game_myth,10,any: high_low,0.0,0.0,6,0.0
Opus+Sol,Opus,2,game_myth,10,any: honesty_deception,0.0,0.0,6,0.0
Opus+Sol,Opus,2,game_myth,10,any: human_divine,0.0,0.0,6,0.0
Opus+Sol,Opus,2,game_myth,10,any: individual_community,0.16666666666666666,0.408248290463863,6,0.16666666666666669
Opus+Sol,Opus,2,game_myth,10,any: life_death,0.0,0.0,6,0.0
Opus+Sol,Opus,2,game_myth,10,any: light_dark,0.0,0.0,6,0.0
Opus+Sol,Opus,2,game_myth,10,any: nature_culture,0.0,0.0,6,0.0
Opus+Sol,Opus,2,game_myth,10,any: order_chaos,0.0,0.0,6,0.0
Opus+Sol,Opus,2,game_myth,10,any: other,0.16666666666666666,0.408248290463863,6,0.16666666666666669
Opus+Sol,Opus,2,game_myth,10,any: punishment_forgiveness,0.3333333333333333,0.5163977794943223,6,0.210818510677892
Opus+Sol,Opus,2,game_myth,10,any: scarcity_abundance,0.0,0.0,6,0.0
Opus+Sol,Opus,2,game_myth,10,any: trust_fear,1.0,0.0,6,0.0
Opus+Sol,Opus,2,game_myth,10,arc: improves,0.16666666666666666,0.408248290463863,6,0.16666666666666669
Opus+Sol,Opus,2,game_myth,10,arc: restored,0.16666666666666666,0.408248290463863,6,0.16666666666666669
Opus+Sol,Opus,2,game_myth,10,arc: stable order,0.6666666666666666,0.5163977794943223,6,0.210818510677892
Opus+Sol,Opus,2,game_myth,10,column 0,0.3333333333333333,0.5163977794943223,6,0.210818510677892
Opus+Sol,Opus,2,game_myth,10,column 1,0.0,0.0,6,0.0
Opus+Sol,Opus,2,game_myth,10,column 10,0.6666666666666666,0.5163977794943222,6,0.21081851067789195
Opus+Sol,Opus,2,game_myth,10,column 11,0.16666666666666666,0.408248290463863,6,0.16666666666666669
Opus+Sol,Opus,2,game_myth,10,column 12,0.0,0.0,6,0.0
Opus+Sol,Opus,2,game_myth,10,column 13,0.3333333333333333,0.5163977794943222,6,0.21081851067789195
Opus+Sol,Opus,2,game_myth,10,column 14,0.0,0.0,6,0.0
Opus+Sol,Opus,2,game_myth,10,column 15,0.3333333333333333,0.5163977794943223,6,0.210818510677892
Opus+Sol,Opus,2,game_myth,10,column 16,0.0,0.0,6,0.0
Opus+Sol,Opus,2,game_myth,10,column 17,0.16666666666666666,0.408248290463863,6,0.16666666666666669
Opus+Sol,Opus,2,game_myth,10,column 18,0.16666666666666666,0.408248290463863,6,0.16666666666666669
Opus+Sol,Opus,2,game_myth,10,column 19,0.3333333333333333,0.5163977794943222,6,0.21081851067789195
Opus+Sol,Opus,2,game_myth,10,column 2,0.16666666666666666,0.408248290463863,6,0.16666666666666669
Opus+Sol,Opus,2,game_myth,10,column 3,0.5,0.5477225575051662,6,0.22360679774997902
Opus+Sol,Opus,2,game_myth,10,column 4,0.16666666666666666,0.408248290463863,6,0.16666666666666669
Opus+Sol,Opus,2,game_myth,10,column 5,0.8333333333333334,0.408248290463863,6,0.16666666666666669
Opus+Sol,Opus,2,game_myth,10,column 6,0.0,0.0,6,0.0
Opus+Sol,Opus,2,game_myth,10,column 7,0.3333333333333333,0.5163977794943223,6,0.210818510677892
Opus+Sol,Opus,2,game_myth,10,column 8,0.0,0.0,6,0.0
Opus+Sol,Opus,2,game_myth,10,column 9,0.0,0.0,6,0.0
Opus+Sol,Opus,2,game_myth,10,main: clarity_distortion,0.16666666666666666,0.408248290463863,6,0.16666666666666669
Opus+Sol,Opus,2,game_myth,10,main: cooperation_betrayal,0.0,0.0,6,0.0
Opus+Sol,Opus,2,game_myth,10,main: giving_hoarding,0.5,0.5477225575051661,6,0.22360679774997896
Opus+Sol,Opus,2,game_myth,10,main: high_low,0.0,0.0,6,0.0
Opus+Sol,Opus,2,game_myth,10,main: honesty_deception,0.0,0.0,6,0.0
Opus+Sol,Opus,2,game_myth,10,main: human_divine,0.0,0.0,6,0.0
Opus+Sol,Opus,2,game_myth,10,main: individual_community,0.0,0.0,6,0.0
Opus+Sol,Opus,2,game_myth,10,main: life_death,0.0,0.0,6,0.0
Opus+Sol,Opus,2,game_myth,10,main: light_dark,0.0,0.0,6,0.0
Opus+Sol,Opus,2,game_myth,10,main: nature_culture,0.0,0.0,6,0.0
Opus+Sol,Opus,2,game_myth,10,main: order_chaos,0.0,0.0,6,0.0
Opus+Sol,Opus,2,game_myth,10,main: other,0.0,0.0,6,0.0
Opus+Sol,Opus,2,game_myth,10,main: punishment_forgiveness,0.0,0.0,6,0.0
Opus+Sol,Opus,2,game_myth,10,main: scarcity_abundance,0.0,0.0,6,0.0
Opus+Sol,Opus,2,game_myth,10,main: trust_fear,0.3333333333333333,0.5163977794943223,6,0.210818510677892
Opus+Sol,Opus,2,game_myth,10,mediator present,0.3333333333333333,0.5163977794943223,6,0.210818510677892
Opus+Sol,Opus,2,game_myth,10,resolution: balanced middle,0.0,0.0,6,0.0
Opus+Sol,Opus,2,game_myth,10,resolution: mediated,0.3333333333333333,0.5163977794943223,6,0.210818510677892
Opus+Sol,Opus,2,game_myth,10,resolution: one pole wins,0.6666666666666666,0.5163977794943223,6,0.210818510677892
Opus+Sol,Opus,2,game_myth,10,role inversion,0.0,0.0,6,0.0
Opus+Sol,Opus,2,myth_game,1,any: clarity_distortion,0.0,0.0,6,0.0
Opus+Sol,Opus,2,myth_game,1,any: cooperation_betrayal,0.16666666666666666,0.408248290463863,6,0.16666666666666669
Opus+Sol,Opus,2,myth_game,1,any: giving_hoarding,1.0,0.0,6,0.0
Opus+Sol,Opus,2,myth_game,1,any: high_low,0.0,0.0,6,0.0
Opus+Sol,Opus,2,myth_game,1,any: honesty_deception,0.0,0.0,6,0.0
Opus+Sol,Opus,2,myth_game,1,any: human_divine,0.0,0.0,6,0.0
Opus+Sol,Opus,2,myth_game,1,any: individual_community,0.0,0.0,6,0.0
Opus+Sol,Opus,2,myth_game,1,any: life_death,0.0,0.0,6,0.0
Opus+Sol,Opus,2,myth_game,1,any: light_dark,0.0,0.0,6,0.0
Opus+Sol,Opus,2,myth_game,1,any: nature_culture,0.0,0.0,6,0.0
Opus+Sol,Opus,2,myth_game,1,any: order_chaos,0.0,0.0,6,0.0
Opus+Sol,Opus,2,myth_game,1,any: other,0.0,0.0,6,0.0
Opus+Sol,Opus,2,myth_game,1,any: punishment_forgiveness,0.8333333333333334,0.408248290463863,6,0.16666666666666669
Opus+Sol,Opus,2,myth_game,1,any: scarcity_abundance,0.0,0.0,6,0.0
Opus+Sol,Opus,2,myth_game,1,any: trust_fear,1.0,0.0,6,0.0
Opus+Sol,Opus,2,myth_game,1,arc: improves,0.3333333333333333,0.5163977794943222,6,0.21081851067789195
Opus+Sol,Opus,2,myth_game,1,arc: restored,0.6666666666666666,0.5163977794943222,6,0.21081851067789195
Opus+Sol,Opus,2,myth_game,1,arc: stable order,0.0,0.0,6,0.0
Opus+Sol,Opus,2,myth_game,1,column 0,0.3333333333333333,0.5163977794943222,6,0.21081851067789195
Opus+Sol,Opus,2,myth_game,1,column 1,0.16666666666666666,0.408248290463863,6,0.16666666666666669
Opus+Sol,Opus,2,myth_game,1,column 10,0.5,0.5477225575051661,6,0.22360679774997896
Opus+Sol,Opus,2,myth_game,1,column 11,0.0,0.0,6,0.0
Opus+Sol,Opus,2,myth_game,1,column 12,0.0,0.0,6,0.0
Opus+Sol,Opus,2,myth_game,1,column 13,0.3333333333333333,0.5163977794943222,6,0.21081851067789195
Opus+Sol,Opus,2,myth_game,1,column 14,0.5,0.5477225575051661,6,0.22360679774997896
Opus+Sol,Opus,2,myth_game,1,column 15,0.3333333333333333,0.5163977794943222,6,0.21081851067789195
Opus+Sol,Opus,2,myth_game,1,column 16,0.3333333333333333,0.5163977794943222,6,0.21081851067789195
Opus+Sol,Opus,2,myth_game,1,column 17,0.16666666666666666,0.408248290463863,6,0.16666666666666669
Opus+Sol,Opus,2,myth_game,1,column 18,0.3333333333333333,0.5163977794943223,6,0.210818510677892
Opus+Sol,Opus,2,myth_game,1,column 19,0.0,0.0,6,0.0
Opus+Sol,Opus,2,myth_game,1,column 2,0.3333333333333333,0.5163977794943223,6,0.210818510677892
Opus+Sol,Opus,2,myth_game,1,column 3,0.0,0.0,6,0.0
Opus+Sol,Opus,2,myth_game,1,column 4,0.0,0.0,6,0.0
Opus+Sol,Opus,2,myth_game,1,column 5,0.3333333333333333,0.5163977794943222,6,0.21081851067789195
Opus+Sol,Opus,2,myth_game,1,column 6,0.16666666666666666,0.408248290463863,6,0.16666666666666669
Opus+Sol,Opus,2,myth_game,1,column 7,0.16666666666666666,0.408248290463863,6,0.16666666666666669
Opus+Sol,Opus,2,myth_game,1,column 8,0.0,0.0,6,0.0
Opus+Sol,Opus,2,myth_game,1,column 9,0.5,0.5477225575051661,6,0.22360679774997896
Opus+Sol,Opus,2,myth_game,1,main: clarity_distortion,0.0,0.0,6,0.0
Opus+Sol,Opus,2,myth_game,1,main: cooperation_betrayal,0.0,0.0,6,0.0
Opus+Sol,Opus,2,myth_game,1,main: giving_hoarding,0.8333333333333334,0.408248290463863,6,0.16666666666666669
Opus+Sol,Opus,2,myth_game,1,main: high_low,0.0,0.0,6,0.0
Opus+Sol,Opus,2,myth_game,1,main: honesty_deception,0.0,0.0,6,0.0
Opus+Sol,Opus,2,myth_game,1,main: human_divine,0.0,0.0,6,0.0
Opus+Sol,Opus,2,myth_game,1,main: individual_community,0.0,0.0,6,0.0
Opus+Sol,Opus,2,myth_game,1,main: life_death,0.0,0.0,6,0.0
Opus+Sol,Opus,2,myth_game,1,main: light_dark,0.0,0.0,6,0.0
Opus+Sol,Opus,2,myth_game,1,main: nature_culture,0.0,0.0,6,0.0
Opus+Sol,Opus,2,myth_game,1,main: order_chaos,0.0,0.0,6,0.0
Opus+Sol,Opus,2,myth_game,1,main: other,0.0,0.0,6,0.0
Opus+Sol,Opus,2,myth_game,1,main: punishment_forgiveness,0.0,0.0,6,0.0
Opus+Sol,Opus,2,myth_game,1,main: scarcity_abundance,0.0,0.0,6,0.0
Opus+Sol,Opus,2,myth_game,1,main: trust_fear,0.16666666666666666,0.408248290463863,6,0.16666666666666669
Opus+Sol,Opus,2,myth_game,1,mediator present,0.8333333333333334,0.408248290463863,6,0.16666666666666669
Opus+Sol,Opus,2,myth_game,1,resolution: balanced middle,0.0,0.0,6,0.0
Opus+Sol,Opus,2,myth_game,1,resolution: mediated,0.8333333333333334,0.408248290463863,6,0.16666666666666669
Opus+Sol,Opus,2,myth_game,1,resolution: one pole wins,0.16666666666666666,0.408248290463863,6,0.16666666666666669
Opus+Sol,Opus,2,myth_game,1,role inversion,0.0,0.0,6,0.0
Opus+Sol,Opus,2,myth_game,2,any: clarity_distortion,0.3333333333333333,0.5163977794943222,6,0.21081851067789195
Opus+Sol,Opus,2,myth_game,2,any: cooperation_betrayal,0.0,0.0,6,0.0
Opus+Sol,Opus,2,myth_game,2,any: giving_hoarding,1.0,0.0,6,0.0
Opus+Sol,Opus,2,myth_game,2,any: high_low,0.0,0.0,6,0.0
Opus+Sol,Opus,2,myth_game,2,any: honesty_deception,0.0,0.0,6,0.0
Opus+Sol,Opus,2,myth_game,2,any: human_divine,0.0,0.0,6,0.0
Opus+Sol,Opus,2,myth_game,2,any: individual_community,0.0,0.0,6,0.0
Opus+Sol,Opus,2,myth_game,2,any: life_death,0.0,0.0,6,0.0
Opus+Sol,Opus,2,myth_game,2,any: light_dark,0.0,0.0,6,0.0
Opus+Sol,Opus,2,myth_game,2,any: nature_culture,0.0,0.0,6,0.0
Opus+Sol,Opus,2,myth_game,2,any: order_chaos,0.0,0.0,6,0.0
Opus+Sol,Opus,2,myth_game,2,any: other,0.0,0.0,6,0.0
Opus+Sol,Opus,2,myth_game,2,any: punishment_forgiveness,0.5,0.5477225575051662,6,0.22360679774997902
Opus+Sol,Opus,2,myth_game,2,any: scarcity_abundance,0.16666666666666666,0.408248290463863,6,0.16666666666666669
Opus+Sol,Opus,2,myth_game,2,any: trust_fear,1.0,0.0,6,0.0
Opus+Sol,Opus,2,myth_game,2,arc: improves,0.5,0.5477225575051661,6,0.22360679774997896
Opus+Sol,Opus,2,myth_game,2,arc: restored,0.0,0.0,6,0.0
Opus+Sol,Opus,2,myth_game,2,arc: stable order,0.5,0.5477225575051661,6,0.22360679774997896
Opus+Sol,Opus,2,myth_game,2,column 0,0.5,0.5477225575051661,6,0.22360679774997896
Opus+Sol,Opus,2,myth_game,2,column 1,0.3333333333333333,0.5163977794943223,6,0.210818510677892
Opus+Sol,Opus,2,myth_game,2,column 10,0.3333333333333333,0.5163977794943222,6,0.21081851067789195
Opus+Sol,Opus,2,myth_game,2,column 11,0.16666666666666666,0.408248290463863,6,0.16666666666666669
Opus+Sol,Opus,2,myth_game,2,column 12,0.16666666666666666,0.408248290463863,6,0.16666666666666669
Opus+Sol,Opus,2,myth_game,2,column 13,0.16666666666666666,0.408248290463863,6,0.16666666666666669
Opus+Sol,Opus,2,myth_game,2,column 14,0.16666666666666666,0.408248290463863,6,0.16666666666666669
Opus+Sol,Opus,2,myth_game,2,column 15,0.3333333333333333,0.5163977794943222,6,0.21081851067789195
Opus+Sol,Opus,2,myth_game,2,column 16,0.0,0.0,6,0.0
Opus+Sol,Opus,2,myth_game,2,column 17,0.5,0.5477225575051662,6,0.22360679774997902
Opus+Sol,Opus,2,myth_game,2,column 18,0.16666666666666666,0.408248290463863,6,0.16666666666666669
Opus+Sol,Opus,2,myth_game,2,column 19,0.0,0.0,6,0.0
Opus+Sol,Opus,2,myth_game,2,column 2,0.3333333333333333,0.5163977794943222,6,0.21081851067789195
Opus+Sol,Opus,2,myth_game,2,column 3,0.16666666666666666,0.408248290463863,6,0.16666666666666669
Opus+Sol,Opus,2,myth_game,2,column 4,0.3333333333333333,0.5163977794943223,6,0.210818510677892
Opus+Sol,Opus,2,myth_game,2,column 5,0.16666666666666666,0.408248290463863,6,0.16666666666666669
Opus+Sol,Opus,2,myth_game,2,column 6,0.0,0.0,6,0.0
Opus+Sol,Opus,2,myth_game,2,column 7,0.5,0.5477225575051661,6,0.22360679774997896
Opus+Sol,Opus,2,myth_game,2,column 8,0.0,0.0,6,0.0
Opus+Sol,Opus,2,myth_game,2,column 9,0.0,0.0,6,0.0
Opus+Sol,Opus,2,myth_game,2,main: clarity_distortion,0.0,0.0,6,0.0
Opus+Sol,Opus,2,myth_game,2,main: cooperation_betrayal,0.0,0.0,6,0.0
Opus+Sol,Opus,2,myth_game,2,main: giving_hoarding,0.6666666666666666,0.5163977794943223,6,0.210818510677892
Opus+Sol,Opus,2,myth_game,2,main: high_low,0.0,0.0,6,0.0
Opus+Sol,Opus,2,myth_game,2,main: honesty_deception,0.0,0.0,6,0.0
Opus+Sol,Opus,2,myth_game,2,main: human_divine,0.0,0.0,6,0.0
Opus+Sol,Opus,2,myth_game,2,main: individual_community,0.0,0.0,6,0.0
Opus+Sol,Opus,2,myth_game,2,main: life_death,0.0,0.0,6,0.0
Opus+Sol,Opus,2,myth_game,2,main: light_dark,0.0,0.0,6,0.0
Opus+Sol,Opus,2,myth_game,2,main: nature_culture,0.0,0.0,6,0.0
Opus+Sol,Opus,2,myth_game,2,main: order_chaos,0.0,0.0,6,0.0
Opus+Sol,Opus,2,myth_game,2,main: other,0.0,0.0,6,0.0
Opus+Sol,Opus,2,myth_game,2,main: punishment_forgiveness,0.0,0.0,6,0.0
Opus+Sol,Opus,2,myth_game,2,main: scarcity_abundance,0.0,0.0,6,0.0
Opus+Sol,Opus,2,myth_game,2,main: trust_fear,0.3333333333333333,0.5163977794943223,6,0.210818510677892
Opus+Sol,Opus,2,myth_game,2,mediator present,0.8333333333333334,0.408248290463863,6,0.16666666666666669
Opus+Sol,Opus,2,myth_game,2,resolution: balanced middle,0.0,0.0,6,0.0
Opus+Sol,Opus,2,myth_game,2,resolution: mediated,0.8333333333333334,0.408248290463863,6,0.16666666666666669
Opus+Sol,Opus,2,myth_game,2,resolution: one pole wins,0.16666666666666666,0.408248290463863,6,0.16666666666666669
Opus+Sol,Opus,2,myth_game,2,role inversion,0.0,0.0,6,0.0
Opus+Sol,Opus,2,myth_game,5,any: clarity_distortion,0.0,0.0,6,0.0
Opus+Sol,Opus,2,myth_game,5,any: cooperation_betrayal,0.5,0.5477225575051661,6,0.22360679774997896
Opus+Sol,Opus,2,myth_game,5,any: giving_hoarding,0.8333333333333334,0.408248290463863,6,0.16666666666666669
Opus+Sol,Opus,2,myth_game,5,any: high_low,0.0,0.0,6,0.0
Opus+Sol,Opus,2,myth_game,5,any: honesty_deception,0.0,0.0,6,0.0
Opus+Sol,Opus,2,myth_game,5,any: human_divine,0.0,0.0,6,0.0
Opus+Sol,Opus,2,myth_game,5,any: individual_community,0.0,0.0,6,0.0
Opus+Sol,Opus,2,myth_game,5,any: life_death,0.0,0.0,6,0.0
Opus+Sol,Opus,2,myth_game,5,any: light_dark,0.0,0.0,6,0.0
Opus+Sol,Opus,2,myth_game,5,any: nature_culture,0.0,0.0,6,0.0
Opus+Sol,Opus,2,myth_game,5,any: order_chaos,0.0,0.0,6,0.0
Opus+Sol,Opus,2,myth_game,5,any: other,0.0,0.0,6,0.0
Opus+Sol,Opus,2,myth_game,5,any: punishment_forgiveness,0.3333333333333333,0.5163977794943222,6,0.21081851067789195
Opus+Sol,Opus,2,myth_game,5,any: scarcity_abundance,0.3333333333333333,0.5163977794943223,6,0.210818510677892
Opus+Sol,Opus,2,myth_game,5,any: trust_fear,1.0,0.0,6,0.0
Opus+Sol,Opus,2,myth_game,5,arc: improves,0.3333333333333333,0.5163977794943223,6,0.210818510677892
Opus+Sol,Opus,2,myth_game,5,arc: restored,0.0,0.0,6,0.0
Opus+Sol,Opus,2,myth_game,5,arc: stable order,0.3333333333333333,0.5163977794943222,6,0.21081851067789195
Opus+Sol,Opus,2,myth_game,5,column 0,0.16666666666666666,0.408248290463863,6,0.16666666666666669
Opus+Sol,Opus,2,myth_game,5,column 1,0.16666666666666666,0.408248290463863,6,0.16666666666666669
Opus+Sol,Opus,2,myth_game,5,column 10,0.5,0.5477225575051661,6,0.22360679774997896
Opus+Sol,Opus,2,myth_game,5,column 11,0.16666666666666666,0.408248290463863,6,0.16666666666666669
Opus+Sol,Opus,2,myth_game,5,column 12,0.16666666666666666,0.408248290463863,6,0.16666666666666669
Opus+Sol,Opus,2,myth_game,5,column 13,0.16666666666666666,0.408248290463863,6,0.16666666666666669
Opus+Sol,Opus,2,myth_game,5,column 14,0.16666666666666666,0.408248290463863,6,0.16666666666666669
Opus+Sol,Opus,2,myth_game,5,column 15,0.16666666666666666,0.408248290463863,6,0.16666666666666669
Opus+Sol,Opus,2,myth_game,5,column 16,0.3333333333333333,0.5163977794943222,6,0.21081851067789195
Opus+Sol,Opus,2,myth_game,5,column 17,0.0,0.0,6,0.0
Opus+Sol,Opus,2,myth_game,5,column 18,0.16666666666666666,0.408248290463863,6,0.16666666666666669
Opus+Sol,Opus,2,myth_game,5,column 19,0.5,0.5477225575051661,6,0.22360679774997896
Opus+Sol,Opus,2,myth_game,5,column 2,0.5,0.5477225575051661,6,0.22360679774997896
Opus+Sol,Opus,2,myth_game,5,column 3,0.5,0.5477225575051661,6,0.22360679774997896
Opus+Sol,Opus,2,myth_game,5,column 4,0.3333333333333333,0.5163977794943223,6,0.210818510677892
Opus+Sol,Opus,2,myth_game,5,column 5,0.5,0.5477225575051661,6,0.22360679774997896
Opus+Sol,Opus,2,myth_game,5,column 6,0.0,0.0,6,0.0
Opus+Sol,Opus,2,myth_game,5,column 7,0.3333333333333333,0.5163977794943223,6,0.210818510677892
Opus+Sol,Opus,2,myth_game,5,column 8,0.0,0.0,6,0.0
Opus+Sol,Opus,2,myth_game,5,column 9,0.0,0.0,6,0.0
Opus+Sol,Opus,2,myth_game,5,main: clarity_distortion,0.0,0.0,6,0.0
Opus+Sol,Opus,2,myth_game,5,main: cooperation_betrayal,0.0,0.0,6,0.0
Opus+Sol,Opus,2,myth_game,5,main: giving_hoarding,0.6666666666666666,0.5163977794943222,6,0.21081851067789195
Opus+Sol,Opus,2,myth_game,5,main: high_low,0.0,0.0,6,0.0
Opus+Sol,Opus,2,myth_game,5,main: honesty_deception,0.0,0.0,6,0.0
Opus+Sol,Opus,2,myth_game,5,main: human_divine,0.0,0.0,6,0.0
Opus+Sol,Opus,2,myth_game,5,main: individual_community,0.0,0.0,6,0.0
Opus+Sol,Opus,2,myth_game,5,main: life_death,0.0,0.0,6,0.0
Opus+Sol,Opus,2,myth_game,5,main: light_dark,0.0,0.0,6,0.0
Opus+Sol,Opus,2,myth_game,5,main: nature_culture,0.0,0.0,6,0.0
Opus+Sol,Opus,2,myth_game,5,main: order_chaos,0.0,0.0,6,0.0
Opus+Sol,Opus,2,myth_game,5,main: other,0.0,0.0,6,0.0
Opus+Sol,Opus,2,myth_game,5,main: punishment_forgiveness,0.16666666666666666,0.408248290463863,6,0.16666666666666669
Opus+Sol,Opus,2,myth_game,5,main: scarcity_abundance,0.0,0.0,6,0.0
Opus+Sol,Opus,2,myth_game,5,main: trust_fear,0.16666666666666666,0.408248290463863,6,0.16666666666666669
Opus+Sol,Opus,2,myth_game,5,mediator present,0.6666666666666666,0.5163977794943223,6,0.210818510677892
Opus+Sol,Opus,2,myth_game,5,resolution: balanced middle,0.0,0.0,6,0.0
Opus+Sol,Opus,2,myth_game,5,resolution: mediated,0.6666666666666666,0.5163977794943223,6,0.210818510677892
Opus+Sol,Opus,2,myth_game,5,resolution: one pole wins,0.3333333333333333,0.5163977794943223,6,0.210818510677892
Opus+Sol,Opus,2,myth_game,5,role inversion,0.0,0.0,6,0.0
Opus+Sol,Opus,2,myth_game,6,any: clarity_distortion,0.5,0.5477225575051662,6,0.22360679774997902
Opus+Sol,Opus,2,myth_game,6,any: cooperation_betrayal,0.3333333333333333,0.5163977794943223,6,0.210818510677892
Opus+Sol,Opus,2,myth_game,6,any: giving_hoarding,1.0,0.0,6,0.0
Opus+Sol,Opus,2,myth_game,6,any: high_low,0.0,0.0,6,0.0
Opus+Sol,Opus,2,myth_game,6,any: honesty_deception,0.16666666666666666,0.408248290463863,6,0.16666666666666669
Opus+Sol,Opus,2,myth_game,6,any: human_divine,0.0,0.0,6,0.0
Opus+Sol,Opus,2,myth_game,6,any: individual_community,0.0,0.0,6,0.0
Opus+Sol,Opus,2,myth_game,6,any: life_death,0.0,0.0,6,0.0
Opus+Sol,Opus,2,myth_game,6,any: light_dark,0.0,0.0,6,0.0
Opus+Sol,Opus,2,myth_game,6,any: nature_culture,0.0,0.0,6,0.0
Opus+Sol,Opus,2,myth_game,6,any: order_chaos,0.0,0.0,6,0.0
Opus+Sol,Opus,2,myth_game,6,any: other,0.0,0.0,6,0.0
Opus+Sol,Opus,2,myth_game,6,any: punishment_forgiveness,0.16666666666666666,0.408248290463863,6,0.16666666666666669
Opus+Sol,Opus,2,myth_game,6,any: scarcity_abundance,0.0,0.0,6,0.0
Opus+Sol,Opus,2,myth_game,6,any: trust_fear,0.8333333333333334,0.408248290463863,6,0.16666666666666669
Opus+Sol,Opus,2,myth_game,6,arc: improves,0.6666666666666666,0.5163977794943222,6,0.21081851067789195
Opus+Sol,Opus,2,myth_game,6,arc: restored,0.16666666666666666,0.408248290463863,6,0.16666666666666669
Opus+Sol,Opus,2,myth_game,6,arc: stable order,0.16666666666666666,0.408248290463863,6,0.16666666666666669
Opus+Sol,Opus,2,myth_game,6,column 0,0.3333333333333333,0.5163977794943222,6,0.21081851067789195
Opus+Sol,Opus,2,myth_game,6,column 1,0.5,0.5477225575051662,6,0.22360679774997902
Opus+Sol,Opus,2,myth_game,6,column 10,0.3333333333333333,0.5163977794943222,6,0.21081851067789195
Opus+Sol,Opus,2,myth_game,6,column 11,0.16666666666666666,0.408248290463863,6,0.16666666666666669
Opus+Sol,Opus,2,myth_game,6,column 12,0.16666666666666666,0.408248290463863,6,0.16666666666666669
Opus+Sol,Opus,2,myth_game,6,column 13,0.16666666666666666,0.408248290463863,6,0.16666666666666669
Opus+Sol,Opus,2,myth_game,6,column 14,0.6666666666666666,0.5163977794943222,6,0.21081851067789195
Opus+Sol,Opus,2,myth_game,6,column 15,0.0,0.0,6,0.0
Opus+Sol,Opus,2,myth_game,6,column 16,0.3333333333333333,0.5163977794943222,6,0.21081851067789195
Opus+Sol,Opus,2,myth_game,6,column 17,0.0,0.0,6,0.0
Opus+Sol,Opus,2,myth_game,6,column 18,0.5,0.5477225575051661,6,0.22360679774997896
Opus+Sol,Opus,2,myth_game,6,column 19,0.0,0.0,6,0.0
Opus+Sol,Opus,2,myth_game,6,column 2,0.3333333333333333,0.5163977794943223,6,0.210818510677892
Opus+Sol,Opus,2,myth_game,6,column 3,0.16666666666666666,0.408248290463863,6,0.16666666666666669
Opus+Sol,Opus,2,myth_game,6,column 4,0.5,0.5477225575051661,6,0.22360679774997896
Opus+Sol,Opus,2,myth_game,6,column 5,0.3333333333333333,0.5163977794943223,6,0.210818510677892
Opus+Sol,Opus,2,myth_game,6,column 6,0.16666666666666666,0.408248290463863,6,0.16666666666666669
Opus+Sol,Opus,2,myth_game,6,column 7,0.3333333333333333,0.5163977794943223,6,0.210818510677892
Opus+Sol,Opus,2,myth_game,6,column 8,0.0,0.0,6,0.0
Opus+Sol,Opus,2,myth_game,6,column 9,0.16666666666666666,0.408248290463863,6,0.16666666666666669
Opus+Sol,Opus,2,myth_game,6,main: clarity_distortion,0.16666666666666666,0.408248290463863,6,0.16666666666666669
Opus+Sol,Opus,2,myth_game,6,main: cooperation_betrayal,0.0,0.0,6,0.0
Opus+Sol,Opus,2,myth_game,6,main: giving_hoarding,0.3333333333333333,0.5163977794943222,6,0.21081851067789195
Opus+Sol,Opus,2,myth_game,6,main: high_low,0.0,0.0,6,0.0
Opus+Sol,Opus,2,myth_game,6,main: honesty_deception,0.0,0.0,6,0.0
Opus+Sol,Opus,2,myth_game,6,main: human_divine,0.0,0.0,6,0.0
Opus+Sol,Opus,2,myth_game,6,main: individual_community,0.0,0.0,6,0.0
Opus+Sol,Opus,2,myth_game,6,main: life_death,0.0,0.0,6,0.0
Opus+Sol,Opus,2,myth_game,6,main: light_dark,0.0,0.0,6,0.0
Opus+Sol,Opus,2,myth_game,6,main: nature_culture,0.0,0.0,6,0.0
Opus+Sol,Opus,2,myth_game,6,main: order_chaos,0.0,0.0,6,0.0
Opus+Sol,Opus,2,myth_game,6,main: other,0.0,0.0,6,0.0
Opus+Sol,Opus,2,myth_game,6,main: punishment_forgiveness,0.0,0.0,6,0.0
Opus+Sol,Opus,2,myth_game,6,main: scarcity_abundance,0.0,0.0,6,0.0
Opus+Sol,Opus,2,myth_game,6,main: trust_fear,0.5,0.5477225575051661,6,0.22360679774997896
Opus+Sol,Opus,2,myth_game,6,mediator present,0.5,0.5477225575051661,6,0.22360679774997896
Opus+Sol,Opus,2,myth_game,6,resolution: balanced middle,0.0,0.0,6,0.0
Opus+Sol,Opus,2,myth_game,6,resolution: mediated,0.5,0.5477225575051661,6,0.22360679774997896
Opus+Sol,Opus,2,myth_game,6,resolution: one pole wins,0.5,0.5477225575051661,6,0.22360679774997896
Opus+Sol,Opus,2,myth_game,6,role inversion,0.16666666666666666,0.408248290463863,6,0.16666666666666669
Opus+Sol,Opus,2,myth_game,9,any: clarity_distortion,0.16666666666666666,0.408248290463863,6,0.16666666666666669
Opus+Sol,Opus,2,myth_game,9,any: cooperation_betrayal,0.3333333333333333,0.5163977794943222,6,0.21081851067789195
Opus+Sol,Opus,2,myth_game,9,any: giving_hoarding,1.0,0.0,6,0.0
Opus+Sol,Opus,2,myth_game,9,any: high_low,0.0,0.0,6,0.0
Opus+Sol,Opus,2,myth_game,9,any: honesty_deception,0.0,0.0,6,0.0
Opus+Sol,Opus,2,myth_game,9,any: human_divine,0.0,0.0,6,0.0
Opus+Sol,Opus,2,myth_game,9,any: individual_community,0.3333333333333333,0.5163977794943223,6,0.210818510677892
Opus+Sol,Opus,2,myth_game,9,any: life_death,0.0,0.0,6,0.0
Opus+Sol,Opus,2,myth_game,9,any: light_dark,0.0,0.0,6,0.0
Opus+Sol,Opus,2,myth_game,9,any: nature_culture,0.0,0.0,6,0.0
Opus+Sol,Opus,2,myth_game,9,any: order_chaos,0.0,0.0,6,0.0
Opus+Sol,Opus,2,myth_game,9,any: other,0.0,0.0,6,0.0
Opus+Sol,Opus,2,myth_game,9,any: punishment_forgiveness,0.3333333333333333,0.5163977794943223,6,0.210818510677892
Opus+Sol,Opus,2,myth_game,9,any: scarcity_abundance,0.16666666666666666,0.408248290463863,6,0.16666666666666669
Opus+Sol,Opus,2,myth_game,9,any: trust_fear,0.6666666666666666,0.5163977794943222,6,0.21081851067789195
Opus+Sol,Opus,2,myth_game,9,arc: improves,0.3333333333333333,0.5163977794943223,6,0.210818510677892
Opus+Sol,Opus,2,myth_game,9,arc: restored,0.5,0.5477225575051661,6,0.22360679774997896
Opus+Sol,Opus,2,myth_game,9,arc: stable order,0.16666666666666666,0.408248290463863,6,0.16666666666666669
Opus+Sol,Opus,2,myth_game,9,column 0,0.16666666666666666,0.408248290463863,6,0.16666666666666669
Opus+Sol,Opus,2,myth_game,9,column 1,0.16666666666666666,0.408248290463863,6,0.16666666666666669
Opus+Sol,Opus,2,myth_game,9,column 10,0.8333333333333334,0.408248290463863,6,0.16666666666666669
Opus+Sol,Opus,2,myth_game,9,column 11,0.0,0.0,6,0.0
Opus+Sol,Opus,2,myth_game,9,column 12,0.3333333333333333,0.5163977794943222,6,0.21081851067789195
Opus+Sol,Opus,2,myth_game,9,column 13,0.3333333333333333,0.5163977794943222,6,0.21081851067789195
Opus+Sol,Opus,2,myth_game,9,column 14,0.16666666666666666,0.408248290463863,6,0.16666666666666669
Opus+Sol,Opus,2,myth_game,9,column 15,0.0,0.0,6,0.0
Opus+Sol,Opus,2,myth_game,9,column 16,0.16666666666666666,0.408248290463863,6,0.16666666666666669
Opus+Sol,Opus,2,myth_game,9,column 17,0.16666666666666666,0.408248290463863,6,0.16666666666666669
Opus+Sol,Opus,2,myth_game,9,column 18,0.3333333333333333,0.5163977794943223,6,0.210818510677892
Opus+Sol,Opus,2,myth_game,9,column 19,0.5,0.5477225575051661,6,0.22360679774997896
Opus+Sol,Opus,2,myth_game,9,column 2,0.0,0.0,6,0.0
Opus+Sol,Opus,2,myth_game,9,column 3,0.5,0.5477225575051661,6,0.22360679774997896
Opus+Sol,Opus,2,myth_game,9,column 4,0.5,0.5477225575051661,6,0.22360679774997896
Opus+Sol,Opus,2,myth_game,9,column 5,0.6666666666666666,0.5163977794943222,6,0.21081851067789195
Opus+Sol,Opus,2,myth_game,9,column 6,0.16666666666666666,0.408248290463863,6,0.16666666666666669
Opus+Sol,Opus,2,myth_game,9,column 7,0.16666666666666666,0.408248290463863,6,0.16666666666666669
Opus+Sol,Opus,2,myth_game,9,column 8,0.0,0.0,6,0.0
Opus+Sol,Opus,2,myth_game,9,column 9,0.0,0.0,6,0.0
Opus+Sol,Opus,2,myth_game,9,main: clarity_distortion,0.0,0.0,6,0.0
Opus+Sol,Opus,2,myth_game,9,main: cooperation_betrayal,0.0,0.0,6,0.0
Opus+Sol,Opus,2,myth_game,9,main: giving_hoarding,0.5,0.5477225575051661,6,0.22360679774997896
Opus+Sol,Opus,2,myth_game,9,main: high_low,0.0,0.0,6,0.0
Opus+Sol,Opus,2,myth_game,9,main: honesty_deception,0.0,0.0,6,0.0
Opus+Sol,Opus,2,myth_game,9,main: human_divine,0.0,0.0,6,0.0
Opus+Sol,Opus,2,myth_game,9,main: individual_community,0.16666666666666666,0.408248290463863,6,0.16666666666666669
Opus+Sol,Opus,2,myth_game,9,main: life_death,0.0,0.0,6,0.0
Opus+Sol,Opus,2,myth_game,9,main: light_dark,0.0,0.0,6,0.0
Opus+Sol,Opus,2,myth_game,9,main: nature_culture,0.0,0.0,6,0.0
Opus+Sol,Opus,2,myth_game,9,main: order_chaos,0.0,0.0,6,0.0
Opus+Sol,Opus,2,myth_game,9,main: other,0.0,0.0,6,0.0
Opus+Sol,Opus,2,myth_game,9,main: punishment_forgiveness,0.0,0.0,6,0.0
Opus+Sol,Opus,2,myth_game,9,main: scarcity_abundance,0.0,0.0,6,0.0
Opus+Sol,Opus,2,myth_game,9,main: trust_fear,0.3333333333333333,0.5163977794943223,6,0.210818510677892
Opus+Sol,Opus,2,myth_game,9,mediator present,0.3333333333333333,0.5163977794943222,6,0.21081851067789195
Opus+Sol,Opus,2,myth_game,9,resolution: balanced middle,0.0,0.0,6,0.0
Opus+Sol,Opus,2,myth_game,9,resolution: mediated,0.3333333333333333,0.5163977794943222,6,0.21081851067789195
Opus+Sol,Opus,2,myth_game,9,resolution: one pole wins,0.6666666666666666,0.5163977794943222,6,0.21081851067789195
Opus+Sol,Opus,2,myth_game,9,role inversion,0.0,0.0,6,0.0
Opus+Sol,Opus,2,myth_game,10,any: clarity_distortion,0.3333333333333333,0.5163977794943223,6,0.210818510677892
Opus+Sol,Opus,2,myth_game,10,any: cooperation_betrayal,0.16666666666666666,0.408248290463863,6,0.16666666666666669
Opus+Sol,Opus,2,myth_game,10,any: giving_hoarding,0.5,0.5477225575051661,6,0.22360679774997896
Opus+Sol,Opus,2,myth_game,10,any: high_low,0.0,0.0,6,0.0
Opus+Sol,Opus,2,myth_game,10,any: honesty_deception,0.16666666666666666,0.408248290463863,6,0.16666666666666669
Opus+Sol,Opus,2,myth_game,10,any: human_divine,0.0,0.0,6,0.0
Opus+Sol,Opus,2,myth_game,10,any: individual_community,0.0,0.0,6,0.0
Opus+Sol,Opus,2,myth_game,10,any: life_death,0.0,0.0,6,0.0
Opus+Sol,Opus,2,myth_game,10,any: light_dark,0.0,0.0,6,0.0
Opus+Sol,Opus,2,myth_game,10,any: nature_culture,0.0,0.0,6,0.0
Opus+Sol,Opus,2,myth_game,10,any: order_chaos,0.0,0.0,6,0.0
Opus+Sol,Opus,2,myth_game,10,any: other,0.3333333333333333,0.5163977794943223,6,0.210818510677892
Opus+Sol,Opus,2,myth_game,10,any: punishment_forgiveness,0.3333333333333333,0.5163977794943222,6,0.21081851067789195
Opus+Sol,Opus,2,myth_game,10,any: scarcity_abundance,0.3333333333333333,0.5163977794943222,6,0.21081851067789195
Opus+Sol,Opus,2,myth_game,10,any: trust_fear,0.8333333333333334,0.408248290463863,6,0.16666666666666669
Opus+Sol,Opus,2,myth_game,10,arc: improves,0.5,0.5477225575051662,6,0.22360679774997902
Opus+Sol,Opus,2,myth_game,10,arc: restored,0.16666666666666666,0.408248290463863,6,0.16666666666666669
Opus+Sol,Opus,2,myth_game,10,arc: stable order,0.16666666666666666,0.408248290463863,6,0.16666666666666669
Opus+Sol,Opus,2,myth_game,10,column 0,0.3333333333333333,0.5163977794943223,6,0.210818510677892
Opus+Sol,Opus,2,myth_game,10,column 1,0.3333333333333333,0.5163977794943223,6,0.210818510677892
Opus+Sol,Opus,2,myth_game,10,column 10,0.3333333333333333,0.5163977794943222,6,0.21081851067789195
Opus+Sol,Opus,2,myth_game,10,column 11,0.16666666666666666,0.408248290463863,6,0.16666666666666669
Opus+Sol,Opus,2,myth_game,10,column 12,0.16666666666666666,0.408248290463863,6,0.16666666666666669
Opus+Sol,Opus,2,myth_game,10,column 13,0.0,0.0,6,0.0
Opus+Sol,Opus,2,myth_game,10,column 14,0.16666666666666666,0.408248290463863,6,0.16666666666666669
Opus+Sol,Opus,2,myth_game,10,column 15,0.0,0.0,6,0.0
Opus+Sol,Opus,2,myth_game,10,column 16,0.5,0.5477225575051661,6,0.22360679774997896
Opus+Sol,Opus,2,myth_game,10,column 17,0.3333333333333333,0.5163977794943222,6,0.21081851067789195
Opus+Sol,Opus,2,myth_game,10,column 18,0.5,0.5477225575051661,6,0.22360679774997896
Opus+Sol,Opus,2,myth_game,10,column 19,0.0,0.0,6,0.0
Opus+Sol,Opus,2,myth_game,10,column 2,0.3333333333333333,0.5163977794943223,6,0.210818510677892
Opus+Sol,Opus,2,myth_game,10,column 3,0.16666666666666666,0.408248290463863,6,0.16666666666666669
Opus+Sol,Opus,2,myth_game,10,column 4,0.5,0.5477225575051661,6,0.22360679774997896
Opus+Sol,Opus,2,myth_game,10,column 5,0.5,0.5477225575051661,6,0.22360679774997896
Opus+Sol,Opus,2,myth_game,10,column 6,0.0,0.0,6,0.0
Opus+Sol,Opus,2,myth_game,10,column 7,0.16666666666666666,0.408248290463863,6,0.16666666666666669
Opus+Sol,Opus,2,myth_game,10,column 8,0.0,0.0,6,0.0
Opus+Sol,Opus,2,myth_game,10,column 9,0.0,0.0,6,0.0
Opus+Sol,Opus,2,myth_game,10,main: clarity_distortion,0.0,0.0,6,0.0
Opus+Sol,Opus,2,myth_game,10,main: cooperation_betrayal,0.0,0.0,6,0.0
Opus+Sol,Opus,2,myth_game,10,main: giving_hoarding,0.5,0.5477225575051661,6,0.22360679774997896
Opus+Sol,Opus,2,myth_game,10,main: high_low,0.0,0.0,6,0.0
Opus+Sol,Opus,2,myth_game,10,main: honesty_deception,0.0,0.0,6,0.0
Opus+Sol,Opus,2,myth_game,10,main: human_divine,0.0,0.0,6,0.0
Opus+Sol,Opus,2,myth_game,10,main: individual_community,0.0,0.0,6,0.0
Opus+Sol,Opus,2,myth_game,10,main: life_death,0.0,0.0,6,0.0
Opus+Sol,Opus,2,myth_game,10,main: light_dark,0.0,0.0,6,0.0
Opus+Sol,Opus,2,myth_game,10,main: nature_culture,0.0,0.0,6,0.0
Opus+Sol,Opus,2,myth_game,10,main: order_chaos,0.0,0.0,6,0.0
Opus+Sol,Opus,2,myth_game,10,main: other,0.0,0.0,6,0.0
Opus+Sol,Opus,2,myth_game,10,main: punishment_forgiveness,0.0,0.0,6,0.0
Opus+Sol,Opus,2,myth_game,10,main: scarcity_abundance,0.0,0.0,6,0.0
Opus+Sol,Opus,2,myth_game,10,main: trust_fear,0.5,0.5477225575051661,6,0.22360679774997896
Opus+Sol,Opus,2,myth_game,10,mediator present,0.3333333333333333,0.5163977794943222,6,0.21081851067789195
Opus+Sol,Opus,2,myth_game,10,resolution: balanced middle,0.0,0.0,6,0.0
Opus+Sol,Opus,2,myth_game,10,resolution: mediated,0.3333333333333333,0.5163977794943222,6,0.21081851067789195
Opus+Sol,Opus,2,myth_game,10,resolution: one pole wins,0.6666666666666666,0.5163977794943222,6,0.21081851067789195
Opus+Sol,Opus,2,myth_game,10,role inversion,0.16666666666666666,0.408248290463863,6,0.16666666666666669
Opus+Sol,Sol,2,game_myth,1,any: clarity_distortion,0.16666666666666666,0.408248290463863,6,0.16666666666666669
Opus+Sol,Sol,2,game_myth,1,any: cooperation_betrayal,0.8333333333333334,0.408248290463863,6,0.16666666666666669
Opus+Sol,Sol,2,game_myth,1,any: giving_hoarding,0.8333333333333334,0.408248290463863,6,0.16666666666666669
Opus+Sol,Sol,2,game_myth,1,any: high_low,0.0,0.0,6,0.0
Opus+Sol,Sol,2,game_myth,1,any: honesty_deception,0.0,0.0,6,0.0
Opus+Sol,Sol,2,game_myth,1,any: human_divine,0.0,0.0,6,0.0
Opus+Sol,Sol,2,game_myth,1,any: individual_community,0.16666666666666666,0.408248290463863,6,0.16666666666666669
Opus+Sol,Sol,2,game_myth,1,any: life_death,0.0,0.0,6,0.0
Opus+Sol,Sol,2,game_myth,1,any: light_dark,0.0,0.0,6,0.0
Opus+Sol,Sol,2,game_myth,1,any: nature_culture,0.0,0.0,6,0.0
Opus+Sol,Sol,2,game_myth,1,any: order_chaos,0.0,0.0,6,0.0
Opus+Sol,Sol,2,game_myth,1,any: other,0.0,0.0,6,0.0
Opus+Sol,Sol,2,game_myth,1,any: punishment_forgiveness,0.0,0.0,6,0.0
Opus+Sol,Sol,2,game_myth,1,any: scarcity_abundance,0.0,0.0,6,0.0
Opus+Sol,Sol,2,game_myth,1,any: trust_fear,1.0,0.0,6,0.0
Opus+Sol,Sol,2,game_myth,1,arc: improves,1.0,0.0,6,0.0
Opus+Sol,Sol,2,game_myth,1,arc: restored,0.0,0.0,6,0.0
Opus+Sol,Sol,2,game_myth,1,arc: stable order,0.0,0.0,6,0.0
Opus+Sol,Sol,2,game_myth,1,column 0,0.3333333333333333,0.5163977794943223,6,0.210818510677892
Opus+Sol,Sol,2,game_myth,1,column 1,0.0,0.0,6,0.0
Opus+Sol,Sol,2,game_myth,1,column 10,0.0,0.0,6,0.0
Opus+Sol,Sol,2,game_myth,1,column 11,0.16666666666666666,0.408248290463863,6,0.16666666666666669
Opus+Sol,Sol,2,game_myth,1,column 12,0.5,0.5477225575051661,6,0.22360679774997896
Opus+Sol,Sol,2,game_myth,1,column 13,0.5,0.5477225575051662,6,0.22360679774997902
Opus+Sol,Sol,2,game_myth,1,column 14,0.3333333333333333,0.5163977794943222,6,0.21081851067789195
Opus+Sol,Sol,2,game_myth,1,column 15,0.0,0.0,6,0.0
Opus+Sol,Sol,2,game_myth,1,column 16,0.16666666666666666,0.408248290463863,6,0.16666666666666669
Opus+Sol,Sol,2,game_myth,1,column 17,0.3333333333333333,0.5163977794943223,6,0.210818510677892
Opus+Sol,Sol,2,game_myth,1,column 18,0.8333333333333334,0.408248290463863,6,0.16666666666666669
Opus+Sol,Sol,2,game_myth,1,column 19,0.16666666666666666,0.408248290463863,6,0.16666666666666669
Opus+Sol,Sol,2,game_myth,1,column 2,0.3333333333333333,0.5163977794943222,6,0.21081851067789195
Opus+Sol,Sol,2,game_myth,1,column 3,0.3333333333333333,0.5163977794943223,6,0.210818510677892
Opus+Sol,Sol,2,game_myth,1,column 4,0.0,0.0,6,0.0
Opus+Sol,Sol,2,game_myth,1,column 5,0.16666666666666666,0.408248290463863,6,0.16666666666666669
Opus+Sol,Sol,2,game_myth,1,column 6,0.16666666666666666,0.408248290463863,6,0.16666666666666669
Opus+Sol,Sol,2,game_myth,1,column 7,0.5,0.5477225575051661,6,0.22360679774997896
Opus+Sol,Sol,2,game_myth,1,column 8,0.16666666666666666,0.408248290463863,6,0.16666666666666669
Opus+Sol,Sol,2,game_myth,1,column 9,0.0,0.0,6,0.0
Opus+Sol,Sol,2,game_myth,1,main: clarity_distortion,0.0,0.0,6,0.0
Opus+Sol,Sol,2,game_myth,1,main: cooperation_betrayal,0.0,0.0,6,0.0
Opus+Sol,Sol,2,game_myth,1,main: giving_hoarding,0.5,0.5477225575051661,6,0.22360679774997896
Opus+Sol,Sol,2,game_myth,1,main: high_low,0.0,0.0,6,0.0
Opus+Sol,Sol,2,game_myth,1,main: honesty_deception,0.0,0.0,6,0.0
Opus+Sol,Sol,2,game_myth,1,main: human_divine,0.0,0.0,6,0.0
Opus+Sol,Sol,2,game_myth,1,main: individual_community,0.0,0.0,6,0.0
Opus+Sol,Sol,2,game_myth,1,main: life_death,0.0,0.0,6,0.0
Opus+Sol,Sol,2,game_myth,1,main: light_dark,0.0,0.0,6,0.0
Opus+Sol,Sol,2,game_myth,1,main: nature_culture,0.0,0.0,6,0.0
Opus+Sol,Sol,2,game_myth,1,main: order_chaos,0.0,0.0,6,0.0
Opus+Sol,Sol,2,game_myth,1,main: other,0.0,0.0,6,0.0
Opus+Sol,Sol,2,game_myth,1,main: punishment_forgiveness,0.0,0.0,6,0.0
Opus+Sol,Sol,2,game_myth,1,main: scarcity_abundance,0.0,0.0,6,0.0
Opus+Sol,Sol,2,game_myth,1,main: trust_fear,0.5,0.5477225575051661,6,0.22360679774997896
Opus+Sol,Sol,2,game_myth,1,mediator present,0.8333333333333334,0.408248290463863,6,0.16666666666666669
Opus+Sol,Sol,2,game_myth,1,resolution: balanced middle,0.16666666666666666,0.408248290463863,6,0.16666666666666669
Opus+Sol,Sol,2,game_myth,1,resolution: mediated,0.8333333333333334,0.408248290463863,6,0.16666666666666669
Opus+Sol,Sol,2,game_myth,1,resolution: one pole wins,0.0,0.0,6,0.0
Opus+Sol,Sol,2,game_myth,1,role inversion,0.0,0.0,6,0.0
Opus+Sol,Sol,2,game_myth,2,any: clarity_distortion,0.6666666666666666,0.5163977794943222,6,0.21081851067789195
Opus+Sol,Sol,2,game_myth,2,any: cooperation_betrayal,0.5,0.5477225575051661,6,0.22360679774997896
Opus+Sol,Sol,2,game_myth,2,any: giving_hoarding,1.0,0.0,6,0.0
Opus+Sol,Sol,2,game_myth,2,any: high_low,0.0,0.0,6,0.0
Opus+Sol,Sol,2,game_myth,2,any: honesty_deception,0.0,0.0,6,0.0
Opus+Sol,Sol,2,game_myth,2,any: human_divine,0.0,0.0,6,0.0
Opus+Sol,Sol,2,game_myth,2,any: individual_community,0.0,0.0,6,0.0
Opus+Sol,Sol,2,game_myth,2,any: life_death,0.0,0.0,6,0.0
Opus+Sol,Sol,2,game_myth,2,any: light_dark,0.0,0.0,6,0.0
Opus+Sol,Sol,2,game_myth,2,any: nature_culture,0.0,0.0,6,0.0
Opus+Sol,Sol,2,game_myth,2,any: order_chaos,0.0,0.0,6,0.0
Opus+Sol,Sol,2,game_myth,2,any: other,0.0,0.0,6,0.0
Opus+Sol,Sol,2,game_myth,2,any: punishment_forgiveness,0.16666666666666666,0.408248290463863,6,0.16666666666666669
Opus+Sol,Sol,2,game_myth,2,any: scarcity_abundance,0.0,0.0,6,0.0
Opus+Sol,Sol,2,game_myth,2,any: trust_fear,0.8333333333333334,0.408248290463863,6,0.16666666666666669
Opus+Sol,Sol,2,game_myth,2,arc: improves,1.0,0.0,6,0.0
Opus+Sol,Sol,2,game_myth,2,arc: restored,0.0,0.0,6,0.0
Opus+Sol,Sol,2,game_myth,2,arc: stable order,0.0,0.0,6,0.0
Opus+Sol,Sol,2,game_myth,2,column 0,0.5,0.5477225575051661,6,0.22360679774997896
Opus+Sol,Sol,2,game_myth,2,column 1,0.0,0.0,6,0.0
Opus+Sol,Sol,2,game_myth,2,column 10,0.16666666666666666,0.408248290463863,6,0.16666666666666669
Opus+Sol,Sol,2,game_myth,2,column 11,0.3333333333333333,0.5163977794943223,6,0.210818510677892
Opus+Sol,Sol,2,game_myth,2,column 12,0.3333333333333333,0.5163977794943223,6,0.210818510677892
Opus+Sol,Sol,2,game_myth,2,column 13,0.16666666666666666,0.408248290463863,6,0.16666666666666669
Opus+Sol,Sol,2,game_myth,2,column 14,0.6666666666666666,0.5163977794943222,6,0.21081851067789195
Opus+Sol,Sol,2,game_myth,2,column 15,0.16666666666666666,0.408248290463863,6,0.16666666666666669
Opus+Sol,Sol,2,game_myth,2,column 16,0.0,0.0,6,0.0
Opus+Sol,Sol,2,game_myth,2,column 17,0.16666666666666666,0.408248290463863,6,0.16666666666666669
Opus+Sol,Sol,2,game_myth,2,column 18,0.8333333333333334,0.408248290463863,6,0.16666666666666669
Opus+Sol,Sol,2,game_myth,2,column 19,0.0,0.0,6,0.0
Opus+Sol,Sol,2,game_myth,2,column 2,0.16666666666666666,0.408248290463863,6,0.16666666666666669
Opus+Sol,Sol,2,game_myth,2,column 3,0.5,0.5477225575051661,6,0.22360679774997896
Opus+Sol,Sol,2,game_myth,2,column 4,0.0,0.0,6,0.0
Opus+Sol,Sol,2,game_myth,2,column 5,0.5,0.5477225575051661,6,0.22360679774997896
Opus+Sol,Sol,2,game_myth,2,column 6,0.6666666666666666,0.5163977794943222,6,0.21081851067789195
Opus+Sol,Sol,2,game_myth,2,column 7,0.0,0.0,6,0.0
Opus+Sol,Sol,2,game_myth,2,column 8,0.16666666666666666,0.408248290463863,6,0.16666666666666669
Opus+Sol,Sol,2,game_myth,2,column 9,0.0,0.0,6,0.0
Opus+Sol,Sol,2,game_myth,2,main: clarity_distortion,0.0,0.0,6,0.0
Opus+Sol,Sol,2,game_myth,2,main: cooperation_betrayal,0.0,0.0,6,0.0
Opus+Sol,Sol,2,game_myth,2,main: giving_hoarding,0.8333333333333334,0.408248290463863,6,0.16666666666666669
Opus+Sol,Sol,2,game_myth,2,main: high_low,0.0,0.0,6,0.0
Opus+Sol,Sol,2,game_myth,2,main: honesty_deception,0.0,0.0,6,0.0
Opus+Sol,Sol,2,game_myth,2,main: human_divine,0.0,0.0,6,0.0
Opus+Sol,Sol,2,game_myth,2,main: individual_community,0.0,0.0,6,0.0
Opus+Sol,Sol,2,game_myth,2,main: life_death,0.0,0.0,6,0.0
Opus+Sol,Sol,2,game_myth,2,main: light_dark,0.0,0.0,6,0.0
Opus+Sol,Sol,2,game_myth,2,main: nature_culture,0.0,0.0,6,0.0
Opus+Sol,Sol,2,game_myth,2,main: order_chaos,0.0,0.0,6,0.0
Opus+Sol,Sol,2,game_myth,2,main: other,0.0,0.0,6,0.0
Opus+Sol,Sol,2,game_myth,2,main: punishment_forgiveness,0.0,0.0,6,0.0
Opus+Sol,Sol,2,game_myth,2,main: scarcity_abundance,0.0,0.0,6,0.0
Opus+Sol,Sol,2,game_myth,2,main: trust_fear,0.16666666666666666,0.408248290463863,6,0.16666666666666669
Opus+Sol,Sol,2,game_myth,2,mediator present,0.5,0.5477225575051661,6,0.22360679774997896
Opus+Sol,Sol,2,game_myth,2,resolution: balanced middle,0.5,0.5477225575051661,6,0.22360679774997896
Opus+Sol,Sol,2,game_myth,2,resolution: mediated,0.5,0.5477225575051661,6,0.22360679774997896
Opus+Sol,Sol,2,game_myth,2,resolution: one pole wins,0.0,0.0,6,0.0
Opus+Sol,Sol,2,game_myth,2,role inversion,0.0,0.0,6,0.0
Opus+Sol,Sol,2,game_myth,5,any: clarity_distortion,0.0,0.0,5,0.0
Opus+Sol,Sol,2,game_myth,5,any: cooperation_betrayal,0.2,0.4472135954999579,5,0.19999999999999998
Opus+Sol,Sol,2,game_myth,5,any: giving_hoarding,1.0,0.0,5,0.0
Opus+Sol,Sol,2,game_myth,5,any: high_low,0.0,0.0,5,0.0
Opus+Sol,Sol,2,game_myth,5,any: honesty_deception,0.0,0.0,5,0.0
Opus+Sol,Sol,2,game_myth,5,any: human_divine,0.0,0.0,5,0.0
Opus+Sol,Sol,2,game_myth,5,any: individual_community,0.0,0.0,5,0.0
Opus+Sol,Sol,2,game_myth,5,any: life_death,0.0,0.0,5,0.0
Opus+Sol,Sol,2,game_myth,5,any: light_dark,0.0,0.0,5,0.0
Opus+Sol,Sol,2,game_myth,5,any: nature_culture,0.0,0.0,5,0.0
Opus+Sol,Sol,2,game_myth,5,any: order_chaos,0.0,0.0,5,0.0
Opus+Sol,Sol,2,game_myth,5,any: other,0.2,0.447213595499958,5,0.2
Opus+Sol,Sol,2,game_myth,5,any: punishment_forgiveness,0.2,0.4472135954999579,5,0.19999999999999998
Opus+Sol,Sol,2,game_myth,5,any: scarcity_abundance,0.4,0.5477225575051661,5,0.24494897427831777
Opus+Sol,Sol,2,game_myth,5,any: trust_fear,1.0,0.0,5,0.0
Opus+Sol,Sol,2,game_myth,5,arc: improves,0.6,0.5477225575051661,5,0.24494897427831777
Opus+Sol,Sol,2,game_myth,5,arc: restored,0.4,0.5477225575051661,5,0.24494897427831777
Opus+Sol,Sol,2,game_myth,5,arc: stable order,0.0,0.0,5,0.0
Opus+Sol,Sol,2,game_myth,5,column 0,0.6,0.5477225575051661,5,0.24494897427831777
Opus+Sol,Sol,2,game_myth,5,column 1,0.4,0.5477225575051661,5,0.24494897427831777
Opus+Sol,Sol,2,game_myth,5,column 10,0.2,0.4472135954999579,5,0.19999999999999998
Opus+Sol,Sol,2,game_myth,5,column 11,0.2,0.447213595499958,5,0.2
Opus+Sol,Sol,2,game_myth,5,column 12,0.4,0.5477225575051661,5,0.24494897427831777
Opus+Sol,Sol,2,game_myth,5,column 13,0.2,0.447213595499958,5,0.2
Opus+Sol,Sol,2,game_myth,5,column 14,0.2,0.447213595499958,5,0.2
Opus+Sol,Sol,2,game_myth,5,column 15,0.4,0.5477225575051662,5,0.24494897427831783
Opus+Sol,Sol,2,game_myth,5,column 16,0.2,0.447213595499958,5,0.2
Opus+Sol,Sol,2,game_myth,5,column 17,0.6,0.5477225575051661,5,0.24494897427831777
Opus+Sol,Sol,2,game_myth,5,column 18,0.2,0.447213595499958,5,0.2
Opus+Sol,Sol,2,game_myth,5,column 19,0.2,0.447213595499958,5,0.2
Opus+Sol,Sol,2,game_myth,5,column 2,0.2,0.447213595499958,5,0.2
Opus+Sol,Sol,2,game_myth,5,column 3,0.0,0.0,5,0.0
Opus+Sol,Sol,2,game_myth,5,column 4,0.0,0.0,5,0.0
Opus+Sol,Sol,2,game_myth,5,column 5,0.6,0.5477225575051661,5,0.24494897427831777
Opus+Sol,Sol,2,game_myth,5,column 6,0.2,0.4472135954999579,5,0.19999999999999998
Opus+Sol,Sol,2,game_myth,5,column 7,0.2,0.4472135954999579,5,0.19999999999999998
Opus+Sol,Sol,2,game_myth,5,column 8,0.0,0.0,5,0.0
Opus+Sol,Sol,2,game_myth,5,column 9,0.2,0.4472135954999579,5,0.19999999999999998
Opus+Sol,Sol,2,game_myth,5,main: clarity_distortion,0.0,0.0,5,0.0
Opus+Sol,Sol,2,game_myth,5,main: cooperation_betrayal,0.0,0.0,5,0.0
Opus+Sol,Sol,2,game_myth,5,main: giving_hoarding,0.4,0.5477225575051661,5,0.24494897427831777
Opus+Sol,Sol,2,game_myth,5,main: high_low,0.0,0.0,5,0.0
Opus+Sol,Sol,2,game_myth,5,main: honesty_deception,0.0,0.0,5,0.0
Opus+Sol,Sol,2,game_myth,5,main: human_divine,0.0,0.0,5,0.0
Opus+Sol,Sol,2,game_myth,5,main: individual_community,0.0,0.0,5,0.0
Opus+Sol,Sol,2,game_myth,5,main: life_death,0.0,0.0,5,0.0
Opus+Sol,Sol,2,game_myth,5,main: light_dark,0.0,0.0,5,0.0
Opus+Sol,Sol,2,game_myth,5,main: nature_culture,0.0,0.0,5,0.0
Opus+Sol,Sol,2,game_myth,5,main: order_chaos,0.0,0.0,5,0.0
Opus+Sol,Sol,2,game_myth,5,main: other,0.2,0.447213595499958,5,0.2
Opus+Sol,Sol,2,game_myth,5,main: punishment_forgiveness,0.0,0.0,5,0.0
Opus+Sol,Sol,2,game_myth,5,main: scarcity_abundance,0.2,0.447213595499958,5,0.2
Opus+Sol,Sol,2,game_myth,5,main: trust_fear,0.2,0.447213595499958,5,0.2
Opus+Sol,Sol,2,game_myth,5,mediator present,1.0,0.0,5,0.0
Opus+Sol,Sol,2,game_myth,5,resolution: balanced middle,0.0,0.0,5,0.0
Opus+Sol,Sol,2,game_myth,5,resolution: mediated,1.0,0.0,5,0.0
Opus+Sol,Sol,2,game_myth,5,resolution: one pole wins,0.0,0.0,5,0.0
Opus+Sol,Sol,2,game_myth,5,role inversion,0.0,0.0,5,0.0
Opus+Sol,Sol,2,game_myth,6,any: clarity_distortion,0.0,0.0,6,0.0
Opus+Sol,Sol,2,game_myth,6,any: cooperation_betrayal,0.6666666666666666,0.5163977794943222,6,0.21081851067789195
Opus+Sol,Sol,2,game_myth,6,any: giving_hoarding,0.6666666666666666,0.5163977794943223,6,0.210818510677892
Opus+Sol,Sol,2,game_myth,6,any: high_low,0.0,0.0,6,0.0
Opus+Sol,Sol,2,game_myth,6,any: honesty_deception,0.0,0.0,6,0.0
Opus+Sol,Sol,2,game_myth,6,any: human_divine,0.0,0.0,6,0.0
Opus+Sol,Sol,2,game_myth,6,any: individual_community,0.0,0.0,6,0.0
Opus+Sol,Sol,2,game_myth,6,any: life_death,0.16666666666666666,0.408248290463863,6,0.16666666666666669
Opus+Sol,Sol,2,game_myth,6,any: light_dark,0.0,0.0,6,0.0
Opus+Sol,Sol,2,game_myth,6,any: nature_culture,0.0,0.0,6,0.0
Opus+Sol,Sol,2,game_myth,6,any: order_chaos,0.0,0.0,6,0.0
Opus+Sol,Sol,2,game_myth,6,any: other,0.0,0.0,6,0.0
Opus+Sol,Sol,2,game_myth,6,any: punishment_forgiveness,0.0,0.0,6,0.0
Opus+Sol,Sol,2,game_myth,6,any: scarcity_abundance,0.5,0.5477225575051661,6,0.22360679774997896
Opus+Sol,Sol,2,game_myth,6,any: trust_fear,1.0,0.0,6,0.0
Opus+Sol,Sol,2,game_myth,6,arc: improves,0.8333333333333334,0.408248290463863,6,0.16666666666666669
Opus+Sol,Sol,2,game_myth,6,arc: restored,0.0,0.0,6,0.0
Opus+Sol,Sol,2,game_myth,6,arc: stable order,0.16666666666666666,0.408248290463863,6,0.16666666666666669
Opus+Sol,Sol,2,game_myth,6,column 0,0.0,0.0,6,0.0
Opus+Sol,Sol,2,game_myth,6,column 1,0.16666666666666666,0.408248290463863,6,0.16666666666666669
Opus+Sol,Sol,2,game_myth,6,column 10,0.6666666666666666,0.5163977794943223,6,0.210818510677892
Opus+Sol,Sol,2,game_myth,6,column 11,0.3333333333333333,0.5163977794943223,6,0.210818510677892
Opus+Sol,Sol,2,game_myth,6,column 12,0.0,0.0,6,0.0
Opus+Sol,Sol,2,game_myth,6,column 13,0.16666666666666666,0.408248290463863,6,0.16666666666666669
Opus+Sol,Sol,2,game_myth,6,column 14,0.16666666666666666,0.408248290463863,6,0.16666666666666669
Opus+Sol,Sol,2,game_myth,6,column 15,0.16666666666666666,0.408248290463863,6,0.16666666666666669
Opus+Sol,Sol,2,game_myth,6,column 16,0.3333333333333333,0.5163977794943222,6,0.21081851067789195
Opus+Sol,Sol,2,game_myth,6,column 17,0.0,0.0,6,0.0
Opus+Sol,Sol,2,game_myth,6,column 18,0.16666666666666666,0.408248290463863,6,0.16666666666666669
Opus+Sol,Sol,2,game_myth,6,column 19,0.3333333333333333,0.5163977794943223,6,0.210818510677892
Opus+Sol,Sol,2,game_myth,6,column 2,0.3333333333333333,0.5163977794943223,6,0.210818510677892
Opus+Sol,Sol,2,game_myth,6,column 3,0.16666666666666666,0.408248290463863,6,0.16666666666666669
Opus+Sol,Sol,2,game_myth,6,column 4,0.16666666666666666,0.408248290463863,6,0.16666666666666669
Opus+Sol,Sol,2,game_myth,6,column 5,0.5,0.5477225575051661,6,0.22360679774997896
Opus+Sol,Sol,2,game_myth,6,column 6,0.6666666666666666,0.5163977794943223,6,0.210818510677892
Opus+Sol,Sol,2,game_myth,6,column 7,0.0,0.0,6,0.0
Opus+Sol,Sol,2,game_myth,6,column 8,0.16666666666666666,0.408248290463863,6,0.16666666666666669
Opus+Sol,Sol,2,game_myth,6,column 9,0.3333333333333333,0.5163977794943223,6,0.210818510677892
Opus+Sol,Sol,2,game_myth,6,main: clarity_distortion,0.0,0.0,6,0.0
Opus+Sol,Sol,2,game_myth,6,main: cooperation_betrayal,0.0,0.0,6,0.0
Opus+Sol,Sol,2,game_myth,6,main: giving_hoarding,0.6666666666666666,0.5163977794943223,6,0.210818510677892
Opus+Sol,Sol,2,game_myth,6,main: high_low,0.0,0.0,6,0.0
Opus+Sol,Sol,2,game_myth,6,main: honesty_deception,0.0,0.0,6,0.0
Opus+Sol,Sol,2,game_myth,6,main: human_divine,0.0,0.0,6,0.0
Opus+Sol,Sol,2,game_myth,6,main: individual_community,0.0,0.0,6,0.0
Opus+Sol,Sol,2,game_myth,6,main: life_death,0.0,0.0,6,0.0
Opus+Sol,Sol,2,game_myth,6,main: light_dark,0.0,0.0,6,0.0
Opus+Sol,Sol,2,game_myth,6,main: nature_culture,0.0,0.0,6,0.0
Opus+Sol,Sol,2,game_myth,6,main: order_chaos,0.0,0.0,6,0.0
Opus+Sol,Sol,2,game_myth,6,main: other,0.0,0.0,6,0.0
Opus+Sol,Sol,2,game_myth,6,main: punishment_forgiveness,0.0,0.0,6,0.0
Opus+Sol,Sol,2,game_myth,6,main: scarcity_abundance,0.0,0.0,6,0.0
Opus+Sol,Sol,2,game_myth,6,main: trust_fear,0.3333333333333333,0.5163977794943223,6,0.210818510677892
Opus+Sol,Sol,2,game_myth,6,mediator present,1.0,0.0,6,0.0
Opus+Sol,Sol,2,game_myth,6,resolution: balanced middle,0.0,0.0,6,0.0
Opus+Sol,Sol,2,game_myth,6,resolution: mediated,1.0,0.0,6,0.0
Opus+Sol,Sol,2,game_myth,6,resolution: one pole wins,0.0,0.0,6,0.0
Opus+Sol,Sol,2,game_myth,6,role inversion,0.0,0.0,6,0.0
Opus+Sol,Sol,2,game_myth,9,any: clarity_distortion,0.8,0.4472135954999579,5,0.19999999999999998
Opus+Sol,Sol,2,game_myth,9,any: cooperation_betrayal,0.2,0.447213595499958,5,0.2
Opus+Sol,Sol,2,game_myth,9,any: giving_hoarding,1.0,0.0,5,0.0
Opus+Sol,Sol,2,game_myth,9,any: high_low,0.0,0.0,5,0.0
Opus+Sol,Sol,2,game_myth,9,any: honesty_deception,0.0,0.0,5,0.0
Opus+Sol,Sol,2,game_myth,9,any: human_divine,0.0,0.0,5,0.0
Opus+Sol,Sol,2,game_myth,9,any: individual_community,0.0,0.0,5,0.0
Opus+Sol,Sol,2,game_myth,9,any: life_death,0.0,0.0,5,0.0
Opus+Sol,Sol,2,game_myth,9,any: light_dark,0.0,0.0,5,0.0
Opus+Sol,Sol,2,game_myth,9,any: nature_culture,0.0,0.0,5,0.0
Opus+Sol,Sol,2,game_myth,9,any: order_chaos,0.0,0.0,5,0.0
Opus+Sol,Sol,2,game_myth,9,any: other,0.0,0.0,5,0.0
Opus+Sol,Sol,2,game_myth,9,any: punishment_forgiveness,0.0,0.0,5,0.0
Opus+Sol,Sol,2,game_myth,9,any: scarcity_abundance,0.0,0.0,5,0.0
Opus+Sol,Sol,2,game_myth,9,any: trust_fear,1.0,0.0,5,0.0
Opus+Sol,Sol,2,game_myth,9,arc: improves,1.0,0.0,5,0.0
Opus+Sol,Sol,2,game_myth,9,arc: restored,0.0,0.0,5,0.0
Opus+Sol,Sol,2,game_myth,9,arc: stable order,0.0,0.0,5,0.0
Opus+Sol,Sol,2,game_myth,9,column 0,1.0,0.0,5,0.0
Opus+Sol,Sol,2,game_myth,9,column 1,0.2,0.447213595499958,5,0.2
Opus+Sol,Sol,2,game_myth,9,column 10,0.4,0.5477225575051661,5,0.24494897427831777
Opus+Sol,Sol,2,game_myth,9,column 11,0.4,0.5477225575051662,5,0.24494897427831783
Opus+Sol,Sol,2,game_myth,9,column 12,0.2,0.447213595499958,5,0.2
Opus+Sol,Sol,2,game_myth,9,column 13,0.2,0.447213595499958,5,0.2
Opus+Sol,Sol,2,game_myth,9,column 14,0.4,0.5477225575051662,5,0.24494897427831783
Opus+Sol,Sol,2,game_myth,9,column 15,0.4,0.5477225575051661,5,0.24494897427831777
Opus+Sol,Sol,2,game_myth,9,column 16,0.0,0.0,5,0.0
Opus+Sol,Sol,2,game_myth,9,column 17,0.2,0.4472135954999579,5,0.19999999999999998
Opus+Sol,Sol,2,game_myth,9,column 18,0.2,0.4472135954999579,5,0.19999999999999998
Opus+Sol,Sol,2,game_myth,9,column 19,0.2,0.447213595499958,5,0.2
Opus+Sol,Sol,2,game_myth,9,column 2,0.0,0.0,5,0.0
Opus+Sol,Sol,2,game_myth,9,column 3,0.6,0.5477225575051661,5,0.24494897427831777
Opus+Sol,Sol,2,game_myth,9,column 4,0.4,0.5477225575051661,5,0.24494897427831777
Opus+Sol,Sol,2,game_myth,9,column 5,0.2,0.447213595499958,5,0.2
Opus+Sol,Sol,2,game_myth,9,column 6,0.0,0.0,5,0.0
Opus+Sol,Sol,2,game_myth,9,column 7,0.0,0.0,5,0.0
Opus+Sol,Sol,2,game_myth,9,column 8,0.0,0.0,5,0.0
Opus+Sol,Sol,2,game_myth,9,column 9,0.2,0.4472135954999579,5,0.19999999999999998
Opus+Sol,Sol,2,game_myth,9,main: clarity_distortion,0.2,0.447213595499958,5,0.2
Opus+Sol,Sol,2,game_myth,9,main: cooperation_betrayal,0.0,0.0,5,0.0
Opus+Sol,Sol,2,game_myth,9,main: giving_hoarding,0.2,0.447213595499958,5,0.2
Opus+Sol,Sol,2,game_myth,9,main: high_low,0.0,0.0,5,0.0
Opus+Sol,Sol,2,game_myth,9,main: honesty_deception,0.0,0.0,5,0.0
Opus+Sol,Sol,2,game_myth,9,main: human_divine,0.0,0.0,5,0.0
Opus+Sol,Sol,2,game_myth,9,main: individual_community,0.0,0.0,5,0.0
Opus+Sol,Sol,2,game_myth,9,main: life_death,0.0,0.0,5,0.0
Opus+Sol,Sol,2,game_myth,9,main: light_dark,0.0,0.0,5,0.0
Opus+Sol,Sol,2,game_myth,9,main: nature_culture,0.0,0.0,5,0.0
Opus+Sol,Sol,2,game_myth,9,main: order_chaos,0.0,0.0,5,0.0
Opus+Sol,Sol,2,game_myth,9,main: other,0.0,0.0,5,0.0
Opus+Sol,Sol,2,game_myth,9,main: punishment_forgiveness,0.0,0.0,5,0.0
Opus+Sol,Sol,2,game_myth,9,main: scarcity_abundance,0.0,0.0,5,0.0
Opus+Sol,Sol,2,game_myth,9,main: trust_fear,0.6,0.5477225575051661,5,0.24494897427831777
Opus+Sol,Sol,2,game_myth,9,mediator present,0.8,0.4472135954999579,5,0.19999999999999998
Opus+Sol,Sol,2,game_myth,9,resolution: balanced middle,0.0,0.0,5,0.0
Opus+Sol,Sol,2,game_myth,9,resolution: mediated,0.8,0.4472135954999579,5,0.19999999999999998
Opus+Sol,Sol,2,game_myth,9,resolution: one pole wins,0.2,0.447213595499958,5,0.2
Opus+Sol,Sol,2,game_myth,9,role inversion,0.0,0.0,5,0.0
Opus+Sol,Sol,2,game_myth,10,any: clarity_distortion,0.3333333333333333,0.5163977794943223,6,0.210818510677892
Opus+Sol,Sol,2,game_myth,10,any: cooperation_betrayal,0.0,0.0,6,0.0
Opus+Sol,Sol,2,game_myth,10,any: giving_hoarding,0.8333333333333334,0.408248290463863,6,0.16666666666666669
Opus+Sol,Sol,2,game_myth,10,any: high_low,0.0,0.0,6,0.0
Opus+Sol,Sol,2,game_myth,10,any: honesty_deception,0.0,0.0,6,0.0
Opus+Sol,Sol,2,game_myth,10,any: human_divine,0.0,0.0,6,0.0
Opus+Sol,Sol,2,game_myth,10,any: individual_community,0.16666666666666666,0.408248290463863,6,0.16666666666666669
Opus+Sol,Sol,2,game_myth,10,any: life_death,0.0,0.0,6,0.0
Opus+Sol,Sol,2,game_myth,10,any: light_dark,0.0,0.0,6,0.0
Opus+Sol,Sol,2,game_myth,10,any: nature_culture,0.0,0.0,6,0.0
Opus+Sol,Sol,2,game_myth,10,any: order_chaos,0.0,0.0,6,0.0
Opus+Sol,Sol,2,game_myth,10,any: other,0.16666666666666666,0.408248290463863,6,0.16666666666666669
Opus+Sol,Sol,2,game_myth,10,any: punishment_forgiveness,0.16666666666666666,0.408248290463863,6,0.16666666666666669
Opus+Sol,Sol,2,game_myth,10,any: scarcity_abundance,0.16666666666666666,0.408248290463863,6,0.16666666666666669
Opus+Sol,Sol,2,game_myth,10,any: trust_fear,0.6666666666666666,0.5163977794943223,6,0.210818510677892
Opus+Sol,Sol,2,game_myth,10,arc: improves,1.0,0.0,6,0.0
Opus+Sol,Sol,2,game_myth,10,arc: restored,0.0,0.0,6,0.0
Opus+Sol,Sol,2,game_myth,10,arc: stable order,0.0,0.0,6,0.0
Opus+Sol,Sol,2,game_myth,10,column 0,1.0,0.0,6,0.0
Opus+Sol,Sol,2,game_myth,10,column 1,0.3333333333333333,0.5163977794943223,6,0.210818510677892
Opus+Sol,Sol,2,game_myth,10,column 10,0.5,0.5477225575051661,6,0.22360679774997896
Opus+Sol,Sol,2,game_myth,10,column 11,0.16666666666666666,0.408248290463863,6,0.16666666666666669
Opus+Sol,Sol,2,game_myth,10,column 12,0.0,0.0,6,0.0
Opus+Sol,Sol,2,game_myth,10,column 13,0.16666666666666666,0.408248290463863,6,0.16666666666666669
Opus+Sol,Sol,2,game_myth,10,column 14,0.5,0.5477225575051661,6,0.22360679774997896
Opus+Sol,Sol,2,game_myth,10,column 15,0.0,0.0,6,0.0
Opus+Sol,Sol,2,game_myth,10,column 16,0.3333333333333333,0.5163977794943223,6,0.210818510677892
Opus+Sol,Sol,2,game_myth,10,column 17,0.3333333333333333,0.5163977794943223,6,0.210818510677892
Opus+Sol,Sol,2,game_myth,10,column 18,0.16666666666666666,0.408248290463863,6,0.16666666666666669
Opus+Sol,Sol,2,game_myth,10,column 19,0.16666666666666666,0.408248290463863,6,0.16666666666666669
Opus+Sol,Sol,2,game_myth,10,column 2,0.0,0.0,6,0.0
Opus+Sol,Sol,2,game_myth,10,column 3,0.3333333333333333,0.5163977794943222,6,0.21081851067789195
Opus+Sol,Sol,2,game_myth,10,column 4,0.5,0.5477225575051661,6,0.22360679774997896
Opus+Sol,Sol,2,game_myth,10,column 5,0.3333333333333333,0.5163977794943222,6,0.21081851067789195
Opus+Sol,Sol,2,game_myth,10,column 6,0.0,0.0,6,0.0
Opus+Sol,Sol,2,game_myth,10,column 7,0.16666666666666666,0.408248290463863,6,0.16666666666666669
Opus+Sol,Sol,2,game_myth,10,column 8,0.16666666666666666,0.408248290463863,6,0.16666666666666669
Opus+Sol,Sol,2,game_myth,10,column 9,0.0,0.0,6,0.0
Opus+Sol,Sol,2,game_myth,10,main: clarity_distortion,0.0,0.0,6,0.0
Opus+Sol,Sol,2,game_myth,10,main: cooperation_betrayal,0.0,0.0,6,0.0
Opus+Sol,Sol,2,game_myth,10,main: giving_hoarding,0.6666666666666666,0.5163977794943222,6,0.21081851067789195
Opus+Sol,Sol,2,game_myth,10,main: high_low,0.0,0.0,6,0.0
Opus+Sol,Sol,2,game_myth,10,main: honesty_deception,0.0,0.0,6,0.0
Opus+Sol,Sol,2,game_myth,10,main: human_divine,0.0,0.0,6,0.0
Opus+Sol,Sol,2,game_myth,10,main: individual_community,0.0,0.0,6,0.0
Opus+Sol,Sol,2,game_myth,10,main: life_death,0.0,0.0,6,0.0
Opus+Sol,Sol,2,game_myth,10,main: light_dark,0.0,0.0,6,0.0
Opus+Sol,Sol,2,game_myth,10,main: nature_culture,0.0,0.0,6,0.0
Opus+Sol,Sol,2,game_myth,10,main: order_chaos,0.0,0.0,6,0.0
Opus+Sol,Sol,2,game_myth,10,main: other,0.16666666666666666,0.408248290463863,6,0.16666666666666669
Opus+Sol,Sol,2,game_myth,10,main: punishment_forgiveness,0.0,0.0,6,0.0
Opus+Sol,Sol,2,game_myth,10,main: scarcity_abundance,0.0,0.0,6,0.0
Opus+Sol,Sol,2,game_myth,10,main: trust_fear,0.16666666666666666,0.408248290463863,6,0.16666666666666669
Opus+Sol,Sol,2,game_myth,10,mediator present,0.8333333333333334,0.408248290463863,6,0.16666666666666669
Opus+Sol,Sol,2,game_myth,10,resolution: balanced middle,0.16666666666666666,0.408248290463863,6,0.16666666666666669
Opus+Sol,Sol,2,game_myth,10,resolution: mediated,0.8333333333333334,0.408248290463863,6,0.16666666666666669
Opus+Sol,Sol,2,game_myth,10,resolution: one pole wins,0.0,0.0,6,0.0
Opus+Sol,Sol,2,game_myth,10,role inversion,0.16666666666666666,0.408248290463863,6,0.16666666666666669
Opus+Sol,Sol,2,myth_game,1,any: clarity_distortion,0.3333333333333333,0.5163977794943222,6,0.21081851067789195
Opus+Sol,Sol,2,myth_game,1,any: cooperation_betrayal,0.5,0.5477225575051661,6,0.22360679774997896
Opus+Sol,Sol,2,myth_game,1,any: giving_hoarding,0.8333333333333334,0.408248290463863,6,0.16666666666666669
Opus+Sol,Sol,2,myth_game,1,any: high_low,0.0,0.0,6,0.0
Opus+Sol,Sol,2,myth_game,1,any: honesty_deception,0.0,0.0,6,0.0
Opus+Sol,Sol,2,myth_game,1,any: human_divine,0.0,0.0,6,0.0
Opus+Sol,Sol,2,myth_game,1,any: individual_community,0.16666666666666666,0.408248290463863,6,0.16666666666666669
Opus+Sol,Sol,2,myth_game,1,any: life_death,0.0,0.0,6,0.0
Opus+Sol,Sol,2,myth_game,1,any: light_dark,0.0,0.0,6,0.0
Opus+Sol,Sol,2,myth_game,1,any: nature_culture,0.0,0.0,6,0.0
Opus+Sol,Sol,2,myth_game,1,any: order_chaos,0.16666666666666666,0.408248290463863,6,0.16666666666666669
Opus+Sol,Sol,2,myth_game,1,any: other,0.0,0.0,6,0.0
Opus+Sol,Sol,2,myth_game,1,any: punishment_forgiveness,0.0,0.0,6,0.0
Opus+Sol,Sol,2,myth_game,1,any: scarcity_abundance,0.16666666666666666,0.408248290463863,6,0.16666666666666669
Opus+Sol,Sol,2,myth_game,1,any: trust_fear,0.8333333333333334,0.408248290463863,6,0.16666666666666669
Opus+Sol,Sol,2,myth_game,1,arc: improves,1.0,0.0,6,0.0
Opus+Sol,Sol,2,myth_game,1,arc: restored,0.0,0.0,6,0.0
Opus+Sol,Sol,2,myth_game,1,arc: stable order,0.0,0.0,6,0.0
Opus+Sol,Sol,2,myth_game,1,column 0,0.16666666666666666,0.408248290463863,6,0.16666666666666669
Opus+Sol,Sol,2,myth_game,1,column 1,0.0,0.0,6,0.0
Opus+Sol,Sol,2,myth_game,1,column 10,0.3333333333333333,0.5163977794943222,6,0.21081851067789195
Opus+Sol,Sol,2,myth_game,1,column 11,0.16666666666666666,0.408248290463863,6,0.16666666666666669
Opus+Sol,Sol,2,myth_game,1,column 12,0.3333333333333333,0.5163977794943223,6,0.210818510677892
Opus+Sol,Sol,2,myth_game,1,column 13,0.16666666666666666,0.408248290463863,6,0.16666666666666669
Opus+Sol,Sol,2,myth_game,1,column 14,0.6666666666666666,0.5163977794943222,6,0.21081851067789195
Opus+Sol,Sol,2,myth_game,1,column 15,0.0,0.0,6,0.0
Opus+Sol,Sol,2,myth_game,1,column 16,0.16666666666666666,0.408248290463863,6,0.16666666666666669
Opus+Sol,Sol,2,myth_game,1,column 17,0.3333333333333333,0.5163977794943223,6,0.210818510677892
Opus+Sol,Sol,2,myth_game,1,column 18,0.3333333333333333,0.5163977794943223,6,0.210818510677892
Opus+Sol,Sol,2,myth_game,1,column 19,0.0,0.0,6,0.0
Opus+Sol,Sol,2,myth_game,1,column 2,0.16666666666666666,0.408248290463863,6,0.16666666666666669
Opus+Sol,Sol,2,myth_game,1,column 3,0.16666666666666666,0.408248290463863,6,0.16666666666666669
Opus+Sol,Sol,2,myth_game,1,column 4,0.5,0.5477225575051662,6,0.22360679774997902
Opus+Sol,Sol,2,myth_game,1,column 5,0.0,0.0,6,0.0
Opus+Sol,Sol,2,myth_game,1,column 6,0.3333333333333333,0.5163977794943222,6,0.21081851067789195
Opus+Sol,Sol,2,myth_game,1,column 7,0.5,0.5477225575051661,6,0.22360679774997896
Opus+Sol,Sol,2,myth_game,1,column 8,0.16666666666666666,0.408248290463863,6,0.16666666666666669
Opus+Sol,Sol,2,myth_game,1,column 9,0.16666666666666666,0.408248290463863,6,0.16666666666666669
Opus+Sol,Sol,2,myth_game,1,main: clarity_distortion,0.0,0.0,6,0.0
Opus+Sol,Sol,2,myth_game,1,main: cooperation_betrayal,0.0,0.0,6,0.0
Opus+Sol,Sol,2,myth_game,1,main: giving_hoarding,0.5,0.5477225575051662,6,0.22360679774997902
Opus+Sol,Sol,2,myth_game,1,main: high_low,0.0,0.0,6,0.0
Opus+Sol,Sol,2,myth_game,1,main: honesty_deception,0.0,0.0,6,0.0
Opus+Sol,Sol,2,myth_game,1,main: human_divine,0.0,0.0,6,0.0
Opus+Sol,Sol,2,myth_game,1,main: individual_community,0.16666666666666666,0.408248290463863,6,0.16666666666666669
Opus+Sol,Sol,2,myth_game,1,main: life_death,0.0,0.0,6,0.0
Opus+Sol,Sol,2,myth_game,1,main: light_dark,0.0,0.0,6,0.0
Opus+Sol,Sol,2,myth_game,1,main: nature_culture,0.0,0.0,6,0.0
Opus+Sol,Sol,2,myth_game,1,main: order_chaos,0.0,0.0,6,0.0
Opus+Sol,Sol,2,myth_game,1,main: other,0.0,0.0,6,0.0
Opus+Sol,Sol,2,myth_game,1,main: punishment_forgiveness,0.0,0.0,6,0.0
Opus+Sol,Sol,2,myth_game,1,main: scarcity_abundance,0.0,0.0,6,0.0
Opus+Sol,Sol,2,myth_game,1,main: trust_fear,0.3333333333333333,0.5163977794943222,6,0.21081851067789195
Opus+Sol,Sol,2,myth_game,1,mediator present,0.8333333333333334,0.408248290463863,6,0.16666666666666669
Opus+Sol,Sol,2,myth_game,1,resolution: balanced middle,0.0,0.0,6,0.0
Opus+Sol,Sol,2,myth_game,1,resolution: mediated,0.8333333333333334,0.408248290463863,6,0.16666666666666669
Opus+Sol,Sol,2,myth_game,1,resolution: one pole wins,0.16666666666666666,0.408248290463863,6,0.16666666666666669
Opus+Sol,Sol,2,myth_game,1,role inversion,0.0,0.0,6,0.0
Opus+Sol,Sol,2,myth_game,2,any: clarity_distortion,0.3333333333333333,0.5163977794943223,6,0.210818510677892
Opus+Sol,Sol,2,myth_game,2,any: cooperation_betrayal,0.5,0.5477225575051661,6,0.22360679774997896
Opus+Sol,Sol,2,myth_game,2,any: giving_hoarding,0.8333333333333334,0.408248290463863,6,0.16666666666666669
Opus+Sol,Sol,2,myth_game,2,any: high_low,0.0,0.0,6,0.0
Opus+Sol,Sol,2,myth_game,2,any: honesty_deception,0.0,0.0,6,0.0
Opus+Sol,Sol,2,myth_game,2,any: human_divine,0.0,0.0,6,0.0
Opus+Sol,Sol,2,myth_game,2,any: individual_community,0.0,0.0,6,0.0
Opus+Sol,Sol,2,myth_game,2,any: life_death,0.0,0.0,6,0.0
Opus+Sol,Sol,2,myth_game,2,any: light_dark,0.0,0.0,6,0.0
Opus+Sol,Sol,2,myth_game,2,any: nature_culture,0.0,0.0,6,0.0
Opus+Sol,Sol,2,myth_game,2,any: order_chaos,0.0,0.0,6,0.0
Opus+Sol,Sol,2,myth_game,2,any: other,0.0,0.0,6,0.0
Opus+Sol,Sol,2,myth_game,2,any: punishment_forgiveness,0.16666666666666666,0.408248290463863,6,0.16666666666666669
Opus+Sol,Sol,2,myth_game,2,any: scarcity_abundance,0.16666666666666666,0.408248290463863,6,0.16666666666666669
Opus+Sol,Sol,2,myth_game,2,any: trust_fear,1.0,0.0,6,0.0
Opus+Sol,Sol,2,myth_game,2,arc: improves,0.6666666666666666,0.5163977794943223,6,0.210818510677892
Opus+Sol,Sol,2,myth_game,2,arc: restored,0.16666666666666666,0.408248290463863,6,0.16666666666666669
Opus+Sol,Sol,2,myth_game,2,arc: stable order,0.16666666666666666,0.408248290463863,6,0.16666666666666669
Opus+Sol,Sol,2,myth_game,2,column 0,0.16666666666666666,0.408248290463863,6,0.16666666666666669
Opus+Sol,Sol,2,myth_game,2,column 1,0.5,0.5477225575051662,6,0.22360679774997902
Opus+Sol,Sol,2,myth_game,2,column 10,0.16666666666666666,0.408248290463863,6,0.16666666666666669
Opus+Sol,Sol,2,myth_game,2,column 11,0.16666666666666666,0.408248290463863,6,0.16666666666666669
Opus+Sol,Sol,2,myth_game,2,column 12,0.5,0.5477225575051661,6,0.22360679774997896
Opus+Sol,Sol,2,myth_game,2,column 13,0.3333333333333333,0.5163977794943222,6,0.21081851067789195
Opus+Sol,Sol,2,myth_game,2,column 14,0.5,0.5477225575051661,6,0.22360679774997896
Opus+Sol,Sol,2,myth_game,2,column 15,0.16666666666666666,0.408248290463863,6,0.16666666666666669
Opus+Sol,Sol,2,myth_game,2,column 16,0.16666666666666666,0.408248290463863,6,0.16666666666666669
Opus+Sol,Sol,2,myth_game,2,column 17,0.16666666666666666,0.408248290463863,6,0.16666666666666669
Opus+Sol,Sol,2,myth_game,2,column 18,0.3333333333333333,0.5163977794943222,6,0.21081851067789195
Opus+Sol,Sol,2,myth_game,2,column 19,0.0,0.0,6,0.0
Opus+Sol,Sol,2,myth_game,2,column 2,0.3333333333333333,0.5163977794943223,6,0.210818510677892
Opus+Sol,Sol,2,myth_game,2,column 3,0.5,0.5477225575051661,6,0.22360679774997896
Opus+Sol,Sol,2,myth_game,2,column 4,0.5,0.5477225575051661,6,0.22360679774997896
Opus+Sol,Sol,2,myth_game,2,column 5,0.3333333333333333,0.5163977794943223,6,0.210818510677892
Opus+Sol,Sol,2,myth_game,2,column 6,0.16666666666666666,0.408248290463863,6,0.16666666666666669
Opus+Sol,Sol,2,myth_game,2,column 7,0.3333333333333333,0.5163977794943222,6,0.21081851067789195
Opus+Sol,Sol,2,myth_game,2,column 8,0.16666666666666666,0.408248290463863,6,0.16666666666666669
Opus+Sol,Sol,2,myth_game,2,column 9,0.0,0.0,6,0.0
Opus+Sol,Sol,2,myth_game,2,main: clarity_distortion,0.0,0.0,6,0.0
Opus+Sol,Sol,2,myth_game,2,main: cooperation_betrayal,0.0,0.0,6,0.0
Opus+Sol,Sol,2,myth_game,2,main: giving_hoarding,0.3333333333333333,0.5163977794943222,6,0.21081851067789195
Opus+Sol,Sol,2,myth_game,2,main: high_low,0.0,0.0,6,0.0
Opus+Sol,Sol,2,myth_game,2,main: honesty_deception,0.0,0.0,6,0.0
Opus+Sol,Sol,2,myth_game,2,main: human_divine,0.0,0.0,6,0.0
Opus+Sol,Sol,2,myth_game,2,main: individual_community,0.0,0.0,6,0.0
Opus+Sol,Sol,2,myth_game,2,main: life_death,0.0,0.0,6,0.0
Opus+Sol,Sol,2,myth_game,2,main: light_dark,0.0,0.0,6,0.0
Opus+Sol,Sol,2,myth_game,2,main: nature_culture,0.0,0.0,6,0.0
Opus+Sol,Sol,2,myth_game,2,main: order_chaos,0.0,0.0,6,0.0
Opus+Sol,Sol,2,myth_game,2,main: other,0.0,0.0,6,0.0
Opus+Sol,Sol,2,myth_game,2,main: punishment_forgiveness,0.0,0.0,6,0.0
Opus+Sol,Sol,2,myth_game,2,main: scarcity_abundance,0.0,0.0,6,0.0
Opus+Sol,Sol,2,myth_game,2,main: trust_fear,0.6666666666666666,0.5163977794943222,6,0.21081851067789195
Opus+Sol,Sol,2,myth_game,2,mediator present,0.6666666666666666,0.5163977794943223,6,0.210818510677892
Opus+Sol,Sol,2,myth_game,2,resolution: balanced middle,0.0,0.0,6,0.0
Opus+Sol,Sol,2,myth_game,2,resolution: mediated,0.6666666666666666,0.5163977794943223,6,0.210818510677892
Opus+Sol,Sol,2,myth_game,2,resolution: one pole wins,0.3333333333333333,0.5163977794943223,6,0.210818510677892
Opus+Sol,Sol,2,myth_game,2,role inversion,0.0,0.0,6,0.0
Opus+Sol,Sol,2,myth_game,5,any: clarity_distortion,0.3333333333333333,0.5163977794943223,6,0.210818510677892
Opus+Sol,Sol,2,myth_game,5,any: cooperation_betrayal,0.3333333333333333,0.5163977794943223,6,0.210818510677892
Opus+Sol,Sol,2,myth_game,5,any: giving_hoarding,0.6666666666666666,0.5163977794943223,6,0.210818510677892
Opus+Sol,Sol,2,myth_game,5,any: high_low,0.0,0.0,6,0.0
Opus+Sol,Sol,2,myth_game,5,any: honesty_deception,0.0,0.0,6,0.0
Opus+Sol,Sol,2,myth_game,5,any: human_divine,0.0,0.0,6,0.0
Opus+Sol,Sol,2,myth_game,5,any: individual_community,0.0,0.0,6,0.0
Opus+Sol,Sol,2,myth_game,5,any: life_death,0.0,0.0,6,0.0
Opus+Sol,Sol,2,myth_game,5,any: light_dark,0.16666666666666666,0.408248290463863,6,0.16666666666666669
Opus+Sol,Sol,2,myth_game,5,any: nature_culture,0.0,0.0,6,0.0
Opus+Sol,Sol,2,myth_game,5,any: order_chaos,0.0,0.0,6,0.0
Opus+Sol,Sol,2,myth_game,5,any: other,0.0,0.0,6,0.0
Opus+Sol,Sol,2,myth_game,5,any: punishment_forgiveness,0.5,0.5477225575051662,6,0.22360679774997902
Opus+Sol,Sol,2,myth_game,5,any: scarcity_abundance,0.16666666666666666,0.408248290463863,6,0.16666666666666669
Opus+Sol,Sol,2,myth_game,5,any: trust_fear,0.8333333333333334,0.408248290463863,6,0.16666666666666669
Opus+Sol,Sol,2,myth_game,5,arc: improves,1.0,0.0,6,0.0
Opus+Sol,Sol,2,myth_game,5,arc: restored,0.0,0.0,6,0.0
Opus+Sol,Sol,2,myth_game,5,arc: stable order,0.0,0.0,6,0.0
Opus+Sol,Sol,2,myth_game,5,column 0,0.6666666666666666,0.5163977794943223,6,0.210818510677892
Opus+Sol,Sol,2,myth_game,5,column 1,0.3333333333333333,0.5163977794943223,6,0.210818510677892
Opus+Sol,Sol,2,myth_game,5,column 10,0.8333333333333334,0.408248290463863,6,0.16666666666666669
Opus+Sol,Sol,2,myth_game,5,column 11,0.16666666666666666,0.408248290463863,6,0.16666666666666669
Opus+Sol,Sol,2,myth_game,5,column 12,0.3333333333333333,0.5163977794943223,6,0.210818510677892
Opus+Sol,Sol,2,myth_game,5,column 13,0.16666666666666666,0.408248290463863,6,0.16666666666666669
Opus+Sol,Sol,2,myth_game,5,column 14,0.0,0.0,6,0.0
Opus+Sol,Sol,2,myth_game,5,column 15,0.16666666666666666,0.408248290463863,6,0.16666666666666669
Opus+Sol,Sol,2,myth_game,5,column 16,0.0,0.0,6,0.0
Opus+Sol,Sol,2,myth_game,5,column 17,0.16666666666666666,0.408248290463863,6,0.16666666666666669
Opus+Sol,Sol,2,myth_game,5,column 18,0.6666666666666666,0.5163977794943222,6,0.21081851067789195
Opus+Sol,Sol,2,myth_game,5,column 19,0.0,0.0,6,0.0
Opus+Sol,Sol,2,myth_game,5,column 2,0.6666666666666666,0.5163977794943222,6,0.21081851067789195
Opus+Sol,Sol,2,myth_game,5,column 3,0.16666666666666666,0.408248290463863,6,0.16666666666666669
Opus+Sol,Sol,2,myth_game,5,column 4,0.3333333333333333,0.5163977794943223,6,0.210818510677892
Opus+Sol,Sol,2,myth_game,5,column 5,0.16666666666666666,0.408248290463863,6,0.16666666666666669
Opus+Sol,Sol,2,myth_game,5,column 6,0.16666666666666666,0.408248290463863,6,0.16666666666666669
Opus+Sol,Sol,2,myth_game,5,column 7,0.3333333333333333,0.5163977794943222,6,0.21081851067789195
Opus+Sol,Sol,2,myth_game,5,column 8,0.0,0.0,6,0.0
Opus+Sol,Sol,2,myth_game,5,column 9,0.16666666666666666,0.408248290463863,6,0.16666666666666669
Opus+Sol,Sol,2,myth_game,5,main: clarity_distortion,0.0,0.0,6,0.0
Opus+Sol,Sol,2,myth_game,5,main: cooperation_betrayal,0.0,0.0,6,0.0
Opus+Sol,Sol,2,myth_game,5,main: giving_hoarding,0.5,0.5477225575051661,6,0.22360679774997896
Opus+Sol,Sol,2,myth_game,5,main: high_low,0.0,0.0,6,0.0
Opus+Sol,Sol,2,myth_game,5,main: honesty_deception,0.0,0.0,6,0.0
Opus+Sol,Sol,2,myth_game,5,main: human_divine,0.0,0.0,6,0.0
Opus+Sol,Sol,2,myth_game,5,main: individual_community,0.0,0.0,6,0.0
Opus+Sol,Sol,2,myth_game,5,main: life_death,0.0,0.0,6,0.0
Opus+Sol,Sol,2,myth_game,5,main: light_dark,0.0,0.0,6,0.0
Opus+Sol,Sol,2,myth_game,5,main: nature_culture,0.0,0.0,6,0.0
Opus+Sol,Sol,2,myth_game,5,main: order_chaos,0.0,0.0,6,0.0
Opus+Sol,Sol,2,myth_game,5,main: other,0.0,0.0,6,0.0
Opus+Sol,Sol,2,myth_game,5,main: punishment_forgiveness,0.0,0.0,6,0.0
Opus+Sol,Sol,2,myth_game,5,main: scarcity_abundance,0.0,0.0,6,0.0
Opus+Sol,Sol,2,myth_game,5,main: trust_fear,0.5,0.5477225575051662,6,0.22360679774997902
Opus+Sol,Sol,2,myth_game,5,mediator present,0.6666666666666666,0.5163977794943223,6,0.210818510677892
Opus+Sol,Sol,2,myth_game,5,resolution: balanced middle,0.0,0.0,6,0.0
Opus+Sol,Sol,2,myth_game,5,resolution: mediated,0.6666666666666666,0.5163977794943223,6,0.210818510677892
Opus+Sol,Sol,2,myth_game,5,resolution: one pole wins,0.3333333333333333,0.5163977794943223,6,0.210818510677892
Opus+Sol,Sol,2,myth_game,5,role inversion,0.0,0.0,6,0.0
Opus+Sol,Sol,2,myth_game,6,any: clarity_distortion,0.16666666666666666,0.408248290463863,6,0.16666666666666669
Opus+Sol,Sol,2,myth_game,6,any: cooperation_betrayal,0.5,0.5477225575051662,6,0.22360679774997902
Opus+Sol,Sol,2,myth_game,6,any: giving_hoarding,0.6666666666666666,0.5163977794943222,6,0.21081851067789195
Opus+Sol,Sol,2,myth_game,6,any: high_low,0.0,0.0,6,0.0
Opus+Sol,Sol,2,myth_game,6,any: honesty_deception,0.0,0.0,6,0.0
Opus+Sol,Sol,2,myth_game,6,any: human_divine,0.0,0.0,6,0.0
Opus+Sol,Sol,2,myth_game,6,any: individual_community,0.0,0.0,6,0.0
Opus+Sol,Sol,2,myth_game,6,any: life_death,0.0,0.0,6,0.0
Opus+Sol,Sol,2,myth_game,6,any: light_dark,0.16666666666666666,0.408248290463863,6,0.16666666666666669
Opus+Sol,Sol,2,myth_game,6,any: nature_culture,0.0,0.0,6,0.0
Opus+Sol,Sol,2,myth_game,6,any: order_chaos,0.0,0.0,6,0.0
Opus+Sol,Sol,2,myth_game,6,any: other,0.0,0.0,6,0.0
Opus+Sol,Sol,2,myth_game,6,any: punishment_forgiveness,0.0,0.0,6,0.0
Opus+Sol,Sol,2,myth_game,6,any: scarcity_abundance,0.5,0.5477225575051661,6,0.22360679774997896
Opus+Sol,Sol,2,myth_game,6,any: trust_fear,1.0,0.0,6,0.0
Opus+Sol,Sol,2,myth_game,6,arc: improves,0.5,0.5477225575051661,6,0.22360679774997896
Opus+Sol,Sol,2,myth_game,6,arc: restored,0.3333333333333333,0.5163977794943222,6,0.21081851067789195
Opus+Sol,Sol,2,myth_game,6,arc: stable order,0.16666666666666666,0.408248290463863,6,0.16666666666666669
Opus+Sol,Sol,2,myth_game,6,column 0,0.16666666666666666,0.408248290463863,6,0.16666666666666669
Opus+Sol,Sol,2,myth_game,6,column 1,0.5,0.5477225575051661,6,0.22360679774997896
Opus+Sol,Sol,2,myth_game,6,column 10,0.16666666666666666,0.408248290463863,6,0.16666666666666669
Opus+Sol,Sol,2,myth_game,6,column 11,0.16666666666666666,0.408248290463863,6,0.16666666666666669
Opus+Sol,Sol,2,myth_game,6,column 12,0.5,0.5477225575051661,6,0.22360679774997896
Opus+Sol,Sol,2,myth_game,6,column 13,0.3333333333333333,0.5163977794943222,6,0.21081851067789195
Opus+Sol,Sol,2,myth_game,6,column 14,0.3333333333333333,0.5163977794943223,6,0.210818510677892
Opus+Sol,Sol,2,myth_game,6,column 15,0.0,0.0,6,0.0
Opus+Sol,Sol,2,myth_game,6,column 16,0.3333333333333333,0.5163977794943222,6,0.21081851067789195
Opus+Sol,Sol,2,myth_game,6,column 17,0.0,0.0,6,0.0
Opus+Sol,Sol,2,myth_game,6,column 18,0.16666666666666666,0.408248290463863,6,0.16666666666666669
Opus+Sol,Sol,2,myth_game,6,column 19,0.16666666666666666,0.408248290463863,6,0.16666666666666669
Opus+Sol,Sol,2,myth_game,6,column 2,0.5,0.5477225575051661,6,0.22360679774997896
Opus+Sol,Sol,2,myth_game,6,column 3,0.6666666666666666,0.5163977794943223,6,0.210818510677892
Opus+Sol,Sol,2,myth_game,6,column 4,0.8333333333333334,0.408248290463863,6,0.16666666666666669
Opus+Sol,Sol,2,myth_game,6,column 5,0.3333333333333333,0.5163977794943222,6,0.21081851067789195
Opus+Sol,Sol,2,myth_game,6,column 6,0.0,0.0,6,0.0
Opus+Sol,Sol,2,myth_game,6,column 7,0.3333333333333333,0.5163977794943223,6,0.210818510677892
Opus+Sol,Sol,2,myth_game,6,column 8,0.0,0.0,6,0.0
Opus+Sol,Sol,2,myth_game,6,column 9,0.0,0.0,6,0.0
Opus+Sol,Sol,2,myth_game,6,main: clarity_distortion,0.0,0.0,6,0.0
Opus+Sol,Sol,2,myth_game,6,main: cooperation_betrayal,0.0,0.0,6,0.0
Opus+Sol,Sol,2,myth_game,6,main: giving_hoarding,0.5,0.5477225575051661,6,0.22360679774997896
Opus+Sol,Sol,2,myth_game,6,main: high_low,0.0,0.0,6,0.0
Opus+Sol,Sol,2,myth_game,6,main: honesty_deception,0.0,0.0,6,0.0
Opus+Sol,Sol,2,myth_game,6,main: human_divine,0.0,0.0,6,0.0
Opus+Sol,Sol,2,myth_game,6,main: individual_community,0.0,0.0,6,0.0
Opus+Sol,Sol,2,myth_game,6,main: life_death,0.0,0.0,6,0.0
Opus+Sol,Sol,2,myth_game,6,main: light_dark,0.0,0.0,6,0.0
Opus+Sol,Sol,2,myth_game,6,main: nature_culture,0.0,0.0,6,0.0
Opus+Sol,Sol,2,myth_game,6,main: order_chaos,0.0,0.0,6,0.0
Opus+Sol,Sol,2,myth_game,6,main: other,0.0,0.0,6,0.0
Opus+Sol,Sol,2,myth_game,6,main: punishment_forgiveness,0.0,0.0,6,0.0
Opus+Sol,Sol,2,myth_game,6,main: scarcity_abundance,0.16666666666666666,0.408248290463863,6,0.16666666666666669
Opus+Sol,Sol,2,myth_game,6,main: trust_fear,0.3333333333333333,0.5163977794943222,6,0.21081851067789195
Opus+Sol,Sol,2,myth_game,6,mediator present,0.6666666666666666,0.5163977794943223,6,0.210818510677892
Opus+Sol,Sol,2,myth_game,6,resolution: balanced middle,0.0,0.0,6,0.0
Opus+Sol,Sol,2,myth_game,6,resolution: mediated,0.6666666666666666,0.5163977794943223,6,0.210818510677892
Opus+Sol,Sol,2,myth_game,6,resolution: one pole wins,0.3333333333333333,0.5163977794943223,6,0.210818510677892
Opus+Sol,Sol,2,myth_game,6,role inversion,0.0,0.0,6,0.0
Opus+Sol,Sol,2,myth_game,9,any: clarity_distortion,0.3333333333333333,0.5163977794943223,6,0.210818510677892
Opus+Sol,Sol,2,myth_game,9,any: cooperation_betrayal,0.5,0.5477225575051661,6,0.22360679774997896
Opus+Sol,Sol,2,myth_game,9,any: giving_hoarding,0.6666666666666666,0.5163977794943223,6,0.210818510677892
Opus+Sol,Sol,2,myth_game,9,any: high_low,0.0,0.0,6,0.0
Opus+Sol,Sol,2,myth_game,9,any: honesty_deception,0.0,0.0,6,0.0
Opus+Sol,Sol,2,myth_game,9,any: human_divine,0.0,0.0,6,0.0
Opus+Sol,Sol,2,myth_game,9,any: individual_community,0.16666666666666666,0.408248290463863,6,0.16666666666666669
Opus+Sol,Sol,2,myth_game,9,any: life_death,0.0,0.0,6,0.0
Opus+Sol,Sol,2,myth_game,9,any: light_dark,0.0,0.0,6,0.0
Opus+Sol,Sol,2,myth_game,9,any: nature_culture,0.0,0.0,6,0.0
Opus+Sol,Sol,2,myth_game,9,any: order_chaos,0.0,0.0,6,0.0
Opus+Sol,Sol,2,myth_game,9,any: other,0.0,0.0,6,0.0
Opus+Sol,Sol,2,myth_game,9,any: punishment_forgiveness,0.3333333333333333,0.5163977794943222,6,0.21081851067789195
Opus+Sol,Sol,2,myth_game,9,any: scarcity_abundance,0.0,0.0,6,0.0
Opus+Sol,Sol,2,myth_game,9,any: trust_fear,1.0,0.0,6,0.0
Opus+Sol,Sol,2,myth_game,9,arc: improves,0.5,0.5477225575051661,6,0.22360679774997896
Opus+Sol,Sol,2,myth_game,9,arc: restored,0.0,0.0,6,0.0
Opus+Sol,Sol,2,myth_game,9,arc: stable order,0.5,0.5477225575051661,6,0.22360679774997896
Opus+Sol,Sol,2,myth_game,9,column 0,0.16666666666666666,0.408248290463863,6,0.16666666666666669
Opus+Sol,Sol,2,myth_game,9,column 1,0.16666666666666666,0.408248290463863,6,0.16666666666666669
Opus+Sol,Sol,2,myth_game,9,column 10,0.5,0.5477225575051662,6,0.22360679774997902
Opus+Sol,Sol,2,myth_game,9,column 11,0.3333333333333333,0.5163977794943222,6,0.21081851067789195
Opus+Sol,Sol,2,myth_game,9,column 12,0.3333333333333333,0.5163977794943222,6,0.21081851067789195
Opus+Sol,Sol,2,myth_game,9,column 13,0.3333333333333333,0.5163977794943223,6,0.210818510677892
Opus+Sol,Sol,2,myth_game,9,column 14,0.0,0.0,6,0.0
Opus+Sol,Sol,2,myth_game,9,column 15,0.16666666666666666,0.408248290463863,6,0.16666666666666669
Opus+Sol,Sol,2,myth_game,9,column 16,0.16666666666666666,0.408248290463863,6,0.16666666666666669
Opus+Sol,Sol,2,myth_game,9,column 17,0.0,0.0,6,0.0
Opus+Sol,Sol,2,myth_game,9,column 18,0.6666666666666666,0.5163977794943223,6,0.210818510677892
Opus+Sol,Sol,2,myth_game,9,column 19,0.0,0.0,6,0.0
Opus+Sol,Sol,2,myth_game,9,column 2,0.3333333333333333,0.5163977794943223,6,0.210818510677892
Opus+Sol,Sol,2,myth_game,9,column 3,0.16666666666666666,0.408248290463863,6,0.16666666666666669
Opus+Sol,Sol,2,myth_game,9,column 4,0.16666666666666666,0.408248290463863,6,0.16666666666666669
Opus+Sol,Sol,2,myth_game,9,column 5,0.6666666666666666,0.5163977794943223,6,0.210818510677892
Opus+Sol,Sol,2,myth_game,9,column 6,0.16666666666666666,0.408248290463863,6,0.16666666666666669
Opus+Sol,Sol,2,myth_game,9,column 7,0.3333333333333333,0.5163977794943222,6,0.21081851067789195
Opus+Sol,Sol,2,myth_game,9,column 8,0.0,0.0,6,0.0
Opus+Sol,Sol,2,myth_game,9,column 9,0.0,0.0,6,0.0
Opus+Sol,Sol,2,myth_game,9,main: clarity_distortion,0.0,0.0,6,0.0
Opus+Sol,Sol,2,myth_game,9,main: cooperation_betrayal,0.0,0.0,6,0.0
Opus+Sol,Sol,2,myth_game,9,main: giving_hoarding,0.5,0.5477225575051662,6,0.22360679774997902
Opus+Sol,Sol,2,myth_game,9,main: high_low,0.0,0.0,6,0.0
Opus+Sol,Sol,2,myth_game,9,main: honesty_deception,0.0,0.0,6,0.0
Opus+Sol,Sol,2,myth_game,9,main: human_divine,0.0,0.0,6,0.0
Opus+Sol,Sol,2,myth_game,9,main: individual_community,0.0,0.0,6,0.0
Opus+Sol,Sol,2,myth_game,9,main: life_death,0.0,0.0,6,0.0
Opus+Sol,Sol,2,myth_game,9,main: light_dark,0.0,0.0,6,0.0
Opus+Sol,Sol,2,myth_game,9,main: nature_culture,0.0,0.0,6,0.0
Opus+Sol,Sol,2,myth_game,9,main: order_chaos,0.0,0.0,6,0.0
Opus+Sol,Sol,2,myth_game,9,main: other,0.0,0.0,6,0.0
Opus+Sol,Sol,2,myth_game,9,main: punishment_forgiveness,0.0,0.0,6,0.0
Opus+Sol,Sol,2,myth_game,9,main: scarcity_abundance,0.0,0.0,6,0.0
Opus+Sol,Sol,2,myth_game,9,main: trust_fear,0.5,0.5477225575051662,6,0.22360679774997902
Opus+Sol,Sol,2,myth_game,9,mediator present,0.8333333333333334,0.408248290463863,6,0.16666666666666669
Opus+Sol,Sol,2,myth_game,9,resolution: balanced middle,0.0,0.0,6,0.0
Opus+Sol,Sol,2,myth_game,9,resolution: mediated,0.8333333333333334,0.408248290463863,6,0.16666666666666669
Opus+Sol,Sol,2,myth_game,9,resolution: one pole wins,0.16666666666666666,0.408248290463863,6,0.16666666666666669
Opus+Sol,Sol,2,myth_game,9,role inversion,0.16666666666666666,0.408248290463863,6,0.16666666666666669
Opus+Sol,Sol,2,myth_game,10,any: clarity_distortion,0.0,0.0,6,0.0
Opus+Sol,Sol,2,myth_game,10,any: cooperation_betrayal,0.3333333333333333,0.5163977794943222,6,0.21081851067789195
Opus+Sol,Sol,2,myth_game,10,any: giving_hoarding,1.0,0.0,6,0.0
Opus+Sol,Sol,2,myth_game,10,any: high_low,0.0,0.0,6,0.0
Opus+Sol,Sol,2,myth_game,10,any: honesty_deception,0.0,0.0,6,0.0
Opus+Sol,Sol,2,myth_game,10,any: human_divine,0.0,0.0,6,0.0
Opus+Sol,Sol,2,myth_game,10,any: individual_community,0.0,0.0,6,0.0
Opus+Sol,Sol,2,myth_game,10,any: life_death,0.0,0.0,6,0.0
Opus+Sol,Sol,2,myth_game,10,any: light_dark,0.0,0.0,6,0.0
Opus+Sol,Sol,2,myth_game,10,any: nature_culture,0.0,0.0,6,0.0
Opus+Sol,Sol,2,myth_game,10,any: order_chaos,0.0,0.0,6,0.0
Opus+Sol,Sol,2,myth_game,10,any: other,0.0,0.0,6,0.0
Opus+Sol,Sol,2,myth_game,10,any: punishment_forgiveness,0.16666666666666666,0.408248290463863,6,0.16666666666666669
Opus+Sol,Sol,2,myth_game,10,any: scarcity_abundance,0.5,0.5477225575051661,6,0.22360679774997896
Opus+Sol,Sol,2,myth_game,10,any: trust_fear,1.0,0.0,6,0.0
Opus+Sol,Sol,2,myth_game,10,arc: improves,0.5,0.5477225575051661,6,0.22360679774997896
Opus+Sol,Sol,2,myth_game,10,arc: restored,0.0,0.0,6,0.0
Opus+Sol,Sol,2,myth_game,10,arc: stable order,0.5,0.5477225575051661,6,0.22360679774997896
Opus+Sol,Sol,2,myth_game,10,column 0,0.3333333333333333,0.5163977794943222,6,0.21081851067789195
Opus+Sol,Sol,2,myth_game,10,column 1,0.16666666666666666,0.408248290463863,6,0.16666666666666669
Opus+Sol,Sol,2,myth_game,10,column 10,0.5,0.5477225575051661,6,0.22360679774997896
Opus+Sol,Sol,2,myth_game,10,column 11,0.16666666666666666,0.408248290463863,6,0.16666666666666669
Opus+Sol,Sol,2,myth_game,10,column 12,0.3333333333333333,0.5163977794943223,6,0.210818510677892
Opus+Sol,Sol,2,myth_game,10,column 13,0.0,0.0,6,0.0
Opus+Sol,Sol,2,myth_game,10,column 14,0.3333333333333333,0.5163977794943222,6,0.21081851067789195
Opus+Sol,Sol,2,myth_game,10,column 15,0.0,0.0,6,0.0
Opus+Sol,Sol,2,myth_game,10,column 16,0.3333333333333333,0.5163977794943223,6,0.210818510677892
Opus+Sol,Sol,2,myth_game,10,column 17,0.0,0.0,6,0.0
Opus+Sol,Sol,2,myth_game,10,column 18,0.3333333333333333,0.5163977794943223,6,0.210818510677892
Opus+Sol,Sol,2,myth_game,10,column 19,0.0,0.0,6,0.0
Opus+Sol,Sol,2,myth_game,10,column 2,0.16666666666666666,0.408248290463863,6,0.16666666666666669
Opus+Sol,Sol,2,myth_game,10,column 3,0.3333333333333333,0.5163977794943223,6,0.210818510677892
Opus+Sol,Sol,2,myth_game,10,column 4,0.6666666666666666,0.5163977794943223,6,0.210818510677892
Opus+Sol,Sol,2,myth_game,10,column 5,0.6666666666666666,0.5163977794943223,6,0.210818510677892
Opus+Sol,Sol,2,myth_game,10,column 6,0.16666666666666666,0.408248290463863,6,0.16666666666666669
Opus+Sol,Sol,2,myth_game,10,column 7,0.3333333333333333,0.5163977794943222,6,0.21081851067789195
Opus+Sol,Sol,2,myth_game,10,column 8,0.0,0.0,6,0.0
Opus+Sol,Sol,2,myth_game,10,column 9,0.0,0.0,6,0.0
Opus+Sol,Sol,2,myth_game,10,main: clarity_distortion,0.0,0.0,6,0.0
Opus+Sol,Sol,2,myth_game,10,main: cooperation_betrayal,0.0,0.0,6,0.0
Opus+Sol,Sol,2,myth_game,10,main: giving_hoarding,0.5,0.5477225575051661,6,0.22360679774997896
Opus+Sol,Sol,2,myth_game,10,main: high_low,0.0,0.0,6,0.0
Opus+Sol,Sol,2,myth_game,10,main: honesty_deception,0.0,0.0,6,0.0
Opus+Sol,Sol,2,myth_game,10,main: human_divine,0.0,0.0,6,0.0
Opus+Sol,Sol,2,myth_game,10,main: individual_community,0.0,0.0,6,0.0
Opus+Sol,Sol,2,myth_game,10,main: life_death,0.0,0.0,6,0.0
Opus+Sol,Sol,2,myth_game,10,main: light_dark,0.0,0.0,6,0.0
Opus+Sol,Sol,2,myth_game,10,main: nature_culture,0.0,0.0,6,0.0
Opus+Sol,Sol,2,myth_game,10,main: order_chaos,0.0,0.0,6,0.0
Opus+Sol,Sol,2,myth_game,10,main: other,0.0,0.0,6,0.0
Opus+Sol,Sol,2,myth_game,10,main: punishment_forgiveness,0.0,0.0,6,0.0
Opus+Sol,Sol,2,myth_game,10,main: scarcity_abundance,0.0,0.0,6,0.0
Opus+Sol,Sol,2,myth_game,10,main: trust_fear,0.5,0.5477225575051661,6,0.22360679774997896
Opus+Sol,Sol,2,myth_game,10,mediator present,0.6666666666666666,0.5163977794943222,6,0.21081851067789195
Opus+Sol,Sol,2,myth_game,10,resolution: balanced middle,0.0,0.0,6,0.0
Opus+Sol,Sol,2,myth_game,10,resolution: mediated,0.6666666666666666,0.5163977794943222,6,0.21081851067789195
Opus+Sol,Sol,2,myth_game,10,resolution: one pole wins,0.3333333333333333,0.5163977794943222,6,0.21081851067789195
Opus+Sol,Sol,2,myth_game,10,role inversion,0.0,0.0,6,0.0
