condition,condition_label,n_simulations,mean_trust_ratio,std_trust_ratio,mean_return_ratio,std_return_ratio,mean_final_balance,std_final_balance
game,Game Only,30,0.38733333333333336,0.27892571691322326,0.13394444444444445,0.21549781347653793,44.36666666666667,13.94628584566116
game_myth,Game → Myth,29,0.42896551724137927,0.21722933737834746,0.16781609195402297,0.18220527973723114,46.44827586206897,10.861466868917374
myth_game,Myth → Game,28,0.48714285714285716,0.20509330877949783,0.18396825396825398,0.13982113434482435,49.357142857142854,10.254665438974891
