noise_condition,task_order,n,mean,median,std,min,max
no_noise,game,10,55.0,55.0,0.0,55.0,55.0
no_noise,game_myth,20,56.5,55.0,3.570714214271425,55.0,65.0
no_noise,myth_game,20,55.5,55.0,2.179449471770337,55.0,65.0
noise,game,15,32.6,32.0,1.3063945294843617,31.0,35.0
noise,game_myth,13,36.80769230769231,37.0,1.704501523550795,34.0,41.0
noise,myth_game,15,37.0,37.0,2.898275349237888,32.0,41.0
noise_informed,game,15,33.56666666666667,33.0,1.27627931460511,32.0,36.0
noise_informed,game_myth,15,37.93333333333333,37.0,2.4073960113690385,35.0,45.0
noise_informed,myth_game,15,37.5,37.0,4.053804797142227,34.0,51.0
