dataset,setting,population,family,finding,effect,ci_low,ci_high,p,holm_p,n_runs,n_obs,status,note
september,"all settings pooled, discovery split",all september runs (GPT agents),GPT,"all myth features add held-out R2 for change in send (raw, ridge)",-1.710531472909338e-06,-3.999577696817136e-06,4.843147718841529e-07,,,69.0,816,no detectable effect,baseline R2 0.563; noise block gain -0.0002; MDE not calibrated for this stratum; September feature bank includes the style group (headline also checked without it: identical gain)
september,"all settings pooled, discovery split",all september runs (GPT agents),GPT,"all myth features add held-out R2 for change in send (within-agent, ridge)",-0.0001868844819652,-0.0005047230128165,8.121319974065672e-05,,,69.0,816,no detectable effect,baseline R2 0.714; noise block gain -0.0000; MDE not calibrated for this stratum; September feature bank includes the style group (headline also checked without it: identical gain)
september,"all settings pooled, discovery split",all september runs (GPT agents),GPT,"all myth features add held-out R2 for change in send (raw, hgb)",-0.0306367374437745,-0.0662310770050668,0.0023333621556713,,,69.0,816,no detectable effect,baseline R2 0.557; noise block gain -0.0623; September feature bank includes the style group (headline also checked without it: identical gain)
september,"all settings pooled, discovery split",all september runs (Sonnet agents),Sonnet,"all myth features add held-out R2 for change in send (raw, ridge)",-0.0001614786526669,-0.0004430573657988,2.6537601625825626e-06,,,54.0,676,no detectable effect,baseline R2 0.482; noise block gain -0.0001; MDE not calibrated for this stratum; September feature bank includes the style group (headline also checked without it: identical gain)
september,"all settings pooled, discovery split",all september runs (Sonnet agents),Sonnet,"all myth features add held-out R2 for change in send (within-agent, ridge)",-6.983382009106975e-06,-1.762295562364735e-05,1.736162213716863e-06,,,54.0,676,no detectable effect,baseline R2 0.714; noise block gain -0.0017; MDE not calibrated for this stratum; September feature bank includes the style group (headline also checked without it: identical gain)
september,"all settings pooled, discovery split",all september runs (Sonnet agents),Sonnet,"all myth features add held-out R2 for change in send (raw, hgb)",-0.0471648494221526,-0.0827951340208212,0.0068764442172735,,,54.0,676,no detectable effect,baseline R2 0.458; noise block gain -0.0950; September feature bank includes the style group (headline also checked without it: identical gain)
september,"all settings pooled, discovery split",all september runs,pooled,"all myth features add held-out R2 for change in send (raw, ridge)",-2.7564245073108395e-06,-6.771094844823522e-06,1.2054416530182795e-06,,,111.0,1968,no detectable effect,baseline R2 0.533; noise block gain -0.0010; MDE not calibrated for this stratum; September feature bank includes the style group (headline also checked without it: identical gain)
september,"all settings pooled, discovery split",all september runs,pooled,"all myth features add held-out R2 for change in send (within-agent, ridge)",8.793443984411731e-05,-0.0001540671271491,0.0003719085647695,,,111.0,1968,no detectable effect,baseline R2 0.682; noise block gain -0.0007; MDE not calibrated for this stratum; September feature bank includes the style group (headline also checked without it: identical gain)
september,"all settings pooled, discovery split",all september runs,pooled,"all myth features add held-out R2 for change in send (raw, hgb)",-0.0164574344780559,-0.036886207464669,0.0052404406715772,,,111.0,1968,no detectable effect,baseline R2 0.559; noise block gain -0.0230; September feature bank includes the style group (headline also checked without it: identical gain)
september,"all settings pooled, discovery split",all september runs (GPT agents),GPT,"all myth features add held-out R2 for return share (raw, ridge)",0.0007099992679989,-0.0057966243340804,0.0072784899244078,,,69.0,635,no detectable effect,baseline R2 0.306; noise block gain -0.0011; MDE not calibrated for this stratum; September feature bank includes the style group (headline also checked without it: identical gain)
september,"all settings pooled, discovery split",all september runs (GPT agents),GPT,"all myth features add held-out R2 for return share (within-agent, ridge)",2.0487405784086477e-06,-6.330972763216036e-06,1.2894541030200594e-05,,,69.0,635,no detectable effect,baseline R2 0.176; noise block gain -0.0000; MDE not calibrated for this stratum; September feature bank includes the style group (headline also checked without it: identical gain)
september,"all settings pooled, discovery split",all september runs (GPT agents),GPT,"all myth features add held-out R2 for return share (raw, hgb)",0.0139883336208705,-0.0435693421125394,0.0662717614084237,,,69.0,635,no detectable effect,baseline R2 0.274; noise block gain +0.0113; September feature bank includes the style group (headline also checked without it: identical gain)
september,"all settings pooled, discovery split",all september runs (Gemini agents),Gemini,"all myth features add held-out R2 for return share (raw, ridge)",-1.3239407651299828e-06,-6.372760862835558e-06,5.278247365439467e-06,,,54.0,481,no detectable effect,baseline R2 0.295; noise block gain -0.0000; MDE not calibrated for this stratum; September feature bank includes the style group (headline also checked without it: identical gain)
september,"all settings pooled, discovery split",all september runs (Gemini agents),Gemini,"all myth features add held-out R2 for return share (within-agent, ridge)",-0.0014473515257426,-0.0029051302546906,0.0003703129107011,,,54.0,481,no detectable effect,baseline R2 0.459; noise block gain -0.0016; MDE not calibrated for this stratum; September feature bank includes the style group (headline also checked without it: identical gain)
september,"all settings pooled, discovery split",all september runs (Gemini agents),Gemini,"all myth features add held-out R2 for return share (raw, hgb)",-0.1482928826640942,-0.2558998634528056,-0.0944000270894668,,,54.0,481,no detectable effect,baseline R2 0.261; noise block gain -0.1234; September feature bank includes the style group (headline also checked without it: identical gain)
september,"all settings pooled, discovery split",all september runs (Sonnet agents),Sonnet,"all myth features add held-out R2 for return share (raw, ridge)",-0.0036367765717391,-0.0088179062800195,0.0004159981972549,,,54.0,681,no detectable effect,baseline R2 0.389; noise block gain -0.0015; MDE not calibrated for this stratum; September feature bank includes the style group (headline also checked without it: identical gain)
september,"all settings pooled, discovery split",all september runs (Sonnet agents),Sonnet,"all myth features add held-out R2 for return share (within-agent, ridge)",-0.0005111415138433,-0.0030013727828057,0.0019939121686469,,,54.0,681,no detectable effect,baseline R2 0.224; noise block gain -0.0011; MDE not calibrated for this stratum; September feature bank includes the style group (headline also checked without it: identical gain)
september,"all settings pooled, discovery split",all september runs (Sonnet agents),Sonnet,"all myth features add held-out R2 for return share (raw, hgb)",-0.0374311445880396,-0.073800793331003,-0.001992973746326,,,54.0,681,no detectable effect,baseline R2 0.381; noise block gain -0.0423; September feature bank includes the style group (headline also checked without it: identical gain)
september,"all settings pooled, discovery split",all september runs,pooled,"all myth features add held-out R2 for return share (raw, ridge)",1.2659224151168047e-06,-5.600562373331286e-06,6.920039028035506e-06,,,111.0,1797,underpowered,baseline R2 0.400; noise block gain -0.0008; planted signal not recovered even at 0.05 R2; September feature bank includes the style group (headline also checked without it: identical gain)
september,"all settings pooled, discovery split",all september runs,pooled,"all myth features add held-out R2 for return share (within-agent, ridge)",-1.0870114644068174e-05,-3.154413598889516e-05,4.767242391795488e-06,,,111.0,1797,underpowered,baseline R2 0.205; noise block gain -0.0000; planted signal not recovered even at 0.05 R2; September feature bank includes the style group (headline also checked without it: identical gain)
september,"all settings pooled, discovery split",all september runs,pooled,"all myth features add held-out R2 for return share (raw, hgb)",0.0022172295037187,-0.0235402240526349,0.0276259540438114,,,111.0,1797,no detectable effect,baseline R2 0.420; noise block gain +0.0051; September feature bank includes the style group (headline also checked without it: identical gain)
september,"all settings pooled, discovery split",all september runs (GPT agents),GPT,"all myth features add held-out R2 for round-r send (raw, ridge)",-2.578301934286209e-06,-5.330689155866319e-06,-3.64484874115778e-08,,,69.0,827,no detectable effect,baseline R2 0.486; noise block gain -0.0006; MDE not calibrated for this stratum; September feature bank includes the style group (headline also checked without it: identical gain)
september,"all settings pooled, discovery split",all september runs (GPT agents),GPT,"all myth features add held-out R2 for round-r send (within-agent, ridge)",1.2500367585488448e-07,-4.4612535654742215e-06,4.383025836529607e-06,,,69.0,827,no detectable effect,baseline R2 0.353; noise block gain -0.0002; MDE not calibrated for this stratum; September feature bank includes the style group (headline also checked without it: identical gain)
september,"all settings pooled, discovery split",all september runs (GPT agents),GPT,"all myth features add held-out R2 for round-r send (raw, hgb)",-0.0025340724611614,-0.0344748467381754,0.0270243914813802,,,69.0,827,no detectable effect,baseline R2 0.469; noise block gain -0.0288; September feature bank includes the style group (headline also checked without it: identical gain)
september,"all settings pooled, discovery split",all september runs (Sonnet agents),Sonnet,"all myth features add held-out R2 for round-r send (raw, ridge)",-0.0001685461947558,-0.000579327119163,6.422667462301079e-05,,,54.0,687,no detectable effect,baseline R2 0.705; noise block gain -0.0020; MDE not calibrated for this stratum; September feature bank includes the style group (headline also checked without it: identical gain)
september,"all settings pooled, discovery split",all september runs (Sonnet agents),Sonnet,"all myth features add held-out R2 for round-r send (within-agent, ridge)",-0.0005242530174186,-0.0017136485460416,0.0001663486075337,,,54.0,687,no detectable effect,baseline R2 0.414; noise block gain -0.0017; MDE not calibrated for this stratum; September feature bank includes the style group (headline also checked without it: identical gain)
september,"all settings pooled, discovery split",all september runs (Sonnet agents),Sonnet,"all myth features add held-out R2 for round-r send (raw, hgb)",-0.0239828680420602,-0.0613208756907328,0.0086519125754601,,,54.0,687,no detectable effect,baseline R2 0.709; noise block gain -0.0491; September feature bank includes the style group (headline also checked without it: identical gain)
september,"all settings pooled, discovery split",all september runs,pooled,"all myth features add held-out R2 for round-r send (raw, ridge)",-1.3057946932626407e-06,-5.261385677649e-06,2.9191404344819356e-06,,,111.0,2001,no detectable effect,baseline R2 0.566; noise block gain -0.0003; planted-signal MDE 0.05 R2; September feature bank includes the style group (headline also checked without it: identical gain)
september,"all settings pooled, discovery split",all september runs,pooled,"all myth features add held-out R2 for round-r send (within-agent, ridge)",-0.0001409057967524,-0.001434987621076,0.001096092946063,,,111.0,2001,no detectable effect,baseline R2 0.281; noise block gain -0.0002; planted-signal MDE 0.05 R2; September feature bank includes the style group (headline also checked without it: identical gain)
september,"all settings pooled, discovery split",all september runs,pooled,"all myth features add held-out R2 for round-r send (raw, hgb)",-0.0192502981462443,-0.0378807904445424,-0.0009907973073323,,,111.0,2001,no detectable effect,baseline R2 0.605; noise block gain -0.0090; September feature bank includes the style group (headline also checked without it: identical gain)
frontier,"all settings pooled, discovery split",all frontier runs (GeminiPro agents),GeminiPro,all myth features add held-out R2 for change in send,,,,,,44.0,376,not estimable: ceiling,outcome sd 0.070
frontier,"all settings pooled, discovery split, game_myth",all frontier runs (GeminiPro agents),GeminiPro,"all myth features add held-out R2 for change in send (raw, ridge)",-9.853532355608152e-07,-3.3701447639172816e-06,-1.587684118398162e-07,,,27.0,288,no detectable effect,baseline R2 0.926; noise block gain +0.0001; MDE not calibrated for this stratum
frontier,"all settings pooled, discovery split, game_myth",all frontier runs (GeminiPro agents),GeminiPro,"all myth features add held-out R2 for change in send (within-agent, ridge)",-3.762464061418669e-07,,,,,27.0,288,no detectable effect,baseline R2 0.953; noise block gain +0.0000; MDE not calibrated for this stratum
frontier,"all settings pooled, discovery split, game_myth",all frontier runs (GeminiPro agents),GeminiPro,"all myth features add held-out R2 for change in send (raw, hgb)",-0.1696249108913052,,,,,27.0,288,no detectable effect,baseline R2 0.466; noise block gain -0.0891
frontier,"all settings pooled, discovery split",all frontier runs (Opus agents),Opus,"all myth features add held-out R2 for change in send (raw, ridge)",-0.0001051596688841,-0.0011865432162483,0.0008826214566432,,,44.0,396,no detectable effect,baseline R2 0.801; noise block gain -0.0029; MDE not calibrated for this stratum
frontier,"all settings pooled, discovery split",all frontier runs (Opus agents),Opus,"all myth features add held-out R2 for change in send (within-agent, ridge)",-0.0015048031570152,-0.0036622324027171,9.335350307931864e-05,,,44.0,396,no detectable effect,baseline R2 0.858; noise block gain -0.0008; MDE not calibrated for this stratum
frontier,"all settings pooled, discovery split",all frontier runs (Opus agents),Opus,"all myth features add held-out R2 for change in send (raw, hgb)",-0.0553231493629698,-0.1214751823074106,0.0163619186103989,,,44.0,396,no detectable effect,baseline R2 0.699; noise block gain -0.0281
frontier,"all settings pooled, discovery split, game_myth",all frontier runs (Opus agents),Opus,"all myth features add held-out R2 for change in send (raw, ridge)",-3.0588414568266664e-05,-0.0001147281676943,7.883954418699821e-06,,,27.0,308,no detectable effect,baseline R2 0.790; noise block gain +0.0021; MDE not calibrated for this stratum
frontier,"all settings pooled, discovery split, game_myth",all frontier runs (Opus agents),Opus,"all myth features add held-out R2 for change in send (within-agent, ridge)",-3.4429139561531485e-07,-1.1258995182783503e-06,3.652955606475716e-07,,,27.0,308,no detectable effect,baseline R2 0.857; noise block gain -0.0000; MDE not calibrated for this stratum
frontier,"all settings pooled, discovery split, game_myth",all frontier runs (Opus agents),Opus,"all myth features add held-out R2 for change in send (raw, hgb)",-0.0896026859802114,-0.1629719324777248,-0.0272568754192849,,,27.0,308,no detectable effect,baseline R2 0.688; noise block gain +0.0111
frontier,"all settings pooled, discovery split, myth_game",all frontier runs (Opus agents),Opus,all myth features add held-out R2 for change in send,,,,,,17.0,88,not estimable: ceiling,outcome sd 0.000
frontier,"all settings pooled, discovery split",all frontier runs (Sol agents),Sol,"all myth features add held-out R2 for change in send (raw, ridge)",-2.607366935691857e-07,-4.322353686059266e-06,3.5179794568712666e-06,,,44.0,396,no detectable effect,baseline R2 0.605; noise block gain -0.0000; MDE not calibrated for this stratum
frontier,"all settings pooled, discovery split",all frontier runs (Sol agents),Sol,"all myth features add held-out R2 for change in send (within-agent, ridge)",-0.001645216640318,-0.0047983628889305,3.730224158428043e-05,,,44.0,396,no detectable effect,baseline R2 0.769; noise block gain -0.0000; MDE not calibrated for this stratum
frontier,"all settings pooled, discovery split",all frontier runs (Sol agents),Sol,"all myth features add held-out R2 for change in send (raw, hgb)",-0.0675262261955006,-0.1702568412753657,-0.0124943724242872,,,44.0,396,no detectable effect,baseline R2 0.566; noise block gain -0.0781
frontier,"all settings pooled, discovery split, game_myth",all frontier runs (Sol agents),Sol,"all myth features add held-out R2 for change in send (raw, ridge)",5.425054384611272e-07,-1.9906592429785873e-06,2.785135691776848e-06,,,27.0,308,no detectable effect,baseline R2 0.613; noise block gain -0.0000; MDE not calibrated for this stratum
frontier,"all settings pooled, discovery split, game_myth",all frontier runs (Sol agents),Sol,"all myth features add held-out R2 for change in send (within-agent, ridge)",-1.1674271274131345e-06,-3.866284624082228e-06,5.639611887986447e-07,,,27.0,308,no detectable effect,baseline R2 0.769; noise block gain -0.0000; MDE not calibrated for this stratum
frontier,"all settings pooled, discovery split, game_myth",all frontier runs (Sol agents),Sol,"all myth features add held-out R2 for change in send (raw, hgb)",-0.1132202470238782,-0.3117736532452975,-0.0088416228204189,,,27.0,308,no detectable effect,baseline R2 0.548; noise block gain -0.1284
frontier,"all settings pooled, discovery split, myth_game",all frontier runs (Sol agents),Sol,"all myth features add held-out R2 for change in send (raw, ridge)",0.0051372314400317,,,,,17.0,88,no detectable effect,baseline R2 -0.159; noise block gain -0.0007; MDE not calibrated for this stratum
frontier,"all settings pooled, discovery split, myth_game",all frontier runs (Sol agents),Sol,"all myth features add held-out R2 for change in send (within-agent, ridge)",-0.0015308215489837,,,,,17.0,88,no detectable effect,baseline R2 -0.000; noise block gain -0.0004; MDE not calibrated for this stratum
frontier,"all settings pooled, discovery split, myth_game",all frontier runs (Sol agents),Sol,"all myth features add held-out R2 for change in send (raw, hgb)",0.2406097512130607,,,,,17.0,88,no detectable effect,baseline R2 -0.341; noise block gain +0.1360
frontier,"all settings pooled, discovery split",all frontier runs,pooled,"all myth features add held-out R2 for change in send (raw, ridge)",-0.0010824622963834,-0.0050493699912514,0.0043212745418606,,,86.0,1168,no detectable effect,baseline R2 0.668; noise block gain -0.0000; MDE not calibrated for this stratum
frontier,"all settings pooled, discovery split",all frontier runs,pooled,"all myth features add held-out R2 for change in send (within-agent, ridge)",-0.0011992683282781,-0.0044630034529656,0.0003437626898784,,,86.0,1168,no detectable effect,baseline R2 0.812; noise block gain -0.0000; MDE not calibrated for this stratum
frontier,"all settings pooled, discovery split",all frontier runs,pooled,"all myth features add held-out R2 for change in send (raw, hgb)",-0.0185158243186208,-0.0658266716839809,0.0240387496226108,,,86.0,1168,no detectable effect,baseline R2 0.670; noise block gain -0.0267
frontier,"all settings pooled, discovery split",all frontier runs (GeminiPro agents),GeminiPro,"all myth features add held-out R2 for return share (raw, ridge)",0.0191445693116159,-0.0193341829846898,0.0615292149419502,,,44.0,387,no detectable effect,baseline R2 -0.000; noise block gain -0.0140; MDE not calibrated for this stratum
frontier,"all settings pooled, discovery split",all frontier runs (GeminiPro agents),GeminiPro,"all myth features add held-out R2 for return share (within-agent, ridge)",-0.007186824252178,-0.0293513941154954,0.0117091838546181,,,44.0,387,no detectable effect,baseline R2 0.104; noise block gain +0.0003; MDE not calibrated for this stratum
frontier,"all settings pooled, discovery split",all frontier runs (GeminiPro agents),GeminiPro,"all myth features add held-out R2 for return share (raw, hgb)",0.0046077218690363,-0.1331712131503332,0.1068532239635897,,,44.0,387,no detectable effect,baseline R2 -0.002; noise block gain -0.1067
frontier,"all settings pooled, discovery split, game_myth",all frontier runs (GeminiPro agents),GeminiPro,"all myth features add held-out R2 for return share (raw, ridge)",0.0043327612118075,-0.0104486222860642,0.0241971631772555,,,27.0,288,no detectable effect,baseline R2 -0.016; noise block gain -0.0084; MDE not calibrated for this stratum
frontier,"all settings pooled, discovery split, game_myth",all frontier runs (GeminiPro agents),GeminiPro,"all myth features add held-out R2 for return share (within-agent, ridge)",0.0001019590948627,-0.0053326448566461,0.008293495149503,,,27.0,288,no detectable effect,baseline R2 0.078; noise block gain -0.0151; MDE not calibrated for this stratum
frontier,"all settings pooled, discovery split, game_myth",all frontier runs (GeminiPro agents),GeminiPro,"all myth features add held-out R2 for return share (raw, hgb)",-0.0645785338925266,-0.2196920982026163,0.0803370388776511,,,27.0,288,no detectable effect,baseline R2 -0.118; noise block gain -0.0366
frontier,"all settings pooled, discovery split, myth_game",all frontier runs (GeminiPro agents),GeminiPro,"all myth features add held-out R2 for return share (raw, ridge)",-0.0114850044887839,-0.0448724515859613,0.0132266129287807,,,17.0,99,no detectable effect,baseline R2 -0.139; noise block gain +0.0323; MDE not calibrated for this stratum
frontier,"all settings pooled, discovery split, myth_game",all frontier runs (GeminiPro agents),GeminiPro,"all myth features add held-out R2 for return share (within-agent, ridge)",-0.0530617399807589,-0.1439912268946551,0.0210740216744425,,,17.0,99,no detectable effect,baseline R2 -0.156; noise block gain +0.0389; MDE not calibrated for this stratum
frontier,"all settings pooled, discovery split, myth_game",all frontier runs (GeminiPro agents),GeminiPro,"all myth features add held-out R2 for return share (raw, hgb)",-0.1327772928983002,-0.3287064663769105,0.0415482350110605,,,17.0,99,no detectable effect,baseline R2 -0.049; noise block gain +0.0266
frontier,"all settings pooled, discovery split",all frontier runs (Opus agents),Opus,"all myth features add held-out R2 for return share (raw, ridge)",0.0391466577413881,0.0194135721962085,0.0618330583397904,,,44.0,407,suggestive,"baseline R2 0.331; noise block gain +0.0000; discovery split, uncorrected over ~40 strata; carried by the own myth's stated return rule (Opus rule-only +0.068 R2, holds in game_myth +0.060 and myth_game +0.039 and with full cell dummies); within-agent +0.016 (CI -0.002 to 0.037); not confirmed at R4 (own round-1 return rule -> round-1 return +0.006, ns)"
frontier,"all settings pooled, discovery split",all frontier runs (Opus agents),Opus,"all myth features add held-out R2 for return share (within-agent, ridge)",0.0156929655689505,-0.001935105867069,0.0366358330776154,,,44.0,407,no detectable effect,baseline R2 0.112; noise block gain +0.0007; planted-signal MDE 0.01 R2
frontier,"all settings pooled, discovery split",all frontier runs (Opus agents),Opus,"all myth features add held-out R2 for return share (raw, hgb)",0.0862674332911139,0.0313993984963476,0.1530795239248109,,,44.0,407,suggestive,"baseline R2 0.320; noise block gain -0.0362; discovery split, uncorrected over ~40 strata; carried by the own myth's stated return rule (Opus rule-only +0.068 R2, holds in game_myth +0.060 and myth_game +0.039 and with full cell dummies); within-agent +0.016 (CI -0.002 to 0.037); not confirmed at R4 (own round-1 return rule -> round-1 return +0.006, ns)"
frontier,"all settings pooled, discovery split, game_myth",all frontier runs (Opus agents),Opus,"all myth features add held-out R2 for return share (raw, ridge)",0.003039686469766,-0.0151474364454182,0.0269861816502159,,,27.0,308,no detectable effect,baseline R2 0.298; noise block gain -0.0011; planted-signal MDE 0.01 R2
frontier,"all settings pooled, discovery split, game_myth",all frontier runs (Opus agents),Opus,"all myth features add held-out R2 for return share (within-agent, ridge)",-0.0049532299207273,-0.0161514941811111,0.0081396965565859,,,27.0,308,no detectable effect,baseline R2 0.131; noise block gain -0.0035; planted-signal MDE 0.01 R2
frontier,"all settings pooled, discovery split, game_myth",all frontier runs (Opus agents),Opus,"all myth features add held-out R2 for return share (raw, hgb)",0.0436748758353269,-0.0298774133926168,0.1309688913213978,,,27.0,308,no detectable effect,baseline R2 0.211; noise block gain +0.0028
frontier,"all settings pooled, discovery split, myth_game",all frontier runs (Opus agents),Opus,"all myth features add held-out R2 for return share (raw, ridge)",-0.058485913042493,-0.1986845314121992,0.0159888159053084,,,17.0,99,no detectable effect,baseline R2 0.512; noise block gain +0.0043; planted-signal MDE 0.01 R2
frontier,"all settings pooled, discovery split, myth_game",all frontier runs (Opus agents),Opus,"all myth features add held-out R2 for return share (within-agent, ridge)",0.0122503703605232,-0.0702384729370052,0.0833594502969309,,,17.0,99,no detectable effect,baseline R2 -0.017; noise block gain +0.0297; planted-signal MDE 0.01 R2
frontier,"all settings pooled, discovery split, myth_game",all frontier runs (Opus agents),Opus,"all myth features add held-out R2 for return share (raw, hgb)",-0.0682241509627092,-0.2402848979212144,0.1519975877321809,,,17.0,99,no detectable effect,baseline R2 0.399; noise block gain -0.0008
frontier,"all settings pooled, discovery split",all frontier runs (Sol agents),Sol,"all myth features add held-out R2 for return share (raw, ridge)",-1.5013223375603957e-06,-4.288561799223323e-06,1.332984480220678e-06,,,44.0,407,underpowered,baseline R2 0.536; noise block gain -0.0019; planted signal not recovered even at 0.1 R2
frontier,"all settings pooled, discovery split",all frontier runs (Sol agents),Sol,"all myth features add held-out R2 for return share (within-agent, ridge)",-0.0026116254390829,-0.005989296999455,0.0004778436344068,,,44.0,407,underpowered,baseline R2 0.305; noise block gain -0.0058; planted-signal MDE 0.1 R2
frontier,"all settings pooled, discovery split",all frontier runs (Sol agents),Sol,"all myth features add held-out R2 for return share (raw, hgb)",-0.017039226236552,-0.0664568396584887,0.019959624508145,,,44.0,407,no detectable effect,baseline R2 0.546; noise block gain +0.0166
frontier,"all settings pooled, discovery split, game_myth",all frontier runs (Sol agents),Sol,"all myth features add held-out R2 for return share (raw, ridge)",0.0002161636439561,-0.0002875840460178,0.0015200777926095,,,27.0,308,underpowered,baseline R2 0.515; noise block gain -0.0026; planted signal not recovered even at 0.1 R2
frontier,"all settings pooled, discovery split, game_myth",all frontier runs (Sol agents),Sol,"all myth features add held-out R2 for return share (within-agent, ridge)",0.0050672023170648,-0.0026581897051034,0.0214313409838911,,,27.0,308,underpowered,baseline R2 0.315; noise block gain -0.0071; planted-signal MDE 0.1 R2
frontier,"all settings pooled, discovery split, game_myth",all frontier runs (Sol agents),Sol,"all myth features add held-out R2 for return share (raw, hgb)",0.0296048288372121,-0.0223726718438787,0.0928931768217661,,,27.0,308,no detectable effect,baseline R2 0.495; noise block gain +0.0265
frontier,"all settings pooled, discovery split, myth_game",all frontier runs (Sol agents),Sol,"all myth features add held-out R2 for return share (raw, ridge)",-3.378758861694031e-06,-1.0693469347702878e-05,-4.174887245717029e-07,,,17.0,99,underpowered,baseline R2 0.346; noise block gain -0.0085; planted signal not recovered even at 0.1 R2
frontier,"all settings pooled, discovery split, myth_game",all frontier runs (Sol agents),Sol,"all myth features add held-out R2 for return share (within-agent, ridge)",-0.0124611469983266,-0.0693239217771083,0.014030628180595,,,17.0,99,underpowered,baseline R2 0.159; noise block gain -0.0000; planted-signal MDE 0.1 R2
frontier,"all settings pooled, discovery split, myth_game",all frontier runs (Sol agents),Sol,"all myth features add held-out R2 for return share (raw, hgb)",-0.2500018195892916,-0.6459912922362422,-0.0719181588049687,,,17.0,99,no detectable effect,baseline R2 0.086; noise block gain -0.2190
frontier,"all settings pooled, discovery split",all frontier runs,pooled,"all myth features add held-out R2 for return share (raw, ridge)",0.0049485209616986,0.0009144816282841,0.0106821787462611,,,86.0,1201,suggestive,"baseline R2 0.616; noise block gain +0.0003; discovery split, uncorrected over ~40 strata; carried by the own myth's stated return rule (Opus rule-only +0.068 R2, holds in game_myth +0.060 and myth_game +0.039 and with full cell dummies); within-agent +0.016 (CI -0.002 to 0.037); not confirmed at R4 (own round-1 return rule -> round-1 return +0.006, ns)"
frontier,"all settings pooled, discovery split",all frontier runs,pooled,"all myth features add held-out R2 for return share (within-agent, ridge)",0.00443943192722,-0.0020314487932834,0.0105004416655709,,,86.0,1201,no detectable effect,baseline R2 0.242; noise block gain -0.0002; planted-signal MDE 0.01 R2
frontier,"all settings pooled, discovery split",all frontier runs,pooled,"all myth features add held-out R2 for return share (raw, hgb)",-0.0148947466884035,-0.037479442503678,0.0078963029265934,,,86.0,1201,no detectable effect,baseline R2 0.658; noise block gain -0.0293
frontier,"all settings pooled, discovery split",all frontier runs (GeminiPro agents),GeminiPro,all myth features add held-out R2 for round-r send,,,,,,44.0,387,not estimable: ceiling,outcome sd 0.026
frontier,"all settings pooled, discovery split, game_myth",all frontier runs (GeminiPro agents),GeminiPro,all myth features add held-out R2 for round-r send,,,,,,27.0,288,not estimable: ceiling,outcome sd 0.018
frontier,"all settings pooled, discovery split, myth_game",all frontier runs (GeminiPro agents),GeminiPro,all myth features add held-out R2 for round-r send,,,,,,17.0,99,not estimable: ceiling,outcome sd 0.040
frontier,"all settings pooled, discovery split",all frontier runs (Opus agents),Opus,"all myth features add held-out R2 for round-r send (raw, ridge)",0.0031424228067344,-0.0158213816082247,0.0175829625961707,,,44.0,407,underpowered,baseline R2 0.098; noise block gain -0.0150; planted signal not recovered even at 0.1 R2
frontier,"all settings pooled, discovery split",all frontier runs (Opus agents),Opus,"all myth features add held-out R2 for round-r send (within-agent, ridge)",-0.0309621748565152,-0.1203732350138382,-0.001446255643276,,,44.0,407,underpowered,baseline R2 0.067; noise block gain -0.0015; planted signal not recovered even at 0.1 R2
frontier,"all settings pooled, discovery split",all frontier runs (Opus agents),Opus,"all myth features add held-out R2 for round-r send (raw, hgb)",-0.0494517181240641,-0.1905760853836275,0.0939909372106369,,,44.0,407,no detectable effect,baseline R2 0.115; noise block gain +0.0083
frontier,"all settings pooled, discovery split, game_myth",all frontier runs (Opus agents),Opus,"all myth features add held-out R2 for round-r send (raw, ridge)",-0.0011887590243797,-0.0039728856242874,0.0004823069736326,,,27.0,308,underpowered,baseline R2 0.083; noise block gain +0.0034; planted signal not recovered even at 0.1 R2
frontier,"all settings pooled, discovery split, game_myth",all frontier runs (Opus agents),Opus,"all myth features add held-out R2 for round-r send (within-agent, ridge)",-0.0008675039427203,-0.0269606989104015,0.0078362686282614,,,27.0,308,underpowered,baseline R2 0.072; noise block gain +0.0004; planted signal not recovered even at 0.1 R2
frontier,"all settings pooled, discovery split, game_myth",all frontier runs (Opus agents),Opus,"all myth features add held-out R2 for round-r send (raw, hgb)",0.0001343638524994,-0.1114442626816709,0.1926857501521171,,,27.0,308,no detectable effect,baseline R2 0.059; noise block gain +0.0154
frontier,"all settings pooled, discovery split, myth_game",all frontier runs (Opus agents),Opus,all myth features add held-out R2 for round-r send,,,,,,17.0,99,not estimable: ceiling,outcome sd 0.000
frontier,"all settings pooled, discovery split",all frontier runs (Sol agents),Sol,"all myth features add held-out R2 for round-r send (raw, ridge)",-1.0053617893746036e-07,-3.8849932296691755e-06,2.4259957262823255e-06,,,44.0,407,underpowered,baseline R2 0.721; noise block gain -0.0000; planted signal not recovered even at 0.1 R2
frontier,"all settings pooled, discovery split",all frontier runs (Sol agents),Sol,"all myth features add held-out R2 for round-r send (within-agent, ridge)",-0.0165545603860465,-0.0559999123577705,-0.0017512309464739,,,44.0,407,underpowered,baseline R2 0.237; noise block gain -0.0000; planted signal not recovered even at 0.1 R2
frontier,"all settings pooled, discovery split",all frontier runs (Sol agents),Sol,"all myth features add held-out R2 for round-r send (raw, hgb)",-0.0388700699828687,-0.0715988823037671,-0.0037191553449773,,,44.0,407,no detectable effect,baseline R2 0.751; noise block gain -0.0239
frontier,"all settings pooled, discovery split, game_myth",all frontier runs (Sol agents),Sol,"all myth features add held-out R2 for round-r send (raw, ridge)",5.423961433326241e-07,-1.5703141464207258e-06,1.9650064852355653e-06,,,27.0,308,underpowered,baseline R2 0.709; noise block gain -0.0000; planted signal not recovered even at 0.1 R2
frontier,"all settings pooled, discovery split, game_myth",all frontier runs (Sol agents),Sol,"all myth features add held-out R2 for round-r send (within-agent, ridge)",-2.184125832305206e-06,-1.0361039841166874e-05,5.991258648962994e-06,,,27.0,308,underpowered,baseline R2 0.215; noise block gain -0.0000; planted signal not recovered even at 0.1 R2
frontier,"all settings pooled, discovery split, game_myth",all frontier runs (Sol agents),Sol,"all myth features add held-out R2 for round-r send (raw, hgb)",-0.0901951468187443,-0.1454580764153489,-0.0216184144122146,,,27.0,308,no detectable effect,baseline R2 0.752; noise block gain -0.0517
frontier,"all settings pooled, discovery split, myth_game",all frontier runs (Sol agents),Sol,"all myth features add held-out R2 for round-r send (raw, ridge)",-3.687617701197965e-07,,,,,17.0,99,underpowered,baseline R2 0.796; noise block gain +0.0016; planted signal not recovered even at 0.1 R2
frontier,"all settings pooled, discovery split, myth_game",all frontier runs (Sol agents),Sol,"all myth features add held-out R2 for round-r send (within-agent, ridge)",1.0144080245799714e-05,,,,,17.0,99,underpowered,baseline R2 -0.025; noise block gain -0.0028; planted signal not recovered even at 0.1 R2
frontier,"all settings pooled, discovery split, myth_game",all frontier runs (Sol agents),Sol,"all myth features add held-out R2 for round-r send (raw, hgb)",-0.2454961124579198,,,,,17.0,99,no detectable effect,baseline R2 0.637; noise block gain -0.1608
frontier,"all settings pooled, discovery split",all frontier runs,pooled,"all myth features add held-out R2 for round-r send (raw, ridge)",4.937870469179373e-07,-1.3999202452993908e-05,5.4563189213485686e-06,,,86.0,1201,no detectable effect,baseline R2 0.678; noise block gain -0.0004; planted-signal MDE 0.05 R2
frontier,"all settings pooled, discovery split",all frontier runs,pooled,"all myth features add held-out R2 for round-r send (within-agent, ridge)",-0.0134714736163429,-0.05034102199073,0.0025865210724998,,,86.0,1201,underpowered,baseline R2 0.248; noise block gain -0.0000; planted signal not recovered even at 0.1 R2
frontier,"all settings pooled, discovery split",all frontier runs,pooled,"all myth features add held-out R2 for round-r send (raw, hgb)",-0.0175152581516883,-0.0416987368745031,0.0137738310859502,,,86.0,1201,no detectable effect,baseline R2 0.760; noise block gain -0.0142
september,all; myth_game round 1 (R4),all september myth_game runs,pooled,own round-1 myth lex_multiplier (per SD) -> round-1 send,-0.0155152360865416,-0.0458677744246446,0.0148373022515613,0.3164062823421163,1.0,62.0,163,no detectable effect,wild-cluster p 0.289 (Holm on wild p 1.000); pooled excludes ceiling families Gemini; Holm family 25 tests
september,all; myth_game round 1 (R4),all september myth_game runs (GPT agents),GPT,own round-1 myth lex_multiplier (per SD) -> round-1 send,-0.0144294447214,-0.0522790929711874,0.0234202035283873,0.4549438837765277,1.0,42.0,91,no detectable effect,wild-cluster p 0.453 (Holm on wild p 1.000); Holm family 25 tests
september,all; myth_game round 1 (R4),all september myth_game runs (Gemini agents),Gemini,own round-1 myth lex_multiplier (per SD) -> round-1 send,,,,,,27.0,50,not estimable: ceiling,Holm family 9 tests
september,all; myth_game round 1 (R4),all september myth_game runs (Sonnet agents),Sonnet,own round-1 myth lex_multiplier (per SD) -> round-1 send,-0.0186299840169356,-0.0621035978491135,0.0248436298152422,0.4009565968536638,1.0,31.0,72,no detectable effect,wild-cluster p 0.431 (Holm on wild p 1.000); Holm family 25 tests
september,all; myth_game round 1 (R4),all september myth_game runs,pooled,own round-1 myth lex_caution (per SD) -> round-1 send,0.0041859244666845,-0.023510185772805,0.0318820347061741,0.7670587833966843,1.0,62.0,163,no detectable effect,wild-cluster p 0.771 (Holm on wild p 1.000); pooled excludes ceiling families Gemini; Holm family 25 tests
september,all; myth_game round 1 (R4),all september myth_game runs (GPT agents),GPT,own round-1 myth lex_caution (per SD) -> round-1 send,-0.0008812964631645,-0.0427637275171388,0.0410011345908096,0.9671030831702184,1.0,42.0,91,no detectable effect,wild-cluster p 0.964 (Holm on wild p 1.000); Holm family 25 tests
september,all; myth_game round 1 (R4),all september myth_game runs (Gemini agents),Gemini,own round-1 myth lex_caution (per SD) -> round-1 send,,,,,,27.0,50,not estimable: ceiling,Holm family 9 tests
september,all; myth_game round 1 (R4),all september myth_game runs (Sonnet agents),Sonnet,own round-1 myth lex_caution (per SD) -> round-1 send,0.0101958786017457,-0.0231343085822555,0.0435260657857469,0.5487973553424976,1.0,31.0,72,no detectable effect,wild-cluster p 0.583 (Holm on wild p 1.000); Holm family 25 tests
september,all; myth_game round 1 (R4),all september myth_game runs,pooled,own round-1 myth rule_send_amount (per SD) -> round-1 send,0.1542444566589678,0.1359678824686655,0.1725210308492701,1.8578104740481738e-61,4.644526185120434e-60,37.0,62,yes,wild-cluster p 0.000 (Holm on wild p 0.000); pooled excludes ceiling families Gemini; Holm family 25 tests
september,all; myth_game round 1 (R4),all september myth_game runs (GPT agents),GPT,own round-1 myth rule_send_amount (per SD) -> round-1 send,0.15307620505898,0.1077190783531731,0.1984333317647869,3.7230251022656535e-11,9.307562755664133e-10,17.0,22,yes,wild-cluster p 0.003 (Holm on wild p 0.075); Holm family 25 tests
september,all; myth_game round 1 (R4),all september myth_game runs (Gemini agents),Gemini,own round-1 myth rule_send_amount (per SD) -> round-1 send,,,,,,27.0,50,not estimable: ceiling,Holm family 9 tests
september,all; myth_game round 1 (R4),all september myth_game runs (Sonnet agents),Sonnet,own round-1 myth rule_send_amount (per SD) -> round-1 send,0.154669113398925,0.1352673344777987,0.1740708923200513,4.946754266933177e-55,1.2366885667332946e-53,22.0,40,yes,wild-cluster p 0.000 (Holm on wild p 0.000); Holm family 25 tests
september,all; myth_game round 1 (R4),all september myth_game runs,pooled,own round-1 myth label_ds_generous (per SD) -> round-1 send,0.0168797241888054,-0.0204633370511256,0.0542227854287366,0.3756507286732802,1.0,62.0,163,no detectable effect,wild-cluster p 0.368 (Holm on wild p 1.000); pooled excludes ceiling families Gemini; Holm family 25 tests
september,all; myth_game round 1 (R4),all september myth_game runs (GPT agents),GPT,own round-1 myth label_ds_generous (per SD) -> round-1 send,0.0139871192533376,-0.0401810172188863,0.0681552557255616,0.6127896111046377,1.0,42.0,91,no detectable effect,wild-cluster p 0.622 (Holm on wild p 1.000); Holm family 25 tests
september,all; myth_game round 1 (R4),all september myth_game runs (Gemini agents),Gemini,own round-1 myth label_ds_generous (per SD) -> round-1 send,,,,,,27.0,50,not estimable: ceiling,Holm family 9 tests
september,all; myth_game round 1 (R4),all september myth_game runs (Sonnet agents),Sonnet,own round-1 myth label_ds_generous (per SD) -> round-1 send,0.0217137610114638,-0.0239336883593081,0.0673612103822359,0.3511693689084914,1.0,31.0,72,no detectable effect,wild-cluster p 0.360 (Holm on wild p 1.000); Holm family 25 tests
september,all; myth_game round 1 (R4),all september myth_game runs,pooled,own round-1 myth lex_generosity (per SD) -> round-1 send,0.0157526900731928,-0.0149869232554217,0.0464923034018075,0.315188395865578,1.0,62.0,163,no detectable effect,wild-cluster p 0.306 (Holm on wild p 1.000); pooled excludes ceiling families Gemini; Holm family 25 tests
september,all; myth_game round 1 (R4),all september myth_game runs (GPT agents),GPT,own round-1 myth lex_generosity (per SD) -> round-1 send,0.0287548721380606,-0.0193772126488811,0.0768869569250025,0.2416334987702084,1.0,42.0,91,no detectable effect,wild-cluster p 0.223 (Holm on wild p 1.000); Holm family 25 tests
september,all; myth_game round 1 (R4),all september myth_game runs (Gemini agents),Gemini,own round-1 myth lex_generosity (per SD) -> round-1 send,,,,,,27.0,50,not estimable: ceiling,Holm family 9 tests
september,all; myth_game round 1 (R4),all september myth_game runs (Sonnet agents),Sonnet,own round-1 myth lex_generosity (per SD) -> round-1 send,0.0032521414829332,-0.0357972650116621,0.0423015479775285,0.8703364278460823,1.0,31.0,72,no detectable effect,wild-cluster p 0.860 (Holm on wild p 1.000); Holm family 25 tests
september,all; myth_game round 1 (R4),all september myth_game runs,pooled,own round-1 myth lex_multiplier (per SD) -> round-1 return,-0.0026796263787028,-0.0134698294310717,0.008110576673666,0.6264460262073802,1.0,77.0,209,no detectable effect,wild-cluster p 0.619 (Holm on wild p 1.000); Holm family 25 tests
september,all; myth_game round 1 (R4),all september myth_game runs (GPT agents),GPT,own round-1 myth lex_multiplier (per SD) -> round-1 return,-0.0064318168148811,-0.0227524806159799,0.0098888469862176,0.4398757910073138,1.0,39.0,89,no detectable effect,wild-cluster p 0.444 (Holm on wild p 1.000); Holm family 25 tests
september,all; myth_game round 1 (R4),all september myth_game runs (Gemini agents),Gemini,own round-1 myth lex_multiplier (per SD) -> round-1 return,0.0033042450693647,-0.0044272076839186,0.0110356978226481,0.402230940591733,1.0,25.0,46,no detectable effect,wild-cluster p 0.453 (Holm on wild p 1.000); Holm family 9 tests
september,all; myth_game round 1 (R4),all september myth_game runs (Sonnet agents),Sonnet,own round-1 myth lex_multiplier (per SD) -> round-1 return,0.0096550138266668,-0.0195116580948687,0.0388216857482024,0.5164644962806899,1.0,30.0,74,no detectable effect,wild-cluster p 0.522 (Holm on wild p 1.000); Holm family 25 tests
september,all; myth_game round 1 (R4),all september myth_game runs,pooled,own round-1 myth lex_caution (per SD) -> round-1 return,-0.0045485839382693,-0.0167402454688406,0.007643077592302,0.4646310629024814,1.0,77.0,209,no detectable effect,wild-cluster p 0.485 (Holm on wild p 1.000); Holm family 25 tests
september,all; myth_game round 1 (R4),all september myth_game runs (GPT agents),GPT,own round-1 myth lex_caution (per SD) -> round-1 return,-0.0237358019200315,-0.0461617876991107,-0.0013098161409523,0.0380386519896685,0.9129276477520456,39.0,89,no detectable effect,wild-cluster p 0.059 (Holm on wild p 1.000); Holm family 25 tests
september,all; myth_game round 1 (R4),all september myth_game runs (Gemini agents),Gemini,own round-1 myth lex_caution (per SD) -> round-1 return,0.0037004969364813,-0.0046327091352999,0.0120337030082626,0.3841068797167523,1.0,25.0,46,no detectable effect,wild-cluster p 0.432 (Holm on wild p 1.000); Holm family 9 tests
september,all; myth_game round 1 (R4),all september myth_game runs (Sonnet agents),Sonnet,own round-1 myth lex_caution (per SD) -> round-1 return,0.0098872364140055,-0.0052002370304072,0.0249747098584183,0.1989956266188171,1.0,30.0,74,no detectable effect,wild-cluster p 0.258 (Holm on wild p 1.000); Holm family 25 tests
september,all; myth_game round 1 (R4),all september myth_game runs,pooled,own round-1 myth rule_send_amount (per SD) -> round-1 return,0.0023677937876319,-0.0168118743995809,0.0215474619748447,0.8088080052399035,1.0,64.0,109,no detectable effect,wild-cluster p 0.796 (Holm on wild p 1.000); Holm family 25 tests
september,all; myth_game round 1 (R4),all september myth_game runs (GPT agents),GPT,own round-1 myth rule_send_amount (per SD) -> round-1 return,-0.0018446354407668,-0.0634314784356163,0.0597422075540826,0.953187550001664,1.0,24.0,29,no detectable effect,wild-cluster p 0.949 (Holm on wild p 1.000); Holm family 25 tests
september,all; myth_game round 1 (R4),all september myth_game runs (Gemini agents),Gemini,own round-1 myth rule_send_amount (per SD) -> round-1 return,,,,,,25.0,46,not estimable: predictor has no spread,Holm family 9 tests
september,all; myth_game round 1 (R4),all september myth_game runs (Sonnet agents),Sonnet,own round-1 myth rule_send_amount (per SD) -> round-1 return,0.0049073439532856,-0.0119667945630203,0.0217814824695915,0.5686793680213285,1.0,23.0,34,no detectable effect,wild-cluster p 0.610 (Holm on wild p 1.000); Holm family 25 tests
september,all; myth_game round 1 (R4),all september myth_game runs,pooled,own round-1 myth label_ds_generous (per SD) -> round-1 return,0.0097360310651065,-0.0043872625738508,0.0238593247040639,0.1766568656240671,1.0,77.0,209,no detectable effect,wild-cluster p 0.196 (Holm on wild p 1.000); Holm family 25 tests
september,all; myth_game round 1 (R4),all september myth_game runs (GPT agents),GPT,own round-1 myth label_ds_generous (per SD) -> round-1 return,0.0147851907237706,-0.0082754469296569,0.0378458283771982,0.2088915387221546,1.0,39.0,89,no detectable effect,wild-cluster p 0.222 (Holm on wild p 1.000); Holm family 25 tests
september,all; myth_game round 1 (R4),all september myth_game runs (Gemini agents),Gemini,own round-1 myth label_ds_generous (per SD) -> round-1 return,-0.0046691841047289,-0.0167360132760231,0.0073976450665652,0.4482140655376558,1.0,25.0,46,no detectable effect,wild-cluster p 0.461 (Holm on wild p 1.000); Holm family 9 tests
september,all; myth_game round 1 (R4),all september myth_game runs (Sonnet agents),Sonnet,own round-1 myth label_ds_generous (per SD) -> round-1 return,0.0121924124078964,-0.0053228696907374,0.0297076945065303,0.172462571773007,1.0,30.0,74,no detectable effect,wild-cluster p 0.203 (Holm on wild p 1.000); Holm family 25 tests
september,all; myth_game round 1 (R4),all september myth_game runs,pooled,own round-1 myth lex_generosity (per SD) -> round-1 return,0.0053118251965616,-0.0075094099238005,0.0181330603169238,0.4167852244998918,1.0,77.0,209,no detectable effect,wild-cluster p 0.402 (Holm on wild p 1.000); Holm family 25 tests
september,all; myth_game round 1 (R4),all september myth_game runs (GPT agents),GPT,own round-1 myth lex_generosity (per SD) -> round-1 return,0.0030559153393486,-0.0231904454292405,0.0293022761079377,0.8194888517121105,1.0,39.0,89,no detectable effect,wild-cluster p 0.819 (Holm on wild p 1.000); Holm family 25 tests
september,all; myth_game round 1 (R4),all september myth_game runs (Gemini agents),Gemini,own round-1 myth lex_generosity (per SD) -> round-1 return,-0.0030385734491989,-0.0141313727848384,0.0080542258864404,0.5913509790404516,1.0,25.0,46,no detectable effect,wild-cluster p 0.615 (Holm on wild p 1.000); Holm family 9 tests
september,all; myth_game round 1 (R4),all september myth_game runs (Sonnet agents),Sonnet,own round-1 myth lex_generosity (per SD) -> round-1 return,0.0105751771962769,-0.0027590495511226,0.0239094039436765,0.1200846643967405,1.0,30.0,74,no detectable effect,wild-cluster p 0.169 (Holm on wild p 1.000); Holm family 25 tests
september,all; 8-agent myth_game rounds>=2 (R3),september 8-agent myth_game runs,pooled,"shown myth lex_multiplier (per SD, minus unseen placebo) -> round-r send",-0.0013146151838668,-0.0371452227122037,0.03451599234447,0.9426731003277486,1.0,40.0,858,no detectable effect,wild-cluster p 0.929 (Holm on wild p 1.000); pooled excludes ceiling families Gemini; Holm family 25 tests
september,all; 8-agent myth_game rounds>=2 (R3),september 8-agent myth_game runs (GPT agents),GPT,"shown myth lex_multiplier (per SD, minus unseen placebo) -> round-r send",-0.0095801404809585,-0.0734470607189045,0.0542867797569873,0.7687596291377872,1.0,35.0,481,no detectable effect,wild-cluster p 0.714 (Holm on wild p 1.000); Holm family 25 tests
september,all; 8-agent myth_game rounds>=2 (R3),september 8-agent myth_game runs (Gemini agents),Gemini,"shown myth lex_multiplier (per SD, minus unseen placebo) -> round-r send",,,,,,20.0,229,not estimable: ceiling,Holm family 9 tests
september,all; 8-agent myth_game rounds>=2 (R3),september 8-agent myth_game runs (Sonnet agents),Sonnet,"shown myth lex_multiplier (per SD, minus unseen placebo) -> round-r send",-0.0152965578914021,-0.0461384913546986,0.0155453755718943,0.3310127530859175,1.0,20.0,377,no detectable effect,wild-cluster p 0.327 (Holm on wild p 1.000); Holm family 25 tests
september,all; 8-agent myth_game rounds>=2 (R3),september 8-agent myth_game runs,pooled,"shown myth lex_caution (per SD, minus unseen placebo) -> round-r send",-0.0073181885383373,-0.0583106570594869,0.0436742799828122,0.778492273663774,1.0,40.0,858,no detectable effect,wild-cluster p 0.759 (Holm on wild p 1.000); pooled excludes ceiling families Gemini; Holm family 25 tests
september,all; 8-agent myth_game rounds>=2 (R3),september 8-agent myth_game runs (GPT agents),GPT,"shown myth lex_caution (per SD, minus unseen placebo) -> round-r send",-0.0144278436731689,-0.0886571901587258,0.0598015028123879,0.7032365071747864,1.0,35.0,481,no detectable effect,wild-cluster p 0.668 (Holm on wild p 1.000); Holm family 25 tests
september,all; 8-agent myth_game rounds>=2 (R3),september 8-agent myth_game runs (Gemini agents),Gemini,"shown myth lex_caution (per SD, minus unseen placebo) -> round-r send",,,,,,20.0,229,not estimable: ceiling,Holm family 9 tests
september,all; 8-agent myth_game rounds>=2 (R3),september 8-agent myth_game runs (Sonnet agents),Sonnet,"shown myth lex_caution (per SD, minus unseen placebo) -> round-r send",-0.0007437283369761,-0.0211400204195108,0.0196525637455584,0.9430253482064092,1.0,20.0,377,no detectable effect,wild-cluster p 0.937 (Holm on wild p 1.000); Holm family 25 tests
september,all; 8-agent myth_game rounds>=2 (R3),september 8-agent myth_game runs,pooled,"shown myth rule_send_amount (per SD, minus unseen placebo) -> round-r send",0.0014068975304815,-0.1101385833764471,0.1129523784374103,0.9802778431672762,1.0,40.0,369,no detectable effect,wild-cluster p 0.973 (Holm on wild p 1.000); pooled excludes ceiling families Gemini; Holm family 25 tests
september,all; 8-agent myth_game rounds>=2 (R3),september 8-agent myth_game runs (GPT agents),GPT,"shown myth rule_send_amount (per SD, minus unseen placebo) -> round-r send",-0.0662798563003791,-0.3610353275421227,0.2284756149413644,0.6594120312075893,1.0,34.0,159,no detectable effect,wild-cluster p 0.474 (Holm on wild p 1.000); Holm family 25 tests
september,all; 8-agent myth_game rounds>=2 (R3),september 8-agent myth_game runs (Gemini agents),Gemini,"shown myth rule_send_amount (per SD, minus unseen placebo) -> round-r send",,,,,,16.0,167,not estimable: ceiling,Holm family 9 tests
september,all; 8-agent myth_game rounds>=2 (R3),september 8-agent myth_game runs (Sonnet agents),Sonnet,"shown myth rule_send_amount (per SD, minus unseen placebo) -> round-r send",0.0370385678652351,-0.0189343584728141,0.0930114942032843,0.1946473322434303,1.0,20.0,210,no detectable effect,wild-cluster p 0.098 (Holm on wild p 1.000); Holm family 25 tests
september,all; 8-agent myth_game rounds>=2 (R3),september 8-agent myth_game runs,pooled,"shown myth label_ds_generous (per SD, minus unseen placebo) -> round-r send",0.0244138141418691,-0.0126732579694649,0.0615008862532031,0.196976958229571,1.0,40.0,858,no detectable effect,wild-cluster p 0.129 (Holm on wild p 1.000); pooled excludes ceiling families Gemini; Holm family 25 tests
september,all; 8-agent myth_game rounds>=2 (R3),september 8-agent myth_game runs (GPT agents),GPT,"shown myth label_ds_generous (per SD, minus unseen placebo) -> round-r send",0.0512595791939295,-0.0129063279554416,0.1154254863433008,0.1174102219078676,1.0,35.0,481,no detectable effect,wild-cluster p 0.080 (Holm on wild p 1.000); Holm family 25 tests
september,all; 8-agent myth_game rounds>=2 (R3),september 8-agent myth_game runs (Gemini agents),Gemini,"shown myth label_ds_generous (per SD, minus unseen placebo) -> round-r send",,,,,,20.0,229,not estimable: ceiling,Holm family 9 tests
september,all; 8-agent myth_game rounds>=2 (R3),september 8-agent myth_game runs (Sonnet agents),Sonnet,"shown myth label_ds_generous (per SD, minus unseen placebo) -> round-r send",0.0118368027284289,-0.0118251894073852,0.035498794864243,0.3268576406738342,1.0,20.0,377,no detectable effect,wild-cluster p 0.289 (Holm on wild p 1.000); Holm family 25 tests
september,all; 8-agent myth_game rounds>=2 (R3),september 8-agent myth_game runs,pooled,"shown myth lex_generosity (per SD, minus unseen placebo) -> round-r send",0.0146741891637653,-0.0485252100934811,0.0778735884210118,0.6490505516257439,1.0,40.0,858,no detectable effect,wild-cluster p 0.602 (Holm on wild p 1.000); pooled excludes ceiling families Gemini; Holm family 25 tests
september,all; 8-agent myth_game rounds>=2 (R3),september 8-agent myth_game runs (GPT agents),GPT,"shown myth lex_generosity (per SD, minus unseen placebo) -> round-r send",0.0201556892338908,-0.0930048102351321,0.1333161887029137,0.7270136088738397,1.0,35.0,481,no detectable effect,wild-cluster p 0.699 (Holm on wild p 1.000); Holm family 25 tests
september,all; 8-agent myth_game rounds>=2 (R3),september 8-agent myth_game runs (Gemini agents),Gemini,"shown myth lex_generosity (per SD, minus unseen placebo) -> round-r send",,,,,,20.0,229,not estimable: ceiling,Holm family 9 tests
september,all; 8-agent myth_game rounds>=2 (R3),september 8-agent myth_game runs (Sonnet agents),Sonnet,"shown myth lex_generosity (per SD, minus unseen placebo) -> round-r send",0.0080741898898562,-0.0133895196903926,0.029537899470105,0.4609419628059226,1.0,20.0,377,no detectable effect,wild-cluster p 0.379 (Holm on wild p 1.000); Holm family 25 tests
september,all; 8-agent myth_game rounds>=2 (R3),september 8-agent myth_game runs,pooled,"shown myth lex_multiplier (per SD, minus unseen placebo) -> return share",-0.0062316110611839,-0.0171565893179485,0.0046933671955805,0.2635823356491857,1.0,45.0,1004,no detectable effect,wild-cluster p 0.172 (Holm on wild p 1.000); Holm family 25 tests
september,all; 8-agent myth_game rounds>=2 (R3),september 8-agent myth_game runs (GPT agents),GPT,"shown myth lex_multiplier (per SD, minus unseen placebo) -> return share",-0.0093704155127206,-0.0306454808566216,0.0119046498311803,0.3880006286445309,1.0,35.0,398,no detectable effect,wild-cluster p 0.256 (Holm on wild p 1.000); Holm family 25 tests
september,all; 8-agent myth_game rounds>=2 (R3),september 8-agent myth_game runs (Gemini agents),Gemini,"shown myth lex_multiplier (per SD, minus unseen placebo) -> return share",-0.0032373533521128,-0.0118066803951436,0.005331973690918,0.4590313946371784,1.0,20.0,225,no detectable effect,wild-cluster p 0.467 (Holm on wild p 1.000); Holm family 9 tests
september,all; 8-agent myth_game rounds>=2 (R3),september 8-agent myth_game runs (Sonnet agents),Sonnet,"shown myth lex_multiplier (per SD, minus unseen placebo) -> return share",-0.0077558196627311,-0.0240038465471881,0.0084922072217258,0.3494958726306157,1.0,20.0,381,no detectable effect,wild-cluster p 0.273 (Holm on wild p 1.000); Holm family 25 tests
september,all; 8-agent myth_game rounds>=2 (R3),september 8-agent myth_game runs,pooled,"shown myth lex_caution (per SD, minus unseen placebo) -> return share",0.0018594732002626,-0.0114203361819545,0.0151392825824798,0.7837471078456877,1.0,45.0,1004,no detectable effect,wild-cluster p 0.757 (Holm on wild p 1.000); Holm family 25 tests
september,all; 8-agent myth_game rounds>=2 (R3),september 8-agent myth_game runs (GPT agents),GPT,"shown myth lex_caution (per SD, minus unseen placebo) -> return share",0.0016755466309188,-0.0274828503829543,0.0308339436447921,0.9103265972700496,1.0,35.0,398,no detectable effect,wild-cluster p 0.897 (Holm on wild p 1.000); Holm family 25 tests
september,all; 8-agent myth_game rounds>=2 (R3),september 8-agent myth_game runs (Gemini agents),Gemini,"shown myth lex_caution (per SD, minus unseen placebo) -> return share",0.004300019515379,-0.0110310536264238,0.019631092657182,0.5825075953003525,1.0,20.0,225,no detectable effect,wild-cluster p 0.524 (Holm on wild p 1.000); Holm family 9 tests
september,all; 8-agent myth_game rounds>=2 (R3),september 8-agent myth_game runs (Sonnet agents),Sonnet,"shown myth lex_caution (per SD, minus unseen placebo) -> return share",0.0015210603598557,-0.0134470479581755,0.0164891686778871,0.8421284389539456,1.0,20.0,381,no detectable effect,wild-cluster p 0.820 (Holm on wild p 1.000); Holm family 25 tests
september,all; 8-agent myth_game rounds>=2 (R3),september 8-agent myth_game runs,pooled,"shown myth rule_send_amount (per SD, minus unseen placebo) -> return share",-0.0105147892433655,-0.0413433808311017,0.0203138023443706,0.5038208003215704,1.0,43.0,534,no detectable effect,wild-cluster p 0.360 (Holm on wild p 1.000); Holm family 25 tests
september,all; 8-agent myth_game rounds>=2 (R3),september 8-agent myth_game runs (GPT agents),GPT,"shown myth rule_send_amount (per SD, minus unseen placebo) -> return share",-0.0056380914680049,-0.0673955077815878,0.056119324845578,0.8579901015729225,1.0,32.0,158,no detectable effect,wild-cluster p 0.749 (Holm on wild p 1.000); Holm family 25 tests
september,all; 8-agent myth_game rounds>=2 (R3),september 8-agent myth_game runs (Gemini agents),Gemini,"shown myth rule_send_amount (per SD, minus unseen placebo) -> return share",-0.0125642431568244,-0.0735442984980183,0.0484158121843695,0.6863390808325773,1.0,15.0,167,no detectable effect,wild-cluster p 0.702 (Holm on wild p 1.000); Holm family 9 tests
september,all; 8-agent myth_game rounds>=2 (R3),september 8-agent myth_game runs (Sonnet agents),Sonnet,"shown myth rule_send_amount (per SD, minus unseen placebo) -> return share",-0.0163735759351626,-0.0587868632606259,0.0260397113903007,0.449265154663971,1.0,20.0,209,no detectable effect,wild-cluster p 0.301 (Holm on wild p 1.000); Holm family 25 tests
september,all; 8-agent myth_game rounds>=2 (R3),september 8-agent myth_game runs,pooled,"shown myth label_ds_generous (per SD, minus unseen placebo) -> return share",0.0015940090355109,-0.0112442645898758,0.0144322826608977,0.8077338868778876,1.0,45.0,1004,no detectable effect,wild-cluster p 0.784 (Holm on wild p 1.000); Holm family 25 tests
september,all; 8-agent myth_game rounds>=2 (R3),september 8-agent myth_game runs (GPT agents),GPT,"shown myth label_ds_generous (per SD, minus unseen placebo) -> return share",0.0059457580836154,-0.0212996943369407,0.0331912105041716,0.6688537364373084,1.0,35.0,398,no detectable effect,wild-cluster p 0.616 (Holm on wild p 1.000); Holm family 25 tests
september,all; 8-agent myth_game rounds>=2 (R3),september 8-agent myth_game runs (Gemini agents),Gemini,"shown myth label_ds_generous (per SD, minus unseen placebo) -> return share",-0.0025126288407752,-0.0164639983053942,0.0114387406238437,0.7240976501711627,1.0,20.0,225,no detectable effect,wild-cluster p 0.721 (Holm on wild p 1.000); Holm family 9 tests
september,all; 8-agent myth_game rounds>=2 (R3),september 8-agent myth_game runs (Sonnet agents),Sonnet,"shown myth label_ds_generous (per SD, minus unseen placebo) -> return share",-8.908322201075982e-05,-0.0165333514533215,0.0163551850093,0.991528479681671,1.0,20.0,381,no detectable effect,wild-cluster p 0.992 (Holm on wild p 1.000); Holm family 25 tests
september,all; 8-agent myth_game rounds>=2 (R3),september 8-agent myth_game runs,pooled,"shown myth lex_generosity (per SD, minus unseen placebo) -> return share",-0.0010161574428972,-0.0111780183089898,0.0091457034231953,0.8446173091165654,1.0,45.0,1004,no detectable effect,wild-cluster p 0.813 (Holm on wild p 1.000); Holm family 25 tests
september,all; 8-agent myth_game rounds>=2 (R3),september 8-agent myth_game runs (GPT agents),GPT,"shown myth lex_generosity (per SD, minus unseen placebo) -> return share",-0.0059668170565933,-0.0302424057112583,0.0183087715980715,0.6299840879179068,1.0,35.0,398,no detectable effect,wild-cluster p 0.585 (Holm on wild p 1.000); Holm family 25 tests
september,all; 8-agent myth_game rounds>=2 (R3),september 8-agent myth_game runs (Gemini agents),Gemini,"shown myth lex_generosity (per SD, minus unseen placebo) -> return share",-0.0008774292184579,-0.0110456259027543,0.0092907674658384,0.865695737157455,1.0,20.0,225,no detectable effect,wild-cluster p 0.834 (Holm on wild p 1.000); Holm family 9 tests
september,all; 8-agent myth_game rounds>=2 (R3),september 8-agent myth_game runs (Sonnet agents),Sonnet,"shown myth lex_generosity (per SD, minus unseen placebo) -> return share",0.0030068956959734,-0.0087890800075108,0.0148028713994577,0.6173485301605743,1.0,20.0,381,no detectable effect,wild-cluster p 0.526 (Holm on wild p 1.000); Holm family 25 tests
september,all; 8-agent myth_game rounds>=2 (R3),september 8-agent myth_game runs,pooled,"shown myth lex_multiplier (per SD, minus unseen placebo) -> change in send",-0.0039448247527756,-0.0547706996455569,0.0468810501400056,0.8790910121397619,1.0,40.0,720,no detectable effect,wild-cluster p 0.859 (Holm on wild p 1.000); pooled excludes ceiling families Gemini; Holm family 25 tests
september,all; 8-agent myth_game rounds>=2 (R3),september 8-agent myth_game runs (GPT agents),GPT,"shown myth lex_multiplier (per SD, minus unseen placebo) -> change in send",-0.0122656510264663,-0.1151277213508814,0.0905964192979486,0.8152075590654837,1.0,35.0,404,no detectable effect,wild-cluster p 0.783 (Holm on wild p 1.000); Holm family 25 tests
september,all; 8-agent myth_game rounds>=2 (R3),september 8-agent myth_game runs (Gemini agents),Gemini,"shown myth lex_multiplier (per SD, minus unseen placebo) -> change in send",,,,,,20.0,193,not estimable: ceiling,Holm family 9 tests
september,all; 8-agent myth_game rounds>=2 (R3),september 8-agent myth_game runs (Sonnet agents),Sonnet,"shown myth lex_multiplier (per SD, minus unseen placebo) -> change in send",-0.0068511140647929,-0.0410723242128253,0.0273700960832395,0.6947727468841436,1.0,20.0,316,no detectable effect,wild-cluster p 0.789 (Holm on wild p 1.000); Holm family 25 tests
september,all; 8-agent myth_game rounds>=2 (R3),september 8-agent myth_game runs,pooled,"shown myth lex_caution (per SD, minus unseen placebo) -> change in send",0.0052628535663741,-0.0670134823236811,0.0775391894564293,0.8865143280831815,1.0,40.0,720,no detectable effect,wild-cluster p 0.897 (Holm on wild p 1.000); pooled excludes ceiling families Gemini; Holm family 25 tests
september,all; 8-agent myth_game rounds>=2 (R3),september 8-agent myth_game runs (GPT agents),GPT,"shown myth lex_caution (per SD, minus unseen placebo) -> change in send",0.0073794115960312,-0.0995279613841496,0.1142867845762122,0.8923834604440357,1.0,35.0,404,no detectable effect,wild-cluster p 0.877 (Holm on wild p 1.000); Holm family 25 tests
september,all; 8-agent myth_game rounds>=2 (R3),september 8-agent myth_game runs (Gemini agents),Gemini,"shown myth lex_caution (per SD, minus unseen placebo) -> change in send",,,,,,20.0,193,not estimable: ceiling,Holm family 9 tests
september,all; 8-agent myth_game rounds>=2 (R3),september 8-agent myth_game runs (Sonnet agents),Sonnet,"shown myth lex_caution (per SD, minus unseen placebo) -> change in send",0.0038185675757214,-0.0104305236299299,0.0180676587813728,0.5994133245979518,1.0,20.0,316,no detectable effect,wild-cluster p 0.448 (Holm on wild p 1.000); Holm family 25 tests
september,all; 8-agent myth_game rounds>=2 (R3),september 8-agent myth_game runs,pooled,"shown myth rule_send_amount (per SD, minus unseen placebo) -> change in send",0.0788408022272975,-0.026278284848528,0.1839598893031231,0.141561561067007,1.0,38.0,309,no detectable effect,wild-cluster p 0.022 (Holm on wild p 0.516); pooled excludes ceiling families Gemini; Holm family 25 tests
september,all; 8-agent myth_game rounds>=2 (R3),september 8-agent myth_game runs (GPT agents),GPT,"shown myth rule_send_amount (per SD, minus unseen placebo) -> change in send",0.2189428058243869,-0.2218345454754734,0.6597201571242474,0.330278643576437,1.0,32.0,132,no detectable effect,wild-cluster p 0.228 (Holm on wild p 1.000); Holm family 25 tests
september,all; 8-agent myth_game rounds>=2 (R3),september 8-agent myth_game runs (Gemini agents),Gemini,"shown myth rule_send_amount (per SD, minus unseen placebo) -> change in send",,,,,,16.0,142,not estimable: ceiling,Holm family 9 tests
september,all; 8-agent myth_game rounds>=2 (R3),september 8-agent myth_game runs (Sonnet agents),Sonnet,"shown myth rule_send_amount (per SD, minus unseen placebo) -> change in send",0.0524975407555754,-0.0216628197425335,0.1266579012536844,0.1653066545316995,1.0,20.0,177,no detectable effect,wild-cluster p 0.064 (Holm on wild p 1.000); Holm family 25 tests
september,all; 8-agent myth_game rounds>=2 (R3),september 8-agent myth_game runs,pooled,"shown myth label_ds_generous (per SD, minus unseen placebo) -> change in send",0.0103126330625885,-0.0398145335055605,0.0604397996307377,0.6867847254719736,1.0,40.0,720,no detectable effect,wild-cluster p 0.604 (Holm on wild p 1.000); pooled excludes ceiling families Gemini; Holm family 25 tests
september,all; 8-agent myth_game rounds>=2 (R3),september 8-agent myth_game runs (GPT agents),GPT,"shown myth label_ds_generous (per SD, minus unseen placebo) -> change in send",0.0199409593823929,-0.0652070389665411,0.105088957731327,0.6462288447379115,1.0,35.0,404,no detectable effect,wild-cluster p 0.549 (Holm on wild p 1.000); Holm family 25 tests
september,all; 8-agent myth_game rounds>=2 (R3),september 8-agent myth_game runs (Gemini agents),Gemini,"shown myth label_ds_generous (per SD, minus unseen placebo) -> change in send",,,,,,20.0,193,not estimable: ceiling,Holm family 9 tests
september,all; 8-agent myth_game rounds>=2 (R3),september 8-agent myth_game runs (Sonnet agents),Sonnet,"shown myth label_ds_generous (per SD, minus unseen placebo) -> change in send",0.0080249450130008,-0.0078592177338437,0.0239091077598454,0.3220731344575717,1.0,20.0,316,no detectable effect,wild-cluster p 0.222 (Holm on wild p 1.000); Holm family 25 tests
september,all; 8-agent myth_game rounds>=2 (R3),september 8-agent myth_game runs,pooled,"shown myth lex_generosity (per SD, minus unseen placebo) -> change in send",-0.005390519625221,-0.0702962971724457,0.0595152579220037,0.8706933317805617,1.0,40.0,720,no detectable effect,wild-cluster p 0.833 (Holm on wild p 1.000); pooled excludes ceiling families Gemini; Holm family 25 tests
september,all; 8-agent myth_game rounds>=2 (R3),september 8-agent myth_game runs (GPT agents),GPT,"shown myth lex_generosity (per SD, minus unseen placebo) -> change in send",-0.0043104950053515,-0.1255019890255517,0.1168809990148486,0.9444234582777148,1.0,35.0,404,no detectable effect,wild-cluster p 0.935 (Holm on wild p 1.000); Holm family 25 tests
september,all; 8-agent myth_game rounds>=2 (R3),september 8-agent myth_game runs (Gemini agents),Gemini,"shown myth lex_generosity (per SD, minus unseen placebo) -> change in send",,,,,,20.0,193,not estimable: ceiling,Holm family 9 tests
september,all; 8-agent myth_game rounds>=2 (R3),september 8-agent myth_game runs (Sonnet agents),Sonnet,"shown myth lex_generosity (per SD, minus unseen placebo) -> change in send",0.0047202777237329,-0.0256685009481705,0.0351090563956364,0.7607923326033128,1.0,20.0,316,no detectable effect,wild-cluster p 0.710 (Holm on wild p 1.000); Holm family 25 tests
frontier,all; myth_game round 1 (R4),all frontier myth_game runs,pooled,own round-1 myth lex_multiplier (per SD) -> round-1 send,0.0242127074044438,0.0068330390651371,0.0415923757437505,0.0063228949716919,0.1517494793206076,37.0,76,suggestive,wild-cluster p 0.033 (Holm on wild p 0.780); pooled excludes ceiling families GeminiPro; Holm family 25 tests; proxy for the stated amount: Sol coefficient -0.02 (p 0.36) with stated amount + send rule controlled
frontier,all; myth_game round 1 (R4),all frontier myth_game runs (GeminiPro agents),GeminiPro,own round-1 myth lex_multiplier (per SD) -> round-1 send,,,,,,20.0,37,not estimable: ceiling,Holm family 9 tests
frontier,2-agent homogeneous; myth_game round 1 (R4),GeminiPro dyads,GeminiPro,own round-1 myth lex_multiplier (per SD) -> round-1 send,,,,,,5.0,5,not estimable: ceiling,
frontier,2-agent mixed; myth_game round 1 (R4),Opus+GeminiPro and GeminiPro+Sol dyads,GeminiPro,own round-1 myth lex_multiplier (per SD) -> round-1 send,,,,,,6.0,6,not estimable: ceiling,
frontier,8-agent homogeneous; myth_game round 1 (R4),8 GeminiPro,GeminiPro,own round-1 myth lex_multiplier (per SD) -> round-1 send,,,,,,5.0,20,not estimable: ceiling,Holm family 8 tests
frontier,8-agent mixed; myth_game round 1 (R4),2 GeminiPro + 3 Opus + 3 Sol,GeminiPro,own round-1 myth lex_multiplier (per SD) -> round-1 send,,,,,,4.0,6,not estimable: ceiling,Holm family 5 tests
frontier,all; myth_game round 1 (R4),all frontier myth_game runs (Opus agents),Opus,own round-1 myth lex_multiplier (per SD) -> round-1 send,0.0033515268072266,-0.0223530732712936,0.029056126885747,0.7982964895430636,1.0,21.0,37,no detectable effect,wild-cluster p 0.785 (Holm on wild p 1.000); Holm family 15 tests
frontier,2-agent homogeneous; myth_game round 1 (R4),Opus dyads,Opus,own round-1 myth lex_multiplier (per SD) -> round-1 send,,,,,,5.0,5,not estimable: ceiling,
frontier,2-agent mixed; myth_game round 1 (R4),Opus+Sol and Opus+GeminiPro dyads,Opus,own round-1 myth lex_multiplier (per SD) -> round-1 send,,,,,,6.0,6,not estimable: ceiling,
frontier,8-agent homogeneous; myth_game round 1 (R4),8 Opus,Opus,own round-1 myth lex_multiplier (per SD) -> round-1 send,0.0006381121621982,-0.0404142944620843,0.0416905187864809,0.9756959093710084,1.0,5.0,20,underpowered,wild-cluster p 0.965 (Holm on wild p 1.000); Holm family 15 tests
frontier,8-agent mixed; myth_game round 1 (R4),2 GeminiPro + 3 Opus + 3 Sol,Opus,own round-1 myth lex_multiplier (per SD) -> round-1 send,,,,,,5.0,6,not estimable: ceiling,Holm family 5 tests
frontier,all; myth_game round 1 (R4),all frontier myth_game runs (Sol agents),Sol,own round-1 myth lex_multiplier (per SD) -> round-1 send,0.0379425072222864,0.0181042538426337,0.0577807606019391,0.0001778147496976,0.0042675539927442,21.0,39,suggestive,wild-cluster p 0.024 (Holm on wild p 0.576); Holm family 25 tests; proxy for the stated amount: Sol coefficient -0.02 (p 0.36) with stated amount + send rule controlled
frontier,2-agent homogeneous; myth_game round 1 (R4),Sol dyads,Sol,own round-1 myth lex_multiplier (per SD) -> round-1 send,,,,,,5.0,5,not estimable: ceiling,
frontier,2-agent mixed; myth_game round 1 (R4),Opus+Sol and GeminiPro+Sol dyads,Sol,own round-1 myth lex_multiplier (per SD) -> round-1 send,,,,,,6.0,6,not estimable: ceiling,
frontier,8-agent homogeneous; myth_game round 1 (R4),8 Sol,Sol,own round-1 myth lex_multiplier (per SD) -> round-1 send,0.0440411207819112,0.020439570139694,0.0676426714241285,0.0002548413819521,0.0058613517848994,5.0,20,underpowered,wild-cluster p 0.063 (Holm on wild p 1.000); Holm family 25 tests
frontier,8-agent mixed; myth_game round 1 (R4),2 GeminiPro + 3 Opus + 3 Sol,Sol,own round-1 myth lex_multiplier (per SD) -> round-1 send,,,,,,5.0,8,not estimable: ceiling,Holm family 10 tests
frontier,all; myth_game round 1 (R4),all frontier myth_game runs,pooled,own round-1 myth lex_caution (per SD) -> round-1 send,-0.0087870646576334,-0.0487482730534897,0.0311741437382228,0.6664856664844576,1.0,37.0,76,no detectable effect,wild-cluster p 0.694 (Holm on wild p 1.000); pooled excludes ceiling families GeminiPro; Holm family 25 tests
frontier,all; myth_game round 1 (R4),all frontier myth_game runs (GeminiPro agents),GeminiPro,own round-1 myth lex_caution (per SD) -> round-1 send,,,,,,20.0,37,not estimable: ceiling,Holm family 9 tests
frontier,2-agent homogeneous; myth_game round 1 (R4),GeminiPro dyads,GeminiPro,own round-1 myth lex_caution (per SD) -> round-1 send,,,,,,5.0,5,not estimable: ceiling,
frontier,2-agent mixed; myth_game round 1 (R4),Opus+GeminiPro and GeminiPro+Sol dyads,GeminiPro,own round-1 myth lex_caution (per SD) -> round-1 send,,,,,,6.0,6,not estimable: ceiling,
frontier,8-agent homogeneous; myth_game round 1 (R4),8 GeminiPro,GeminiPro,own round-1 myth lex_caution (per SD) -> round-1 send,,,,,,5.0,20,not estimable: ceiling,Holm family 8 tests
frontier,8-agent mixed; myth_game round 1 (R4),2 GeminiPro + 3 Opus + 3 Sol,GeminiPro,own round-1 myth lex_caution (per SD) -> round-1 send,,,,,,4.0,6,not estimable: ceiling,Holm family 5 tests
frontier,all; myth_game round 1 (R4),all frontier myth_game runs (Opus agents),Opus,own round-1 myth lex_caution (per SD) -> round-1 send,0.0174509356103814,0.0054380778989052,0.0294637933218576,0.0044103373243176,0.057334385216129,21.0,37,suggestive,wild-cluster p 0.024 (Holm on wild p 0.336); Holm family 15 tests
frontier,2-agent homogeneous; myth_game round 1 (R4),Opus dyads,Opus,own round-1 myth lex_caution (per SD) -> round-1 send,,,,,,5.0,5,not estimable: ceiling,
frontier,2-agent mixed; myth_game round 1 (R4),Opus+Sol and Opus+GeminiPro dyads,Opus,own round-1 myth lex_caution (per SD) -> round-1 send,,,,,,6.0,6,not estimable: ceiling,
frontier,8-agent homogeneous; myth_game round 1 (R4),8 Opus,Opus,own round-1 myth lex_caution (per SD) -> round-1 send,0.020837321074715,0.0040818848282167,0.0375927573212132,0.0147915995835845,0.1922907945865996,5.0,20,underpowered,wild-cluster p 0.141 (Holm on wild p 1.000); Holm family 15 tests
frontier,8-agent mixed; myth_game round 1 (R4),2 GeminiPro + 3 Opus + 3 Sol,Opus,own round-1 myth lex_caution (per SD) -> round-1 send,,,,,,5.0,6,not estimable: ceiling,Holm family 5 tests
frontier,all; myth_game round 1 (R4),all frontier myth_game runs (Sol agents),Sol,own round-1 myth lex_caution (per SD) -> round-1 send,-0.0268013740394209,-0.0949122031027028,0.041309455023861,0.4405652801761532,1.0,21.0,39,no detectable effect,wild-cluster p 0.459 (Holm on wild p 1.000); Holm family 25 tests
frontier,2-agent homogeneous; myth_game round 1 (R4),Sol dyads,Sol,own round-1 myth lex_caution (per SD) -> round-1 send,,,,,,5.0,5,not estimable: ceiling,
frontier,2-agent mixed; myth_game round 1 (R4),Opus+Sol and GeminiPro+Sol dyads,Sol,own round-1 myth lex_caution (per SD) -> round-1 send,,,,,,6.0,6,not estimable: ceiling,
frontier,8-agent homogeneous; myth_game round 1 (R4),8 Sol,Sol,own round-1 myth lex_caution (per SD) -> round-1 send,-0.0284731237714187,-0.1645272131891703,0.1075809656463329,0.6816759019109798,1.0,5.0,20,underpowered,wild-cluster p 0.881 (Holm on wild p 1.000); Holm family 25 tests
frontier,8-agent mixed; myth_game round 1 (R4),2 GeminiPro + 3 Opus + 3 Sol,Sol,own round-1 myth lex_caution (per SD) -> round-1 send,,,,,,5.0,8,not estimable: ceiling,Holm family 10 tests
frontier,all; myth_game round 1 (R4),all frontier myth_game runs,pooled,own round-1 myth rule_send_amount (per SD) -> round-1 send,0.0827712234235818,0.0423224133007932,0.1232200335463704,6.053535399856222e-05,0.001513383849964,27.0,52,yes,wild-cluster p 0.004 (Holm on wild p 0.100); pooled excludes ceiling families GeminiPro; Holm family 25 tests
frontier,all; myth_game round 1 (R4),all frontier myth_game runs (GeminiPro agents),GeminiPro,own round-1 myth rule_send_amount (per SD) -> round-1 send,,,,,,20.0,37,not estimable: ceiling,Holm family 9 tests
frontier,2-agent homogeneous; myth_game round 1 (R4),GeminiPro dyads,GeminiPro,own round-1 myth rule_send_amount (per SD) -> round-1 send,,,,,,5.0,5,not estimable: ceiling,
frontier,2-agent mixed; myth_game round 1 (R4),Opus+GeminiPro and GeminiPro+Sol dyads,GeminiPro,own round-1 myth rule_send_amount (per SD) -> round-1 send,,,,,,6.0,6,not estimable: ceiling,
frontier,8-agent homogeneous; myth_game round 1 (R4),8 GeminiPro,GeminiPro,own round-1 myth rule_send_amount (per SD) -> round-1 send,,,,,,5.0,20,not estimable: ceiling,Holm family 8 tests
frontier,8-agent mixed; myth_game round 1 (R4),2 GeminiPro + 3 Opus + 3 Sol,GeminiPro,own round-1 myth rule_send_amount (per SD) -> round-1 send,,,,,,4.0,6,not estimable: ceiling,Holm family 5 tests
frontier,all; myth_game round 1 (R4),all frontier myth_game runs (Opus agents),Opus,own round-1 myth rule_send_amount (per SD) -> round-1 send,0.0500244491761988,0.0382438808953334,0.0618050174570641,8.598291194283075e-17,1.2897436791424613e-15,11.0,21,yes,wild-cluster p 0.015 (Holm on wild p 0.218); Holm family 15 tests
frontier,2-agent mixed; myth_game round 1 (R4),Opus+Sol and Opus+GeminiPro dyads,Opus,own round-1 myth rule_send_amount (per SD) -> round-1 send,,,,,,3.0,3,not estimable: ceiling,
frontier,8-agent homogeneous; myth_game round 1 (R4),8 Opus,Opus,own round-1 myth rule_send_amount (per SD) -> round-1 send,0.0472530115487088,0.0372805845084648,0.0572254385889528,1.5865775179447954e-20,2.3798662769171935e-19,5.0,15,suggestive,wild-cluster p 0.015 (Holm on wild p 0.218); Holm family 15 tests
frontier,8-agent mixed; myth_game round 1 (R4),2 GeminiPro + 3 Opus + 3 Sol,Opus,own round-1 myth rule_send_amount (per SD) -> round-1 send,,,,,,3.0,3,not estimable: ceiling,Holm family 5 tests
frontier,all; myth_game round 1 (R4),all frontier myth_game runs (Sol agents),Sol,own round-1 myth rule_send_amount (per SD) -> round-1 send,0.1767852242087328,0.1767852242087326,0.176785224208733,0.0,0.0,18.0,31,yes,wild-cluster p 0.000 (Holm on wild p 0.000); zero residual: every sender that states an amount sends exactly it (CI degenerate); Holm family 25 tests
frontier,2-agent homogeneous; myth_game round 1 (R4),Sol dyads,Sol,own round-1 myth rule_send_amount (per SD) -> round-1 send,,,,,,4.0,4,not estimable: ceiling,
frontier,2-agent mixed; myth_game round 1 (R4),Opus+Sol and GeminiPro+Sol dyads,Sol,own round-1 myth rule_send_amount (per SD) -> round-1 send,,,,,,5.0,5,not estimable: ceiling,
frontier,8-agent homogeneous; myth_game round 1 (R4),8 Sol,Sol,own round-1 myth rule_send_amount (per SD) -> round-1 send,0.1767852242087326,0.1767852242087325,0.1767852242087328,0.0,0.0,5.0,17,yes,wild-cluster p 0.000 (Holm on wild p 0.000); zero residual: every sender that states an amount sends exactly it (CI degenerate); Holm family 25 tests
frontier,8-agent mixed; myth_game round 1 (R4),2 GeminiPro + 3 Opus + 3 Sol,Sol,own round-1 myth rule_send_amount (per SD) -> round-1 send,,,,,,4.0,5,not estimable: ceiling,Holm family 10 tests
frontier,all; myth_game round 1 (R4),all frontier myth_game runs,pooled,own round-1 myth label_ds_generous (per SD) -> round-1 send,0.0331379545866675,0.0047840709099696,0.0614918382633655,0.0219829014018909,0.5056067322434916,37.0,76,no detectable effect,wild-cluster p 0.063 (Holm on wild p 1.000); pooled excludes ceiling families GeminiPro; Holm family 25 tests
frontier,all; myth_game round 1 (R4),all frontier myth_game runs (GeminiPro agents),GeminiPro,own round-1 myth label_ds_generous (per SD) -> round-1 send,,,,,,20.0,37,not estimable: ceiling,Holm family 9 tests
frontier,2-agent homogeneous; myth_game round 1 (R4),GeminiPro dyads,GeminiPro,own round-1 myth label_ds_generous (per SD) -> round-1 send,,,,,,5.0,5,not estimable: ceiling,
frontier,2-agent mixed; myth_game round 1 (R4),Opus+GeminiPro and GeminiPro+Sol dyads,GeminiPro,own round-1 myth label_ds_generous (per SD) -> round-1 send,,,,,,6.0,6,not estimable: ceiling,
frontier,8-agent homogeneous; myth_game round 1 (R4),8 GeminiPro,GeminiPro,own round-1 myth label_ds_generous (per SD) -> round-1 send,,,,,,5.0,20,not estimable: ceiling,Holm family 8 tests
frontier,8-agent mixed; myth_game round 1 (R4),2 GeminiPro + 3 Opus + 3 Sol,GeminiPro,own round-1 myth label_ds_generous (per SD) -> round-1 send,,,,,,4.0,6,not estimable: ceiling,Holm family 5 tests
frontier,all; myth_game round 1 (R4),all frontier myth_game runs (Opus agents),Opus,own round-1 myth label_ds_generous (per SD) -> round-1 send,0.0261337517573223,-0.0256157511270444,0.0778832546416892,0.3222760956655115,1.0,21.0,37,no detectable effect,wild-cluster p 0.302 (Holm on wild p 1.000); Holm family 15 tests
frontier,2-agent homogeneous; myth_game round 1 (R4),Opus dyads,Opus,own round-1 myth label_ds_generous (per SD) -> round-1 send,,,,,,5.0,5,not estimable: ceiling,
frontier,2-agent mixed; myth_game round 1 (R4),Opus+Sol and Opus+GeminiPro dyads,Opus,own round-1 myth label_ds_generous (per SD) -> round-1 send,,,,,,6.0,6,not estimable: ceiling,
frontier,8-agent homogeneous; myth_game round 1 (R4),8 Opus,Opus,own round-1 myth label_ds_generous (per SD) -> round-1 send,0.0112456843809991,-0.0421249624454977,0.064616331207496,0.6796195284442866,1.0,5.0,20,underpowered,wild-cluster p 0.597 (Holm on wild p 1.000); Holm family 15 tests
frontier,8-agent mixed; myth_game round 1 (R4),2 GeminiPro + 3 Opus + 3 Sol,Opus,own round-1 myth label_ds_generous (per SD) -> round-1 send,,,,,,5.0,6,not estimable: ceiling,Holm family 5 tests
frontier,all; myth_game round 1 (R4),all frontier myth_game runs (Sol agents),Sol,own round-1 myth label_ds_generous (per SD) -> round-1 send,0.0376674940094186,0.0078352436168452,0.067499744401992,0.0133334850271423,0.3066701556242751,21.0,39,no detectable effect,wild-cluster p 0.058 (Holm on wild p 1.000); Holm family 25 tests
frontier,2-agent homogeneous; myth_game round 1 (R4),Sol dyads,Sol,own round-1 myth label_ds_generous (per SD) -> round-1 send,,,,,,5.0,5,not estimable: ceiling,
frontier,2-agent mixed; myth_game round 1 (R4),Opus+Sol and GeminiPro+Sol dyads,Sol,own round-1 myth label_ds_generous (per SD) -> round-1 send,,,,,,6.0,6,not estimable: ceiling,
frontier,8-agent homogeneous; myth_game round 1 (R4),8 Sol,Sol,own round-1 myth label_ds_generous (per SD) -> round-1 send,0.069548009700435,0.0434970082186496,0.0955990111822203,1.6724206950906894e-07,4.013809668217654e-06,5.0,20,suggestive,wild-cluster p 0.019 (Holm on wild p 0.456); Holm family 25 tests
frontier,8-agent mixed; myth_game round 1 (R4),2 GeminiPro + 3 Opus + 3 Sol,Sol,own round-1 myth label_ds_generous (per SD) -> round-1 send,,,,,,5.0,8,not estimable: ceiling,Holm family 10 tests
frontier,all; myth_game round 1 (R4),all frontier myth_game runs,pooled,own round-1 myth lex_generosity (per SD) -> round-1 send,-0.0065113914596558,-0.0362769643975858,0.0232541814782741,0.6681026422173564,1.0,37.0,76,no detectable effect,wild-cluster p 0.654 (Holm on wild p 1.000); pooled excludes ceiling families GeminiPro; Holm family 25 tests
frontier,all; myth_game round 1 (R4),all frontier myth_game runs (GeminiPro agents),GeminiPro,own round-1 myth lex_generosity (per SD) -> round-1 send,,,,,,20.0,37,not estimable: ceiling,Holm family 9 tests
frontier,2-agent homogeneous; myth_game round 1 (R4),GeminiPro dyads,GeminiPro,own round-1 myth lex_generosity (per SD) -> round-1 send,,,,,,5.0,5,not estimable: ceiling,
frontier,2-agent mixed; myth_game round 1 (R4),Opus+GeminiPro and GeminiPro+Sol dyads,GeminiPro,own round-1 myth lex_generosity (per SD) -> round-1 send,,,,,,6.0,6,not estimable: ceiling,
frontier,8-agent homogeneous; myth_game round 1 (R4),8 GeminiPro,GeminiPro,own round-1 myth lex_generosity (per SD) -> round-1 send,,,,,,5.0,20,not estimable: ceiling,Holm family 8 tests
frontier,8-agent mixed; myth_game round 1 (R4),2 GeminiPro + 3 Opus + 3 Sol,GeminiPro,own round-1 myth lex_generosity (per SD) -> round-1 send,,,,,,4.0,6,not estimable: ceiling,Holm family 5 tests
frontier,all; myth_game round 1 (R4),all frontier myth_game runs (Opus agents),Opus,own round-1 myth lex_generosity (per SD) -> round-1 send,0.0040058683071533,-0.0120853843580358,0.0200971209723424,0.6256015064584544,1.0,21.0,37,no detectable effect,wild-cluster p 0.653 (Holm on wild p 1.000); Holm family 15 tests
frontier,2-agent homogeneous; myth_game round 1 (R4),Opus dyads,Opus,own round-1 myth lex_generosity (per SD) -> round-1 send,,,,,,5.0,5,not estimable: ceiling,
frontier,2-agent mixed; myth_game round 1 (R4),Opus+Sol and Opus+GeminiPro dyads,Opus,own round-1 myth lex_generosity (per SD) -> round-1 send,,,,,,6.0,6,not estimable: ceiling,
frontier,8-agent homogeneous; myth_game round 1 (R4),8 Opus,Opus,own round-1 myth lex_generosity (per SD) -> round-1 send,0.0005891724198655,-0.0209567133699589,0.0221350582096899,0.9572576562517812,1.0,5.0,20,underpowered,wild-cluster p 0.952 (Holm on wild p 1.000); Holm family 15 tests
frontier,8-agent mixed; myth_game round 1 (R4),2 GeminiPro + 3 Opus + 3 Sol,Opus,own round-1 myth lex_generosity (per SD) -> round-1 send,,,,,,5.0,6,not estimable: ceiling,Holm family 5 tests
frontier,all; myth_game round 1 (R4),all frontier myth_game runs (Sol agents),Sol,own round-1 myth lex_generosity (per SD) -> round-1 send,-0.0160455100677505,-0.0693291435793722,0.0372381234438711,0.5550487551534691,1.0,21.0,39,no detectable effect,wild-cluster p 0.554 (Holm on wild p 1.000); Holm family 25 tests
frontier,2-agent homogeneous; myth_game round 1 (R4),Sol dyads,Sol,own round-1 myth lex_generosity (per SD) -> round-1 send,,,,,,5.0,5,not estimable: ceiling,
frontier,2-agent mixed; myth_game round 1 (R4),Opus+Sol and GeminiPro+Sol dyads,Sol,own round-1 myth lex_generosity (per SD) -> round-1 send,,,,,,6.0,6,not estimable: ceiling,
frontier,8-agent homogeneous; myth_game round 1 (R4),8 Sol,Sol,own round-1 myth lex_generosity (per SD) -> round-1 send,-0.0259642173796602,-0.1448541840307711,0.0929257492714506,0.6686264711285566,1.0,5.0,20,underpowered,wild-cluster p 0.701 (Holm on wild p 1.000); Holm family 25 tests
frontier,8-agent mixed; myth_game round 1 (R4),2 GeminiPro + 3 Opus + 3 Sol,Sol,own round-1 myth lex_generosity (per SD) -> round-1 send,,,,,,5.0,8,not estimable: ceiling,Holm family 10 tests
frontier,all; myth_game round 1 (R4),all frontier myth_game runs,pooled,own round-1 myth lex_multiplier (per SD) -> round-1 return,-0.0082690365339486,-0.0227583638932491,0.0062202908253518,0.263332851497089,1.0,53.0,113,no detectable effect,wild-cluster p 0.309 (Holm on wild p 1.000); Holm family 25 tests
frontier,all; myth_game round 1 (R4),all frontier myth_game runs (GeminiPro agents),GeminiPro,own round-1 myth lex_multiplier (per SD) -> round-1 return,0.0080200426338784,-0.0018156169666083,0.0178557022343651,0.1100065369822842,0.8264979550213406,19.0,35,no detectable effect,wild-cluster p 0.125 (Holm on wild p 1.000); Holm family 9 tests
frontier,2-agent homogeneous; myth_game round 1 (R4),GeminiPro dyads,GeminiPro,own round-1 myth lex_multiplier (per SD) -> round-1 return,,,,,,5.0,5,not estimable: ceiling,
frontier,2-agent mixed; myth_game round 1 (R4),Opus+GeminiPro and GeminiPro+Sol dyads,GeminiPro,own round-1 myth lex_multiplier (per SD) -> round-1 return,,,,,,6.0,6,not estimable: ceiling,
frontier,8-agent homogeneous; myth_game round 1 (R4),8 GeminiPro,GeminiPro,own round-1 myth lex_multiplier (per SD) -> round-1 return,0.0123236905208436,0.0005425802732271,0.0241048007684601,0.0403419593646019,0.2420517561876115,5.0,20,suggestive,wild-cluster p 0.024 (Holm on wild p 0.188); Holm family 8 tests
frontier,8-agent mixed; myth_game round 1 (R4),2 GeminiPro + 3 Opus + 3 Sol,GeminiPro,own round-1 myth lex_multiplier (per SD) -> round-1 return,,,,,,3.0,4,not estimable: ceiling,Holm family 5 tests
frontier,all; myth_game round 1 (R4),all frontier myth_game runs (Opus agents),Opus,own round-1 myth lex_multiplier (per SD) -> round-1 return,-0.0113667439594023,-0.0342068616290418,0.0114733737102371,0.3293584534562971,1.0,21.0,40,no detectable effect,wild-cluster p 0.432 (Holm on wild p 1.000); Holm family 15 tests
frontier,2-agent homogeneous; myth_game round 1 (R4),Opus dyads,Opus,own round-1 myth lex_multiplier (per SD) -> round-1 return,,,,,,5.0,5,not estimable: ceiling,
frontier,2-agent mixed; myth_game round 1 (R4),Opus+Sol and Opus+GeminiPro dyads,Opus,own round-1 myth lex_multiplier (per SD) -> round-1 return,,,,,,6.0,6,not estimable: ceiling,
frontier,8-agent homogeneous; myth_game round 1 (R4),8 Opus,Opus,own round-1 myth lex_multiplier (per SD) -> round-1 return,-0.0168448736689821,-0.0522292713975813,0.018539524059617,0.3507951246867654,1.0,5.0,20,underpowered,wild-cluster p 0.393 (Holm on wild p 1.000); Holm family 15 tests
frontier,8-agent mixed; myth_game round 1 (R4),2 GeminiPro + 3 Opus + 3 Sol,Opus,own round-1 myth lex_multiplier (per SD) -> round-1 return,,,,,,5.0,9,not estimable: ceiling,Holm family 5 tests
frontier,all; myth_game round 1 (R4),all frontier myth_game runs (Sol agents),Sol,own round-1 myth lex_multiplier (per SD) -> round-1 return,-0.0125230333341306,-0.0385902960235979,0.0135442293553367,0.3464021899451762,1.0,20.0,38,no detectable effect,wild-cluster p 0.466 (Holm on wild p 1.000); Holm family 25 tests
frontier,2-agent homogeneous; myth_game round 1 (R4),Sol dyads,Sol,own round-1 myth lex_multiplier (per SD) -> round-1 return,,,,,,5.0,5,not estimable: ceiling,
frontier,2-agent mixed; myth_game round 1 (R4),Opus+Sol and GeminiPro+Sol dyads,Sol,own round-1 myth lex_multiplier (per SD) -> round-1 return,,,,,,6.0,6,not estimable: ceiling,
frontier,8-agent homogeneous; myth_game round 1 (R4),8 Sol,Sol,own round-1 myth lex_multiplier (per SD) -> round-1 return,-0.0154887085738858,-0.0513814134162756,0.020403996268504,0.3976758099929245,1.0,5.0,20,underpowered,wild-cluster p 0.593 (Holm on wild p 1.000); Holm family 25 tests
frontier,8-agent mixed; myth_game round 1 (R4),2 GeminiPro + 3 Opus + 3 Sol,Sol,own round-1 myth lex_multiplier (per SD) -> round-1 return,,,,,,4.0,7,not estimable: ceiling,Holm family 10 tests
frontier,all; myth_game round 1 (R4),all frontier myth_game runs,pooled,own round-1 myth lex_caution (per SD) -> round-1 return,0.0136355839157503,-0.0156767146970535,0.0429478825285543,0.361904555690797,1.0,53.0,113,no detectable effect,wild-cluster p 0.391 (Holm on wild p 1.000); Holm family 25 tests
frontier,all; myth_game round 1 (R4),all frontier myth_game runs (GeminiPro agents),GeminiPro,own round-1 myth lex_caution (per SD) -> round-1 return,0.0543223580402473,-0.011036528497847,0.1196812445783418,0.1033122443776675,0.8264979550213406,19.0,35,no detectable effect,wild-cluster p 0.477 (Holm on wild p 1.000); Holm family 9 tests
frontier,2-agent homogeneous; myth_game round 1 (R4),GeminiPro dyads,GeminiPro,own round-1 myth lex_caution (per SD) -> round-1 return,,,,,,5.0,5,not estimable: ceiling,
frontier,2-agent mixed; myth_game round 1 (R4),Opus+GeminiPro and GeminiPro+Sol dyads,GeminiPro,own round-1 myth lex_caution (per SD) -> round-1 return,,,,,,6.0,6,not estimable: ceiling,
frontier,8-agent homogeneous; myth_game round 1 (R4),8 GeminiPro,GeminiPro,own round-1 myth lex_caution (per SD) -> round-1 return,0.0826260490751741,0.0239503829849854,0.1413017151653627,0.0057803647329681,0.0404625531307771,5.0,20,underpowered,wild-cluster p 0.731 (Holm on wild p 1.000); Holm family 8 tests
frontier,8-agent mixed; myth_game round 1 (R4),2 GeminiPro + 3 Opus + 3 Sol,GeminiPro,own round-1 myth lex_caution (per SD) -> round-1 return,,,,,,3.0,4,not estimable: ceiling,Holm family 5 tests
frontier,all; myth_game round 1 (R4),all frontier myth_game runs (Opus agents),Opus,own round-1 myth lex_caution (per SD) -> round-1 return,0.04116001506299,0.0235045644433432,0.0588154656826368,4.89475368145149e-06,6.852655154032086e-05,21.0,40,no detectable effect,wild-cluster p 0.080 (Holm on wild p 1.000); Holm family 15 tests
frontier,2-agent homogeneous; myth_game round 1 (R4),Opus dyads,Opus,own round-1 myth lex_caution (per SD) -> round-1 return,,,,,,5.0,5,not estimable: ceiling,
frontier,2-agent mixed; myth_game round 1 (R4),Opus+Sol and Opus+GeminiPro dyads,Opus,own round-1 myth lex_caution (per SD) -> round-1 return,,,,,,6.0,6,not estimable: ceiling,
frontier,8-agent homogeneous; myth_game round 1 (R4),8 Opus,Opus,own round-1 myth lex_caution (per SD) -> round-1 return,0.0377776807513341,0.0224631971028388,0.0530921643998293,1.3326083656e-06,1.8656517118400003e-05,5.0,20,underpowered,wild-cluster p 0.186 (Holm on wild p 1.000); Holm family 15 tests
frontier,8-agent mixed; myth_game round 1 (R4),2 GeminiPro + 3 Opus + 3 Sol,Opus,own round-1 myth lex_caution (per SD) -> round-1 return,,,,,,5.0,9,not estimable: ceiling,Holm family 5 tests
frontier,all; myth_game round 1 (R4),all frontier myth_game runs (Sol agents),Sol,own round-1 myth lex_caution (per SD) -> round-1 return,-0.0053649326312015,-0.021881847984097,0.0111519827216939,0.5243693933022262,1.0,20.0,38,no detectable effect,wild-cluster p 0.556 (Holm on wild p 1.000); Holm family 25 tests
frontier,2-agent homogeneous; myth_game round 1 (R4),Sol dyads,Sol,own round-1 myth lex_caution (per SD) -> round-1 return,,,,,,5.0,5,not estimable: ceiling,
frontier,2-agent mixed; myth_game round 1 (R4),Opus+Sol and GeminiPro+Sol dyads,Sol,own round-1 myth lex_caution (per SD) -> round-1 return,,,,,,6.0,6,not estimable: ceiling,
frontier,8-agent homogeneous; myth_game round 1 (R4),8 Sol,Sol,own round-1 myth lex_caution (per SD) -> round-1 return,-0.0155043075260813,-0.0342003674063205,0.0031917523541578,0.104085230515218,1.0,5.0,20,underpowered,wild-cluster p 0.178 (Holm on wild p 1.000); Holm family 25 tests
frontier,8-agent mixed; myth_game round 1 (R4),2 GeminiPro + 3 Opus + 3 Sol,Sol,own round-1 myth lex_caution (per SD) -> round-1 return,,,,,,4.0,7,not estimable: ceiling,Holm family 10 tests
frontier,all; myth_game round 1 (R4),all frontier myth_game runs,pooled,own round-1 myth rule_send_amount (per SD) -> round-1 return,0.003768007211885,-0.0082897540679556,0.0158257684917257,0.5402190854558739,1.0,45.0,86,no detectable effect,wild-cluster p 0.752 (Holm on wild p 1.000); Holm family 25 tests
frontier,all; myth_game round 1 (R4),all frontier myth_game runs (GeminiPro agents),GeminiPro,own round-1 myth rule_send_amount (per SD) -> round-1 return,,,,,,19.0,34,not estimable: predictor has no spread,Holm family 9 tests
frontier,2-agent homogeneous; myth_game round 1 (R4),GeminiPro dyads,GeminiPro,own round-1 myth rule_send_amount (per SD) -> round-1 return,,,,,,5.0,5,not estimable: ceiling,
frontier,2-agent mixed; myth_game round 1 (R4),Opus+GeminiPro and GeminiPro+Sol dyads,GeminiPro,own round-1 myth rule_send_amount (per SD) -> round-1 return,,,,,,6.0,6,not estimable: ceiling,
frontier,8-agent homogeneous; myth_game round 1 (R4),8 GeminiPro,GeminiPro,own round-1 myth rule_send_amount (per SD) -> round-1 return,,,,,,5.0,19,not estimable: predictor has no spread,Holm family 8 tests
frontier,8-agent mixed; myth_game round 1 (R4),2 GeminiPro + 3 Opus + 3 Sol,GeminiPro,own round-1 myth rule_send_amount (per SD) -> round-1 return,,,,,,3.0,4,not estimable: ceiling,Holm family 5 tests
frontier,all; myth_game round 1 (R4),all frontier myth_game runs (Opus agents),Opus,own round-1 myth rule_send_amount (per SD) -> round-1 return,0.0054802599096143,-0.0050274284968023,0.015987948316031,0.3066793625091986,1.0,14.0,23,no detectable effect,wild-cluster p 0.616 (Holm on wild p 1.000); Holm family 15 tests
frontier,2-agent homogeneous; myth_game round 1 (R4),Opus dyads,Opus,own round-1 myth rule_send_amount (per SD) -> round-1 return,,,,,,3.0,3,not estimable: ceiling,
frontier,2-agent mixed; myth_game round 1 (R4),Opus+Sol and Opus+GeminiPro dyads,Opus,own round-1 myth rule_send_amount (per SD) -> round-1 return,,,,,,3.0,3,not estimable: ceiling,
frontier,8-agent homogeneous; myth_game round 1 (R4),8 Opus,Opus,own round-1 myth rule_send_amount (per SD) -> round-1 return,0.0053922845724281,-0.0054777774590955,0.0162623466039517,0.3309140323489653,1.0,5.0,14,underpowered,wild-cluster p 0.934 (Holm on wild p 1.000); Holm family 15 tests
frontier,8-agent mixed; myth_game round 1 (R4),2 GeminiPro + 3 Opus + 3 Sol,Opus,own round-1 myth rule_send_amount (per SD) -> round-1 return,,,,,,3.0,3,not estimable: ceiling,Holm family 5 tests
frontier,all; myth_game round 1 (R4),all frontier myth_game runs (Sol agents),Sol,own round-1 myth rule_send_amount (per SD) -> round-1 return,-0.0055180771313151,-0.03494583631021,0.0239096820475797,0.7132326362622093,1.0,17.0,29,no detectable effect,wild-cluster p 0.623 (Holm on wild p 1.000); Holm family 25 tests
frontier,2-agent homogeneous; myth_game round 1 (R4),Sol dyads,Sol,own round-1 myth rule_send_amount (per SD) -> round-1 return,,,,,,4.0,4,not estimable: ceiling,
frontier,2-agent mixed; myth_game round 1 (R4),Opus+Sol and GeminiPro+Sol dyads,Sol,own round-1 myth rule_send_amount (per SD) -> round-1 return,,,,,,4.0,4,not estimable: ceiling,
frontier,8-agent homogeneous; myth_game round 1 (R4),8 Sol,Sol,own round-1 myth rule_send_amount (per SD) -> round-1 return,-0.003430785352772,-0.0446663388233847,0.0378047681178405,0.8704645798297183,1.0,5.0,16,underpowered,wild-cluster p 0.773 (Holm on wild p 1.000); Holm family 25 tests
frontier,8-agent mixed; myth_game round 1 (R4),2 GeminiPro + 3 Opus + 3 Sol,Sol,own round-1 myth rule_send_amount (per SD) -> round-1 return,,,,,,4.0,5,not estimable: ceiling,Holm family 10 tests
frontier,all; myth_game round 1 (R4),all frontier myth_game runs,pooled,own round-1 myth label_ds_generous (per SD) -> round-1 return,-0.000108465427019,-0.0128089166473073,0.0125919857932692,0.9866451180884218,1.0,53.0,112,no detectable effect,wild-cluster p 0.986 (Holm on wild p 1.000); Holm family 25 tests
frontier,all; myth_game round 1 (R4),all frontier myth_game runs (GeminiPro agents),GeminiPro,own round-1 myth label_ds_generous (per SD) -> round-1 return,-0.0134741157274692,-0.0242680002347827,-0.0026802312201557,0.0144193600018384,0.1297742400165459,18.0,34,no detectable effect,wild-cluster p 0.125 (Holm on wild p 1.000); Holm family 9 tests
frontier,2-agent homogeneous; myth_game round 1 (R4),GeminiPro dyads,GeminiPro,own round-1 myth label_ds_generous (per SD) -> round-1 return,,,,,,5.0,5,not estimable: ceiling,
frontier,2-agent mixed; myth_game round 1 (R4),Opus+GeminiPro and GeminiPro+Sol dyads,GeminiPro,own round-1 myth label_ds_generous (per SD) -> round-1 return,,,,,,6.0,6,not estimable: ceiling,
frontier,8-agent homogeneous; myth_game round 1 (R4),8 GeminiPro,GeminiPro,own round-1 myth label_ds_generous (per SD) -> round-1 return,-0.0205428603194506,-0.0300996434437427,-0.0109860771951585,2.5193811416227145e-05,0.0002015504913298,5.0,20,underpowered,wild-cluster p 0.436 (Holm on wild p 1.000); Holm family 8 tests
frontier,8-agent mixed; myth_game round 1 (R4),2 GeminiPro + 3 Opus + 3 Sol,GeminiPro,own round-1 myth label_ds_generous (per SD) -> round-1 return,,,,,,2.0,3,underpowered,Holm family 5 tests
frontier,all; myth_game round 1 (R4),all frontier myth_game runs (Opus agents),Opus,own round-1 myth label_ds_generous (per SD) -> round-1 return,0.0172626580082636,-0.0005993459635734,0.0351246619801007,0.0581986163216532,0.6983833958598391,21.0,40,no detectable effect,wild-cluster p 0.177 (Holm on wild p 1.000); Holm family 15 tests
frontier,2-agent homogeneous; myth_game round 1 (R4),Opus dyads,Opus,own round-1 myth label_ds_generous (per SD) -> round-1 return,,,,,,5.0,5,not estimable: ceiling,
frontier,2-agent mixed; myth_game round 1 (R4),Opus+Sol and Opus+GeminiPro dyads,Opus,own round-1 myth label_ds_generous (per SD) -> round-1 return,,,,,,6.0,6,not estimable: ceiling,
frontier,8-agent homogeneous; myth_game round 1 (R4),8 Opus,Opus,own round-1 myth label_ds_generous (per SD) -> round-1 return,0.0087888147238727,-0.0085279597539012,0.0261055892016467,0.319860709591601,1.0,5.0,20,underpowered,wild-cluster p 0.909 (Holm on wild p 1.000); Holm family 15 tests
frontier,8-agent mixed; myth_game round 1 (R4),2 GeminiPro + 3 Opus + 3 Sol,Opus,own round-1 myth label_ds_generous (per SD) -> round-1 return,,,,,,5.0,9,not estimable: ceiling,Holm family 5 tests
frontier,all; myth_game round 1 (R4),all frontier myth_game runs (Sol agents),Sol,own round-1 myth label_ds_generous (per SD) -> round-1 return,-0.0058461528931098,-0.0244574533576046,0.0127651475713849,0.5381183793466602,1.0,20.0,38,no detectable effect,wild-cluster p 0.608 (Holm on wild p 1.000); Holm family 25 tests
frontier,2-agent homogeneous; myth_game round 1 (R4),Sol dyads,Sol,own round-1 myth label_ds_generous (per SD) -> round-1 return,,,,,,5.0,5,not estimable: ceiling,
frontier,2-agent mixed; myth_game round 1 (R4),Opus+Sol and GeminiPro+Sol dyads,Sol,own round-1 myth label_ds_generous (per SD) -> round-1 return,,,,,,6.0,6,not estimable: ceiling,
frontier,8-agent homogeneous; myth_game round 1 (R4),8 Sol,Sol,own round-1 myth label_ds_generous (per SD) -> round-1 return,0.000694409356551,-0.0160715409490202,0.0174603596621222,0.935300821384014,1.0,5.0,20,underpowered,wild-cluster p 0.952 (Holm on wild p 1.000); Holm family 25 tests
frontier,8-agent mixed; myth_game round 1 (R4),2 GeminiPro + 3 Opus + 3 Sol,Sol,own round-1 myth label_ds_generous (per SD) -> round-1 return,,,,,,4.0,7,not estimable: ceiling,Holm family 10 tests
frontier,all; myth_game round 1 (R4),all frontier myth_game runs,pooled,own round-1 myth lex_generosity (per SD) -> round-1 return,0.0016358017867024,-0.011169219097992,0.0144408226713969,0.8022940106198206,1.0,53.0,113,no detectable effect,wild-cluster p 0.804 (Holm on wild p 1.000); Holm family 25 tests
frontier,all; myth_game round 1 (R4),all frontier myth_game runs (GeminiPro agents),GeminiPro,own round-1 myth lex_generosity (per SD) -> round-1 return,-0.0076912856972117,-0.0310253718367012,0.0156428004422777,0.518256505135174,1.0,19.0,35,no detectable effect,wild-cluster p 0.748 (Holm on wild p 1.000); Holm family 9 tests
frontier,2-agent homogeneous; myth_game round 1 (R4),GeminiPro dyads,GeminiPro,own round-1 myth lex_generosity (per SD) -> round-1 return,,,,,,5.0,5,not estimable: ceiling,
frontier,2-agent mixed; myth_game round 1 (R4),Opus+GeminiPro and GeminiPro+Sol dyads,GeminiPro,own round-1 myth lex_generosity (per SD) -> round-1 return,,,,,,6.0,6,not estimable: ceiling,
frontier,8-agent homogeneous; myth_game round 1 (R4),8 GeminiPro,GeminiPro,own round-1 myth lex_generosity (per SD) -> round-1 return,-0.0140592459593156,-0.0454892110714903,0.017370719152859,0.3806329204787279,1.0,5.0,20,underpowered,wild-cluster p 0.614 (Holm on wild p 1.000); Holm family 8 tests
frontier,8-agent mixed; myth_game round 1 (R4),2 GeminiPro + 3 Opus + 3 Sol,GeminiPro,own round-1 myth lex_generosity (per SD) -> round-1 return,,,,,,3.0,4,not estimable: ceiling,Holm family 5 tests
frontier,all; myth_game round 1 (R4),all frontier myth_game runs (Opus agents),Opus,own round-1 myth lex_generosity (per SD) -> round-1 return,0.0149871226381761,-0.0048737647014707,0.0348480099778229,0.1391407423729442,1.0,21.0,40,no detectable effect,wild-cluster p 0.168 (Holm on wild p 1.000); Holm family 15 tests
frontier,2-agent homogeneous; myth_game round 1 (R4),Opus dyads,Opus,own round-1 myth lex_generosity (per SD) -> round-1 return,,,,,,5.0,5,not estimable: ceiling,
frontier,2-agent mixed; myth_game round 1 (R4),Opus+Sol and Opus+GeminiPro dyads,Opus,own round-1 myth lex_generosity (per SD) -> round-1 return,,,,,,6.0,6,not estimable: ceiling,
frontier,8-agent homogeneous; myth_game round 1 (R4),8 Opus,Opus,own round-1 myth lex_generosity (per SD) -> round-1 return,0.0300369534927057,-0.0021103444573222,0.0621842514427336,0.067055776195743,0.8046693143489165,5.0,20,underpowered,wild-cluster p 0.270 (Holm on wild p 1.000); Holm family 15 tests
frontier,8-agent mixed; myth_game round 1 (R4),2 GeminiPro + 3 Opus + 3 Sol,Opus,own round-1 myth lex_generosity (per SD) -> round-1 return,,,,,,5.0,9,not estimable: ceiling,Holm family 5 tests
frontier,all; myth_game round 1 (R4),all frontier myth_game runs (Sol agents),Sol,own round-1 myth lex_generosity (per SD) -> round-1 return,-0.0068065072247912,-0.0260714959226448,0.0124584814730623,0.488639537592052,1.0,20.0,38,no detectable effect,wild-cluster p 0.533 (Holm on wild p 1.000); Holm family 25 tests
frontier,2-agent homogeneous; myth_game round 1 (R4),Sol dyads,Sol,own round-1 myth lex_generosity (per SD) -> round-1 return,,,,,,5.0,5,not estimable: ceiling,
frontier,2-agent mixed; myth_game round 1 (R4),Opus+Sol and GeminiPro+Sol dyads,Sol,own round-1 myth lex_generosity (per SD) -> round-1 return,,,,,,6.0,6,not estimable: ceiling,
frontier,8-agent homogeneous; myth_game round 1 (R4),8 Sol,Sol,own round-1 myth lex_generosity (per SD) -> round-1 return,-0.0054925626692462,-0.0287698970991574,0.0177847717606649,0.6437395011902414,1.0,5.0,20,underpowered,wild-cluster p 0.615 (Holm on wild p 1.000); Holm family 25 tests
frontier,8-agent mixed; myth_game round 1 (R4),2 GeminiPro + 3 Opus + 3 Sol,Sol,own round-1 myth lex_generosity (per SD) -> round-1 return,,,,,,4.0,7,not estimable: ceiling,Holm family 10 tests
frontier,all; 8-agent myth_game rounds>=2 (R3),frontier 8-agent myth_game runs,pooled,"shown myth lex_multiplier (per SD, minus unseen placebo) -> round-r send",0.0147367436094963,-0.0045964143037482,0.0340699015227409,0.1351790153560855,1.0,10.0,171,no detectable effect,"wild-cluster p 0.180 (Holm on wild p 1.000); pooled excludes ceiling families GeminiPro,Opus; Holm family 25 tests"
frontier,all; 8-agent myth_game rounds>=2 (R3),frontier 8-agent myth_game runs (GeminiPro agents),GeminiPro,"shown myth lex_multiplier (per SD, minus unseen placebo) -> round-r send",,,,,,10.0,152,not estimable: ceiling,Holm family 9 tests
frontier,8-agent homogeneous; 8-agent myth_game rounds>=2 (R3),8 GeminiPro,GeminiPro,"shown myth lex_multiplier (per SD, minus unseen placebo) -> round-r send",,,,,,5.0,125,not estimable: ceiling,Holm family 8 tests
frontier,8-agent mixed; 8-agent myth_game rounds>=2 (R3),2 GeminiPro + 3 Opus + 3 Sol,GeminiPro,"shown myth lex_multiplier (per SD, minus unseen placebo) -> round-r send",,,,,,5.0,27,not estimable: ceiling,Holm family 5 tests; GeminiPro-authored shown myths read by the other GeminiPro have no unseen placebo (not testable by design)
frontier,all; 8-agent myth_game rounds>=2 (R3),frontier 8-agent myth_game runs (Opus agents),Opus,"shown myth lex_multiplier (per SD, minus unseen placebo) -> round-r send",,,,,,10.0,173,not estimable: ceiling,Holm family 15 tests
frontier,8-agent homogeneous; 8-agent myth_game rounds>=2 (R3),8 Opus,Opus,"shown myth lex_multiplier (per SD, minus unseen placebo) -> round-r send",,,,,,5.0,125,not estimable: ceiling,Holm family 15 tests
frontier,8-agent mixed; 8-agent myth_game rounds>=2 (R3),2 GeminiPro + 3 Opus + 3 Sol,Opus,"shown myth lex_multiplier (per SD, minus unseen placebo) -> round-r send",,,,,,5.0,48,not estimable: ceiling,Holm family 5 tests; GeminiPro-authored shown myths read by the other GeminiPro have no unseen placebo (not testable by design)
frontier,all; 8-agent myth_game rounds>=2 (R3),frontier 8-agent myth_game runs (Sol agents),Sol,"shown myth lex_multiplier (per SD, minus unseen placebo) -> round-r send",0.0147367436094963,-0.0045964143037482,0.0340699015227409,0.1351790153560855,1.0,10.0,171,no detectable effect,wild-cluster p 0.200 (Holm on wild p 1.000); Holm family 25 tests
frontier,8-agent homogeneous; 8-agent myth_game rounds>=2 (R3),8 Sol,Sol,"shown myth lex_multiplier (per SD, minus unseen placebo) -> round-r send",0.0322581680675279,0.0131997533767112,0.0513165827583446,0.000908515379765,0.0199873383548312,5.0,125,suggestive,wild-cluster p 0.030 (Holm on wild p 0.690); Holm family 25 tests
frontier,8-agent mixed; 8-agent myth_game rounds>=2 (R3),2 GeminiPro + 3 Opus + 3 Sol,Sol,"shown myth lex_multiplier (per SD, minus unseen placebo) -> round-r send",,,,,,5.0,46,not estimable: ceiling,Holm family 10 tests; GeminiPro-authored shown myths read by the other GeminiPro have no unseen placebo (not testable by design)
frontier,all; 8-agent myth_game rounds>=2 (R3),frontier 8-agent myth_game runs,pooled,"shown myth lex_caution (per SD, minus unseen placebo) -> round-r send",0.0069483230737792,-0.0104660670140622,0.0243627131616206,0.4342007396615172,1.0,10.0,171,no detectable effect,"wild-cluster p 0.423 (Holm on wild p 1.000); pooled excludes ceiling families GeminiPro,Opus; Holm family 25 tests"
frontier,all; 8-agent myth_game rounds>=2 (R3),frontier 8-agent myth_game runs (GeminiPro agents),GeminiPro,"shown myth lex_caution (per SD, minus unseen placebo) -> round-r send",,,,,,10.0,152,not estimable: ceiling,Holm family 9 tests
frontier,8-agent homogeneous; 8-agent myth_game rounds>=2 (R3),8 GeminiPro,GeminiPro,"shown myth lex_caution (per SD, minus unseen placebo) -> round-r send",,,,,,5.0,125,not estimable: ceiling,Holm family 8 tests
frontier,8-agent mixed; 8-agent myth_game rounds>=2 (R3),2 GeminiPro + 3 Opus + 3 Sol,GeminiPro,"shown myth lex_caution (per SD, minus unseen placebo) -> round-r send",,,,,,5.0,27,not estimable: ceiling,Holm family 5 tests; GeminiPro-authored shown myths read by the other GeminiPro have no unseen placebo (not testable by design)
frontier,all; 8-agent myth_game rounds>=2 (R3),frontier 8-agent myth_game runs (Opus agents),Opus,"shown myth lex_caution (per SD, minus unseen placebo) -> round-r send",,,,,,10.0,173,not estimable: ceiling,Holm family 15 tests
frontier,8-agent homogeneous; 8-agent myth_game rounds>=2 (R3),8 Opus,Opus,"shown myth lex_caution (per SD, minus unseen placebo) -> round-r send",,,,,,5.0,125,not estimable: ceiling,Holm family 15 tests
frontier,8-agent mixed; 8-agent myth_game rounds>=2 (R3),2 GeminiPro + 3 Opus + 3 Sol,Opus,"shown myth lex_caution (per SD, minus unseen placebo) -> round-r send",,,,,,5.0,48,not estimable: ceiling,Holm family 5 tests; GeminiPro-authored shown myths read by the other GeminiPro have no unseen placebo (not testable by design)
frontier,all; 8-agent myth_game rounds>=2 (R3),frontier 8-agent myth_game runs (Sol agents),Sol,"shown myth lex_caution (per SD, minus unseen placebo) -> round-r send",0.0069483230737792,-0.0104660670140622,0.0243627131616206,0.4342007396615172,1.0,10.0,171,no detectable effect,wild-cluster p 0.409 (Holm on wild p 1.000); Holm family 25 tests
frontier,8-agent homogeneous; 8-agent myth_game rounds>=2 (R3),8 Sol,Sol,"shown myth lex_caution (per SD, minus unseen placebo) -> round-r send",0.0248411227398952,0.0020658175484501,0.0476164279313403,0.0325377620219848,0.6507552404396972,5.0,125,underpowered,wild-cluster p 0.179 (Holm on wild p 1.000); Holm family 25 tests
frontier,8-agent mixed; 8-agent myth_game rounds>=2 (R3),2 GeminiPro + 3 Opus + 3 Sol,Sol,"shown myth lex_caution (per SD, minus unseen placebo) -> round-r send",,,,,,5.0,46,not estimable: ceiling,Holm family 10 tests; GeminiPro-authored shown myths read by the other GeminiPro have no unseen placebo (not testable by design)
frontier,all; 8-agent myth_game rounds>=2 (R3),frontier 8-agent myth_game runs,pooled,"shown myth rule_send_amount (per SD, minus unseen placebo) -> round-r send",0.0143196351095986,-0.0124054775356412,0.0410447477548386,0.2936389700921138,1.0,10.0,127,no detectable effect,"wild-cluster p 0.229 (Holm on wild p 1.000); pooled excludes ceiling families GeminiPro,Opus; Holm family 25 tests"
frontier,all; 8-agent myth_game rounds>=2 (R3),frontier 8-agent myth_game runs (GeminiPro agents),GeminiPro,"shown myth rule_send_amount (per SD, minus unseen placebo) -> round-r send",,,,,,10.0,141,not estimable: ceiling,Holm family 9 tests
frontier,8-agent homogeneous; 8-agent myth_game rounds>=2 (R3),8 GeminiPro,GeminiPro,"shown myth rule_send_amount (per SD, minus unseen placebo) -> round-r send",,,,,,5.0,120,not estimable: ceiling,Holm family 8 tests
frontier,8-agent mixed; 8-agent myth_game rounds>=2 (R3),2 GeminiPro + 3 Opus + 3 Sol,GeminiPro,"shown myth rule_send_amount (per SD, minus unseen placebo) -> round-r send",,,,,,5.0,21,not estimable: ceiling,Holm family 5 tests; GeminiPro-authored shown myths read by the other GeminiPro have no unseen placebo (not testable by design)
frontier,all; 8-agent myth_game rounds>=2 (R3),frontier 8-agent myth_game runs (Opus agents),Opus,"shown myth rule_send_amount (per SD, minus unseen placebo) -> round-r send",,,,,,10.0,141,not estimable: ceiling,Holm family 15 tests
frontier,8-agent homogeneous; 8-agent myth_game rounds>=2 (R3),8 Opus,Opus,"shown myth rule_send_amount (per SD, minus unseen placebo) -> round-r send",,,,,,5.0,108,not estimable: ceiling,Holm family 15 tests
frontier,8-agent mixed; 8-agent myth_game rounds>=2 (R3),2 GeminiPro + 3 Opus + 3 Sol,Opus,"shown myth rule_send_amount (per SD, minus unseen placebo) -> round-r send",,,,,,5.0,33,not estimable: ceiling,Holm family 5 tests; GeminiPro-authored shown myths read by the other GeminiPro have no unseen placebo (not testable by design)
frontier,all; 8-agent myth_game rounds>=2 (R3),frontier 8-agent myth_game runs (Sol agents),Sol,"shown myth rule_send_amount (per SD, minus unseen placebo) -> round-r send",0.0143196351095986,-0.0124054775356412,0.0410447477548386,0.2936389700921138,1.0,10.0,127,no detectable effect,wild-cluster p 0.233 (Holm on wild p 1.000); Holm family 25 tests
frontier,8-agent homogeneous; 8-agent myth_game rounds>=2 (R3),8 Sol,Sol,"shown myth rule_send_amount (per SD, minus unseen placebo) -> round-r send",0.04543802970025,-0.0106437177746229,0.1015197771751229,0.112290021461253,1.0,5.0,89,underpowered,wild-cluster p 0.143 (Holm on wild p 1.000); Holm family 25 tests
frontier,8-agent mixed; 8-agent myth_game rounds>=2 (R3),2 GeminiPro + 3 Opus + 3 Sol,Sol,"shown myth rule_send_amount (per SD, minus unseen placebo) -> round-r send",,,,,,5.0,38,not estimable: ceiling,Holm family 10 tests; GeminiPro-authored shown myths read by the other GeminiPro have no unseen placebo (not testable by design)
frontier,all; 8-agent myth_game rounds>=2 (R3),frontier 8-agent myth_game runs,pooled,"shown myth label_ds_generous (per SD, minus unseen placebo) -> round-r send",0.0021240170170755,-0.0117550364620733,0.0160030704962245,0.7642166815981488,1.0,10.0,171,no detectable effect,"wild-cluster p 0.736 (Holm on wild p 1.000); pooled excludes ceiling families GeminiPro,Opus; Holm family 25 tests"
frontier,all; 8-agent myth_game rounds>=2 (R3),frontier 8-agent myth_game runs (GeminiPro agents),GeminiPro,"shown myth label_ds_generous (per SD, minus unseen placebo) -> round-r send",,,,,,10.0,152,not estimable: ceiling,Holm family 9 tests
frontier,8-agent homogeneous; 8-agent myth_game rounds>=2 (R3),8 GeminiPro,GeminiPro,"shown myth label_ds_generous (per SD, minus unseen placebo) -> round-r send",,,,,,5.0,125,not estimable: ceiling,Holm family 8 tests
frontier,8-agent mixed; 8-agent myth_game rounds>=2 (R3),2 GeminiPro + 3 Opus + 3 Sol,GeminiPro,"shown myth label_ds_generous (per SD, minus unseen placebo) -> round-r send",,,,,,5.0,27,not estimable: ceiling,Holm family 5 tests; GeminiPro-authored shown myths read by the other GeminiPro have no unseen placebo (not testable by design)
frontier,all; 8-agent myth_game rounds>=2 (R3),frontier 8-agent myth_game runs (Opus agents),Opus,"shown myth label_ds_generous (per SD, minus unseen placebo) -> round-r send",,,,,,10.0,172,not estimable: ceiling,Holm family 15 tests
frontier,8-agent homogeneous; 8-agent myth_game rounds>=2 (R3),8 Opus,Opus,"shown myth label_ds_generous (per SD, minus unseen placebo) -> round-r send",,,,,,5.0,125,not estimable: ceiling,Holm family 15 tests
frontier,8-agent mixed; 8-agent myth_game rounds>=2 (R3),2 GeminiPro + 3 Opus + 3 Sol,Opus,"shown myth label_ds_generous (per SD, minus unseen placebo) -> round-r send",,,,,,5.0,47,not estimable: ceiling,Holm family 5 tests; GeminiPro-authored shown myths read by the other GeminiPro have no unseen placebo (not testable by design)
frontier,all; 8-agent myth_game rounds>=2 (R3),frontier 8-agent myth_game runs (Sol agents),Sol,"shown myth label_ds_generous (per SD, minus unseen placebo) -> round-r send",0.0021240170170755,-0.0117550364620733,0.0160030704962245,0.7642166815981488,1.0,10.0,171,no detectable effect,wild-cluster p 0.728 (Holm on wild p 1.000); Holm family 25 tests
frontier,8-agent homogeneous; 8-agent myth_game rounds>=2 (R3),8 Sol,Sol,"shown myth label_ds_generous (per SD, minus unseen placebo) -> round-r send",-0.0026840206909907,-0.0431913493300562,0.0378233079480747,0.8966712892530756,1.0,5.0,125,underpowered,wild-cluster p 0.860 (Holm on wild p 1.000); Holm family 25 tests
frontier,8-agent mixed; 8-agent myth_game rounds>=2 (R3),2 GeminiPro + 3 Opus + 3 Sol,Sol,"shown myth label_ds_generous (per SD, minus unseen placebo) -> round-r send",,,,,,5.0,46,not estimable: ceiling,Holm family 10 tests; GeminiPro-authored shown myths read by the other GeminiPro have no unseen placebo (not testable by design)
frontier,all; 8-agent myth_game rounds>=2 (R3),frontier 8-agent myth_game runs,pooled,"shown myth lex_generosity (per SD, minus unseen placebo) -> round-r send",-0.0017274183321101,-0.0129390436200891,0.0094842069558687,0.7626679136093752,1.0,10.0,171,no detectable effect,"wild-cluster p 0.741 (Holm on wild p 1.000); pooled excludes ceiling families GeminiPro,Opus; Holm family 25 tests"
frontier,all; 8-agent myth_game rounds>=2 (R3),frontier 8-agent myth_game runs (GeminiPro agents),GeminiPro,"shown myth lex_generosity (per SD, minus unseen placebo) -> round-r send",,,,,,10.0,152,not estimable: ceiling,Holm family 9 tests
frontier,8-agent homogeneous; 8-agent myth_game rounds>=2 (R3),8 GeminiPro,GeminiPro,"shown myth lex_generosity (per SD, minus unseen placebo) -> round-r send",,,,,,5.0,125,not estimable: ceiling,Holm family 8 tests
frontier,8-agent mixed; 8-agent myth_game rounds>=2 (R3),2 GeminiPro + 3 Opus + 3 Sol,GeminiPro,"shown myth lex_generosity (per SD, minus unseen placebo) -> round-r send",,,,,,5.0,27,not estimable: ceiling,Holm family 5 tests; GeminiPro-authored shown myths read by the other GeminiPro have no unseen placebo (not testable by design)
frontier,all; 8-agent myth_game rounds>=2 (R3),frontier 8-agent myth_game runs (Opus agents),Opus,"shown myth lex_generosity (per SD, minus unseen placebo) -> round-r send",,,,,,10.0,173,not estimable: ceiling,Holm family 15 tests
frontier,8-agent homogeneous; 8-agent myth_game rounds>=2 (R3),8 Opus,Opus,"shown myth lex_generosity (per SD, minus unseen placebo) -> round-r send",,,,,,5.0,125,not estimable: ceiling,Holm family 15 tests
frontier,8-agent mixed; 8-agent myth_game rounds>=2 (R3),2 GeminiPro + 3 Opus + 3 Sol,Opus,"shown myth lex_generosity (per SD, minus unseen placebo) -> round-r send",,,,,,5.0,48,not estimable: ceiling,Holm family 5 tests; GeminiPro-authored shown myths read by the other GeminiPro have no unseen placebo (not testable by design)
frontier,all; 8-agent myth_game rounds>=2 (R3),frontier 8-agent myth_game runs (Sol agents),Sol,"shown myth lex_generosity (per SD, minus unseen placebo) -> round-r send",-0.0017274183321101,-0.0129390436200891,0.0094842069558687,0.7626679136093752,1.0,10.0,171,no detectable effect,wild-cluster p 0.714 (Holm on wild p 1.000); Holm family 25 tests
frontier,8-agent homogeneous; 8-agent myth_game rounds>=2 (R3),8 Sol,Sol,"shown myth lex_generosity (per SD, minus unseen placebo) -> round-r send",-0.0055609548146984,-0.0435560188229472,0.0324341091935504,0.7742193762175834,1.0,5.0,125,underpowered,wild-cluster p 0.839 (Holm on wild p 1.000); Holm family 25 tests
frontier,8-agent mixed; 8-agent myth_game rounds>=2 (R3),2 GeminiPro + 3 Opus + 3 Sol,Sol,"shown myth lex_generosity (per SD, minus unseen placebo) -> round-r send",,,,,,5.0,46,not estimable: ceiling,Holm family 10 tests; GeminiPro-authored shown myths read by the other GeminiPro have no unseen placebo (not testable by design)
frontier,all; 8-agent myth_game rounds>=2 (R3),frontier 8-agent myth_game runs,pooled,"shown myth lex_multiplier (per SD, minus unseen placebo) -> return share",0.0004383318193736,-0.0087727733085239,0.0096494369472712,0.925689512835359,1.0,20.0,504,no detectable effect,wild-cluster p 0.902 (Holm on wild p 1.000); Holm family 25 tests
frontier,all; 8-agent myth_game rounds>=2 (R3),frontier 8-agent myth_game runs (GeminiPro agents),GeminiPro,"shown myth lex_multiplier (per SD, minus unseen placebo) -> return share",0.0028154539991703,-0.0243365213182405,0.0299674293165812,0.838952602992314,1.0,10.0,154,no detectable effect,wild-cluster p 0.800 (Holm on wild p 1.000); Holm family 9 tests
frontier,8-agent homogeneous; 8-agent myth_game rounds>=2 (R3),8 GeminiPro,GeminiPro,"shown myth lex_multiplier (per SD, minus unseen placebo) -> return share",0.0038246953559664,-0.0391052778159248,0.0467546685278576,0.861381284879569,1.0,5.0,127,underpowered,wild-cluster p 0.843 (Holm on wild p 1.000); Holm family 8 tests
frontier,8-agent mixed; 8-agent myth_game rounds>=2 (R3),2 GeminiPro + 3 Opus + 3 Sol,GeminiPro,"shown myth lex_multiplier (per SD, minus unseen placebo) -> return share",0.0039971353155106,,,,,5.0,27,underpowered,wild-cluster p 0.886 (Holm on wild p 1.000); Holm family 5 tests; GeminiPro-authored shown myths read by the other GeminiPro have no unseen placebo (not testable by design)
frontier,all; 8-agent myth_game rounds>=2 (R3),frontier 8-agent myth_game runs (Opus agents),Opus,"shown myth lex_multiplier (per SD, minus unseen placebo) -> return share",-0.001218895507225,-0.0095854991350634,0.0071477081206132,0.7752312607381631,1.0,10.0,171,no detectable effect,wild-cluster p 0.710 (Holm on wild p 1.000); Holm family 15 tests
frontier,8-agent homogeneous; 8-agent myth_game rounds>=2 (R3),8 Opus,Opus,"shown myth lex_multiplier (per SD, minus unseen placebo) -> return share",-0.0066307787662821,-0.0249788880640419,0.0117173305314776,0.4787548571120124,1.0,5.0,127,underpowered,wild-cluster p 0.288 (Holm on wild p 1.000); Holm family 15 tests
frontier,8-agent mixed; 8-agent myth_game rounds>=2 (R3),2 GeminiPro + 3 Opus + 3 Sol,Opus,"shown myth lex_multiplier (per SD, minus unseen placebo) -> return share",0.006433492368668,-0.0149344995508442,0.0278014842881803,0.5551185481457914,1.0,5.0,44,underpowered,wild-cluster p 0.324 (Holm on wild p 0.972); Holm family 5 tests; GeminiPro-authored shown myths read by the other GeminiPro have no unseen placebo (not testable by design)
frontier,all; 8-agent myth_game rounds>=2 (R3),frontier 8-agent myth_game runs (Sol agents),Sol,"shown myth lex_multiplier (per SD, minus unseen placebo) -> return share",0.0029149199637495,-0.0159706766757949,0.021800516603294,0.7622610389584563,1.0,10.0,179,no detectable effect,wild-cluster p 0.713 (Holm on wild p 1.000); Holm family 25 tests
frontier,8-agent homogeneous; 8-agent myth_game rounds>=2 (R3),8 Sol,Sol,"shown myth lex_multiplier (per SD, minus unseen placebo) -> return share",0.0205997877100397,-0.0096129614320918,0.0508125368521714,0.181434525822467,1.0,5.0,127,underpowered,wild-cluster p 0.155 (Holm on wild p 1.000); Holm family 25 tests
frontier,8-agent mixed; 8-agent myth_game rounds>=2 (R3),2 GeminiPro + 3 Opus + 3 Sol,Sol,"shown myth lex_multiplier (per SD, minus unseen placebo) -> return share",-0.0031784268560712,-0.034090681403061,0.0277338276909184,0.840287828593177,1.0,5.0,52,underpowered,wild-cluster p 0.819 (Holm on wild p 1.000); Holm family 10 tests; GeminiPro-authored shown myths read by the other GeminiPro have no unseen placebo (not testable by design)
frontier,all; 8-agent myth_game rounds>=2 (R3),frontier 8-agent myth_game runs,pooled,"shown myth lex_caution (per SD, minus unseen placebo) -> return share",-0.0009514685408922,-0.0080670201929472,0.0061640831111627,0.7932597336727532,1.0,20.0,504,no detectable effect,wild-cluster p 0.765 (Holm on wild p 1.000); Holm family 25 tests
frontier,all; 8-agent myth_game rounds>=2 (R3),frontier 8-agent myth_game runs (GeminiPro agents),GeminiPro,"shown myth lex_caution (per SD, minus unseen placebo) -> return share",-0.0046877881133062,-0.0279387230587251,0.0185631468321127,0.6927230202197052,1.0,10.0,154,no detectable effect,wild-cluster p 0.656 (Holm on wild p 1.000); Holm family 9 tests
frontier,8-agent homogeneous; 8-agent myth_game rounds>=2 (R3),8 GeminiPro,GeminiPro,"shown myth lex_caution (per SD, minus unseen placebo) -> return share",-0.0223532056954397,-0.068034956640657,0.0233285452497776,0.3375292029892732,1.0,5.0,127,underpowered,wild-cluster p 0.310 (Holm on wild p 1.000); Holm family 8 tests
frontier,8-agent mixed; 8-agent myth_game rounds>=2 (R3),2 GeminiPro + 3 Opus + 3 Sol,GeminiPro,"shown myth lex_caution (per SD, minus unseen placebo) -> return share",0.0125694850461521,,,,,5.0,27,underpowered,wild-cluster p 0.812 (Holm on wild p 1.000); Holm family 5 tests; GeminiPro-authored shown myths read by the other GeminiPro have no unseen placebo (not testable by design)
frontier,all; 8-agent myth_game rounds>=2 (R3),frontier 8-agent myth_game runs (Opus agents),Opus,"shown myth lex_caution (per SD, minus unseen placebo) -> return share",0.0040968423822248,-0.0058731218418771,0.0140668066063268,0.4205973202949595,1.0,10.0,171,no detectable effect,wild-cluster p 0.327 (Holm on wild p 1.000); Holm family 15 tests
frontier,8-agent homogeneous; 8-agent myth_game rounds>=2 (R3),8 Opus,Opus,"shown myth lex_caution (per SD, minus unseen placebo) -> return share",0.0046301486493152,-0.0099914044738419,0.0192517017724724,0.5348273392748446,1.0,5.0,127,underpowered,wild-cluster p 0.490 (Holm on wild p 1.000); Holm family 15 tests
frontier,8-agent mixed; 8-agent myth_game rounds>=2 (R3),2 GeminiPro + 3 Opus + 3 Sol,Opus,"shown myth lex_caution (per SD, minus unseen placebo) -> return share",-0.0028545572365775,-0.041486037097996,0.0357769226248409,0.8848485259891358,1.0,5.0,44,underpowered,wild-cluster p 0.897 (Holm on wild p 0.972); Holm family 5 tests; GeminiPro-authored shown myths read by the other GeminiPro have no unseen placebo (not testable by design)
frontier,all; 8-agent myth_game rounds>=2 (R3),frontier 8-agent myth_game runs (Sol agents),Sol,"shown myth lex_caution (per SD, minus unseen placebo) -> return share",-0.0021349679820636,-0.0144354952917422,0.010165559327615,0.7337168786829638,1.0,10.0,179,no detectable effect,wild-cluster p 0.741 (Holm on wild p 1.000); Holm family 25 tests
frontier,8-agent homogeneous; 8-agent myth_game rounds>=2 (R3),8 Sol,Sol,"shown myth lex_caution (per SD, minus unseen placebo) -> return share",-0.0045264391129319,-0.0368092449213015,0.0277563666954377,0.7834617442620306,1.0,5.0,127,underpowered,wild-cluster p 0.742 (Holm on wild p 1.000); Holm family 25 tests
frontier,8-agent mixed; 8-agent myth_game rounds>=2 (R3),2 GeminiPro + 3 Opus + 3 Sol,Sol,"shown myth lex_caution (per SD, minus unseen placebo) -> return share",0.0051601235085162,-0.0155155664252563,0.0258358134422889,0.6247306259421588,1.0,5.0,52,underpowered,wild-cluster p 0.588 (Holm on wild p 1.000); Holm family 10 tests; GeminiPro-authored shown myths read by the other GeminiPro have no unseen placebo (not testable by design)
frontier,all; 8-agent myth_game rounds>=2 (R3),frontier 8-agent myth_game runs,pooled,"shown myth rule_send_amount (per SD, minus unseen placebo) -> return share",0.0002094553313875,-0.0095803361700095,0.0099992468327846,0.9665513293224368,1.0,20.0,412,no detectable effect,wild-cluster p 0.966 (Holm on wild p 1.000); Holm family 25 tests
frontier,all; 8-agent myth_game rounds>=2 (R3),frontier 8-agent myth_game runs (GeminiPro agents),GeminiPro,"shown myth rule_send_amount (per SD, minus unseen placebo) -> return share",0.0249084771778073,-0.1972079835995546,0.2470249379551692,0.826032108844249,1.0,10.0,141,no detectable effect,wild-cluster p 0.817 (Holm on wild p 1.000); Holm family 9 tests
frontier,8-agent homogeneous; 8-agent myth_game rounds>=2 (R3),8 GeminiPro,GeminiPro,"shown myth rule_send_amount (per SD, minus unseen placebo) -> return share",,,,,,5.0,123,not estimable: predictor has no spread,Holm family 8 tests
frontier,8-agent mixed; 8-agent myth_game rounds>=2 (R3),2 GeminiPro + 3 Opus + 3 Sol,GeminiPro,"shown myth rule_send_amount (per SD, minus unseen placebo) -> return share",-0.0754499137241253,,,,,5.0,18,underpowered,wild-cluster p 1.000 (Holm on wild p 1.000); Holm family 5 tests; GeminiPro-authored shown myths read by the other GeminiPro have no unseen placebo (not testable by design)
frontier,all; 8-agent myth_game rounds>=2 (R3),frontier 8-agent myth_game runs (Opus agents),Opus,"shown myth rule_send_amount (per SD, minus unseen placebo) -> return share",0.0026714500865963,-0.0084764196025531,0.0138193197757459,0.6385827282174797,1.0,10.0,144,no detectable effect,wild-cluster p 0.633 (Holm on wild p 1.000); Holm family 15 tests
frontier,8-agent homogeneous; 8-agent myth_game rounds>=2 (R3),8 Opus,Opus,"shown myth rule_send_amount (per SD, minus unseen placebo) -> return share",0.0001154887988862,-0.0139429703960445,0.0141739479938169,0.987153893198204,1.0,5.0,108,underpowered,wild-cluster p 0.985 (Holm on wild p 1.000); Holm family 15 tests
frontier,8-agent mixed; 8-agent myth_game rounds>=2 (R3),2 GeminiPro + 3 Opus + 3 Sol,Opus,"shown myth rule_send_amount (per SD, minus unseen placebo) -> return share",0.0851748280610863,-0.0832914069920996,0.2536410631142723,0.3217158516634508,1.0,5.0,36,underpowered,wild-cluster p 0.056 (Holm on wild p 0.273); Holm family 5 tests; GeminiPro-authored shown myths read by the other GeminiPro have no unseen placebo (not testable by design)
frontier,all; 8-agent myth_game rounds>=2 (R3),frontier 8-agent myth_game runs (Sol agents),Sol,"shown myth rule_send_amount (per SD, minus unseen placebo) -> return share",-8.436204197547707e-05,-0.0384584077727514,0.0382896836888004,0.996562075751746,1.0,10.0,127,no detectable effect,wild-cluster p 0.997 (Holm on wild p 1.000); Holm family 25 tests
frontier,8-agent homogeneous; 8-agent myth_game rounds>=2 (R3),8 Sol,Sol,"shown myth rule_send_amount (per SD, minus unseen placebo) -> return share",-0.0253544628562219,-0.1122753643953143,0.0615664386828703,0.5675162335289542,1.0,5.0,90,underpowered,wild-cluster p 0.462 (Holm on wild p 1.000); Holm family 25 tests
frontier,8-agent mixed; 8-agent myth_game rounds>=2 (R3),2 GeminiPro + 3 Opus + 3 Sol,Sol,"shown myth rule_send_amount (per SD, minus unseen placebo) -> return share",0.0037869595383561,-0.1376986861693802,0.1452726052460926,0.9581623507700576,1.0,5.0,37,underpowered,wild-cluster p 0.893 (Holm on wild p 1.000); Holm family 10 tests; GeminiPro-authored shown myths read by the other GeminiPro have no unseen placebo (not testable by design)
frontier,all; 8-agent myth_game rounds>=2 (R3),frontier 8-agent myth_game runs,pooled,"shown myth label_ds_generous (per SD, minus unseen placebo) -> return share",-0.0066508977274329,-0.0146054482128029,0.001303652757937,0.1012653256527792,1.0,20.0,503,no detectable effect,wild-cluster p 0.041 (Holm on wild p 0.943); Holm family 25 tests
frontier,all; 8-agent myth_game rounds>=2 (R3),frontier 8-agent myth_game runs (GeminiPro agents),GeminiPro,"shown myth label_ds_generous (per SD, minus unseen placebo) -> return share",-0.0024659268183541,-0.0126602398402813,0.0077283862035731,0.635428322402358,1.0,10.0,154,no detectable effect,wild-cluster p 0.589 (Holm on wild p 1.000); Holm family 9 tests
frontier,8-agent homogeneous; 8-agent myth_game rounds>=2 (R3),8 GeminiPro,GeminiPro,"shown myth label_ds_generous (per SD, minus unseen placebo) -> return share",0.0022836673033234,-0.0065474126182967,0.0111147472249436,0.6122701770522353,1.0,5.0,127,underpowered,wild-cluster p 0.371 (Holm on wild p 1.000); Holm family 8 tests
frontier,8-agent mixed; 8-agent myth_game rounds>=2 (R3),2 GeminiPro + 3 Opus + 3 Sol,GeminiPro,"shown myth label_ds_generous (per SD, minus unseen placebo) -> return share",0.0293565320958554,,,,,5.0,27,underpowered,wild-cluster p 0.821 (Holm on wild p 1.000); Holm family 5 tests; GeminiPro-authored shown myths read by the other GeminiPro have no unseen placebo (not testable by design)
frontier,all; 8-agent myth_game rounds>=2 (R3),frontier 8-agent myth_game runs (Opus agents),Opus,"shown myth label_ds_generous (per SD, minus unseen placebo) -> return share",-0.0056721899289444,-0.0200378047800371,0.0086934249221483,0.4390006893566838,1.0,10.0,171,no detectable effect,wild-cluster p 0.380 (Holm on wild p 1.000); Holm family 15 tests
frontier,8-agent homogeneous; 8-agent myth_game rounds>=2 (R3),8 Opus,Opus,"shown myth label_ds_generous (per SD, minus unseen placebo) -> return share",-0.0089315020584953,-0.0436395908848708,0.0257765867678801,0.614007395445199,1.0,5.0,127,underpowered,wild-cluster p 0.688 (Holm on wild p 1.000); Holm family 15 tests
frontier,8-agent mixed; 8-agent myth_game rounds>=2 (R3),2 GeminiPro + 3 Opus + 3 Sol,Opus,"shown myth label_ds_generous (per SD, minus unseen placebo) -> return share",-0.0152651898291986,-0.0736552667437914,0.043124887085394,0.6083693309381082,1.0,5.0,44,underpowered,wild-cluster p 0.465 (Holm on wild p 0.972); Holm family 5 tests; GeminiPro-authored shown myths read by the other GeminiPro have no unseen placebo (not testable by design)
frontier,all; 8-agent myth_game rounds>=2 (R3),frontier 8-agent myth_game runs (Sol agents),Sol,"shown myth label_ds_generous (per SD, minus unseen placebo) -> return share",-0.009184998113474,-0.0245466181050523,0.0061766218781042,0.2412376505878188,1.0,10.0,178,no detectable effect,wild-cluster p 0.178 (Holm on wild p 1.000); Holm family 25 tests
frontier,8-agent homogeneous; 8-agent myth_game rounds>=2 (R3),8 Sol,Sol,"shown myth label_ds_generous (per SD, minus unseen placebo) -> return share",-0.0338770396758336,-0.0644412296725914,-0.0033128496790758,0.029825181230322,0.6263288058367638,5.0,127,underpowered,wild-cluster p 0.106 (Holm on wild p 1.000); Holm family 25 tests
frontier,8-agent mixed; 8-agent myth_game rounds>=2 (R3),2 GeminiPro + 3 Opus + 3 Sol,Sol,"shown myth label_ds_generous (per SD, minus unseen placebo) -> return share",0.0045306434872109,-0.0064430144708458,0.0155043014452677,0.4183993790139469,1.0,5.0,51,underpowered,wild-cluster p 0.266 (Holm on wild p 1.000); Holm family 10 tests; GeminiPro-authored shown myths read by the other GeminiPro have no unseen placebo (not testable by design)
frontier,all; 8-agent myth_game rounds>=2 (R3),frontier 8-agent myth_game runs,pooled,"shown myth lex_generosity (per SD, minus unseen placebo) -> return share",0.0029610843926226,-0.0062081137624826,0.0121302825477279,0.5267680902157224,1.0,20.0,504,no detectable effect,wild-cluster p 0.572 (Holm on wild p 1.000); Holm family 25 tests
frontier,all; 8-agent myth_game rounds>=2 (R3),frontier 8-agent myth_game runs (GeminiPro agents),GeminiPro,"shown myth lex_generosity (per SD, minus unseen placebo) -> return share",0.0013625035006944,-0.0137711966168791,0.0164962036182681,0.8599343841848004,1.0,10.0,154,no detectable effect,wild-cluster p 0.811 (Holm on wild p 1.000); Holm family 9 tests
frontier,8-agent homogeneous; 8-agent myth_game rounds>=2 (R3),8 GeminiPro,GeminiPro,"shown myth lex_generosity (per SD, minus unseen placebo) -> return share",-0.0046719557317296,-0.0150855092270358,0.0057415977635766,0.3792267999355211,1.0,5.0,127,underpowered,wild-cluster p 0.315 (Holm on wild p 1.000); Holm family 8 tests
frontier,8-agent mixed; 8-agent myth_game rounds>=2 (R3),2 GeminiPro + 3 Opus + 3 Sol,GeminiPro,"shown myth lex_generosity (per SD, minus unseen placebo) -> return share",0.0691145481345715,,,,,5.0,27,underpowered,wild-cluster p 0.243 (Holm on wild p 1.000); Holm family 5 tests; GeminiPro-authored shown myths read by the other GeminiPro have no unseen placebo (not testable by design)
frontier,all; 8-agent myth_game rounds>=2 (R3),frontier 8-agent myth_game runs (Opus agents),Opus,"shown myth lex_generosity (per SD, minus unseen placebo) -> return share",-0.0069626044463486,-0.0210513598402895,0.0071261509475923,0.3327417750612406,1.0,10.0,171,no detectable effect,wild-cluster p 0.269 (Holm on wild p 1.000); Holm family 15 tests
frontier,8-agent homogeneous; 8-agent myth_game rounds>=2 (R3),8 Opus,Opus,"shown myth lex_generosity (per SD, minus unseen placebo) -> return share",-0.0145029232161647,-0.0513227716712859,0.0223169252389565,0.4401098564697286,1.0,5.0,127,underpowered,wild-cluster p 0.394 (Holm on wild p 1.000); Holm family 15 tests
frontier,8-agent mixed; 8-agent myth_game rounds>=2 (R3),2 GeminiPro + 3 Opus + 3 Sol,Opus,"shown myth lex_generosity (per SD, minus unseen placebo) -> return share",-0.0059063371791007,-0.0186774837577502,0.0068648093995487,0.3647059070945707,1.0,5.0,44,underpowered,wild-cluster p 0.055 (Holm on wild p 0.273); Holm family 5 tests; GeminiPro-authored shown myths read by the other GeminiPro have no unseen placebo (not testable by design)
frontier,all; 8-agent myth_game rounds>=2 (R3),frontier 8-agent myth_game runs (Sol agents),Sol,"shown myth lex_generosity (per SD, minus unseen placebo) -> return share",0.005896313432102,-0.0118423958304673,0.0236350226946714,0.5147313117707368,1.0,10.0,179,no detectable effect,wild-cluster p 0.520 (Holm on wild p 1.000); Holm family 25 tests
frontier,8-agent homogeneous; 8-agent myth_game rounds>=2 (R3),8 Sol,Sol,"shown myth lex_generosity (per SD, minus unseen placebo) -> return share",-0.0041317411924239,-0.0272468168902642,0.0189833345054163,0.726085876673935,1.0,5.0,127,underpowered,wild-cluster p 0.676 (Holm on wild p 1.000); Holm family 25 tests
frontier,8-agent mixed; 8-agent myth_game rounds>=2 (R3),2 GeminiPro + 3 Opus + 3 Sol,Sol,"shown myth lex_generosity (per SD, minus unseen placebo) -> return share",0.0019988668401862,-0.0174860236007274,0.0214837572810999,0.8406486511453015,1.0,5.0,52,underpowered,wild-cluster p 0.731 (Holm on wild p 1.000); Holm family 10 tests; GeminiPro-authored shown myths read by the other GeminiPro have no unseen placebo (not testable by design)
frontier,all; 8-agent myth_game rounds>=2 (R3),frontier 8-agent myth_game runs,pooled,"shown myth lex_multiplier (per SD, minus unseen placebo) -> change in send",0.0029337740923591,-0.0085549582199826,0.0144225064047009,0.6167242180447506,1.0,10.0,144,no detectable effect,"wild-cluster p 0.569 (Holm on wild p 1.000); pooled excludes ceiling families GeminiPro,Opus; Holm family 25 tests"
frontier,all; 8-agent myth_game rounds>=2 (R3),frontier 8-agent myth_game runs (GeminiPro agents),GeminiPro,"shown myth lex_multiplier (per SD, minus unseen placebo) -> change in send",,,,,,10.0,128,not estimable: ceiling,Holm family 9 tests
frontier,8-agent homogeneous; 8-agent myth_game rounds>=2 (R3),8 GeminiPro,GeminiPro,"shown myth lex_multiplier (per SD, minus unseen placebo) -> change in send",,,,,,5.0,105,not estimable: ceiling,Holm family 8 tests
frontier,8-agent mixed; 8-agent myth_game rounds>=2 (R3),2 GeminiPro + 3 Opus + 3 Sol,GeminiPro,"shown myth lex_multiplier (per SD, minus unseen placebo) -> change in send",,,,,,5.0,23,not estimable: ceiling,Holm family 5 tests; GeminiPro-authored shown myths read by the other GeminiPro have no unseen placebo (not testable by design)
frontier,all; 8-agent myth_game rounds>=2 (R3),frontier 8-agent myth_game runs (Opus agents),Opus,"shown myth lex_multiplier (per SD, minus unseen placebo) -> change in send",,,,,,10.0,144,not estimable: ceiling,Holm family 15 tests
frontier,8-agent homogeneous; 8-agent myth_game rounds>=2 (R3),8 Opus,Opus,"shown myth lex_multiplier (per SD, minus unseen placebo) -> change in send",,,,,,5.0,105,not estimable: ceiling,Holm family 15 tests
frontier,8-agent mixed; 8-agent myth_game rounds>=2 (R3),2 GeminiPro + 3 Opus + 3 Sol,Opus,"shown myth lex_multiplier (per SD, minus unseen placebo) -> change in send",,,,,,5.0,39,not estimable: ceiling,Holm family 5 tests; GeminiPro-authored shown myths read by the other GeminiPro have no unseen placebo (not testable by design)
frontier,all; 8-agent myth_game rounds>=2 (R3),frontier 8-agent myth_game runs (Sol agents),Sol,"shown myth lex_multiplier (per SD, minus unseen placebo) -> change in send",0.0029337740923591,-0.0085549582199826,0.0144225064047009,0.6167242180447506,1.0,10.0,144,no detectable effect,wild-cluster p 0.568 (Holm on wild p 1.000); Holm family 25 tests
frontier,8-agent homogeneous; 8-agent myth_game rounds>=2 (R3),8 Sol,Sol,"shown myth lex_multiplier (per SD, minus unseen placebo) -> change in send",0.0165920533783279,-0.0061096000349375,0.0392937067915934,0.1520044498539565,1.0,5.0,105,underpowered,wild-cluster p 0.089 (Holm on wild p 1.000); Holm family 25 tests
frontier,8-agent mixed; 8-agent myth_game rounds>=2 (R3),2 GeminiPro + 3 Opus + 3 Sol,Sol,"shown myth lex_multiplier (per SD, minus unseen placebo) -> change in send",-1.2070303116688758e-16,-4.304563405080846e-16,1.890502781743095e-16,0.4450171928514914,1.0,5.0,39,not estimable: ceiling,wild-cluster p 0.469 (Holm on wild p 1.000); zero residual: every sender that states an amount sends exactly it (CI degenerate); Holm family 10 tests; outcome constant within agent after fixed effects; GeminiPro-authored shown myths read by the other GeminiPro have no unseen placebo (not testable by design)
frontier,all; 8-agent myth_game rounds>=2 (R3),frontier 8-agent myth_game runs,pooled,"shown myth lex_caution (per SD, minus unseen placebo) -> change in send",-0.0023217662582181,-0.0058883823876353,0.0012448498711989,0.2019975396195241,1.0,10.0,144,no detectable effect,"wild-cluster p 0.111 (Holm on wild p 1.000); pooled excludes ceiling families GeminiPro,Opus; Holm family 25 tests"
frontier,all; 8-agent myth_game rounds>=2 (R3),frontier 8-agent myth_game runs (GeminiPro agents),GeminiPro,"shown myth lex_caution (per SD, minus unseen placebo) -> change in send",,,,,,10.0,128,not estimable: ceiling,Holm family 9 tests
frontier,8-agent homogeneous; 8-agent myth_game rounds>=2 (R3),8 GeminiPro,GeminiPro,"shown myth lex_caution (per SD, minus unseen placebo) -> change in send",,,,,,5.0,105,not estimable: ceiling,Holm family 8 tests
frontier,8-agent mixed; 8-agent myth_game rounds>=2 (R3),2 GeminiPro + 3 Opus + 3 Sol,GeminiPro,"shown myth lex_caution (per SD, minus unseen placebo) -> change in send",,,,,,5.0,23,not estimable: ceiling,Holm family 5 tests; GeminiPro-authored shown myths read by the other GeminiPro have no unseen placebo (not testable by design)
frontier,all; 8-agent myth_game rounds>=2 (R3),frontier 8-agent myth_game runs (Opus agents),Opus,"shown myth lex_caution (per SD, minus unseen placebo) -> change in send",,,,,,10.0,144,not estimable: ceiling,Holm family 15 tests
frontier,8-agent homogeneous; 8-agent myth_game rounds>=2 (R3),8 Opus,Opus,"shown myth lex_caution (per SD, minus unseen placebo) -> change in send",,,,,,5.0,105,not estimable: ceiling,Holm family 15 tests
frontier,8-agent mixed; 8-agent myth_game rounds>=2 (R3),2 GeminiPro + 3 Opus + 3 Sol,Opus,"shown myth lex_caution (per SD, minus unseen placebo) -> change in send",,,,,,5.0,39,not estimable: ceiling,Holm family 5 tests; GeminiPro-authored shown myths read by the other GeminiPro have no unseen placebo (not testable by design)
frontier,all; 8-agent myth_game rounds>=2 (R3),frontier 8-agent myth_game runs (Sol agents),Sol,"shown myth lex_caution (per SD, minus unseen placebo) -> change in send",-0.0023217662582181,-0.0058883823876353,0.0012448498711989,0.2019975396195241,1.0,10.0,144,no detectable effect,wild-cluster p 0.101 (Holm on wild p 1.000); Holm family 25 tests
frontier,8-agent homogeneous; 8-agent myth_game rounds>=2 (R3),8 Sol,Sol,"shown myth lex_caution (per SD, minus unseen placebo) -> change in send",-0.0074198960461477,-0.016536279583651,0.0016964874913555,0.1106607999718631,1.0,5.0,105,underpowered,wild-cluster p 0.062 (Holm on wild p 1.000); Holm family 25 tests
frontier,8-agent mixed; 8-agent myth_game rounds>=2 (R3),2 GeminiPro + 3 Opus + 3 Sol,Sol,"shown myth lex_caution (per SD, minus unseen placebo) -> change in send",-7.635847559124494e-17,-5.718644055623428e-16,4.1914745437985296e-16,0.762625799677109,1.0,5.0,39,not estimable: ceiling,wild-cluster p 0.534 (Holm on wild p 1.000); zero residual: every sender that states an amount sends exactly it (CI degenerate); Holm family 10 tests; outcome constant within agent after fixed effects; GeminiPro-authored shown myths read by the other GeminiPro have no unseen placebo (not testable by design)
frontier,all; 8-agent myth_game rounds>=2 (R3),frontier 8-agent myth_game runs,pooled,"shown myth rule_send_amount (per SD, minus unseen placebo) -> change in send",-0.0140835428758105,-0.053179955018529,0.0250128692669079,0.4801695298457077,1.0,10.0,104,no detectable effect,"wild-cluster p 0.470 (Holm on wild p 1.000); pooled excludes ceiling families GeminiPro,Opus; Holm family 25 tests"
frontier,all; 8-agent myth_game rounds>=2 (R3),frontier 8-agent myth_game runs (GeminiPro agents),GeminiPro,"shown myth rule_send_amount (per SD, minus unseen placebo) -> change in send",,,,,,10.0,120,not estimable: ceiling,Holm family 9 tests
frontier,8-agent homogeneous; 8-agent myth_game rounds>=2 (R3),8 GeminiPro,GeminiPro,"shown myth rule_send_amount (per SD, minus unseen placebo) -> change in send",,,,,,5.0,100,not estimable: ceiling,Holm family 8 tests
frontier,8-agent mixed; 8-agent myth_game rounds>=2 (R3),2 GeminiPro + 3 Opus + 3 Sol,GeminiPro,"shown myth rule_send_amount (per SD, minus unseen placebo) -> change in send",,,,,,5.0,20,not estimable: ceiling,Holm family 5 tests; GeminiPro-authored shown myths read by the other GeminiPro have no unseen placebo (not testable by design)
frontier,all; 8-agent myth_game rounds>=2 (R3),frontier 8-agent myth_game runs (Opus agents),Opus,"shown myth rule_send_amount (per SD, minus unseen placebo) -> change in send",,,,,,10.0,121,not estimable: ceiling,Holm family 15 tests
frontier,8-agent homogeneous; 8-agent myth_game rounds>=2 (R3),8 Opus,Opus,"shown myth rule_send_amount (per SD, minus unseen placebo) -> change in send",,,,,,5.0,93,not estimable: ceiling,Holm family 15 tests
frontier,8-agent mixed; 8-agent myth_game rounds>=2 (R3),2 GeminiPro + 3 Opus + 3 Sol,Opus,"shown myth rule_send_amount (per SD, minus unseen placebo) -> change in send",,,,,,5.0,28,not estimable: ceiling,Holm family 5 tests; GeminiPro-authored shown myths read by the other GeminiPro have no unseen placebo (not testable by design)
frontier,all; 8-agent myth_game rounds>=2 (R3),frontier 8-agent myth_game runs (Sol agents),Sol,"shown myth rule_send_amount (per SD, minus unseen placebo) -> change in send",-0.0140835428758105,-0.053179955018529,0.0250128692669079,0.4801695298457077,1.0,10.0,104,no detectable effect,wild-cluster p 0.443 (Holm on wild p 1.000); Holm family 25 tests
frontier,8-agent homogeneous; 8-agent myth_game rounds>=2 (R3),8 Sol,Sol,"shown myth rule_send_amount (per SD, minus unseen placebo) -> change in send",-0.0058092004690226,-0.0598883208848359,0.0482699199467906,0.8332461536725421,1.0,5.0,72,underpowered,wild-cluster p 0.726 (Holm on wild p 1.000); Holm family 25 tests
frontier,8-agent mixed; 8-agent myth_game rounds>=2 (R3),2 GeminiPro + 3 Opus + 3 Sol,Sol,"shown myth rule_send_amount (per SD, minus unseen placebo) -> change in send",8.029648783345858e-16,-7.076937081374268e-15,8.682866838043439e-15,0.841698754976206,1.0,5.0,32,not estimable: ceiling,wild-cluster p 0.437 (Holm on wild p 1.000); zero residual: every sender that states an amount sends exactly it (CI degenerate); Holm family 10 tests; outcome constant within agent after fixed effects; GeminiPro-authored shown myths read by the other GeminiPro have no unseen placebo (not testable by design)
frontier,all; 8-agent myth_game rounds>=2 (R3),frontier 8-agent myth_game runs,pooled,"shown myth label_ds_generous (per SD, minus unseen placebo) -> change in send",0.0027621132049935,-0.0019282572141708,0.007452483624158,0.2484167087675881,1.0,10.0,144,no detectable effect,"wild-cluster p 0.127 (Holm on wild p 1.000); pooled excludes ceiling families GeminiPro,Opus; Holm family 25 tests"
frontier,all; 8-agent myth_game rounds>=2 (R3),frontier 8-agent myth_game runs (GeminiPro agents),GeminiPro,"shown myth label_ds_generous (per SD, minus unseen placebo) -> change in send",,,,,,10.0,128,not estimable: ceiling,Holm family 9 tests
frontier,8-agent homogeneous; 8-agent myth_game rounds>=2 (R3),8 GeminiPro,GeminiPro,"shown myth label_ds_generous (per SD, minus unseen placebo) -> change in send",,,,,,5.0,105,not estimable: ceiling,Holm family 8 tests
frontier,8-agent mixed; 8-agent myth_game rounds>=2 (R3),2 GeminiPro + 3 Opus + 3 Sol,GeminiPro,"shown myth label_ds_generous (per SD, minus unseen placebo) -> change in send",,,,,,5.0,23,not estimable: ceiling,Holm family 5 tests; GeminiPro-authored shown myths read by the other GeminiPro have no unseen placebo (not testable by design)
frontier,all; 8-agent myth_game rounds>=2 (R3),frontier 8-agent myth_game runs (Opus agents),Opus,"shown myth label_ds_generous (per SD, minus unseen placebo) -> change in send",,,,,,10.0,144,not estimable: ceiling,Holm family 15 tests
frontier,8-agent homogeneous; 8-agent myth_game rounds>=2 (R3),8 Opus,Opus,"shown myth label_ds_generous (per SD, minus unseen placebo) -> change in send",,,,,,5.0,105,not estimable: ceiling,Holm family 15 tests
frontier,8-agent mixed; 8-agent myth_game rounds>=2 (R3),2 GeminiPro + 3 Opus + 3 Sol,Opus,"shown myth label_ds_generous (per SD, minus unseen placebo) -> change in send",,,,,,5.0,39,not estimable: ceiling,Holm family 5 tests; GeminiPro-authored shown myths read by the other GeminiPro have no unseen placebo (not testable by design)
frontier,all; 8-agent myth_game rounds>=2 (R3),frontier 8-agent myth_game runs (Sol agents),Sol,"shown myth label_ds_generous (per SD, minus unseen placebo) -> change in send",0.0027621132049935,-0.0019282572141708,0.007452483624158,0.2484167087675881,1.0,10.0,144,no detectable effect,wild-cluster p 0.128 (Holm on wild p 1.000); Holm family 25 tests
frontier,8-agent homogeneous; 8-agent myth_game rounds>=2 (R3),8 Sol,Sol,"shown myth label_ds_generous (per SD, minus unseen placebo) -> change in send",0.0011774911608182,-0.0204382609287981,0.0227932432504346,0.9149741486093864,1.0,5.0,105,underpowered,wild-cluster p 0.905 (Holm on wild p 1.000); Holm family 25 tests
frontier,8-agent mixed; 8-agent myth_game rounds>=2 (R3),2 GeminiPro + 3 Opus + 3 Sol,Sol,"shown myth label_ds_generous (per SD, minus unseen placebo) -> change in send",1.0953241821117381e-16,-5.03456538767008e-16,7.225213751893555e-16,0.7261753092978129,1.0,5.0,39,not estimable: ceiling,wild-cluster p 0.247 (Holm on wild p 1.000); zero residual: every sender that states an amount sends exactly it (CI degenerate); Holm family 10 tests; outcome constant within agent after fixed effects; GeminiPro-authored shown myths read by the other GeminiPro have no unseen placebo (not testable by design)
frontier,all; 8-agent myth_game rounds>=2 (R3),frontier 8-agent myth_game runs,pooled,"shown myth lex_generosity (per SD, minus unseen placebo) -> change in send",0.0008813490475128,-0.0037569120172335,0.0055196101122592,0.7095751569752197,1.0,10.0,144,no detectable effect,"wild-cluster p 0.591 (Holm on wild p 1.000); pooled excludes ceiling families GeminiPro,Opus; Holm family 25 tests"
frontier,all; 8-agent myth_game rounds>=2 (R3),frontier 8-agent myth_game runs (GeminiPro agents),GeminiPro,"shown myth lex_generosity (per SD, minus unseen placebo) -> change in send",,,,,,10.0,128,not estimable: ceiling,Holm family 9 tests
frontier,8-agent homogeneous; 8-agent myth_game rounds>=2 (R3),8 GeminiPro,GeminiPro,"shown myth lex_generosity (per SD, minus unseen placebo) -> change in send",,,,,,5.0,105,not estimable: ceiling,Holm family 8 tests
frontier,8-agent mixed; 8-agent myth_game rounds>=2 (R3),2 GeminiPro + 3 Opus + 3 Sol,GeminiPro,"shown myth lex_generosity (per SD, minus unseen placebo) -> change in send",,,,,,5.0,23,not estimable: ceiling,Holm family 5 tests; GeminiPro-authored shown myths read by the other GeminiPro have no unseen placebo (not testable by design)
frontier,all; 8-agent myth_game rounds>=2 (R3),frontier 8-agent myth_game runs (Opus agents),Opus,"shown myth lex_generosity (per SD, minus unseen placebo) -> change in send",,,,,,10.0,144,not estimable: ceiling,Holm family 15 tests
frontier,8-agent homogeneous; 8-agent myth_game rounds>=2 (R3),8 Opus,Opus,"shown myth lex_generosity (per SD, minus unseen placebo) -> change in send",,,,,,5.0,105,not estimable: ceiling,Holm family 15 tests
frontier,8-agent mixed; 8-agent myth_game rounds>=2 (R3),2 GeminiPro + 3 Opus + 3 Sol,Opus,"shown myth lex_generosity (per SD, minus unseen placebo) -> change in send",,,,,,5.0,39,not estimable: ceiling,Holm family 5 tests; GeminiPro-authored shown myths read by the other GeminiPro have no unseen placebo (not testable by design)
frontier,all; 8-agent myth_game rounds>=2 (R3),frontier 8-agent myth_game runs (Sol agents),Sol,"shown myth lex_generosity (per SD, minus unseen placebo) -> change in send",0.0008813490475128,-0.0037569120172335,0.0055196101122592,0.7095751569752197,1.0,10.0,144,no detectable effect,wild-cluster p 0.592 (Holm on wild p 1.000); Holm family 25 tests
frontier,8-agent homogeneous; 8-agent myth_game rounds>=2 (R3),8 Sol,Sol,"shown myth lex_generosity (per SD, minus unseen placebo) -> change in send",-0.0003274255213197,-0.0111562689441614,0.0105014179015219,0.9527431840084024,1.0,5.0,105,underpowered,wild-cluster p 0.910 (Holm on wild p 1.000); Holm family 25 tests
frontier,8-agent mixed; 8-agent myth_game rounds>=2 (R3),2 GeminiPro + 3 Opus + 3 Sol,Sol,"shown myth lex_generosity (per SD, minus unseen placebo) -> change in send",3.5980199000713606e-17,-6.835358697370921e-16,7.554962677385193e-16,0.921924215570418,1.0,5.0,39,not estimable: ceiling,wild-cluster p 0.750 (Holm on wild p 1.000); zero residual: every sender that states an amount sends exactly it (CI degenerate); Holm family 10 tests; outcome constant within agent after fixed effects; GeminiPro-authored shown myths read by the other GeminiPro have no unseen placebo (not testable by design)
frontier,all; myth_game round 1 (R4),all frontier myth_game runs,pooled,[exploratory] own round-1 myth rule_return_more_than_half (per SD) -> round-1 send,0.0230032766846346,-0.0026749950329401,0.0486815484022094,0.0791246641191708,1.0,37.0,76,no detectable effect,"wild-cluster p 0.119 (Holm on wild p 1.000); pooled excludes ceiling families GeminiPro; Holm family 25 tests; exploratory candidate set (frontier screen), separate Holm"
frontier,all; myth_game round 1 (R4),all frontier myth_game runs (GeminiPro agents),GeminiPro,[exploratory] own round-1 myth rule_return_more_than_half (per SD) -> round-1 send,,,,,,20.0,37,not estimable: ceiling,"Holm family 9 tests; exploratory candidate set (frontier screen), separate Holm"
frontier,2-agent homogeneous; myth_game round 1 (R4),GeminiPro dyads,GeminiPro,[exploratory] own round-1 myth rule_return_more_than_half (per SD) -> round-1 send,,,,,,5.0,5,not estimable: ceiling,"exploratory candidate set (frontier screen), separate Holm"
frontier,2-agent mixed; myth_game round 1 (R4),Opus+GeminiPro and GeminiPro+Sol dyads,GeminiPro,[exploratory] own round-1 myth rule_return_more_than_half (per SD) -> round-1 send,,,,,,6.0,6,not estimable: ceiling,"exploratory candidate set (frontier screen), separate Holm"
frontier,8-agent homogeneous; myth_game round 1 (R4),8 GeminiPro,GeminiPro,[exploratory] own round-1 myth rule_return_more_than_half (per SD) -> round-1 send,,,,,,5.0,20,not estimable: ceiling,"Holm family 7 tests; exploratory candidate set (frontier screen), separate Holm"
frontier,8-agent mixed; myth_game round 1 (R4),2 GeminiPro + 3 Opus + 3 Sol,GeminiPro,[exploratory] own round-1 myth rule_return_more_than_half (per SD) -> round-1 send,,,,,,4.0,6,not estimable: ceiling,"Holm family 5 tests; exploratory candidate set (frontier screen), separate Holm"
frontier,all; myth_game round 1 (R4),all frontier myth_game runs (Opus agents),Opus,[exploratory] own round-1 myth rule_return_more_than_half (per SD) -> round-1 send,0.0104129059076614,-0.0128494799531045,0.0336752917684275,0.3803043509540035,1.0,21.0,37,no detectable effect,"wild-cluster p 0.411 (Holm on wild p 1.000); Holm family 14 tests; exploratory candidate set (frontier screen), separate Holm"
frontier,2-agent homogeneous; myth_game round 1 (R4),Opus dyads,Opus,[exploratory] own round-1 myth rule_return_more_than_half (per SD) -> round-1 send,,,,,,5.0,5,not estimable: ceiling,"exploratory candidate set (frontier screen), separate Holm"
frontier,2-agent mixed; myth_game round 1 (R4),Opus+Sol and Opus+GeminiPro dyads,Opus,[exploratory] own round-1 myth rule_return_more_than_half (per SD) -> round-1 send,,,,,,6.0,6,not estimable: ceiling,"exploratory candidate set (frontier screen), separate Holm"
frontier,8-agent homogeneous; myth_game round 1 (R4),8 Opus,Opus,[exploratory] own round-1 myth rule_return_more_than_half (per SD) -> round-1 send,0.0067250017320313,-0.0287037334999992,0.0421537369640619,0.7098661247529358,1.0,5.0,20,underpowered,"wild-cluster p 0.699 (Holm on wild p 1.000); Holm family 12 tests; exploratory candidate set (frontier screen), separate Holm"
frontier,8-agent mixed; myth_game round 1 (R4),2 GeminiPro + 3 Opus + 3 Sol,Opus,[exploratory] own round-1 myth rule_return_more_than_half (per SD) -> round-1 send,,,,,,5.0,6,not estimable: ceiling,"Holm family 5 tests; exploratory candidate set (frontier screen), separate Holm"
frontier,all; myth_game round 1 (R4),all frontier myth_game runs (Sol agents),Sol,[exploratory] own round-1 myth rule_return_more_than_half (per SD) -> round-1 send,0.0398477154795068,-0.0071657095910846,0.0868611405500983,0.0966673690049627,1.0,21.0,39,no detectable effect,"wild-cluster p 0.174 (Holm on wild p 1.000); Holm family 25 tests; exploratory candidate set (frontier screen), separate Holm"
frontier,2-agent homogeneous; myth_game round 1 (R4),Sol dyads,Sol,[exploratory] own round-1 myth rule_return_more_than_half (per SD) -> round-1 send,,,,,,5.0,5,not estimable: ceiling,"exploratory candidate set (frontier screen), separate Holm"
frontier,2-agent mixed; myth_game round 1 (R4),Opus+Sol and GeminiPro+Sol dyads,Sol,[exploratory] own round-1 myth rule_return_more_than_half (per SD) -> round-1 send,,,,,,6.0,6,not estimable: ceiling,"exploratory candidate set (frontier screen), separate Holm"
frontier,8-agent homogeneous; myth_game round 1 (R4),8 Sol,Sol,[exploratory] own round-1 myth rule_return_more_than_half (per SD) -> round-1 send,0.0135536447209207,-0.0515768175568987,0.0786841069987402,0.6833703151655977,1.0,5.0,20,underpowered,"wild-cluster p 0.663 (Holm on wild p 1.000); Holm family 25 tests; exploratory candidate set (frontier screen), separate Holm"
frontier,8-agent mixed; myth_game round 1 (R4),2 GeminiPro + 3 Opus + 3 Sol,Sol,[exploratory] own round-1 myth rule_return_more_than_half (per SD) -> round-1 send,,,,,,5.0,8,not estimable: ceiling,"Holm family 10 tests; exploratory candidate set (frontier screen), separate Holm"
frontier,all; myth_game round 1 (R4),all frontier myth_game runs,pooled,[exploratory] own round-1 myth rule_return_half (per SD) -> round-1 send,-0.0350572297687089,-0.0627351238894435,-0.0073793356479744,0.013045698199674,0.3130967567921783,37.0,76,suggestive,"wild-cluster p 0.030 (Holm on wild p 0.750); pooled excludes ceiling families GeminiPro; Holm family 25 tests; exploratory candidate set (frontier screen), separate Holm"
frontier,all; myth_game round 1 (R4),all frontier myth_game runs (GeminiPro agents),GeminiPro,[exploratory] own round-1 myth rule_return_half (per SD) -> round-1 send,,,,,,20.0,37,not estimable: ceiling,"Holm family 9 tests; exploratory candidate set (frontier screen), separate Holm"
frontier,2-agent homogeneous; myth_game round 1 (R4),GeminiPro dyads,GeminiPro,[exploratory] own round-1 myth rule_return_half (per SD) -> round-1 send,,,,,,5.0,5,not estimable: ceiling,"exploratory candidate set (frontier screen), separate Holm"
frontier,2-agent mixed; myth_game round 1 (R4),Opus+GeminiPro and GeminiPro+Sol dyads,GeminiPro,[exploratory] own round-1 myth rule_return_half (per SD) -> round-1 send,,,,,,6.0,6,not estimable: ceiling,"exploratory candidate set (frontier screen), separate Holm"
frontier,8-agent homogeneous; myth_game round 1 (R4),8 GeminiPro,GeminiPro,[exploratory] own round-1 myth rule_return_half (per SD) -> round-1 send,,,,,,5.0,20,not estimable: ceiling,"Holm family 7 tests; exploratory candidate set (frontier screen), separate Holm"
frontier,8-agent mixed; myth_game round 1 (R4),2 GeminiPro + 3 Opus + 3 Sol,GeminiPro,[exploratory] own round-1 myth rule_return_half (per SD) -> round-1 send,,,,,,4.0,6,not estimable: ceiling,"Holm family 5 tests; exploratory candidate set (frontier screen), separate Holm"
frontier,all; myth_game round 1 (R4),all frontier myth_game runs (Opus agents),Opus,[exploratory] own round-1 myth rule_return_half (per SD) -> round-1 send,-0.010792161094523,-0.0295684201154086,0.0079840979263625,0.2599361132261844,1.0,21.0,37,no detectable effect,"wild-cluster p 0.353 (Holm on wild p 1.000); Holm family 14 tests; exploratory candidate set (frontier screen), separate Holm"
frontier,2-agent homogeneous; myth_game round 1 (R4),Opus dyads,Opus,[exploratory] own round-1 myth rule_return_half (per SD) -> round-1 send,,,,,,5.0,5,not estimable: ceiling,"exploratory candidate set (frontier screen), separate Holm"
frontier,2-agent mixed; myth_game round 1 (R4),Opus+Sol and Opus+GeminiPro dyads,Opus,[exploratory] own round-1 myth rule_return_half (per SD) -> round-1 send,,,,,,6.0,6,not estimable: ceiling,"exploratory candidate set (frontier screen), separate Holm"
frontier,8-agent homogeneous; myth_game round 1 (R4),8 Opus,Opus,[exploratory] own round-1 myth rule_return_half (per SD) -> round-1 send,-0.0045659143092213,-0.0270247388562294,0.0178929102377867,0.6902883690478474,1.0,5.0,20,underpowered,"wild-cluster p 0.739 (Holm on wild p 1.000); Holm family 12 tests; exploratory candidate set (frontier screen), separate Holm"
frontier,8-agent mixed; myth_game round 1 (R4),2 GeminiPro + 3 Opus + 3 Sol,Opus,[exploratory] own round-1 myth rule_return_half (per SD) -> round-1 send,,,,,,5.0,6,not estimable: ceiling,"Holm family 5 tests; exploratory candidate set (frontier screen), separate Holm"
frontier,all; myth_game round 1 (R4),all frontier myth_game runs (Sol agents),Sol,[exploratory] own round-1 myth rule_return_half (per SD) -> round-1 send,-0.0633161728947067,-0.1123439534548764,-0.0142883923345371,0.0113684247675735,0.2728421944217646,21.0,39,no detectable effect,"wild-cluster p 0.066 (Holm on wild p 1.000); Holm family 25 tests; exploratory candidate set (frontier screen), separate Holm"
frontier,2-agent homogeneous; myth_game round 1 (R4),Sol dyads,Sol,[exploratory] own round-1 myth rule_return_half (per SD) -> round-1 send,,,,,,5.0,5,not estimable: ceiling,"exploratory candidate set (frontier screen), separate Holm"
frontier,2-agent mixed; myth_game round 1 (R4),Opus+Sol and GeminiPro+Sol dyads,Sol,[exploratory] own round-1 myth rule_return_half (per SD) -> round-1 send,,,,,,6.0,6,not estimable: ceiling,"exploratory candidate set (frontier screen), separate Holm"
frontier,8-agent homogeneous; myth_game round 1 (R4),8 Sol,Sol,[exploratory] own round-1 myth rule_return_half (per SD) -> round-1 send,-0.0399351727363822,-0.1140753583684198,0.0342050128956553,0.2910947793073632,1.0,5.0,20,underpowered,"wild-cluster p 0.363 (Holm on wild p 1.000); Holm family 25 tests; exploratory candidate set (frontier screen), separate Holm"
frontier,8-agent mixed; myth_game round 1 (R4),2 GeminiPro + 3 Opus + 3 Sol,Sol,[exploratory] own round-1 myth rule_return_half (per SD) -> round-1 send,,,,,,5.0,8,not estimable: ceiling,"Holm family 10 tests; exploratory candidate set (frontier screen), separate Holm"
frontier,all; myth_game round 1 (R4),all frontier myth_game runs,pooled,[exploratory] own round-1 myth lex_consistency (per SD) -> round-1 send,0.0095622217480575,-0.018605932210956,0.0377303757070711,0.5058282689999678,1.0,37.0,76,no detectable effect,"wild-cluster p 0.536 (Holm on wild p 1.000); pooled excludes ceiling families GeminiPro; Holm family 25 tests; exploratory candidate set (frontier screen), separate Holm"
frontier,all; myth_game round 1 (R4),all frontier myth_game runs (GeminiPro agents),GeminiPro,[exploratory] own round-1 myth lex_consistency (per SD) -> round-1 send,,,,,,20.0,37,not estimable: ceiling,"Holm family 9 tests; exploratory candidate set (frontier screen), separate Holm"
frontier,2-agent homogeneous; myth_game round 1 (R4),GeminiPro dyads,GeminiPro,[exploratory] own round-1 myth lex_consistency (per SD) -> round-1 send,,,,,,5.0,5,not estimable: ceiling,"exploratory candidate set (frontier screen), separate Holm"
frontier,2-agent mixed; myth_game round 1 (R4),Opus+GeminiPro and GeminiPro+Sol dyads,GeminiPro,[exploratory] own round-1 myth lex_consistency (per SD) -> round-1 send,,,,,,6.0,6,not estimable: ceiling,"exploratory candidate set (frontier screen), separate Holm"
frontier,8-agent homogeneous; myth_game round 1 (R4),8 GeminiPro,GeminiPro,[exploratory] own round-1 myth lex_consistency (per SD) -> round-1 send,,,,,,5.0,20,not estimable: ceiling,"Holm family 7 tests; exploratory candidate set (frontier screen), separate Holm"
frontier,8-agent mixed; myth_game round 1 (R4),2 GeminiPro + 3 Opus + 3 Sol,GeminiPro,[exploratory] own round-1 myth lex_consistency (per SD) -> round-1 send,,,,,,4.0,6,not estimable: ceiling,"Holm family 5 tests; exploratory candidate set (frontier screen), separate Holm"
frontier,all; myth_game round 1 (R4),all frontier myth_game runs (Opus agents),Opus,[exploratory] own round-1 myth lex_consistency (per SD) -> round-1 send,0.0097319354974533,-0.0123653669400981,0.0318292379350048,0.3880312052229171,1.0,21.0,37,no detectable effect,"wild-cluster p 0.499 (Holm on wild p 1.000); Holm family 14 tests; exploratory candidate set (frontier screen), separate Holm"
frontier,2-agent homogeneous; myth_game round 1 (R4),Opus dyads,Opus,[exploratory] own round-1 myth lex_consistency (per SD) -> round-1 send,,,,,,5.0,5,not estimable: ceiling,"exploratory candidate set (frontier screen), separate Holm"
frontier,2-agent mixed; myth_game round 1 (R4),Opus+Sol and Opus+GeminiPro dyads,Opus,[exploratory] own round-1 myth lex_consistency (per SD) -> round-1 send,,,,,,6.0,6,not estimable: ceiling,"exploratory candidate set (frontier screen), separate Holm"
frontier,8-agent homogeneous; myth_game round 1 (R4),8 Opus,Opus,[exploratory] own round-1 myth lex_consistency (per SD) -> round-1 send,,,,,,5.0,20,not estimable: predictor has no spread,"Holm family 12 tests; exploratory candidate set (frontier screen), separate Holm"
frontier,8-agent mixed; myth_game round 1 (R4),2 GeminiPro + 3 Opus + 3 Sol,Opus,[exploratory] own round-1 myth lex_consistency (per SD) -> round-1 send,,,,,,5.0,6,not estimable: ceiling,"Holm family 5 tests; exploratory candidate set (frontier screen), separate Holm"
frontier,all; myth_game round 1 (R4),all frontier myth_game runs (Sol agents),Sol,[exploratory] own round-1 myth lex_consistency (per SD) -> round-1 send,0.0095153161714308,-0.0256150945419775,0.0446457268848392,0.5955089497058408,1.0,21.0,39,no detectable effect,"wild-cluster p 0.619 (Holm on wild p 1.000); Holm family 25 tests; exploratory candidate set (frontier screen), separate Holm"
frontier,2-agent homogeneous; myth_game round 1 (R4),Sol dyads,Sol,[exploratory] own round-1 myth lex_consistency (per SD) -> round-1 send,,,,,,5.0,5,not estimable: ceiling,"exploratory candidate set (frontier screen), separate Holm"
frontier,2-agent mixed; myth_game round 1 (R4),Opus+Sol and GeminiPro+Sol dyads,Sol,[exploratory] own round-1 myth lex_consistency (per SD) -> round-1 send,,,,,,6.0,6,not estimable: ceiling,"exploratory candidate set (frontier screen), separate Holm"
frontier,8-agent homogeneous; myth_game round 1 (R4),8 Sol,Sol,[exploratory] own round-1 myth lex_consistency (per SD) -> round-1 send,0.0060175504738603,-0.0792862934844787,0.0913213944321994,0.8900342633331797,1.0,5.0,20,underpowered,"wild-cluster p 0.864 (Holm on wild p 1.000); Holm family 25 tests; exploratory candidate set (frontier screen), separate Holm"
frontier,8-agent mixed; myth_game round 1 (R4),2 GeminiPro + 3 Opus + 3 Sol,Sol,[exploratory] own round-1 myth lex_consistency (per SD) -> round-1 send,,,,,,5.0,8,not estimable: ceiling,"Holm family 10 tests; exploratory candidate set (frontier screen), separate Holm"
frontier,all; myth_game round 1 (R4),all frontier myth_game runs,pooled,[exploratory] own round-1 myth lex_community (per SD) -> round-1 send,0.0129079724389142,-0.0111518835124157,0.0369678283902442,0.2930247631606554,1.0,37.0,76,no detectable effect,"wild-cluster p 0.516 (Holm on wild p 1.000); pooled excludes ceiling families GeminiPro; Holm family 25 tests; exploratory candidate set (frontier screen), separate Holm"
frontier,all; myth_game round 1 (R4),all frontier myth_game runs (GeminiPro agents),GeminiPro,[exploratory] own round-1 myth lex_community (per SD) -> round-1 send,,,,,,20.0,37,not estimable: ceiling,"Holm family 9 tests; exploratory candidate set (frontier screen), separate Holm"
frontier,2-agent homogeneous; myth_game round 1 (R4),GeminiPro dyads,GeminiPro,[exploratory] own round-1 myth lex_community (per SD) -> round-1 send,,,,,,5.0,5,not estimable: ceiling,"exploratory candidate set (frontier screen), separate Holm"
frontier,2-agent mixed; myth_game round 1 (R4),Opus+GeminiPro and GeminiPro+Sol dyads,GeminiPro,[exploratory] own round-1 myth lex_community (per SD) -> round-1 send,,,,,,6.0,6,not estimable: ceiling,"exploratory candidate set (frontier screen), separate Holm"
frontier,8-agent homogeneous; myth_game round 1 (R4),8 GeminiPro,GeminiPro,[exploratory] own round-1 myth lex_community (per SD) -> round-1 send,,,,,,5.0,20,not estimable: ceiling,"Holm family 7 tests; exploratory candidate set (frontier screen), separate Holm"
frontier,8-agent mixed; myth_game round 1 (R4),2 GeminiPro + 3 Opus + 3 Sol,GeminiPro,[exploratory] own round-1 myth lex_community (per SD) -> round-1 send,,,,,,4.0,6,not estimable: ceiling,"Holm family 5 tests; exploratory candidate set (frontier screen), separate Holm"
frontier,all; myth_game round 1 (R4),all frontier myth_game runs (Opus agents),Opus,[exploratory] own round-1 myth lex_community (per SD) -> round-1 send,0.0047089980675966,-0.0057328200894877,0.0151508162246811,0.3767531160131027,1.0,21.0,37,no detectable effect,"wild-cluster p 0.423 (Holm on wild p 1.000); Holm family 14 tests; exploratory candidate set (frontier screen), separate Holm"
frontier,2-agent homogeneous; myth_game round 1 (R4),Opus dyads,Opus,[exploratory] own round-1 myth lex_community (per SD) -> round-1 send,,,,,,5.0,5,not estimable: ceiling,"exploratory candidate set (frontier screen), separate Holm"
frontier,2-agent mixed; myth_game round 1 (R4),Opus+Sol and Opus+GeminiPro dyads,Opus,[exploratory] own round-1 myth lex_community (per SD) -> round-1 send,,,,,,6.0,6,not estimable: ceiling,"exploratory candidate set (frontier screen), separate Holm"
frontier,8-agent homogeneous; myth_game round 1 (R4),8 Opus,Opus,[exploratory] own round-1 myth lex_community (per SD) -> round-1 send,0.0113627477052806,-0.0103861751029209,0.0331116705134822,0.305842239452288,1.0,5.0,20,underpowered,"wild-cluster p 0.371 (Holm on wild p 1.000); Holm family 12 tests; exploratory candidate set (frontier screen), separate Holm"
frontier,8-agent mixed; myth_game round 1 (R4),2 GeminiPro + 3 Opus + 3 Sol,Opus,[exploratory] own round-1 myth lex_community (per SD) -> round-1 send,,,,,,5.0,6,not estimable: ceiling,"Holm family 5 tests; exploratory candidate set (frontier screen), separate Holm"
frontier,all; myth_game round 1 (R4),all frontier myth_game runs (Sol agents),Sol,[exploratory] own round-1 myth lex_community (per SD) -> round-1 send,0.0213980120884932,-0.0197945704051416,0.0625905945821282,0.3086169988540798,1.0,21.0,39,no detectable effect,"wild-cluster p 0.586 (Holm on wild p 1.000); Holm family 25 tests; exploratory candidate set (frontier screen), separate Holm"
frontier,2-agent homogeneous; myth_game round 1 (R4),Sol dyads,Sol,[exploratory] own round-1 myth lex_community (per SD) -> round-1 send,,,,,,5.0,5,not estimable: ceiling,"exploratory candidate set (frontier screen), separate Holm"
frontier,2-agent mixed; myth_game round 1 (R4),Opus+Sol and GeminiPro+Sol dyads,Sol,[exploratory] own round-1 myth lex_community (per SD) -> round-1 send,,,,,,6.0,6,not estimable: ceiling,"exploratory candidate set (frontier screen), separate Holm"
frontier,8-agent homogeneous; myth_game round 1 (R4),8 Sol,Sol,[exploratory] own round-1 myth lex_community (per SD) -> round-1 send,0.0515159205892874,0.0253252889583047,0.0777065522202701,0.0001156490264457,0.0028912256611442,5.0,20,underpowered,"wild-cluster p 0.083 (Holm on wild p 1.000); Holm family 25 tests; exploratory candidate set (frontier screen), separate Holm"
frontier,8-agent mixed; myth_game round 1 (R4),2 GeminiPro + 3 Opus + 3 Sol,Sol,[exploratory] own round-1 myth lex_community (per SD) -> round-1 send,,,,,,5.0,8,not estimable: ceiling,"Holm family 10 tests; exploratory candidate set (frontier screen), separate Holm"
frontier,all; myth_game round 1 (R4),all frontier myth_game runs,pooled,[exploratory] own round-1 myth rule_letdown_reduce (per SD) -> round-1 send,-0.0773356154088201,-0.1308628299705107,-0.0238084008471296,0.0046295837485183,0.1157395937129581,37.0,76,suggestive,"wild-cluster p 0.036 (Holm on wild p 0.864); pooled excludes ceiling families GeminiPro; Holm family 25 tests; exploratory candidate set (frontier screen), separate Holm"
frontier,all; myth_game round 1 (R4),all frontier myth_game runs (GeminiPro agents),GeminiPro,[exploratory] own round-1 myth rule_letdown_reduce (per SD) -> round-1 send,,,,,,20.0,37,not estimable: ceiling,"Holm family 9 tests; exploratory candidate set (frontier screen), separate Holm"
frontier,2-agent homogeneous; myth_game round 1 (R4),GeminiPro dyads,GeminiPro,[exploratory] own round-1 myth rule_letdown_reduce (per SD) -> round-1 send,,,,,,5.0,5,not estimable: ceiling,"exploratory candidate set (frontier screen), separate Holm"
frontier,2-agent mixed; myth_game round 1 (R4),Opus+GeminiPro and GeminiPro+Sol dyads,GeminiPro,[exploratory] own round-1 myth rule_letdown_reduce (per SD) -> round-1 send,,,,,,6.0,6,not estimable: ceiling,"exploratory candidate set (frontier screen), separate Holm"
frontier,8-agent homogeneous; myth_game round 1 (R4),8 GeminiPro,GeminiPro,[exploratory] own round-1 myth rule_letdown_reduce (per SD) -> round-1 send,,,,,,5.0,20,not estimable: ceiling,"Holm family 7 tests; exploratory candidate set (frontier screen), separate Holm"
frontier,8-agent mixed; myth_game round 1 (R4),2 GeminiPro + 3 Opus + 3 Sol,GeminiPro,[exploratory] own round-1 myth rule_letdown_reduce (per SD) -> round-1 send,,,,,,4.0,6,not estimable: ceiling,"Holm family 5 tests; exploratory candidate set (frontier screen), separate Holm"
frontier,all; myth_game round 1 (R4),all frontier myth_game runs (Opus agents),Opus,[exploratory] own round-1 myth rule_letdown_reduce (per SD) -> round-1 send,,,,,,21.0,37,not estimable: predictor has no spread,"Holm family 14 tests; exploratory candidate set (frontier screen), separate Holm"
frontier,2-agent homogeneous; myth_game round 1 (R4),Opus dyads,Opus,[exploratory] own round-1 myth rule_letdown_reduce (per SD) -> round-1 send,,,,,,5.0,5,not estimable: ceiling,"exploratory candidate set (frontier screen), separate Holm"
frontier,2-agent mixed; myth_game round 1 (R4),Opus+Sol and Opus+GeminiPro dyads,Opus,[exploratory] own round-1 myth rule_letdown_reduce (per SD) -> round-1 send,,,,,,6.0,6,not estimable: ceiling,"exploratory candidate set (frontier screen), separate Holm"
frontier,8-agent homogeneous; myth_game round 1 (R4),8 Opus,Opus,[exploratory] own round-1 myth rule_letdown_reduce (per SD) -> round-1 send,,,,,,5.0,20,not estimable: predictor has no spread,"Holm family 12 tests; exploratory candidate set (frontier screen), separate Holm"
frontier,8-agent mixed; myth_game round 1 (R4),2 GeminiPro + 3 Opus + 3 Sol,Opus,[exploratory] own round-1 myth rule_letdown_reduce (per SD) -> round-1 send,,,,,,5.0,6,not estimable: ceiling,"Holm family 5 tests; exploratory candidate set (frontier screen), separate Holm"
frontier,all; myth_game round 1 (R4),all frontier myth_game runs (Sol agents),Sol,[exploratory] own round-1 myth rule_letdown_reduce (per SD) -> round-1 send,-0.0773356154088202,-0.1313837310520657,-0.0232874997655746,0.0050403132135353,0.1260078303383845,21.0,39,suggestive,"wild-cluster p 0.032 (Holm on wild p 0.800); Holm family 25 tests; exploratory candidate set (frontier screen), separate Holm"
frontier,2-agent homogeneous; myth_game round 1 (R4),Sol dyads,Sol,[exploratory] own round-1 myth rule_letdown_reduce (per SD) -> round-1 send,,,,,,5.0,5,not estimable: ceiling,"exploratory candidate set (frontier screen), separate Holm"
frontier,2-agent mixed; myth_game round 1 (R4),Opus+Sol and GeminiPro+Sol dyads,Sol,[exploratory] own round-1 myth rule_letdown_reduce (per SD) -> round-1 send,,,,,,6.0,6,not estimable: ceiling,"exploratory candidate set (frontier screen), separate Holm"
frontier,8-agent homogeneous; myth_game round 1 (R4),8 Sol,Sol,[exploratory] own round-1 myth rule_letdown_reduce (per SD) -> round-1 send,-0.0501937888470708,-0.0965803933177605,-0.0038071843763811,0.0339362635067668,0.8144703241624034,5.0,20,underpowered,"wild-cluster p 0.119 (Holm on wild p 1.000); Holm family 25 tests; exploratory candidate set (frontier screen), separate Holm"
frontier,8-agent mixed; myth_game round 1 (R4),2 GeminiPro + 3 Opus + 3 Sol,Sol,[exploratory] own round-1 myth rule_letdown_reduce (per SD) -> round-1 send,,,,,,5.0,8,not estimable: ceiling,"Holm family 10 tests; exploratory candidate set (frontier screen), separate Holm"
frontier,all; myth_game round 1 (R4),all frontier myth_game runs,pooled,[exploratory] own round-1 myth rule_return_more_than_half (per SD) -> round-1 return,0.005554017372733,-0.0032182850344989,0.014326319779965,0.2146374718861492,1.0,53.0,113,no detectable effect,"wild-cluster p 0.253 (Holm on wild p 1.000); Holm family 25 tests; exploratory candidate set (frontier screen), separate Holm"
frontier,all; myth_game round 1 (R4),all frontier myth_game runs (GeminiPro agents),GeminiPro,[exploratory] own round-1 myth rule_return_more_than_half (per SD) -> round-1 return,0.003797039365997,-0.0077675559219344,0.0153616346539284,0.5198860658929243,1.0,19.0,35,no detectable effect,"wild-cluster p 0.585 (Holm on wild p 1.000); Holm family 9 tests; exploratory candidate set (frontier screen), separate Holm"
frontier,2-agent homogeneous; myth_game round 1 (R4),GeminiPro dyads,GeminiPro,[exploratory] own round-1 myth rule_return_more_than_half (per SD) -> round-1 return,,,,,,5.0,5,not estimable: ceiling,"exploratory candidate set (frontier screen), separate Holm"
frontier,2-agent mixed; myth_game round 1 (R4),Opus+GeminiPro and GeminiPro+Sol dyads,GeminiPro,[exploratory] own round-1 myth rule_return_more_than_half (per SD) -> round-1 return,,,,,,6.0,6,not estimable: ceiling,"exploratory candidate set (frontier screen), separate Holm"
frontier,8-agent homogeneous; myth_game round 1 (R4),8 GeminiPro,GeminiPro,[exploratory] own round-1 myth rule_return_more_than_half (per SD) -> round-1 return,0.0084701169774365,-0.0044246601058452,0.0213648940607184,0.1979444166986875,0.7917776667947503,5.0,20,underpowered,"wild-cluster p 0.331 (Holm on wild p 1.000); Holm family 7 tests; exploratory candidate set (frontier screen), separate Holm"
frontier,8-agent mixed; myth_game round 1 (R4),2 GeminiPro + 3 Opus + 3 Sol,GeminiPro,[exploratory] own round-1 myth rule_return_more_than_half (per SD) -> round-1 return,,,,,,3.0,4,not estimable: ceiling,"Holm family 5 tests; exploratory candidate set (frontier screen), separate Holm"
frontier,all; myth_game round 1 (R4),all frontier myth_game runs (Opus agents),Opus,[exploratory] own round-1 myth rule_return_more_than_half (per SD) -> round-1 return,0.0122619907330562,-0.0037932956218256,0.0283172770879381,0.1344208675799199,1.0,21.0,40,no detectable effect,"wild-cluster p 0.181 (Holm on wild p 1.000); Holm family 14 tests; exploratory candidate set (frontier screen), separate Holm"
frontier,2-agent homogeneous; myth_game round 1 (R4),Opus dyads,Opus,[exploratory] own round-1 myth rule_return_more_than_half (per SD) -> round-1 return,,,,,,5.0,5,not estimable: ceiling,"exploratory candidate set (frontier screen), separate Holm"
frontier,2-agent mixed; myth_game round 1 (R4),Opus+Sol and Opus+GeminiPro dyads,Opus,[exploratory] own round-1 myth rule_return_more_than_half (per SD) -> round-1 return,,,,,,6.0,6,not estimable: ceiling,"exploratory candidate set (frontier screen), separate Holm"
frontier,8-agent homogeneous; myth_game round 1 (R4),8 Opus,Opus,[exploratory] own round-1 myth rule_return_more_than_half (per SD) -> round-1 return,0.0071840951836045,-0.0181921447348648,0.0325603351020739,0.5789821388262408,1.0,5.0,20,underpowered,"wild-cluster p 0.676 (Holm on wild p 1.000); Holm family 12 tests; exploratory candidate set (frontier screen), separate Holm"
frontier,8-agent mixed; myth_game round 1 (R4),2 GeminiPro + 3 Opus + 3 Sol,Opus,[exploratory] own round-1 myth rule_return_more_than_half (per SD) -> round-1 return,,,,,,5.0,9,not estimable: ceiling,"Holm family 5 tests; exploratory candidate set (frontier screen), separate Holm"
frontier,all; myth_game round 1 (R4),all frontier myth_game runs (Sol agents),Sol,[exploratory] own round-1 myth rule_return_more_than_half (per SD) -> round-1 return,-0.0027119869531055,-0.0299794032903347,0.0245554293841236,0.8454431747804512,1.0,20.0,38,no detectable effect,"wild-cluster p 0.861 (Holm on wild p 1.000); Holm family 25 tests; exploratory candidate set (frontier screen), separate Holm"
frontier,2-agent homogeneous; myth_game round 1 (R4),Sol dyads,Sol,[exploratory] own round-1 myth rule_return_more_than_half (per SD) -> round-1 return,,,,,,5.0,5,not estimable: ceiling,"exploratory candidate set (frontier screen), separate Holm"
frontier,2-agent mixed; myth_game round 1 (R4),Opus+Sol and GeminiPro+Sol dyads,Sol,[exploratory] own round-1 myth rule_return_more_than_half (per SD) -> round-1 return,,,,,,6.0,6,not estimable: ceiling,"exploratory candidate set (frontier screen), separate Holm"
frontier,8-agent homogeneous; myth_game round 1 (R4),8 Sol,Sol,[exploratory] own round-1 myth rule_return_more_than_half (per SD) -> round-1 return,-0.0212510653673683,-0.0409499039413665,-0.0015522267933701,0.0344806910742699,0.8144703241624034,5.0,20,underpowered,"wild-cluster p 0.608 (Holm on wild p 1.000); Holm family 25 tests; exploratory candidate set (frontier screen), separate Holm"
frontier,8-agent mixed; myth_game round 1 (R4),2 GeminiPro + 3 Opus + 3 Sol,Sol,[exploratory] own round-1 myth rule_return_more_than_half (per SD) -> round-1 return,,,,,,4.0,7,not estimable: ceiling,"Holm family 10 tests; exploratory candidate set (frontier screen), separate Holm"
frontier,all; myth_game round 1 (R4),all frontier myth_game runs,pooled,[exploratory] own round-1 myth rule_return_half (per SD) -> round-1 return,-0.0040838414584831,-0.0122374566501424,0.0040697737331761,0.3262610743846503,1.0,53.0,113,no detectable effect,"wild-cluster p 0.352 (Holm on wild p 1.000); Holm family 25 tests; exploratory candidate set (frontier screen), separate Holm"
frontier,all; myth_game round 1 (R4),all frontier myth_game runs (GeminiPro agents),GeminiPro,[exploratory] own round-1 myth rule_return_half (per SD) -> round-1 return,-0.0017137905764157,-0.0122510327207387,0.0088234515679073,0.7499001280265791,1.0,19.0,35,no detectable effect,"wild-cluster p 0.887 (Holm on wild p 1.000); Holm family 9 tests; exploratory candidate set (frontier screen), separate Holm"
frontier,2-agent homogeneous; myth_game round 1 (R4),GeminiPro dyads,GeminiPro,[exploratory] own round-1 myth rule_return_half (per SD) -> round-1 return,,,,,,5.0,5,not estimable: ceiling,"exploratory candidate set (frontier screen), separate Holm"
frontier,2-agent mixed; myth_game round 1 (R4),Opus+GeminiPro and GeminiPro+Sol dyads,GeminiPro,[exploratory] own round-1 myth rule_return_half (per SD) -> round-1 return,,,,,,6.0,6,not estimable: ceiling,"exploratory candidate set (frontier screen), separate Holm"
frontier,8-agent homogeneous; myth_game round 1 (R4),8 GeminiPro,GeminiPro,[exploratory] own round-1 myth rule_return_half (per SD) -> round-1 return,-0.0060067182656418,-0.0178770215262766,0.0058635849949929,0.3212957268833614,0.9638871806500842,5.0,20,underpowered,"wild-cluster p 0.388 (Holm on wild p 1.000); Holm family 7 tests; exploratory candidate set (frontier screen), separate Holm"
frontier,8-agent mixed; myth_game round 1 (R4),2 GeminiPro + 3 Opus + 3 Sol,GeminiPro,[exploratory] own round-1 myth rule_return_half (per SD) -> round-1 return,,,,,,3.0,4,not estimable: ceiling,"Holm family 5 tests; exploratory candidate set (frontier screen), separate Holm"
frontier,all; myth_game round 1 (R4),all frontier myth_game runs (Opus agents),Opus,[exploratory] own round-1 myth rule_return_half (per SD) -> round-1 return,-0.010789287789409,-0.025677490664336,0.004098915085518,0.155502752139142,1.0,21.0,40,no detectable effect,"wild-cluster p 0.193 (Holm on wild p 1.000); Holm family 14 tests; exploratory candidate set (frontier screen), separate Holm"
frontier,2-agent homogeneous; myth_game round 1 (R4),Opus dyads,Opus,[exploratory] own round-1 myth rule_return_half (per SD) -> round-1 return,,,,,,5.0,5,not estimable: ceiling,"exploratory candidate set (frontier screen), separate Holm"
frontier,2-agent mixed; myth_game round 1 (R4),Opus+Sol and Opus+GeminiPro dyads,Opus,[exploratory] own round-1 myth rule_return_half (per SD) -> round-1 return,,,,,,6.0,6,not estimable: ceiling,"exploratory candidate set (frontier screen), separate Holm"
frontier,8-agent homogeneous; myth_game round 1 (R4),8 Opus,Opus,[exploratory] own round-1 myth rule_return_half (per SD) -> round-1 return,-0.0073054628947541,-0.030484332146549,0.0158734063570407,0.5367487461448832,1.0,5.0,20,underpowered,"wild-cluster p 0.579 (Holm on wild p 1.000); Holm family 12 tests; exploratory candidate set (frontier screen), separate Holm"
frontier,8-agent mixed; myth_game round 1 (R4),2 GeminiPro + 3 Opus + 3 Sol,Opus,[exploratory] own round-1 myth rule_return_half (per SD) -> round-1 return,,,,,,5.0,9,not estimable: ceiling,"Holm family 5 tests; exploratory candidate set (frontier screen), separate Holm"
frontier,all; myth_game round 1 (R4),all frontier myth_game runs (Sol agents),Sol,[exploratory] own round-1 myth rule_return_half (per SD) -> round-1 return,0.004572399123764,-0.0144615054917346,0.0236063037392627,0.6377619780737364,1.0,20.0,38,no detectable effect,"wild-cluster p 0.673 (Holm on wild p 1.000); Holm family 25 tests; exploratory candidate set (frontier screen), separate Holm"
frontier,2-agent homogeneous; myth_game round 1 (R4),Sol dyads,Sol,[exploratory] own round-1 myth rule_return_half (per SD) -> round-1 return,,,,,,5.0,5,not estimable: ceiling,"exploratory candidate set (frontier screen), separate Holm"
frontier,2-agent mixed; myth_game round 1 (R4),Opus+Sol and GeminiPro+Sol dyads,Sol,[exploratory] own round-1 myth rule_return_half (per SD) -> round-1 return,,,,,,6.0,6,not estimable: ceiling,"exploratory candidate set (frontier screen), separate Holm"
frontier,8-agent homogeneous; myth_game round 1 (R4),8 Sol,Sol,[exploratory] own round-1 myth rule_return_half (per SD) -> round-1 return,0.002097834228972,-0.0198216392337751,0.0240173076917193,0.8512050221190036,1.0,5.0,20,underpowered,"wild-cluster p 0.825 (Holm on wild p 1.000); Holm family 25 tests; exploratory candidate set (frontier screen), separate Holm"
frontier,8-agent mixed; myth_game round 1 (R4),2 GeminiPro + 3 Opus + 3 Sol,Sol,[exploratory] own round-1 myth rule_return_half (per SD) -> round-1 return,,,,,,4.0,7,not estimable: ceiling,"Holm family 10 tests; exploratory candidate set (frontier screen), separate Holm"
frontier,all; myth_game round 1 (R4),all frontier myth_game runs,pooled,[exploratory] own round-1 myth lex_consistency (per SD) -> round-1 return,0.020877110522723,-0.0006452332770271,0.0423994543224733,0.0572751841942714,1.0,53.0,113,no detectable effect,"wild-cluster p 0.098 (Holm on wild p 1.000); Holm family 25 tests; exploratory candidate set (frontier screen), separate Holm"
frontier,all; myth_game round 1 (R4),all frontier myth_game runs (GeminiPro agents),GeminiPro,[exploratory] own round-1 myth lex_consistency (per SD) -> round-1 return,,,,,,19.0,35,not estimable: predictor has no spread,"Holm family 9 tests; exploratory candidate set (frontier screen), separate Holm"
frontier,2-agent homogeneous; myth_game round 1 (R4),GeminiPro dyads,GeminiPro,[exploratory] own round-1 myth lex_consistency (per SD) -> round-1 return,,,,,,5.0,5,not estimable: ceiling,"exploratory candidate set (frontier screen), separate Holm"
frontier,2-agent mixed; myth_game round 1 (R4),Opus+GeminiPro and GeminiPro+Sol dyads,GeminiPro,[exploratory] own round-1 myth lex_consistency (per SD) -> round-1 return,,,,,,6.0,6,not estimable: ceiling,"exploratory candidate set (frontier screen), separate Holm"
frontier,8-agent homogeneous; myth_game round 1 (R4),8 GeminiPro,GeminiPro,[exploratory] own round-1 myth lex_consistency (per SD) -> round-1 return,,,,,,5.0,20,not estimable: predictor has no spread,"Holm family 7 tests; exploratory candidate set (frontier screen), separate Holm"
frontier,8-agent mixed; myth_game round 1 (R4),2 GeminiPro + 3 Opus + 3 Sol,GeminiPro,[exploratory] own round-1 myth lex_consistency (per SD) -> round-1 return,,,,,,3.0,4,not estimable: ceiling,"Holm family 5 tests; exploratory candidate set (frontier screen), separate Holm"
frontier,all; myth_game round 1 (R4),all frontier myth_game runs (Opus agents),Opus,[exploratory] own round-1 myth lex_consistency (per SD) -> round-1 return,0.016592799478069,-0.020326502576267,0.053512101532405,0.3783854920957594,1.0,21.0,40,no detectable effect,"wild-cluster p 0.485 (Holm on wild p 1.000); Holm family 14 tests; exploratory candidate set (frontier screen), separate Holm"
frontier,2-agent homogeneous; myth_game round 1 (R4),Opus dyads,Opus,[exploratory] own round-1 myth lex_consistency (per SD) -> round-1 return,,,,,,5.0,5,not estimable: ceiling,"exploratory candidate set (frontier screen), separate Holm"
frontier,2-agent mixed; myth_game round 1 (R4),Opus+Sol and Opus+GeminiPro dyads,Opus,[exploratory] own round-1 myth lex_consistency (per SD) -> round-1 return,,,,,,6.0,6,not estimable: ceiling,"exploratory candidate set (frontier screen), separate Holm"
frontier,8-agent homogeneous; myth_game round 1 (R4),8 Opus,Opus,[exploratory] own round-1 myth lex_consistency (per SD) -> round-1 return,0.0093927213547917,-0.0474084114350463,0.0661938541446297,0.7458603485465918,1.0,5.0,20,underpowered,"wild-cluster p 0.890 (Holm on wild p 1.000); Holm family 12 tests; exploratory candidate set (frontier screen), separate Holm"
frontier,8-agent mixed; myth_game round 1 (R4),2 GeminiPro + 3 Opus + 3 Sol,Opus,[exploratory] own round-1 myth lex_consistency (per SD) -> round-1 return,,,,,,5.0,9,not estimable: ceiling,"Holm family 5 tests; exploratory candidate set (frontier screen), separate Holm"
frontier,all; myth_game round 1 (R4),all frontier myth_game runs (Sol agents),Sol,[exploratory] own round-1 myth lex_consistency (per SD) -> round-1 return,0.0174499684109209,-0.0100688140003094,0.0449687508221513,0.2139285928524863,1.0,20.0,38,no detectable effect,"wild-cluster p 0.264 (Holm on wild p 1.000); Holm family 25 tests; exploratory candidate set (frontier screen), separate Holm"
frontier,2-agent homogeneous; myth_game round 1 (R4),Sol dyads,Sol,[exploratory] own round-1 myth lex_consistency (per SD) -> round-1 return,,,,,,5.0,5,not estimable: ceiling,"exploratory candidate set (frontier screen), separate Holm"
frontier,2-agent mixed; myth_game round 1 (R4),Opus+Sol and GeminiPro+Sol dyads,Sol,[exploratory] own round-1 myth lex_consistency (per SD) -> round-1 return,,,,,,6.0,6,not estimable: ceiling,"exploratory candidate set (frontier screen), separate Holm"
frontier,8-agent homogeneous; myth_game round 1 (R4),8 Sol,Sol,[exploratory] own round-1 myth lex_consistency (per SD) -> round-1 return,0.0089636425008218,-0.0218090228545486,0.0397363078561923,0.5680607820797785,1.0,5.0,20,underpowered,"wild-cluster p 0.578 (Holm on wild p 1.000); Holm family 25 tests; exploratory candidate set (frontier screen), separate Holm"
frontier,8-agent mixed; myth_game round 1 (R4),2 GeminiPro + 3 Opus + 3 Sol,Sol,[exploratory] own round-1 myth lex_consistency (per SD) -> round-1 return,,,,,,4.0,7,not estimable: ceiling,"Holm family 10 tests; exploratory candidate set (frontier screen), separate Holm"
frontier,all; myth_game round 1 (R4),all frontier myth_game runs,pooled,[exploratory] own round-1 myth lex_community (per SD) -> round-1 return,-0.0030573213181963,-0.0123898784721803,0.0062752358357875,0.5208218410119178,1.0,53.0,113,no detectable effect,"wild-cluster p 0.538 (Holm on wild p 1.000); Holm family 25 tests; exploratory candidate set (frontier screen), separate Holm"
frontier,all; myth_game round 1 (R4),all frontier myth_game runs (GeminiPro agents),GeminiPro,[exploratory] own round-1 myth lex_community (per SD) -> round-1 return,-0.0008888605686452,-0.0132729645559411,0.0114952434186506,0.8881266400590375,1.0,19.0,35,no detectable effect,"wild-cluster p 0.882 (Holm on wild p 1.000); Holm family 9 tests; exploratory candidate set (frontier screen), separate Holm"
frontier,2-agent homogeneous; myth_game round 1 (R4),GeminiPro dyads,GeminiPro,[exploratory] own round-1 myth lex_community (per SD) -> round-1 return,,,,,,5.0,5,not estimable: ceiling,"exploratory candidate set (frontier screen), separate Holm"
frontier,2-agent mixed; myth_game round 1 (R4),Opus+GeminiPro and GeminiPro+Sol dyads,GeminiPro,[exploratory] own round-1 myth lex_community (per SD) -> round-1 return,,,,,,6.0,6,not estimable: ceiling,"exploratory candidate set (frontier screen), separate Holm"
frontier,8-agent homogeneous; myth_game round 1 (R4),8 GeminiPro,GeminiPro,[exploratory] own round-1 myth lex_community (per SD) -> round-1 return,-0.0070128078176199,-0.0233411338175337,0.0093155181822938,0.3999113662300331,0.9638871806500842,5.0,20,underpowered,"wild-cluster p 0.397 (Holm on wild p 1.000); Holm family 7 tests; exploratory candidate set (frontier screen), separate Holm"
frontier,8-agent mixed; myth_game round 1 (R4),2 GeminiPro + 3 Opus + 3 Sol,GeminiPro,[exploratory] own round-1 myth lex_community (per SD) -> round-1 return,,,,,,3.0,4,not estimable: ceiling,"Holm family 5 tests; exploratory candidate set (frontier screen), separate Holm"
frontier,all; myth_game round 1 (R4),all frontier myth_game runs (Opus agents),Opus,[exploratory] own round-1 myth lex_community (per SD) -> round-1 return,0.0054222633634851,-0.0058461143566698,0.0166906410836402,0.3456191405767826,1.0,21.0,40,no detectable effect,"wild-cluster p 0.362 (Holm on wild p 1.000); Holm family 14 tests; exploratory candidate set (frontier screen), separate Holm"
frontier,2-agent homogeneous; myth_game round 1 (R4),Opus dyads,Opus,[exploratory] own round-1 myth lex_community (per SD) -> round-1 return,,,,,,5.0,5,not estimable: ceiling,"exploratory candidate set (frontier screen), separate Holm"
frontier,2-agent mixed; myth_game round 1 (R4),Opus+Sol and Opus+GeminiPro dyads,Opus,[exploratory] own round-1 myth lex_community (per SD) -> round-1 return,,,,,,6.0,6,not estimable: ceiling,"exploratory candidate set (frontier screen), separate Holm"
frontier,8-agent homogeneous; myth_game round 1 (R4),8 Opus,Opus,[exploratory] own round-1 myth lex_community (per SD) -> round-1 return,0.0046771413270216,-0.0093724416187925,0.0187267242728358,0.5140935597013127,1.0,5.0,20,underpowered,"wild-cluster p 0.518 (Holm on wild p 1.000); Holm family 12 tests; exploratory candidate set (frontier screen), separate Holm"
frontier,8-agent mixed; myth_game round 1 (R4),2 GeminiPro + 3 Opus + 3 Sol,Opus,[exploratory] own round-1 myth lex_community (per SD) -> round-1 return,,,,,,5.0,9,not estimable: ceiling,"Holm family 5 tests; exploratory candidate set (frontier screen), separate Holm"
frontier,all; myth_game round 1 (R4),all frontier myth_game runs (Sol agents),Sol,[exploratory] own round-1 myth lex_community (per SD) -> round-1 return,-0.0156502104120754,-0.0339489012195554,0.0026484803954045,0.0936820837673056,1.0,20.0,38,no detectable effect,"wild-cluster p 0.136 (Holm on wild p 1.000); Holm family 25 tests; exploratory candidate set (frontier screen), separate Holm"
frontier,2-agent homogeneous; myth_game round 1 (R4),Sol dyads,Sol,[exploratory] own round-1 myth lex_community (per SD) -> round-1 return,,,,,,5.0,5,not estimable: ceiling,"exploratory candidate set (frontier screen), separate Holm"
frontier,2-agent mixed; myth_game round 1 (R4),Opus+Sol and GeminiPro+Sol dyads,Sol,[exploratory] own round-1 myth lex_community (per SD) -> round-1 return,,,,,,6.0,6,not estimable: ceiling,"exploratory candidate set (frontier screen), separate Holm"
frontier,8-agent homogeneous; myth_game round 1 (R4),8 Sol,Sol,[exploratory] own round-1 myth lex_community (per SD) -> round-1 return,-0.0234844718619704,-0.051327759515753,0.0043588157918121,0.0983033498405093,1.0,5.0,20,underpowered,"wild-cluster p 0.136 (Holm on wild p 1.000); Holm family 25 tests; exploratory candidate set (frontier screen), separate Holm"
frontier,8-agent mixed; myth_game round 1 (R4),2 GeminiPro + 3 Opus + 3 Sol,Sol,[exploratory] own round-1 myth lex_community (per SD) -> round-1 return,,,,,,4.0,7,not estimable: ceiling,"Holm family 10 tests; exploratory candidate set (frontier screen), separate Holm"
frontier,all; myth_game round 1 (R4),all frontier myth_game runs,pooled,[exploratory] own round-1 myth rule_letdown_reduce (per SD) -> round-1 return,0.0014994333840033,-0.0058190207063746,0.0088178874743813,0.6880041508808046,1.0,53.0,113,no detectable effect,"wild-cluster p 0.704 (Holm on wild p 1.000); Holm family 25 tests; exploratory candidate set (frontier screen), separate Holm"
frontier,all; myth_game round 1 (R4),all frontier myth_game runs (GeminiPro agents),GeminiPro,[exploratory] own round-1 myth rule_letdown_reduce (per SD) -> round-1 return,-0.0013372643273511,-0.0049988053320345,0.0023242766773321,0.4741049236625622,1.0,19.0,35,no detectable effect,"wild-cluster p 0.575 (Holm on wild p 1.000); Holm family 9 tests; exploratory candidate set (frontier screen), separate Holm"
frontier,2-agent homogeneous; myth_game round 1 (R4),GeminiPro dyads,GeminiPro,[exploratory] own round-1 myth rule_letdown_reduce (per SD) -> round-1 return,,,,,,5.0,5,not estimable: ceiling,"exploratory candidate set (frontier screen), separate Holm"
frontier,2-agent mixed; myth_game round 1 (R4),Opus+GeminiPro and GeminiPro+Sol dyads,GeminiPro,[exploratory] own round-1 myth rule_letdown_reduce (per SD) -> round-1 return,,,,,,6.0,6,not estimable: ceiling,"exploratory candidate set (frontier screen), separate Holm"
frontier,8-agent homogeneous; myth_game round 1 (R4),8 GeminiPro,GeminiPro,[exploratory] own round-1 myth rule_letdown_reduce (per SD) -> round-1 return,,,,,,5.0,20,not estimable: predictor has no spread,"Holm family 7 tests; exploratory candidate set (frontier screen), separate Holm"
frontier,8-agent mixed; myth_game round 1 (R4),2 GeminiPro + 3 Opus + 3 Sol,GeminiPro,[exploratory] own round-1 myth rule_letdown_reduce (per SD) -> round-1 return,,,,,,3.0,4,not estimable: ceiling,"Holm family 5 tests; exploratory candidate set (frontier screen), separate Holm"
frontier,all; myth_game round 1 (R4),all frontier myth_game runs (Opus agents),Opus,[exploratory] own round-1 myth rule_letdown_reduce (per SD) -> round-1 return,0.0008762843893279,-0.0193385847339663,0.0210911535126222,0.932291989096148,1.0,21.0,40,no detectable effect,"wild-cluster p 0.926 (Holm on wild p 1.000); Holm family 14 tests; exploratory candidate set (frontier screen), separate Holm"
frontier,2-agent homogeneous; myth_game round 1 (R4),Opus dyads,Opus,[exploratory] own round-1 myth rule_letdown_reduce (per SD) -> round-1 return,,,,,,5.0,5,not estimable: ceiling,"exploratory candidate set (frontier screen), separate Holm"
frontier,2-agent mixed; myth_game round 1 (R4),Opus+Sol and Opus+GeminiPro dyads,Opus,[exploratory] own round-1 myth rule_letdown_reduce (per SD) -> round-1 return,,,,,,6.0,6,not estimable: ceiling,"exploratory candidate set (frontier screen), separate Holm"
frontier,8-agent homogeneous; myth_game round 1 (R4),8 Opus,Opus,[exploratory] own round-1 myth rule_letdown_reduce (per SD) -> round-1 return,,,,,,5.0,20,not estimable: predictor has no spread,"Holm family 12 tests; exploratory candidate set (frontier screen), separate Holm"
frontier,8-agent mixed; myth_game round 1 (R4),2 GeminiPro + 3 Opus + 3 Sol,Opus,[exploratory] own round-1 myth rule_letdown_reduce (per SD) -> round-1 return,,,,,,5.0,9,not estimable: ceiling,"Holm family 5 tests; exploratory candidate set (frontier screen), separate Holm"
frontier,all; myth_game round 1 (R4),all frontier myth_game runs (Sol agents),Sol,[exploratory] own round-1 myth rule_letdown_reduce (per SD) -> round-1 return,0.0056070520844419,-0.0194252724707199,0.0306393766396038,0.6606490992424305,1.0,20.0,38,no detectable effect,"wild-cluster p 0.675 (Holm on wild p 1.000); Holm family 25 tests; exploratory candidate set (frontier screen), separate Holm"
frontier,2-agent homogeneous; myth_game round 1 (R4),Sol dyads,Sol,[exploratory] own round-1 myth rule_letdown_reduce (per SD) -> round-1 return,,,,,,5.0,5,not estimable: ceiling,"exploratory candidate set (frontier screen), separate Holm"
frontier,2-agent mixed; myth_game round 1 (R4),Opus+Sol and GeminiPro+Sol dyads,Sol,[exploratory] own round-1 myth rule_letdown_reduce (per SD) -> round-1 return,,,,,,6.0,6,not estimable: ceiling,"exploratory candidate set (frontier screen), separate Holm"
frontier,8-agent homogeneous; myth_game round 1 (R4),8 Sol,Sol,[exploratory] own round-1 myth rule_letdown_reduce (per SD) -> round-1 return,0.0032468434485403,-0.033930701262536,0.0404243881596168,0.8640897597107395,1.0,5.0,20,underpowered,"wild-cluster p 0.834 (Holm on wild p 1.000); Holm family 25 tests; exploratory candidate set (frontier screen), separate Holm"
frontier,8-agent mixed; myth_game round 1 (R4),2 GeminiPro + 3 Opus + 3 Sol,Sol,[exploratory] own round-1 myth rule_letdown_reduce (per SD) -> round-1 return,,,,,,4.0,7,not estimable: ceiling,"Holm family 10 tests; exploratory candidate set (frontier screen), separate Holm"
frontier,all; 8-agent myth_game rounds>=2 (R3),frontier 8-agent myth_game runs,pooled,"[exploratory] shown myth rule_return_more_than_half (per SD, minus unseen placebo) -> round-r send",0.0004838132266119,-0.0097863273454585,0.0107539537986824,0.9264347380609852,1.0,10.0,171,no detectable effect,"wild-cluster p 0.912 (Holm on wild p 1.000); pooled excludes ceiling families GeminiPro,Opus; Holm family 25 tests; exploratory candidate set (frontier screen), separate Holm"
frontier,all; 8-agent myth_game rounds>=2 (R3),frontier 8-agent myth_game runs (GeminiPro agents),GeminiPro,"[exploratory] shown myth rule_return_more_than_half (per SD, minus unseen placebo) -> round-r send",,,,,,10.0,152,not estimable: ceiling,"Holm family 9 tests; exploratory candidate set (frontier screen), separate Holm"
frontier,8-agent homogeneous; 8-agent myth_game rounds>=2 (R3),8 GeminiPro,GeminiPro,"[exploratory] shown myth rule_return_more_than_half (per SD, minus unseen placebo) -> round-r send",,,,,,5.0,125,not estimable: ceiling,"Holm family 7 tests; exploratory candidate set (frontier screen), separate Holm"
frontier,8-agent mixed; 8-agent myth_game rounds>=2 (R3),2 GeminiPro + 3 Opus + 3 Sol,GeminiPro,"[exploratory] shown myth rule_return_more_than_half (per SD, minus unseen placebo) -> round-r send",,,,,,5.0,27,not estimable: ceiling,"Holm family 5 tests; exploratory candidate set (frontier screen), separate Holm; GeminiPro-authored shown myths read by the other GeminiPro have no unseen placebo (not testable by design)"
frontier,all; 8-agent myth_game rounds>=2 (R3),frontier 8-agent myth_game runs (Opus agents),Opus,"[exploratory] shown myth rule_return_more_than_half (per SD, minus unseen placebo) -> round-r send",,,,,,10.0,173,not estimable: ceiling,"Holm family 14 tests; exploratory candidate set (frontier screen), separate Holm"
frontier,8-agent homogeneous; 8-agent myth_game rounds>=2 (R3),8 Opus,Opus,"[exploratory] shown myth rule_return_more_than_half (per SD, minus unseen placebo) -> round-r send",,,,,,5.0,125,not estimable: ceiling,"Holm family 12 tests; exploratory candidate set (frontier screen), separate Holm"
frontier,8-agent mixed; 8-agent myth_game rounds>=2 (R3),2 GeminiPro + 3 Opus + 3 Sol,Opus,"[exploratory] shown myth rule_return_more_than_half (per SD, minus unseen placebo) -> round-r send",,,,,,5.0,48,not estimable: ceiling,"Holm family 5 tests; exploratory candidate set (frontier screen), separate Holm; GeminiPro-authored shown myths read by the other GeminiPro have no unseen placebo (not testable by design)"
frontier,all; 8-agent myth_game rounds>=2 (R3),frontier 8-agent myth_game runs (Sol agents),Sol,"[exploratory] shown myth rule_return_more_than_half (per SD, minus unseen placebo) -> round-r send",0.0004838132266119,-0.0097863273454585,0.0107539537986824,0.9264347380609852,1.0,10.0,171,no detectable effect,"wild-cluster p 0.908 (Holm on wild p 1.000); Holm family 25 tests; exploratory candidate set (frontier screen), separate Holm"
frontier,8-agent homogeneous; 8-agent myth_game rounds>=2 (R3),8 Sol,Sol,"[exploratory] shown myth rule_return_more_than_half (per SD, minus unseen placebo) -> round-r send",-0.0164990929579916,-0.0548601878257855,0.0218620019098021,0.3992397427432802,1.0,5.0,125,underpowered,"wild-cluster p 0.263 (Holm on wild p 1.000); Holm family 25 tests; exploratory candidate set (frontier screen), separate Holm"
frontier,8-agent mixed; 8-agent myth_game rounds>=2 (R3),2 GeminiPro + 3 Opus + 3 Sol,Sol,"[exploratory] shown myth rule_return_more_than_half (per SD, minus unseen placebo) -> round-r send",,,,,,5.0,46,not estimable: ceiling,"Holm family 10 tests; exploratory candidate set (frontier screen), separate Holm; GeminiPro-authored shown myths read by the other GeminiPro have no unseen placebo (not testable by design)"
frontier,all; 8-agent myth_game rounds>=2 (R3),frontier 8-agent myth_game runs,pooled,"[exploratory] shown myth rule_return_half (per SD, minus unseen placebo) -> round-r send",-0.0002403577660321,-0.0066789071829533,0.006198191650889,0.9416728282435493,1.0,10.0,171,no detectable effect,"wild-cluster p 0.913 (Holm on wild p 1.000); pooled excludes ceiling families GeminiPro,Opus; Holm family 25 tests; exploratory candidate set (frontier screen), separate Holm"
frontier,all; 8-agent myth_game rounds>=2 (R3),frontier 8-agent myth_game runs (GeminiPro agents),GeminiPro,"[exploratory] shown myth rule_return_half (per SD, minus unseen placebo) -> round-r send",,,,,,10.0,152,not estimable: ceiling,"Holm family 9 tests; exploratory candidate set (frontier screen), separate Holm"
frontier,8-agent homogeneous; 8-agent myth_game rounds>=2 (R3),8 GeminiPro,GeminiPro,"[exploratory] shown myth rule_return_half (per SD, minus unseen placebo) -> round-r send",,,,,,5.0,125,not estimable: ceiling,"Holm family 7 tests; exploratory candidate set (frontier screen), separate Holm"
frontier,8-agent mixed; 8-agent myth_game rounds>=2 (R3),2 GeminiPro + 3 Opus + 3 Sol,GeminiPro,"[exploratory] shown myth rule_return_half (per SD, minus unseen placebo) -> round-r send",,,,,,5.0,27,not estimable: ceiling,"Holm family 5 tests; exploratory candidate set (frontier screen), separate Holm; GeminiPro-authored shown myths read by the other GeminiPro have no unseen placebo (not testable by design)"
frontier,all; 8-agent myth_game rounds>=2 (R3),frontier 8-agent myth_game runs (Opus agents),Opus,"[exploratory] shown myth rule_return_half (per SD, minus unseen placebo) -> round-r send",,,,,,10.0,173,not estimable: ceiling,"Holm family 14 tests; exploratory candidate set (frontier screen), separate Holm"
frontier,8-agent homogeneous; 8-agent myth_game rounds>=2 (R3),8 Opus,Opus,"[exploratory] shown myth rule_return_half (per SD, minus unseen placebo) -> round-r send",,,,,,5.0,125,not estimable: ceiling,"Holm family 12 tests; exploratory candidate set (frontier screen), separate Holm"
frontier,8-agent mixed; 8-agent myth_game rounds>=2 (R3),2 GeminiPro + 3 Opus + 3 Sol,Opus,"[exploratory] shown myth rule_return_half (per SD, minus unseen placebo) -> round-r send",,,,,,5.0,48,not estimable: ceiling,"Holm family 5 tests; exploratory candidate set (frontier screen), separate Holm; GeminiPro-authored shown myths read by the other GeminiPro have no unseen placebo (not testable by design)"
frontier,all; 8-agent myth_game rounds>=2 (R3),frontier 8-agent myth_game runs (Sol agents),Sol,"[exploratory] shown myth rule_return_half (per SD, minus unseen placebo) -> round-r send",-0.0002403577660321,-0.0066789071829533,0.006198191650889,0.9416728282435493,1.0,10.0,171,no detectable effect,"wild-cluster p 0.887 (Holm on wild p 1.000); Holm family 25 tests; exploratory candidate set (frontier screen), separate Holm"
frontier,8-agent homogeneous; 8-agent myth_game rounds>=2 (R3),8 Sol,Sol,"[exploratory] shown myth rule_return_half (per SD, minus unseen placebo) -> round-r send",0.0133795403681689,-0.0081038173757876,0.0348628981121256,0.2222228576672757,1.0,5.0,125,underpowered,"wild-cluster p 0.258 (Holm on wild p 1.000); Holm family 25 tests; exploratory candidate set (frontier screen), separate Holm"
frontier,8-agent mixed; 8-agent myth_game rounds>=2 (R3),2 GeminiPro + 3 Opus + 3 Sol,Sol,"[exploratory] shown myth rule_return_half (per SD, minus unseen placebo) -> round-r send",,,,,,5.0,46,not estimable: ceiling,"Holm family 10 tests; exploratory candidate set (frontier screen), separate Holm; GeminiPro-authored shown myths read by the other GeminiPro have no unseen placebo (not testable by design)"
frontier,all; 8-agent myth_game rounds>=2 (R3),frontier 8-agent myth_game runs,pooled,"[exploratory] shown myth lex_consistency (per SD, minus unseen placebo) -> round-r send",0.0066573797216911,-0.0023145639133804,0.0156293233567627,0.1458530547710014,1.0,10.0,171,no detectable effect,"wild-cluster p 0.108 (Holm on wild p 1.000); pooled excludes ceiling families GeminiPro,Opus; Holm family 25 tests; exploratory candidate set (frontier screen), separate Holm"
frontier,all; 8-agent myth_game rounds>=2 (R3),frontier 8-agent myth_game runs (GeminiPro agents),GeminiPro,"[exploratory] shown myth lex_consistency (per SD, minus unseen placebo) -> round-r send",,,,,,10.0,152,not estimable: ceiling,"Holm family 9 tests; exploratory candidate set (frontier screen), separate Holm"
frontier,8-agent homogeneous; 8-agent myth_game rounds>=2 (R3),8 GeminiPro,GeminiPro,"[exploratory] shown myth lex_consistency (per SD, minus unseen placebo) -> round-r send",,,,,,5.0,125,not estimable: ceiling,"Holm family 7 tests; exploratory candidate set (frontier screen), separate Holm"
frontier,8-agent mixed; 8-agent myth_game rounds>=2 (R3),2 GeminiPro + 3 Opus + 3 Sol,GeminiPro,"[exploratory] shown myth lex_consistency (per SD, minus unseen placebo) -> round-r send",,,,,,5.0,27,not estimable: ceiling,"Holm family 5 tests; exploratory candidate set (frontier screen), separate Holm; GeminiPro-authored shown myths read by the other GeminiPro have no unseen placebo (not testable by design)"
frontier,all; 8-agent myth_game rounds>=2 (R3),frontier 8-agent myth_game runs (Opus agents),Opus,"[exploratory] shown myth lex_consistency (per SD, minus unseen placebo) -> round-r send",,,,,,10.0,173,not estimable: ceiling,"Holm family 14 tests; exploratory candidate set (frontier screen), separate Holm"
frontier,8-agent homogeneous; 8-agent myth_game rounds>=2 (R3),8 Opus,Opus,"[exploratory] shown myth lex_consistency (per SD, minus unseen placebo) -> round-r send",,,,,,5.0,125,not estimable: ceiling,"Holm family 12 tests; exploratory candidate set (frontier screen), separate Holm"
frontier,8-agent mixed; 8-agent myth_game rounds>=2 (R3),2 GeminiPro + 3 Opus + 3 Sol,Opus,"[exploratory] shown myth lex_consistency (per SD, minus unseen placebo) -> round-r send",,,,,,5.0,48,not estimable: ceiling,"Holm family 5 tests; exploratory candidate set (frontier screen), separate Holm; GeminiPro-authored shown myths read by the other GeminiPro have no unseen placebo (not testable by design)"
frontier,all; 8-agent myth_game rounds>=2 (R3),frontier 8-agent myth_game runs (Sol agents),Sol,"[exploratory] shown myth lex_consistency (per SD, minus unseen placebo) -> round-r send",0.0066573797216911,-0.0023145639133804,0.0156293233567627,0.1458530547710014,1.0,10.0,171,no detectable effect,"wild-cluster p 0.099 (Holm on wild p 1.000); Holm family 25 tests; exploratory candidate set (frontier screen), separate Holm"
frontier,8-agent homogeneous; 8-agent myth_game rounds>=2 (R3),8 Sol,Sol,"[exploratory] shown myth lex_consistency (per SD, minus unseen placebo) -> round-r send",0.0139191302987982,0.0003977202494488,0.0274405403481477,0.0436314170328451,0.9598911747225934,5.0,125,suggestive,"wild-cluster p 0.036 (Holm on wild p 0.888); Holm family 25 tests; exploratory candidate set (frontier screen), separate Holm"
frontier,8-agent mixed; 8-agent myth_game rounds>=2 (R3),2 GeminiPro + 3 Opus + 3 Sol,Sol,"[exploratory] shown myth lex_consistency (per SD, minus unseen placebo) -> round-r send",,,,,,5.0,46,not estimable: ceiling,"Holm family 10 tests; exploratory candidate set (frontier screen), separate Holm; GeminiPro-authored shown myths read by the other GeminiPro have no unseen placebo (not testable by design)"
frontier,all; 8-agent myth_game rounds>=2 (R3),frontier 8-agent myth_game runs,pooled,"[exploratory] shown myth lex_community (per SD, minus unseen placebo) -> round-r send",0.0069177285939444,-0.003850802940356,0.017686260128245,0.2079995522166762,1.0,10.0,171,no detectable effect,"wild-cluster p 0.111 (Holm on wild p 1.000); pooled excludes ceiling families GeminiPro,Opus; Holm family 25 tests; exploratory candidate set (frontier screen), separate Holm"
frontier,all; 8-agent myth_game rounds>=2 (R3),frontier 8-agent myth_game runs (GeminiPro agents),GeminiPro,"[exploratory] shown myth lex_community (per SD, minus unseen placebo) -> round-r send",,,,,,10.0,152,not estimable: ceiling,"Holm family 9 tests; exploratory candidate set (frontier screen), separate Holm"
frontier,8-agent homogeneous; 8-agent myth_game rounds>=2 (R3),8 GeminiPro,GeminiPro,"[exploratory] shown myth lex_community (per SD, minus unseen placebo) -> round-r send",,,,,,5.0,125,not estimable: ceiling,"Holm family 7 tests; exploratory candidate set (frontier screen), separate Holm"
frontier,8-agent mixed; 8-agent myth_game rounds>=2 (R3),2 GeminiPro + 3 Opus + 3 Sol,GeminiPro,"[exploratory] shown myth lex_community (per SD, minus unseen placebo) -> round-r send",,,,,,5.0,27,not estimable: ceiling,"Holm family 5 tests; exploratory candidate set (frontier screen), separate Holm; GeminiPro-authored shown myths read by the other GeminiPro have no unseen placebo (not testable by design)"
frontier,all; 8-agent myth_game rounds>=2 (R3),frontier 8-agent myth_game runs (Opus agents),Opus,"[exploratory] shown myth lex_community (per SD, minus unseen placebo) -> round-r send",,,,,,10.0,173,not estimable: ceiling,"Holm family 14 tests; exploratory candidate set (frontier screen), separate Holm"
frontier,8-agent homogeneous; 8-agent myth_game rounds>=2 (R3),8 Opus,Opus,"[exploratory] shown myth lex_community (per SD, minus unseen placebo) -> round-r send",,,,,,5.0,125,not estimable: ceiling,"Holm family 12 tests; exploratory candidate set (frontier screen), separate Holm"
frontier,8-agent mixed; 8-agent myth_game rounds>=2 (R3),2 GeminiPro + 3 Opus + 3 Sol,Opus,"[exploratory] shown myth lex_community (per SD, minus unseen placebo) -> round-r send",,,,,,5.0,48,not estimable: ceiling,"Holm family 5 tests; exploratory candidate set (frontier screen), separate Holm; GeminiPro-authored shown myths read by the other GeminiPro have no unseen placebo (not testable by design)"
frontier,all; 8-agent myth_game rounds>=2 (R3),frontier 8-agent myth_game runs (Sol agents),Sol,"[exploratory] shown myth lex_community (per SD, minus unseen placebo) -> round-r send",0.0069177285939444,-0.003850802940356,0.017686260128245,0.2079995522166762,1.0,10.0,171,no detectable effect,"wild-cluster p 0.098 (Holm on wild p 1.000); Holm family 25 tests; exploratory candidate set (frontier screen), separate Holm"
frontier,8-agent homogeneous; 8-agent myth_game rounds>=2 (R3),8 Sol,Sol,"[exploratory] shown myth lex_community (per SD, minus unseen placebo) -> round-r send",0.0113605742026368,-0.0288987957045784,0.051619944109852,0.5802143461744148,1.0,5.0,125,underpowered,"wild-cluster p 0.566 (Holm on wild p 1.000); Holm family 25 tests; exploratory candidate set (frontier screen), separate Holm"
frontier,8-agent mixed; 8-agent myth_game rounds>=2 (R3),2 GeminiPro + 3 Opus + 3 Sol,Sol,"[exploratory] shown myth lex_community (per SD, minus unseen placebo) -> round-r send",,,,,,5.0,46,not estimable: ceiling,"Holm family 10 tests; exploratory candidate set (frontier screen), separate Holm; GeminiPro-authored shown myths read by the other GeminiPro have no unseen placebo (not testable by design)"
frontier,all; 8-agent myth_game rounds>=2 (R3),frontier 8-agent myth_game runs,pooled,"[exploratory] shown myth rule_letdown_reduce (per SD, minus unseen placebo) -> round-r send",-0.0024881115373515,-0.0120564862519389,0.0070802631772359,0.6102903293342479,1.0,10.0,171,no detectable effect,"wild-cluster p 0.487 (Holm on wild p 1.000); pooled excludes ceiling families GeminiPro,Opus; Holm family 25 tests; exploratory candidate set (frontier screen), separate Holm"
frontier,all; 8-agent myth_game rounds>=2 (R3),frontier 8-agent myth_game runs (GeminiPro agents),GeminiPro,"[exploratory] shown myth rule_letdown_reduce (per SD, minus unseen placebo) -> round-r send",,,,,,10.0,152,not estimable: ceiling,"Holm family 9 tests; exploratory candidate set (frontier screen), separate Holm"
frontier,8-agent homogeneous; 8-agent myth_game rounds>=2 (R3),8 GeminiPro,GeminiPro,"[exploratory] shown myth rule_letdown_reduce (per SD, minus unseen placebo) -> round-r send",,,,,,5.0,125,not estimable: ceiling,"Holm family 7 tests; exploratory candidate set (frontier screen), separate Holm"
frontier,8-agent mixed; 8-agent myth_game rounds>=2 (R3),2 GeminiPro + 3 Opus + 3 Sol,GeminiPro,"[exploratory] shown myth rule_letdown_reduce (per SD, minus unseen placebo) -> round-r send",,,,,,5.0,27,not estimable: ceiling,"Holm family 5 tests; exploratory candidate set (frontier screen), separate Holm; GeminiPro-authored shown myths read by the other GeminiPro have no unseen placebo (not testable by design)"
frontier,all; 8-agent myth_game rounds>=2 (R3),frontier 8-agent myth_game runs (Opus agents),Opus,"[exploratory] shown myth rule_letdown_reduce (per SD, minus unseen placebo) -> round-r send",,,,,,10.0,173,not estimable: ceiling,"Holm family 14 tests; exploratory candidate set (frontier screen), separate Holm"
frontier,8-agent homogeneous; 8-agent myth_game rounds>=2 (R3),8 Opus,Opus,"[exploratory] shown myth rule_letdown_reduce (per SD, minus unseen placebo) -> round-r send",,,,,,5.0,125,not estimable: ceiling,"Holm family 12 tests; exploratory candidate set (frontier screen), separate Holm"
frontier,8-agent mixed; 8-agent myth_game rounds>=2 (R3),2 GeminiPro + 3 Opus + 3 Sol,Opus,"[exploratory] shown myth rule_letdown_reduce (per SD, minus unseen placebo) -> round-r send",,,,,,5.0,48,not estimable: ceiling,"Holm family 5 tests; exploratory candidate set (frontier screen), separate Holm; GeminiPro-authored shown myths read by the other GeminiPro have no unseen placebo (not testable by design)"
frontier,all; 8-agent myth_game rounds>=2 (R3),frontier 8-agent myth_game runs (Sol agents),Sol,"[exploratory] shown myth rule_letdown_reduce (per SD, minus unseen placebo) -> round-r send",-0.0024881115373515,-0.0120564862519389,0.0070802631772359,0.6102903293342479,1.0,10.0,171,no detectable effect,"wild-cluster p 0.501 (Holm on wild p 1.000); Holm family 25 tests; exploratory candidate set (frontier screen), separate Holm"
frontier,8-agent homogeneous; 8-agent myth_game rounds>=2 (R3),8 Sol,Sol,"[exploratory] shown myth rule_letdown_reduce (per SD, minus unseen placebo) -> round-r send",0.0055722960626739,-0.0104595998753109,0.0216041920006588,0.4957223721952332,1.0,5.0,125,underpowered,"wild-cluster p 0.322 (Holm on wild p 1.000); Holm family 25 tests; exploratory candidate set (frontier screen), separate Holm"
frontier,8-agent mixed; 8-agent myth_game rounds>=2 (R3),2 GeminiPro + 3 Opus + 3 Sol,Sol,"[exploratory] shown myth rule_letdown_reduce (per SD, minus unseen placebo) -> round-r send",,,,,,5.0,46,not estimable: ceiling,"Holm family 10 tests; exploratory candidate set (frontier screen), separate Holm; GeminiPro-authored shown myths read by the other GeminiPro have no unseen placebo (not testable by design)"
frontier,all; 8-agent myth_game rounds>=2 (R3),frontier 8-agent myth_game runs,pooled,"[exploratory] shown myth rule_return_more_than_half (per SD, minus unseen placebo) -> return share",-0.0043494263177528,-0.0123435650269239,0.0036447123914183,0.2862558951973882,1.0,20.0,504,no detectable effect,"wild-cluster p 0.195 (Holm on wild p 1.000); Holm family 25 tests; exploratory candidate set (frontier screen), separate Holm"
frontier,all; 8-agent myth_game rounds>=2 (R3),frontier 8-agent myth_game runs (GeminiPro agents),GeminiPro,"[exploratory] shown myth rule_return_more_than_half (per SD, minus unseen placebo) -> return share",-0.0084079797376846,-0.0243954433346902,0.0075794838593209,0.302650461299643,1.0,10.0,154,no detectable effect,"wild-cluster p 0.270 (Holm on wild p 1.000); Holm family 9 tests; exploratory candidate set (frontier screen), separate Holm"
frontier,8-agent homogeneous; 8-agent myth_game rounds>=2 (R3),8 GeminiPro,GeminiPro,"[exploratory] shown myth rule_return_more_than_half (per SD, minus unseen placebo) -> return share",-0.0160846439981481,-0.0361024384136897,0.0039331504173933,0.1152876189162778,0.6673093156994926,5.0,127,underpowered,"wild-cluster p 0.028 (Holm on wild p 0.168); Holm family 7 tests; exploratory candidate set (frontier screen), separate Holm"
frontier,8-agent mixed; 8-agent myth_game rounds>=2 (R3),2 GeminiPro + 3 Opus + 3 Sol,GeminiPro,"[exploratory] shown myth rule_return_more_than_half (per SD, minus unseen placebo) -> return share",0.0078192344338514,,,,,5.0,27,underpowered,"wild-cluster p 0.628 (Holm on wild p 1.000); Holm family 5 tests; exploratory candidate set (frontier screen), separate Holm; GeminiPro-authored shown myths read by the other GeminiPro have no unseen placebo (not testable by design)"
frontier,all; 8-agent myth_game rounds>=2 (R3),frontier 8-agent myth_game runs (Opus agents),Opus,"[exploratory] shown myth rule_return_more_than_half (per SD, minus unseen placebo) -> return share",-0.0078422081826449,-0.019231033094319,0.0035466167290291,0.1771418585234578,1.0,10.0,171,no detectable effect,"wild-cluster p 0.116 (Holm on wild p 1.000); Holm family 14 tests; exploratory candidate set (frontier screen), separate Holm"
frontier,8-agent homogeneous; 8-agent myth_game rounds>=2 (R3),8 Opus,Opus,"[exploratory] shown myth rule_return_more_than_half (per SD, minus unseen placebo) -> return share",-0.0185628787457431,-0.0618045375166474,0.024678780025161,0.4001362914658012,1.0,5.0,127,underpowered,"wild-cluster p 0.570 (Holm on wild p 1.000); Holm family 12 tests; exploratory candidate set (frontier screen), separate Holm"
frontier,8-agent mixed; 8-agent myth_game rounds>=2 (R3),2 GeminiPro + 3 Opus + 3 Sol,Opus,"[exploratory] shown myth rule_return_more_than_half (per SD, minus unseen placebo) -> return share",-0.0140938546422839,-0.0367430480865061,0.0085553388019381,0.2226083215325691,1.0,5.0,44,underpowered,"wild-cluster p 0.153 (Holm on wild p 0.763); Holm family 5 tests; exploratory candidate set (frontier screen), separate Holm; GeminiPro-authored shown myths read by the other GeminiPro have no unseen placebo (not testable by design)"
frontier,all; 8-agent myth_game rounds>=2 (R3),frontier 8-agent myth_game runs (Sol agents),Sol,"[exploratory] shown myth rule_return_more_than_half (per SD, minus unseen placebo) -> return share",0.0004339940181988,-0.0063783509820491,0.0072463390184469,0.9006316840695799,1.0,10.0,179,no detectable effect,"wild-cluster p 0.855 (Holm on wild p 1.000); Holm family 25 tests; exploratory candidate set (frontier screen), separate Holm"
frontier,8-agent homogeneous; 8-agent myth_game rounds>=2 (R3),8 Sol,Sol,"[exploratory] shown myth rule_return_more_than_half (per SD, minus unseen placebo) -> return share",-0.0148025673624,-0.0444146468033195,0.0148095120785194,0.3272084701281527,1.0,5.0,127,underpowered,"wild-cluster p 0.312 (Holm on wild p 1.000); Holm family 25 tests; exploratory candidate set (frontier screen), separate Holm"
frontier,8-agent mixed; 8-agent myth_game rounds>=2 (R3),2 GeminiPro + 3 Opus + 3 Sol,Sol,"[exploratory] shown myth rule_return_more_than_half (per SD, minus unseen placebo) -> return share",0.0038769805068223,-0.0056055055667605,0.0133594665804053,0.4229319853143309,1.0,5.0,52,underpowered,"wild-cluster p 0.297 (Holm on wild p 1.000); Holm family 10 tests; exploratory candidate set (frontier screen), separate Holm; GeminiPro-authored shown myths read by the other GeminiPro have no unseen placebo (not testable by design)"
frontier,all; 8-agent myth_game rounds>=2 (R3),frontier 8-agent myth_game runs,pooled,"[exploratory] shown myth rule_return_half (per SD, minus unseen placebo) -> return share",0.0020442335090797,-0.0052151032561932,0.0093035702743526,0.580998360351108,1.0,20.0,504,no detectable effect,"wild-cluster p 0.505 (Holm on wild p 1.000); Holm family 25 tests; exploratory candidate set (frontier screen), separate Holm"
frontier,all; 8-agent myth_game rounds>=2 (R3),frontier 8-agent myth_game runs (GeminiPro agents),GeminiPro,"[exploratory] shown myth rule_return_half (per SD, minus unseen placebo) -> return share",0.0123774105244569,-0.0021034483409289,0.0268582693898428,0.093882211094217,0.8449398998479534,10.0,154,no detectable effect,"wild-cluster p 0.040 (Holm on wild p 0.356); Holm family 9 tests; exploratory candidate set (frontier screen), separate Holm"
frontier,8-agent homogeneous; 8-agent myth_game rounds>=2 (R3),8 GeminiPro,GeminiPro,"[exploratory] shown myth rule_return_half (per SD, minus unseen placebo) -> return share",0.0173740078373474,-0.0031069385829353,0.0378549542576301,0.0963846279873085,0.6673093156994926,5.0,127,underpowered,"wild-cluster p 0.026 (Holm on wild p 0.168); Holm family 7 tests; exploratory candidate set (frontier screen), separate Holm"
frontier,8-agent mixed; 8-agent myth_game rounds>=2 (R3),2 GeminiPro + 3 Opus + 3 Sol,GeminiPro,"[exploratory] shown myth rule_return_half (per SD, minus unseen placebo) -> return share",-0.0012464132427168,,,,,5.0,27,underpowered,"wild-cluster p 0.926 (Holm on wild p 1.000); Holm family 5 tests; exploratory candidate set (frontier screen), separate Holm; GeminiPro-authored shown myths read by the other GeminiPro have no unseen placebo (not testable by design)"
frontier,all; 8-agent myth_game rounds>=2 (R3),frontier 8-agent myth_game runs (Opus agents),Opus,"[exploratory] shown myth rule_return_half (per SD, minus unseen placebo) -> return share",0.0012513798657202,-0.0093221082221017,0.0118248679535423,0.816566645211985,1.0,10.0,171,no detectable effect,"wild-cluster p 0.751 (Holm on wild p 1.000); Holm family 14 tests; exploratory candidate set (frontier screen), separate Holm"
frontier,8-agent homogeneous; 8-agent myth_game rounds>=2 (R3),8 Opus,Opus,"[exploratory] shown myth rule_return_half (per SD, minus unseen placebo) -> return share",-0.0169814615651519,-0.0489468237864235,0.0149839006561196,0.297772314297173,1.0,5.0,127,underpowered,"wild-cluster p 0.248 (Holm on wild p 1.000); Holm family 12 tests; exploratory candidate set (frontier screen), separate Holm"
frontier,8-agent mixed; 8-agent myth_game rounds>=2 (R3),2 GeminiPro + 3 Opus + 3 Sol,Opus,"[exploratory] shown myth rule_return_half (per SD, minus unseen placebo) -> return share",0.0099276205833453,-0.0134131918842623,0.033268433050953,0.404485233125993,1.0,5.0,44,underpowered,"wild-cluster p 0.261 (Holm on wild p 1.000); Holm family 5 tests; exploratory candidate set (frontier screen), separate Holm; GeminiPro-authored shown myths read by the other GeminiPro have no unseen placebo (not testable by design)"
frontier,all; 8-agent myth_game rounds>=2 (R3),frontier 8-agent myth_game runs (Sol agents),Sol,"[exploratory] shown myth rule_return_half (per SD, minus unseen placebo) -> return share",-0.0026648195137406,-0.0114664518126963,0.006136812785215,0.5529088012014444,1.0,10.0,179,no detectable effect,"wild-cluster p 0.485 (Holm on wild p 1.000); Holm family 25 tests; exploratory candidate set (frontier screen), separate Holm"
frontier,8-agent homogeneous; 8-agent myth_game rounds>=2 (R3),8 Sol,Sol,"[exploratory] shown myth rule_return_half (per SD, minus unseen placebo) -> return share",0.0019690711006177,-0.0185649503550293,0.0225030925562649,0.850918171428796,1.0,5.0,127,underpowered,"wild-cluster p 0.771 (Holm on wild p 1.000); Holm family 25 tests; exploratory candidate set (frontier screen), separate Holm"
frontier,8-agent mixed; 8-agent myth_game rounds>=2 (R3),2 GeminiPro + 3 Opus + 3 Sol,Sol,"[exploratory] shown myth rule_return_half (per SD, minus unseen placebo) -> return share",-0.0027741073936578,-0.0155770216473541,0.0100288068600383,0.6710694554076757,1.0,5.0,52,underpowered,"wild-cluster p 0.712 (Holm on wild p 1.000); Holm family 10 tests; exploratory candidate set (frontier screen), separate Holm; GeminiPro-authored shown myths read by the other GeminiPro have no unseen placebo (not testable by design)"
frontier,all; 8-agent myth_game rounds>=2 (R3),frontier 8-agent myth_game runs,pooled,"[exploratory] shown myth lex_consistency (per SD, minus unseen placebo) -> return share",-0.0075309919497339,-0.0168278931105502,0.0017659092110822,0.1123594732992308,1.0,20.0,504,no detectable effect,"wild-cluster p 0.096 (Holm on wild p 1.000); Holm family 25 tests; exploratory candidate set (frontier screen), separate Holm"
frontier,all; 8-agent myth_game rounds>=2 (R3),frontier 8-agent myth_game runs (GeminiPro agents),GeminiPro,"[exploratory] shown myth lex_consistency (per SD, minus unseen placebo) -> return share",-0.0094980268080936,-0.0302806553254324,0.0112846017092451,0.3703927006667999,1.0,10.0,154,no detectable effect,"wild-cluster p 0.306 (Holm on wild p 1.000); Holm family 9 tests; exploratory candidate set (frontier screen), separate Holm"
frontier,8-agent homogeneous; 8-agent myth_game rounds>=2 (R3),8 GeminiPro,GeminiPro,"[exploratory] shown myth lex_consistency (per SD, minus unseen placebo) -> return share",-0.0113380986191943,-0.0246613697725143,0.0019851725341256,0.0953299022427846,0.6673093156994926,5.0,127,underpowered,"wild-cluster p 0.024 (Holm on wild p 0.168); Holm family 7 tests; exploratory candidate set (frontier screen), separate Holm"
frontier,8-agent mixed; 8-agent myth_game rounds>=2 (R3),2 GeminiPro + 3 Opus + 3 Sol,GeminiPro,"[exploratory] shown myth lex_consistency (per SD, minus unseen placebo) -> return share",0.0144421075425296,,,,,5.0,27,underpowered,"wild-cluster p 0.708 (Holm on wild p 1.000); Holm family 5 tests; exploratory candidate set (frontier screen), separate Holm; GeminiPro-authored shown myths read by the other GeminiPro have no unseen placebo (not testable by design)"
frontier,all; 8-agent myth_game rounds>=2 (R3),frontier 8-agent myth_game runs (Opus agents),Opus,"[exploratory] shown myth lex_consistency (per SD, minus unseen placebo) -> return share",-0.0128311391317027,-0.028799534175084,0.0031372559116786,0.1152803205757496,1.0,10.0,171,no detectable effect,"wild-cluster p 0.102 (Holm on wild p 1.000); Holm family 14 tests; exploratory candidate set (frontier screen), separate Holm"
frontier,8-agent homogeneous; 8-agent myth_game rounds>=2 (R3),8 Opus,Opus,"[exploratory] shown myth lex_consistency (per SD, minus unseen placebo) -> return share",-0.0377354711892885,-0.0598737960230782,-0.0155971463554989,0.0008353127596849,0.0100237531162196,5.0,127,suggestive,"wild-cluster p 0.033 (Holm on wild p 0.390); Holm family 12 tests; exploratory candidate set (frontier screen), separate Holm"
frontier,8-agent mixed; 8-agent myth_game rounds>=2 (R3),2 GeminiPro + 3 Opus + 3 Sol,Opus,"[exploratory] shown myth lex_consistency (per SD, minus unseen placebo) -> return share",0.0086550359116005,-0.0209986448175847,0.0383087166407859,0.5672842037248019,1.0,5.0,44,underpowered,"wild-cluster p 0.323 (Holm on wild p 1.000); Holm family 5 tests; exploratory candidate set (frontier screen), separate Holm; GeminiPro-authored shown myths read by the other GeminiPro have no unseen placebo (not testable by design)"
frontier,all; 8-agent myth_game rounds>=2 (R3),frontier 8-agent myth_game runs (Sol agents),Sol,"[exploratory] shown myth lex_consistency (per SD, minus unseen placebo) -> return share",-0.002453412979869,-0.018091896887196,0.0131850709274579,0.75847414835452,1.0,10.0,179,no detectable effect,"wild-cluster p 0.745 (Holm on wild p 1.000); Holm family 25 tests; exploratory candidate set (frontier screen), separate Holm"
frontier,8-agent homogeneous; 8-agent myth_game rounds>=2 (R3),8 Sol,Sol,"[exploratory] shown myth lex_consistency (per SD, minus unseen placebo) -> return share",-0.002986005321148,-0.0262680143350641,0.020296003692768,0.8015259253036073,1.0,5.0,127,underpowered,"wild-cluster p 0.756 (Holm on wild p 1.000); Holm family 25 tests; exploratory candidate set (frontier screen), separate Holm"
frontier,8-agent mixed; 8-agent myth_game rounds>=2 (R3),2 GeminiPro + 3 Opus + 3 Sol,Sol,"[exploratory] shown myth lex_consistency (per SD, minus unseen placebo) -> return share",0.0015771938995807,-0.0217408890494607,0.0248952768486223,0.8945346471916747,1.0,5.0,52,underpowered,"wild-cluster p 0.845 (Holm on wild p 1.000); Holm family 10 tests; exploratory candidate set (frontier screen), separate Holm; GeminiPro-authored shown myths read by the other GeminiPro have no unseen placebo (not testable by design)"
frontier,all; 8-agent myth_game rounds>=2 (R3),frontier 8-agent myth_game runs,pooled,"[exploratory] shown myth lex_community (per SD, minus unseen placebo) -> return share",0.0059527085138053,-0.0032974251731056,0.0152028422007163,0.2072046483172818,1.0,20.0,504,no detectable effect,"wild-cluster p 0.139 (Holm on wild p 1.000); Holm family 25 tests; exploratory candidate set (frontier screen), separate Holm"
frontier,all; 8-agent myth_game rounds>=2 (R3),frontier 8-agent myth_game runs (GeminiPro agents),GeminiPro,"[exploratory] shown myth lex_community (per SD, minus unseen placebo) -> return share",0.0071558595743097,-0.0134266182613057,0.0277383374099252,0.4956083837520603,1.0,10.0,154,no detectable effect,"wild-cluster p 0.437 (Holm on wild p 1.000); Holm family 9 tests; exploratory candidate set (frontier screen), separate Holm"
frontier,8-agent homogeneous; 8-agent myth_game rounds>=2 (R3),8 GeminiPro,GeminiPro,"[exploratory] shown myth lex_community (per SD, minus unseen placebo) -> return share",0.0078277419698993,-0.0319869202897683,0.047642404229567,0.699987196966235,0.9638871806500842,5.0,127,underpowered,"wild-cluster p 0.650 (Holm on wild p 1.000); Holm family 7 tests; exploratory candidate set (frontier screen), separate Holm"
frontier,8-agent mixed; 8-agent myth_game rounds>=2 (R3),2 GeminiPro + 3 Opus + 3 Sol,GeminiPro,"[exploratory] shown myth lex_community (per SD, minus unseen placebo) -> return share",-0.0483948642333681,,,,,5.0,27,underpowered,"wild-cluster p 0.342 (Holm on wild p 1.000); Holm family 5 tests; exploratory candidate set (frontier screen), separate Holm; GeminiPro-authored shown myths read by the other GeminiPro have no unseen placebo (not testable by design)"
frontier,all; 8-agent myth_game rounds>=2 (R3),frontier 8-agent myth_game runs (Opus agents),Opus,"[exploratory] shown myth lex_community (per SD, minus unseen placebo) -> return share",0.0112336179099336,-0.0012381034464332,0.0237053392663004,0.0774977802507611,1.0,10.0,171,no detectable effect,"wild-cluster p 0.115 (Holm on wild p 1.000); Holm family 14 tests; exploratory candidate set (frontier screen), separate Holm"
frontier,8-agent homogeneous; 8-agent myth_game rounds>=2 (R3),8 Opus,Opus,"[exploratory] shown myth lex_community (per SD, minus unseen placebo) -> return share",0.0188202097441857,0.0047801529444879,0.0328602665438835,0.0086074570637696,0.0946820277014662,5.0,127,underpowered,"wild-cluster p 0.090 (Holm on wild p 0.990); Holm family 12 tests; exploratory candidate set (frontier screen), separate Holm"
frontier,8-agent mixed; 8-agent myth_game rounds>=2 (R3),2 GeminiPro + 3 Opus + 3 Sol,Opus,"[exploratory] shown myth lex_community (per SD, minus unseen placebo) -> return share",0.0042988580598338,-0.0184689076699918,0.0270666237896595,0.7113323008177369,1.0,5.0,44,underpowered,"wild-cluster p 0.546 (Holm on wild p 1.000); Holm family 5 tests; exploratory candidate set (frontier screen), separate Holm; GeminiPro-authored shown myths read by the other GeminiPro have no unseen placebo (not testable by design)"
frontier,all; 8-agent myth_game rounds>=2 (R3),frontier 8-agent myth_game runs (Sol agents),Sol,"[exploratory] shown myth lex_community (per SD, minus unseen placebo) -> return share",-0.0008771603955524,-0.0148207179761786,0.0130663971850736,0.9018716911964436,1.0,10.0,179,no detectable effect,"wild-cluster p 0.871 (Holm on wild p 1.000); Holm family 25 tests; exploratory candidate set (frontier screen), separate Holm"
frontier,8-agent homogeneous; 8-agent myth_game rounds>=2 (R3),8 Sol,Sol,"[exploratory] shown myth lex_community (per SD, minus unseen placebo) -> return share",0.0149919580090417,-0.0157966387056991,0.0457805547237827,0.3398966376000513,1.0,5.0,127,underpowered,"wild-cluster p 0.207 (Holm on wild p 1.000); Holm family 25 tests; exploratory candidate set (frontier screen), separate Holm"
frontier,8-agent mixed; 8-agent myth_game rounds>=2 (R3),2 GeminiPro + 3 Opus + 3 Sol,Sol,"[exploratory] shown myth lex_community (per SD, minus unseen placebo) -> return share",5.407185150452416e-05,-0.0275961856989859,0.027704329401995,0.996941847425841,1.0,5.0,52,underpowered,"wild-cluster p 0.998 (Holm on wild p 1.000); Holm family 10 tests; exploratory candidate set (frontier screen), separate Holm; GeminiPro-authored shown myths read by the other GeminiPro have no unseen placebo (not testable by design)"
frontier,all; 8-agent myth_game rounds>=2 (R3),frontier 8-agent myth_game runs,pooled,"[exploratory] shown myth rule_letdown_reduce (per SD, minus unseen placebo) -> return share",-0.0012532143243452,-0.0062311037111057,0.0037246750624152,0.6217066632982813,1.0,20.0,504,no detectable effect,"wild-cluster p 0.593 (Holm on wild p 1.000); Holm family 25 tests; exploratory candidate set (frontier screen), separate Holm"
frontier,all; 8-agent myth_game rounds>=2 (R3),frontier 8-agent myth_game runs (GeminiPro agents),GeminiPro,"[exploratory] shown myth rule_letdown_reduce (per SD, minus unseen placebo) -> return share",-0.0157024293641331,-0.0656695257545831,0.0342646670263167,0.5379412180198899,1.0,10.0,154,no detectable effect,"wild-cluster p 0.686 (Holm on wild p 1.000); Holm family 9 tests; exploratory candidate set (frontier screen), separate Holm"
frontier,8-agent homogeneous; 8-agent myth_game rounds>=2 (R3),8 GeminiPro,GeminiPro,"[exploratory] shown myth rule_letdown_reduce (per SD, minus unseen placebo) -> return share",,,,,,5.0,127,not estimable: predictor has no spread,"Holm family 7 tests; exploratory candidate set (frontier screen), separate Holm"
frontier,8-agent mixed; 8-agent myth_game rounds>=2 (R3),2 GeminiPro + 3 Opus + 3 Sol,GeminiPro,"[exploratory] shown myth rule_letdown_reduce (per SD, minus unseen placebo) -> return share",0.0067954615223464,,,,,5.0,27,underpowered,"wild-cluster p 0.312 (Holm on wild p 1.000); Holm family 5 tests; exploratory candidate set (frontier screen), separate Holm; GeminiPro-authored shown myths read by the other GeminiPro have no unseen placebo (not testable by design)"
frontier,all; 8-agent myth_game rounds>=2 (R3),frontier 8-agent myth_game runs (Opus agents),Opus,"[exploratory] shown myth rule_letdown_reduce (per SD, minus unseen placebo) -> return share",0.010994301499697,-0.0085518560492672,0.0305404590486612,0.270271117890773,1.0,10.0,171,no detectable effect,"wild-cluster p 0.151 (Holm on wild p 1.000); Holm family 14 tests; exploratory candidate set (frontier screen), separate Holm"
frontier,8-agent homogeneous; 8-agent myth_game rounds>=2 (R3),8 Opus,Opus,"[exploratory] shown myth rule_letdown_reduce (per SD, minus unseen placebo) -> return share",0.0280029086014382,-0.0169665960901252,0.0729724132930016,0.2222803446189187,1.0,5.0,127,underpowered,"wild-cluster p 0.172 (Holm on wild p 1.000); Holm family 12 tests; exploratory candidate set (frontier screen), separate Holm"
frontier,8-agent mixed; 8-agent myth_game rounds>=2 (R3),2 GeminiPro + 3 Opus + 3 Sol,Opus,"[exploratory] shown myth rule_letdown_reduce (per SD, minus unseen placebo) -> return share",0.003658988319097,-0.0180079138495558,0.0253258904877498,0.7406535250280113,1.0,5.0,44,underpowered,"wild-cluster p 0.681 (Holm on wild p 1.000); Holm family 5 tests; exploratory candidate set (frontier screen), separate Holm; GeminiPro-authored shown myths read by the other GeminiPro have no unseen placebo (not testable by design)"
frontier,all; 8-agent myth_game rounds>=2 (R3),frontier 8-agent myth_game runs (Sol agents),Sol,"[exploratory] shown myth rule_letdown_reduce (per SD, minus unseen placebo) -> return share",-0.0021626102522459,-0.0064838770889669,0.002158656584475,0.3266526069418304,1.0,10.0,179,no detectable effect,"wild-cluster p 0.263 (Holm on wild p 1.000); Holm family 25 tests; exploratory candidate set (frontier screen), separate Holm"
frontier,8-agent homogeneous; 8-agent myth_game rounds>=2 (R3),8 Sol,Sol,"[exploratory] shown myth rule_letdown_reduce (per SD, minus unseen placebo) -> return share",-0.0032765740098232,-0.0378785531265975,0.031325405106951,0.8527620861622395,1.0,5.0,127,underpowered,"wild-cluster p 0.894 (Holm on wild p 1.000); Holm family 25 tests; exploratory candidate set (frontier screen), separate Holm"
frontier,8-agent mixed; 8-agent myth_game rounds>=2 (R3),2 GeminiPro + 3 Opus + 3 Sol,Sol,"[exploratory] shown myth rule_letdown_reduce (per SD, minus unseen placebo) -> return share",-0.002375306172414,-0.0068291845108873,0.0020785721660592,0.2958972507822586,1.0,5.0,52,underpowered,"wild-cluster p 0.257 (Holm on wild p 1.000); Holm family 10 tests; exploratory candidate set (frontier screen), separate Holm; GeminiPro-authored shown myths read by the other GeminiPro have no unseen placebo (not testable by design)"
frontier,all; 8-agent myth_game rounds>=2 (R3),frontier 8-agent myth_game runs,pooled,"[exploratory] shown myth rule_return_more_than_half (per SD, minus unseen placebo) -> change in send",0.0007715796718509,-0.0080644896281637,0.0096076489718656,0.8641080366070772,1.0,10.0,144,no detectable effect,"wild-cluster p 0.798 (Holm on wild p 1.000); pooled excludes ceiling families GeminiPro,Opus; Holm family 25 tests; exploratory candidate set (frontier screen), separate Holm"
frontier,all; 8-agent myth_game rounds>=2 (R3),frontier 8-agent myth_game runs (GeminiPro agents),GeminiPro,"[exploratory] shown myth rule_return_more_than_half (per SD, minus unseen placebo) -> change in send",,,,,,10.0,128,not estimable: ceiling,"Holm family 9 tests; exploratory candidate set (frontier screen), separate Holm"
frontier,8-agent homogeneous; 8-agent myth_game rounds>=2 (R3),8 GeminiPro,GeminiPro,"[exploratory] shown myth rule_return_more_than_half (per SD, minus unseen placebo) -> change in send",,,,,,5.0,105,not estimable: ceiling,"Holm family 7 tests; exploratory candidate set (frontier screen), separate Holm"
frontier,8-agent mixed; 8-agent myth_game rounds>=2 (R3),2 GeminiPro + 3 Opus + 3 Sol,GeminiPro,"[exploratory] shown myth rule_return_more_than_half (per SD, minus unseen placebo) -> change in send",,,,,,5.0,23,not estimable: ceiling,"Holm family 5 tests; exploratory candidate set (frontier screen), separate Holm; GeminiPro-authored shown myths read by the other GeminiPro have no unseen placebo (not testable by design)"
frontier,all; 8-agent myth_game rounds>=2 (R3),frontier 8-agent myth_game runs (Opus agents),Opus,"[exploratory] shown myth rule_return_more_than_half (per SD, minus unseen placebo) -> change in send",,,,,,10.0,144,not estimable: ceiling,"Holm family 14 tests; exploratory candidate set (frontier screen), separate Holm"
frontier,8-agent homogeneous; 8-agent myth_game rounds>=2 (R3),8 Opus,Opus,"[exploratory] shown myth rule_return_more_than_half (per SD, minus unseen placebo) -> change in send",,,,,,5.0,105,not estimable: ceiling,"Holm family 12 tests; exploratory candidate set (frontier screen), separate Holm"
frontier,8-agent mixed; 8-agent myth_game rounds>=2 (R3),2 GeminiPro + 3 Opus + 3 Sol,Opus,"[exploratory] shown myth rule_return_more_than_half (per SD, minus unseen placebo) -> change in send",,,,,,5.0,39,not estimable: ceiling,"Holm family 5 tests; exploratory candidate set (frontier screen), separate Holm; GeminiPro-authored shown myths read by the other GeminiPro have no unseen placebo (not testable by design)"
frontier,all; 8-agent myth_game rounds>=2 (R3),frontier 8-agent myth_game runs (Sol agents),Sol,"[exploratory] shown myth rule_return_more_than_half (per SD, minus unseen placebo) -> change in send",0.0007715796718509,-0.0080644896281637,0.0096076489718656,0.8641080366070772,1.0,10.0,144,no detectable effect,"wild-cluster p 0.804 (Holm on wild p 1.000); Holm family 25 tests; exploratory candidate set (frontier screen), separate Holm"
frontier,8-agent homogeneous; 8-agent myth_game rounds>=2 (R3),8 Sol,Sol,"[exploratory] shown myth rule_return_more_than_half (per SD, minus unseen placebo) -> change in send",-0.0132125017583406,-0.0347811783189035,0.0083561748022221,0.2298942645389708,1.0,5.0,105,underpowered,"wild-cluster p 0.100 (Holm on wild p 1.000); Holm family 25 tests; exploratory candidate set (frontier screen), separate Holm"
frontier,8-agent mixed; 8-agent myth_game rounds>=2 (R3),2 GeminiPro + 3 Opus + 3 Sol,Sol,"[exploratory] shown myth rule_return_more_than_half (per SD, minus unseen placebo) -> change in send",5.144491223310885e-17,-1.9583273209954075e-16,2.987225565657584e-16,0.6834491615259601,1.0,5.0,39,not estimable: ceiling,"wild-cluster p 0.650 (Holm on wild p 1.000); zero residual: every sender that states an amount sends exactly it (CI degenerate); Holm family 10 tests; exploratory candidate set (frontier screen), separate Holm; outcome constant within agent after fixed effects; GeminiPro-authored shown myths read by the other GeminiPro have no unseen placebo (not testable by design)"
frontier,all; 8-agent myth_game rounds>=2 (R3),frontier 8-agent myth_game runs,pooled,"[exploratory] shown myth rule_return_half (per SD, minus unseen placebo) -> change in send",0.0015830692754046,-0.0087131378391036,0.0118792763899128,0.7631478579370038,1.0,10.0,144,no detectable effect,"wild-cluster p 0.723 (Holm on wild p 1.000); pooled excludes ceiling families GeminiPro,Opus; Holm family 25 tests; exploratory candidate set (frontier screen), separate Holm"
frontier,all; 8-agent myth_game rounds>=2 (R3),frontier 8-agent myth_game runs (GeminiPro agents),GeminiPro,"[exploratory] shown myth rule_return_half (per SD, minus unseen placebo) -> change in send",,,,,,10.0,128,not estimable: ceiling,"Holm family 9 tests; exploratory candidate set (frontier screen), separate Holm"
frontier,8-agent homogeneous; 8-agent myth_game rounds>=2 (R3),8 GeminiPro,GeminiPro,"[exploratory] shown myth rule_return_half (per SD, minus unseen placebo) -> change in send",,,,,,5.0,105,not estimable: ceiling,"Holm family 7 tests; exploratory candidate set (frontier screen), separate Holm"
frontier,8-agent mixed; 8-agent myth_game rounds>=2 (R3),2 GeminiPro + 3 Opus + 3 Sol,GeminiPro,"[exploratory] shown myth rule_return_half (per SD, minus unseen placebo) -> change in send",,,,,,5.0,23,not estimable: ceiling,"Holm family 5 tests; exploratory candidate set (frontier screen), separate Holm; GeminiPro-authored shown myths read by the other GeminiPro have no unseen placebo (not testable by design)"
frontier,all; 8-agent myth_game rounds>=2 (R3),frontier 8-agent myth_game runs (Opus agents),Opus,"[exploratory] shown myth rule_return_half (per SD, minus unseen placebo) -> change in send",,,,,,10.0,144,not estimable: ceiling,"Holm family 14 tests; exploratory candidate set (frontier screen), separate Holm"
frontier,8-agent homogeneous; 8-agent myth_game rounds>=2 (R3),8 Opus,Opus,"[exploratory] shown myth rule_return_half (per SD, minus unseen placebo) -> change in send",,,,,,5.0,105,not estimable: ceiling,"Holm family 12 tests; exploratory candidate set (frontier screen), separate Holm"
frontier,8-agent mixed; 8-agent myth_game rounds>=2 (R3),2 GeminiPro + 3 Opus + 3 Sol,Opus,"[exploratory] shown myth rule_return_half (per SD, minus unseen placebo) -> change in send",,,,,,5.0,39,not estimable: ceiling,"Holm family 5 tests; exploratory candidate set (frontier screen), separate Holm; GeminiPro-authored shown myths read by the other GeminiPro have no unseen placebo (not testable by design)"
frontier,all; 8-agent myth_game rounds>=2 (R3),frontier 8-agent myth_game runs (Sol agents),Sol,"[exploratory] shown myth rule_return_half (per SD, minus unseen placebo) -> change in send",0.0015830692754046,-0.0087131378391036,0.0118792763899128,0.7631478579370038,1.0,10.0,144,no detectable effect,"wild-cluster p 0.716 (Holm on wild p 1.000); Holm family 25 tests; exploratory candidate set (frontier screen), separate Holm"
frontier,8-agent homogeneous; 8-agent myth_game rounds>=2 (R3),8 Sol,Sol,"[exploratory] shown myth rule_return_half (per SD, minus unseen placebo) -> change in send",0.0108530017708925,-0.0198879667320127,0.0415939702737977,0.488963020538426,1.0,5.0,105,underpowered,"wild-cluster p 0.772 (Holm on wild p 1.000); Holm family 25 tests; exploratory candidate set (frontier screen), separate Holm"
frontier,8-agent mixed; 8-agent myth_game rounds>=2 (R3),2 GeminiPro + 3 Opus + 3 Sol,Sol,"[exploratory] shown myth rule_return_half (per SD, minus unseen placebo) -> change in send",-4.090226608700279e-16,-1.4964901248256254e-15,6.784448030855694e-16,0.4610070685585946,1.0,5.0,39,not estimable: ceiling,"wild-cluster p 0.454 (Holm on wild p 1.000); zero residual: every sender that states an amount sends exactly it (CI degenerate); Holm family 10 tests; exploratory candidate set (frontier screen), separate Holm; outcome constant within agent after fixed effects; GeminiPro-authored shown myths read by the other GeminiPro have no unseen placebo (not testable by design)"
frontier,all; 8-agent myth_game rounds>=2 (R3),frontier 8-agent myth_game runs,pooled,"[exploratory] shown myth lex_consistency (per SD, minus unseen placebo) -> change in send",0.0029846196606478,-0.0017082362060035,0.0076774755272991,0.2125728987388809,1.0,10.0,144,no detectable effect,"wild-cluster p 0.118 (Holm on wild p 1.000); pooled excludes ceiling families GeminiPro,Opus; Holm family 25 tests; exploratory candidate set (frontier screen), separate Holm"
frontier,all; 8-agent myth_game rounds>=2 (R3),frontier 8-agent myth_game runs (GeminiPro agents),GeminiPro,"[exploratory] shown myth lex_consistency (per SD, minus unseen placebo) -> change in send",,,,,,10.0,128,not estimable: ceiling,"Holm family 9 tests; exploratory candidate set (frontier screen), separate Holm"
frontier,8-agent homogeneous; 8-agent myth_game rounds>=2 (R3),8 GeminiPro,GeminiPro,"[exploratory] shown myth lex_consistency (per SD, minus unseen placebo) -> change in send",,,,,,5.0,105,not estimable: ceiling,"Holm family 7 tests; exploratory candidate set (frontier screen), separate Holm"
frontier,8-agent mixed; 8-agent myth_game rounds>=2 (R3),2 GeminiPro + 3 Opus + 3 Sol,GeminiPro,"[exploratory] shown myth lex_consistency (per SD, minus unseen placebo) -> change in send",,,,,,5.0,23,not estimable: ceiling,"Holm family 5 tests; exploratory candidate set (frontier screen), separate Holm; GeminiPro-authored shown myths read by the other GeminiPro have no unseen placebo (not testable by design)"
frontier,all; 8-agent myth_game rounds>=2 (R3),frontier 8-agent myth_game runs (Opus agents),Opus,"[exploratory] shown myth lex_consistency (per SD, minus unseen placebo) -> change in send",,,,,,10.0,144,not estimable: ceiling,"Holm family 14 tests; exploratory candidate set (frontier screen), separate Holm"
frontier,8-agent homogeneous; 8-agent myth_game rounds>=2 (R3),8 Opus,Opus,"[exploratory] shown myth lex_consistency (per SD, minus unseen placebo) -> change in send",,,,,,5.0,105,not estimable: ceiling,"Holm family 12 tests; exploratory candidate set (frontier screen), separate Holm"
frontier,8-agent mixed; 8-agent myth_game rounds>=2 (R3),2 GeminiPro + 3 Opus + 3 Sol,Opus,"[exploratory] shown myth lex_consistency (per SD, minus unseen placebo) -> change in send",,,,,,5.0,39,not estimable: ceiling,"Holm family 5 tests; exploratory candidate set (frontier screen), separate Holm; GeminiPro-authored shown myths read by the other GeminiPro have no unseen placebo (not testable by design)"
frontier,all; 8-agent myth_game rounds>=2 (R3),frontier 8-agent myth_game runs (Sol agents),Sol,"[exploratory] shown myth lex_consistency (per SD, minus unseen placebo) -> change in send",0.0029846196606478,-0.0017082362060035,0.0076774755272991,0.2125728987388809,1.0,10.0,144,no detectable effect,"wild-cluster p 0.130 (Holm on wild p 1.000); Holm family 25 tests; exploratory candidate set (frontier screen), separate Holm"
frontier,8-agent homogeneous; 8-agent myth_game rounds>=2 (R3),8 Sol,Sol,"[exploratory] shown myth lex_consistency (per SD, minus unseen placebo) -> change in send",0.0019480768931453,-0.0152096202277689,0.0191057740140596,0.8238986813309666,1.0,5.0,105,underpowered,"wild-cluster p 0.801 (Holm on wild p 1.000); Holm family 25 tests; exploratory candidate set (frontier screen), separate Holm"
frontier,8-agent mixed; 8-agent myth_game rounds>=2 (R3),2 GeminiPro + 3 Opus + 3 Sol,Sol,"[exploratory] shown myth lex_consistency (per SD, minus unseen placebo) -> change in send",1.0816924075439108e-16,-4.742388567688633e-16,6.905773382776455e-16,0.7158435612876164,1.0,5.0,39,not estimable: ceiling,"wild-cluster p 0.503 (Holm on wild p 1.000); zero residual: every sender that states an amount sends exactly it (CI degenerate); Holm family 10 tests; exploratory candidate set (frontier screen), separate Holm; outcome constant within agent after fixed effects; GeminiPro-authored shown myths read by the other GeminiPro have no unseen placebo (not testable by design)"
frontier,all; 8-agent myth_game rounds>=2 (R3),frontier 8-agent myth_game runs,pooled,"[exploratory] shown myth lex_community (per SD, minus unseen placebo) -> change in send",0.0036009342427501,-0.0042961556432954,0.0114980241287956,0.3714775327326487,1.0,10.0,144,no detectable effect,"wild-cluster p 0.222 (Holm on wild p 1.000); pooled excludes ceiling families GeminiPro,Opus; Holm family 25 tests; exploratory candidate set (frontier screen), separate Holm"
frontier,all; 8-agent myth_game rounds>=2 (R3),frontier 8-agent myth_game runs (GeminiPro agents),GeminiPro,"[exploratory] shown myth lex_community (per SD, minus unseen placebo) -> change in send",,,,,,10.0,128,not estimable: ceiling,"Holm family 9 tests; exploratory candidate set (frontier screen), separate Holm"
frontier,8-agent homogeneous; 8-agent myth_game rounds>=2 (R3),8 GeminiPro,GeminiPro,"[exploratory] shown myth lex_community (per SD, minus unseen placebo) -> change in send",,,,,,5.0,105,not estimable: ceiling,"Holm family 7 tests; exploratory candidate set (frontier screen), separate Holm"
frontier,8-agent mixed; 8-agent myth_game rounds>=2 (R3),2 GeminiPro + 3 Opus + 3 Sol,GeminiPro,"[exploratory] shown myth lex_community (per SD, minus unseen placebo) -> change in send",,,,,,5.0,23,not estimable: ceiling,"Holm family 5 tests; exploratory candidate set (frontier screen), separate Holm; GeminiPro-authored shown myths read by the other GeminiPro have no unseen placebo (not testable by design)"
frontier,all; 8-agent myth_game rounds>=2 (R3),frontier 8-agent myth_game runs (Opus agents),Opus,"[exploratory] shown myth lex_community (per SD, minus unseen placebo) -> change in send",,,,,,10.0,144,not estimable: ceiling,"Holm family 14 tests; exploratory candidate set (frontier screen), separate Holm"
frontier,8-agent homogeneous; 8-agent myth_game rounds>=2 (R3),8 Opus,Opus,"[exploratory] shown myth lex_community (per SD, minus unseen placebo) -> change in send",,,,,,5.0,105,not estimable: ceiling,"Holm family 12 tests; exploratory candidate set (frontier screen), separate Holm"
frontier,8-agent mixed; 8-agent myth_game rounds>=2 (R3),2 GeminiPro + 3 Opus + 3 Sol,Opus,"[exploratory] shown myth lex_community (per SD, minus unseen placebo) -> change in send",,,,,,5.0,39,not estimable: ceiling,"Holm family 5 tests; exploratory candidate set (frontier screen), separate Holm; GeminiPro-authored shown myths read by the other GeminiPro have no unseen placebo (not testable by design)"
frontier,all; 8-agent myth_game rounds>=2 (R3),frontier 8-agent myth_game runs (Sol agents),Sol,"[exploratory] shown myth lex_community (per SD, minus unseen placebo) -> change in send",0.0036009342427501,-0.0042961556432954,0.0114980241287956,0.3714775327326487,1.0,10.0,144,no detectable effect,"wild-cluster p 0.221 (Holm on wild p 1.000); Holm family 25 tests; exploratory candidate set (frontier screen), separate Holm"
frontier,8-agent homogeneous; 8-agent myth_game rounds>=2 (R3),8 Sol,Sol,"[exploratory] shown myth lex_community (per SD, minus unseen placebo) -> change in send",0.0071077124753572,-0.003967339781707,0.0181827647324216,0.2084425476835492,1.0,5.0,105,underpowered,"wild-cluster p 0.254 (Holm on wild p 1.000); Holm family 25 tests; exploratory candidate set (frontier screen), separate Holm"
frontier,8-agent mixed; 8-agent myth_game rounds>=2 (R3),2 GeminiPro + 3 Opus + 3 Sol,Sol,"[exploratory] shown myth lex_community (per SD, minus unseen placebo) -> change in send",2.803024379902163e-16,-9.353362247679582e-16,1.4959411007483908e-15,0.6513199434653358,1.0,5.0,39,not estimable: ceiling,"wild-cluster p 0.470 (Holm on wild p 1.000); zero residual: every sender that states an amount sends exactly it (CI degenerate); Holm family 10 tests; exploratory candidate set (frontier screen), separate Holm; outcome constant within agent after fixed effects; GeminiPro-authored shown myths read by the other GeminiPro have no unseen placebo (not testable by design)"
frontier,all; 8-agent myth_game rounds>=2 (R3),frontier 8-agent myth_game runs,pooled,"[exploratory] shown myth rule_letdown_reduce (per SD, minus unseen placebo) -> change in send",0.0007324307908254,-0.0084161271182263,0.0098809886998771,0.87531252659963,1.0,10.0,144,no detectable effect,"wild-cluster p 0.824 (Holm on wild p 1.000); pooled excludes ceiling families GeminiPro,Opus; Holm family 25 tests; exploratory candidate set (frontier screen), separate Holm"
frontier,all; 8-agent myth_game rounds>=2 (R3),frontier 8-agent myth_game runs (GeminiPro agents),GeminiPro,"[exploratory] shown myth rule_letdown_reduce (per SD, minus unseen placebo) -> change in send",,,,,,10.0,128,not estimable: ceiling,"Holm family 9 tests; exploratory candidate set (frontier screen), separate Holm"
frontier,8-agent homogeneous; 8-agent myth_game rounds>=2 (R3),8 GeminiPro,GeminiPro,"[exploratory] shown myth rule_letdown_reduce (per SD, minus unseen placebo) -> change in send",,,,,,5.0,105,not estimable: ceiling,"Holm family 7 tests; exploratory candidate set (frontier screen), separate Holm"
frontier,8-agent mixed; 8-agent myth_game rounds>=2 (R3),2 GeminiPro + 3 Opus + 3 Sol,GeminiPro,"[exploratory] shown myth rule_letdown_reduce (per SD, minus unseen placebo) -> change in send",,,,,,5.0,23,not estimable: ceiling,"Holm family 5 tests; exploratory candidate set (frontier screen), separate Holm; GeminiPro-authored shown myths read by the other GeminiPro have no unseen placebo (not testable by design)"
frontier,all; 8-agent myth_game rounds>=2 (R3),frontier 8-agent myth_game runs (Opus agents),Opus,"[exploratory] shown myth rule_letdown_reduce (per SD, minus unseen placebo) -> change in send",,,,,,10.0,144,not estimable: ceiling,"Holm family 14 tests; exploratory candidate set (frontier screen), separate Holm"
frontier,8-agent homogeneous; 8-agent myth_game rounds>=2 (R3),8 Opus,Opus,"[exploratory] shown myth rule_letdown_reduce (per SD, minus unseen placebo) -> change in send",,,,,,5.0,105,not estimable: ceiling,"Holm family 12 tests; exploratory candidate set (frontier screen), separate Holm"
frontier,8-agent mixed; 8-agent myth_game rounds>=2 (R3),2 GeminiPro + 3 Opus + 3 Sol,Opus,"[exploratory] shown myth rule_letdown_reduce (per SD, minus unseen placebo) -> change in send",,,,,,5.0,39,not estimable: ceiling,"Holm family 5 tests; exploratory candidate set (frontier screen), separate Holm; GeminiPro-authored shown myths read by the other GeminiPro have no unseen placebo (not testable by design)"
frontier,all; 8-agent myth_game rounds>=2 (R3),frontier 8-agent myth_game runs (Sol agents),Sol,"[exploratory] shown myth rule_letdown_reduce (per SD, minus unseen placebo) -> change in send",0.0007324307908254,-0.0084161271182263,0.0098809886998771,0.87531252659963,1.0,10.0,144,no detectable effect,"wild-cluster p 0.832 (Holm on wild p 1.000); Holm family 25 tests; exploratory candidate set (frontier screen), separate Holm"
frontier,8-agent homogeneous; 8-agent myth_game rounds>=2 (R3),8 Sol,Sol,"[exploratory] shown myth rule_letdown_reduce (per SD, minus unseen placebo) -> change in send",0.0064416634888046,-0.0229943149117347,0.0358776418893441,0.6679876608198358,1.0,5.0,105,underpowered,"wild-cluster p 0.729 (Holm on wild p 1.000); Holm family 25 tests; exploratory candidate set (frontier screen), separate Holm"
frontier,8-agent mixed; 8-agent myth_game rounds>=2 (R3),2 GeminiPro + 3 Opus + 3 Sol,Sol,"[exploratory] shown myth rule_letdown_reduce (per SD, minus unseen placebo) -> change in send",4.594336707443246e-16,-1.0616109157871252e-15,1.9804782572757743e-15,0.5538439615087873,1.0,5.0,39,not estimable: ceiling,"wild-cluster p 0.494 (Holm on wild p 1.000); zero residual: every sender that states an amount sends exactly it (CI degenerate); Holm family 10 tests; exploratory candidate set (frontier screen), separate Holm; outcome constant within agent after fixed effects; GeminiPro-authored shown myths read by the other GeminiPro have no unseen placebo (not testable by design)"
september,all; myth_game round 1 (R4),all september myth_game runs,Sonnet+GPT,$ sent per $ stated in own round-1 myth,0.658215416764535,0.5356296311887835,0.7808012023402865,0.0,,37.0,62,yes,exact match 0.71; stated amount 3.77 (sd 1.49); 62 of 163 senders state an amount; p is wild-cluster
september,all; myth_game round 1 (R4),all september myth_game runs,Sonnet,$ sent per $ stated in own round-1 myth,0.8485163204747783,0.7420779650782602,0.9549546758712965,0.0,,22.0,40,yes,exact match 0.80; stated amount 3.83 (sd 1.25); 40 of 72 senders state an amount; p is wild-cluster
september,all; myth_game round 1 (R4),all september myth_game runs,GPT,$ sent per $ stated in own round-1 myth,0.4841831038332707,0.3407176032290778,0.6276486044374636,0.0035017508754377,,17.0,22,yes,exact match 0.55; stated amount 3.68 (sd 1.89); 22 of 91 senders state an amount; p is wild-cluster
september,all; myth_game round 1 (R4),all september myth_game runs,Gemini,$ sent per $ stated in own round-1 myth,,,,,,,50,not estimable: ceiling,exact match 1.00 of 50
frontier,all; myth_game round 1 (R4),all frontier myth_game runs,Opus+Sol,$ sent per $ stated in own round-1 myth,0.8530457881230017,0.6875956583106076,1.0184959179353958,0.0,,27.0,52,yes,exact match 0.96; stated amount 4.54 (sd 0.70); 52 of 76 senders state an amount; p is wild-cluster
frontier,all; myth_game round 1 (R4),all frontier myth_game runs,Opus,$ sent per $ stated in own round-1 myth,0.6129032258064508,0.4685668378985357,0.757239613714366,0.0130065032516258,,11.0,21,yes,exact match 0.90; stated amount 4.67 (sd 0.66); 21 of 37 senders state an amount; p is wild-cluster
frontier,all; myth_game round 1 (R4),all frontier myth_game runs,Sol,$ sent per $ stated in own round-1 myth,0.9999999999999992,0.999999999999998,1.0000000000000004,0.0,,18.0,31,yes,exact match 1.00; stated amount 4.45 (sd 0.72); 31 of 39 senders state an amount; p is wild-cluster
frontier,all; myth_game round 1 (R4),all frontier myth_game runs,GeminiPro,$ sent per $ stated in own round-1 myth,,,,,,,37,not estimable: ceiling,exact match 1.00 of 37
