noise_condition,task_order,n,mean,median,std,min,max
no_noise,game,16,30.3125,28.0,7.646230689038881,25.0,52.0
no_noise,game_myth,48,31.9375,30.0,7.638734215605794,25.0,65.0
no_noise,myth_game,48,36.541666666666664,32.0,11.998191414635048,25.0,71.0
noise,game,30,29.674333333333333,28.0,6.195350774752163,25.0,48.0
noise,game_myth,15,31.241333333333333,30.0,4.649537420241095,25.0,41.61
noise,myth_game,15,31.838,33.0,4.3248216918928195,25.0,38.0
noise_informed,game,27,32.175555555555555,28.779999999999998,6.384201758933173,25.0,52.64999999999999
noise_informed,game_myth,15,34.48466666666666,33.53,5.649926095878501,28.0,49.5
noise_informed,myth_game,15,35.90466666666667,34.0,6.223452275242594,25.0,50.0
