myth_task_order,condition_a,condition_b,median_game_a,median_myth_a,iqr_game_a,iqr_myth_a,delta_a,median_game_b,median_myth_b,iqr_game_b,iqr_myth_b,delta_b,delta_diff
game_myth,no_noise,noise,25.0,30.0,3.0,6.0,5.0,28.0,30.0,5.0,5.0,2.0,3.0
game_myth,no_noise,noise_informed,25.0,30.0,3.0,6.0,5.0,28.779999999999998,33.53,6.0,6.129999999999999,4.7500000000000036,0.24999999999999645
game_myth,noise,noise_informed,28.0,30.0,5.0,5.0,2.0,28.779999999999998,33.53,6.0,6.129999999999999,4.7500000000000036,-2.7500000000000036
myth_game,no_noise,noise,25.0,32.0,3.0,13.0,7.0,28.0,33.0,5.0,7.25,5.0,2.0
myth_game,no_noise,noise_informed,25.0,32.0,3.0,13.0,7.0,28.779999999999998,34.0,6.0,7.015000000000001,5.220000000000002,1.7799999999999976
myth_game,noise,noise_informed,28.0,33.0,5.0,7.25,5.0,28.779999999999998,34.0,6.0,7.015000000000001,5.220000000000002,-0.22000000000000242
