myth_task_order,condition_a,condition_b,median_game_a,median_myth_a,iqr_game_a,iqr_myth_a,delta_a,median_game_b,median_myth_b,iqr_game_b,iqr_myth_b,delta_b,delta_diff
game_myth,no_noise,noise,28.0,30.0,4.25,6.0,2.0,28.0,30.0,5.0,5.0,2.0,0.0
game_myth,no_noise,noise_informed,28.0,30.0,4.25,6.0,2.0,28.779999999999998,33.53,6.0,6.129999999999999,4.7500000000000036,-2.7500000000000036
game_myth,noise,noise_informed,28.0,30.0,5.0,5.0,2.0,28.779999999999998,33.53,6.0,6.129999999999999,4.7500000000000036,-2.7500000000000036
myth_game,no_noise,noise,28.0,32.0,4.25,13.0,4.0,28.0,33.0,5.0,7.25,5.0,-1.0
myth_game,no_noise,noise_informed,28.0,32.0,4.25,13.0,4.0,28.779999999999998,34.0,6.0,7.015000000000001,5.220000000000002,-1.2200000000000024
myth_game,noise,noise_informed,28.0,33.0,5.0,7.25,5.0,28.779999999999998,34.0,6.0,7.015000000000001,5.220000000000002,-0.22000000000000242
