rung,feature,stratum,family,task_order,role,outcome,term,coef,ci_low,ci_high,p,n,n_runs,y_mean,y_sd,y_modal_share,x_mean,x_sd,x_varying_units,p_holm_within_table,p_holm_stratum
R1,cons_judge,all settings,Sonnet,both,investor,coop,own_cons_judge,-0.0132,-0.035,0.0086,0.2351,1398,74,0.7286,0.1821,0.3126,0.7403,0.4386,14,1.0,1.0
R2,cons_judge,all settings,Sonnet,both,investor,coop,own_cons_judge,0.0029,-0.0161,0.0218,0.7665,1176,74,0.7286,0.1821,0.3126,0.7403,0.4386,211,1.0,1.0
R1,cons_lex,all settings,Sonnet,both,investor,coop,own_cons_lex,-0.0431,-0.0687,-0.0176,0.0009,1398,74,0.7286,0.1821,0.3126,0.5093,0.5001,14,0.9691,0.0321
R2,cons_lex,all settings,Sonnet,both,investor,coop,own_cons_lex,-0.0055,-0.0248,0.0138,0.575,1176,74,0.7286,0.1821,0.3126,0.5093,0.5001,257,1.0,1.0
R1,cons_emb_z,all settings,Sonnet,both,investor,coop,own_cons_emb_z,-0.0132,-0.0228,-0.0036,0.0072,1398,74,0.7286,0.1821,0.3126,-0.8714,1.0407,14,1.0,0.2379
R2,cons_emb_z,all settings,Sonnet,both,investor,coop,own_cons_emb_z,-0.0084,-0.0175,0.0008,0.0745,1176,74,0.7286,0.1821,0.3126,-0.8714,1.0407,294,1.0,1.0
R1,cons_judge,all settings,Sonnet,both,trustee,coop,own_cons_judge,0.0039,-0.0074,0.0152,0.4961,1380,74,0.4577,0.0822,0.0964,0.779,0.4151,14,1.0,1.0
R2,cons_judge,all settings,Sonnet,both,trustee,coop,own_cons_judge,0.0027,-0.0104,0.0159,0.6828,1141,74,0.4577,0.0822,0.0964,0.779,0.4151,193,1.0,1.0
R1,cons_lex,all settings,Sonnet,both,trustee,coop,own_cons_lex,-0.0042,-0.0154,0.007,0.4637,1380,74,0.4577,0.0822,0.0964,0.5109,0.5001,14,1.0,1.0
R2,cons_lex,all settings,Sonnet,both,trustee,coop,own_cons_lex,0.002,-0.0074,0.0114,0.6749,1141,74,0.4577,0.0822,0.0964,0.5109,0.5001,256,1.0,1.0
R1,cons_emb_z,all settings,Sonnet,both,trustee,coop,own_cons_emb_z,-0.0041,-0.0097,0.0016,0.1626,1380,74,0.4577,0.0822,0.0964,-0.8273,1.012,14,1.0,1.0
R2,cons_emb_z,all settings,Sonnet,both,trustee,coop,own_cons_emb_z,-0.0022,-0.0068,0.0023,0.3388,1141,74,0.4577,0.0822,0.0964,-0.8273,1.012,294,1.0,1.0
R1,cons_judge,all settings,Sonnet,both,investor,absdelta,own_cons_judge,-0.0436,-0.0617,-0.0256,0.0,1176,74,0.0599,0.1048,0.6539,0.8095,0.3928,13,0.0023,0.0001
R2,cons_judge,all settings,Sonnet,both,investor,absdelta,own_cons_judge,-0.0285,-0.0444,-0.0126,0.0004,1176,74,0.0599,0.1048,0.6539,0.8095,0.3928,147,0.4486,0.0152
R1,cons_lex,all settings,Sonnet,both,investor,absdelta,own_cons_lex,-0.0139,-0.0269,-0.0009,0.0363,1176,74,0.0599,0.1048,0.6539,0.6003,0.49,14,1.0,1.0
R2,cons_lex,all settings,Sonnet,both,investor,absdelta,own_cons_lex,-0.0053,-0.0176,0.007,0.3986,1176,74,0.0599,0.1048,0.6539,0.6003,0.49,224,1.0,1.0
R1,cons_emb_z,all settings,Sonnet,both,investor,absdelta,own_cons_emb_z,-0.0055,-0.0115,0.0004,0.0694,1176,74,0.0599,0.1048,0.6539,-0.6875,0.9811,14,1.0,1.0
R2,cons_emb_z,all settings,Sonnet,both,investor,absdelta,own_cons_emb_z,-0.0081,-0.0163,0.0001,0.0534,1176,74,0.0599,0.1048,0.6539,-0.6875,0.9811,294,1.0,1.0
R1,cons_judge,all settings,Sonnet,both,trustee,absdelta,own_cons_judge,-0.0108,-0.0208,-0.0009,0.0334,1141,74,0.0585,0.0509,0.0806,0.8309,0.375,12,1.0,1.0
R2,cons_judge,all settings,Sonnet,both,trustee,absdelta,own_cons_judge,-0.0055,-0.0156,0.0047,0.2914,1141,74,0.0585,0.0509,0.0806,0.8309,0.375,141,1.0,1.0
R1,cons_lex,all settings,Sonnet,both,trustee,absdelta,own_cons_lex,-0.0011,-0.0089,0.0066,0.7719,1141,74,0.0585,0.0509,0.0806,0.6004,0.49,14,1.0,1.0
R2,cons_lex,all settings,Sonnet,both,trustee,absdelta,own_cons_lex,-0.0032,-0.0117,0.0053,0.4573,1141,74,0.0585,0.0509,0.0806,0.6004,0.49,222,1.0,1.0
R1,cons_emb_z,all settings,Sonnet,both,trustee,absdelta,own_cons_emb_z,-0.0014,-0.0051,0.0022,0.4393,1141,74,0.0585,0.0509,0.0806,-0.637,0.9568,14,1.0,1.0
R2,cons_emb_z,all settings,Sonnet,both,trustee,absdelta,own_cons_emb_z,0.0012,-0.0028,0.0052,0.5456,1141,74,0.0585,0.0509,0.0806,-0.637,0.9568,293,1.0,1.0
R1,cons_judge,all settings,Sonnet,both,investor,zero,own_cons_judge,-0.0037,-0.0097,0.0023,0.229,1398,74,0.0036,0.0597,0.9964,0.7403,0.4386,14,1.0,1.0
R2,cons_judge,all settings,Sonnet,both,investor,zero,own_cons_judge,-0.0072,-0.0184,0.0039,0.2041,1176,74,0.0036,0.0597,0.9964,0.7403,0.4386,211,1.0,1.0
R1,cons_lex,all settings,Sonnet,both,investor,zero,own_cons_lex,0.0,-0.0025,0.0025,0.9932,1398,74,0.0036,0.0597,0.9964,0.5093,0.5001,14,1.0,1.0
R2,cons_lex,all settings,Sonnet,both,investor,zero,own_cons_lex,-0.0038,-0.0098,0.0022,0.2125,1176,74,0.0036,0.0597,0.9964,0.5093,0.5001,257,1.0,1.0
R1,cons_emb_z,all settings,Sonnet,both,investor,zero,own_cons_emb_z,-0.0004,-0.0054,0.0045,0.8617,1398,74,0.0036,0.0597,0.9964,-0.8714,1.0407,14,1.0,1.0
R2,cons_emb_z,all settings,Sonnet,both,investor,zero,own_cons_emb_z,0.0014,-0.0043,0.0072,0.6224,1176,74,0.0036,0.0597,0.9964,-0.8714,1.0407,294,1.0,1.0
R1,cons_judge,all settings,Sonnet,both,investor,cut_after_letdown,own_cons_judge,-0.0333,-0.2469,0.1804,0.7603,94,39,0.2128,0.4115,0.7872,0.617,0.4887,9,1.0,1.0
R2,cons_judge,all settings,Sonnet,both,investor,cut_after_letdown,own_cons_judge,-0.3204,-0.6408,0.0,0.05,94,39,0.2128,0.4115,0.7872,0.617,0.4887,7,1.0,1.0
R1,cons_lex,all settings,Sonnet,both,investor,cut_after_letdown,own_cons_lex,-0.0189,-0.2023,0.1645,0.8398,94,39,0.2128,0.4115,0.7872,0.4787,0.5022,9,1.0,1.0
R2,cons_lex,all settings,Sonnet,both,investor,cut_after_letdown,own_cons_lex,-0.2413,-0.5792,0.0967,0.1617,94,39,0.2128,0.4115,0.7872,0.4787,0.5022,8,1.0,1.0
R1,cons_emb_z,all settings,Sonnet,both,investor,cut_after_letdown,own_cons_emb_z,0.0578,-0.0494,0.1651,0.2907,94,39,0.2128,0.4115,0.7872,-1.2174,0.8797,10,1.0,1.0
R2,cons_emb_z,all settings,Sonnet,both,investor,cut_after_letdown,own_cons_emb_z,-0.076,-0.3724,0.2204,0.6153,94,39,0.2128,0.4115,0.7872,-1.2174,0.8797,16,1.0,1.0
R1,cons_judge,all settings,GPT,both,investor,coop,own_cons_judge,-0.0212,-0.0623,0.0199,0.3125,1716,104,0.6454,0.4087,0.4854,0.6946,0.4607,20,1.0,1.0
R2,cons_judge,all settings,GPT,both,investor,coop,own_cons_judge,-0.0231,-0.0775,0.0313,0.4052,1444,104,0.6454,0.4087,0.4854,0.6946,0.4607,291,1.0,1.0
R1,cons_lex,all settings,GPT,both,investor,coop,own_cons_lex,-0.0081,-0.0482,0.0321,0.6937,1728,104,0.6453,0.4091,0.4861,0.2002,0.4003,20,1.0,1.0
R2,cons_lex,all settings,GPT,both,investor,coop,own_cons_lex,-0.0137,-0.0607,0.0332,0.5662,1455,104,0.6453,0.4091,0.4861,0.2002,0.4003,222,1.0,1.0
R1,cons_emb_z,all settings,GPT,both,investor,coop,own_cons_emb_z,0.0068,-0.0326,0.0462,0.7343,1728,104,0.6453,0.4091,0.4861,-2.0647,0.6316,20,1.0,1.0
R2,cons_emb_z,all settings,GPT,both,investor,coop,own_cons_emb_z,-0.0011,-0.0374,0.0351,0.9518,1455,104,0.6453,0.4091,0.4861,-2.0647,0.6316,364,1.0,1.0
R1,cons_judge,all settings,GPT,both,trustee,coop,own_cons_judge,-0.0106,-0.0216,0.0003,0.0571,1365,104,0.3855,0.1055,0.0212,0.6974,0.4595,20,1.0,1.0
R2,cons_judge,all settings,GPT,both,trustee,coop,own_cons_judge,-0.0134,-0.0273,0.0006,0.0615,974,104,0.3855,0.1055,0.0212,0.6974,0.4595,231,1.0,1.0
R1,cons_lex,all settings,GPT,both,trustee,coop,own_cons_lex,-0.0112,-0.0253,0.0029,0.1187,1372,104,0.3853,0.1058,0.0211,0.1917,0.3938,20,1.0,1.0
R2,cons_lex,all settings,GPT,both,trustee,coop,own_cons_lex,-0.0027,-0.0167,0.0113,0.7074,981,104,0.3853,0.1058,0.0211,0.1917,0.3938,162,1.0,1.0
R1,cons_emb_z,all settings,GPT,both,trustee,coop,own_cons_emb_z,-0.0021,-0.0111,0.0068,0.6399,1372,104,0.3853,0.1058,0.0211,-2.0257,0.6525,20,1.0,1.0
R2,cons_emb_z,all settings,GPT,both,trustee,coop,own_cons_emb_z,0.0041,-0.0056,0.0137,0.4081,981,104,0.3853,0.1058,0.0211,-2.0257,0.6525,329,1.0,1.0
R1,cons_judge,all settings,GPT,both,investor,absdelta,own_cons_judge,-0.0187,-0.0644,0.0269,0.4211,1444,104,0.2845,0.3671,0.5,0.7493,0.4336,20,1.0,1.0
R2,cons_judge,all settings,GPT,both,investor,absdelta,own_cons_judge,0.0156,-0.0299,0.0611,0.5012,1444,104,0.2845,0.3671,0.5,0.7493,0.4336,236,1.0,1.0
R1,cons_lex,all settings,GPT,both,investor,absdelta,own_cons_lex,0.0137,-0.0266,0.054,0.5052,1455,104,0.2847,0.3672,0.5003,0.2227,0.4162,20,1.0,1.0
R2,cons_lex,all settings,GPT,both,investor,absdelta,own_cons_lex,0.0099,-0.0358,0.0555,0.6723,1455,104,0.2847,0.3672,0.5003,0.2227,0.4162,212,1.0,1.0
R1,cons_emb_z,all settings,GPT,both,investor,absdelta,own_cons_emb_z,0.0068,-0.0207,0.0343,0.6285,1455,104,0.2847,0.3672,0.5003,-2.0562,0.641,20,1.0,1.0
R2,cons_emb_z,all settings,GPT,both,investor,absdelta,own_cons_emb_z,-0.0048,-0.0373,0.0277,0.773,1455,104,0.2847,0.3672,0.5003,-2.0562,0.641,364,1.0,1.0
R1,cons_judge,all settings,GPT,both,trustee,absdelta,own_cons_judge,0.0054,-0.0089,0.0197,0.4601,974,104,0.0776,0.0868,0.0308,0.7669,0.423,20,1.0,1.0
R2,cons_judge,all settings,GPT,both,trustee,absdelta,own_cons_judge,0.0043,-0.0113,0.02,0.5864,974,104,0.0776,0.0868,0.0308,0.7669,0.423,138,1.0,1.0
R1,cons_lex,all settings,GPT,both,trustee,absdelta,own_cons_lex,0.0104,-0.004,0.0247,0.1584,981,104,0.0777,0.0868,0.0306,0.2273,0.4193,20,1.0,1.0
R2,cons_lex,all settings,GPT,both,trustee,absdelta,own_cons_lex,0.0049,-0.0094,0.0192,0.503,981,104,0.0777,0.0868,0.0306,0.2273,0.4193,137,1.0,1.0
R1,cons_emb_z,all settings,GPT,both,trustee,absdelta,own_cons_emb_z,-0.0027,-0.01,0.0046,0.4751,981,104,0.0777,0.0868,0.0306,-2.0047,0.6688,20,1.0,1.0
R2,cons_emb_z,all settings,GPT,both,trustee,absdelta,own_cons_emb_z,-0.0096,-0.0189,-0.0003,0.0424,981,104,0.0777,0.0868,0.0306,-2.0047,0.6688,278,1.0,1.0
R1,cons_judge,all settings,GPT,both,investor,zero,own_cons_judge,0.0241,-0.0154,0.0635,0.2314,1716,104,0.2232,0.4165,0.7768,0.6946,0.4607,20,1.0,1.0
R2,cons_judge,all settings,GPT,both,investor,zero,own_cons_judge,0.034,-0.0183,0.0864,0.2024,1444,104,0.2232,0.4165,0.7768,0.6946,0.4607,291,1.0,1.0
R1,cons_lex,all settings,GPT,both,investor,zero,own_cons_lex,-0.0101,-0.0519,0.0318,0.6371,1728,104,0.2234,0.4166,0.7766,0.2002,0.4003,20,1.0,1.0
R2,cons_lex,all settings,GPT,both,investor,zero,own_cons_lex,-0.0049,-0.0585,0.0487,0.8584,1455,104,0.2234,0.4166,0.7766,0.2002,0.4003,222,1.0,1.0
R1,cons_emb_z,all settings,GPT,both,investor,zero,own_cons_emb_z,-0.0088,-0.0489,0.0313,0.6685,1728,104,0.2234,0.4166,0.7766,-2.0647,0.6316,20,1.0,1.0
R2,cons_emb_z,all settings,GPT,both,investor,zero,own_cons_emb_z,-0.0094,-0.05,0.0311,0.6482,1455,104,0.2234,0.4166,0.7766,-2.0647,0.6316,364,1.0,1.0
R1,cons_judge,all settings,GPT,both,investor,cut_after_letdown,own_cons_judge,-0.0625,-0.2256,0.1007,0.453,299,63,0.3612,0.4812,0.6388,0.7425,0.438,13,1.0,1.0
R2,cons_judge,all settings,GPT,both,investor,cut_after_letdown,own_cons_judge,-0.1227,-0.4195,0.174,0.4176,299,63,0.3612,0.4812,0.6388,0.7425,0.438,36,1.0,1.0
R1,cons_lex,all settings,GPT,both,investor,cut_after_letdown,own_cons_lex,-0.0127,-0.136,0.1107,0.8407,303,63,0.363,0.4817,0.637,0.2343,0.4243,14,1.0,1.0
R2,cons_lex,all settings,GPT,both,investor,cut_after_letdown,own_cons_lex,-0.2676,-0.4607,-0.0745,0.0066,303,63,0.363,0.4817,0.637,0.2343,0.4243,29,1.0,0.2377
R1,cons_emb_z,all settings,GPT,both,investor,cut_after_letdown,own_cons_emb_z,-0.0421,-0.1563,0.072,0.4694,303,63,0.363,0.4817,0.637,-2.0221,0.6126,17,1.0,1.0
R2,cons_emb_z,all settings,GPT,both,investor,cut_after_letdown,own_cons_emb_z,-0.1367,-0.3217,0.0484,0.1478,303,63,0.363,0.4817,0.637,-2.0221,0.6126,82,1.0,1.0
R1,cons_judge,all settings,Gemini,both,trustee,coop,own_cons_judge,-0.0067,-0.0181,0.0046,0.2444,901,74,0.4475,0.0405,0.0355,0.9168,0.2764,11,1.0,1.0
R2,cons_judge,all settings,Gemini,both,trustee,coop,own_cons_judge,0.0024,-0.0083,0.0131,0.6576,739,74,0.4475,0.0405,0.0355,0.9168,0.2764,59,1.0,1.0
R1,cons_lex,all settings,Gemini,both,trustee,coop,own_cons_lex,0.0012,-0.0053,0.0077,0.7197,901,74,0.4475,0.0405,0.0355,0.1887,0.3915,14,1.0,1.0
R2,cons_lex,all settings,Gemini,both,trustee,coop,own_cons_lex,0.0019,-0.0045,0.0084,0.552,739,74,0.4475,0.0405,0.0355,0.1887,0.3915,120,1.0,1.0
R1,cons_emb_z,all settings,Gemini,both,trustee,coop,own_cons_emb_z,0.0028,-0.0009,0.0065,0.139,901,74,0.4475,0.0405,0.0355,-0.8421,0.6822,14,1.0,1.0
R2,cons_emb_z,all settings,Gemini,both,trustee,coop,own_cons_emb_z,0.0066,0.0028,0.0105,0.0006,739,74,0.4475,0.0405,0.0355,-0.8421,0.6822,194,0.6289,0.0073
R1,cons_judge,all settings,Gemini,both,trustee,absdelta,own_cons_judge,-0.0135,-0.0322,0.0052,0.1561,739,74,0.0394,0.0381,0.0271,0.9594,0.1975,9,1.0,1.0
R2,cons_judge,all settings,Gemini,both,trustee,absdelta,own_cons_judge,-0.0112,-0.0229,0.0005,0.0615,739,74,0.0394,0.0381,0.0271,0.9594,0.1975,26,1.0,0.6147
R1,cons_lex,all settings,Gemini,both,trustee,absdelta,own_cons_lex,0.0038,-0.0062,0.0138,0.4568,739,74,0.0394,0.0381,0.0271,0.1962,0.3974,14,1.0,1.0
R2,cons_lex,all settings,Gemini,both,trustee,absdelta,own_cons_lex,0.0028,-0.0057,0.0113,0.5186,739,74,0.0394,0.0381,0.0271,0.1962,0.3974,106,1.0,1.0
R1,cons_emb_z,all settings,Gemini,both,trustee,absdelta,own_cons_emb_z,-0.0051,-0.0099,-0.0002,0.0401,739,74,0.0394,0.0381,0.0271,-0.7143,0.6271,14,1.0,0.4414
R2,cons_emb_z,all settings,Gemini,both,trustee,absdelta,own_cons_emb_z,-0.0016,-0.0062,0.003,0.4908,739,74,0.0394,0.0381,0.0271,-0.7143,0.6271,193,1.0,1.0
R1,cons_judge,all settings,all,both,investor,coop,own_cons_judge,0.0053,-0.0213,0.0318,0.6979,4034,156,0.7544,0.3193,0.4968,0.7675,0.4225,29,1.0,1.0
R2,cons_judge,all settings,all,both,investor,coop,own_cons_judge,-0.0063,-0.0398,0.0273,0.7142,3396,156,0.7544,0.3193,0.4968,0.7675,0.4225,542,1.0,1.0
R1,cons_lex,all settings,all,both,investor,coop,own_cons_lex,-0.0202,-0.0415,0.0011,0.063,4046,156,0.754,0.3199,0.497,0.305,0.4605,30,1.0,1.0
R2,cons_lex,all settings,all,both,investor,coop,own_cons_lex,-0.0082,-0.0312,0.0148,0.4848,3407,156,0.754,0.3199,0.497,0.305,0.4605,592,1.0,1.0
R1,cons_emb_z,all settings,all,both,investor,coop,own_cons_emb_z,-0.0007,-0.0146,0.0132,0.923,4046,156,0.754,0.3199,0.497,-1.3743,1.0,30,1.0,1.0
R2,cons_emb_z,all settings,all,both,investor,coop,own_cons_emb_z,-0.0127,-0.0263,0.0008,0.0657,3407,156,0.754,0.3199,0.497,-1.3743,1.0,852,1.0,1.0
R1,cons_judge,all settings,all,both,trustee,coop,own_cons_judge,-0.0031,-0.0102,0.0041,0.4008,3646,156,0.4282,0.0907,0.0474,0.7825,0.4126,29,1.0,1.0
R2,cons_judge,all settings,all,both,trustee,coop,own_cons_judge,-0.0046,-0.0135,0.0042,0.3078,2854,156,0.4282,0.0907,0.0474,0.7825,0.4126,483,1.0,1.0
R1,cons_lex,all settings,all,both,trustee,coop,own_cons_lex,-0.0019,-0.0082,0.0044,0.5482,3653,156,0.428,0.0909,0.0474,0.3115,0.4632,30,1.0,1.0
R2,cons_lex,all settings,all,both,trustee,coop,own_cons_lex,0.0003,-0.0055,0.0061,0.9252,2861,156,0.428,0.0909,0.0474,0.3115,0.4632,538,1.0,1.0
R1,cons_emb_z,all settings,all,both,trustee,coop,own_cons_emb_z,0.0025,-0.0014,0.0064,0.2076,3653,156,0.428,0.0909,0.0474,-1.2811,0.9975,30,1.0,1.0
R2,cons_emb_z,all settings,all,both,trustee,coop,own_cons_emb_z,0.0006,-0.0027,0.004,0.7209,2861,156,0.428,0.0909,0.0474,-1.2811,0.9975,817,1.0,1.0
R1,cons_judge,all settings,all,both,investor,absdelta,own_cons_judge,-0.0486,-0.0797,-0.0176,0.0022,3396,156,0.1435,0.2791,0.6658,0.821,0.3834,27,1.0,0.0713
R2,cons_judge,all settings,all,both,investor,absdelta,own_cons_judge,-0.0038,-0.0321,0.0245,0.794,3396,156,0.1435,0.2791,0.6658,0.821,0.3834,401,1.0,1.0
R1,cons_lex,all settings,all,both,investor,absdelta,own_cons_lex,-0.0165,-0.0344,0.0013,0.0695,3407,156,0.144,0.2797,0.6654,0.3502,0.4771,30,1.0,1.0
R2,cons_lex,all settings,all,both,investor,absdelta,own_cons_lex,-0.0023,-0.0206,0.0161,0.8075,3407,156,0.144,0.2797,0.6654,0.3502,0.4771,542,1.0,1.0
R1,cons_emb_z,all settings,all,both,investor,absdelta,own_cons_emb_z,-0.0326,-0.0443,-0.0209,0.0,3407,156,0.144,0.2797,0.6654,-1.2844,1.0197,30,0.0001,0.0
R2,cons_emb_z,all settings,all,both,investor,absdelta,own_cons_emb_z,-0.0057,-0.0182,0.0068,0.3723,3407,156,0.144,0.2797,0.6654,-1.2844,1.0197,852,1.0,1.0
R1,cons_judge,all settings,all,both,trustee,absdelta,own_cons_judge,-0.0044,-0.0122,0.0035,0.2771,2854,156,0.0601,0.0648,0.0498,0.8423,0.3645,26,1.0,1.0
R2,cons_judge,all settings,all,both,trustee,absdelta,own_cons_judge,-0.0001,-0.0088,0.0085,0.9779,2854,156,0.0601,0.0648,0.0498,0.8423,0.3645,305,1.0,1.0
R1,cons_lex,all settings,all,both,trustee,absdelta,own_cons_lex,0.0023,-0.0036,0.0083,0.4425,2861,156,0.0602,0.0649,0.0496,0.3681,0.4824,30,1.0,1.0
R2,cons_lex,all settings,all,both,trustee,absdelta,own_cons_lex,0.0029,-0.0034,0.0092,0.3702,2861,156,0.0602,0.0649,0.0496,0.3681,0.4824,465,1.0,1.0
R1,cons_emb_z,all settings,all,both,trustee,absdelta,own_cons_emb_z,-0.0051,-0.0081,-0.0021,0.0008,2861,156,0.0602,0.0649,0.0496,-1.1259,1.0118,30,0.8603,0.0293
R2,cons_emb_z,all settings,all,both,trustee,absdelta,own_cons_emb_z,-0.0015,-0.0048,0.0018,0.3616,2861,156,0.0602,0.0649,0.0496,-1.1259,1.0118,764,1.0,1.0
R1,cons_judge,all settings,all,both,investor,zero,own_cons_judge,0.0067,-0.0156,0.0291,0.5542,4034,156,0.0969,0.2959,0.9031,0.7675,0.4225,29,1.0,1.0
R2,cons_judge,all settings,all,both,investor,zero,own_cons_judge,0.0138,-0.0176,0.0453,0.3881,3396,156,0.0969,0.2959,0.9031,0.7675,0.4225,542,1.0,1.0
R1,cons_lex,all settings,all,both,investor,zero,own_cons_lex,-0.0106,-0.0285,0.0074,0.2481,4046,156,0.0974,0.2965,0.9026,0.305,0.4605,30,1.0,1.0
R2,cons_lex,all settings,all,both,investor,zero,own_cons_lex,-0.0042,-0.0281,0.0196,0.7268,3407,156,0.0974,0.2965,0.9026,0.305,0.4605,592,1.0,1.0
R1,cons_emb_z,all settings,all,both,investor,zero,own_cons_emb_z,-0.0163,-0.0306,-0.002,0.0252,4046,156,0.0974,0.2965,0.9026,-1.3743,1.0,30,1.0,0.781
R2,cons_emb_z,all settings,all,both,investor,zero,own_cons_emb_z,0.0006,-0.0153,0.0165,0.9383,3407,156,0.0974,0.2965,0.9026,-1.3743,1.0,852,1.0,1.0
R1,cons_judge,all settings,all,both,investor,cut_after_letdown,own_cons_judge,-0.0952,-0.2254,0.0349,0.1516,445,96,0.2921,0.4553,0.7079,0.7326,0.4431,19,1.0,1.0
R2,cons_judge,all settings,all,both,investor,cut_after_letdown,own_cons_judge,-0.1809,-0.4235,0.0617,0.1439,445,96,0.2921,0.4553,0.7079,0.7326,0.4431,44,1.0,1.0
R1,cons_lex,all settings,all,both,investor,cut_after_letdown,own_cons_lex,-0.0265,-0.1226,0.0696,0.5892,449,96,0.294,0.4561,0.706,0.2806,0.4498,20,1.0,1.0
R2,cons_lex,all settings,all,both,investor,cut_after_letdown,own_cons_lex,-0.2496,-0.4001,-0.099,0.0012,449,96,0.294,0.4561,0.706,0.2806,0.4498,41,1.0,0.0394
R1,cons_emb_z,all settings,all,both,investor,cut_after_letdown,own_cons_emb_z,-0.0534,-0.1211,0.0143,0.1219,449,96,0.294,0.4561,0.706,-1.7573,0.7714,22,1.0,1.0
R2,cons_emb_z,all settings,all,both,investor,cut_after_letdown,own_cons_emb_z,-0.1481,-0.2683,-0.0279,0.0158,449,96,0.294,0.4561,0.706,-1.7573,0.7714,107,1.0,0.504
R1,cons_judge,2-agent homogeneous,GPT,both,investor,coop,own_cons_judge,0.0078,-0.2052,0.2208,0.9428,94,10,0.6632,0.3034,0.3191,0.617,0.4887,2,1.0,1.0
R2,cons_judge,2-agent homogeneous,GPT,both,investor,coop,own_cons_judge,0.1346,0.0285,0.2407,0.0129,79,10,0.6632,0.3034,0.3191,0.617,0.4887,19,1.0,0.413
R1,cons_lex,2-agent homogeneous,GPT,both,investor,coop,own_cons_lex,-0.0906,-0.2824,0.1012,0.3547,95,10,0.6667,0.3038,0.3263,0.2526,0.4368,2,1.0,1.0
R2,cons_lex,2-agent homogeneous,GPT,both,investor,coop,own_cons_lex,0.0243,-0.052,0.1006,0.5321,80,10,0.6667,0.3038,0.3263,0.2526,0.4368,14,1.0,1.0
R1,cons_emb_z,2-agent homogeneous,GPT,both,investor,coop,own_cons_emb_z,0.1015,-0.1247,0.3278,0.3791,95,10,0.6667,0.3038,0.3263,-2.0648,0.4623,2,1.0,1.0
R2,cons_emb_z,2-agent homogeneous,GPT,both,investor,coop,own_cons_emb_z,0.0385,-0.0535,0.1305,0.4122,80,10,0.6667,0.3038,0.3263,-2.0648,0.4623,20,1.0,1.0
R1,cons_judge,2-agent homogeneous,GPT,both,trustee,coop,own_cons_judge,-0.0302,-0.0971,0.0367,0.3756,90,10,0.3206,0.1043,0.0333,0.7222,0.4504,2,1.0,1.0
R2,cons_judge,2-agent homogeneous,GPT,both,trustee,coop,own_cons_judge,-0.0137,-0.0592,0.0318,0.5546,70,10,0.3206,0.1043,0.0333,0.7222,0.4504,15,1.0,1.0
R1,cons_lex,2-agent homogeneous,GPT,both,trustee,coop,own_cons_lex,-0.0257,-0.0681,0.0168,0.2365,90,10,0.3206,0.1043,0.0333,0.1333,0.3418,2,1.0,1.0
R2,cons_lex,2-agent homogeneous,GPT,both,trustee,coop,own_cons_lex,0.0204,-0.0188,0.0596,0.3076,70,10,0.3206,0.1043,0.0333,0.1333,0.3418,9,1.0,1.0
R1,cons_emb_z,2-agent homogeneous,GPT,both,trustee,coop,own_cons_emb_z,0.0203,-0.0195,0.06,0.3172,90,10,0.3206,0.1043,0.0333,-1.9444,0.5531,2,1.0,1.0
R2,cons_emb_z,2-agent homogeneous,GPT,both,trustee,coop,own_cons_emb_z,-0.0138,-0.0553,0.0278,0.5165,70,10,0.3206,0.1043,0.0333,-1.9444,0.5531,20,1.0,1.0
R1,cons_judge,2-agent homogeneous,GPT,both,investor,absdelta,own_cons_judge,-0.0716,-0.1899,0.0467,0.2357,79,10,0.1689,0.2447,0.4937,0.6582,0.4773,2,1.0,1.0
R2,cons_judge,2-agent homogeneous,GPT,both,investor,absdelta,own_cons_judge,-0.0219,-0.0894,0.0456,0.5244,79,10,0.1689,0.2447,0.4937,0.6582,0.4773,18,1.0,1.0
R1,cons_lex,2-agent homogeneous,GPT,both,investor,absdelta,own_cons_lex,-0.0703,-0.1648,0.0242,0.1448,80,10,0.1668,0.2439,0.5,0.3,0.4611,2,1.0,1.0
R2,cons_lex,2-agent homogeneous,GPT,both,investor,absdelta,own_cons_lex,-0.048,-0.1071,0.0111,0.1113,80,10,0.1668,0.2439,0.5,0.3,0.4611,13,1.0,1.0
R1,cons_emb_z,2-agent homogeneous,GPT,both,investor,absdelta,own_cons_emb_z,-0.0255,-0.124,0.073,0.6117,80,10,0.1668,0.2439,0.5,-2.0888,0.4592,2,1.0,1.0
R2,cons_emb_z,2-agent homogeneous,GPT,both,investor,absdelta,own_cons_emb_z,-0.0788,-0.1436,-0.0139,0.0172,80,10,0.1668,0.2439,0.5,-2.0888,0.4592,20,1.0,0.5345
R1,cons_judge,2-agent homogeneous,GPT,both,trustee,absdelta,own_cons_judge,-0.0421,-0.1008,0.0165,0.1587,70,10,0.0598,0.0757,0.0571,0.7857,0.4133,2,1.0,1.0
R2,cons_judge,2-agent homogeneous,GPT,both,trustee,absdelta,own_cons_judge,-0.0281,-0.0631,0.0068,0.1148,70,10,0.0598,0.0757,0.0571,0.7857,0.4133,11,1.0,1.0
R1,cons_lex,2-agent homogeneous,GPT,both,trustee,absdelta,own_cons_lex,0.0211,-0.0021,0.0442,0.0746,70,10,0.0598,0.0757,0.0571,0.1571,0.3666,2,1.0,1.0
R2,cons_lex,2-agent homogeneous,GPT,both,trustee,absdelta,own_cons_lex,0.037,0.0093,0.0647,0.0089,70,10,0.0598,0.0757,0.0571,0.1571,0.3666,8,1.0,0.2952
R1,cons_emb_z,2-agent homogeneous,GPT,both,trustee,absdelta,own_cons_emb_z,-0.0122,-0.04,0.0155,0.388,70,10,0.0598,0.0757,0.0571,-1.9042,0.5129,2,1.0,1.0
R2,cons_emb_z,2-agent homogeneous,GPT,both,trustee,absdelta,own_cons_emb_z,0.0067,-0.018,0.0315,0.5937,70,10,0.0598,0.0757,0.0571,-1.9042,0.5129,20,1.0,1.0
R1,cons_judge,2-agent homogeneous,GPT,both,investor,zero,own_cons_judge,-0.0375,-0.2201,0.1451,0.6875,94,10,0.0532,0.2256,0.9468,0.617,0.4887,2,1.0,1.0
R2,cons_judge,2-agent homogeneous,GPT,both,investor,zero,own_cons_judge,-0.0665,-0.1896,0.0565,0.2891,79,10,0.0532,0.2256,0.9468,0.617,0.4887,19,1.0,1.0
R1,cons_lex,2-agent homogeneous,GPT,both,investor,zero,own_cons_lex,-0.0367,-0.1084,0.035,0.3163,95,10,0.0526,0.2245,0.9474,0.2526,0.4368,2,1.0,1.0
R2,cons_lex,2-agent homogeneous,GPT,both,investor,zero,own_cons_lex,-0.0011,-0.0326,0.0304,0.9478,80,10,0.0526,0.2245,0.9474,0.2526,0.4368,14,1.0,1.0
R1,cons_emb_z,2-agent homogeneous,GPT,both,investor,zero,own_cons_emb_z,-0.0191,-0.0953,0.0571,0.6237,95,10,0.0526,0.2245,0.9474,-2.0648,0.4623,2,1.0,1.0
R2,cons_emb_z,2-agent homogeneous,GPT,both,investor,zero,own_cons_emb_z,-0.0017,-0.0335,0.03,0.9143,80,10,0.0526,0.2245,0.9474,-2.0648,0.4623,20,1.0,1.0
R1,cons_judge,2-agent homogeneous,GPT,both,investor,cut_after_letdown,own_cons_judge,-0.3747,-0.7678,0.0183,0.0617,44,9,0.2045,0.408,0.7955,0.6591,0.4795,2,1.0,1.0
R2,cons_judge,2-agent homogeneous,GPT,both,investor,cut_after_letdown,own_cons_judge,-0.3599,-0.8908,0.171,0.1839,44,9,0.2045,0.408,0.7955,0.6591,0.4795,8,1.0,1.0
R1,cons_lex,2-agent homogeneous,GPT,both,investor,cut_after_letdown,own_cons_lex,-0.2288,-0.5157,0.0581,0.1181,45,9,0.2,0.4045,0.8,0.3778,0.4903,2,1.0,1.0
R2,cons_lex,2-agent homogeneous,GPT,both,investor,cut_after_letdown,own_cons_lex,-0.4008,-0.6091,-0.1925,0.0002,45,9,0.2,0.4045,0.8,0.3778,0.4903,8,0.1684,0.0058
R1,cons_emb_z,2-agent homogeneous,GPT,both,investor,cut_after_letdown,own_cons_emb_z,-0.4222,-0.7146,-0.1298,0.0046,45,9,0.2,0.4045,0.8,-2.0702,0.4625,2,1.0,0.1581
R2,cons_emb_z,2-agent homogeneous,GPT,both,investor,cut_after_letdown,own_cons_emb_z,-0.5168,-0.814,-0.2195,0.0007,45,9,0.2,0.4045,0.8,-2.0702,0.4625,12,0.6759,0.0229
R1,cons_judge,2-agent homogeneous,GPT,game_myth,investor,coop,own_cons_judge,-0.14,-0.4247,0.1447,0.3352,44,5,0.6295,0.2962,0.2955,0.5909,0.4974,1,1.0,1.0
R2,cons_judge,2-agent homogeneous,GPT,game_myth,investor,coop,own_cons_judge,0.0821,-0.0689,0.2332,0.2865,39,5,0.6295,0.2962,0.2955,0.5909,0.4974,10,1.0,1.0
R1,cons_lex,2-agent homogeneous,GPT,game_myth,investor,coop,own_cons_lex,-0.1079,-0.2691,0.0533,0.1896,45,5,0.6378,0.2979,0.3111,0.2889,0.4584,1,1.0,1.0
R2,cons_lex,2-agent homogeneous,GPT,game_myth,investor,coop,own_cons_lex,-0.007,-0.1071,0.0931,0.8915,40,5,0.6378,0.2979,0.3111,0.2889,0.4584,9,1.0,1.0
R1,cons_emb_z,2-agent homogeneous,GPT,game_myth,investor,coop,own_cons_emb_z,0.1205,-0.2186,0.4596,0.486,45,5,0.6378,0.2979,0.3111,-2.2035,0.5041,1,1.0,1.0
R2,cons_emb_z,2-agent homogeneous,GPT,game_myth,investor,coop,own_cons_emb_z,0.06,0.0197,0.1004,0.0035,40,5,0.6378,0.2979,0.3111,-2.2035,0.5041,10,1.0,0.1125
R1,cons_judge,2-agent homogeneous,GPT,game_myth,trustee,coop,own_cons_judge,-0.0696,-0.1873,0.0482,0.2467,44,5,0.306,0.1133,0.0682,0.7273,0.4505,1,1.0,1.0
R2,cons_judge,2-agent homogeneous,GPT,game_myth,trustee,coop,own_cons_judge,-0.0523,-0.1163,0.0117,0.1092,34,5,0.306,0.1133,0.0682,0.7273,0.4505,6,1.0,1.0
R1,cons_lex,2-agent homogeneous,GPT,game_myth,trustee,coop,own_cons_lex,-0.0783,-0.1627,0.0061,0.0689,44,5,0.306,0.1133,0.0682,0.1136,0.321,1,1.0,1.0
R2,cons_lex,2-agent homogeneous,GPT,game_myth,trustee,coop,own_cons_lex,0.0513,-0.0038,0.1064,0.0682,34,5,0.306,0.1133,0.0682,0.1136,0.321,3,1.0,1.0
R1,cons_emb_z,2-agent homogeneous,GPT,game_myth,trustee,coop,own_cons_emb_z,0.0235,-0.0296,0.0765,0.3859,44,5,0.306,0.1133,0.0682,-1.9582,0.5683,1,1.0,1.0
R2,cons_emb_z,2-agent homogeneous,GPT,game_myth,trustee,coop,own_cons_emb_z,-0.0313,-0.0722,0.0096,0.1341,34,5,0.306,0.1133,0.0682,-1.9582,0.5683,10,1.0,1.0
R1,cons_judge,2-agent homogeneous,GPT,game_myth,investor,absdelta,own_cons_judge,-0.0444,-0.1647,0.0758,0.4687,39,5,0.2179,0.2674,0.3846,0.641,0.486,1,1.0,1.0
R2,cons_judge,2-agent homogeneous,GPT,game_myth,investor,absdelta,own_cons_judge,-0.0877,-0.1585,-0.0168,0.0153,39,5,0.2179,0.2674,0.3846,0.641,0.486,10,1.0,0.4442
R1,cons_lex,2-agent homogeneous,GPT,game_myth,investor,absdelta,own_cons_lex,0.0079,-0.0792,0.095,0.859,40,5,0.2125,0.2662,0.4,0.325,0.4743,1,1.0,1.0
R2,cons_lex,2-agent homogeneous,GPT,game_myth,investor,absdelta,own_cons_lex,-0.0803,-0.136,-0.0246,0.0047,40,5,0.2125,0.2662,0.4,0.325,0.4743,9,1.0,0.1458
R1,cons_emb_z,2-agent homogeneous,GPT,game_myth,investor,absdelta,own_cons_emb_z,0.0202,-0.0587,0.0991,0.6156,40,5,0.2125,0.2662,0.4,-2.2061,0.512,1,1.0,1.0
R2,cons_emb_z,2-agent homogeneous,GPT,game_myth,investor,absdelta,own_cons_emb_z,-0.0551,-0.1783,0.068,0.3801,40,5,0.2125,0.2662,0.4,-2.2061,0.512,10,1.0,1.0
R1,cons_judge,2-agent homogeneous,GPT,game_myth,trustee,absdelta,own_cons_judge,0.0003,-0.0628,0.0633,0.9937,34,5,0.0581,0.0722,0.0882,0.7941,0.4104,1,1.0,1.0
R2,cons_judge,2-agent homogeneous,GPT,game_myth,trustee,absdelta,own_cons_judge,-0.0515,-0.0951,-0.0079,0.0205,34,5,0.0581,0.0722,0.0882,0.7941,0.4104,4,1.0,0.5746
R1,cons_lex,2-agent homogeneous,GPT,game_myth,trustee,absdelta,own_cons_lex,0.0522,0.0176,0.0867,0.0031,34,5,0.0581,0.0722,0.0882,0.1471,0.3595,1,1.0,0.1018
R2,cons_lex,2-agent homogeneous,GPT,game_myth,trustee,absdelta,own_cons_lex,0.0367,-0.0107,0.0841,0.1291,34,5,0.0581,0.0722,0.0882,0.1471,0.3595,3,1.0,1.0
R1,cons_emb_z,2-agent homogeneous,GPT,game_myth,trustee,absdelta,own_cons_emb_z,-0.0053,-0.0341,0.0236,0.7211,34,5,0.0581,0.0722,0.0882,-1.916,0.5524,1,1.0,1.0
R2,cons_emb_z,2-agent homogeneous,GPT,game_myth,trustee,absdelta,own_cons_emb_z,0.0122,-0.0559,0.0803,0.7262,34,5,0.0581,0.0722,0.0882,-1.916,0.5524,10,1.0,1.0
R1,cons_judge,2-agent homogeneous,GPT,game_myth,investor,zero,own_cons_judge,0.1,-0.0495,0.2495,0.1898,44,5,0.0227,0.1508,0.9773,0.5909,0.4974,1,1.0,1.0
R2,cons_judge,2-agent homogeneous,GPT,game_myth,investor,zero,own_cons_judge,0.0,0.0,0.0,,39,5,0.0227,0.1508,0.9773,0.5909,0.4974,10,1.0,1.0
R1,cons_lex,2-agent homogeneous,GPT,game_myth,investor,zero,own_cons_lex,-0.0,,,,45,5,0.0222,0.1491,0.9778,0.2889,0.4584,1,1.0,1.0
R2,cons_lex,2-agent homogeneous,GPT,game_myth,investor,zero,own_cons_lex,0.0,0.0,0.0,,40,5,0.0222,0.1491,0.9778,0.2889,0.4584,9,1.0,1.0
R1,cons_emb_z,2-agent homogeneous,GPT,game_myth,investor,zero,own_cons_emb_z,0.0089,-0.0407,0.0586,0.7244,45,5,0.0222,0.1491,0.9778,-2.2035,0.5041,1,1.0,1.0
R2,cons_emb_z,2-agent homogeneous,GPT,game_myth,investor,zero,own_cons_emb_z,0.0,0.0,0.0,,40,5,0.0222,0.1491,0.9778,-2.2035,0.5041,10,1.0,1.0
R1,cons_judge,2-agent homogeneous,GPT,game_myth,investor,cut_after_letdown,own_cons_judge,-0.5405,-1.3085,0.2274,0.1677,22,4,0.2273,0.4289,0.7727,0.5909,0.5032,1,1.0,1.0
R2,cons_judge,2-agent homogeneous,GPT,game_myth,investor,cut_after_letdown,own_cons_judge,-0.8779,-1.1111,-0.6446,0.0,22,4,0.2273,0.4289,0.7727,0.5909,0.5032,5,0.0,0.0
R1,cons_lex,2-agent homogeneous,GPT,game_myth,investor,cut_after_letdown,own_cons_lex,-0.3556,-0.7894,0.0783,0.1082,23,4,0.2174,0.4217,0.7826,0.3478,0.487,1,1.0,1.0
R2,cons_lex,2-agent homogeneous,GPT,game_myth,investor,cut_after_letdown,own_cons_lex,-0.4361,-0.6349,-0.2373,0.0,23,4,0.2174,0.4217,0.7826,0.3478,0.487,6,0.018,0.0006
R1,cons_emb_z,2-agent homogeneous,GPT,game_myth,investor,cut_after_letdown,own_cons_emb_z,-0.4279,-0.7399,-0.116,0.0072,23,4,0.2174,0.4217,0.7826,-2.1621,0.5186,1,1.0,0.2153
R2,cons_emb_z,2-agent homogeneous,GPT,game_myth,investor,cut_after_letdown,own_cons_emb_z,-0.5254,-0.6883,-0.3624,0.0,23,4,0.2174,0.4217,0.7826,-2.1621,0.5186,7,0.0,0.0
R1,cons_judge,2-agent homogeneous,GPT,myth_game,investor,coop,own_cons_judge,0.058,-0.2892,0.4051,0.7435,50,5,0.6928,0.3096,0.34,0.64,0.4849,1,1.0,1.0
R2,cons_judge,2-agent homogeneous,GPT,myth_game,investor,coop,own_cons_judge,0.0283,-0.0646,0.1213,0.5499,40,5,0.6928,0.3096,0.34,0.64,0.4849,9,1.0,1.0
R1,cons_lex,2-agent homogeneous,GPT,myth_game,investor,coop,own_cons_lex,-0.0805,-0.5141,0.3531,0.716,50,5,0.6928,0.3096,0.34,0.22,0.4185,1,1.0,1.0
R2,cons_lex,2-agent homogeneous,GPT,myth_game,investor,coop,own_cons_lex,-0.056,-0.1253,0.0134,0.1138,40,5,0.6928,0.3096,0.34,0.22,0.4185,5,1.0,1.0
R1,cons_emb_z,2-agent homogeneous,GPT,myth_game,investor,coop,own_cons_emb_z,0.0547,-0.3514,0.4608,0.7917,50,5,0.6928,0.3096,0.34,-1.9399,0.385,1,1.0,1.0
R2,cons_emb_z,2-agent homogeneous,GPT,myth_game,investor,coop,own_cons_emb_z,-0.0528,-0.2707,0.1652,0.6351,40,5,0.6928,0.3096,0.34,-1.9399,0.385,10,1.0,1.0
R1,cons_judge,2-agent homogeneous,GPT,myth_game,trustee,coop,own_cons_judge,0.0043,-0.0683,0.077,0.907,46,5,0.3345,0.0941,0.0435,0.7174,0.4552,1,1.0,1.0
R2,cons_judge,2-agent homogeneous,GPT,myth_game,trustee,coop,own_cons_judge,0.0165,-0.0252,0.0581,0.4383,36,5,0.3345,0.0941,0.0435,0.7174,0.4552,9,1.0,1.0
R1,cons_lex,2-agent homogeneous,GPT,myth_game,trustee,coop,own_cons_lex,0.0009,-0.0461,0.0479,0.9709,46,5,0.3345,0.0941,0.0435,0.1522,0.3632,1,1.0,1.0
R2,cons_lex,2-agent homogeneous,GPT,myth_game,trustee,coop,own_cons_lex,-0.0158,-0.0412,0.0097,0.2243,36,5,0.3345,0.0941,0.0435,0.1522,0.3632,6,1.0,1.0
R1,cons_emb_z,2-agent homogeneous,GPT,myth_game,trustee,coop,own_cons_emb_z,-0.0138,-0.0805,0.0529,0.6853,46,5,0.3345,0.0941,0.0435,-1.9312,0.5441,1,1.0,1.0
R2,cons_emb_z,2-agent homogeneous,GPT,myth_game,trustee,coop,own_cons_emb_z,-0.024,-0.0854,0.0374,0.4436,36,5,0.3345,0.0941,0.0435,-1.9312,0.5441,10,1.0,1.0
R1,cons_judge,2-agent homogeneous,GPT,myth_game,investor,absdelta,own_cons_judge,-0.1875,-0.3918,0.0168,0.072,40,5,0.1212,0.2129,0.6,0.675,0.4743,1,1.0,1.0
R2,cons_judge,2-agent homogeneous,GPT,myth_game,investor,absdelta,own_cons_judge,-0.0308,-0.139,0.0773,0.5766,40,5,0.1212,0.2129,0.6,0.675,0.4743,8,1.0,1.0
R1,cons_lex,2-agent homogeneous,GPT,myth_game,investor,absdelta,own_cons_lex,-0.1713,-0.28,-0.0626,0.002,40,5,0.1212,0.2129,0.6,0.275,0.4522,1,1.0,0.0682
R2,cons_lex,2-agent homogeneous,GPT,myth_game,investor,absdelta,own_cons_lex,-0.0543,-0.1838,0.0751,0.4109,40,5,0.1212,0.2129,0.6,0.275,0.4522,4,1.0,1.0
R1,cons_emb_z,2-agent homogeneous,GPT,myth_game,investor,absdelta,own_cons_emb_z,-0.1458,-0.2562,-0.0353,0.0097,40,5,0.1212,0.2129,0.6,-1.9715,0.3699,1,1.0,0.3201
R2,cons_emb_z,2-agent homogeneous,GPT,myth_game,investor,absdelta,own_cons_emb_z,-0.1216,-0.271,0.0277,0.1105,40,5,0.1212,0.2129,0.6,-1.9715,0.3699,10,1.0,1.0
R1,cons_judge,2-agent homogeneous,GPT,myth_game,trustee,absdelta,own_cons_judge,-0.0665,-0.1773,0.0442,0.2389,36,5,0.0614,0.0799,0.0278,0.7778,0.4216,1,1.0,1.0
R2,cons_judge,2-agent homogeneous,GPT,myth_game,trustee,absdelta,own_cons_judge,-0.0093,-0.0445,0.0259,0.6054,36,5,0.0614,0.0799,0.0278,0.7778,0.4216,7,1.0,1.0
R1,cons_lex,2-agent homogeneous,GPT,myth_game,trustee,absdelta,own_cons_lex,-0.0,-0.0287,0.0287,0.9987,36,5,0.0614,0.0799,0.0278,0.1667,0.378,1,1.0,1.0
R2,cons_lex,2-agent homogeneous,GPT,myth_game,trustee,absdelta,own_cons_lex,0.026,-0.0148,0.0668,0.2115,36,5,0.0614,0.0799,0.0278,0.1667,0.378,5,1.0,1.0
R1,cons_emb_z,2-agent homogeneous,GPT,myth_game,trustee,absdelta,own_cons_emb_z,-0.0243,-0.0907,0.0421,0.4737,36,5,0.0614,0.0799,0.0278,-1.893,0.4803,1,1.0,1.0
R2,cons_emb_z,2-agent homogeneous,GPT,myth_game,trustee,absdelta,own_cons_emb_z,-0.0106,-0.047,0.0259,0.57,36,5,0.0614,0.0799,0.0278,-1.893,0.4803,10,1.0,1.0
R1,cons_judge,2-agent homogeneous,GPT,myth_game,investor,zero,own_cons_judge,-0.1136,-0.4256,0.1983,0.4752,50,5,0.08,0.274,0.92,0.64,0.4849,1,1.0,1.0
R2,cons_judge,2-agent homogeneous,GPT,myth_game,investor,zero,own_cons_judge,-0.082,-0.3237,0.1596,0.5058,40,5,0.08,0.274,0.92,0.64,0.4849,9,1.0,1.0
R1,cons_lex,2-agent homogeneous,GPT,myth_game,investor,zero,own_cons_lex,-0.0833,-0.2512,0.0845,0.3306,50,5,0.08,0.274,0.92,0.22,0.4185,1,1.0,1.0
R2,cons_lex,2-agent homogeneous,GPT,myth_game,investor,zero,own_cons_lex,0.017,-0.1267,0.1606,0.8168,40,5,0.08,0.274,0.92,0.22,0.4185,5,1.0,1.0
R1,cons_emb_z,2-agent homogeneous,GPT,myth_game,investor,zero,own_cons_emb_z,-0.0461,-0.2599,0.1678,0.6729,50,5,0.08,0.274,0.92,-1.9399,0.385,1,1.0,1.0
R2,cons_emb_z,2-agent homogeneous,GPT,myth_game,investor,zero,own_cons_emb_z,0.0391,-0.1098,0.1881,0.6068,40,5,0.08,0.274,0.92,-1.9399,0.385,10,1.0,1.0
R1,cons_judge,2-agent homogeneous,GPT,myth_game,investor,cut_after_letdown,own_cons_judge,-0.125,-0.5105,0.2605,0.5251,22,5,0.1818,0.3948,0.8182,0.7273,0.4558,1,1.0,1.0
R2,cons_judge,2-agent homogeneous,GPT,myth_game,investor,cut_after_letdown,own_cons_judge,0.85,0.7198,0.9802,0.0,22,5,0.1818,0.3948,0.8182,0.7273,0.4558,3,0.0,0.0
R1,cons_lex,2-agent homogeneous,GPT,myth_game,investor,cut_after_letdown,own_cons_lex,-0.0851,-0.4588,0.2886,0.6553,22,5,0.1818,0.3948,0.8182,0.4091,0.5032,1,1.0,1.0
R2,cons_lex,2-agent homogeneous,GPT,myth_game,investor,cut_after_letdown,own_cons_lex,-0.1667,-0.6411,0.3078,0.4911,22,5,0.1818,0.3948,0.8182,0.4091,0.5032,2,1.0,1.0
R1,cons_emb_z,2-agent homogeneous,GPT,myth_game,investor,cut_after_letdown,own_cons_emb_z,-0.506,-0.973,-0.0389,0.0337,22,5,0.1818,0.3948,0.8182,-1.9741,0.384,1,1.0,1.0
R2,cons_emb_z,2-agent homogeneous,GPT,myth_game,investor,cut_after_letdown,own_cons_emb_z,-0.5377,-0.7714,-0.3041,0.0,22,5,0.1818,0.3948,0.8182,-1.9741,0.384,5,0.0068,0.0002
R1,cons_judge,2-agent homogeneous,Gemini,both,trustee,coop,own_cons_judge,-0.033,-0.0578,-0.0082,0.0091,95,10,0.4612,0.0344,0.1789,0.9474,0.2245,1,1.0,0.0906
R2,cons_judge,2-agent homogeneous,Gemini,both,trustee,coop,own_cons_judge,-0.0142,-0.0337,0.0052,0.1515,80,10,0.4612,0.0344,0.1789,0.9474,0.2245,5,1.0,1.0
R1,cons_lex,2-agent homogeneous,Gemini,both,trustee,coop,own_cons_lex,0.0014,-0.0188,0.0217,0.8887,95,10,0.4612,0.0344,0.1789,0.2,0.4021,2,1.0,1.0
R2,cons_lex,2-agent homogeneous,Gemini,both,trustee,coop,own_cons_lex,0.0098,-0.0069,0.0264,0.2502,80,10,0.4612,0.0344,0.1789,0.2,0.4021,13,1.0,1.0
R1,cons_emb_z,2-agent homogeneous,Gemini,both,trustee,coop,own_cons_emb_z,0.0032,-0.0144,0.0208,0.7242,95,10,0.4612,0.0344,0.1789,-0.6068,0.6047,2,1.0,1.0
R2,cons_emb_z,2-agent homogeneous,Gemini,both,trustee,coop,own_cons_emb_z,0.0031,-0.0058,0.012,0.4984,80,10,0.4612,0.0344,0.1789,-0.6068,0.6047,20,1.0,1.0
R1,cons_judge,2-agent homogeneous,Gemini,both,trustee,absdelta,own_cons_judge,-0.0507,-0.0702,-0.0312,0.0,80,10,0.0264,0.0241,0.2,0.9875,0.1118,1,0.0004,0.0
R2,cons_judge,2-agent homogeneous,Gemini,both,trustee,absdelta,own_cons_judge,-0.0665,-0.0959,-0.0371,0.0,80,10,0.0264,0.0241,0.2,0.9875,0.1118,1,0.0096,0.0001
R1,cons_lex,2-agent homogeneous,Gemini,both,trustee,absdelta,own_cons_lex,0.0026,-0.0141,0.0192,0.7624,80,10,0.0264,0.0241,0.2,0.225,0.4202,2,1.0,1.0
R2,cons_lex,2-agent homogeneous,Gemini,both,trustee,absdelta,own_cons_lex,0.0067,-0.0133,0.0268,0.511,80,10,0.0264,0.0241,0.2,0.225,0.4202,12,1.0,1.0
R1,cons_emb_z,2-agent homogeneous,Gemini,both,trustee,absdelta,own_cons_emb_z,0.0066,-0.0052,0.0183,0.2734,80,10,0.0264,0.0241,0.2,-0.4808,0.5208,2,1.0,1.0
R2,cons_emb_z,2-agent homogeneous,Gemini,both,trustee,absdelta,own_cons_emb_z,0.0126,0.0023,0.023,0.0166,80,10,0.0264,0.0241,0.2,-0.4808,0.5208,20,1.0,0.1498
R1,cons_judge,2-agent homogeneous,Gemini,game_myth,trustee,coop,own_cons_judge,-0.0516,-0.0625,-0.0408,0.0,45,5,0.4569,0.0317,0.1778,0.8889,0.3178,1,0.0,0.0
R2,cons_judge,2-agent homogeneous,Gemini,game_myth,trustee,coop,own_cons_judge,-0.0047,-0.0358,0.0263,0.7646,40,5,0.4569,0.0317,0.1778,0.8889,0.3178,5,1.0,1.0
R1,cons_lex,2-agent homogeneous,Gemini,game_myth,trustee,coop,own_cons_lex,0.0067,-0.0187,0.032,0.6065,45,5,0.4569,0.0317,0.1778,0.2222,0.4204,1,1.0,1.0
R2,cons_lex,2-agent homogeneous,Gemini,game_myth,trustee,coop,own_cons_lex,0.0208,0.0053,0.0363,0.0084,40,5,0.4569,0.0317,0.1778,0.2222,0.4204,7,1.0,0.0757
R1,cons_emb_z,2-agent homogeneous,Gemini,game_myth,trustee,coop,own_cons_emb_z,0.0019,-0.0315,0.0352,0.9132,45,5,0.4569,0.0317,0.1778,-0.7583,0.6089,1,1.0,1.0
R2,cons_emb_z,2-agent homogeneous,Gemini,game_myth,trustee,coop,own_cons_emb_z,0.0058,-0.0001,0.0117,0.0552,40,5,0.4569,0.0317,0.1778,-0.7583,0.6089,10,1.0,0.4416
R1,cons_judge,2-agent homogeneous,Gemini,game_myth,trustee,absdelta,own_cons_judge,-0.0544,-0.0872,-0.0216,0.0012,40,5,0.0267,0.025,0.2,0.975,0.1581,1,1.0,0.0116
R2,cons_judge,2-agent homogeneous,Gemini,game_myth,trustee,absdelta,own_cons_judge,-0.0854,-0.1279,-0.043,0.0001,40,5,0.0267,0.025,0.2,0.975,0.1581,1,0.0842,0.0009
R1,cons_lex,2-agent homogeneous,Gemini,game_myth,trustee,absdelta,own_cons_lex,-0.0092,-0.0261,0.0077,0.2866,40,5,0.0267,0.025,0.2,0.25,0.4385,1,1.0,1.0
R2,cons_lex,2-agent homogeneous,Gemini,game_myth,trustee,absdelta,own_cons_lex,-0.0091,-0.0231,0.0049,0.2017,40,5,0.0267,0.025,0.2,0.25,0.4385,7,1.0,1.0
R1,cons_emb_z,2-agent homogeneous,Gemini,game_myth,trustee,absdelta,own_cons_emb_z,-0.0015,-0.0247,0.0218,0.9024,40,5,0.0267,0.025,0.2,-0.6326,0.5107,1,1.0,1.0
R2,cons_emb_z,2-agent homogeneous,Gemini,game_myth,trustee,absdelta,own_cons_emb_z,0.0043,-0.0148,0.0234,0.6605,40,5,0.0267,0.025,0.2,-0.6326,0.5107,10,1.0,1.0
R1,cons_lex,2-agent homogeneous,Gemini,myth_game,trustee,coop,own_cons_lex,-0.0046,-0.0422,0.0331,0.8125,50,5,0.465,0.0365,0.18,0.18,0.3881,1,1.0,1.0
R2,cons_lex,2-agent homogeneous,Gemini,myth_game,trustee,coop,own_cons_lex,-0.006,-0.0291,0.0171,0.611,40,5,0.465,0.0365,0.18,0.18,0.3881,6,1.0,1.0
R1,cons_emb_z,2-agent homogeneous,Gemini,myth_game,trustee,coop,own_cons_emb_z,0.0066,-0.0248,0.0381,0.6806,50,5,0.465,0.0365,0.18,-0.4705,0.5731,1,1.0,1.0
R2,cons_emb_z,2-agent homogeneous,Gemini,myth_game,trustee,coop,own_cons_emb_z,0.0054,-0.0144,0.0253,0.5915,40,5,0.465,0.0365,0.18,-0.4705,0.5731,10,1.0,1.0
R1,cons_lex,2-agent homogeneous,Gemini,myth_game,trustee,absdelta,own_cons_lex,0.0153,-0.0051,0.0357,0.1415,40,5,0.026,0.0235,0.2,0.2,0.4051,1,1.0,0.7074
R2,cons_lex,2-agent homogeneous,Gemini,myth_game,trustee,absdelta,own_cons_lex,0.0252,0.0056,0.0449,0.0118,40,5,0.026,0.0235,0.2,0.2,0.4051,5,1.0,0.0706
R1,cons_emb_z,2-agent homogeneous,Gemini,myth_game,trustee,absdelta,own_cons_emb_z,0.0214,0.0155,0.0273,0.0,40,5,0.026,0.0235,0.2,-0.3289,0.4912,1,0.0,0.0
R2,cons_emb_z,2-agent homogeneous,Gemini,myth_game,trustee,absdelta,own_cons_emb_z,0.0306,0.0181,0.0432,0.0,40,5,0.026,0.0235,0.2,-0.3289,0.4912,10,0.0019,0.0
R1,cons_judge,2-agent homogeneous,Sonnet,both,investor,coop,own_cons_judge,-0.037,-0.1628,0.0888,0.5646,95,10,0.6347,0.1304,0.3579,0.8632,0.3455,2,1.0,1.0
R2,cons_judge,2-agent homogeneous,Sonnet,both,investor,coop,own_cons_judge,0.0082,-0.0122,0.0286,0.4304,80,10,0.6347,0.1304,0.3579,0.8632,0.3455,12,1.0,1.0
R1,cons_lex,2-agent homogeneous,Sonnet,both,investor,coop,own_cons_lex,0.0339,-0.0556,0.1234,0.4579,95,10,0.6347,0.1304,0.3579,0.4947,0.5026,2,1.0,1.0
R2,cons_lex,2-agent homogeneous,Sonnet,both,investor,coop,own_cons_lex,-0.0034,-0.0193,0.0125,0.6765,80,10,0.6347,0.1304,0.3579,0.4947,0.5026,18,1.0,1.0
R1,cons_emb_z,2-agent homogeneous,Sonnet,both,investor,coop,own_cons_emb_z,0.0181,-0.0232,0.0595,0.3902,95,10,0.6347,0.1304,0.3579,-0.958,0.9831,2,1.0,1.0
R2,cons_emb_z,2-agent homogeneous,Sonnet,both,investor,coop,own_cons_emb_z,-0.0042,-0.011,0.0025,0.2205,80,10,0.6347,0.1304,0.3579,-0.958,0.9831,20,1.0,1.0
R1,cons_judge,2-agent homogeneous,Sonnet,both,trustee,coop,own_cons_judge,-0.0199,-0.0457,0.0058,0.1284,95,10,0.4579,0.0947,0.0632,0.9053,0.2944,2,1.0,1.0
R2,cons_judge,2-agent homogeneous,Sonnet,both,trustee,coop,own_cons_judge,-0.011,-0.0575,0.0355,0.6429,80,10,0.4579,0.0947,0.0632,0.9053,0.2944,7,1.0,1.0
R1,cons_lex,2-agent homogeneous,Sonnet,both,trustee,coop,own_cons_lex,0.0042,-0.0477,0.0562,0.8728,95,10,0.4579,0.0947,0.0632,0.5053,0.5026,2,1.0,1.0
R2,cons_lex,2-agent homogeneous,Sonnet,both,trustee,coop,own_cons_lex,-0.0073,-0.046,0.0314,0.7106,80,10,0.4579,0.0947,0.0632,0.5053,0.5026,17,1.0,1.0
R1,cons_emb_z,2-agent homogeneous,Sonnet,both,trustee,coop,own_cons_emb_z,0.0115,-0.0195,0.0425,0.468,95,10,0.4579,0.0947,0.0632,-0.9153,0.9777,2,1.0,1.0
R2,cons_emb_z,2-agent homogeneous,Sonnet,both,trustee,coop,own_cons_emb_z,-0.011,-0.0263,0.0044,0.1612,80,10,0.4579,0.0947,0.0632,-0.9153,0.9777,20,1.0,1.0
R1,cons_judge,2-agent homogeneous,Sonnet,both,investor,absdelta,own_cons_judge,0.0403,0.0074,0.0732,0.0165,80,10,0.0172,0.0428,0.825,0.95,0.2193,2,1.0,0.5274
R2,cons_judge,2-agent homogeneous,Sonnet,both,investor,absdelta,own_cons_judge,0.0327,0.0101,0.0554,0.0046,80,10,0.0172,0.0428,0.825,0.95,0.2193,4,1.0,0.1557
R1,cons_lex,2-agent homogeneous,Sonnet,both,investor,absdelta,own_cons_lex,0.0167,0.0015,0.0319,0.0312,80,10,0.0172,0.0428,0.825,0.575,0.4975,2,1.0,0.9664
R2,cons_lex,2-agent homogeneous,Sonnet,both,investor,absdelta,own_cons_lex,0.0032,-0.0087,0.0151,0.6022,80,10,0.0172,0.0428,0.825,0.575,0.4975,14,1.0,1.0
R1,cons_emb_z,2-agent homogeneous,Sonnet,both,investor,absdelta,own_cons_emb_z,0.0109,0.0032,0.0185,0.0054,80,10,0.0172,0.0428,0.825,-0.7628,0.9148,2,1.0,0.1785
R2,cons_emb_z,2-agent homogeneous,Sonnet,both,investor,absdelta,own_cons_emb_z,0.0014,-0.0082,0.011,0.7722,80,10,0.0172,0.0428,0.825,-0.7628,0.9148,20,1.0,1.0
R1,cons_judge,2-agent homogeneous,Sonnet,both,trustee,absdelta,own_cons_judge,-0.0036,-0.0475,0.0403,0.8709,80,10,0.0532,0.0398,0.075,0.9375,0.2436,1,1.0,1.0
R2,cons_judge,2-agent homogeneous,Sonnet,both,trustee,absdelta,own_cons_judge,0.0008,-0.0383,0.0399,0.9695,80,10,0.0532,0.0398,0.075,0.9375,0.2436,5,1.0,1.0
R1,cons_lex,2-agent homogeneous,Sonnet,both,trustee,absdelta,own_cons_lex,-0.0002,-0.0183,0.0179,0.9822,80,10,0.0532,0.0398,0.075,0.5625,0.4992,2,1.0,1.0
R2,cons_lex,2-agent homogeneous,Sonnet,both,trustee,absdelta,own_cons_lex,-0.0046,-0.0298,0.0206,0.7211,80,10,0.0532,0.0398,0.075,0.5625,0.4992,15,1.0,1.0
R1,cons_emb_z,2-agent homogeneous,Sonnet,both,trustee,absdelta,own_cons_emb_z,0.0058,-0.0026,0.0142,0.1745,80,10,0.0532,0.0398,0.075,-0.7093,0.8891,2,1.0,1.0
R2,cons_emb_z,2-agent homogeneous,Sonnet,both,trustee,absdelta,own_cons_emb_z,0.0024,-0.0075,0.0122,0.6394,80,10,0.0532,0.0398,0.075,-0.7093,0.8891,20,1.0,1.0
R1,cons_judge,2-agent homogeneous,Sonnet,both,investor,zero,own_cons_judge,0.0,0.0,0.0,,95,10,0.0,0.0,1.0,0.8632,0.3455,2,1.0,1.0
R2,cons_judge,2-agent homogeneous,Sonnet,both,investor,zero,own_cons_judge,0.0,0.0,0.0,,80,10,0.0,0.0,1.0,0.8632,0.3455,12,1.0,1.0
R1,cons_lex,2-agent homogeneous,Sonnet,both,investor,zero,own_cons_lex,0.0,0.0,0.0,,95,10,0.0,0.0,1.0,0.4947,0.5026,2,1.0,1.0
R2,cons_lex,2-agent homogeneous,Sonnet,both,investor,zero,own_cons_lex,0.0,0.0,0.0,,80,10,0.0,0.0,1.0,0.4947,0.5026,18,1.0,1.0
R1,cons_emb_z,2-agent homogeneous,Sonnet,both,investor,zero,own_cons_emb_z,0.0,0.0,0.0,,95,10,0.0,0.0,1.0,-0.958,0.9831,2,1.0,1.0
R2,cons_emb_z,2-agent homogeneous,Sonnet,both,investor,zero,own_cons_emb_z,0.0,0.0,0.0,,80,10,0.0,0.0,1.0,-0.958,0.9831,20,1.0,1.0
R1,cons_lex,2-agent homogeneous,Sonnet,both,investor,cut_after_letdown,own_cons_lex,0.0,0.0,0.0,,6,3,0.0,0.0,1.0,0.3333,0.5164,1,1.0,1.0
R2,cons_lex,2-agent homogeneous,Sonnet,both,investor,cut_after_letdown,own_cons_lex,0.0,0.0,0.0,,6,3,0.0,0.0,1.0,0.3333,0.5164,1,1.0,1.0
R1,cons_emb_z,2-agent homogeneous,Sonnet,both,investor,cut_after_letdown,own_cons_emb_z,0.0,0.0,0.0,,6,3,0.0,0.0,1.0,-0.6286,0.9407,1,1.0,1.0
R2,cons_emb_z,2-agent homogeneous,Sonnet,both,investor,cut_after_letdown,own_cons_emb_z,0.0,0.0,0.0,,6,3,0.0,0.0,1.0,-0.6286,0.9407,2,1.0,1.0
R1,cons_judge,2-agent homogeneous,Sonnet,game_myth,investor,coop,own_cons_judge,-0.0371,-0.204,0.1297,0.6627,45,5,0.6107,0.092,0.4,0.8444,0.3665,1,1.0,1.0
R2,cons_judge,2-agent homogeneous,Sonnet,game_myth,investor,coop,own_cons_judge,0.0223,-0.0171,0.0617,0.2674,40,5,0.6107,0.092,0.4,0.8444,0.3665,6,1.0,1.0
R1,cons_lex,2-agent homogeneous,Sonnet,game_myth,investor,coop,own_cons_lex,0.0469,-0.047,0.1407,0.3277,45,5,0.6107,0.092,0.4,0.5111,0.5055,1,1.0,1.0
R2,cons_lex,2-agent homogeneous,Sonnet,game_myth,investor,coop,own_cons_lex,0.0051,-0.01,0.0202,0.5062,40,5,0.6107,0.092,0.4,0.5111,0.5055,10,1.0,1.0
R1,cons_emb_z,2-agent homogeneous,Sonnet,game_myth,investor,coop,own_cons_emb_z,0.0033,-0.0639,0.0705,0.9237,45,5,0.6107,0.092,0.4,-0.9372,1.0774,1,1.0,1.0
R2,cons_emb_z,2-agent homogeneous,Sonnet,game_myth,investor,coop,own_cons_emb_z,-0.0018,-0.0102,0.0066,0.6785,40,5,0.6107,0.092,0.4,-0.9372,1.0774,10,1.0,1.0
R1,cons_judge,2-agent homogeneous,Sonnet,game_myth,trustee,coop,own_cons_judge,-0.0158,-0.054,0.0225,0.4188,45,5,0.4297,0.0596,0.1333,0.8222,0.3866,1,1.0,1.0
R2,cons_judge,2-agent homogeneous,Sonnet,game_myth,trustee,coop,own_cons_judge,-0.0061,-0.0601,0.0479,0.8258,40,5,0.4297,0.0596,0.1333,0.8222,0.3866,6,1.0,1.0
R1,cons_lex,2-agent homogeneous,Sonnet,game_myth,trustee,coop,own_cons_lex,0.0313,0.0083,0.0542,0.0077,45,5,0.4297,0.0596,0.1333,0.4222,0.4995,1,1.0,0.2319
R2,cons_lex,2-agent homogeneous,Sonnet,game_myth,trustee,coop,own_cons_lex,0.0028,-0.0588,0.0644,0.9289,40,5,0.4297,0.0596,0.1333,0.4222,0.4995,10,1.0,1.0
R1,cons_emb_z,2-agent homogeneous,Sonnet,game_myth,trustee,coop,own_cons_emb_z,0.0047,-0.0318,0.0412,0.8004,45,5,0.4297,0.0596,0.1333,-0.9404,1.0582,1,1.0,1.0
R2,cons_emb_z,2-agent homogeneous,Sonnet,game_myth,trustee,coop,own_cons_emb_z,0.0021,-0.0143,0.0184,0.8024,40,5,0.4297,0.0596,0.1333,-0.9404,1.0582,10,1.0,1.0
R1,cons_judge,2-agent homogeneous,Sonnet,game_myth,investor,absdelta,own_cons_judge,0.028,-0.0231,0.0791,0.2828,40,5,0.0157,0.0343,0.8,0.925,0.2667,1,1.0,1.0
R2,cons_judge,2-agent homogeneous,Sonnet,game_myth,investor,absdelta,own_cons_judge,0.0442,0.0087,0.0796,0.0145,40,5,0.0157,0.0343,0.8,0.925,0.2667,3,1.0,0.4214
R1,cons_lex,2-agent homogeneous,Sonnet,game_myth,investor,absdelta,own_cons_lex,0.0094,-0.01,0.0287,0.3429,40,5,0.0157,0.0343,0.8,0.575,0.5006,1,1.0,1.0
R2,cons_lex,2-agent homogeneous,Sonnet,game_myth,investor,absdelta,own_cons_lex,0.0123,-0.0058,0.0304,0.1824,40,5,0.0157,0.0343,0.8,0.575,0.5006,9,1.0,1.0
R1,cons_emb_z,2-agent homogeneous,Sonnet,game_myth,investor,absdelta,own_cons_emb_z,0.0037,-0.0052,0.0126,0.412,40,5,0.0157,0.0343,0.8,-0.7749,1.0257,1,1.0,1.0
R2,cons_emb_z,2-agent homogeneous,Sonnet,game_myth,investor,absdelta,own_cons_emb_z,0.0047,-0.0068,0.0162,0.4232,40,5,0.0157,0.0343,0.8,-0.7749,1.0257,10,1.0,1.0
R1,cons_judge,2-agent homogeneous,Sonnet,game_myth,trustee,absdelta,own_cons_judge,-0.0212,-0.0598,0.0173,0.2806,40,5,0.0458,0.0386,0.15,0.875,0.3349,1,1.0,1.0
R2,cons_judge,2-agent homogeneous,Sonnet,game_myth,trustee,absdelta,own_cons_judge,-0.0211,-0.0504,0.0082,0.1573,40,5,0.0458,0.0386,0.15,0.875,0.3349,5,1.0,1.0
R1,cons_lex,2-agent homogeneous,Sonnet,game_myth,trustee,absdelta,own_cons_lex,-0.0127,-0.055,0.0297,0.5577,40,5,0.0458,0.0386,0.15,0.475,0.5057,1,1.0,1.0
R2,cons_lex,2-agent homogeneous,Sonnet,game_myth,trustee,absdelta,own_cons_lex,-0.0251,-0.0617,0.0115,0.1794,40,5,0.0458,0.0386,0.15,0.475,0.5057,9,1.0,1.0
R1,cons_emb_z,2-agent homogeneous,Sonnet,game_myth,trustee,absdelta,own_cons_emb_z,0.0047,-0.0083,0.0177,0.4773,40,5,0.0458,0.0386,0.15,-0.7561,0.9706,1,1.0,1.0
R2,cons_emb_z,2-agent homogeneous,Sonnet,game_myth,trustee,absdelta,own_cons_emb_z,-0.0076,-0.022,0.0068,0.3029,40,5,0.0458,0.0386,0.15,-0.7561,0.9706,10,1.0,1.0
R1,cons_judge,2-agent homogeneous,Sonnet,game_myth,investor,zero,own_cons_judge,0.0,0.0,0.0,,45,5,0.0,0.0,1.0,0.8444,0.3665,1,1.0,1.0
R2,cons_judge,2-agent homogeneous,Sonnet,game_myth,investor,zero,own_cons_judge,0.0,0.0,0.0,,40,5,0.0,0.0,1.0,0.8444,0.3665,6,1.0,1.0
R1,cons_lex,2-agent homogeneous,Sonnet,game_myth,investor,zero,own_cons_lex,0.0,0.0,0.0,,45,5,0.0,0.0,1.0,0.5111,0.5055,1,1.0,1.0
R2,cons_lex,2-agent homogeneous,Sonnet,game_myth,investor,zero,own_cons_lex,0.0,0.0,0.0,,40,5,0.0,0.0,1.0,0.5111,0.5055,10,1.0,1.0
R1,cons_emb_z,2-agent homogeneous,Sonnet,game_myth,investor,zero,own_cons_emb_z,0.0,0.0,0.0,,45,5,0.0,0.0,1.0,-0.9372,1.0774,1,1.0,1.0
R2,cons_emb_z,2-agent homogeneous,Sonnet,game_myth,investor,zero,own_cons_emb_z,0.0,0.0,0.0,,40,5,0.0,0.0,1.0,-0.9372,1.0774,10,1.0,1.0
R1,cons_judge,2-agent homogeneous,Sonnet,myth_game,investor,coop,own_cons_judge,-0.0359,-0.2807,0.209,0.774,50,5,0.6564,0.1549,0.34,0.88,0.3283,1,1.0,1.0
R2,cons_judge,2-agent homogeneous,Sonnet,myth_game,investor,coop,own_cons_judge,-0.0035,-0.0127,0.0057,0.4598,40,5,0.6564,0.1549,0.34,0.88,0.3283,6,1.0,1.0
R1,cons_lex,2-agent homogeneous,Sonnet,myth_game,investor,coop,own_cons_lex,0.0385,-0.1323,0.2092,0.6589,50,5,0.6564,0.1549,0.34,0.48,0.5047,1,1.0,1.0
R2,cons_lex,2-agent homogeneous,Sonnet,myth_game,investor,coop,own_cons_lex,-0.0076,-0.0191,0.0039,0.1951,40,5,0.6564,0.1549,0.34,0.48,0.5047,8,1.0,1.0
R1,cons_emb_z,2-agent homogeneous,Sonnet,myth_game,investor,coop,own_cons_emb_z,0.0387,-0.0198,0.0972,0.1943,50,5,0.6564,0.1549,0.34,-0.9767,0.9006,1,1.0,1.0
R2,cons_emb_z,2-agent homogeneous,Sonnet,myth_game,investor,coop,own_cons_emb_z,-0.0094,-0.0235,0.0047,0.1906,40,5,0.6564,0.1549,0.34,-0.9767,0.9006,10,1.0,1.0
R1,cons_judge,2-agent homogeneous,Sonnet,myth_game,trustee,coop,own_cons_judge,0.0174,-0.0925,0.1274,0.7558,50,5,0.4832,0.1123,0.06,0.98,0.1414,1,1.0,1.0
R1,cons_lex,2-agent homogeneous,Sonnet,myth_game,trustee,coop,own_cons_lex,-0.0063,-0.1031,0.0904,0.8983,50,5,0.4832,0.1123,0.06,0.58,0.4986,1,1.0,1.0
R2,cons_lex,2-agent homogeneous,Sonnet,myth_game,trustee,coop,own_cons_lex,-0.0106,-0.0775,0.0562,0.7549,40,5,0.4832,0.1123,0.06,0.58,0.4986,7,1.0,1.0
R1,cons_emb_z,2-agent homogeneous,Sonnet,myth_game,trustee,coop,own_cons_emb_z,0.0202,-0.0424,0.0828,0.527,50,5,0.4832,0.1123,0.06,-0.8928,0.9093,1,1.0,1.0
R2,cons_emb_z,2-agent homogeneous,Sonnet,myth_game,trustee,coop,own_cons_emb_z,-0.0244,-0.0561,0.0073,0.132,40,5,0.4832,0.1123,0.06,-0.8928,0.9093,10,1.0,1.0
R1,cons_judge,2-agent homogeneous,Sonnet,myth_game,investor,absdelta,own_cons_judge,0.0375,-0.0126,0.0876,0.1427,40,5,0.0187,0.0502,0.85,0.975,0.1581,1,1.0,1.0
R2,cons_judge,2-agent homogeneous,Sonnet,myth_game,investor,absdelta,own_cons_judge,0.0104,-0.0052,0.026,0.1901,40,5,0.0187,0.0502,0.85,0.975,0.1581,1,1.0,1.0
R1,cons_lex,2-agent homogeneous,Sonnet,myth_game,investor,absdelta,own_cons_lex,0.0182,-0.0082,0.0445,0.176,40,5,0.0187,0.0502,0.85,0.575,0.5006,1,1.0,1.0
R2,cons_lex,2-agent homogeneous,Sonnet,myth_game,investor,absdelta,own_cons_lex,-0.0001,-0.0171,0.0169,0.994,40,5,0.0187,0.0502,0.85,0.575,0.5006,5,1.0,1.0
R1,cons_emb_z,2-agent homogeneous,Sonnet,myth_game,investor,absdelta,own_cons_emb_z,0.0186,0.0028,0.0344,0.0211,40,5,0.0187,0.0502,0.85,-0.7508,0.8018,1,1.0,0.6133
R2,cons_emb_z,2-agent homogeneous,Sonnet,myth_game,investor,absdelta,own_cons_emb_z,-0.0078,-0.026,0.0105,0.4043,40,5,0.0187,0.0502,0.85,-0.7508,0.8018,10,1.0,1.0
R1,cons_lex,2-agent homogeneous,Sonnet,myth_game,trustee,absdelta,own_cons_lex,0.0088,-0.0078,0.0254,0.2965,40,5,0.0606,0.0401,0.05,0.65,0.483,1,1.0,1.0
R2,cons_lex,2-agent homogeneous,Sonnet,myth_game,trustee,absdelta,own_cons_lex,0.0147,-0.0008,0.0303,0.0623,40,5,0.0606,0.0401,0.05,0.65,0.483,6,1.0,1.0
R1,cons_emb_z,2-agent homogeneous,Sonnet,myth_game,trustee,absdelta,own_cons_emb_z,0.0035,-0.0116,0.0186,0.6504,40,5,0.0606,0.0401,0.05,-0.6624,0.8092,1,1.0,1.0
R2,cons_emb_z,2-agent homogeneous,Sonnet,myth_game,trustee,absdelta,own_cons_emb_z,0.0016,-0.0287,0.0319,0.9171,40,5,0.0606,0.0401,0.05,-0.6624,0.8092,10,1.0,1.0
R1,cons_judge,2-agent homogeneous,Sonnet,myth_game,investor,zero,own_cons_judge,0.0,0.0,0.0,,50,5,0.0,0.0,1.0,0.88,0.3283,1,1.0,1.0
R2,cons_judge,2-agent homogeneous,Sonnet,myth_game,investor,zero,own_cons_judge,0.0,0.0,0.0,,40,5,0.0,0.0,1.0,0.88,0.3283,6,1.0,1.0
R1,cons_lex,2-agent homogeneous,Sonnet,myth_game,investor,zero,own_cons_lex,0.0,0.0,0.0,,50,5,0.0,0.0,1.0,0.48,0.5047,1,1.0,1.0
R2,cons_lex,2-agent homogeneous,Sonnet,myth_game,investor,zero,own_cons_lex,0.0,0.0,0.0,,40,5,0.0,0.0,1.0,0.48,0.5047,8,1.0,1.0
R1,cons_emb_z,2-agent homogeneous,Sonnet,myth_game,investor,zero,own_cons_emb_z,0.0,0.0,0.0,,50,5,0.0,0.0,1.0,-0.9767,0.9006,1,1.0,1.0
R2,cons_emb_z,2-agent homogeneous,Sonnet,myth_game,investor,zero,own_cons_emb_z,0.0,0.0,0.0,,40,5,0.0,0.0,1.0,-0.9767,0.9006,10,1.0,1.0
R2,cons_lex,2-agent homogeneous,Sonnet,myth_game,investor,cut_after_letdown,own_cons_lex,0.0,0.0,0.0,,5,2,0.0,0.0,1.0,0.4,0.5477,1,1.0,1.0
R2,cons_emb_z,2-agent homogeneous,Sonnet,myth_game,investor,cut_after_letdown,own_cons_emb_z,0.0,0.0,0.0,,5,2,0.0,0.0,1.0,-0.3402,0.6946,2,1.0,1.0
R1,cons_judge,2-agent mixed,GPT,both,investor,coop,own_cons_judge,-0.0782,-0.2424,0.0859,0.3503,113,24,0.8197,0.2617,0.5841,0.6991,0.4607,4,1.0,1.0
R2,cons_judge,2-agent mixed,GPT,both,investor,coop,own_cons_judge,-0.0272,-0.1049,0.0505,0.4921,95,24,0.8197,0.2617,0.5841,0.6991,0.4607,20,1.0,1.0
R1,cons_lex,2-agent mixed,GPT,both,investor,coop,own_cons_lex,-0.0357,-0.152,0.0807,0.5477,113,24,0.8197,0.2617,0.5841,0.3009,0.4607,4,1.0,1.0
R2,cons_lex,2-agent mixed,GPT,both,investor,coop,own_cons_lex,0.0085,-0.0399,0.0569,0.7304,95,24,0.8197,0.2617,0.5841,0.3009,0.4607,18,1.0,1.0
R1,cons_emb_z,2-agent mixed,GPT,both,investor,coop,own_cons_emb_z,-0.0183,-0.0955,0.0588,0.6419,113,24,0.8197,0.2617,0.5841,-1.9634,0.7664,4,1.0,1.0
R2,cons_emb_z,2-agent mixed,GPT,both,investor,coop,own_cons_emb_z,0.006,-0.045,0.057,0.8174,95,24,0.8197,0.2617,0.5841,-1.9634,0.7664,24,1.0,1.0
R1,cons_judge,2-agent mixed,GPT,both,trustee,coop,own_cons_judge,0.0367,-0.0183,0.0916,0.1908,111,24,0.4215,0.1185,0.0541,0.7748,0.4196,4,1.0,1.0
R2,cons_judge,2-agent mixed,GPT,both,trustee,coop,own_cons_judge,0.0003,-0.0429,0.0434,0.9904,92,24,0.4215,0.1185,0.0541,0.7748,0.4196,18,1.0,1.0
R1,cons_lex,2-agent mixed,GPT,both,trustee,coop,own_cons_lex,-0.0011,-0.0628,0.0606,0.9733,113,24,0.418,0.1239,0.0531,0.2212,0.4169,4,1.0,1.0
R2,cons_lex,2-agent mixed,GPT,both,trustee,coop,own_cons_lex,0.0316,-0.0186,0.0818,0.2177,94,24,0.418,0.1239,0.0531,0.2212,0.4169,16,1.0,1.0
R1,cons_emb_z,2-agent mixed,GPT,both,trustee,coop,own_cons_emb_z,-0.0092,-0.0652,0.0468,0.7477,113,24,0.418,0.1239,0.0531,-1.9484,0.6959,4,1.0,1.0
R2,cons_emb_z,2-agent mixed,GPT,both,trustee,coop,own_cons_emb_z,-0.0065,-0.0295,0.0165,0.5776,94,24,0.418,0.1239,0.0531,-1.9484,0.6959,24,1.0,1.0
R1,cons_judge,2-agent mixed,GPT,both,investor,absdelta,own_cons_judge,-0.0694,-0.1917,0.053,0.2664,95,24,0.1184,0.2214,0.6211,0.7789,0.4172,4,1.0,1.0
R2,cons_judge,2-agent mixed,GPT,both,investor,absdelta,own_cons_judge,-0.0738,-0.1593,0.0117,0.0907,95,24,0.1184,0.2214,0.6211,0.7789,0.4172,15,1.0,1.0
R1,cons_lex,2-agent mixed,GPT,both,investor,absdelta,own_cons_lex,-0.0183,-0.1056,0.0691,0.6817,95,24,0.1184,0.2214,0.6211,0.3474,0.4787,4,1.0,1.0
R2,cons_lex,2-agent mixed,GPT,both,investor,absdelta,own_cons_lex,0.0317,-0.0501,0.1134,0.4481,95,24,0.1184,0.2214,0.6211,0.3474,0.4787,16,1.0,1.0
R1,cons_emb_z,2-agent mixed,GPT,both,investor,absdelta,own_cons_emb_z,-0.0044,-0.0425,0.0337,0.821,95,24,0.1184,0.2214,0.6211,-1.9164,0.7926,4,1.0,1.0
R2,cons_emb_z,2-agent mixed,GPT,both,investor,absdelta,own_cons_emb_z,0.0056,-0.0488,0.0599,0.8413,95,24,0.1184,0.2214,0.6211,-1.9164,0.7926,24,1.0,1.0
R1,cons_judge,2-agent mixed,GPT,both,trustee,absdelta,own_cons_judge,0.0027,-0.0727,0.0781,0.9438,92,24,0.0779,0.1136,0.0326,0.837,0.3714,4,1.0,1.0
R2,cons_judge,2-agent mixed,GPT,both,trustee,absdelta,own_cons_judge,0.0063,-0.0566,0.0692,0.8444,92,24,0.0779,0.1136,0.0326,0.837,0.3714,14,1.0,1.0
R1,cons_lex,2-agent mixed,GPT,both,trustee,absdelta,own_cons_lex,0.0435,-0.0061,0.0931,0.0859,94,24,0.0786,0.1127,0.0319,0.266,0.4442,4,1.0,1.0
R2,cons_lex,2-agent mixed,GPT,both,trustee,absdelta,own_cons_lex,0.0433,-0.0107,0.0973,0.1163,94,24,0.0786,0.1127,0.0319,0.266,0.4442,15,1.0,1.0
R1,cons_emb_z,2-agent mixed,GPT,both,trustee,absdelta,own_cons_emb_z,-0.0097,-0.0377,0.0184,0.4999,94,24,0.0786,0.1127,0.0319,-1.9402,0.7108,4,1.0,1.0
R2,cons_emb_z,2-agent mixed,GPT,both,trustee,absdelta,own_cons_emb_z,-0.0308,-0.0722,0.0105,0.1438,94,24,0.0786,0.1127,0.0319,-1.9402,0.7108,24,1.0,1.0
R1,cons_judge,2-agent mixed,GPT,both,investor,zero,own_cons_judge,0.0,0.0,0.0,,113,24,0.0,0.0,1.0,0.6991,0.4607,4,1.0,1.0
R2,cons_judge,2-agent mixed,GPT,both,investor,zero,own_cons_judge,0.0,0.0,0.0,,95,24,0.0,0.0,1.0,0.6991,0.4607,20,1.0,1.0
R1,cons_lex,2-agent mixed,GPT,both,investor,zero,own_cons_lex,0.0,0.0,0.0,,113,24,0.0,0.0,1.0,0.3009,0.4607,4,1.0,1.0
R2,cons_lex,2-agent mixed,GPT,both,investor,zero,own_cons_lex,0.0,0.0,0.0,,95,24,0.0,0.0,1.0,0.3009,0.4607,18,1.0,1.0
R1,cons_emb_z,2-agent mixed,GPT,both,investor,zero,own_cons_emb_z,0.0,0.0,0.0,,113,24,0.0,0.0,1.0,-1.9634,0.7664,4,1.0,1.0
R2,cons_emb_z,2-agent mixed,GPT,both,investor,zero,own_cons_emb_z,0.0,0.0,0.0,,95,24,0.0,0.0,1.0,-1.9634,0.7664,24,1.0,1.0
R1,cons_lex,2-agent mixed,GPT,both,investor,cut_after_letdown,own_cons_lex,0.0,0.0,0.0,,7,5,0.0,0.0,1.0,0.5714,0.5345,1,1.0,1.0
R2,cons_lex,2-agent mixed,GPT,both,investor,cut_after_letdown,own_cons_lex,0.0,0.0,0.0,,7,5,0.0,0.0,1.0,0.5714,0.5345,1,1.0,1.0
R1,cons_emb_z,2-agent mixed,GPT,both,investor,cut_after_letdown,own_cons_emb_z,0.0,0.0,0.0,,7,5,0.0,0.0,1.0,-1.6192,0.7485,2,1.0,1.0
R2,cons_emb_z,2-agent mixed,GPT,both,investor,cut_after_letdown,own_cons_emb_z,0.0,0.0,0.0,,7,5,0.0,0.0,1.0,-1.6192,0.7485,1,1.0,1.0
R1,cons_judge,2-agent mixed,GPT,game_myth,investor,coop,own_cons_judge,-0.2421,-0.4851,0.0008,0.0508,53,12,0.8062,0.2955,0.5849,0.6604,0.4781,2,1.0,1.0
R2,cons_judge,2-agent mixed,GPT,game_myth,investor,coop,own_cons_judge,-0.0569,-0.2348,0.121,0.5307,47,12,0.8062,0.2955,0.5849,0.6604,0.4781,9,1.0,1.0
R1,cons_lex,2-agent mixed,GPT,game_myth,investor,coop,own_cons_lex,-0.117,-0.3346,0.1006,0.2919,53,12,0.8062,0.2955,0.5849,0.2453,0.4344,2,1.0,1.0
R2,cons_lex,2-agent mixed,GPT,game_myth,investor,coop,own_cons_lex,0.0171,-0.1042,0.1383,0.7827,47,12,0.8062,0.2955,0.5849,0.2453,0.4344,8,1.0,1.0
R1,cons_emb_z,2-agent mixed,GPT,game_myth,investor,coop,own_cons_emb_z,-0.0364,-0.1588,0.086,0.5602,53,12,0.8062,0.2955,0.5849,-2.018,0.7829,2,1.0,1.0
R2,cons_emb_z,2-agent mixed,GPT,game_myth,investor,coop,own_cons_emb_z,0.0031,-0.0689,0.0751,0.9327,47,12,0.8062,0.2955,0.5849,-2.018,0.7829,12,1.0,1.0
R1,cons_judge,2-agent mixed,GPT,game_myth,trustee,coop,own_cons_judge,0.0172,-0.0954,0.1297,0.765,51,12,0.4343,0.1366,0.0588,0.7451,0.4401,2,1.0,1.0
R2,cons_judge,2-agent mixed,GPT,game_myth,trustee,coop,own_cons_judge,-0.0443,-0.117,0.0285,0.233,44,12,0.4343,0.1366,0.0588,0.7451,0.4401,10,1.0,1.0
R1,cons_lex,2-agent mixed,GPT,game_myth,trustee,coop,own_cons_lex,-0.059,-0.1544,0.0364,0.2256,53,12,0.4263,0.1466,0.0566,0.2075,0.4094,2,1.0,1.0
R2,cons_lex,2-agent mixed,GPT,game_myth,trustee,coop,own_cons_lex,-0.0323,-0.0961,0.0316,0.3224,46,12,0.4263,0.1466,0.0566,0.2075,0.4094,8,1.0,1.0
R1,cons_emb_z,2-agent mixed,GPT,game_myth,trustee,coop,own_cons_emb_z,-0.0324,-0.1281,0.0633,0.5065,53,12,0.4263,0.1466,0.0566,-1.9976,0.7348,2,1.0,1.0
R2,cons_emb_z,2-agent mixed,GPT,game_myth,trustee,coop,own_cons_emb_z,-0.0274,-0.0556,0.0007,0.0563,46,12,0.4263,0.1466,0.0566,-1.9976,0.7348,12,1.0,1.0
R1,cons_judge,2-agent mixed,GPT,game_myth,investor,absdelta,own_cons_judge,-0.1556,-0.3199,0.0087,0.0635,47,12,0.1544,0.2701,0.5745,0.7021,0.4623,2,1.0,1.0
R2,cons_judge,2-agent mixed,GPT,game_myth,investor,absdelta,own_cons_judge,-0.141,-0.2991,0.0171,0.0806,47,12,0.1544,0.2701,0.5745,0.7021,0.4623,9,1.0,1.0
R1,cons_lex,2-agent mixed,GPT,game_myth,investor,absdelta,own_cons_lex,-0.0654,-0.2044,0.0736,0.3564,47,12,0.1544,0.2701,0.5745,0.2553,0.4408,2,1.0,1.0
R2,cons_lex,2-agent mixed,GPT,game_myth,investor,absdelta,own_cons_lex,0.0142,-0.0979,0.1263,0.8041,47,12,0.1544,0.2701,0.5745,0.2553,0.4408,7,1.0,1.0
R1,cons_emb_z,2-agent mixed,GPT,game_myth,investor,absdelta,own_cons_emb_z,-0.0211,-0.0844,0.0422,0.5139,47,12,0.1544,0.2701,0.5745,-1.9626,0.8054,2,1.0,1.0
R2,cons_emb_z,2-agent mixed,GPT,game_myth,investor,absdelta,own_cons_emb_z,-0.0239,-0.1058,0.0579,0.5663,47,12,0.1544,0.2701,0.5745,-1.9626,0.8054,12,1.0,1.0
R1,cons_judge,2-agent mixed,GPT,game_myth,trustee,absdelta,own_cons_judge,-0.0292,-0.095,0.0365,0.3833,44,12,0.0956,0.1354,0.0682,0.8409,0.37,2,1.0,1.0
R2,cons_judge,2-agent mixed,GPT,game_myth,trustee,absdelta,own_cons_judge,-0.0398,-0.1021,0.0224,0.2096,44,12,0.0956,0.1354,0.0682,0.8409,0.37,7,1.0,1.0
R1,cons_lex,2-agent mixed,GPT,game_myth,trustee,absdelta,own_cons_lex,-0.0137,-0.0729,0.0455,0.6506,46,12,0.0964,0.1328,0.0652,0.2391,0.4313,2,1.0,1.0
R2,cons_lex,2-agent mixed,GPT,game_myth,trustee,absdelta,own_cons_lex,-0.0332,-0.0986,0.0322,0.3199,46,12,0.0964,0.1328,0.0652,0.2391,0.4313,7,1.0,1.0
R1,cons_emb_z,2-agent mixed,GPT,game_myth,trustee,absdelta,own_cons_emb_z,-0.0023,-0.045,0.0403,0.9152,46,12,0.0964,0.1328,0.0652,-2.0196,0.7569,2,1.0,1.0
R2,cons_emb_z,2-agent mixed,GPT,game_myth,trustee,absdelta,own_cons_emb_z,-0.0288,-0.0566,-0.001,0.0421,46,12,0.0964,0.1328,0.0652,-2.0196,0.7569,12,1.0,1.0
R1,cons_judge,2-agent mixed,GPT,game_myth,investor,zero,own_cons_judge,0.0,0.0,0.0,,53,12,0.0,0.0,1.0,0.6604,0.4781,2,1.0,1.0
R2,cons_judge,2-agent mixed,GPT,game_myth,investor,zero,own_cons_judge,0.0,0.0,0.0,,47,12,0.0,0.0,1.0,0.6604,0.4781,9,1.0,1.0
R1,cons_lex,2-agent mixed,GPT,game_myth,investor,zero,own_cons_lex,0.0,0.0,0.0,,53,12,0.0,0.0,1.0,0.2453,0.4344,2,1.0,1.0
R2,cons_lex,2-agent mixed,GPT,game_myth,investor,zero,own_cons_lex,0.0,0.0,0.0,,47,12,0.0,0.0,1.0,0.2453,0.4344,8,1.0,1.0
R1,cons_emb_z,2-agent mixed,GPT,game_myth,investor,zero,own_cons_emb_z,0.0,0.0,0.0,,53,12,0.0,0.0,1.0,-2.018,0.7829,2,1.0,1.0
R2,cons_emb_z,2-agent mixed,GPT,game_myth,investor,zero,own_cons_emb_z,0.0,0.0,0.0,,47,12,0.0,0.0,1.0,-2.018,0.7829,12,1.0,1.0
R1,cons_lex,2-agent mixed,GPT,game_myth,investor,cut_after_letdown,own_cons_lex,0.0,0.0,0.0,,4,2,0.0,0.0,1.0,0.5,0.5774,1,1.0,1.0
R2,cons_lex,2-agent mixed,GPT,game_myth,investor,cut_after_letdown,own_cons_lex,0.0,0.0,0.0,,4,2,0.0,0.0,1.0,0.5,0.5774,1,1.0,1.0
R1,cons_emb_z,2-agent mixed,GPT,game_myth,investor,cut_after_letdown,own_cons_emb_z,0.0,0.0,0.0,,4,2,0.0,0.0,1.0,-1.7264,1.0155,1,1.0,1.0
R2,cons_emb_z,2-agent mixed,GPT,game_myth,investor,cut_after_letdown,own_cons_emb_z,0.0,0.0,0.0,,4,2,0.0,0.0,1.0,-1.7264,1.0155,1,1.0,1.0
R1,cons_judge,2-agent mixed,GPT,myth_game,investor,coop,own_cons_judge,0.0582,-0.0739,0.1903,0.3876,60,12,0.8316,0.2297,0.5833,0.7333,0.4459,2,1.0,1.0
R2,cons_judge,2-agent mixed,GPT,myth_game,investor,coop,own_cons_judge,-0.0458,-0.1415,0.0499,0.3484,48,12,0.8316,0.2297,0.5833,0.7333,0.4459,11,1.0,1.0
R1,cons_lex,2-agent mixed,GPT,myth_game,investor,coop,own_cons_lex,0.0671,-0.071,0.2051,0.3411,60,12,0.8316,0.2297,0.5833,0.35,0.481,2,1.0,1.0
R2,cons_lex,2-agent mixed,GPT,myth_game,investor,coop,own_cons_lex,0.0122,-0.0713,0.0958,0.7745,48,12,0.8316,0.2297,0.5833,0.35,0.481,10,1.0,1.0
R1,cons_emb_z,2-agent mixed,GPT,myth_game,investor,coop,own_cons_emb_z,-0.0021,-0.1051,0.101,0.9687,60,12,0.8316,0.2297,0.5833,-1.9151,0.7547,2,1.0,1.0
R2,cons_emb_z,2-agent mixed,GPT,myth_game,investor,coop,own_cons_emb_z,-0.0158,-0.0847,0.0531,0.6534,48,12,0.8316,0.2297,0.5833,-1.9151,0.7547,12,1.0,1.0
R1,cons_judge,2-agent mixed,GPT,myth_game,trustee,coop,own_cons_judge,0.029,-0.0296,0.0877,0.3317,60,12,0.4107,0.1005,0.05,0.8,0.4034,2,1.0,1.0
R2,cons_judge,2-agent mixed,GPT,myth_game,trustee,coop,own_cons_judge,0.0359,0.0062,0.0656,0.0179,48,12,0.4107,0.1005,0.05,0.8,0.4034,8,1.0,0.5556
R1,cons_lex,2-agent mixed,GPT,myth_game,trustee,coop,own_cons_lex,0.0309,-0.052,0.1138,0.4651,60,12,0.4107,0.1005,0.05,0.2333,0.4265,2,1.0,1.0
R2,cons_lex,2-agent mixed,GPT,myth_game,trustee,coop,own_cons_lex,0.0641,-0.0116,0.1398,0.0971,48,12,0.4107,0.1005,0.05,0.2333,0.4265,8,1.0,1.0
R1,cons_emb_z,2-agent mixed,GPT,myth_game,trustee,coop,own_cons_emb_z,0.02,-0.022,0.0619,0.3512,60,12,0.4107,0.1005,0.05,-1.905,0.6627,2,1.0,1.0
R2,cons_emb_z,2-agent mixed,GPT,myth_game,trustee,coop,own_cons_emb_z,0.0107,-0.0295,0.0509,0.603,48,12,0.4107,0.1005,0.05,-1.905,0.6627,12,1.0,1.0
R1,cons_judge,2-agent mixed,GPT,myth_game,investor,absdelta,own_cons_judge,0.0702,-0.024,0.1644,0.1444,48,12,0.0831,0.1552,0.6667,0.8542,0.3567,2,1.0,1.0
R2,cons_judge,2-agent mixed,GPT,myth_game,investor,absdelta,own_cons_judge,-0.0438,-0.1549,0.0673,0.44,48,12,0.0831,0.1552,0.6667,0.8542,0.3567,6,1.0,1.0
R1,cons_lex,2-agent mixed,GPT,myth_game,investor,absdelta,own_cons_lex,-0.001,-0.1067,0.1048,0.9856,48,12,0.0831,0.1552,0.6667,0.4375,0.5013,2,1.0,1.0
R2,cons_lex,2-agent mixed,GPT,myth_game,investor,absdelta,own_cons_lex,0.0149,-0.1161,0.146,0.8234,48,12,0.0831,0.1552,0.6667,0.4375,0.5013,9,1.0,1.0
R1,cons_emb_z,2-agent mixed,GPT,myth_game,investor,absdelta,own_cons_emb_z,0.0408,0.0042,0.0774,0.029,48,12,0.0831,0.1552,0.6667,-1.8712,0.7857,2,1.0,0.8693
R2,cons_emb_z,2-agent mixed,GPT,myth_game,investor,absdelta,own_cons_emb_z,0.0397,-0.0232,0.1025,0.2161,48,12,0.0831,0.1552,0.6667,-1.8712,0.7857,12,1.0,1.0
R1,cons_judge,2-agent mixed,GPT,myth_game,trustee,absdelta,own_cons_judge,0.0472,-0.0123,0.1067,0.1198,48,12,0.0616,0.0874,0.0417,0.8333,0.3766,2,1.0,1.0
R2,cons_judge,2-agent mixed,GPT,myth_game,trustee,absdelta,own_cons_judge,0.0652,0.0061,0.1243,0.0305,48,12,0.0616,0.0874,0.0417,0.8333,0.3766,7,1.0,0.885
R1,cons_lex,2-agent mixed,GPT,myth_game,trustee,absdelta,own_cons_lex,0.0667,-0.0026,0.1361,0.0594,48,12,0.0616,0.0874,0.0417,0.2917,0.4593,2,1.0,1.0
R2,cons_lex,2-agent mixed,GPT,myth_game,trustee,absdelta,own_cons_lex,0.0835,-0.0213,0.1883,0.1183,48,12,0.0616,0.0874,0.0417,0.2917,0.4593,8,1.0,1.0
R1,cons_emb_z,2-agent mixed,GPT,myth_game,trustee,absdelta,own_cons_emb_z,-0.0169,-0.0585,0.0247,0.426,48,12,0.0616,0.0874,0.0417,-1.8642,0.6628,2,1.0,1.0
R2,cons_emb_z,2-agent mixed,GPT,myth_game,trustee,absdelta,own_cons_emb_z,-0.0259,-0.0786,0.0268,0.3354,48,12,0.0616,0.0874,0.0417,-1.8642,0.6628,12,1.0,1.0
R1,cons_judge,2-agent mixed,GPT,myth_game,investor,zero,own_cons_judge,0.0,0.0,0.0,,60,12,0.0,0.0,1.0,0.7333,0.4459,2,1.0,1.0
R2,cons_judge,2-agent mixed,GPT,myth_game,investor,zero,own_cons_judge,0.0,0.0,0.0,,48,12,0.0,0.0,1.0,0.7333,0.4459,11,1.0,1.0
R1,cons_lex,2-agent mixed,GPT,myth_game,investor,zero,own_cons_lex,0.0,0.0,0.0,,60,12,0.0,0.0,1.0,0.35,0.481,2,1.0,1.0
R2,cons_lex,2-agent mixed,GPT,myth_game,investor,zero,own_cons_lex,0.0,0.0,0.0,,48,12,0.0,0.0,1.0,0.35,0.481,10,1.0,1.0
R1,cons_emb_z,2-agent mixed,GPT,myth_game,investor,zero,own_cons_emb_z,0.0,0.0,0.0,,60,12,0.0,0.0,1.0,-1.9151,0.7547,2,1.0,1.0
R2,cons_emb_z,2-agent mixed,GPT,myth_game,investor,zero,own_cons_emb_z,0.0,0.0,0.0,,48,12,0.0,0.0,1.0,-1.9151,0.7547,12,1.0,1.0
R1,cons_emb_z,2-agent mixed,GPT,myth_game,investor,cut_after_letdown,own_cons_emb_z,0.0,0.0,0.0,,3,3,0.0,0.0,1.0,-1.4764,0.2835,1,1.0,1.0
R1,cons_judge,2-agent mixed,Gemini,both,trustee,coop,own_cons_judge,0.0173,-0.0266,0.0611,0.44,114,24,0.4453,0.0412,0.0351,0.9386,0.2411,2,1.0,1.0
R2,cons_judge,2-agent mixed,Gemini,both,trustee,coop,own_cons_judge,0.0156,-0.0109,0.0422,0.2485,94,24,0.4453,0.0412,0.0351,0.9386,0.2411,6,1.0,1.0
R1,cons_lex,2-agent mixed,Gemini,both,trustee,coop,own_cons_lex,0.0283,0.0098,0.0469,0.0028,114,24,0.4453,0.0412,0.0351,0.1491,0.3578,4,1.0,0.0335
R2,cons_lex,2-agent mixed,Gemini,both,trustee,coop,own_cons_lex,0.0176,-0.0033,0.0385,0.0997,94,24,0.4453,0.0412,0.0351,0.1491,0.3578,13,1.0,1.0
R1,cons_emb_z,2-agent mixed,Gemini,both,trustee,coop,own_cons_emb_z,0.0012,-0.0099,0.0123,0.8334,114,24,0.4453,0.0412,0.0351,-1.1622,0.6706,4,1.0,1.0
R2,cons_emb_z,2-agent mixed,Gemini,both,trustee,coop,own_cons_emb_z,0.0077,-0.002,0.0174,0.1194,94,24,0.4453,0.0412,0.0351,-1.1622,0.6706,24,1.0,1.0
R1,cons_judge,2-agent mixed,Gemini,both,trustee,absdelta,own_cons_judge,-0.0457,-0.1621,0.0708,0.4424,94,24,0.0411,0.0379,0.0426,0.9681,0.1767,2,1.0,1.0
R2,cons_judge,2-agent mixed,Gemini,both,trustee,absdelta,own_cons_judge,-0.0161,-0.06,0.0278,0.4724,94,24,0.0411,0.0379,0.0426,0.9681,0.1767,3,1.0,1.0
R1,cons_lex,2-agent mixed,Gemini,both,trustee,absdelta,own_cons_lex,0.002,-0.0257,0.0297,0.8879,94,24,0.0411,0.0379,0.0426,0.1596,0.3682,4,1.0,1.0
R2,cons_lex,2-agent mixed,Gemini,both,trustee,absdelta,own_cons_lex,0.0074,-0.0153,0.0301,0.5231,94,24,0.0411,0.0379,0.0426,0.1596,0.3682,12,1.0,1.0
R1,cons_emb_z,2-agent mixed,Gemini,both,trustee,absdelta,own_cons_emb_z,-0.0048,-0.0171,0.0075,0.446,94,24,0.0411,0.0379,0.0426,-1.1207,0.6722,4,1.0,1.0
R2,cons_emb_z,2-agent mixed,Gemini,both,trustee,absdelta,own_cons_emb_z,0.0,-0.0097,0.0098,0.9969,94,24,0.0411,0.0379,0.0426,-1.1207,0.6722,24,1.0,1.0
R1,cons_judge,2-agent mixed,Gemini,game_myth,trustee,coop,own_cons_judge,0.0112,-0.0457,0.0681,0.7003,54,12,0.443,0.0445,0.0556,0.8704,0.339,2,1.0,1.0
R2,cons_judge,2-agent mixed,Gemini,game_myth,trustee,coop,own_cons_judge,0.0088,-0.0201,0.0376,0.5511,46,12,0.443,0.0445,0.0556,0.8704,0.339,6,1.0,1.0
R1,cons_lex,2-agent mixed,Gemini,game_myth,trustee,coop,own_cons_lex,0.0435,0.0228,0.0643,0.0,54,12,0.443,0.0445,0.0556,0.2222,0.4196,2,0.0404,0.0004
R2,cons_lex,2-agent mixed,Gemini,game_myth,trustee,coop,own_cons_lex,0.036,0.0199,0.052,0.0,46,12,0.443,0.0445,0.0556,0.2222,0.4196,8,0.0114,0.0001
R1,cons_emb_z,2-agent mixed,Gemini,game_myth,trustee,coop,own_cons_emb_z,-0.0025,-0.0177,0.0127,0.7509,54,12,0.443,0.0445,0.0556,-1.3272,0.748,2,1.0,1.0
R2,cons_emb_z,2-agent mixed,Gemini,game_myth,trustee,coop,own_cons_emb_z,0.0064,-0.0085,0.0213,0.4008,46,12,0.443,0.0445,0.0556,-1.3272,0.748,12,1.0,1.0
R1,cons_judge,2-agent mixed,Gemini,game_myth,trustee,absdelta,own_cons_judge,-0.0468,-0.1664,0.0728,0.4432,46,12,0.046,0.0416,0.0435,0.9348,0.2496,2,1.0,1.0
R2,cons_judge,2-agent mixed,Gemini,game_myth,trustee,absdelta,own_cons_judge,-0.016,-0.0557,0.0236,0.4273,46,12,0.046,0.0416,0.0435,0.9348,0.2496,3,1.0,1.0
R1,cons_lex,2-agent mixed,Gemini,game_myth,trustee,absdelta,own_cons_lex,0.0025,-0.0415,0.0464,0.9126,46,12,0.046,0.0416,0.0435,0.2391,0.4313,2,1.0,1.0
R2,cons_lex,2-agent mixed,Gemini,game_myth,trustee,absdelta,own_cons_lex,-0.001,-0.0343,0.0322,0.9513,46,12,0.046,0.0416,0.0435,0.2391,0.4313,8,1.0,1.0
R1,cons_emb_z,2-agent mixed,Gemini,game_myth,trustee,absdelta,own_cons_emb_z,-0.0091,-0.022,0.0037,0.164,46,12,0.046,0.0416,0.0435,-1.2613,0.7791,2,1.0,1.0
R2,cons_emb_z,2-agent mixed,Gemini,game_myth,trustee,absdelta,own_cons_emb_z,0.0025,-0.0125,0.0174,0.7447,46,12,0.046,0.0416,0.0435,-1.2613,0.7791,12,1.0,1.0
R1,cons_lex,2-agent mixed,Gemini,myth_game,trustee,coop,own_cons_lex,0.0025,-0.0326,0.0375,0.8904,60,12,0.4474,0.0382,0.05,0.0833,0.2787,2,1.0,1.0
R2,cons_lex,2-agent mixed,Gemini,myth_game,trustee,coop,own_cons_lex,-0.0284,-0.0713,0.0145,0.1943,48,12,0.4474,0.0382,0.05,0.0833,0.2787,5,1.0,1.0
R1,cons_emb_z,2-agent mixed,Gemini,myth_game,trustee,coop,own_cons_emb_z,0.004,-0.0171,0.0252,0.7093,60,12,0.4474,0.0382,0.05,-1.0136,0.558,2,1.0,1.0
R2,cons_emb_z,2-agent mixed,Gemini,myth_game,trustee,coop,own_cons_emb_z,0.0115,-0.0072,0.0303,0.2282,48,12,0.4474,0.0382,0.05,-1.0136,0.558,12,1.0,1.0
R1,cons_lex,2-agent mixed,Gemini,myth_game,trustee,absdelta,own_cons_lex,0.0054,-0.0213,0.0321,0.6936,48,12,0.0364,0.0337,0.0417,0.0833,0.2793,2,1.0,1.0
R2,cons_lex,2-agent mixed,Gemini,myth_game,trustee,absdelta,own_cons_lex,0.0375,-0.0002,0.0752,0.051,48,12,0.0364,0.0337,0.0417,0.0833,0.2793,4,1.0,0.4083
R1,cons_emb_z,2-agent mixed,Gemini,myth_game,trustee,absdelta,own_cons_emb_z,0.0014,-0.0141,0.0169,0.8582,48,12,0.0364,0.0337,0.0417,-0.986,0.5245,2,1.0,1.0
R2,cons_emb_z,2-agent mixed,Gemini,myth_game,trustee,absdelta,own_cons_emb_z,-0.0045,-0.0193,0.0103,0.549,48,12,0.0364,0.0337,0.0417,-0.986,0.5245,12,1.0,1.0
R1,cons_judge,2-agent mixed,Sonnet,both,investor,coop,own_cons_judge,0.0364,-0.0853,0.158,0.558,114,24,0.8262,0.2292,0.4386,0.7368,0.4423,4,1.0,1.0
R2,cons_judge,2-agent mixed,Sonnet,both,investor,coop,own_cons_judge,0.0632,-0.0063,0.1326,0.0747,96,24,0.8262,0.2292,0.4386,0.7368,0.4423,20,1.0,1.0
R1,cons_lex,2-agent mixed,Sonnet,both,investor,coop,own_cons_lex,-0.047,-0.1276,0.0336,0.2532,114,24,0.8262,0.2292,0.4386,0.3158,0.4669,4,1.0,1.0
R2,cons_lex,2-agent mixed,Sonnet,both,investor,coop,own_cons_lex,0.0639,0.0127,0.115,0.0144,96,24,0.8262,0.2292,0.4386,0.3158,0.4669,15,1.0,0.3885
R1,cons_emb_z,2-agent mixed,Sonnet,both,investor,coop,own_cons_emb_z,-0.0268,-0.0883,0.0346,0.3922,114,24,0.8262,0.2292,0.4386,-1.2198,1.0087,4,1.0,1.0
R2,cons_emb_z,2-agent mixed,Sonnet,both,investor,coop,own_cons_emb_z,-0.0183,-0.0403,0.0037,0.1028,96,24,0.8262,0.2292,0.4386,-1.2198,1.0087,24,1.0,1.0
R1,cons_judge,2-agent mixed,Sonnet,both,trustee,coop,own_cons_judge,0.0482,-0.0047,0.101,0.074,114,24,0.4782,0.1112,0.1053,0.8246,0.382,4,1.0,1.0
R2,cons_judge,2-agent mixed,Sonnet,both,trustee,coop,own_cons_judge,0.0458,-0.0359,0.1275,0.2721,93,24,0.4782,0.1112,0.1053,0.8246,0.382,14,1.0,1.0
R1,cons_lex,2-agent mixed,Sonnet,both,trustee,coop,own_cons_lex,0.0543,0.0045,0.1042,0.0326,114,24,0.4782,0.1112,0.1053,0.3158,0.4669,4,1.0,0.8485
R2,cons_lex,2-agent mixed,Sonnet,both,trustee,coop,own_cons_lex,0.052,0.0188,0.0853,0.0021,93,24,0.4782,0.1112,0.1053,0.3158,0.4669,16,1.0,0.0619
R1,cons_emb_z,2-agent mixed,Sonnet,both,trustee,coop,own_cons_emb_z,-0.0148,-0.0387,0.0091,0.226,114,24,0.4782,0.1112,0.1053,-1.1012,0.88,4,1.0,1.0
R2,cons_emb_z,2-agent mixed,Sonnet,both,trustee,coop,own_cons_emb_z,-0.003,-0.0281,0.0222,0.8181,93,24,0.4782,0.1112,0.1053,-1.1012,0.88,24,1.0,1.0
R1,cons_judge,2-agent mixed,Sonnet,both,investor,absdelta,own_cons_judge,-0.1533,-0.2114,-0.0952,0.0,96,24,0.0813,0.1234,0.4896,0.8229,0.3837,3,0.0002,0.0
R2,cons_judge,2-agent mixed,Sonnet,both,investor,absdelta,own_cons_judge,-0.117,-0.1883,-0.0457,0.0013,96,24,0.0813,0.1234,0.4896,0.8229,0.3837,12,1.0,0.0402
R1,cons_lex,2-agent mixed,Sonnet,both,investor,absdelta,own_cons_lex,-0.0513,-0.1095,0.0069,0.0842,96,24,0.0813,0.1234,0.4896,0.375,0.4867,4,1.0,1.0
R2,cons_lex,2-agent mixed,Sonnet,both,investor,absdelta,own_cons_lex,-0.0346,-0.1021,0.0329,0.3149,96,24,0.0813,0.1234,0.4896,0.375,0.4867,13,1.0,1.0
R1,cons_emb_z,2-agent mixed,Sonnet,both,investor,absdelta,own_cons_emb_z,-0.0365,-0.059,-0.0141,0.0014,96,24,0.0813,0.1234,0.4896,-1.0404,0.9588,4,1.0,0.0429
R2,cons_emb_z,2-agent mixed,Sonnet,both,investor,absdelta,own_cons_emb_z,-0.0278,-0.0607,0.0051,0.098,96,24,0.0813,0.1234,0.4896,-1.0404,0.9588,24,1.0,1.0
R1,cons_judge,2-agent mixed,Sonnet,both,trustee,absdelta,own_cons_judge,-0.0345,-0.0674,-0.0016,0.0397,93,24,0.0602,0.0628,0.1075,0.914,0.2819,3,1.0,0.9929
R2,cons_judge,2-agent mixed,Sonnet,both,trustee,absdelta,own_cons_judge,0.0078,-0.0503,0.0659,0.7927,93,24,0.0602,0.0628,0.1075,0.914,0.2819,7,1.0,1.0
R1,cons_lex,2-agent mixed,Sonnet,both,trustee,absdelta,own_cons_lex,0.0032,-0.0202,0.0266,0.7878,93,24,0.0602,0.0628,0.1075,0.3871,0.4897,4,1.0,1.0
R2,cons_lex,2-agent mixed,Sonnet,both,trustee,absdelta,own_cons_lex,0.0086,-0.0328,0.0501,0.6831,93,24,0.0602,0.0628,0.1075,0.3871,0.4897,13,1.0,1.0
R1,cons_emb_z,2-agent mixed,Sonnet,both,trustee,absdelta,own_cons_emb_z,-0.0096,-0.03,0.0107,0.3529,93,24,0.0602,0.0628,0.1075,-0.9075,0.8312,4,1.0,1.0
R2,cons_emb_z,2-agent mixed,Sonnet,both,trustee,absdelta,own_cons_emb_z,-0.0011,-0.0226,0.0203,0.9164,93,24,0.0602,0.0628,0.1075,-0.9075,0.8312,24,1.0,1.0
R1,cons_judge,2-agent mixed,Sonnet,both,investor,zero,own_cons_judge,-0.0341,-0.0967,0.0286,0.2866,114,24,0.0088,0.0937,0.9912,0.7368,0.4423,4,1.0,1.0
R2,cons_judge,2-agent mixed,Sonnet,both,investor,zero,own_cons_judge,-0.0619,-0.1429,0.0191,0.1342,96,24,0.0088,0.0937,0.9912,0.7368,0.4423,20,1.0,1.0
R1,cons_lex,2-agent mixed,Sonnet,both,investor,zero,own_cons_lex,-0.0158,-0.0507,0.0191,0.375,114,24,0.0088,0.0937,0.9912,0.3158,0.4669,4,1.0,1.0
R2,cons_lex,2-agent mixed,Sonnet,both,investor,zero,own_cons_lex,-0.0205,-0.0663,0.0253,0.3797,96,24,0.0088,0.0937,0.9912,0.3158,0.4669,15,1.0,1.0
R1,cons_emb_z,2-agent mixed,Sonnet,both,investor,zero,own_cons_emb_z,-0.0017,-0.0127,0.0093,0.7623,114,24,0.0088,0.0937,0.9912,-1.2198,1.0087,4,1.0,1.0
R2,cons_emb_z,2-agent mixed,Sonnet,both,investor,zero,own_cons_emb_z,-0.0142,-0.0377,0.0093,0.2378,96,24,0.0088,0.0937,0.9912,-1.2198,1.0087,24,1.0,1.0
R1,cons_judge,2-agent mixed,Sonnet,both,investor,cut_after_letdown,own_cons_judge,-0.4626,-0.7363,-0.1889,0.0009,19,7,0.4211,0.5073,0.5789,0.6316,0.4956,2,0.9516,0.0296
R2,cons_judge,2-agent mixed,Sonnet,both,investor,cut_after_letdown,own_cons_judge,-0.4536,-0.6156,-0.2917,0.0,19,7,0.4211,0.5073,0.5789,0.6316,0.4956,4,0.0,0.0
R1,cons_lex,2-agent mixed,Sonnet,both,investor,cut_after_letdown,own_cons_lex,-0.4042,-0.5824,-0.226,0.0,19,7,0.4211,0.5073,0.5789,0.6316,0.4956,2,0.0092,0.0003
R2,cons_lex,2-agent mixed,Sonnet,both,investor,cut_after_letdown,own_cons_lex,-0.4408,-0.5818,-0.2999,0.0,19,7,0.4211,0.5073,0.5789,0.6316,0.4956,4,0.0,0.0
R1,cons_emb_z,2-agent mixed,Sonnet,both,investor,cut_after_letdown,own_cons_emb_z,0.0833,-0.4173,0.584,0.7442,19,7,0.4211,0.5073,0.5789,-1.5362,0.7108,2,1.0,1.0
R2,cons_emb_z,2-agent mixed,Sonnet,both,investor,cut_after_letdown,own_cons_emb_z,0.3802,0.0916,0.6687,0.0098,19,7,0.4211,0.5073,0.5789,-1.5362,0.7108,5,1.0,0.2747
R1,cons_judge,2-agent mixed,Sonnet,game_myth,investor,coop,own_cons_judge,0.0295,-0.1485,0.2074,0.7455,54,12,0.8263,0.2541,0.4259,0.7037,0.4609,2,1.0,1.0
R2,cons_judge,2-agent mixed,Sonnet,game_myth,investor,coop,own_cons_judge,0.0191,-0.0532,0.0915,0.6043,48,12,0.8263,0.2541,0.4259,0.7037,0.4609,10,1.0,1.0
R1,cons_lex,2-agent mixed,Sonnet,game_myth,investor,coop,own_cons_lex,-0.0076,-0.0939,0.0787,0.8624,54,12,0.8263,0.2541,0.4259,0.2222,0.4196,2,1.0,1.0
R2,cons_lex,2-agent mixed,Sonnet,game_myth,investor,coop,own_cons_lex,0.0514,-0.0188,0.1216,0.1514,48,12,0.8263,0.2541,0.4259,0.2222,0.4196,6,1.0,1.0
R1,cons_emb_z,2-agent mixed,Sonnet,game_myth,investor,coop,own_cons_emb_z,-0.0447,-0.1024,0.0131,0.1293,54,12,0.8263,0.2541,0.4259,-1.4032,1.093,2,1.0,1.0
R2,cons_emb_z,2-agent mixed,Sonnet,game_myth,investor,coop,own_cons_emb_z,-0.0238,-0.0629,0.0153,0.2321,48,12,0.8263,0.2541,0.4259,-1.4032,1.093,12,1.0,1.0
R1,cons_judge,2-agent mixed,Sonnet,game_myth,trustee,coop,own_cons_judge,0.0431,-0.0238,0.1099,0.2067,54,12,0.4705,0.1351,0.1296,0.8148,0.3921,2,1.0,1.0
R2,cons_judge,2-agent mixed,Sonnet,game_myth,trustee,coop,own_cons_judge,0.0886,-0.1258,0.303,0.4181,45,12,0.4705,0.1351,0.1296,0.8148,0.3921,8,1.0,1.0
R1,cons_lex,2-agent mixed,Sonnet,game_myth,trustee,coop,own_cons_lex,0.066,-0.0339,0.166,0.1954,54,12,0.4705,0.1351,0.1296,0.3333,0.4758,2,1.0,1.0
R2,cons_lex,2-agent mixed,Sonnet,game_myth,trustee,coop,own_cons_lex,0.0608,-0.0152,0.1367,0.1171,45,12,0.4705,0.1351,0.1296,0.3333,0.4758,9,1.0,1.0
R1,cons_emb_z,2-agent mixed,Sonnet,game_myth,trustee,coop,own_cons_emb_z,-0.0002,-0.0395,0.0391,0.9911,54,12,0.4705,0.1351,0.1296,-1.1999,0.8716,2,1.0,1.0
R2,cons_emb_z,2-agent mixed,Sonnet,game_myth,trustee,coop,own_cons_emb_z,-0.0052,-0.0503,0.0399,0.8206,45,12,0.4705,0.1351,0.1296,-1.1999,0.8716,12,1.0,1.0
R1,cons_judge,2-agent mixed,Sonnet,game_myth,investor,absdelta,own_cons_judge,-0.1737,-0.2419,-0.1055,0.0,48,12,0.1015,0.1435,0.4375,0.7708,0.4247,2,0.0006,0.0
R2,cons_judge,2-agent mixed,Sonnet,game_myth,investor,absdelta,own_cons_judge,-0.161,-0.2314,-0.0906,0.0,48,12,0.1015,0.1435,0.4375,0.7708,0.4247,8,0.0078,0.0002
R1,cons_lex,2-agent mixed,Sonnet,game_myth,investor,absdelta,own_cons_lex,-0.0368,-0.1533,0.0797,0.5358,48,12,0.1015,0.1435,0.4375,0.25,0.4376,2,1.0,1.0
R2,cons_lex,2-agent mixed,Sonnet,game_myth,investor,absdelta,own_cons_lex,-0.0297,-0.1531,0.0936,0.6364,48,12,0.1015,0.1435,0.4375,0.25,0.4376,6,1.0,1.0
R1,cons_emb_z,2-agent mixed,Sonnet,game_myth,investor,absdelta,own_cons_emb_z,-0.0506,-0.0928,-0.0084,0.0187,48,12,0.1015,0.1435,0.4375,-1.2361,1.0218,2,1.0,0.541
R2,cons_emb_z,2-agent mixed,Sonnet,game_myth,investor,absdelta,own_cons_emb_z,-0.047,-0.1062,0.0123,0.1201,48,12,0.1015,0.1435,0.4375,-1.2361,1.0218,12,1.0,1.0
R1,cons_judge,2-agent mixed,Sonnet,game_myth,trustee,absdelta,own_cons_judge,-0.0232,-0.0927,0.0463,0.5138,45,12,0.0626,0.0705,0.1111,0.9333,0.2523,2,1.0,1.0
R2,cons_judge,2-agent mixed,Sonnet,game_myth,trustee,absdelta,own_cons_judge,0.126,0.0288,0.2231,0.0111,45,12,0.0626,0.0705,0.1111,0.9333,0.2523,2,1.0,0.3317
R1,cons_lex,2-agent mixed,Sonnet,game_myth,trustee,absdelta,own_cons_lex,0.0246,-0.0132,0.0624,0.2023,45,12,0.0626,0.0705,0.1111,0.4,0.4954,2,1.0,1.0
R2,cons_lex,2-agent mixed,Sonnet,game_myth,trustee,absdelta,own_cons_lex,0.0238,-0.0226,0.0701,0.3147,45,12,0.0626,0.0705,0.1111,0.4,0.4954,7,1.0,1.0
R1,cons_emb_z,2-agent mixed,Sonnet,game_myth,trustee,absdelta,own_cons_emb_z,0.0059,-0.02,0.0319,0.6536,45,12,0.0626,0.0705,0.1111,-1.0015,0.7913,2,1.0,1.0
R2,cons_emb_z,2-agent mixed,Sonnet,game_myth,trustee,absdelta,own_cons_emb_z,0.0329,0.0047,0.0611,0.0221,45,12,0.0626,0.0705,0.1111,-1.0015,0.7913,12,1.0,0.6181
R1,cons_judge,2-agent mixed,Sonnet,game_myth,investor,zero,own_cons_judge,-0.0584,-0.1663,0.0495,0.2887,54,12,0.0185,0.1361,0.9815,0.7037,0.4609,2,1.0,1.0
R2,cons_judge,2-agent mixed,Sonnet,game_myth,investor,zero,own_cons_judge,-0.079,-0.1548,-0.0032,0.0411,48,12,0.0185,0.1361,0.9815,0.7037,0.4609,10,1.0,1.0
R1,cons_lex,2-agent mixed,Sonnet,game_myth,investor,zero,own_cons_lex,-0.0543,-0.157,0.0484,0.3003,54,12,0.0185,0.1361,0.9815,0.2222,0.4196,2,1.0,1.0
R2,cons_lex,2-agent mixed,Sonnet,game_myth,investor,zero,own_cons_lex,-0.0361,-0.1042,0.032,0.2989,48,12,0.0185,0.1361,0.9815,0.2222,0.4196,6,1.0,1.0
R1,cons_emb_z,2-agent mixed,Sonnet,game_myth,investor,zero,own_cons_emb_z,0.0107,-0.0315,0.0528,0.6196,54,12,0.0185,0.1361,0.9815,-1.4032,1.093,2,1.0,1.0
R2,cons_emb_z,2-agent mixed,Sonnet,game_myth,investor,zero,own_cons_emb_z,-0.0023,-0.0423,0.0377,0.9092,48,12,0.0185,0.1361,0.9815,-1.4032,1.093,12,1.0,1.0
R1,cons_judge,2-agent mixed,Sonnet,game_myth,investor,cut_after_letdown,own_cons_judge,-1.0,-1.0,-1.0,0.0,8,4,0.25,0.4629,0.75,0.5,0.5345,1,0.0,0.0
R2,cons_judge,2-agent mixed,Sonnet,game_myth,investor,cut_after_letdown,own_cons_judge,-0.375,-0.375,-0.375,0.0,8,4,0.25,0.4629,0.75,0.5,0.5345,2,0.0,0.0
R1,cons_lex,2-agent mixed,Sonnet,game_myth,investor,cut_after_letdown,own_cons_lex,-0.5,-1.9969,0.9969,0.5127,8,4,0.25,0.4629,0.75,0.375,0.5175,1,1.0,1.0
R2,cons_lex,2-agent mixed,Sonnet,game_myth,investor,cut_after_letdown,own_cons_lex,-0.375,-0.375,-0.375,0.0,8,4,0.25,0.4629,0.75,0.375,0.5175,2,0.0,0.0
R1,cons_emb_z,2-agent mixed,Sonnet,game_myth,investor,cut_after_letdown,own_cons_emb_z,-0.1049,-0.8887,0.6789,0.7931,8,4,0.25,0.4629,0.75,-1.7225,0.9162,1,1.0,1.0
R2,cons_emb_z,2-agent mixed,Sonnet,game_myth,investor,cut_after_letdown,own_cons_emb_z,-0.2671,-0.2671,-0.2671,0.0,8,4,0.25,0.4629,0.75,-1.7225,0.9162,2,0.0,0.0
R1,cons_judge,2-agent mixed,Sonnet,myth_game,investor,coop,own_cons_judge,0.0408,-0.1361,0.2177,0.6509,60,12,0.8262,0.2064,0.45,0.7667,0.4265,2,1.0,1.0
R2,cons_judge,2-agent mixed,Sonnet,myth_game,investor,coop,own_cons_judge,0.1203,0.0268,0.2137,0.0116,48,12,0.8262,0.2064,0.45,0.7667,0.4265,10,1.0,0.3841
R1,cons_lex,2-agent mixed,Sonnet,myth_game,investor,coop,own_cons_lex,-0.0568,-0.144,0.0303,0.201,60,12,0.8262,0.2064,0.45,0.4,0.494,2,1.0,1.0
R2,cons_lex,2-agent mixed,Sonnet,myth_game,investor,coop,own_cons_lex,0.0783,0.01,0.1466,0.0247,48,12,0.8262,0.2064,0.45,0.4,0.494,9,1.0,0.789
R1,cons_emb_z,2-agent mixed,Sonnet,myth_game,investor,coop,own_cons_emb_z,-0.0046,-0.1189,0.1097,0.9371,60,12,0.8262,0.2064,0.45,-1.0547,0.9039,2,1.0,1.0
R2,cons_emb_z,2-agent mixed,Sonnet,myth_game,investor,coop,own_cons_emb_z,-0.0255,-0.0608,0.0098,0.1573,48,12,0.8262,0.2064,0.45,-1.0547,0.9039,12,1.0,1.0
R1,cons_judge,2-agent mixed,Sonnet,myth_game,trustee,coop,own_cons_judge,0.043,-0.0445,0.1305,0.3355,60,12,0.4851,0.0847,0.0833,0.8333,0.3758,2,1.0,1.0
R2,cons_judge,2-agent mixed,Sonnet,myth_game,trustee,coop,own_cons_judge,0.0219,-0.0405,0.0843,0.4918,48,12,0.4851,0.0847,0.0833,0.8333,0.3758,6,1.0,1.0
R1,cons_lex,2-agent mixed,Sonnet,myth_game,trustee,coop,own_cons_lex,0.041,-0.0073,0.0893,0.0965,60,12,0.4851,0.0847,0.0833,0.3,0.4621,2,1.0,1.0
R2,cons_lex,2-agent mixed,Sonnet,myth_game,trustee,coop,own_cons_lex,0.0477,-0.0018,0.0972,0.0591,48,12,0.4851,0.0847,0.0833,0.3,0.4621,7,1.0,1.0
R1,cons_emb_z,2-agent mixed,Sonnet,myth_game,trustee,coop,own_cons_emb_z,-0.0272,-0.0704,0.016,0.2167,60,12,0.4851,0.0847,0.0833,-1.0124,0.8853,2,1.0,1.0
R2,cons_emb_z,2-agent mixed,Sonnet,myth_game,trustee,coop,own_cons_emb_z,0.0136,-0.0065,0.0336,0.1845,48,12,0.4851,0.0847,0.0833,-1.0124,0.8853,12,1.0,1.0
R1,cons_judge,2-agent mixed,Sonnet,myth_game,investor,absdelta,own_cons_judge,-0.1222,-0.2107,-0.0338,0.0068,48,12,0.061,0.0967,0.5417,0.875,0.3342,1,1.0,0.2299
R2,cons_judge,2-agent mixed,Sonnet,myth_game,investor,absdelta,own_cons_judge,-0.0238,-0.0964,0.0488,0.521,48,12,0.061,0.0967,0.5417,0.875,0.3342,4,1.0,1.0
R1,cons_lex,2-agent mixed,Sonnet,myth_game,investor,absdelta,own_cons_lex,-0.0722,-0.1396,-0.0047,0.036,48,12,0.061,0.0967,0.5417,0.5,0.5053,2,1.0,1.0
R2,cons_lex,2-agent mixed,Sonnet,myth_game,investor,absdelta,own_cons_lex,-0.0267,-0.0885,0.0351,0.3969,48,12,0.061,0.0967,0.5417,0.5,0.5053,7,1.0,1.0
R1,cons_emb_z,2-agent mixed,Sonnet,myth_game,investor,absdelta,own_cons_emb_z,-0.0176,-0.0543,0.019,0.3454,48,12,0.061,0.0967,0.5417,-0.8447,0.8578,2,1.0,1.0
R2,cons_emb_z,2-agent mixed,Sonnet,myth_game,investor,absdelta,own_cons_emb_z,0.0177,-0.0127,0.0481,0.253,48,12,0.061,0.0967,0.5417,-0.8447,0.8578,12,1.0,1.0
R1,cons_judge,2-agent mixed,Sonnet,myth_game,trustee,absdelta,own_cons_judge,-0.0449,-0.0999,0.0102,0.1102,48,12,0.0579,0.0552,0.1042,0.8958,0.3087,1,1.0,1.0
R2,cons_judge,2-agent mixed,Sonnet,myth_game,trustee,absdelta,own_cons_judge,-0.0368,-0.0848,0.0111,0.1318,48,12,0.0579,0.0552,0.1042,0.8958,0.3087,5,1.0,1.0
R1,cons_lex,2-agent mixed,Sonnet,myth_game,trustee,absdelta,own_cons_lex,-0.0204,-0.056,0.0151,0.2602,48,12,0.0579,0.0552,0.1042,0.375,0.4892,2,1.0,1.0
R2,cons_lex,2-agent mixed,Sonnet,myth_game,trustee,absdelta,own_cons_lex,-0.0244,-0.0765,0.0277,0.3588,48,12,0.0579,0.0552,0.1042,0.375,0.4892,6,1.0,1.0
R1,cons_emb_z,2-agent mixed,Sonnet,myth_game,trustee,absdelta,own_cons_emb_z,-0.0201,-0.0457,0.0054,0.1225,48,12,0.0579,0.0552,0.1042,-0.8195,0.866,2,1.0,1.0
R2,cons_emb_z,2-agent mixed,Sonnet,myth_game,trustee,absdelta,own_cons_emb_z,-0.0263,-0.0644,0.0119,0.177,48,12,0.0579,0.0552,0.1042,-0.8195,0.866,12,1.0,1.0
R1,cons_judge,2-agent mixed,Sonnet,myth_game,investor,zero,own_cons_judge,0.0,0.0,0.0,,60,12,0.0,0.0,1.0,0.7667,0.4265,2,1.0,1.0
R2,cons_judge,2-agent mixed,Sonnet,myth_game,investor,zero,own_cons_judge,0.0,0.0,0.0,,48,12,0.0,0.0,1.0,0.7667,0.4265,10,1.0,1.0
R1,cons_lex,2-agent mixed,Sonnet,myth_game,investor,zero,own_cons_lex,0.0,0.0,0.0,,60,12,0.0,0.0,1.0,0.4,0.494,2,1.0,1.0
R2,cons_lex,2-agent mixed,Sonnet,myth_game,investor,zero,own_cons_lex,0.0,0.0,0.0,,48,12,0.0,0.0,1.0,0.4,0.494,9,1.0,1.0
R1,cons_emb_z,2-agent mixed,Sonnet,myth_game,investor,zero,own_cons_emb_z,0.0,0.0,0.0,,60,12,0.0,0.0,1.0,-1.0547,0.9039,2,1.0,1.0
R2,cons_emb_z,2-agent mixed,Sonnet,myth_game,investor,zero,own_cons_emb_z,0.0,0.0,0.0,,48,12,0.0,0.0,1.0,-1.0547,0.9039,12,1.0,1.0
R1,cons_judge,2-agent mixed,Sonnet,myth_game,investor,cut_after_letdown,own_cons_judge,-0.5,-0.5,-0.5,0.0,11,3,0.5455,0.5222,0.5455,0.7273,0.4671,1,0.0,0.0
R2,cons_judge,2-agent mixed,Sonnet,myth_game,investor,cut_after_letdown,own_cons_judge,-0.5,,,,11,3,0.5455,0.5222,0.5455,0.7273,0.4671,2,1.0,1.0
R1,cons_lex,2-agent mixed,Sonnet,myth_game,investor,cut_after_letdown,own_cons_lex,-0.5,,,,11,3,0.5455,0.5222,0.5455,0.8182,0.4045,1,1.0,1.0
R2,cons_lex,2-agent mixed,Sonnet,myth_game,investor,cut_after_letdown,own_cons_lex,-0.5,,,,11,3,0.5455,0.5222,0.5455,0.8182,0.4045,2,1.0,1.0
R1,cons_emb_z,2-agent mixed,Sonnet,myth_game,investor,cut_after_letdown,own_cons_emb_z,0.2305,0.2305,0.2305,0.0,11,3,0.5455,0.5222,0.5455,-1.4007,0.5233,1,0.0,0.0
R2,cons_emb_z,2-agent mixed,Sonnet,myth_game,investor,cut_after_letdown,own_cons_emb_z,0.3724,,,,11,3,0.5455,0.5222,0.5455,-1.4007,0.5233,3,1.0,1.0
R1,cons_judge,8-agent homogeneous,GPT,both,investor,coop,own_cons_judge,0.0039,-0.0703,0.0782,0.9171,378,10,0.3485,0.3835,0.4656,0.7249,0.4472,2,1.0,1.0
R2,cons_judge,8-agent homogeneous,GPT,both,investor,coop,own_cons_judge,0.043,-0.0941,0.1802,0.5386,319,10,0.3485,0.3835,0.4656,0.7249,0.4472,64,1.0,1.0
R1,cons_lex,8-agent homogeneous,GPT,both,investor,coop,own_cons_lex,0.048,-0.047,0.143,0.3218,380,10,0.3472,0.383,0.4658,0.2211,0.4155,2,1.0,1.0
R2,cons_lex,8-agent homogeneous,GPT,both,investor,coop,own_cons_lex,0.0508,-0.0726,0.1741,0.4197,320,10,0.3472,0.383,0.4658,0.2211,0.4155,53,1.0,1.0
R1,cons_emb_z,8-agent homogeneous,GPT,both,investor,coop,own_cons_emb_z,0.0668,-0.0589,0.1925,0.2977,380,10,0.3472,0.383,0.4658,-2.1391,0.6011,2,1.0,1.0
R2,cons_emb_z,8-agent homogeneous,GPT,both,investor,coop,own_cons_emb_z,0.0464,-0.0812,0.1739,0.4761,320,10,0.3472,0.383,0.4658,-2.1391,0.6011,80,1.0,1.0
R1,cons_judge,8-agent homogeneous,GPT,both,trustee,coop,own_cons_judge,-0.02,-0.0509,0.0109,0.2039,203,10,0.3079,0.1169,0.0296,0.6502,0.4781,2,1.0,1.0
R2,cons_judge,8-agent homogeneous,GPT,both,trustee,coop,own_cons_judge,-0.0362,-0.1093,0.0368,0.3305,114,10,0.3079,0.1169,0.0296,0.6502,0.4781,37,1.0,1.0
R1,cons_lex,8-agent homogeneous,GPT,both,trustee,coop,own_cons_lex,-0.0063,-0.0517,0.0391,0.7858,203,10,0.3079,0.1169,0.0296,0.133,0.3404,2,1.0,1.0
R2,cons_lex,8-agent homogeneous,GPT,both,trustee,coop,own_cons_lex,0.0247,-0.0571,0.1066,0.5534,114,10,0.3079,0.1169,0.0296,0.133,0.3404,18,1.0,1.0
R1,cons_emb_z,8-agent homogeneous,GPT,both,trustee,coop,own_cons_emb_z,-0.0365,-0.0681,-0.0049,0.0237,203,10,0.3079,0.1169,0.0296,-2.1546,0.609,2,1.0,0.8521
R2,cons_emb_z,8-agent homogeneous,GPT,both,trustee,coop,own_cons_emb_z,-0.0321,-0.0895,0.0254,0.2745,114,10,0.3079,0.1169,0.0296,-2.1546,0.609,57,1.0,1.0
R1,cons_judge,8-agent homogeneous,GPT,both,investor,absdelta,own_cons_judge,-0.0052,-0.1392,0.1288,0.9394,319,10,0.333,0.3619,0.4107,0.7868,0.4102,2,1.0,1.0
R2,cons_judge,8-agent homogeneous,GPT,both,investor,absdelta,own_cons_judge,0.0394,-0.077,0.1557,0.5072,319,10,0.333,0.3619,0.4107,0.7868,0.4102,53,1.0,1.0
R1,cons_lex,8-agent homogeneous,GPT,both,investor,absdelta,own_cons_lex,-0.005,-0.0677,0.0576,0.8747,320,10,0.3338,0.3617,0.4094,0.2375,0.4262,2,1.0,1.0
R2,cons_lex,8-agent homogeneous,GPT,both,investor,absdelta,own_cons_lex,-0.0154,-0.0856,0.0549,0.6683,320,10,0.3338,0.3617,0.4094,0.2375,0.4262,52,1.0,1.0
R1,cons_emb_z,8-agent homogeneous,GPT,both,investor,absdelta,own_cons_emb_z,0.033,-0.0679,0.1338,0.5216,320,10,0.3338,0.3617,0.4094,-2.1505,0.5877,2,1.0,1.0
R2,cons_emb_z,8-agent homogeneous,GPT,both,investor,absdelta,own_cons_emb_z,-0.0357,-0.1012,0.0298,0.2857,320,10,0.3338,0.3617,0.4094,-2.1505,0.5877,80,1.0,1.0
R1,cons_judge,8-agent homogeneous,GPT,both,trustee,absdelta,own_cons_judge,0.0262,-0.0004,0.0529,0.054,114,10,0.1094,0.1106,0.0351,0.7544,0.4324,2,1.0,1.0
R2,cons_judge,8-agent homogeneous,GPT,both,trustee,absdelta,own_cons_judge,0.017,-0.0198,0.0538,0.3657,114,10,0.1094,0.1106,0.0351,0.7544,0.4324,16,1.0,1.0
R1,cons_lex,8-agent homogeneous,GPT,both,trustee,absdelta,own_cons_lex,0.0341,-0.039,0.1073,0.3601,114,10,0.1094,0.1106,0.0351,0.1404,0.3489,2,1.0,1.0
R2,cons_lex,8-agent homogeneous,GPT,both,trustee,absdelta,own_cons_lex,0.0109,-0.0789,0.1006,0.8122,114,10,0.1094,0.1106,0.0351,0.1404,0.3489,10,1.0,1.0
R1,cons_emb_z,8-agent homogeneous,GPT,both,trustee,absdelta,own_cons_emb_z,0.0046,-0.0301,0.0394,0.7942,114,10,0.1094,0.1106,0.0351,-2.1798,0.6296,2,1.0,1.0
R2,cons_emb_z,8-agent homogeneous,GPT,both,trustee,absdelta,own_cons_emb_z,0.0074,-0.0205,0.0354,0.6016,114,10,0.1094,0.1106,0.0351,-2.1798,0.6296,35,1.0,1.0
R1,cons_judge,8-agent homogeneous,GPT,both,investor,zero,own_cons_judge,-0.012,-0.1007,0.0767,0.7915,378,10,0.4656,0.4995,0.5344,0.7249,0.4472,2,1.0,1.0
R2,cons_judge,8-agent homogeneous,GPT,both,investor,zero,own_cons_judge,-0.0779,-0.2182,0.0623,0.276,319,10,0.4656,0.4995,0.5344,0.7249,0.4472,64,1.0,1.0
R1,cons_lex,8-agent homogeneous,GPT,both,investor,zero,own_cons_lex,-0.0586,-0.1716,0.0544,0.3097,380,10,0.4658,0.4995,0.5342,0.2211,0.4155,2,1.0,1.0
R2,cons_lex,8-agent homogeneous,GPT,both,investor,zero,own_cons_lex,-0.0827,-0.2558,0.0905,0.3493,320,10,0.4658,0.4995,0.5342,0.2211,0.4155,53,1.0,1.0
R1,cons_emb_z,8-agent homogeneous,GPT,both,investor,zero,own_cons_emb_z,-0.0506,-0.1816,0.0804,0.4493,380,10,0.4658,0.4995,0.5342,-2.1391,0.6011,2,1.0,1.0
R2,cons_emb_z,8-agent homogeneous,GPT,both,investor,zero,own_cons_emb_z,-0.0619,-0.2037,0.0798,0.3919,320,10,0.4658,0.4995,0.5342,-2.1391,0.6011,80,1.0,1.0
R1,cons_judge,8-agent homogeneous,GPT,both,investor,cut_after_letdown,own_cons_judge,0.1873,-0.1265,0.5011,0.242,106,10,0.5849,0.4951,0.5849,0.7642,0.4265,2,1.0,1.0
R2,cons_judge,8-agent homogeneous,GPT,both,investor,cut_after_letdown,own_cons_judge,0.3021,-0.1503,0.7545,0.1906,106,10,0.5849,0.4951,0.5849,0.7642,0.4265,12,1.0,1.0
R1,cons_lex,8-agent homogeneous,GPT,both,investor,cut_after_letdown,own_cons_lex,0.0299,-0.1767,0.2365,0.7768,107,10,0.5888,0.4944,0.5888,0.2336,0.4251,2,1.0,1.0
R2,cons_lex,8-agent homogeneous,GPT,both,investor,cut_after_letdown,own_cons_lex,-0.0783,-0.3461,0.1894,0.5662,107,10,0.5888,0.4944,0.5888,0.2336,0.4251,14,1.0,1.0
R1,cons_emb_z,8-agent homogeneous,GPT,both,investor,cut_after_letdown,own_cons_emb_z,-0.0201,-0.2742,0.234,0.8769,107,10,0.5888,0.4944,0.5888,-2.0648,0.5962,2,1.0,1.0
R2,cons_emb_z,8-agent homogeneous,GPT,both,investor,cut_after_letdown,own_cons_emb_z,0.0096,-0.4008,0.4201,0.9633,107,10,0.5888,0.4944,0.5888,-2.0648,0.5962,33,1.0,1.0
R1,cons_judge,8-agent homogeneous,GPT,game_myth,investor,coop,own_cons_judge,0.0544,-0.1028,0.2117,0.4975,180,5,0.2884,0.3778,0.5444,0.7222,0.4492,1,1.0,1.0
R2,cons_judge,8-agent homogeneous,GPT,game_myth,investor,coop,own_cons_judge,0.1076,-0.1413,0.3564,0.3969,160,5,0.2884,0.3778,0.5444,0.7222,0.4492,32,1.0,1.0
R1,cons_lex,8-agent homogeneous,GPT,game_myth,investor,coop,own_cons_lex,0.0836,-0.0627,0.23,0.2628,180,5,0.2884,0.3778,0.5444,0.2278,0.4206,1,1.0,1.0
R2,cons_lex,8-agent homogeneous,GPT,game_myth,investor,coop,own_cons_lex,0.1457,-0.0443,0.3357,0.1328,160,5,0.2884,0.3778,0.5444,0.2278,0.4206,26,1.0,1.0
R1,cons_emb_z,8-agent homogeneous,GPT,game_myth,investor,coop,own_cons_emb_z,-0.0039,-0.1832,0.1754,0.9658,180,5,0.2884,0.3778,0.5444,-2.2641,0.5609,1,1.0,1.0
R2,cons_emb_z,8-agent homogeneous,GPT,game_myth,investor,coop,own_cons_emb_z,0.0112,-0.1721,0.1945,0.9048,160,5,0.2884,0.3778,0.5444,-2.2641,0.5609,40,1.0,1.0
R1,cons_judge,8-agent homogeneous,GPT,game_myth,trustee,coop,own_cons_judge,-0.0419,-0.0977,0.0139,0.1411,82,5,0.3006,0.1369,0.061,0.5122,0.5029,1,1.0,1.0
R2,cons_judge,8-agent homogeneous,GPT,game_myth,trustee,coop,own_cons_judge,-0.057,-0.2645,0.1505,0.5903,40,5,0.3006,0.1369,0.061,0.5122,0.5029,17,1.0,1.0
R1,cons_lex,8-agent homogeneous,GPT,game_myth,trustee,coop,own_cons_lex,-0.0435,-0.1265,0.0394,0.3038,82,5,0.3006,0.1369,0.061,0.0854,0.2811,1,1.0,1.0
R2,cons_lex,8-agent homogeneous,GPT,game_myth,trustee,coop,own_cons_lex,-0.0356,-0.2172,0.1459,0.7006,40,5,0.3006,0.1369,0.061,0.0854,0.2811,5,1.0,1.0
R1,cons_emb_z,8-agent homogeneous,GPT,game_myth,trustee,coop,own_cons_emb_z,-0.0669,-0.1098,-0.0241,0.0022,82,5,0.3006,0.1369,0.061,-2.411,0.4854,1,1.0,0.079
R2,cons_emb_z,8-agent homogeneous,GPT,game_myth,trustee,coop,own_cons_emb_z,-0.0296,-0.2105,0.1514,0.7488,40,5,0.3006,0.1369,0.061,-2.411,0.4854,23,1.0,1.0
R1,cons_judge,8-agent homogeneous,GPT,game_myth,investor,absdelta,own_cons_judge,0.0043,-0.2637,0.2724,0.9746,160,5,0.3451,0.3689,0.3938,0.7812,0.4147,1,1.0,1.0
R2,cons_judge,8-agent homogeneous,GPT,game_myth,investor,absdelta,own_cons_judge,0.0772,-0.1071,0.2616,0.4117,160,5,0.3451,0.3689,0.3938,0.7812,0.4147,27,1.0,1.0
R1,cons_lex,8-agent homogeneous,GPT,game_myth,investor,absdelta,own_cons_lex,-0.0233,-0.0868,0.0402,0.4722,160,5,0.3451,0.3689,0.3938,0.25,0.4344,1,1.0,1.0
R2,cons_lex,8-agent homogeneous,GPT,game_myth,investor,absdelta,own_cons_lex,-0.0124,-0.0897,0.0649,0.7537,160,5,0.3451,0.3689,0.3938,0.25,0.4344,26,1.0,1.0
R1,cons_emb_z,8-agent homogeneous,GPT,game_myth,investor,absdelta,own_cons_emb_z,-0.0161,-0.1337,0.1015,0.7883,160,5,0.3451,0.3689,0.3938,-2.2499,0.5742,1,1.0,1.0
R2,cons_emb_z,8-agent homogeneous,GPT,game_myth,investor,absdelta,own_cons_emb_z,-0.0163,-0.0806,0.048,0.62,160,5,0.3451,0.3689,0.3938,-2.2499,0.5742,40,1.0,1.0
R1,cons_judge,8-agent homogeneous,GPT,game_myth,trustee,absdelta,own_cons_judge,0.0377,-0.0257,0.1011,0.2436,40,5,0.1333,0.1449,0.05,0.625,0.4903,1,1.0,1.0
R2,cons_judge,8-agent homogeneous,GPT,game_myth,trustee,absdelta,own_cons_judge,0.0354,-0.0347,0.1055,0.3219,40,5,0.1333,0.1449,0.05,0.625,0.4903,8,1.0,1.0
R1,cons_lex,8-agent homogeneous,GPT,game_myth,trustee,absdelta,own_cons_lex,0.0479,-0.0598,0.1556,0.3833,40,5,0.1333,0.1449,0.05,0.1,0.3038,1,1.0,1.0
R2,cons_lex,8-agent homogeneous,GPT,game_myth,trustee,absdelta,own_cons_lex,0.0255,-0.0494,0.1003,0.5048,40,5,0.1333,0.1449,0.05,0.1,0.3038,3,1.0,1.0
R1,cons_emb_z,8-agent homogeneous,GPT,game_myth,trustee,absdelta,own_cons_emb_z,0.0065,-0.0613,0.0743,0.8509,40,5,0.1333,0.1449,0.05,-2.4586,0.5112,1,1.0,1.0
R2,cons_emb_z,8-agent homogeneous,GPT,game_myth,trustee,absdelta,own_cons_emb_z,-0.024,-0.0757,0.0276,0.3618,40,5,0.1333,0.1449,0.05,-2.4586,0.5112,13,1.0,1.0
R1,cons_judge,8-agent homogeneous,GPT,game_myth,investor,zero,own_cons_judge,-0.056,-0.2484,0.1365,0.5687,180,5,0.5444,0.4994,0.5444,0.7222,0.4492,1,1.0,1.0
R2,cons_judge,8-agent homogeneous,GPT,game_myth,investor,zero,own_cons_judge,-0.1492,-0.4047,0.1064,0.2526,160,5,0.5444,0.4994,0.5444,0.7222,0.4492,32,1.0,1.0
R1,cons_lex,8-agent homogeneous,GPT,game_myth,investor,zero,own_cons_lex,-0.1616,-0.2973,-0.0259,0.0196,180,5,0.5444,0.4994,0.5444,0.2278,0.4206,1,1.0,0.6457
R2,cons_lex,8-agent homogeneous,GPT,game_myth,investor,zero,own_cons_lex,-0.2856,-0.5154,-0.0559,0.0148,160,5,0.5444,0.4994,0.5444,0.2278,0.4206,26,1.0,0.5186
R1,cons_emb_z,8-agent homogeneous,GPT,game_myth,investor,zero,own_cons_emb_z,0.0333,-0.1421,0.2086,0.7101,180,5,0.5444,0.4994,0.5444,-2.2641,0.5609,1,1.0,1.0
R2,cons_emb_z,8-agent homogeneous,GPT,game_myth,investor,zero,own_cons_emb_z,0.0015,-0.2552,0.2582,0.9909,160,5,0.5444,0.4994,0.5444,-2.2641,0.5609,40,1.0,1.0
R1,cons_judge,8-agent homogeneous,GPT,game_myth,investor,cut_after_letdown,own_cons_judge,-0.1584,-0.395,0.0782,0.1895,43,5,0.5814,0.4992,0.5814,0.7209,0.4539,1,1.0,1.0
R2,cons_judge,8-agent homogeneous,GPT,game_myth,investor,cut_after_letdown,own_cons_judge,-0.1868,-1.0864,0.7128,0.6841,43,5,0.5814,0.4992,0.5814,0.7209,0.4539,5,1.0,1.0
R1,cons_lex,8-agent homogeneous,GPT,game_myth,investor,cut_after_letdown,own_cons_lex,-0.2449,-0.4668,-0.0229,0.0306,43,5,0.5814,0.4992,0.5814,0.2326,0.4275,1,1.0,0.9797
R2,cons_lex,8-agent homogeneous,GPT,game_myth,investor,cut_after_letdown,own_cons_lex,-0.2462,-0.4985,0.0062,0.0559,43,5,0.5814,0.4992,0.5814,0.2326,0.4275,6,1.0,1.0
R1,cons_emb_z,8-agent homogeneous,GPT,game_myth,investor,cut_after_letdown,own_cons_emb_z,0.1047,-0.0695,0.2789,0.2386,43,5,0.5814,0.4992,0.5814,-2.157,0.6433,1,1.0,1.0
R2,cons_emb_z,8-agent homogeneous,GPT,game_myth,investor,cut_after_letdown,own_cons_emb_z,0.3321,0.0606,0.6036,0.0165,43,5,0.5814,0.4992,0.5814,-2.157,0.6433,12,1.0,0.5611
R1,cons_judge,8-agent homogeneous,GPT,myth_game,investor,coop,own_cons_judge,-0.0354,-0.0891,0.0184,0.1969,198,5,0.4032,0.3814,0.3939,0.7273,0.4465,1,1.0,1.0
R2,cons_judge,8-agent homogeneous,GPT,myth_game,investor,coop,own_cons_judge,-0.0056,-0.1257,0.1145,0.9274,159,5,0.4032,0.3814,0.3939,0.7273,0.4465,32,1.0,1.0
R1,cons_lex,8-agent homogeneous,GPT,myth_game,investor,coop,own_cons_lex,0.0198,-0.1184,0.1579,0.7791,200,5,0.4001,0.3808,0.395,0.215,0.4119,1,1.0,1.0
R2,cons_lex,8-agent homogeneous,GPT,myth_game,investor,coop,own_cons_lex,-0.0364,-0.1449,0.0722,0.5117,160,5,0.4001,0.3808,0.395,0.215,0.4119,27,1.0,1.0
R1,cons_emb_z,8-agent homogeneous,GPT,myth_game,investor,coop,own_cons_emb_z,0.1184,-0.063,0.2999,0.2009,200,5,0.4001,0.3808,0.395,-2.0266,0.6151,1,1.0,1.0
R2,cons_emb_z,8-agent homogeneous,GPT,myth_game,investor,coop,own_cons_emb_z,0.0728,-0.1602,0.3057,0.5404,160,5,0.4001,0.3808,0.395,-2.0266,0.6151,40,1.0,1.0
R1,cons_judge,8-agent homogeneous,GPT,myth_game,trustee,coop,own_cons_judge,-0.0125,-0.061,0.0359,0.6118,121,5,0.3128,0.1014,0.0413,0.7438,0.4383,1,1.0,1.0
R2,cons_judge,8-agent homogeneous,GPT,myth_game,trustee,coop,own_cons_judge,-0.0493,-0.1333,0.0346,0.2493,74,5,0.3128,0.1014,0.0413,0.7438,0.4383,20,1.0,1.0
R1,cons_lex,8-agent homogeneous,GPT,myth_game,trustee,coop,own_cons_lex,0.009,-0.0496,0.0675,0.7645,121,5,0.3128,0.1014,0.0413,0.1653,0.373,1,1.0,1.0
R2,cons_lex,8-agent homogeneous,GPT,myth_game,trustee,coop,own_cons_lex,0.0856,-0.0031,0.1743,0.0585,74,5,0.3128,0.1014,0.0413,0.1653,0.373,13,1.0,1.0
R1,cons_emb_z,8-agent homogeneous,GPT,myth_game,trustee,coop,own_cons_emb_z,-0.028,-0.0698,0.0139,0.1899,121,5,0.3128,0.1014,0.0413,-1.9809,0.6245,1,1.0,1.0
R2,cons_emb_z,8-agent homogeneous,GPT,myth_game,trustee,coop,own_cons_emb_z,-0.0286,-0.0715,0.0144,0.1925,74,5,0.3128,0.1014,0.0413,-1.9809,0.6245,34,1.0,1.0
R1,cons_judge,8-agent homogeneous,GPT,myth_game,investor,absdelta,own_cons_judge,0.0219,-0.1785,0.2224,0.8301,159,5,0.3208,0.3556,0.4277,0.7925,0.4068,1,1.0,1.0
R2,cons_judge,8-agent homogeneous,GPT,myth_game,investor,absdelta,own_cons_judge,0.0785,-0.1382,0.2951,0.4779,159,5,0.3208,0.3556,0.4277,0.7925,0.4068,26,1.0,1.0
R1,cons_lex,8-agent homogeneous,GPT,myth_game,investor,absdelta,own_cons_lex,0.0352,-0.0664,0.1368,0.4972,160,5,0.3225,0.3551,0.425,0.225,0.4189,1,1.0,1.0
R2,cons_lex,8-agent homogeneous,GPT,myth_game,investor,absdelta,own_cons_lex,0.0133,-0.0891,0.1157,0.7989,160,5,0.3225,0.3551,0.425,0.225,0.4189,26,1.0,1.0
R1,cons_emb_z,8-agent homogeneous,GPT,myth_game,investor,absdelta,own_cons_emb_z,0.0965,-0.068,0.261,0.2503,160,5,0.3225,0.3551,0.425,-2.051,0.586,1,1.0,1.0
R2,cons_emb_z,8-agent homogeneous,GPT,myth_game,investor,absdelta,own_cons_emb_z,0.0035,-0.1369,0.1439,0.9609,160,5,0.3225,0.3551,0.425,-2.051,0.586,40,1.0,1.0
R1,cons_judge,8-agent homogeneous,GPT,myth_game,trustee,absdelta,own_cons_judge,0.0335,-0.0026,0.0696,0.0689,74,5,0.0965,0.0851,0.0541,0.8243,0.3831,1,1.0,1.0
R2,cons_judge,8-agent homogeneous,GPT,myth_game,trustee,absdelta,own_cons_judge,-0.0008,-0.0319,0.0303,0.9613,74,5,0.0965,0.0851,0.0541,0.8243,0.3831,8,1.0,1.0
R1,cons_lex,8-agent homogeneous,GPT,myth_game,trustee,absdelta,own_cons_lex,0.0617,-0.0358,0.1593,0.215,74,5,0.0965,0.0851,0.0541,0.1622,0.3711,1,1.0,1.0
R2,cons_lex,8-agent homogeneous,GPT,myth_game,trustee,absdelta,own_cons_lex,0.0369,-0.0863,0.1602,0.5572,74,5,0.0965,0.0851,0.0541,0.1622,0.3711,7,1.0,1.0
R1,cons_emb_z,8-agent homogeneous,GPT,myth_game,trustee,absdelta,own_cons_emb_z,-0.0068,-0.0539,0.0403,0.7782,74,5,0.0965,0.0851,0.0541,-2.0291,0.639,1,1.0,1.0
R2,cons_emb_z,8-agent homogeneous,GPT,myth_game,trustee,absdelta,own_cons_emb_z,0.0233,-0.0011,0.0477,0.0613,74,5,0.0965,0.0851,0.0541,-2.0291,0.639,22,1.0,1.0
R1,cons_judge,8-agent homogeneous,GPT,myth_game,investor,zero,own_cons_judge,0.0335,-0.0698,0.1367,0.5253,198,5,0.3939,0.4899,0.6061,0.7273,0.4465,1,1.0,1.0
R2,cons_judge,8-agent homogeneous,GPT,myth_game,investor,zero,own_cons_judge,0.0274,-0.1114,0.1661,0.6991,159,5,0.3939,0.4899,0.6061,0.7273,0.4465,32,1.0,1.0
R1,cons_lex,8-agent homogeneous,GPT,myth_game,investor,zero,own_cons_lex,0.0275,-0.1438,0.1988,0.7532,200,5,0.395,0.4901,0.605,0.215,0.4119,1,1.0,1.0
R2,cons_lex,8-agent homogeneous,GPT,myth_game,investor,zero,own_cons_lex,0.1074,0.0249,0.1898,0.0107,160,5,0.395,0.4901,0.605,0.215,0.4119,27,1.0,0.3741
R1,cons_emb_z,8-agent homogeneous,GPT,myth_game,investor,zero,own_cons_emb_z,-0.1058,-0.2958,0.0843,0.2753,200,5,0.395,0.4901,0.605,-2.0266,0.6151,1,1.0,1.0
R2,cons_emb_z,8-agent homogeneous,GPT,myth_game,investor,zero,own_cons_emb_z,-0.0837,-0.2779,0.1105,0.3984,160,5,0.395,0.4901,0.605,-2.0266,0.6151,40,1.0,1.0
R1,cons_judge,8-agent homogeneous,GPT,myth_game,investor,cut_after_letdown,own_cons_judge,0.5459,0.2688,0.8231,0.0001,63,5,0.5873,0.4963,0.5873,0.7937,0.4079,1,0.1178,0.0041
R2,cons_judge,8-agent homogeneous,GPT,myth_game,investor,cut_after_letdown,own_cons_judge,0.39,0.0181,0.762,0.0399,63,5,0.5873,0.4963,0.5873,0.7937,0.4079,7,1.0,1.0
R1,cons_lex,8-agent homogeneous,GPT,myth_game,investor,cut_after_letdown,own_cons_lex,0.1624,0.0264,0.2985,0.0193,64,5,0.5938,0.495,0.5938,0.2344,0.427,1,1.0,0.6563
R2,cons_lex,8-agent homogeneous,GPT,myth_game,investor,cut_after_letdown,own_cons_lex,0.0604,-0.2174,0.3383,0.6699,64,5,0.5938,0.495,0.5938,0.2344,0.427,8,1.0,1.0
R1,cons_emb_z,8-agent homogeneous,GPT,myth_game,investor,cut_after_letdown,own_cons_emb_z,-0.1411,-0.5368,0.2546,0.4846,64,5,0.5938,0.495,0.5938,-2.0028,0.5589,1,1.0,1.0
R2,cons_emb_z,8-agent homogeneous,GPT,myth_game,investor,cut_after_letdown,own_cons_emb_z,-0.2695,-0.7578,0.2188,0.2793,64,5,0.5938,0.495,0.5938,-2.0028,0.5589,21,1.0,1.0
R1,cons_judge,8-agent homogeneous,Gemini,both,trustee,coop,own_cons_judge,-0.0092,-0.0212,0.0029,0.1351,380,10,0.4495,0.0291,0.0289,0.9342,0.2482,2,1.0,0.8455
R2,cons_judge,8-agent homogeneous,Gemini,both,trustee,coop,own_cons_judge,-0.0099,-0.0329,0.0131,0.3971,320,10,0.4495,0.0291,0.0289,0.9342,0.2482,20,1.0,1.0
R1,cons_lex,8-agent homogeneous,Gemini,both,trustee,coop,own_cons_lex,-0.0002,-0.0065,0.0061,0.9483,380,10,0.4495,0.0291,0.0289,0.1474,0.3549,2,1.0,1.0
R2,cons_lex,8-agent homogeneous,Gemini,both,trustee,coop,own_cons_lex,0.0013,-0.0039,0.0064,0.6281,320,10,0.4495,0.0291,0.0289,0.1474,0.3549,43,1.0,1.0
R1,cons_emb_z,8-agent homogeneous,Gemini,both,trustee,coop,own_cons_emb_z,0.0059,0.002,0.0098,0.0032,380,10,0.4495,0.0291,0.0289,-0.672,0.6641,2,1.0,0.0288
R2,cons_emb_z,8-agent homogeneous,Gemini,both,trustee,coop,own_cons_emb_z,0.009,0.0032,0.0148,0.0024,320,10,0.4495,0.0291,0.0289,-0.672,0.6641,80,1.0,0.024
R1,cons_judge,8-agent homogeneous,Gemini,both,trustee,absdelta,own_cons_judge,-0.0227,-0.0284,-0.0169,0.0,320,10,0.0357,0.0241,0.0344,0.9719,0.1656,1,0.0,0.0
R2,cons_judge,8-agent homogeneous,Gemini,both,trustee,absdelta,own_cons_judge,-0.0141,-0.0213,-0.0069,0.0001,320,10,0.0357,0.0241,0.0344,0.9719,0.1656,8,0.1316,0.0014
R1,cons_lex,8-agent homogeneous,Gemini,both,trustee,absdelta,own_cons_lex,0.0013,-0.0051,0.0077,0.6919,320,10,0.0357,0.0241,0.0344,0.1562,0.3637,2,1.0,1.0
R2,cons_lex,8-agent homogeneous,Gemini,both,trustee,absdelta,own_cons_lex,0.0007,-0.0066,0.0079,0.8558,320,10,0.0357,0.0241,0.0344,0.1562,0.3637,38,1.0,1.0
R1,cons_emb_z,8-agent homogeneous,Gemini,both,trustee,absdelta,own_cons_emb_z,-0.0055,-0.0125,0.0015,0.1208,320,10,0.0357,0.0241,0.0344,-0.52,0.5375,2,1.0,0.8455
R2,cons_emb_z,8-agent homogeneous,Gemini,both,trustee,absdelta,own_cons_emb_z,-0.0057,-0.0112,-0.0001,0.0456,320,10,0.0357,0.0241,0.0344,-0.52,0.5375,80,1.0,0.3651
R1,cons_judge,8-agent homogeneous,Gemini,game_myth,trustee,coop,own_cons_judge,-0.0045,-0.0157,0.0068,0.4344,180,5,0.4498,0.0289,0.0333,0.8889,0.3151,1,1.0,1.0
R2,cons_judge,8-agent homogeneous,Gemini,game_myth,trustee,coop,own_cons_judge,-0.0113,-0.0384,0.0157,0.4121,160,5,0.4498,0.0289,0.0333,0.8889,0.3151,15,1.0,1.0
R1,cons_lex,8-agent homogeneous,Gemini,game_myth,trustee,coop,own_cons_lex,0.002,-0.0046,0.0087,0.5464,180,5,0.4498,0.0289,0.0333,0.2278,0.4206,1,1.0,1.0
R2,cons_lex,8-agent homogeneous,Gemini,game_myth,trustee,coop,own_cons_lex,0.004,-0.0005,0.0084,0.0807,160,5,0.4498,0.0289,0.0333,0.2278,0.4206,30,1.0,0.4839
R1,cons_emb_z,8-agent homogeneous,Gemini,game_myth,trustee,coop,own_cons_emb_z,0.0074,0.0001,0.0146,0.0479,180,5,0.4498,0.0289,0.0333,-0.6684,0.6427,1,1.0,0.3353
R2,cons_emb_z,8-agent homogeneous,Gemini,game_myth,trustee,coop,own_cons_emb_z,0.0099,0.0015,0.0183,0.021,160,5,0.4498,0.0289,0.0333,-0.6684,0.6427,40,1.0,0.1891
R1,cons_judge,8-agent homogeneous,Gemini,game_myth,trustee,absdelta,own_cons_judge,-0.0245,-0.0296,-0.0193,0.0,160,5,0.036,0.0245,0.0312,0.9438,0.2311,1,0.0,0.0
R2,cons_judge,8-agent homogeneous,Gemini,game_myth,trustee,absdelta,own_cons_judge,-0.0147,-0.022,-0.0073,0.0001,160,5,0.036,0.0245,0.0312,0.9438,0.2311,8,0.0941,0.001
R1,cons_lex,8-agent homogeneous,Gemini,game_myth,trustee,absdelta,own_cons_lex,0.0065,0.0009,0.012,0.0217,160,5,0.036,0.0245,0.0312,0.2438,0.4307,1,1.0,0.1891
R2,cons_lex,8-agent homogeneous,Gemini,game_myth,trustee,absdelta,own_cons_lex,0.0063,0.0012,0.0113,0.0162,160,5,0.036,0.0245,0.0312,0.2438,0.4307,28,1.0,0.1619
R1,cons_emb_z,8-agent homogeneous,Gemini,game_myth,trustee,absdelta,own_cons_emb_z,-0.0002,-0.0116,0.0112,0.9753,160,5,0.036,0.0245,0.0312,-0.5347,0.5292,1,1.0,1.0
R2,cons_emb_z,8-agent homogeneous,Gemini,game_myth,trustee,absdelta,own_cons_emb_z,-0.0033,-0.0142,0.0076,0.5503,160,5,0.036,0.0245,0.0312,-0.5347,0.5292,40,1.0,1.0
R1,cons_judge,8-agent homogeneous,Gemini,myth_game,trustee,coop,own_cons_judge,-0.0336,-0.0601,-0.0071,0.0128,200,5,0.4493,0.0293,0.04,0.975,0.1565,1,1.0,0.0768
R1,cons_lex,8-agent homogeneous,Gemini,myth_game,trustee,coop,own_cons_lex,-0.0053,-0.02,0.0095,0.4837,200,5,0.4493,0.0293,0.04,0.075,0.2641,1,1.0,0.6733
R2,cons_lex,8-agent homogeneous,Gemini,myth_game,trustee,coop,own_cons_lex,-0.0068,-0.0206,0.0071,0.3367,160,5,0.4493,0.0293,0.04,0.075,0.2641,13,1.0,0.6733
R1,cons_emb_z,8-agent homogeneous,Gemini,myth_game,trustee,coop,own_cons_emb_z,0.0054,0.001,0.0098,0.0159,200,5,0.4493,0.0293,0.04,-0.6752,0.6844,1,1.0,0.0794
R2,cons_emb_z,8-agent homogeneous,Gemini,myth_game,trustee,coop,own_cons_emb_z,0.0087,-0.0001,0.0175,0.0538,160,5,0.4493,0.0293,0.04,-0.6752,0.6844,40,1.0,0.2154
R1,cons_lex,8-agent homogeneous,Gemini,myth_game,trustee,absdelta,own_cons_lex,-0.0131,-0.0195,-0.0066,0.0001,160,5,0.0354,0.0238,0.0375,0.0688,0.2538,1,0.0729,0.0006
R2,cons_lex,8-agent homogeneous,Gemini,myth_game,trustee,absdelta,own_cons_lex,-0.0148,-0.0303,0.0008,0.0622,160,5,0.0354,0.0238,0.0375,0.0688,0.2538,10,1.0,0.2154
R1,cons_emb_z,8-agent homogeneous,Gemini,myth_game,trustee,absdelta,own_cons_emb_z,-0.0102,-0.0175,-0.0028,0.0068,160,5,0.0354,0.0238,0.0375,-0.5053,0.5469,1,1.0,0.0475
R2,cons_emb_z,8-agent homogeneous,Gemini,myth_game,trustee,absdelta,own_cons_emb_z,-0.0081,-0.0122,-0.004,0.0001,160,5,0.0354,0.0238,0.0375,-0.5053,0.5469,40,0.1013,0.0008
R1,cons_judge,8-agent homogeneous,Sonnet,both,investor,coop,own_cons_judge,-0.0151,-0.0514,0.0213,0.4166,380,10,0.7352,0.1744,0.3816,0.8158,0.3882,2,1.0,1.0
R2,cons_judge,8-agent homogeneous,Sonnet,both,investor,coop,own_cons_judge,-0.0256,-0.0438,-0.0075,0.0056,320,10,0.7352,0.1744,0.3816,0.8158,0.3882,54,1.0,0.1789
R1,cons_lex,8-agent homogeneous,Sonnet,both,investor,coop,own_cons_lex,-0.033,-0.0902,0.0241,0.257,380,10,0.7352,0.1744,0.3816,0.5895,0.4926,2,1.0,1.0
R2,cons_lex,8-agent homogeneous,Sonnet,both,investor,coop,own_cons_lex,-0.0157,-0.035,0.0036,0.1108,320,10,0.7352,0.1744,0.3816,0.5895,0.4926,72,1.0,1.0
R1,cons_emb_z,8-agent homogeneous,Sonnet,both,investor,coop,own_cons_emb_z,-0.0133,-0.0236,-0.0029,0.0118,380,10,0.7352,0.1744,0.3816,-0.6971,1.0567,2,1.0,0.3671
R2,cons_emb_z,8-agent homogeneous,Sonnet,both,investor,coop,own_cons_emb_z,-0.0061,-0.0151,0.0029,0.1867,320,10,0.7352,0.1744,0.3816,-0.6971,1.0567,80,1.0,1.0
R1,cons_judge,8-agent homogeneous,Sonnet,both,trustee,coop,own_cons_judge,-0.0115,-0.0359,0.0129,0.3543,380,10,0.4599,0.0754,0.0921,0.8263,0.3793,2,1.0,1.0
R2,cons_judge,8-agent homogeneous,Sonnet,both,trustee,coop,own_cons_judge,-0.0142,-0.0475,0.0191,0.402,320,10,0.4599,0.0754,0.0921,0.8263,0.3793,46,1.0,1.0
R1,cons_lex,8-agent homogeneous,Sonnet,both,trustee,coop,own_cons_lex,-0.0115,-0.0296,0.0066,0.2123,380,10,0.4599,0.0754,0.0921,0.5763,0.4948,2,1.0,1.0
R2,cons_lex,8-agent homogeneous,Sonnet,both,trustee,coop,own_cons_lex,0.0005,-0.013,0.014,0.9413,320,10,0.4599,0.0754,0.0921,0.5763,0.4948,72,1.0,1.0
R1,cons_emb_z,8-agent homogeneous,Sonnet,both,trustee,coop,own_cons_emb_z,-0.0058,-0.0143,0.0026,0.1739,380,10,0.4599,0.0754,0.0921,-0.754,1.0321,2,1.0,1.0
R2,cons_emb_z,8-agent homogeneous,Sonnet,both,trustee,coop,own_cons_emb_z,0.0005,-0.0071,0.008,0.9067,320,10,0.4599,0.0754,0.0921,-0.754,1.0321,80,1.0,1.0
R1,cons_judge,8-agent homogeneous,Sonnet,both,investor,absdelta,own_cons_judge,-0.0227,-0.0742,0.0287,0.3865,320,10,0.0265,0.0628,0.8062,0.8875,0.3165,2,1.0,1.0
R2,cons_judge,8-agent homogeneous,Sonnet,both,investor,absdelta,own_cons_judge,-0.0135,-0.0542,0.0271,0.5143,320,10,0.0265,0.0628,0.8062,0.8875,0.3165,33,1.0,1.0
R1,cons_lex,8-agent homogeneous,Sonnet,both,investor,absdelta,own_cons_lex,-0.0142,-0.031,0.0026,0.0977,320,10,0.0265,0.0628,0.8062,0.6969,0.4603,2,1.0,1.0
R2,cons_lex,8-agent homogeneous,Sonnet,both,investor,absdelta,own_cons_lex,-0.0034,-0.0187,0.0119,0.6665,320,10,0.0265,0.0628,0.8062,0.6969,0.4603,63,1.0,1.0
R1,cons_emb_z,8-agent homogeneous,Sonnet,both,investor,absdelta,own_cons_emb_z,0.0003,-0.0035,0.0041,0.8715,320,10,0.0265,0.0628,0.8062,-0.4953,0.968,2,1.0,1.0
R2,cons_emb_z,8-agent homogeneous,Sonnet,both,investor,absdelta,own_cons_emb_z,-0.0014,-0.0082,0.0054,0.6843,320,10,0.0265,0.0628,0.8062,-0.4953,0.968,80,1.0,1.0
R1,cons_judge,8-agent homogeneous,Sonnet,both,trustee,absdelta,own_cons_judge,-0.0051,-0.0241,0.014,0.6027,320,10,0.0563,0.0481,0.1188,0.8781,0.3277,2,1.0,1.0
R2,cons_judge,8-agent homogeneous,Sonnet,both,trustee,absdelta,own_cons_judge,-0.0077,-0.0304,0.015,0.5058,320,10,0.0563,0.0481,0.1188,0.8781,0.3277,33,1.0,1.0
R1,cons_lex,8-agent homogeneous,Sonnet,both,trustee,absdelta,own_cons_lex,-0.0063,-0.0229,0.0102,0.455,320,10,0.0563,0.0481,0.1188,0.6719,0.4703,2,1.0,1.0
R2,cons_lex,8-agent homogeneous,Sonnet,both,trustee,absdelta,own_cons_lex,-0.0079,-0.0225,0.0067,0.2885,320,10,0.0563,0.0481,0.1188,0.6719,0.4703,63,1.0,1.0
R1,cons_emb_z,8-agent homogeneous,Sonnet,both,trustee,absdelta,own_cons_emb_z,-0.0001,-0.0088,0.0085,0.9777,320,10,0.0563,0.0481,0.1188,-0.5632,0.9724,2,1.0,1.0
R2,cons_emb_z,8-agent homogeneous,Sonnet,both,trustee,absdelta,own_cons_emb_z,0.0043,-0.0031,0.0117,0.2573,320,10,0.0563,0.0481,0.1188,-0.5632,0.9724,80,1.0,1.0
R1,cons_judge,8-agent homogeneous,Sonnet,both,investor,zero,own_cons_judge,0.0,0.0,0.0,,380,10,0.0,0.0,1.0,0.8158,0.3882,2,1.0,1.0
R2,cons_judge,8-agent homogeneous,Sonnet,both,investor,zero,own_cons_judge,0.0,0.0,0.0,,320,10,0.0,0.0,1.0,0.8158,0.3882,54,1.0,1.0
R1,cons_lex,8-agent homogeneous,Sonnet,both,investor,zero,own_cons_lex,0.0,0.0,0.0,,380,10,0.0,0.0,1.0,0.5895,0.4926,2,1.0,1.0
R2,cons_lex,8-agent homogeneous,Sonnet,both,investor,zero,own_cons_lex,0.0,0.0,0.0,,320,10,0.0,0.0,1.0,0.5895,0.4926,72,1.0,1.0
R1,cons_emb_z,8-agent homogeneous,Sonnet,both,investor,zero,own_cons_emb_z,0.0,0.0,0.0,,380,10,0.0,0.0,1.0,-0.6971,1.0567,2,1.0,1.0
R2,cons_emb_z,8-agent homogeneous,Sonnet,both,investor,zero,own_cons_emb_z,0.0,0.0,0.0,,320,10,0.0,0.0,1.0,-0.6971,1.0567,80,1.0,1.0
R1,cons_judge,8-agent homogeneous,Sonnet,both,investor,cut_after_letdown,own_cons_judge,0.1667,0.1667,0.1667,0.0,7,4,0.1429,0.378,0.8571,0.8571,0.378,1,0.0,0.0
R1,cons_lex,8-agent homogeneous,Sonnet,both,investor,cut_after_letdown,own_cons_lex,0.1667,0.1667,0.1667,0.0,7,4,0.1429,0.378,0.8571,0.8571,0.378,1,0.0,0.0
R1,cons_emb_z,8-agent homogeneous,Sonnet,both,investor,cut_after_letdown,own_cons_emb_z,0.0,-0.0,0.0,0.6591,7,4,0.1429,0.378,0.8571,-0.385,1.108,1,1.0,1.0
R2,cons_emb_z,8-agent homogeneous,Sonnet,both,investor,cut_after_letdown,own_cons_emb_z,0.0,0.0,0.0,,7,4,0.1429,0.378,0.8571,-0.385,1.108,1,1.0,1.0
R1,cons_judge,8-agent homogeneous,Sonnet,game_myth,investor,coop,own_cons_judge,-0.0041,-0.042,0.0339,0.8332,180,5,0.5803,0.0474,0.75,0.8556,0.3525,1,1.0,1.0
R2,cons_judge,8-agent homogeneous,Sonnet,game_myth,investor,coop,own_cons_judge,0.0045,-0.0234,0.0323,0.7535,160,5,0.5803,0.0474,0.75,0.8556,0.3525,22,1.0,1.0
R1,cons_lex,8-agent homogeneous,Sonnet,game_myth,investor,coop,own_cons_lex,-0.0136,-0.0317,0.0046,0.143,180,5,0.5803,0.0474,0.75,0.6722,0.4707,1,1.0,1.0
R2,cons_lex,8-agent homogeneous,Sonnet,game_myth,investor,coop,own_cons_lex,0.002,-0.0063,0.0102,0.6403,160,5,0.5803,0.0474,0.75,0.6722,0.4707,34,1.0,1.0
R1,cons_emb_z,8-agent homogeneous,Sonnet,game_myth,investor,coop,own_cons_emb_z,0.0033,-0.0114,0.0181,0.6572,180,5,0.5803,0.0474,0.75,-0.6469,1.1076,1,1.0,1.0
R2,cons_emb_z,8-agent homogeneous,Sonnet,game_myth,investor,coop,own_cons_emb_z,-0.0001,-0.006,0.0058,0.9816,160,5,0.5803,0.0474,0.75,-0.6469,1.1076,40,1.0,1.0
R1,cons_judge,8-agent homogeneous,Sonnet,game_myth,trustee,coop,own_cons_judge,0.0201,-0.0023,0.0424,0.0782,180,5,0.4109,0.0507,0.1333,0.8222,0.3834,1,1.0,1.0
R2,cons_judge,8-agent homogeneous,Sonnet,game_myth,trustee,coop,own_cons_judge,0.0214,-0.023,0.0657,0.3448,160,5,0.4109,0.0507,0.1333,0.8222,0.3834,22,1.0,1.0
R1,cons_lex,8-agent homogeneous,Sonnet,game_myth,trustee,coop,own_cons_lex,-0.0009,-0.0182,0.0163,0.9176,180,5,0.4109,0.0507,0.1333,0.6611,0.4747,1,1.0,1.0
R2,cons_lex,8-agent homogeneous,Sonnet,game_myth,trustee,coop,own_cons_lex,0.0113,-0.0034,0.0259,0.1306,160,5,0.4109,0.0507,0.1333,0.6611,0.4747,36,1.0,1.0
R1,cons_emb_z,8-agent homogeneous,Sonnet,game_myth,trustee,coop,own_cons_emb_z,0.0002,-0.0168,0.0172,0.9834,180,5,0.4109,0.0507,0.1333,-0.6991,1.084,1,1.0,1.0
R2,cons_emb_z,8-agent homogeneous,Sonnet,game_myth,trustee,coop,own_cons_emb_z,0.0034,-0.0169,0.0237,0.7411,160,5,0.4109,0.0507,0.1333,-0.6991,1.084,40,1.0,1.0
R1,cons_judge,8-agent homogeneous,Sonnet,game_myth,investor,absdelta,own_cons_judge,-0.0107,-0.0421,0.0208,0.5068,160,5,0.0134,0.0375,0.875,0.9062,0.2924,1,1.0,1.0
R2,cons_judge,8-agent homogeneous,Sonnet,game_myth,investor,absdelta,own_cons_judge,-0.0116,-0.0434,0.0202,0.4757,160,5,0.0134,0.0375,0.875,0.9062,0.2924,15,1.0,1.0
R1,cons_lex,8-agent homogeneous,Sonnet,game_myth,investor,absdelta,own_cons_lex,-0.0081,-0.0309,0.0147,0.4849,160,5,0.0134,0.0375,0.875,0.7562,0.4307,1,1.0,1.0
R2,cons_lex,8-agent homogeneous,Sonnet,game_myth,investor,absdelta,own_cons_lex,-0.0082,-0.0193,0.0028,0.145,160,5,0.0134,0.0375,0.875,0.7562,0.4307,30,1.0,1.0
R1,cons_emb_z,8-agent homogeneous,Sonnet,game_myth,investor,absdelta,own_cons_emb_z,-0.0002,-0.0073,0.007,0.9581,160,5,0.0134,0.0375,0.875,-0.4433,0.968,1,1.0,1.0
R2,cons_emb_z,8-agent homogeneous,Sonnet,game_myth,investor,absdelta,own_cons_emb_z,-0.0018,-0.0071,0.0035,0.5118,160,5,0.0134,0.0375,0.875,-0.4433,0.968,40,1.0,1.0
R1,cons_judge,8-agent homogeneous,Sonnet,game_myth,trustee,absdelta,own_cons_judge,0.0111,-0.0213,0.0434,0.5028,160,5,0.0585,0.045,0.0812,0.8875,0.317,1,1.0,1.0
R2,cons_judge,8-agent homogeneous,Sonnet,game_myth,trustee,absdelta,own_cons_judge,0.0005,-0.0381,0.0391,0.979,160,5,0.0585,0.045,0.0812,0.8875,0.317,16,1.0,1.0
R1,cons_lex,8-agent homogeneous,Sonnet,game_myth,trustee,absdelta,own_cons_lex,0.0134,0.001,0.0258,0.0339,160,5,0.0585,0.045,0.0812,0.7375,0.4414,1,1.0,1.0
R2,cons_lex,8-agent homogeneous,Sonnet,game_myth,trustee,absdelta,own_cons_lex,0.0056,-0.0041,0.0152,0.259,160,5,0.0585,0.045,0.0812,0.7375,0.4414,32,1.0,1.0
R1,cons_emb_z,8-agent homogeneous,Sonnet,game_myth,trustee,absdelta,own_cons_emb_z,0.0016,-0.0142,0.0174,0.8415,160,5,0.0585,0.045,0.0812,-0.5323,1.0117,1,1.0,1.0
R2,cons_emb_z,8-agent homogeneous,Sonnet,game_myth,trustee,absdelta,own_cons_emb_z,-0.0019,-0.0215,0.0176,0.847,160,5,0.0585,0.045,0.0812,-0.5323,1.0117,40,1.0,1.0
R1,cons_judge,8-agent homogeneous,Sonnet,game_myth,investor,zero,own_cons_judge,0.0,0.0,0.0,,180,5,0.0,0.0,1.0,0.8556,0.3525,1,1.0,1.0
R2,cons_judge,8-agent homogeneous,Sonnet,game_myth,investor,zero,own_cons_judge,0.0,0.0,0.0,,160,5,0.0,0.0,1.0,0.8556,0.3525,22,1.0,1.0
R1,cons_lex,8-agent homogeneous,Sonnet,game_myth,investor,zero,own_cons_lex,0.0,0.0,0.0,,180,5,0.0,0.0,1.0,0.6722,0.4707,1,1.0,1.0
R2,cons_lex,8-agent homogeneous,Sonnet,game_myth,investor,zero,own_cons_lex,0.0,0.0,0.0,,160,5,0.0,0.0,1.0,0.6722,0.4707,34,1.0,1.0
R1,cons_emb_z,8-agent homogeneous,Sonnet,game_myth,investor,zero,own_cons_emb_z,0.0,0.0,0.0,,180,5,0.0,0.0,1.0,-0.6469,1.1076,1,1.0,1.0
R2,cons_emb_z,8-agent homogeneous,Sonnet,game_myth,investor,zero,own_cons_emb_z,0.0,0.0,0.0,,160,5,0.0,0.0,1.0,-0.6469,1.1076,40,1.0,1.0
R1,cons_judge,8-agent homogeneous,Sonnet,game_myth,investor,cut_after_letdown,own_cons_judge,0.1667,0.1667,0.1667,0.0,7,4,0.1429,0.378,0.8571,0.8571,0.378,1,0.0,0.0
R1,cons_lex,8-agent homogeneous,Sonnet,game_myth,investor,cut_after_letdown,own_cons_lex,0.1667,0.1667,0.1667,0.0,7,4,0.1429,0.378,0.8571,0.8571,0.378,1,0.0,0.0
R1,cons_emb_z,8-agent homogeneous,Sonnet,game_myth,investor,cut_after_letdown,own_cons_emb_z,0.0,-0.0,0.0,0.6591,7,4,0.1429,0.378,0.8571,-0.385,1.108,1,1.0,1.0
R2,cons_emb_z,8-agent homogeneous,Sonnet,game_myth,investor,cut_after_letdown,own_cons_emb_z,0.0,0.0,0.0,,7,4,0.1429,0.378,0.8571,-0.385,1.108,1,1.0,1.0
R1,cons_judge,8-agent homogeneous,Sonnet,myth_game,investor,coop,own_cons_judge,-0.0204,-0.0893,0.0486,0.5628,200,5,0.8747,0.1211,0.41,0.78,0.4153,1,1.0,1.0
R2,cons_judge,8-agent homogeneous,Sonnet,myth_game,investor,coop,own_cons_judge,-0.0361,-0.0575,-0.0147,0.001,160,5,0.8747,0.1211,0.41,0.78,0.4153,32,0.9951,0.0272
R1,cons_lex,8-agent homogeneous,Sonnet,myth_game,investor,coop,own_cons_lex,-0.0491,-0.1505,0.0524,0.3432,200,5,0.8747,0.1211,0.41,0.515,0.501,1,1.0,1.0
R2,cons_lex,8-agent homogeneous,Sonnet,myth_game,investor,coop,own_cons_lex,-0.0327,-0.0649,-0.0006,0.0461,160,5,0.8747,0.1211,0.41,0.515,0.501,38,1.0,1.0
R1,cons_emb_z,8-agent homogeneous,Sonnet,myth_game,investor,coop,own_cons_emb_z,-0.0206,-0.0322,-0.009,0.0005,200,5,0.8747,0.1211,0.41,-0.7423,1.0092,1,0.5148,0.0149
R2,cons_emb_z,8-agent homogeneous,Sonnet,myth_game,investor,coop,own_cons_emb_z,-0.0083,-0.0253,0.0086,0.3357,160,5,0.8747,0.1211,0.41,-0.7423,1.0092,40,1.0,1.0
R1,cons_judge,8-agent homogeneous,Sonnet,myth_game,trustee,coop,own_cons_judge,-0.0276,-0.0548,-0.0004,0.0468,200,5,0.5039,0.0664,0.15,0.83,0.3766,1,1.0,1.0
R2,cons_judge,8-agent homogeneous,Sonnet,myth_game,trustee,coop,own_cons_judge,-0.0375,-0.0644,-0.0106,0.0063,160,5,0.5039,0.0664,0.15,0.83,0.3766,24,1.0,0.1694
R1,cons_lex,8-agent homogeneous,Sonnet,myth_game,trustee,coop,own_cons_lex,-0.0184,-0.0446,0.0079,0.1698,200,5,0.5039,0.0664,0.15,0.5,0.5013,1,1.0,1.0
R2,cons_lex,8-agent homogeneous,Sonnet,myth_game,trustee,coop,own_cons_lex,-0.011,-0.0341,0.0121,0.3503,160,5,0.5039,0.0664,0.15,0.5,0.5013,36,1.0,1.0
R1,cons_emb_z,8-agent homogeneous,Sonnet,myth_game,trustee,coop,own_cons_emb_z,-0.01,-0.0159,-0.0041,0.0008,200,5,0.5039,0.0664,0.15,-0.8033,0.9833,1,0.8545,0.0241
R2,cons_emb_z,8-agent homogeneous,Sonnet,myth_game,trustee,coop,own_cons_emb_z,-0.0001,-0.0074,0.0071,0.9725,160,5,0.5039,0.0664,0.15,-0.8033,0.9833,40,1.0,1.0
R1,cons_judge,8-agent homogeneous,Sonnet,myth_game,investor,absdelta,own_cons_judge,-0.0455,-0.1289,0.0379,0.285,160,5,0.0396,0.0784,0.7375,0.8688,0.3387,1,1.0,1.0
R2,cons_judge,8-agent homogeneous,Sonnet,myth_game,investor,absdelta,own_cons_judge,-0.0361,-0.0982,0.0259,0.2535,160,5,0.0396,0.0784,0.7375,0.8688,0.3387,18,1.0,1.0
R1,cons_lex,8-agent homogeneous,Sonnet,myth_game,investor,absdelta,own_cons_lex,-0.0166,-0.0455,0.0123,0.26,160,5,0.0396,0.0784,0.7375,0.6375,0.4822,1,1.0,1.0
R2,cons_lex,8-agent homogeneous,Sonnet,myth_game,investor,absdelta,own_cons_lex,-0.0066,-0.0376,0.0243,0.6737,160,5,0.0396,0.0784,0.7375,0.6375,0.4822,33,1.0,1.0
R1,cons_emb_z,8-agent homogeneous,Sonnet,myth_game,investor,absdelta,own_cons_emb_z,-0.0009,-0.0056,0.0038,0.7173,160,5,0.0396,0.0784,0.7375,-0.5472,0.9683,1,1.0,1.0
R2,cons_emb_z,8-agent homogeneous,Sonnet,myth_game,investor,absdelta,own_cons_emb_z,-0.0049,-0.0158,0.0061,0.3868,160,5,0.0396,0.0784,0.7375,-0.5472,0.9683,40,1.0,1.0
R1,cons_judge,8-agent homogeneous,Sonnet,myth_game,trustee,absdelta,own_cons_judge,-0.0195,-0.0369,-0.002,0.0288,160,5,0.054,0.0511,0.1688,0.8688,0.3387,1,1.0,0.6618
R2,cons_judge,8-agent homogeneous,Sonnet,myth_game,trustee,absdelta,own_cons_judge,-0.0157,-0.0441,0.0127,0.2785,160,5,0.054,0.0511,0.1688,0.8688,0.3387,17,1.0,1.0
R1,cons_lex,8-agent homogeneous,Sonnet,myth_game,trustee,absdelta,own_cons_lex,-0.0207,-0.0369,-0.0045,0.0122,160,5,0.054,0.0511,0.1688,0.6062,0.4901,1,1.0,0.317
R2,cons_lex,8-agent homogeneous,Sonnet,myth_game,trustee,absdelta,own_cons_lex,-0.0207,-0.0385,-0.0029,0.0229,160,5,0.054,0.0511,0.1688,0.6062,0.4901,31,1.0,0.5491
R1,cons_emb_z,8-agent homogeneous,Sonnet,myth_game,trustee,absdelta,own_cons_emb_z,-0.0028,-0.0114,0.0059,0.5307,160,5,0.054,0.0511,0.1688,-0.594,0.9337,1,1.0,1.0
R2,cons_emb_z,8-agent homogeneous,Sonnet,myth_game,trustee,absdelta,own_cons_emb_z,0.0069,0.0014,0.0124,0.0148,160,5,0.054,0.0511,0.1688,-0.594,0.9337,40,1.0,0.3689
R1,cons_judge,8-agent homogeneous,Sonnet,myth_game,investor,zero,own_cons_judge,0.0,0.0,0.0,,200,5,0.0,0.0,1.0,0.78,0.4153,1,1.0,1.0
R2,cons_judge,8-agent homogeneous,Sonnet,myth_game,investor,zero,own_cons_judge,0.0,0.0,0.0,,160,5,0.0,0.0,1.0,0.78,0.4153,32,1.0,1.0
R1,cons_lex,8-agent homogeneous,Sonnet,myth_game,investor,zero,own_cons_lex,0.0,0.0,0.0,,200,5,0.0,0.0,1.0,0.515,0.501,1,1.0,1.0
R2,cons_lex,8-agent homogeneous,Sonnet,myth_game,investor,zero,own_cons_lex,0.0,0.0,0.0,,160,5,0.0,0.0,1.0,0.515,0.501,38,1.0,1.0
R1,cons_emb_z,8-agent homogeneous,Sonnet,myth_game,investor,zero,own_cons_emb_z,0.0,0.0,0.0,,200,5,0.0,0.0,1.0,-0.7423,1.0092,1,1.0,1.0
R2,cons_emb_z,8-agent homogeneous,Sonnet,myth_game,investor,zero,own_cons_emb_z,0.0,0.0,0.0,,160,5,0.0,0.0,1.0,-0.7423,1.0092,40,1.0,1.0
R1,cons_judge,8-agent mixed,GPT,both,investor,coop,own_cons_judge,-0.015,-0.0671,0.0372,0.574,1131,60,0.7258,0.3887,0.5924,0.6905,0.4625,12,1.0,1.0
R2,cons_judge,8-agent mixed,GPT,both,investor,coop,own_cons_judge,-0.0388,-0.1064,0.0288,0.2607,951,60,0.7258,0.3887,0.5924,0.6905,0.4625,188,1.0,1.0
R1,cons_lex,8-agent mixed,GPT,both,investor,coop,own_cons_lex,-0.0196,-0.0718,0.0326,0.4619,1140,60,0.7255,0.3892,0.593,0.1789,0.3835,12,1.0,1.0
R2,cons_lex,8-agent mixed,GPT,both,investor,coop,own_cons_lex,-0.0417,-0.1037,0.0204,0.1881,960,60,0.7255,0.3892,0.593,0.1789,0.3835,137,1.0,1.0
R1,cons_emb_z,8-agent mixed,GPT,both,investor,coop,own_cons_emb_z,-0.0177,-0.051,0.0155,0.2959,1140,60,0.7255,0.3892,0.593,-2.05,0.6373,12,1.0,1.0
R2,cons_emb_z,8-agent mixed,GPT,both,investor,coop,own_cons_emb_z,-0.019,-0.0542,0.0162,0.29,960,60,0.7255,0.3892,0.593,-2.05,0.6373,240,1.0,1.0
R1,cons_judge,8-agent mixed,GPT,both,trustee,coop,own_cons_judge,-0.0102,-0.0224,0.0019,0.0987,961,60,0.4038,0.0903,0.0219,0.6961,0.4602,12,1.0,1.0
R2,cons_judge,8-agent mixed,GPT,both,trustee,coop,own_cons_judge,-0.0081,-0.023,0.0068,0.2874,698,60,0.4038,0.0903,0.0219,0.6961,0.4602,161,1.0,1.0
R1,cons_lex,8-agent mixed,GPT,both,trustee,coop,own_cons_lex,-0.0094,-0.0256,0.0069,0.2579,966,60,0.4037,0.0903,0.0217,0.206,0.4046,12,1.0,1.0
R2,cons_lex,8-agent mixed,GPT,both,trustee,coop,own_cons_lex,-0.0102,-0.0251,0.0048,0.1814,703,60,0.4037,0.0903,0.0217,0.206,0.4046,119,1.0,1.0
R1,cons_emb_z,8-agent mixed,GPT,both,trustee,coop,own_cons_emb_z,0.0039,-0.0031,0.011,0.2739,966,60,0.4037,0.0903,0.0217,-2.0153,0.6618,12,1.0,1.0
R2,cons_emb_z,8-agent mixed,GPT,both,trustee,coop,own_cons_emb_z,0.0096,-0.0009,0.0202,0.0722,703,60,0.4037,0.0903,0.0217,-2.0153,0.6618,228,1.0,1.0
R1,cons_judge,8-agent mixed,GPT,both,investor,absdelta,own_cons_judge,-0.0172,-0.0702,0.0357,0.5234,951,60,0.2944,0.3825,0.5184,0.7413,0.4381,12,1.0,1.0
R2,cons_judge,8-agent mixed,GPT,both,investor,absdelta,own_cons_judge,0.0289,-0.0259,0.0836,0.302,951,60,0.2944,0.3825,0.5184,0.7413,0.4381,150,1.0,1.0
R1,cons_lex,8-agent mixed,GPT,both,investor,absdelta,own_cons_lex,0.0355,-0.0231,0.0942,0.2351,960,60,0.2946,0.3827,0.5188,0.199,0.3994,12,1.0,1.0
R2,cons_lex,8-agent mixed,GPT,both,investor,absdelta,own_cons_lex,0.0344,-0.0252,0.0941,0.2581,960,60,0.2946,0.3827,0.5188,0.199,0.3994,131,1.0,1.0
R1,cons_emb_z,8-agent mixed,GPT,both,investor,absdelta,own_cons_emb_z,0.0034,-0.0277,0.0344,0.8306,960,60,0.2946,0.3827,0.5188,-2.0358,0.651,12,1.0,1.0
R2,cons_emb_z,8-agent mixed,GPT,both,investor,absdelta,own_cons_emb_z,0.0073,-0.0326,0.0471,0.721,960,60,0.2946,0.3827,0.5188,-2.0358,0.651,240,1.0,1.0
R1,cons_judge,8-agent mixed,GPT,both,trustee,absdelta,own_cons_judge,0.006,-0.0096,0.0215,0.4522,698,60,0.0742,0.0779,0.0287,0.7579,0.4287,12,1.0,1.0
R2,cons_judge,8-agent mixed,GPT,both,trustee,absdelta,own_cons_judge,0.0041,-0.0146,0.0227,0.6693,698,60,0.0742,0.0779,0.0287,0.7579,0.4287,97,1.0,1.0
R1,cons_lex,8-agent mixed,GPT,both,trustee,absdelta,own_cons_lex,0.0077,-0.0073,0.0227,0.3147,703,60,0.0743,0.078,0.0284,0.2432,0.4293,12,1.0,1.0
R2,cons_lex,8-agent mixed,GPT,both,trustee,absdelta,own_cons_lex,0.0014,-0.0138,0.0165,0.8576,703,60,0.0743,0.078,0.0284,0.2432,0.4293,104,1.0,1.0
R1,cons_emb_z,8-agent mixed,GPT,both,trustee,absdelta,own_cons_emb_z,-0.0001,-0.0073,0.0071,0.9764,703,60,0.0743,0.078,0.0284,-1.9949,0.6792,12,1.0,1.0
R2,cons_emb_z,8-agent mixed,GPT,both,trustee,absdelta,own_cons_emb_z,-0.0066,-0.0159,0.0027,0.1629,703,60,0.0743,0.078,0.0284,-1.9949,0.6792,199,1.0,1.0
R1,cons_judge,8-agent mixed,GPT,both,investor,zero,own_cons_judge,0.0234,-0.0252,0.0719,0.3457,1131,60,0.1786,0.3832,0.8214,0.6905,0.4625,12,1.0,1.0
R2,cons_judge,8-agent mixed,GPT,both,investor,zero,own_cons_judge,0.0553,-0.0051,0.1156,0.0726,951,60,0.1786,0.3832,0.8214,0.6905,0.4625,188,1.0,1.0
R1,cons_lex,8-agent mixed,GPT,both,investor,zero,own_cons_lex,0.0132,-0.0457,0.0721,0.6606,1140,60,0.1789,0.3835,0.8211,0.1789,0.3835,12,1.0,1.0
R2,cons_lex,8-agent mixed,GPT,both,investor,zero,own_cons_lex,0.0248,-0.0388,0.0884,0.4451,960,60,0.1789,0.3835,0.8211,0.1789,0.3835,137,1.0,1.0
R1,cons_emb_z,8-agent mixed,GPT,both,investor,zero,own_cons_emb_z,0.0112,-0.0214,0.0437,0.5008,1140,60,0.1789,0.3835,0.8211,-2.05,0.6373,12,1.0,1.0
R2,cons_emb_z,8-agent mixed,GPT,both,investor,zero,own_cons_emb_z,0.0095,-0.0282,0.0472,0.6212,960,60,0.1789,0.3835,0.8211,-2.05,0.6373,240,1.0,1.0
R1,cons_judge,8-agent mixed,GPT,both,investor,cut_after_letdown,own_cons_judge,-0.1253,-0.3228,0.0722,0.2136,142,39,0.2606,0.4405,0.7394,0.7394,0.4405,9,1.0,1.0
R2,cons_judge,8-agent mixed,GPT,both,investor,cut_after_letdown,own_cons_judge,-0.1614,-0.4777,0.1549,0.3172,142,39,0.2606,0.4405,0.7394,0.7394,0.4405,16,1.0,1.0
R1,cons_lex,8-agent mixed,GPT,both,investor,cut_after_letdown,own_cons_lex,0.048,-0.1615,0.2575,0.6535,144,39,0.2639,0.4423,0.7361,0.1736,0.3801,9,1.0,1.0
R2,cons_lex,8-agent mixed,GPT,both,investor,cut_after_letdown,own_cons_lex,-0.6303,-0.9722,-0.2885,0.0003,144,39,0.2639,0.4423,0.7361,0.1736,0.3801,6,0.3123,0.0109
R1,cons_emb_z,8-agent mixed,GPT,both,investor,cut_after_letdown,own_cons_emb_z,-0.0033,-0.1487,0.142,0.9641,144,39,0.2639,0.4423,0.7361,-1.9949,0.655,11,1.0,1.0
R2,cons_emb_z,8-agent mixed,GPT,both,investor,cut_after_letdown,own_cons_emb_z,-0.2169,-0.388,-0.0457,0.013,144,39,0.2639,0.4423,0.7361,-1.9949,0.655,36,1.0,0.4556
R1,cons_judge,8-agent mixed,GPT,game_myth,investor,coop,own_cons_judge,-0.0165,-0.1062,0.0731,0.7181,537,30,0.6523,0.4229,0.5289,0.689,0.4633,6,1.0,1.0
R2,cons_judge,8-agent mixed,GPT,game_myth,investor,coop,own_cons_judge,-0.0322,-0.1519,0.0874,0.5973,477,30,0.6523,0.4229,0.5289,0.689,0.4633,90,1.0,1.0
R1,cons_lex,8-agent mixed,GPT,game_myth,investor,coop,own_cons_lex,-0.0232,-0.1098,0.0634,0.5991,540,30,0.6509,0.4234,0.5278,0.1833,0.3873,6,1.0,1.0
R2,cons_lex,8-agent mixed,GPT,game_myth,investor,coop,own_cons_lex,-0.0078,-0.1104,0.0948,0.8816,480,30,0.6509,0.4234,0.5278,0.1833,0.3873,67,1.0,1.0
R1,cons_emb_z,8-agent mixed,GPT,game_myth,investor,coop,own_cons_emb_z,-0.0302,-0.0861,0.0256,0.289,540,30,0.6509,0.4234,0.5278,-2.0868,0.6521,6,1.0,1.0
R2,cons_emb_z,8-agent mixed,GPT,game_myth,investor,coop,own_cons_emb_z,-0.0369,-0.0916,0.0178,0.1866,480,30,0.6509,0.4234,0.5278,-2.0868,0.6521,120,1.0,1.0
R1,cons_judge,8-agent mixed,GPT,game_myth,trustee,coop,own_cons_judge,-0.0118,-0.0315,0.0079,0.2395,423,30,0.3945,0.0935,0.0307,0.7139,0.4524,6,1.0,1.0
R2,cons_judge,8-agent mixed,GPT,game_myth,trustee,coop,own_cons_judge,-0.006,-0.0321,0.0201,0.6522,309,30,0.3945,0.0935,0.0307,0.7139,0.4524,72,1.0,1.0
R1,cons_lex,8-agent mixed,GPT,game_myth,trustee,coop,own_cons_lex,-0.0096,-0.037,0.0178,0.4915,427,30,0.3943,0.0934,0.0304,0.2225,0.4164,6,1.0,1.0
R2,cons_lex,8-agent mixed,GPT,game_myth,trustee,coop,own_cons_lex,-0.0011,-0.028,0.0258,0.9361,313,30,0.3943,0.0934,0.0304,0.2225,0.4164,54,1.0,1.0
R1,cons_emb_z,8-agent mixed,GPT,game_myth,trustee,coop,own_cons_emb_z,0.0023,-0.0104,0.0149,0.7258,427,30,0.3943,0.0934,0.0304,-2.0418,0.6529,6,1.0,1.0
R2,cons_emb_z,8-agent mixed,GPT,game_myth,trustee,coop,own_cons_emb_z,0.0223,0.0017,0.0429,0.0342,313,30,0.3943,0.0934,0.0304,-2.0418,0.6529,108,1.0,1.0
R1,cons_judge,8-agent mixed,GPT,game_myth,investor,absdelta,own_cons_judge,-0.049,-0.1335,0.0355,0.2561,477,30,0.3381,0.4,0.4759,0.7338,0.4425,6,1.0,1.0
R2,cons_judge,8-agent mixed,GPT,game_myth,investor,absdelta,own_cons_judge,0.0044,-0.0862,0.095,0.9244,477,30,0.3381,0.4,0.4759,0.7338,0.4425,75,1.0,1.0
R1,cons_lex,8-agent mixed,GPT,game_myth,investor,absdelta,own_cons_lex,0.0833,0.0033,0.1632,0.0412,480,30,0.3368,0.3994,0.4771,0.2021,0.402,6,1.0,1.0
R2,cons_lex,8-agent mixed,GPT,game_myth,investor,absdelta,own_cons_lex,0.0694,-0.0252,0.1639,0.1504,480,30,0.3368,0.3994,0.4771,0.2021,0.402,65,1.0,1.0
R1,cons_emb_z,8-agent mixed,GPT,game_myth,investor,absdelta,own_cons_emb_z,0.0196,-0.0254,0.0646,0.3926,480,30,0.3368,0.3994,0.4771,-2.0606,0.6616,6,1.0,1.0
R2,cons_emb_z,8-agent mixed,GPT,game_myth,investor,absdelta,own_cons_emb_z,0.0128,-0.0535,0.0792,0.7047,480,30,0.3368,0.3994,0.4771,-2.0606,0.6616,120,1.0,1.0
R1,cons_judge,8-agent mixed,GPT,game_myth,trustee,absdelta,own_cons_judge,0.0244,0.0006,0.0482,0.0443,309,30,0.0866,0.0934,0.0356,0.7605,0.4275,6,1.0,1.0
R2,cons_judge,8-agent mixed,GPT,game_myth,trustee,absdelta,own_cons_judge,0.0225,-0.0081,0.0531,0.1492,309,30,0.0866,0.0934,0.0356,0.7605,0.4275,40,1.0,1.0
R1,cons_lex,8-agent mixed,GPT,game_myth,trustee,absdelta,own_cons_lex,0.0228,-0.0026,0.0482,0.0784,313,30,0.0869,0.0934,0.0351,0.2588,0.4387,6,1.0,1.0
R2,cons_lex,8-agent mixed,GPT,game_myth,trustee,absdelta,own_cons_lex,0.0137,-0.0136,0.041,0.3264,313,30,0.0869,0.0934,0.0351,0.2588,0.4387,48,1.0,1.0
R1,cons_emb_z,8-agent mixed,GPT,game_myth,trustee,absdelta,own_cons_emb_z,0.0047,-0.0088,0.0183,0.4942,313,30,0.0869,0.0934,0.0351,-2.0045,0.6782,6,1.0,1.0
R2,cons_emb_z,8-agent mixed,GPT,game_myth,trustee,absdelta,own_cons_emb_z,-0.0034,-0.0206,0.0139,0.7034,313,30,0.0869,0.0934,0.0351,-2.0045,0.6782,93,1.0,1.0
R1,cons_judge,8-agent mixed,GPT,game_myth,investor,zero,own_cons_judge,0.0268,-0.0577,0.1113,0.5344,537,30,0.2421,0.4287,0.7579,0.689,0.4633,6,1.0,1.0
R2,cons_judge,8-agent mixed,GPT,game_myth,investor,zero,own_cons_judge,0.0677,-0.0427,0.1781,0.2295,477,30,0.2421,0.4287,0.7579,0.689,0.4633,90,1.0,1.0
R1,cons_lex,8-agent mixed,GPT,game_myth,investor,zero,own_cons_lex,0.0143,-0.092,0.1207,0.7915,540,30,0.2426,0.429,0.7574,0.1833,0.3873,6,1.0,1.0
R2,cons_lex,8-agent mixed,GPT,game_myth,investor,zero,own_cons_lex,-0.006,-0.1171,0.1051,0.9153,480,30,0.2426,0.429,0.7574,0.1833,0.3873,67,1.0,1.0
R1,cons_emb_z,8-agent mixed,GPT,game_myth,investor,zero,own_cons_emb_z,0.0349,-0.0063,0.0762,0.0971,540,30,0.2426,0.429,0.7574,-2.0868,0.6521,6,1.0,1.0
R2,cons_emb_z,8-agent mixed,GPT,game_myth,investor,zero,own_cons_emb_z,0.028,-0.0208,0.0767,0.2607,480,30,0.2426,0.429,0.7574,-2.0868,0.6521,120,1.0,1.0
R1,cons_judge,8-agent mixed,GPT,game_myth,investor,cut_after_letdown,own_cons_judge,-0.1788,-0.3674,0.0098,0.0631,69,21,0.2029,0.4051,0.7971,0.7246,0.45,5,1.0,1.0
R2,cons_judge,8-agent mixed,GPT,game_myth,investor,cut_after_letdown,own_cons_judge,-0.328,-0.4546,-0.2013,0.0,69,21,0.2029,0.4051,0.7971,0.7246,0.45,7,0.0004,0.0
R1,cons_lex,8-agent mixed,GPT,game_myth,investor,cut_after_letdown,own_cons_lex,0.1336,-0.069,0.3362,0.1963,71,21,0.2113,0.4111,0.7887,0.1549,0.3644,5,1.0,1.0
R2,cons_lex,8-agent mixed,GPT,game_myth,investor,cut_after_letdown,own_cons_lex,-0.6705,-1.0849,-0.2561,0.0015,71,21,0.2113,0.4111,0.7887,0.1549,0.3644,2,1.0,0.0531
R1,cons_emb_z,8-agent mixed,GPT,game_myth,investor,cut_after_letdown,own_cons_emb_z,-0.0394,-0.2577,0.1789,0.7237,71,21,0.2113,0.4111,0.7887,-2.1449,0.6818,6,1.0,1.0
R2,cons_emb_z,8-agent mixed,GPT,game_myth,investor,cut_after_letdown,own_cons_emb_z,-0.2362,-0.4409,-0.0315,0.0237,71,21,0.2113,0.4111,0.7887,-2.1449,0.6818,18,1.0,0.8058
R1,cons_judge,8-agent mixed,GPT,myth_game,investor,coop,own_cons_judge,-0.0257,-0.08,0.0286,0.3541,594,30,0.7922,0.342,0.6498,0.6919,0.4621,6,1.0,1.0
R2,cons_judge,8-agent mixed,GPT,myth_game,investor,coop,own_cons_judge,-0.061,-0.1249,0.0029,0.0614,474,30,0.7922,0.342,0.6498,0.6919,0.4621,98,1.0,1.0
R1,cons_lex,8-agent mixed,GPT,myth_game,investor,coop,own_cons_lex,-0.0242,-0.0861,0.0376,0.4422,600,30,0.7926,0.3424,0.6517,0.175,0.3803,6,1.0,1.0
R2,cons_lex,8-agent mixed,GPT,myth_game,investor,coop,own_cons_lex,-0.0834,-0.1511,-0.0157,0.0158,480,30,0.7926,0.3424,0.6517,0.175,0.3803,70,1.0,0.5517
R1,cons_emb_z,8-agent mixed,GPT,myth_game,investor,coop,own_cons_emb_z,-0.0176,-0.0562,0.0209,0.3705,600,30,0.7926,0.3424,0.6517,-2.0169,0.6224,6,1.0,1.0
R2,cons_emb_z,8-agent mixed,GPT,myth_game,investor,coop,own_cons_emb_z,-0.0265,-0.0714,0.0185,0.2481,480,30,0.7926,0.3424,0.6517,-2.0169,0.6224,120,1.0,1.0
R1,cons_judge,8-agent mixed,GPT,myth_game,trustee,coop,own_cons_judge,-0.0111,-0.0256,0.0034,0.1329,538,30,0.4111,0.0871,0.0167,0.6822,0.4661,6,1.0,1.0
R2,cons_judge,8-agent mixed,GPT,myth_game,trustee,coop,own_cons_judge,-0.0106,-0.025,0.0039,0.1507,389,30,0.4111,0.0871,0.0167,0.6822,0.4661,89,1.0,1.0
R1,cons_lex,8-agent mixed,GPT,myth_game,trustee,coop,own_cons_lex,-0.0109,-0.0281,0.0063,0.2133,539,30,0.4112,0.0871,0.0167,0.1929,0.395,6,1.0,1.0
R2,cons_lex,8-agent mixed,GPT,myth_game,trustee,coop,own_cons_lex,-0.0184,-0.0344,-0.0023,0.0247,390,30,0.4112,0.0871,0.0167,0.1929,0.395,65,1.0,0.8394
R1,cons_emb_z,8-agent mixed,GPT,myth_game,trustee,coop,own_cons_emb_z,0.0042,-0.0045,0.0129,0.3436,539,30,0.4112,0.0871,0.0167,-1.9942,0.6686,6,1.0,1.0
R2,cons_emb_z,8-agent mixed,GPT,myth_game,trustee,coop,own_cons_emb_z,0.0007,-0.0082,0.0097,0.8753,390,30,0.4112,0.0871,0.0167,-1.9942,0.6686,120,1.0,1.0
R1,cons_judge,8-agent mixed,GPT,myth_game,investor,absdelta,own_cons_judge,0.0184,-0.0457,0.0825,0.5738,474,30,0.2505,0.3591,0.5612,0.7489,0.4341,6,1.0,1.0
R2,cons_judge,8-agent mixed,GPT,myth_game,investor,absdelta,own_cons_judge,0.0389,-0.0194,0.0972,0.1912,474,30,0.2505,0.3591,0.5612,0.7489,0.4341,75,1.0,1.0
R1,cons_lex,8-agent mixed,GPT,myth_game,investor,absdelta,own_cons_lex,-0.0083,-0.0788,0.0622,0.8176,480,30,0.2523,0.3607,0.5604,0.1958,0.3973,6,1.0,1.0
R2,cons_lex,8-agent mixed,GPT,myth_game,investor,absdelta,own_cons_lex,-0.0037,-0.0626,0.0552,0.9026,480,30,0.2523,0.3607,0.5604,0.1958,0.3973,66,1.0,1.0
R1,cons_emb_z,8-agent mixed,GPT,myth_game,investor,absdelta,own_cons_emb_z,-0.0075,-0.0454,0.0304,0.698,480,30,0.2523,0.3607,0.5604,-2.011,0.64,6,1.0,1.0
R2,cons_emb_z,8-agent mixed,GPT,myth_game,investor,absdelta,own_cons_emb_z,-0.0173,-0.0567,0.0222,0.3917,480,30,0.2523,0.3607,0.5604,-2.011,0.64,120,1.0,1.0
R1,cons_judge,8-agent mixed,GPT,myth_game,trustee,absdelta,own_cons_judge,-0.0039,-0.0212,0.0133,0.6544,389,30,0.0643,0.0613,0.0231,0.7558,0.4302,6,1.0,1.0
R2,cons_judge,8-agent mixed,GPT,myth_game,trustee,absdelta,own_cons_judge,-0.0014,-0.0221,0.0193,0.8975,389,30,0.0643,0.0613,0.0231,0.7558,0.4302,57,1.0,1.0
R1,cons_lex,8-agent mixed,GPT,myth_game,trustee,absdelta,own_cons_lex,-0.0037,-0.0174,0.01,0.5969,390,30,0.0641,0.0613,0.0231,0.2308,0.4219,6,1.0,1.0
R2,cons_lex,8-agent mixed,GPT,myth_game,trustee,absdelta,own_cons_lex,-0.0043,-0.0188,0.0102,0.5609,390,30,0.0641,0.0613,0.0231,0.2308,0.4219,56,1.0,1.0
R1,cons_emb_z,8-agent mixed,GPT,myth_game,trustee,absdelta,own_cons_emb_z,-0.0022,-0.0095,0.005,0.5424,390,30,0.0641,0.0613,0.0231,-1.9873,0.6807,6,1.0,1.0
R2,cons_emb_z,8-agent mixed,GPT,myth_game,trustee,absdelta,own_cons_emb_z,-0.0063,-0.016,0.0033,0.1995,390,30,0.0641,0.0613,0.0231,-1.9873,0.6807,106,1.0,1.0
R1,cons_judge,8-agent mixed,GPT,myth_game,investor,zero,own_cons_judge,0.0311,-0.0208,0.083,0.24,594,30,0.1212,0.3266,0.8788,0.6919,0.4621,6,1.0,1.0
R2,cons_judge,8-agent mixed,GPT,myth_game,investor,zero,own_cons_judge,0.0598,0.0058,0.1137,0.0299,474,30,0.1212,0.3266,0.8788,0.6919,0.4621,98,1.0,0.9865
R1,cons_lex,8-agent mixed,GPT,myth_game,investor,zero,own_cons_lex,0.0192,-0.0408,0.0791,0.5308,600,30,0.1217,0.3272,0.8783,0.175,0.3803,6,1.0,1.0
R2,cons_lex,8-agent mixed,GPT,myth_game,investor,zero,own_cons_lex,0.0647,-0.0004,0.1298,0.0515,480,30,0.1217,0.3272,0.8783,0.175,0.3803,70,1.0,1.0
R1,cons_emb_z,8-agent mixed,GPT,myth_game,investor,zero,own_cons_emb_z,-0.0003,-0.047,0.0465,0.9913,600,30,0.1217,0.3272,0.8783,-2.0169,0.6224,6,1.0,1.0
R2,cons_emb_z,8-agent mixed,GPT,myth_game,investor,zero,own_cons_emb_z,0.0141,-0.0371,0.0653,0.5902,480,30,0.1217,0.3272,0.8783,-2.0169,0.6224,120,1.0,1.0
R1,cons_judge,8-agent mixed,GPT,myth_game,investor,cut_after_letdown,own_cons_judge,-0.061,-0.4055,0.2835,0.7284,73,18,0.3151,0.4678,0.6849,0.7534,0.434,4,1.0,1.0
R2,cons_judge,8-agent mixed,GPT,myth_game,investor,cut_after_letdown,own_cons_judge,-0.0842,-0.5594,0.391,0.7285,73,18,0.3151,0.4678,0.6849,0.7534,0.434,9,1.0,1.0
R1,cons_lex,8-agent mixed,GPT,myth_game,investor,cut_after_letdown,own_cons_lex,-0.0576,-0.4359,0.3207,0.7655,73,18,0.3151,0.4678,0.6849,0.1918,0.3964,4,1.0,1.0
R2,cons_lex,8-agent mixed,GPT,myth_game,investor,cut_after_letdown,own_cons_lex,-0.7503,-1.1272,-0.3734,0.0001,73,18,0.3151,0.4678,0.6849,0.1918,0.3964,4,0.0996,0.0034
R1,cons_emb_z,8-agent mixed,GPT,myth_game,investor,cut_after_letdown,own_cons_emb_z,0.0528,-0.165,0.2707,0.6346,73,18,0.3151,0.4678,0.6849,-1.849,0.5969,5,1.0,1.0
R2,cons_emb_z,8-agent mixed,GPT,myth_game,investor,cut_after_letdown,own_cons_emb_z,-0.1533,-0.6813,0.3747,0.5694,73,18,0.3151,0.4678,0.6849,-1.849,0.5969,18,1.0,1.0
R1,cons_judge,8-agent mixed,Gemini,both,trustee,coop,own_cons_judge,-0.0031,-0.0209,0.0148,0.737,312,30,0.4417,0.0515,0.0385,0.8782,0.3276,6,1.0,1.0
R2,cons_judge,8-agent mixed,Gemini,both,trustee,coop,own_cons_judge,0.0144,-0.0023,0.0312,0.091,245,30,0.4417,0.0515,0.0385,0.8782,0.3276,28,1.0,1.0
R1,cons_lex,8-agent mixed,Gemini,both,trustee,coop,own_cons_lex,-0.003,-0.0144,0.0084,0.6078,312,30,0.4417,0.0515,0.0385,0.25,0.4337,6,1.0,1.0
R2,cons_lex,8-agent mixed,Gemini,both,trustee,coop,own_cons_lex,-0.0024,-0.0139,0.0091,0.6795,245,30,0.4417,0.0515,0.0385,0.25,0.4337,51,1.0,1.0
R1,cons_emb_z,8-agent mixed,Gemini,both,trustee,coop,own_cons_emb_z,0.0012,-0.0073,0.0097,0.7784,312,30,0.4417,0.0515,0.0385,-1.0039,0.6477,6,1.0,1.0
R2,cons_emb_z,8-agent mixed,Gemini,both,trustee,coop,own_cons_emb_z,0.0026,-0.0055,0.0107,0.5311,245,30,0.4417,0.0515,0.0385,-1.0039,0.6477,70,1.0,1.0
R1,cons_judge,8-agent mixed,Gemini,both,trustee,absdelta,own_cons_judge,-0.0033,-0.0307,0.024,0.8123,245,30,0.0479,0.0525,0.0408,0.9306,0.2546,5,1.0,1.0
R2,cons_judge,8-agent mixed,Gemini,both,trustee,absdelta,own_cons_judge,-0.0122,-0.0322,0.0078,0.2305,245,30,0.0479,0.0525,0.0408,0.9306,0.2546,14,1.0,1.0
R1,cons_lex,8-agent mixed,Gemini,both,trustee,absdelta,own_cons_lex,0.0076,-0.0144,0.0296,0.5,245,30,0.0479,0.0525,0.0408,0.2531,0.4357,6,1.0,1.0
R2,cons_lex,8-agent mixed,Gemini,both,trustee,absdelta,own_cons_lex,0.0024,-0.0115,0.0162,0.7397,245,30,0.0479,0.0525,0.0408,0.2531,0.4357,44,1.0,1.0
R1,cons_emb_z,8-agent mixed,Gemini,both,trustee,absdelta,own_cons_emb_z,-0.01,-0.0193,-0.0007,0.0353,245,30,0.0479,0.0525,0.0408,-0.8884,0.6248,6,1.0,0.4236
R2,cons_emb_z,8-agent mixed,Gemini,both,trustee,absdelta,own_cons_emb_z,0.0007,-0.0085,0.0099,0.8845,245,30,0.0479,0.0525,0.0408,-0.8884,0.6248,69,1.0,1.0
R1,cons_judge,8-agent mixed,Gemini,game_myth,trustee,coop,own_cons_judge,-0.0107,-0.0408,0.0194,0.4864,144,15,0.4359,0.067,0.0347,0.8194,0.386,3,1.0,1.0
R2,cons_judge,8-agent mixed,Gemini,game_myth,trustee,coop,own_cons_judge,0.0149,-0.016,0.0459,0.3445,112,15,0.4359,0.067,0.0347,0.8194,0.386,18,1.0,1.0
R1,cons_lex,8-agent mixed,Gemini,game_myth,trustee,coop,own_cons_lex,-0.009,-0.0291,0.0111,0.3798,144,15,0.4359,0.067,0.0347,0.2639,0.4423,3,1.0,1.0
R2,cons_lex,8-agent mixed,Gemini,game_myth,trustee,coop,own_cons_lex,-0.0047,-0.0259,0.0165,0.6656,112,15,0.4359,0.067,0.0347,0.2639,0.4423,24,1.0,1.0
R1,cons_emb_z,8-agent mixed,Gemini,game_myth,trustee,coop,own_cons_emb_z,-0.0002,-0.0134,0.013,0.9767,144,15,0.4359,0.067,0.0347,-1.0552,0.6105,3,1.0,1.0
R2,cons_emb_z,8-agent mixed,Gemini,game_myth,trustee,coop,own_cons_emb_z,0.002,-0.0103,0.0142,0.7538,112,15,0.4359,0.067,0.0347,-1.0552,0.6105,35,1.0,1.0
R1,cons_judge,8-agent mixed,Gemini,game_myth,trustee,absdelta,own_cons_judge,0.0053,-0.0413,0.0519,0.8222,112,15,0.0574,0.0711,0.0357,0.8929,0.3107,3,1.0,1.0
R2,cons_judge,8-agent mixed,Gemini,game_myth,trustee,absdelta,own_cons_judge,-0.0218,-0.0478,0.0042,0.0998,112,15,0.0574,0.0711,0.0357,0.8929,0.3107,10,1.0,1.0
R1,cons_lex,8-agent mixed,Gemini,game_myth,trustee,absdelta,own_cons_lex,0.0186,-0.0263,0.0636,0.4165,112,15,0.0574,0.0711,0.0357,0.2679,0.4448,3,1.0,1.0
R2,cons_lex,8-agent mixed,Gemini,game_myth,trustee,absdelta,own_cons_lex,0.011,-0.0169,0.0389,0.4389,112,15,0.0574,0.0711,0.0357,0.2679,0.4448,21,1.0,1.0
R1,cons_emb_z,8-agent mixed,Gemini,game_myth,trustee,absdelta,own_cons_emb_z,-0.0133,-0.032,0.0053,0.1613,112,15,0.0574,0.0711,0.0357,-0.9444,0.5987,3,1.0,1.0
R2,cons_emb_z,8-agent mixed,Gemini,game_myth,trustee,absdelta,own_cons_emb_z,0.0052,-0.0107,0.0212,0.5182,112,15,0.0574,0.0711,0.0357,-0.9444,0.5987,34,1.0,1.0
R1,cons_judge,8-agent mixed,Gemini,myth_game,trustee,coop,own_cons_judge,0.0049,-0.0085,0.0183,0.4711,168,15,0.4466,0.0322,0.0536,0.9286,0.2583,3,1.0,1.0
R2,cons_judge,8-agent mixed,Gemini,myth_game,trustee,coop,own_cons_judge,0.0257,0.0144,0.0369,0.0,133,15,0.4466,0.0322,0.0536,0.9286,0.2583,10,0.0087,0.0001
R1,cons_lex,8-agent mixed,Gemini,myth_game,trustee,coop,own_cons_lex,0.0011,-0.0088,0.0109,0.8317,168,15,0.4466,0.0322,0.0536,0.2381,0.4272,3,1.0,1.0
R2,cons_lex,8-agent mixed,Gemini,myth_game,trustee,coop,own_cons_lex,-0.0026,-0.0111,0.006,0.5563,133,15,0.4466,0.0322,0.0536,0.2381,0.4272,27,1.0,1.0
R1,cons_emb_z,8-agent mixed,Gemini,myth_game,trustee,coop,own_cons_emb_z,0.0018,-0.0086,0.0122,0.7322,168,15,0.4466,0.0322,0.0536,-0.9599,0.6767,3,1.0,1.0
R2,cons_emb_z,8-agent mixed,Gemini,myth_game,trustee,coop,own_cons_emb_z,0.0047,-0.0043,0.0137,0.306,133,15,0.4466,0.0322,0.0536,-0.9599,0.6767,35,1.0,1.0
R1,cons_judge,8-agent mixed,Gemini,myth_game,trustee,absdelta,own_cons_judge,-0.0116,-0.0462,0.0231,0.5129,133,15,0.0398,0.0267,0.0526,0.9624,0.1909,2,1.0,1.0
R2,cons_judge,8-agent mixed,Gemini,myth_game,trustee,absdelta,own_cons_judge,-0.0076,-0.0524,0.0371,0.738,133,15,0.0398,0.0267,0.0526,0.9624,0.1909,4,1.0,1.0
R1,cons_lex,8-agent mixed,Gemini,myth_game,trustee,absdelta,own_cons_lex,-0.0012,-0.0096,0.0073,0.789,133,15,0.0398,0.0267,0.0526,0.2406,0.4291,3,1.0,1.0
R2,cons_lex,8-agent mixed,Gemini,myth_game,trustee,absdelta,own_cons_lex,-0.0019,-0.0105,0.0067,0.6699,133,15,0.0398,0.0267,0.0526,0.2406,0.4291,23,1.0,1.0
R1,cons_emb_z,8-agent mixed,Gemini,myth_game,trustee,absdelta,own_cons_emb_z,-0.0077,-0.0117,-0.0037,0.0001,133,15,0.0398,0.0267,0.0526,-0.8412,0.6444,3,0.1526,0.0016
R2,cons_emb_z,8-agent mixed,Gemini,myth_game,trustee,absdelta,own_cons_emb_z,-0.0032,-0.0083,0.0019,0.2178,133,15,0.0398,0.0267,0.0526,-0.8412,0.6444,35,1.0,1.0
R1,cons_judge,8-agent mixed,Sonnet,both,investor,coop,own_cons_judge,-0.0207,-0.0486,0.0072,0.146,809,30,0.7228,0.1769,0.3004,0.691,0.4624,6,1.0,1.0
R2,cons_judge,8-agent mixed,Sonnet,both,investor,coop,own_cons_judge,0.0007,-0.0267,0.0281,0.96,680,30,0.7228,0.1769,0.3004,0.691,0.4624,125,1.0,1.0
R1,cons_lex,8-agent mixed,Sonnet,both,investor,coop,own_cons_lex,-0.0593,-0.093,-0.0257,0.0005,809,30,0.7228,0.1769,0.3004,0.5006,0.5003,6,0.5592,0.0184
R2,cons_lex,8-agent mixed,Sonnet,both,investor,coop,own_cons_lex,-0.0149,-0.045,0.0153,0.3332,680,30,0.7228,0.1769,0.3004,0.5006,0.5003,152,1.0,1.0
R1,cons_emb_z,8-agent mixed,Sonnet,both,investor,coop,own_cons_emb_z,-0.0116,-0.0244,0.0011,0.0733,809,30,0.7228,0.1769,0.3004,-0.894,1.0303,6,1.0,1.0
R2,cons_emb_z,8-agent mixed,Sonnet,both,investor,coop,own_cons_emb_z,-0.0048,-0.0182,0.0085,0.4776,680,30,0.7228,0.1769,0.3004,-0.894,1.0303,170,1.0,1.0
R1,cons_judge,8-agent mixed,Sonnet,both,trustee,coop,own_cons_judge,0.0047,-0.0085,0.0179,0.4883,791,30,0.4537,0.0784,0.1062,0.7345,0.4419,6,1.0,1.0
R2,cons_judge,8-agent mixed,Sonnet,both,trustee,coop,own_cons_judge,0.0044,-0.0101,0.0189,0.5514,648,30,0.4537,0.0784,0.1062,0.7345,0.4419,126,1.0,1.0
R1,cons_lex,8-agent mixed,Sonnet,both,trustee,coop,own_cons_lex,-0.0085,-0.0222,0.0051,0.2195,791,30,0.4537,0.0784,0.1062,0.5082,0.5002,6,1.0,1.0
R2,cons_lex,8-agent mixed,Sonnet,both,trustee,coop,own_cons_lex,-0.0026,-0.0155,0.0103,0.6957,648,30,0.4537,0.0784,0.1062,0.5082,0.5002,151,1.0,1.0
R1,cons_emb_z,8-agent mixed,Sonnet,both,trustee,coop,own_cons_emb_z,-0.0019,-0.0097,0.006,0.6406,791,30,0.4537,0.0784,0.1062,-0.8126,1.0186,6,1.0,1.0
R2,cons_emb_z,8-agent mixed,Sonnet,both,trustee,coop,own_cons_emb_z,-0.002,-0.0086,0.0046,0.5494,648,30,0.4537,0.0784,0.1062,-0.8126,1.0186,170,1.0,1.0
R1,cons_judge,8-agent mixed,Sonnet,both,investor,absdelta,own_cons_judge,-0.0396,-0.0597,-0.0194,0.0001,680,30,0.0776,0.117,0.5853,0.7544,0.4308,6,0.1233,0.0041
R2,cons_judge,8-agent mixed,Sonnet,both,investor,absdelta,own_cons_judge,-0.0261,-0.0432,-0.009,0.0027,680,30,0.0776,0.117,0.5853,0.7544,0.4308,98,1.0,0.0906
R1,cons_lex,8-agent mixed,Sonnet,both,investor,absdelta,own_cons_lex,-0.0208,-0.039,-0.0026,0.0249,680,30,0.0776,0.117,0.5853,0.5897,0.4922,6,1.0,0.7981
R2,cons_lex,8-agent mixed,Sonnet,both,investor,absdelta,own_cons_lex,-0.0122,-0.0282,0.0038,0.1351,680,30,0.0776,0.117,0.5853,0.5897,0.4922,134,1.0,1.0
R1,cons_emb_z,8-agent mixed,Sonnet,both,investor,absdelta,own_cons_emb_z,-0.006,-0.0152,0.0031,0.1981,680,30,0.0776,0.117,0.5853,-0.7192,0.9813,6,1.0,1.0
R2,cons_emb_z,8-agent mixed,Sonnet,both,investor,absdelta,own_cons_emb_z,-0.0083,-0.0211,0.0046,0.2069,680,30,0.0776,0.117,0.5853,-0.7192,0.9813,170,1.0,1.0
R1,cons_judge,8-agent mixed,Sonnet,both,trustee,absdelta,own_cons_judge,-0.0104,-0.0236,0.0028,0.123,648,30,0.0601,0.0515,0.0679,0.7824,0.4129,6,1.0,1.0
R2,cons_judge,8-agent mixed,Sonnet,both,trustee,absdelta,own_cons_judge,-0.0046,-0.0158,0.0066,0.4188,648,30,0.0601,0.0515,0.0679,0.7824,0.4129,96,1.0,1.0
R1,cons_lex,8-agent mixed,Sonnet,both,trustee,absdelta,own_cons_lex,0.0014,-0.0092,0.012,0.7972,648,30,0.0601,0.0515,0.0679,0.6003,0.4902,6,1.0,1.0
R2,cons_lex,8-agent mixed,Sonnet,both,trustee,absdelta,own_cons_lex,-0.0033,-0.0136,0.0071,0.5368,648,30,0.0601,0.0515,0.0679,0.6003,0.4902,131,1.0,1.0
R1,cons_emb_z,8-agent mixed,Sonnet,both,trustee,absdelta,own_cons_emb_z,-0.0021,-0.0064,0.0022,0.3338,648,30,0.0601,0.0515,0.0679,-0.6257,0.9685,6,1.0,1.0
R2,cons_emb_z,8-agent mixed,Sonnet,both,trustee,absdelta,own_cons_emb_z,0.0001,-0.0054,0.0056,0.9649,648,30,0.0601,0.0515,0.0679,-0.6257,0.9685,169,1.0,1.0
R1,cons_judge,8-agent mixed,Sonnet,both,investor,zero,own_cons_judge,-0.0007,-0.0061,0.0046,0.7903,809,30,0.0049,0.0702,0.9951,0.691,0.4624,6,1.0,1.0
R2,cons_judge,8-agent mixed,Sonnet,both,investor,zero,own_cons_judge,-0.0033,-0.0149,0.0082,0.5729,680,30,0.0049,0.0702,0.9951,0.691,0.4624,125,1.0,1.0
R1,cons_lex,8-agent mixed,Sonnet,both,investor,zero,own_cons_lex,0.0003,-0.0034,0.004,0.8818,809,30,0.0049,0.0702,0.9951,0.5006,0.5003,6,1.0,1.0
R2,cons_lex,8-agent mixed,Sonnet,both,investor,zero,own_cons_lex,-0.0041,-0.0132,0.0049,0.3718,680,30,0.0049,0.0702,0.9951,0.5006,0.5003,152,1.0,1.0
R1,cons_emb_z,8-agent mixed,Sonnet,both,investor,zero,own_cons_emb_z,-0.0011,-0.0098,0.0076,0.8063,809,30,0.0049,0.0702,0.9951,-0.894,1.0303,6,1.0,1.0
R2,cons_emb_z,8-agent mixed,Sonnet,both,investor,zero,own_cons_emb_z,0.0032,-0.0061,0.0125,0.4993,680,30,0.0049,0.0702,0.9951,-0.894,1.0303,170,1.0,1.0
R1,cons_judge,8-agent mixed,Sonnet,both,investor,cut_after_letdown,own_cons_judge,0.1052,-0.1532,0.3637,0.4248,62,25,0.1774,0.3851,0.8226,0.5484,0.5017,6,1.0,1.0
R2,cons_judge,8-agent mixed,Sonnet,both,investor,cut_after_letdown,own_cons_judge,-0.0,-0.0,0.0,0.4583,62,25,0.1774,0.3851,0.8226,0.5484,0.5017,3,1.0,1.0
R1,cons_lex,8-agent mixed,Sonnet,both,investor,cut_after_letdown,own_cons_lex,0.1266,-0.1216,0.3748,0.3174,62,25,0.1774,0.3851,0.8226,0.4032,0.4945,5,1.0,1.0
R2,cons_lex,8-agent mixed,Sonnet,both,investor,cut_after_letdown,own_cons_lex,-0.25,-0.25,-0.25,0.0,62,25,0.1774,0.3851,0.8226,0.4032,0.4945,3,0.0,0.0
R1,cons_emb_z,8-agent mixed,Sonnet,both,investor,cut_after_letdown,own_cons_emb_z,0.0231,-0.0928,0.1389,0.6965,62,25,0.1774,0.3851,0.8226,-1.2707,0.8303,6,1.0,1.0
R2,cons_emb_z,8-agent mixed,Sonnet,both,investor,cut_after_letdown,own_cons_emb_z,-0.0,-0.0,0.0,0.6175,62,25,0.1774,0.3851,0.8226,-1.2707,0.8303,8,1.0,1.0
R1,cons_judge,8-agent mixed,Sonnet,game_myth,investor,coop,own_cons_judge,-0.0239,-0.0665,0.0187,0.2715,384,15,0.6287,0.1544,0.4792,0.6354,0.4819,3,1.0,1.0
R2,cons_judge,8-agent mixed,Sonnet,game_myth,investor,coop,own_cons_judge,0.0101,-0.0309,0.051,0.6306,340,15,0.6287,0.1544,0.4792,0.6354,0.4819,63,1.0,1.0
R1,cons_lex,8-agent mixed,Sonnet,game_myth,investor,coop,own_cons_lex,-0.0674,-0.1178,-0.017,0.0088,384,15,0.6287,0.1544,0.4792,0.5078,0.5006,3,1.0,0.2893
R2,cons_lex,8-agent mixed,Sonnet,game_myth,investor,coop,own_cons_lex,-0.0186,-0.0693,0.0322,0.4737,340,15,0.6287,0.1544,0.4792,0.5078,0.5006,73,1.0,1.0
R1,cons_emb_z,8-agent mixed,Sonnet,game_myth,investor,coop,own_cons_emb_z,-0.0076,-0.0311,0.0159,0.5271,384,15,0.6287,0.1544,0.4792,-1.0909,0.9982,3,1.0,1.0
R2,cons_emb_z,8-agent mixed,Sonnet,game_myth,investor,coop,own_cons_emb_z,-0.0166,-0.0373,0.004,0.1142,340,15,0.6287,0.1544,0.4792,-1.0909,0.9982,85,1.0,1.0
R1,cons_judge,8-agent mixed,Sonnet,game_myth,trustee,coop,own_cons_judge,0.0107,-0.0074,0.0288,0.2459,371,15,0.4327,0.074,0.1132,0.6819,0.4664,3,1.0,1.0
R2,cons_judge,8-agent mixed,Sonnet,game_myth,trustee,coop,own_cons_judge,0.0081,-0.0156,0.0317,0.5042,314,15,0.4327,0.074,0.1132,0.6819,0.4664,66,1.0,1.0
R1,cons_lex,8-agent mixed,Sonnet,game_myth,trustee,coop,own_cons_lex,-0.0012,-0.0157,0.0132,0.8662,371,15,0.4327,0.074,0.1132,0.5121,0.5005,3,1.0,1.0
R2,cons_lex,8-agent mixed,Sonnet,game_myth,trustee,coop,own_cons_lex,-0.0018,-0.0258,0.0221,0.8824,314,15,0.4327,0.074,0.1132,0.5121,0.5005,72,1.0,1.0
R1,cons_emb_z,8-agent mixed,Sonnet,game_myth,trustee,coop,own_cons_emb_z,0.0059,-0.003,0.0149,0.1944,371,15,0.4327,0.074,0.1132,-0.974,0.9257,3,1.0,1.0
R2,cons_emb_z,8-agent mixed,Sonnet,game_myth,trustee,coop,own_cons_emb_z,-0.0035,-0.0167,0.0098,0.6078,314,15,0.4327,0.074,0.1132,-0.974,0.9257,85,1.0,1.0
R1,cons_judge,8-agent mixed,Sonnet,game_myth,investor,absdelta,own_cons_judge,-0.0319,-0.0595,-0.0043,0.0233,340,15,0.0963,0.1302,0.5176,0.6971,0.4602,3,1.0,0.7449
R2,cons_judge,8-agent mixed,Sonnet,game_myth,investor,absdelta,own_cons_judge,-0.0222,-0.0508,0.0065,0.1296,340,15,0.0963,0.1302,0.5176,0.6971,0.4602,54,1.0,1.0
R1,cons_lex,8-agent mixed,Sonnet,game_myth,investor,absdelta,own_cons_lex,-0.0374,-0.0627,-0.012,0.0039,340,15,0.0963,0.1302,0.5176,0.5735,0.4953,3,1.0,0.131
R2,cons_lex,8-agent mixed,Sonnet,game_myth,investor,absdelta,own_cons_lex,-0.0282,-0.0472,-0.0092,0.0036,340,15,0.0963,0.1302,0.5176,0.5735,0.4953,67,1.0,0.1271
R1,cons_emb_z,8-agent mixed,Sonnet,game_myth,investor,absdelta,own_cons_emb_z,0.0012,-0.0117,0.014,0.8575,340,15,0.0963,0.1302,0.5176,-0.9447,0.9398,3,1.0,1.0
R2,cons_emb_z,8-agent mixed,Sonnet,game_myth,investor,absdelta,own_cons_emb_z,-0.009,-0.025,0.007,0.2701,340,15,0.0963,0.1302,0.5176,-0.9447,0.9398,85,1.0,1.0
R1,cons_judge,8-agent mixed,Sonnet,game_myth,trustee,absdelta,own_cons_judge,-0.0043,-0.0231,0.0146,0.6581,314,15,0.0656,0.0547,0.0701,0.7293,0.445,3,1.0,1.0
R2,cons_judge,8-agent mixed,Sonnet,game_myth,trustee,absdelta,own_cons_judge,-0.0008,-0.0162,0.0146,0.9187,314,15,0.0656,0.0547,0.0701,0.7293,0.445,52,1.0,1.0
R1,cons_lex,8-agent mixed,Sonnet,game_myth,trustee,absdelta,own_cons_lex,0.0003,-0.0172,0.0179,0.9703,314,15,0.0656,0.0547,0.0701,0.5924,0.4922,3,1.0,1.0
R2,cons_lex,8-agent mixed,Sonnet,game_myth,trustee,absdelta,own_cons_lex,-0.0022,-0.0191,0.0148,0.8013,314,15,0.0656,0.0547,0.0701,0.5924,0.4922,61,1.0,1.0
R1,cons_emb_z,8-agent mixed,Sonnet,game_myth,trustee,absdelta,own_cons_emb_z,-0.0032,-0.0094,0.0029,0.301,314,15,0.0656,0.0547,0.0701,-0.8289,0.8837,3,1.0,1.0
R2,cons_emb_z,8-agent mixed,Sonnet,game_myth,trustee,absdelta,own_cons_emb_z,-0.0007,-0.0073,0.0058,0.8228,314,15,0.0656,0.0547,0.0701,-0.8289,0.8837,84,1.0,1.0
R1,cons_judge,8-agent mixed,Sonnet,game_myth,investor,zero,own_cons_judge,-0.0027,-0.0142,0.0087,0.641,384,15,0.0104,0.1017,0.9896,0.6354,0.4819,3,1.0,1.0
R2,cons_judge,8-agent mixed,Sonnet,game_myth,investor,zero,own_cons_judge,-0.0083,-0.0305,0.014,0.4664,340,15,0.0104,0.1017,0.9896,0.6354,0.4819,63,1.0,1.0
R1,cons_lex,8-agent mixed,Sonnet,game_myth,investor,zero,own_cons_lex,-0.0026,-0.0129,0.0077,0.622,384,15,0.0104,0.1017,0.9896,0.5078,0.5006,3,1.0,1.0
R2,cons_lex,8-agent mixed,Sonnet,game_myth,investor,zero,own_cons_lex,-0.0114,-0.0318,0.009,0.2744,340,15,0.0104,0.1017,0.9896,0.5078,0.5006,73,1.0,1.0
R1,cons_emb_z,8-agent mixed,Sonnet,game_myth,investor,zero,own_cons_emb_z,-0.0032,-0.0237,0.0172,0.7574,384,15,0.0104,0.1017,0.9896,-1.0909,0.9982,3,1.0,1.0
R2,cons_emb_z,8-agent mixed,Sonnet,game_myth,investor,zero,own_cons_emb_z,0.0061,-0.0129,0.025,0.5304,340,15,0.0104,0.1017,0.9896,-1.0909,0.9982,85,1.0,1.0
R1,cons_judge,8-agent mixed,Sonnet,game_myth,investor,cut_after_letdown,own_cons_judge,0.2409,-0.024,0.5059,0.0747,46,15,0.1957,0.4011,0.8043,0.4783,0.505,3,1.0,1.0
R2,cons_judge,8-agent mixed,Sonnet,game_myth,investor,cut_after_letdown,own_cons_judge,-0.0,-0.0,0.0,0.4248,46,15,0.1957,0.4011,0.8043,0.4783,0.505,3,1.0,1.0
R1,cons_lex,8-agent mixed,Sonnet,game_myth,investor,cut_after_letdown,own_cons_lex,0.2143,-0.0358,0.4643,0.0931,46,15,0.1957,0.4011,0.8043,0.3913,0.4934,3,1.0,1.0
R2,cons_lex,8-agent mixed,Sonnet,game_myth,investor,cut_after_letdown,own_cons_lex,-0.3333,-0.3333,-0.3333,0.0,46,15,0.1957,0.4011,0.8043,0.3913,0.4934,2,0.0,0.0
R1,cons_emb_z,8-agent mixed,Sonnet,game_myth,investor,cut_after_letdown,own_cons_emb_z,0.0771,-0.0462,0.2005,0.2204,46,15,0.1957,0.4011,0.8043,-1.3679,0.884,3,1.0,1.0
R2,cons_emb_z,8-agent mixed,Sonnet,game_myth,investor,cut_after_letdown,own_cons_emb_z,-0.0,-0.0,0.0,0.4168,46,15,0.1957,0.4011,0.8043,-1.3679,0.884,6,1.0,1.0
R1,cons_judge,8-agent mixed,Sonnet,myth_game,investor,coop,own_cons_judge,-0.0213,-0.063,0.0203,0.3156,425,15,0.8078,0.1512,0.3812,0.7412,0.4385,3,1.0,1.0
R2,cons_judge,8-agent mixed,Sonnet,myth_game,investor,coop,own_cons_judge,-0.0107,-0.043,0.0216,0.5144,340,15,0.8078,0.1512,0.3812,0.7412,0.4385,62,1.0,1.0
R1,cons_lex,8-agent mixed,Sonnet,myth_game,investor,coop,own_cons_lex,-0.0489,-0.0947,-0.0031,0.0365,425,15,0.8078,0.1512,0.3812,0.4941,0.5006,3,1.0,1.0
R2,cons_lex,8-agent mixed,Sonnet,myth_game,investor,coop,own_cons_lex,-0.004,-0.0228,0.0148,0.6794,340,15,0.8078,0.1512,0.3812,0.4941,0.5006,79,1.0,1.0
R1,cons_emb_z,8-agent mixed,Sonnet,myth_game,investor,coop,own_cons_emb_z,-0.013,-0.0271,0.0011,0.0698,425,15,0.8078,0.1512,0.3812,-0.716,1.0275,3,1.0,1.0
R2,cons_emb_z,8-agent mixed,Sonnet,myth_game,investor,coop,own_cons_emb_z,0.0094,-0.0053,0.024,0.2089,340,15,0.8078,0.1512,0.3812,-0.716,1.0275,85,1.0,1.0
R1,cons_judge,8-agent mixed,Sonnet,myth_game,trustee,coop,own_cons_judge,-0.0021,-0.0217,0.0175,0.8355,420,15,0.4723,0.0775,0.1,0.781,0.4141,3,1.0,1.0
R2,cons_judge,8-agent mixed,Sonnet,myth_game,trustee,coop,own_cons_judge,0.0024,-0.0187,0.0235,0.8239,334,15,0.4723,0.0775,0.1,0.781,0.4141,60,1.0,1.0
R1,cons_lex,8-agent mixed,Sonnet,myth_game,trustee,coop,own_cons_lex,-0.0158,-0.0391,0.0075,0.1846,420,15,0.4723,0.0775,0.1,0.5048,0.5006,3,1.0,1.0
R2,cons_lex,8-agent mixed,Sonnet,myth_game,trustee,coop,own_cons_lex,-0.0016,-0.0162,0.0131,0.8332,334,15,0.4723,0.0775,0.1,0.5048,0.5006,79,1.0,1.0
R1,cons_emb_z,8-agent mixed,Sonnet,myth_game,trustee,coop,own_cons_emb_z,-0.0084,-0.0195,0.0026,0.1355,420,15,0.4723,0.0775,0.1,-0.67,1.0753,3,1.0,1.0
R2,cons_emb_z,8-agent mixed,Sonnet,myth_game,trustee,coop,own_cons_emb_z,-0.0009,-0.0072,0.0055,0.7884,334,15,0.4723,0.0775,0.1,-0.67,1.0753,85,1.0,1.0
R1,cons_judge,8-agent mixed,Sonnet,myth_game,investor,absdelta,own_cons_judge,-0.0495,-0.085,-0.0141,0.0062,340,15,0.0589,0.0988,0.6529,0.8118,0.3915,3,1.0,0.2044
R2,cons_judge,8-agent mixed,Sonnet,myth_game,investor,absdelta,own_cons_judge,-0.0319,-0.0523,-0.0115,0.0022,340,15,0.0589,0.0988,0.6529,0.8118,0.3915,44,1.0,0.0748
R1,cons_lex,8-agent mixed,Sonnet,myth_game,investor,absdelta,own_cons_lex,-0.0021,-0.0241,0.0199,0.8507,340,15,0.0589,0.0988,0.6529,0.6059,0.4894,3,1.0,1.0
R2,cons_lex,8-agent mixed,Sonnet,myth_game,investor,absdelta,own_cons_lex,0.0083,-0.0104,0.027,0.3827,340,15,0.0589,0.0988,0.6529,0.6059,0.4894,67,1.0,1.0
R1,cons_emb_z,8-agent mixed,Sonnet,myth_game,investor,absdelta,own_cons_emb_z,-0.0123,-0.024,-0.0006,0.0401,340,15,0.0589,0.0988,0.6529,-0.4937,0.9713,3,1.0,1.0
R2,cons_emb_z,8-agent mixed,Sonnet,myth_game,investor,absdelta,own_cons_emb_z,-0.0068,-0.027,0.0134,0.5103,340,15,0.0589,0.0988,0.6529,-0.4937,0.9713,85,1.0,1.0
R1,cons_judge,8-agent mixed,Sonnet,myth_game,trustee,absdelta,own_cons_judge,-0.0228,-0.037,-0.0087,0.0016,334,15,0.0549,0.0479,0.0808,0.8323,0.3741,3,1.0,0.0545
R2,cons_judge,8-agent mixed,Sonnet,myth_game,trustee,absdelta,own_cons_judge,-0.0127,-0.0246,-0.0009,0.0348,334,15,0.0549,0.0479,0.0808,0.8323,0.3741,44,1.0,1.0
R1,cons_lex,8-agent mixed,Sonnet,myth_game,trustee,absdelta,own_cons_lex,0.0009,-0.011,0.0127,0.8846,334,15,0.0549,0.0479,0.0808,0.6078,0.489,3,1.0,1.0
R2,cons_lex,8-agent mixed,Sonnet,myth_game,trustee,absdelta,own_cons_lex,-0.0065,-0.0189,0.0059,0.3053,334,15,0.0549,0.0479,0.0808,0.6078,0.489,70,1.0,1.0
R1,cons_emb_z,8-agent mixed,Sonnet,myth_game,trustee,absdelta,own_cons_emb_z,-0.0009,-0.0064,0.0047,0.7629,334,15,0.0549,0.0479,0.0808,-0.4345,1.0065,3,1.0,1.0
R2,cons_emb_z,8-agent mixed,Sonnet,myth_game,trustee,absdelta,own_cons_emb_z,0.0003,-0.0074,0.008,0.9397,334,15,0.0549,0.0479,0.0808,-0.4345,1.0065,85,1.0,1.0
R1,cons_judge,8-agent mixed,Sonnet,myth_game,investor,zero,own_cons_judge,0.0,0.0,0.0,,425,15,0.0,0.0,1.0,0.7412,0.4385,3,1.0,1.0
R2,cons_judge,8-agent mixed,Sonnet,myth_game,investor,zero,own_cons_judge,0.0,0.0,0.0,,340,15,0.0,0.0,1.0,0.7412,0.4385,62,1.0,1.0
R1,cons_lex,8-agent mixed,Sonnet,myth_game,investor,zero,own_cons_lex,0.0,0.0,0.0,,425,15,0.0,0.0,1.0,0.4941,0.5006,3,1.0,1.0
R2,cons_lex,8-agent mixed,Sonnet,myth_game,investor,zero,own_cons_lex,0.0,0.0,0.0,,340,15,0.0,0.0,1.0,0.4941,0.5006,79,1.0,1.0
R1,cons_emb_z,8-agent mixed,Sonnet,myth_game,investor,zero,own_cons_emb_z,0.0,0.0,0.0,,425,15,0.0,0.0,1.0,-0.716,1.0275,3,1.0,1.0
R2,cons_emb_z,8-agent mixed,Sonnet,myth_game,investor,zero,own_cons_emb_z,0.0,0.0,0.0,,340,15,0.0,0.0,1.0,-0.716,1.0275,85,1.0,1.0
R1,cons_judge,8-agent mixed,Sonnet,myth_game,investor,cut_after_letdown,own_cons_judge,-0.1918,-0.5895,0.206,0.3447,16,10,0.125,0.3416,0.875,0.75,0.4472,3,1.0,1.0
R1,cons_lex,8-agent mixed,Sonnet,myth_game,investor,cut_after_letdown,own_cons_lex,-0.1111,-0.4203,0.198,0.4812,16,10,0.125,0.3416,0.875,0.4375,0.5123,2,1.0,1.0
R2,cons_lex,8-agent mixed,Sonnet,myth_game,investor,cut_after_letdown,own_cons_lex,0.0,0.0,0.0,,16,10,0.125,0.3416,0.875,0.4375,0.5123,1,1.0,1.0
R1,cons_emb_z,8-agent mixed,Sonnet,myth_game,investor,cut_after_letdown,own_cons_emb_z,-0.1469,-0.4446,0.1508,0.3336,16,10,0.125,0.3416,0.875,-0.9913,0.5891,3,1.0,1.0
R2,cons_emb_z,8-agent mixed,Sonnet,myth_game,investor,cut_after_letdown,own_cons_emb_z,0.0,0.0,0.0,,16,10,0.125,0.3416,0.875,-0.9913,0.5891,2,1.0,1.0
