family,setting,task_order,role,label_source,label,round_bin_mid,coop_mean,coop_sd,n_decisions,n_runs
GPT,2-agent homogeneous,game_myth,investor,own_label,be cautious,3.5,0.8,0.28284271247461906,2,2
GPT,2-agent homogeneous,game_myth,investor,own_label,be cautious,5.5,0.6333333333333333,0.32145502536643183,3,3
GPT,2-agent homogeneous,game_myth,investor,own_label,be cautious,7.5,0.55,0.5259911279353167,4,3
GPT,2-agent homogeneous,game_myth,investor,own_label,be cautious,9.5,0.4,0.282842712474619,2,1
GPT,2-agent homogeneous,game_myth,investor,own_label,be fair,1.5,0.37777777777777777,0.27284509239574833,9,9
GPT,2-agent homogeneous,game_myth,investor,own_label,be fair,3.5,0.45333333333333325,0.2875181153713043,15,9
GPT,2-agent homogeneous,game_myth,investor,own_label,be fair,5.5,0.623529411764706,0.2883778159045566,17,10
GPT,2-agent homogeneous,game_myth,investor,own_label,be fair,7.5,0.7125,0.29410882339705485,16,9
GPT,2-agent homogeneous,game_myth,investor,own_label,be fair,9.5,0.8666666666666667,0.20291986247835697,18,9
GPT,2-agent homogeneous,game_myth,investor,own_label,be generous,1.5,0.6,,1,1
GPT,2-agent homogeneous,game_myth,investor,own_label,be generous,3.5,0.7333333333333334,0.23094010767585033,3,3
GPT,2-agent homogeneous,game_myth,investor,shown_label,be cautious,3.5,1.0,,1,1
GPT,2-agent homogeneous,game_myth,investor,shown_label,be cautious,5.5,0.6,,1,1
GPT,2-agent homogeneous,game_myth,investor,shown_label,be cautious,7.5,0.8400000000000001,0.3577708763999664,5,3
GPT,2-agent homogeneous,game_myth,investor,shown_label,be cautious,9.5,0.6,0.4,3,2
GPT,2-agent homogeneous,game_myth,investor,shown_label,be fair,3.5,0.5111111111111111,0.2928337992563838,18,10
GPT,2-agent homogeneous,game_myth,investor,shown_label,be fair,5.5,0.59375,0.299930547516143,16,10
GPT,2-agent homogeneous,game_myth,investor,shown_label,be fair,7.5,0.6266666666666667,0.3305118685283408,15,8
GPT,2-agent homogeneous,game_myth,investor,shown_label,be fair,9.5,0.8588235294117647,0.20633353923142186,17,9
GPT,2-agent homogeneous,game_myth,investor,shown_label,be generous,3.5,0.4,,1,1
GPT,2-agent homogeneous,game_myth,investor,shown_label,be generous,5.5,0.7999999999999999,0.2,3,3
GPT,2-agent homogeneous,game_myth,trustee,own_label,be cautious,1.5,0.29000000000000004,0.010999438818457438,2,2
GPT,2-agent homogeneous,game_myth,trustee,own_label,be cautious,3.5,0.16366666666666665,0.21731748408466556,2,2
GPT,2-agent homogeneous,game_myth,trustee,own_label,be cautious,5.5,0.3095,0.17247082415639228,4,3
GPT,2-agent homogeneous,game_myth,trustee,own_label,be cautious,7.5,0.2865,0.15392193788723868,4,3
GPT,2-agent homogeneous,game_myth,trustee,own_label,be cautious,9.5,0.33,0.1616924378084654,3,2
GPT,2-agent homogeneous,game_myth,trustee,own_label,be fair,1.5,0.42500000000000004,0.0306412938514171,2,2
GPT,2-agent homogeneous,game_myth,trustee,own_label,be fair,3.5,0.3037916666666666,0.11300487534549938,16,9
GPT,2-agent homogeneous,game_myth,trustee,own_label,be fair,5.5,0.3127407407407407,0.11601522331132447,15,9
GPT,2-agent homogeneous,game_myth,trustee,own_label,be fair,7.5,0.31456296296296293,0.10189504634824792,15,8
GPT,2-agent homogeneous,game_myth,trustee,own_label,be fair,9.5,0.34230671296296294,0.0876468163981194,16,9
GPT,2-agent homogeneous,game_myth,trustee,own_label,be generous,1.5,0.20861111111111108,0.08612544683537264,4,4
GPT,2-agent homogeneous,game_myth,trustee,own_label,be generous,5.5,0.3377777777777778,,1,1
GPT,2-agent homogeneous,game_myth,trustee,own_label,be generous,9.5,0.4725,,1,1
GPT,2-agent homogeneous,game_myth,trustee,shown_label,be cautious,3.5,0.2608333333333333,0.00824957911384301,2,2
GPT,2-agent homogeneous,game_myth,trustee,shown_label,be cautious,5.5,0.2831666666666666,0.1532853789746674,4,2
GPT,2-agent homogeneous,game_myth,trustee,shown_label,be cautious,7.5,0.299,0.145585408304236,4,3
GPT,2-agent homogeneous,game_myth,trustee,shown_label,be cautious,9.5,0.26399999999999996,0.07465674537260268,4,3
GPT,2-agent homogeneous,game_myth,trustee,shown_label,be fair,3.5,0.30756481481481474,0.13261123030325883,12,9
GPT,2-agent homogeneous,game_myth,trustee,shown_label,be fair,5.5,0.3208888888888889,0.11641616846398696,16,8
GPT,2-agent homogeneous,game_myth,trustee,shown_label,be fair,7.5,0.3157222222222221,0.10764009842165756,14,9
GPT,2-agent homogeneous,game_myth,trustee,shown_label,be fair,9.5,0.3720938271604938,0.0958945272678217,15,9
GPT,2-agent homogeneous,game_myth,trustee,shown_label,be generous,3.5,0.24388888888888888,0.14868559919308733,4,4
GPT,2-agent homogeneous,game_myth,trustee,shown_label,be generous,7.5,0.2483333333333333,,1,1
GPT,2-agent homogeneous,game_myth,trustee,shown_label,be generous,9.5,0.302,,1,1
GPT,2-agent homogeneous,myth_game,investor,own_label,be cautious,1.5,0.362,0.22910259710444142,2,2
GPT,2-agent homogeneous,myth_game,investor,own_label,be cautious,5.5,0.506,,1,1
GPT,2-agent homogeneous,myth_game,investor,own_label,be cautious,7.5,0.8240000000000001,,1,1
GPT,2-agent homogeneous,myth_game,investor,own_label,be cautious,9.5,0.0,0.0,2,1
GPT,2-agent homogeneous,myth_game,investor,own_label,be fair,1.5,0.6234444444444445,0.29678259466608214,18,10
GPT,2-agent homogeneous,myth_game,investor,own_label,be fair,3.5,0.7011578947368422,0.20368419541532504,19,10
GPT,2-agent homogeneous,myth_game,investor,own_label,be fair,5.5,0.8371578947368421,0.20673688676885216,19,10
GPT,2-agent homogeneous,myth_game,investor,own_label,be fair,7.5,0.8597647058823529,0.2087904240535724,17,10
GPT,2-agent homogeneous,myth_game,investor,own_label,be fair,9.5,0.8907499999999999,0.1702827061095753,16,8
GPT,2-agent homogeneous,myth_game,investor,own_label,be generous,3.5,0.6,,1,1
GPT,2-agent homogeneous,myth_game,investor,own_label,be generous,7.5,0.95,0.07071067811865474,2,2
GPT,2-agent homogeneous,myth_game,investor,own_label,be generous,9.5,1.0,0.0,2,1
GPT,2-agent homogeneous,myth_game,investor,shown_label,be cautious,3.5,0.5,0.14142135623730948,2,2
GPT,2-agent homogeneous,myth_game,investor,shown_label,be cautious,7.5,0.585,0.12020815280171311,2,2
GPT,2-agent homogeneous,myth_game,investor,shown_label,be cautious,9.5,0.0,,1,1
GPT,2-agent homogeneous,myth_game,investor,shown_label,be fair,1.5,0.5346,0.29632122209971173,10,10
GPT,2-agent homogeneous,myth_game,investor,shown_label,be fair,3.5,0.7303529411764706,0.19421281535228005,17,10
GPT,2-agent homogeneous,myth_game,investor,shown_label,be fair,5.5,0.8206,0.21441533723618109,20,10
GPT,2-agent homogeneous,myth_game,investor,shown_label,be fair,7.5,0.8983333333333334,0.17620876655763953,18,10
GPT,2-agent homogeneous,myth_game,investor,shown_label,be fair,9.5,0.8282499999999999,0.27736173732750763,16,9
GPT,2-agent homogeneous,myth_game,investor,shown_label,be generous,3.5,0.506,,1,1
GPT,2-agent homogeneous,myth_game,investor,shown_label,be generous,9.5,1.0,0.0,3,2
GPT,2-agent homogeneous,myth_game,trustee,own_label,be cautious,1.5,0.3228382838283828,0.03616859240188367,3,3
GPT,2-agent homogeneous,myth_game,trustee,own_label,be cautious,7.5,0.4666666666666667,,1,1
GPT,2-agent homogeneous,myth_game,trustee,own_label,be fair,1.5,0.27474956644778764,0.05990562957810821,14,10
GPT,2-agent homogeneous,myth_game,trustee,own_label,be fair,3.5,0.3030493809121536,0.08876914846304282,20,10
GPT,2-agent homogeneous,myth_game,trustee,own_label,be fair,5.5,0.36302368369231003,0.07272568366385655,18,9
GPT,2-agent homogeneous,myth_game,trustee,own_label,be fair,7.5,0.3474231246178484,0.09295997686460729,19,10
GPT,2-agent homogeneous,myth_game,trustee,own_label,be fair,9.5,0.3525449215294653,0.06951341796097582,17,9
GPT,2-agent homogeneous,myth_game,trustee,own_label,be generous,1.5,0.2755555555555555,,1,1
GPT,2-agent homogeneous,myth_game,trustee,own_label,be generous,5.5,0.2839999999999999,0.0471404520791032,2,1
GPT,2-agent homogeneous,myth_game,trustee,own_label,be generous,9.5,0.2666666666666666,,1,1
GPT,2-agent homogeneous,myth_game,trustee,shown_label,be cautious,1.5,0.25565450947130336,0.05747616612698118,2,2
GPT,2-agent homogeneous,myth_game,trustee,shown_label,be cautious,3.5,0.3233333333333333,,1,1
GPT,2-agent homogeneous,myth_game,trustee,shown_label,be fair,1.5,0.26672773824637264,0.06217129197037114,6,6
GPT,2-agent homogeneous,myth_game,trustee,shown_label,be fair,3.5,0.30198180446893363,0.09106962515405943,19,10
GPT,2-agent homogeneous,myth_game,trustee,shown_label,be fair,5.5,0.3606189284102586,0.07144973372897362,19,10
GPT,2-agent homogeneous,myth_game,trustee,shown_label,be fair,7.5,0.35623014216170806,0.09602682439710115,19,10
GPT,2-agent homogeneous,myth_game,trustee,shown_label,be fair,9.5,0.3477739073704209,0.07041022348655496,18,9
GPT,2-agent homogeneous,myth_game,trustee,shown_label,be generous,1.5,0.256,,1,1
GPT,2-agent homogeneous,myth_game,trustee,shown_label,be generous,5.5,0.2506666666666666,,1,1
GPT,2-agent homogeneous,myth_game,trustee,shown_label,be generous,7.5,0.2993333333333333,,1,1
GPT,2-agent mixed,game_myth,investor,own_label,be cautious,1.5,0.0,,1,1
GPT,2-agent mixed,game_myth,investor,own_label,be cautious,3.5,0.7156,0.3367741082684356,5,5
GPT,2-agent mixed,game_myth,investor,own_label,be cautious,5.5,0.25,0.21213203435596428,2,2
GPT,2-agent mixed,game_myth,investor,own_label,be cautious,7.5,1.0,,1,1
GPT,2-agent mixed,game_myth,investor,own_label,be cautious,9.5,0.9,0.0,2,2
GPT,2-agent mixed,game_myth,investor,own_label,be fair,1.5,0.46628571428571425,0.23171082141735364,7,7
GPT,2-agent mixed,game_myth,investor,own_label,be fair,3.5,0.6165454545454545,0.28925572203030436,11,11
GPT,2-agent mixed,game_myth,investor,own_label,be fair,5.5,0.9055714285714285,0.17169952031011987,14,14
GPT,2-agent mixed,game_myth,investor,own_label,be fair,7.5,0.83625,0.2860506948077561,16,16
GPT,2-agent mixed,game_myth,investor,own_label,be fair,9.5,0.8653333333333334,0.29085751707338636,15,15
GPT,2-agent mixed,game_myth,investor,own_label,be generous,1.5,0.8190000000000001,0.02687005768508883,2,2
GPT,2-agent mixed,game_myth,investor,own_label,be generous,3.5,0.3393333333333333,0.225923290816448,3,3
GPT,2-agent mixed,game_myth,investor,own_label,be generous,5.5,0.85,0.3,4,4
GPT,2-agent mixed,game_myth,investor,own_label,be generous,7.5,1.0,0.0,3,3
GPT,2-agent mixed,game_myth,investor,own_label,be generous,9.5,1.0,0.0,3,3
GPT,2-agent mixed,game_myth,investor,shown_label,be cautious,3.5,0.1,,1,1
GPT,2-agent mixed,game_myth,investor,shown_label,be cautious,5.5,0.25,0.21213203435596428,2,2
GPT,2-agent mixed,game_myth,investor,shown_label,be cautious,7.5,0.08,,1,1
GPT,2-agent mixed,game_myth,investor,shown_label,be cautious,9.5,0.08,,1,1
GPT,2-agent mixed,game_myth,investor,shown_label,be fair,3.5,0.656,0.2594686878989448,9,9
GPT,2-agent mixed,game_myth,investor,shown_label,be fair,5.5,0.9118666666666666,0.1672405737965806,15,15
GPT,2-agent mixed,game_myth,investor,shown_label,be fair,7.5,0.9000000000000001,0.20816659994661327,13,13
GPT,2-agent mixed,game_myth,investor,shown_label,be fair,9.5,0.9500000000000001,0.14459976109624426,12,12
GPT,2-agent mixed,game_myth,investor,shown_label,be generous,3.5,0.6374,0.33254981247593235,10,10
GPT,2-agent mixed,game_myth,investor,shown_label,be generous,5.5,0.7999999999999999,0.34641016151377546,3,3
GPT,2-agent mixed,game_myth,investor,shown_label,be generous,7.5,0.9333333333333332,0.1632993161855452,6,6
GPT,2-agent mixed,game_myth,investor,shown_label,be generous,9.5,0.9000000000000001,0.22360679774997894,7,7
GPT,2-agent mixed,game_myth,trustee,own_label,be cautious,1.5,0.25866666666666666,0.05205552591010655,3,3
GPT,2-agent mixed,game_myth,trustee,own_label,be cautious,3.5,0.33577777777777773,0.12251480132298252,4,4
GPT,2-agent mixed,game_myth,trustee,own_label,be cautious,5.5,0.24296296296296296,0.23392869371852604,3,3
GPT,2-agent mixed,game_myth,trustee,own_label,be cautious,7.5,0.31249999999999994,0.2062394778460764,2,2
GPT,2-agent mixed,game_myth,trustee,own_label,be fair,1.5,0.3434222222222222,0.08378877027795167,5,5
GPT,2-agent mixed,game_myth,trustee,own_label,be fair,3.5,0.41542307692307684,0.15261845149880054,13,13
GPT,2-agent mixed,game_myth,trustee,own_label,be fair,5.5,0.4055760141093474,0.12128603549714297,15,15
GPT,2-agent mixed,game_myth,trustee,own_label,be fair,7.5,0.44215758896151053,0.12468063070908025,15,15
GPT,2-agent mixed,game_myth,trustee,own_label,be fair,9.5,0.41741493365022775,0.13903080396412967,18,18
GPT,2-agent mixed,game_myth,trustee,own_label,be generous,1.5,0.474,0.008485281374238618,2,2
GPT,2-agent mixed,game_myth,trustee,own_label,be generous,3.5,0.3273333333333333,0.0820243866176395,2,2
GPT,2-agent mixed,game_myth,trustee,own_label,be generous,5.5,0.453,0.01131370849898477,2,2
GPT,2-agent mixed,game_myth,trustee,own_label,be generous,7.5,0.4855185185185185,0.06067239831830842,3,3
GPT,2-agent mixed,game_myth,trustee,own_label,be generous,9.5,0.5149122807017543,0.0731917545438707,2,2
GPT,2-agent mixed,game_myth,trustee,shown_label,be cautious,5.5,0.2462962962962963,0.3483155625844845,2,2
GPT,2-agent mixed,game_myth,trustee,shown_label,be cautious,7.5,0.1666666666666666,,1,1
GPT,2-agent mixed,game_myth,trustee,shown_label,be cautious,9.5,0.0,,1,1
GPT,2-agent mixed,game_myth,trustee,shown_label,be fair,3.5,0.3311349206349206,0.07711001611683085,7,7
GPT,2-agent mixed,game_myth,trustee,shown_label,be fair,5.5,0.3896190476190476,0.08536271815490443,7,7
GPT,2-agent mixed,game_myth,trustee,shown_label,be fair,7.5,0.4585493547846489,0.12139534604223559,13,13
GPT,2-agent mixed,game_myth,trustee,shown_label,be fair,9.5,0.4431689291101055,0.07479129927391193,13,13
GPT,2-agent mixed,game_myth,trustee,shown_label,be generous,3.5,0.4233611111111111,0.16124405608547443,12,12
GPT,2-agent mixed,game_myth,trustee,shown_label,be generous,5.5,0.408963924963925,0.1347781148459068,11,11
GPT,2-agent mixed,game_myth,trustee,shown_label,be generous,7.5,0.4310185185185185,0.09981851226574408,6,6
GPT,2-agent mixed,game_myth,trustee,shown_label,be generous,9.5,0.46368288144603936,0.13427150117309028,6,6
GPT,2-agent mixed,myth_game,investor,own_label,be cautious,1.5,0.724,,1,1
GPT,2-agent mixed,myth_game,investor,own_label,be cautious,5.5,0.827,0.038183766184073445,2,2
GPT,2-agent mixed,myth_game,investor,own_label,be cautious,7.5,1.0,0.0,2,2
GPT,2-agent mixed,myth_game,investor,own_label,be cautious,9.5,0.85,0.21213203435596428,2,2
GPT,2-agent mixed,myth_game,investor,own_label,be fair,1.5,0.722,0.22016115309775552,16,16
GPT,2-agent mixed,myth_game,investor,own_label,be fair,3.5,0.854375,0.22883498421351575,16,16
GPT,2-agent mixed,myth_game,investor,own_label,be fair,5.5,0.9322857142857143,0.16363910975606732,14,14
GPT,2-agent mixed,myth_game,investor,own_label,be fair,7.5,0.9448749999999999,0.13259053510714858,16,16
GPT,2-agent mixed,myth_game,investor,own_label,be fair,9.5,0.9576923076923076,0.11519214716824568,13,13
GPT,2-agent mixed,myth_game,investor,own_label,be generous,1.5,0.5459999999999999,0.25287941790505614,3,3
GPT,2-agent mixed,myth_game,investor,own_label,be generous,3.5,0.881,0.14086873322352267,4,4
GPT,2-agent mixed,myth_game,investor,own_label,be generous,5.5,0.85,0.3,4,4
GPT,2-agent mixed,myth_game,investor,own_label,be generous,7.5,0.7,0.4242640687119285,2,2
GPT,2-agent mixed,myth_game,investor,own_label,be generous,9.5,0.8800000000000001,0.2683281572999748,5,5
GPT,2-agent mixed,myth_game,investor,shown_label,be cautious,9.5,1.0,,1,1
GPT,2-agent mixed,myth_game,investor,shown_label,be fair,1.5,0.862,0.19516147160748712,2,2
GPT,2-agent mixed,myth_game,investor,shown_label,be fair,3.5,0.8087272727272729,0.2163613139676735,11,11
GPT,2-agent mixed,myth_game,investor,shown_label,be fair,5.5,0.9169333333333333,0.16208792440553751,15,15
GPT,2-agent mixed,myth_game,investor,shown_label,be fair,7.5,0.8765000000000001,0.21090648509362023,12,12
GPT,2-agent mixed,myth_game,investor,shown_label,be fair,9.5,0.9291666666666667,0.1389217132929278,12,12
GPT,2-agent mixed,myth_game,investor,shown_label,be generous,1.5,0.82375,0.17781993299804322,8,8
GPT,2-agent mixed,myth_game,investor,shown_label,be generous,3.5,0.922,0.19863534428696217,9,9
GPT,2-agent mixed,myth_game,investor,shown_label,be generous,5.5,0.8704000000000001,0.2637817279494544,5,5
GPT,2-agent mixed,myth_game,investor,shown_label,be generous,7.5,1.0,0.0,8,8
GPT,2-agent mixed,myth_game,investor,shown_label,be generous,9.5,0.9142857142857144,0.22677868380553634,7,7
GPT,2-agent mixed,myth_game,trustee,own_label,be cautious,3.5,0.2828571428571428,,1,1
GPT,2-agent mixed,myth_game,trustee,own_label,be cautious,5.5,0.42819444444444443,0.18011581065224008,2,2
GPT,2-agent mixed,myth_game,trustee,own_label,be cautious,7.5,0.5,,1,1
GPT,2-agent mixed,myth_game,trustee,own_label,be cautious,9.5,0.6203703703703703,0.1702294102856503,2,2
GPT,2-agent mixed,myth_game,trustee,own_label,be fair,1.5,0.40158823529411763,0.13064282995866192,17,17
GPT,2-agent mixed,myth_game,trustee,own_label,be fair,3.5,0.4083156084656084,0.08068274649391045,15,15
GPT,2-agent mixed,myth_game,trustee,own_label,be fair,5.5,0.4192518518518519,0.07174519466197071,15,15
GPT,2-agent mixed,myth_game,trustee,own_label,be fair,7.5,0.4250586710060859,0.058917646106858394,14,14
GPT,2-agent mixed,myth_game,trustee,own_label,be fair,9.5,0.42802777777777784,0.0731737272705683,14,14
GPT,2-agent mixed,myth_game,trustee,own_label,be generous,1.5,0.35711111111111116,0.11081984044852723,3,3
GPT,2-agent mixed,myth_game,trustee,own_label,be generous,3.5,0.3851481481481481,0.07924253890786914,4,4
GPT,2-agent mixed,myth_game,trustee,own_label,be generous,5.5,0.3801111111111111,0.12530244891343387,3,3
GPT,2-agent mixed,myth_game,trustee,own_label,be generous,7.5,0.4045457364341085,0.12497400554184938,5,5
GPT,2-agent mixed,myth_game,trustee,own_label,be generous,9.5,0.46522222222222226,0.06085603330914247,4,4
GPT,2-agent mixed,myth_game,trustee,shown_label,be cautious,3.5,0.3333333333333333,,1,1
GPT,2-agent mixed,myth_game,trustee,shown_label,be cautious,5.5,0.3515277777777778,0.07169277087030275,2,2
GPT,2-agent mixed,myth_game,trustee,shown_label,be cautious,7.5,0.2877777777777777,,1,1
GPT,2-agent mixed,myth_game,trustee,shown_label,be cautious,9.5,0.5,,1,1
GPT,2-agent mixed,myth_game,trustee,shown_label,be fair,1.5,0.44575000000000004,0.04292920528808639,4,4
GPT,2-agent mixed,myth_game,trustee,shown_label,be fair,3.5,0.3729777537277537,0.07258504229986792,11,11
GPT,2-agent mixed,myth_game,trustee,shown_label,be fair,5.5,0.4169907407407407,0.08485952554630878,12,12
GPT,2-agent mixed,myth_game,trustee,shown_label,be fair,7.5,0.42299103150685224,0.08675183787419452,13,13
GPT,2-agent mixed,myth_game,trustee,shown_label,be fair,9.5,0.4492175925925926,0.1180269889845399,12,12
GPT,2-agent mixed,myth_game,trustee,shown_label,be generous,1.5,0.4380555555555556,0.20012334159675596,6,6
GPT,2-agent mixed,myth_game,trustee,shown_label,be generous,3.5,0.43901190476190477,0.08304735282831947,8,8
GPT,2-agent mixed,myth_game,trustee,shown_label,be generous,5.5,0.42975925925925923,0.09634624844007869,6,6
GPT,2-agent mixed,myth_game,trustee,shown_label,be generous,7.5,0.4478148148148147,0.024501515868112948,6,6
GPT,2-agent mixed,myth_game,trustee,shown_label,be generous,9.5,0.45762962962962966,0.05669294960556758,7,7
GPT,8-agent homogeneous,game_myth,investor,own_label,be cautious,1.5,0.2,0.16329931618554522,4,4
GPT,8-agent homogeneous,game_myth,investor,own_label,be cautious,3.5,0.13333333333333333,0.19694638556693236,12,7
GPT,8-agent homogeneous,game_myth,investor,own_label,be cautious,5.5,0.3313846153846154,0.36478978843107673,13,7
GPT,8-agent homogeneous,game_myth,investor,own_label,be cautious,7.5,0.4444444444444444,0.5270462766947299,9,5
GPT,8-agent homogeneous,game_myth,investor,own_label,be cautious,9.5,0.4799999999999999,0.4828486896977739,15,7
GPT,8-agent homogeneous,game_myth,investor,own_label,be fair,1.5,0.20666666666666667,0.21323992207796386,30,10
GPT,8-agent homogeneous,game_myth,investor,own_label,be fair,3.5,0.2921875,0.3691709663299003,64,10
GPT,8-agent homogeneous,game_myth,investor,own_label,be fair,5.5,0.23923076923076927,0.39335221054223346,65,10
GPT,8-agent homogeneous,game_myth,investor,own_label,be fair,7.5,0.34214285714285714,0.4250861561679367,70,10
GPT,8-agent homogeneous,game_myth,investor,own_label,be fair,9.5,0.3746031746031746,0.46070361824141026,63,10
GPT,8-agent homogeneous,game_myth,investor,own_label,be generous,1.5,0.16666666666666666,0.2658320271650252,6,5
GPT,8-agent homogeneous,game_myth,investor,own_label,be generous,3.5,0.15000000000000002,0.19148542155126763,4,3
GPT,8-agent homogeneous,game_myth,investor,own_label,be generous,5.5,0.8,0.28284271247461906,2,2
GPT,8-agent homogeneous,game_myth,investor,own_label,be generous,7.5,0.6,,1,1
GPT,8-agent homogeneous,game_myth,investor,own_label,be generous,9.5,0.8,0.28284271247461906,2,2
GPT,8-agent homogeneous,game_myth,investor,shown_label,be cautious,3.5,0.4,0.4289522117905444,11,5
GPT,8-agent homogeneous,game_myth,investor,shown_label,be cautious,5.5,0.3658,0.4507854379980692,10,6
GPT,8-agent homogeneous,game_myth,investor,shown_label,be cautious,7.5,0.6545454545454545,0.40090806019244957,11,7
GPT,8-agent homogeneous,game_myth,investor,shown_label,be cautious,9.5,0.3714285714285714,0.43576382352153775,14,7
GPT,8-agent homogeneous,game_myth,investor,shown_label,be fair,3.5,0.2403225806451613,0.3384921615284199,62,10
GPT,8-agent homogeneous,game_myth,investor,shown_label,be fair,5.5,0.25797101449275356,0.38821075124573656,69,10
GPT,8-agent homogeneous,game_myth,investor,shown_label,be fair,7.5,0.31268656716417914,0.4262542351679841,67,10
GPT,8-agent homogeneous,game_myth,investor,shown_label,be fair,9.5,0.41212121212121217,0.47182628860635417,66,10
GPT,8-agent homogeneous,game_myth,investor,shown_label,be generous,3.5,0.2285714285714286,0.24299715851758236,7,4
GPT,8-agent homogeneous,game_myth,investor,shown_label,be generous,5.5,0.0,,1,1
GPT,8-agent homogeneous,game_myth,investor,shown_label,be generous,7.5,0.2,0.28284271247461906,2,2
GPT,8-agent homogeneous,game_myth,trustee,own_label,be cautious,1.5,0.18,0.2545584412271571,2,2
GPT,8-agent homogeneous,game_myth,trustee,own_label,be cautious,3.5,0.2557999999999999,0.06294953887396193,5,4
GPT,8-agent homogeneous,game_myth,trustee,own_label,be cautious,5.5,0.3833333333333333,0.09404490653110588,3,3
GPT,8-agent homogeneous,game_myth,trustee,own_label,be cautious,7.5,0.36799999999999994,0.052868810381084874,3,3
GPT,8-agent homogeneous,game_myth,trustee,own_label,be cautious,9.5,0.3680111111111112,0.08721328805387814,10,5
GPT,8-agent homogeneous,game_myth,trustee,own_label,be fair,1.5,0.2466959064327485,0.11617820639323005,19,10
GPT,8-agent homogeneous,game_myth,trustee,own_label,be fair,3.5,0.3214175084175084,0.1513944036465045,33,10
GPT,8-agent homogeneous,game_myth,trustee,own_label,be fair,5.5,0.3196133959041448,0.12952763687727054,26,9
GPT,8-agent homogeneous,game_myth,trustee,own_label,be fair,7.5,0.3581500946969697,0.1112817227495456,32,10
GPT,8-agent homogeneous,game_myth,trustee,own_label,be fair,9.5,0.3288482905982905,0.12566130016804708,26,8
GPT,8-agent homogeneous,game_myth,trustee,own_label,be generous,1.5,0.4983333333333333,,1,1
GPT,8-agent homogeneous,game_myth,trustee,own_label,be generous,5.5,0.41866666666666663,0.0018856180831641545,2,2
GPT,8-agent homogeneous,game_myth,trustee,own_label,be generous,7.5,0.2525,,1,1
GPT,8-agent homogeneous,game_myth,trustee,own_label,be generous,9.5,0.332,,1,1
GPT,8-agent homogeneous,game_myth,trustee,shown_label,be cautious,3.5,0.2631666666666666,0.11279356758649353,6,5
GPT,8-agent homogeneous,game_myth,trustee,shown_label,be cautious,5.5,0.36199999999999993,0.07900210967647216,3,3
GPT,8-agent homogeneous,game_myth,trustee,shown_label,be cautious,7.5,0.2783333333333333,,1,1
GPT,8-agent homogeneous,game_myth,trustee,shown_label,be cautious,9.5,0.41683333333333333,0.08066843760354368,8,4
GPT,8-agent homogeneous,game_myth,trustee,shown_label,be fair,3.5,0.33412301587301585,0.1448721503727409,28,10
GPT,8-agent homogeneous,game_myth,trustee,shown_label,be fair,5.5,0.32897434381575347,0.12889923562765507,28,9
GPT,8-agent homogeneous,game_myth,trustee,shown_label,be fair,7.5,0.3578122130394857,0.1073654439229318,33,10
GPT,8-agent homogeneous,game_myth,trustee,shown_label,be fair,9.5,0.31852182539682533,0.11669916590188678,28,8
GPT,8-agent homogeneous,game_myth,trustee,shown_label,be generous,3.5,0.23783333333333329,0.17099393534837992,4,3
GPT,8-agent homogeneous,game_myth,trustee,shown_label,be generous,7.5,0.36558333333333326,0.15992398367835745,2,2
GPT,8-agent homogeneous,game_myth,trustee,shown_label,be generous,9.5,0.3088888888888889,,1,1
GPT,8-agent homogeneous,myth_game,investor,own_label,be cautious,1.5,0.45625,0.2969337347913552,8,6
GPT,8-agent homogeneous,myth_game,investor,own_label,be cautious,3.5,0.43636363636363634,0.2802596198981483,11,5
GPT,8-agent homogeneous,myth_game,investor,own_label,be cautious,5.5,0.6,0.44221663871405337,10,5
GPT,8-agent homogeneous,myth_game,investor,own_label,be cautious,7.5,0.34285714285714286,0.4108420728104764,14,8
GPT,8-agent homogeneous,myth_game,investor,own_label,be cautious,9.5,0.16666666666666666,0.3892494720807615,12,5
GPT,8-agent homogeneous,myth_game,investor,own_label,be fair,1.5,0.47464615384615383,0.2789635074011267,65,10
GPT,8-agent homogeneous,myth_game,investor,own_label,be fair,3.5,0.41138235294117653,0.3176749972267848,68,10
GPT,8-agent homogeneous,myth_game,investor,own_label,be fair,5.5,0.3606060606060606,0.41690389517112675,66,10
GPT,8-agent homogeneous,myth_game,investor,own_label,be fair,7.5,0.38949999999999996,0.4606642546970142,64,10
GPT,8-agent homogeneous,myth_game,investor,own_label,be fair,9.5,0.38473846153846153,0.4748572903029353,65,10
GPT,8-agent homogeneous,myth_game,investor,own_label,be generous,1.5,0.5428571428571429,0.29920529661723827,7,6
GPT,8-agent homogeneous,myth_game,investor,own_label,be generous,3.5,1.0,,1,1
GPT,8-agent homogeneous,myth_game,investor,own_label,be generous,5.5,0.5,0.5773502691896257,4,4
GPT,8-agent homogeneous,myth_game,investor,own_label,be generous,7.5,0.0,0.0,2,2
GPT,8-agent homogeneous,myth_game,investor,own_label,be generous,9.5,0.6666666666666666,0.5773502691896258,3,3
GPT,8-agent homogeneous,myth_game,investor,shown_label,be cautious,1.5,0.25,0.37859388972001823,4,4
GPT,8-agent homogeneous,myth_game,investor,shown_label,be cautious,3.5,0.311764705882353,0.3038962671315174,17,7
GPT,8-agent homogeneous,myth_game,investor,shown_label,be cautious,5.5,0.37777777777777777,0.4841946348777983,9,6
GPT,8-agent homogeneous,myth_game,investor,shown_label,be cautious,7.5,0.21818181818181817,0.40451991747794525,11,6
GPT,8-agent homogeneous,myth_game,investor,shown_label,be cautious,9.5,0.5454545454545454,0.5222329678670935,11,6
GPT,8-agent homogeneous,myth_game,investor,shown_label,be fair,1.5,0.39537500000000003,0.28860171796595946,32,10
GPT,8-agent homogeneous,myth_game,investor,shown_label,be fair,3.5,0.4635081967213115,0.3128962886192388,61,10
GPT,8-agent homogeneous,myth_game,investor,shown_label,be fair,5.5,0.39999999999999997,0.42601940955011997,68,10
GPT,8-agent homogeneous,myth_game,investor,shown_label,be fair,7.5,0.39605797101449275,0.452693113945275,69,10
GPT,8-agent homogeneous,myth_game,investor,shown_label,be fair,9.5,0.3232,0.4552313697451001,65,10
GPT,8-agent homogeneous,myth_game,investor,shown_label,be generous,1.5,0.6125,0.2719528145346787,4,4
GPT,8-agent homogeneous,myth_game,investor,shown_label,be generous,3.5,0.1,0.14142135623730953,2,2
GPT,8-agent homogeneous,myth_game,investor,shown_label,be generous,5.5,0.39999999999999997,0.5291502622129182,3,3
GPT,8-agent homogeneous,myth_game,investor,shown_label,be generous,9.5,0.5,0.5773502691896257,4,3
GPT,8-agent homogeneous,myth_game,trustee,own_label,be cautious,1.5,0.2912962962962963,0.13938854567957393,9,5
GPT,8-agent homogeneous,myth_game,trustee,own_label,be cautious,3.5,0.3152380952380952,0.12766589995210945,7,5
GPT,8-agent homogeneous,myth_game,trustee,own_label,be cautious,5.5,0.3256527777777778,0.08075445477798919,8,5
GPT,8-agent homogeneous,myth_game,trustee,own_label,be cautious,7.5,0.362,0.06346535946366216,4,3
GPT,8-agent homogeneous,myth_game,trustee,own_label,be cautious,9.5,0.40525,0.07366811210246087,4,3
GPT,8-agent homogeneous,myth_game,trustee,own_label,be fair,1.5,0.311405323339703,0.14570134495241097,53,10
GPT,8-agent homogeneous,myth_game,trustee,own_label,be fair,3.5,0.3159251490514905,0.09077200948055893,50,10
GPT,8-agent homogeneous,myth_game,trustee,own_label,be fair,5.5,0.32633641975308636,0.11654036545474404,36,10
GPT,8-agent homogeneous,myth_game,trustee,own_label,be fair,7.5,0.3210610948191593,0.09426595004966629,31,8
GPT,8-agent homogeneous,myth_game,trustee,own_label,be fair,9.5,0.3618842032351383,0.08805087179713246,27,8
GPT,8-agent homogeneous,myth_game,trustee,own_label,be generous,1.5,0.47291666666666665,0.2742747169725463,4,4
GPT,8-agent homogeneous,myth_game,trustee,own_label,be generous,3.5,0.2766666666666666,0.0377123616632825,2,2
GPT,8-agent homogeneous,myth_game,trustee,own_label,be generous,7.5,0.2766666666666666,,1,1
GPT,8-agent homogeneous,myth_game,trustee,shown_label,be cautious,1.5,0.20888888888888885,0.1919104729545254,4,2
GPT,8-agent homogeneous,myth_game,trustee,shown_label,be cautious,3.5,0.30722222222222223,0.08357715441878087,6,4
GPT,8-agent homogeneous,myth_game,trustee,shown_label,be cautious,5.5,0.3497638888888889,0.09152435200853384,8,5
GPT,8-agent homogeneous,myth_game,trustee,shown_label,be cautious,7.5,0.32272222222222224,0.09457794486200782,8,5
GPT,8-agent homogeneous,myth_game,trustee,shown_label,be cautious,9.5,0.40079999999999993,0.10709020081740027,5,3
GPT,8-agent homogeneous,myth_game,trustee,shown_label,be fair,1.5,0.34546130925776947,0.10699612124320292,22,9
GPT,8-agent homogeneous,myth_game,trustee,shown_label,be fair,3.5,0.3163433265582655,0.09725128634368549,48,10
GPT,8-agent homogeneous,myth_game,trustee,shown_label,be fair,5.5,0.32136825396825397,0.11590538353036357,35,10
GPT,8-agent homogeneous,myth_game,trustee,shown_label,be fair,7.5,0.3266339319117097,0.09238175339233579,27,8
GPT,8-agent homogeneous,myth_game,trustee,shown_label,be fair,9.5,0.36107205720572055,0.08292589666066295,26,8
GPT,8-agent homogeneous,myth_game,trustee,shown_label,be generous,1.5,0.32229629629629625,0.06707295947700617,3,3
GPT,8-agent homogeneous,myth_game,trustee,shown_label,be generous,3.5,0.3056888888888889,0.08001274589821827,5,4
GPT,8-agent homogeneous,myth_game,trustee,shown_label,be generous,5.5,0.3073333333333333,,1,1
GPT,8-agent homogeneous,myth_game,trustee,shown_label,be generous,7.5,0.2766666666666666,,1,1
GPT,8-agent mixed,game_myth,investor,own_label,be cautious,1.5,0.15454545454545457,0.17529196424044297,11,9
GPT,8-agent mixed,game_myth,investor,own_label,be cautious,3.5,0.4962962962962963,0.42106228433979614,27,20
GPT,8-agent mixed,game_myth,investor,own_label,be cautious,5.5,0.5321428571428571,0.44393323774720855,28,20
GPT,8-agent mixed,game_myth,investor,own_label,be cautious,7.5,0.6000000000000001,0.4525483399593904,26,21
GPT,8-agent mixed,game_myth,investor,own_label,be cautious,9.5,0.8,0.33937061421564396,30,21
GPT,8-agent mixed,game_myth,investor,own_label,be fair,1.5,0.26709278350515464,0.35772172851470235,97,45
GPT,8-agent mixed,game_myth,investor,own_label,be fair,3.5,0.45831313131313123,0.44329930869061435,198,55
GPT,8-agent mixed,game_myth,investor,own_label,be fair,5.5,0.5846321243523316,0.44892913602369855,193,56
GPT,8-agent mixed,game_myth,investor,own_label,be fair,7.5,0.780423645320197,0.3847503984937524,203,56
GPT,8-agent mixed,game_myth,investor,own_label,be fair,9.5,0.8370640394088669,0.3417811975047205,203,59
GPT,8-agent mixed,game_myth,investor,own_label,be generous,1.5,0.3666666666666667,0.3700941731096249,12,11
GPT,8-agent mixed,game_myth,investor,own_label,be generous,3.5,0.6,0.4659858980085741,15,12
GPT,8-agent mixed,game_myth,investor,own_label,be generous,5.5,0.5789473684210527,0.5072572735017881,19,15
GPT,8-agent mixed,game_myth,investor,own_label,be generous,7.5,0.7363636363636363,0.4056420275876928,11,10
GPT,8-agent mixed,game_myth,investor,own_label,be generous,9.5,0.7142857142857143,0.48795003647426666,7,7
GPT,8-agent mixed,game_myth,investor,shown_label,be cautious,3.5,0.2772727272727273,0.34077197819882593,22,19
GPT,8-agent mixed,game_myth,investor,shown_label,be cautious,5.5,0.48819354838709667,0.418856969967461,31,23
GPT,8-agent mixed,game_myth,investor,shown_label,be cautious,7.5,0.7043478260869565,0.4332522474049303,23,20
GPT,8-agent mixed,game_myth,investor,shown_label,be cautious,9.5,0.7999999999999999,0.35989416433697496,22,18
GPT,8-agent mixed,game_myth,investor,shown_label,be fair,3.5,0.4430758620689655,0.44571683965206577,145,48
GPT,8-agent mixed,game_myth,investor,shown_label,be fair,5.5,0.6012422360248447,0.4542834436835322,161,50
GPT,8-agent mixed,game_myth,investor,shown_label,be fair,7.5,0.7811894736842104,0.37945384853633213,190,57
GPT,8-agent mixed,game_myth,investor,shown_label,be fair,9.5,0.8290736842105263,0.348046498204307,190,57
GPT,8-agent mixed,game_myth,investor,shown_label,be generous,3.5,0.5863013698630136,0.4363087173133869,73,41
GPT,8-agent mixed,game_myth,investor,shown_label,be generous,5.5,0.5583333333333333,0.4630304127382643,48,32
GPT,8-agent mixed,game_myth,investor,shown_label,be generous,7.5,0.6481481481481481,0.4635733867472171,27,22
GPT,8-agent mixed,game_myth,investor,shown_label,be generous,9.5,0.8499999999999999,0.32489314482696546,28,20
GPT,8-agent mixed,game_myth,trustee,own_label,be cautious,1.5,0.27768253968253964,0.12300221531966396,7,7
GPT,8-agent mixed,game_myth,trustee,own_label,be cautious,3.5,0.35255847953216374,0.12618919983189011,19,17
GPT,8-agent mixed,game_myth,trustee,own_label,be cautious,5.5,0.38362878787878785,0.10738649776358919,22,20
GPT,8-agent mixed,game_myth,trustee,own_label,be cautious,7.5,0.4514710470085471,0.04811417195735693,20,16
GPT,8-agent mixed,game_myth,trustee,own_label,be cautious,9.5,0.3898827160493827,0.09843636778493367,27,19
GPT,8-agent mixed,game_myth,trustee,own_label,be fair,1.5,0.31203209971127993,0.14083159393621772,69,43
GPT,8-agent mixed,game_myth,trustee,own_label,be fair,3.5,0.36343889883913755,0.11653579227603386,125,55
GPT,8-agent mixed,game_myth,trustee,own_label,be fair,5.5,0.39556995133819944,0.10834120164268894,137,54
GPT,8-agent mixed,game_myth,trustee,own_label,be fair,7.5,0.41080588203621016,0.07542826202611277,173,58
GPT,8-agent mixed,game_myth,trustee,own_label,be fair,9.5,0.4319700013268979,0.07607770935016797,174,60
GPT,8-agent mixed,game_myth,trustee,own_label,be generous,1.5,0.3004814814814815,0.1412268772726974,9,9
GPT,8-agent mixed,game_myth,trustee,own_label,be generous,3.5,0.3833015873015873,0.08881949672361546,14,13
GPT,8-agent mixed,game_myth,trustee,own_label,be generous,5.5,0.3899285714285714,0.09705976838760633,8,7
GPT,8-agent mixed,game_myth,trustee,own_label,be generous,7.5,0.4248571428571428,0.03890675326643756,7,6
GPT,8-agent mixed,game_myth,trustee,own_label,be generous,9.5,0.4029090909090909,0.06756726539926973,11,8
GPT,8-agent mixed,game_myth,trustee,shown_label,be cautious,3.5,0.37691025641025644,0.10538779929360587,13,12
GPT,8-agent mixed,game_myth,trustee,shown_label,be cautious,5.5,0.3621833333333333,0.11692982448097405,20,16
GPT,8-agent mixed,game_myth,trustee,shown_label,be cautious,7.5,0.39213121693121694,0.08988347355049375,15,13
GPT,8-agent mixed,game_myth,trustee,shown_label,be cautious,9.5,0.40559282263630086,0.08236289906764616,23,16
GPT,8-agent mixed,game_myth,trustee,shown_label,be fair,3.5,0.3542364197530864,0.12823188957197101,90,45
GPT,8-agent mixed,game_myth,trustee,shown_label,be fair,5.5,0.3945529796714007,0.10646891398279128,114,52
GPT,8-agent mixed,game_myth,trustee,shown_label,be fair,7.5,0.4199307124007585,0.07180595160758199,147,54
GPT,8-agent mixed,game_myth,trustee,shown_label,be fair,9.5,0.4279249703180083,0.08482424352866189,158,58
GPT,8-agent mixed,game_myth,trustee,shown_label,be generous,3.5,0.3766106286748077,0.09276435638878515,55,37
GPT,8-agent mixed,game_myth,trustee,shown_label,be generous,5.5,0.4099890572390572,0.10275430520707927,33,25
GPT,8-agent mixed,game_myth,trustee,shown_label,be generous,7.5,0.4068698830409357,0.07016332093283228,38,26
GPT,8-agent mixed,game_myth,trustee,shown_label,be generous,9.5,0.4251881720430106,0.04362798842434292,31,21
GPT,8-agent mixed,myth_game,investor,own_label,be cautious,1.5,0.54,0.36186650635428064,20,15
GPT,8-agent mixed,myth_game,investor,own_label,be cautious,3.5,0.5846153846153845,0.41923006351387326,26,16
GPT,8-agent mixed,myth_game,investor,own_label,be cautious,5.5,0.825,0.3492849839314596,16,12
GPT,8-agent mixed,myth_game,investor,own_label,be cautious,7.5,0.8333333333333334,0.38069349381344053,24,16
GPT,8-agent mixed,myth_game,investor,own_label,be cautious,9.5,0.9428571428571428,0.22038926600773592,21,12
GPT,8-agent mixed,myth_game,investor,own_label,be fair,1.5,0.5964117647058823,0.33906516957734806,204,58
GPT,8-agent mixed,myth_game,investor,own_label,be fair,3.5,0.7237563451776649,0.36641932809678673,197,56
GPT,8-agent mixed,myth_game,investor,own_label,be fair,5.5,0.8146862745098038,0.3582663230535745,204,60
GPT,8-agent mixed,myth_game,investor,own_label,be fair,7.5,0.8553039215686274,0.32086079694943775,204,60
GPT,8-agent mixed,myth_game,investor,own_label,be fair,9.5,0.8755288461538462,0.2847453462435477,208,59
GPT,8-agent mixed,myth_game,investor,own_label,be generous,1.5,0.706125,0.3042590727214775,16,15
GPT,8-agent mixed,myth_game,investor,own_label,be generous,3.5,0.8470588235294118,0.26009048199334284,17,15
GPT,8-agent mixed,myth_game,investor,own_label,be generous,5.5,0.9100000000000001,0.2381949665825522,20,14
GPT,8-agent mixed,myth_game,investor,own_label,be generous,7.5,0.8833333333333333,0.3010084062049773,12,10
GPT,8-agent mixed,myth_game,investor,own_label,be generous,9.5,0.9636363636363636,0.12060453783110545,11,9
GPT,8-agent mixed,myth_game,investor,shown_label,be cautious,1.5,0.575,0.3284161123592185,8,8
GPT,8-agent mixed,myth_game,investor,shown_label,be cautious,3.5,0.7866666666666666,0.3067494712224262,15,11
GPT,8-agent mixed,myth_game,investor,shown_label,be cautious,5.5,0.7647058823529411,0.38881418516848804,17,10
GPT,8-agent mixed,myth_game,investor,shown_label,be cautious,7.5,0.9066666666666667,0.2604026186687143,15,10
GPT,8-agent mixed,myth_game,investor,shown_label,be cautious,9.5,0.8,0.41403933560541256,15,8
GPT,8-agent mixed,myth_game,investor,shown_label,be fair,1.5,0.5777681159420289,0.3839665328908519,69,41
GPT,8-agent mixed,myth_game,investor,shown_label,be fair,3.5,0.6956886227544908,0.37161036571377165,167,52
GPT,8-agent mixed,myth_game,investor,shown_label,be fair,5.5,0.824,0.34507370527028786,175,57
GPT,8-agent mixed,myth_game,investor,shown_label,be fair,7.5,0.8544972972972973,0.32848203452171515,185,57
GPT,8-agent mixed,myth_game,investor,shown_label,be fair,9.5,0.8877435897435897,0.26986830674802725,195,55
GPT,8-agent mixed,myth_game,investor,shown_label,be generous,1.5,0.5139534883720931,0.4475230216737656,43,31
GPT,8-agent mixed,myth_game,investor,shown_label,be generous,3.5,0.7620689655172413,0.37548919493267946,58,37
GPT,8-agent mixed,myth_game,investor,shown_label,be generous,5.5,0.8415833333333333,0.35481537502567434,48,29
GPT,8-agent mixed,myth_game,investor,shown_label,be generous,7.5,0.8350000000000002,0.3355439518002725,40,29
GPT,8-agent mixed,myth_game,investor,shown_label,be generous,9.5,0.9133333333333333,0.21929877797878514,30,23
GPT,8-agent mixed,myth_game,trustee,own_label,be cautious,1.5,0.3551361083024379,0.09404117722992175,23,18
GPT,8-agent mixed,myth_game,trustee,own_label,be cautious,3.5,0.38885925925925924,0.0840344523563617,15,12
GPT,8-agent mixed,myth_game,trustee,own_label,be cautious,5.5,0.4207836257309941,0.08928580728359277,19,17
GPT,8-agent mixed,myth_game,trustee,own_label,be cautious,7.5,0.42741666666666667,0.05329773117261324,16,12
GPT,8-agent mixed,myth_game,trustee,own_label,be cautious,9.5,0.44754629629629633,0.030780575189640027,18,11
GPT,8-agent mixed,myth_game,trustee,own_label,be fair,1.5,0.3498792817896006,0.11576012300529763,174,58
GPT,8-agent mixed,myth_game,trustee,own_label,be fair,3.5,0.3962532130421019,0.09258407903956407,180,58
GPT,8-agent mixed,myth_game,trustee,own_label,be fair,5.5,0.4307642372482214,0.07414851879368985,175,58
GPT,8-agent mixed,myth_game,trustee,own_label,be fair,7.5,0.4432892511219395,0.05579348529892327,185,60
GPT,8-agent mixed,myth_game,trustee,own_label,be fair,9.5,0.4541062996599938,0.054595419082186986,194,59
GPT,8-agent mixed,myth_game,trustee,own_label,be generous,1.5,0.3510044444444444,0.10935793478863146,25,20
GPT,8-agent mixed,myth_game,trustee,own_label,be generous,3.5,0.39336296296296297,0.10988727964111833,15,13
GPT,8-agent mixed,myth_game,trustee,own_label,be generous,5.5,0.4415470085470086,0.044836613803028634,13,11
GPT,8-agent mixed,myth_game,trustee,own_label,be generous,7.5,0.4397575757575757,0.03223562243133136,11,8
GPT,8-agent mixed,myth_game,trustee,own_label,be generous,9.5,0.43063888888888885,0.036221947232023016,12,11
GPT,8-agent mixed,myth_game,trustee,shown_label,be cautious,1.5,0.3697103174603175,0.15737890035202978,7,6
GPT,8-agent mixed,myth_game,trustee,shown_label,be cautious,3.5,0.3633888888888888,0.1110607941624766,13,11
GPT,8-agent mixed,myth_game,trustee,shown_label,be cautious,5.5,0.3531060606060606,0.13861878726138888,11,11
GPT,8-agent mixed,myth_game,trustee,shown_label,be cautious,7.5,0.4411882712351743,0.04977569148910927,17,11
GPT,8-agent mixed,myth_game,trustee,shown_label,be cautious,9.5,0.44310123456790124,0.05516756841544634,15,12
GPT,8-agent mixed,myth_game,trustee,shown_label,be fair,1.5,0.39248952808728343,0.10961447495351162,57,37
GPT,8-agent mixed,myth_game,trustee,shown_label,be fair,3.5,0.3902765858480144,0.09721813783080539,154,57
GPT,8-agent mixed,myth_game,trustee,shown_label,be fair,5.5,0.4361919968108527,0.06615448304054317,151,52
GPT,8-agent mixed,myth_game,trustee,shown_label,be fair,7.5,0.4396794506225643,0.054631148005150496,167,59
GPT,8-agent mixed,myth_game,trustee,shown_label,be fair,9.5,0.45317288287506863,0.0504319686612379,183,59
GPT,8-agent mixed,myth_game,trustee,shown_label,be generous,1.5,0.3856203268781952,0.10036933357658273,38,28
GPT,8-agent mixed,myth_game,trustee,shown_label,be generous,3.5,0.4240060908084164,0.06103928834041285,43,29
GPT,8-agent mixed,myth_game,trustee,shown_label,be generous,5.5,0.43043518518518514,0.0687996958434276,45,29
GPT,8-agent mixed,myth_game,trustee,shown_label,be generous,7.5,0.45563723544973544,0.05720192832998572,28,23
GPT,8-agent mixed,myth_game,trustee,shown_label,be generous,9.5,0.45165254036087366,0.06497770342132035,26,21
Gemini,2-agent homogeneous,game_myth,investor,own_label,be fair,1.5,1.0,0.0,9,9
Gemini,2-agent homogeneous,game_myth,investor,own_label,be fair,3.5,1.0,0.0,16,10
Gemini,2-agent homogeneous,game_myth,investor,own_label,be fair,5.5,1.0,0.0,14,9
Gemini,2-agent homogeneous,game_myth,investor,own_label,be fair,7.5,1.0,0.0,9,8
Gemini,2-agent homogeneous,game_myth,investor,own_label,be fair,9.5,1.0,0.0,12,9
Gemini,2-agent homogeneous,game_myth,investor,own_label,be generous,1.5,1.0,,1,1
Gemini,2-agent homogeneous,game_myth,investor,own_label,be generous,3.5,1.0,0.0,4,4
Gemini,2-agent homogeneous,game_myth,investor,own_label,be generous,5.5,1.0,0.0,6,5
Gemini,2-agent homogeneous,game_myth,investor,own_label,be generous,7.5,1.0,0.0,11,9
Gemini,2-agent homogeneous,game_myth,investor,own_label,be generous,9.5,1.0,0.0,8,7
Gemini,2-agent homogeneous,game_myth,investor,shown_label,be fair,3.5,1.0,0.0,17,9
Gemini,2-agent homogeneous,game_myth,investor,shown_label,be fair,5.5,1.0,0.0,14,9
Gemini,2-agent homogeneous,game_myth,investor,shown_label,be fair,7.5,1.0,0.0,13,8
Gemini,2-agent homogeneous,game_myth,investor,shown_label,be fair,9.5,1.0,0.0,11,9
Gemini,2-agent homogeneous,game_myth,investor,shown_label,be generous,3.5,1.0,0.0,3,2
Gemini,2-agent homogeneous,game_myth,investor,shown_label,be generous,5.5,1.0,0.0,6,5
Gemini,2-agent homogeneous,game_myth,investor,shown_label,be generous,7.5,1.0,0.0,7,5
Gemini,2-agent homogeneous,game_myth,investor,shown_label,be generous,9.5,1.0,0.0,9,8
Gemini,2-agent homogeneous,game_myth,trustee,own_label,be fair,3.5,0.4485238095238095,0.03410107913077824,7,6
Gemini,2-agent homogeneous,game_myth,trustee,own_label,be fair,5.5,0.4621388888888889,0.03222316700112656,12,8
Gemini,2-agent homogeneous,game_myth,trustee,own_label,be fair,7.5,0.45199999999999996,0.03584465798655134,10,7
Gemini,2-agent homogeneous,game_myth,trustee,own_label,be fair,9.5,0.4517666666666666,0.03376975416398967,10,8
Gemini,2-agent homogeneous,game_myth,trustee,own_label,be generous,1.5,0.46180000000000004,0.029166275129647125,10,10
Gemini,2-agent homogeneous,game_myth,trustee,own_label,be generous,3.5,0.46407692307692305,0.030887536095323076,13,9
Gemini,2-agent homogeneous,game_myth,trustee,own_label,be generous,5.5,0.46374999999999994,0.025461299608970825,8,6
Gemini,2-agent homogeneous,game_myth,trustee,own_label,be generous,7.5,0.46290000000000003,0.02663472624179398,10,7
Gemini,2-agent homogeneous,game_myth,trustee,own_label,be generous,9.5,0.4504,0.030142787766246633,10,8
Gemini,2-agent homogeneous,game_myth,trustee,shown_label,be fair,3.5,0.4679999999999999,,1,1
Gemini,2-agent homogeneous,game_myth,trustee,shown_label,be fair,5.5,0.4585833333333333,0.03239937803368604,12,8
Gemini,2-agent homogeneous,game_myth,trustee,shown_label,be fair,7.5,0.4588,0.026927978932380275,10,7
Gemini,2-agent homogeneous,game_myth,trustee,shown_label,be fair,9.5,0.4618787878787879,0.031192332650214174,11,7
Gemini,2-agent homogeneous,game_myth,trustee,shown_label,be generous,3.5,0.45814035087719296,0.03285834087871975,19,10
Gemini,2-agent homogeneous,game_myth,trustee,shown_label,be generous,5.5,0.46908333333333335,0.02359159791246646,8,6
Gemini,2-agent homogeneous,game_myth,trustee,shown_label,be generous,7.5,0.4561,0.03648407398195804,10,7
Gemini,2-agent homogeneous,game_myth,trustee,shown_label,be generous,9.5,0.4378888888888889,0.02709192171519442,9,6
Gemini,2-agent homogeneous,myth_game,investor,own_label,be fair,1.5,1.0,0.0,6,5
Gemini,2-agent homogeneous,myth_game,investor,own_label,be fair,3.5,1.0,0.0,8,6
Gemini,2-agent homogeneous,myth_game,investor,own_label,be fair,5.5,1.0,0.0,10,7
Gemini,2-agent homogeneous,myth_game,investor,own_label,be fair,7.5,1.0,0.0,8,6
Gemini,2-agent homogeneous,myth_game,investor,own_label,be fair,9.5,1.0,0.0,12,8
Gemini,2-agent homogeneous,myth_game,investor,own_label,be generous,1.5,1.0,0.0,14,9
Gemini,2-agent homogeneous,myth_game,investor,own_label,be generous,3.5,1.0,0.0,12,8
Gemini,2-agent homogeneous,myth_game,investor,own_label,be generous,5.5,1.0,0.0,10,7
Gemini,2-agent homogeneous,myth_game,investor,own_label,be generous,7.5,1.0,0.0,12,8
Gemini,2-agent homogeneous,myth_game,investor,own_label,be generous,9.5,1.0,0.0,8,6
Gemini,2-agent homogeneous,myth_game,investor,shown_label,be fair,1.5,1.0,0.0,2,2
Gemini,2-agent homogeneous,myth_game,investor,shown_label,be fair,3.5,1.0,0.0,9,6
Gemini,2-agent homogeneous,myth_game,investor,shown_label,be fair,5.5,1.0,0.0,6,5
Gemini,2-agent homogeneous,myth_game,investor,shown_label,be fair,7.5,1.0,0.0,11,7
Gemini,2-agent homogeneous,myth_game,investor,shown_label,be fair,9.5,1.0,0.0,11,7
Gemini,2-agent homogeneous,myth_game,investor,shown_label,be generous,1.5,1.0,0.0,8,8
Gemini,2-agent homogeneous,myth_game,investor,shown_label,be generous,3.5,1.0,0.0,11,7
Gemini,2-agent homogeneous,myth_game,investor,shown_label,be generous,5.5,1.0,0.0,14,9
Gemini,2-agent homogeneous,myth_game,investor,shown_label,be generous,7.5,1.0,0.0,9,6
Gemini,2-agent homogeneous,myth_game,investor,shown_label,be generous,9.5,1.0,0.0,9,6
Gemini,2-agent homogeneous,myth_game,trustee,own_label,be fair,1.5,0.45933333333333337,0.024513035081133654,2,2
Gemini,2-agent homogeneous,myth_game,trustee,own_label,be fair,3.5,0.4437333333333333,0.026999382708992936,5,4
Gemini,2-agent homogeneous,myth_game,trustee,own_label,be fair,5.5,0.46091666666666664,0.05768456690709621,4,3
Gemini,2-agent homogeneous,myth_game,trustee,own_label,be fair,7.5,0.4490952380952381,0.015337818529656582,7,5
Gemini,2-agent homogeneous,myth_game,trustee,own_label,be fair,9.5,0.45339999999999997,0.03389737598643047,10,7
Gemini,2-agent homogeneous,myth_game,trustee,own_label,be generous,1.5,0.454037037037037,0.0358956164398011,18,10
Gemini,2-agent homogeneous,myth_game,trustee,own_label,be generous,3.5,0.46775555555555554,0.036093456001574126,15,9
Gemini,2-agent homogeneous,myth_game,trustee,own_label,be generous,5.5,0.4731875,0.027760875413136817,16,9
Gemini,2-agent homogeneous,myth_game,trustee,own_label,be generous,7.5,0.4696410256410256,0.03691518345113254,13,8
Gemini,2-agent homogeneous,myth_game,trustee,own_label,be generous,9.5,0.47206666666666663,0.036872419348911396,10,7
Gemini,2-agent homogeneous,myth_game,trustee,shown_label,be fair,1.5,0.5,,1,1
Gemini,2-agent homogeneous,myth_game,trustee,shown_label,be fair,3.5,0.44279999999999997,0.03993995493237318,5,5
Gemini,2-agent homogeneous,myth_game,trustee,shown_label,be fair,5.5,0.45166666666666666,0.04315476026272576,3,3
Gemini,2-agent homogeneous,myth_game,trustee,shown_label,be fair,7.5,0.45446666666666663,0.013708472643669013,5,4
Gemini,2-agent homogeneous,myth_game,trustee,shown_label,be fair,9.5,0.4640666666666666,0.0314414211345951,10,7
Gemini,2-agent homogeneous,myth_game,trustee,shown_label,be generous,1.5,0.46629629629629626,0.025258906264504267,9,9
Gemini,2-agent homogeneous,myth_game,trustee,shown_label,be generous,3.5,0.4680666666666666,0.03223061740663214,15,10
Gemini,2-agent homogeneous,myth_game,trustee,shown_label,be generous,5.5,0.4740980392156863,0.03261193644500141,17,10
Gemini,2-agent homogeneous,myth_game,trustee,shown_label,be generous,7.5,0.46511111111111114,0.036359681723393225,15,9
Gemini,2-agent homogeneous,myth_game,trustee,shown_label,be generous,9.5,0.4614,0.04134820520982832,10,7
Gemini,2-agent mixed,game_myth,investor,own_label,be fair,1.5,1.0,0.0,2,2
Gemini,2-agent mixed,game_myth,investor,own_label,be fair,3.5,1.0,0.0,10,10
Gemini,2-agent mixed,game_myth,investor,own_label,be fair,5.5,1.0,0.0,14,14
Gemini,2-agent mixed,game_myth,investor,own_label,be fair,7.5,1.0,0.0,13,13
Gemini,2-agent mixed,game_myth,investor,own_label,be fair,9.5,1.0,0.0,14,14
Gemini,2-agent mixed,game_myth,investor,own_label,be generous,1.5,1.0,0.0,8,8
Gemini,2-agent mixed,game_myth,investor,own_label,be generous,3.5,1.0,0.0,10,10
Gemini,2-agent mixed,game_myth,investor,own_label,be generous,5.5,1.0,0.0,6,6
Gemini,2-agent mixed,game_myth,investor,own_label,be generous,7.5,1.0,0.0,7,7
Gemini,2-agent mixed,game_myth,investor,own_label,be generous,9.5,1.0,0.0,6,6
Gemini,2-agent mixed,game_myth,investor,shown_label,be cautious,3.5,1.0,0.0,3,3
Gemini,2-agent mixed,game_myth,investor,shown_label,be cautious,5.5,1.0,0.0,2,2
Gemini,2-agent mixed,game_myth,investor,shown_label,be cautious,7.5,1.0,,1,1
Gemini,2-agent mixed,game_myth,investor,shown_label,be fair,3.5,1.0,0.0,10,10
Gemini,2-agent mixed,game_myth,investor,shown_label,be fair,5.5,1.0,0.0,12,12
Gemini,2-agent mixed,game_myth,investor,shown_label,be fair,7.5,1.0,0.0,11,11
Gemini,2-agent mixed,game_myth,investor,shown_label,be fair,9.5,1.0,0.0,16,16
Gemini,2-agent mixed,game_myth,investor,shown_label,be generous,3.5,1.0,0.0,7,7
Gemini,2-agent mixed,game_myth,investor,shown_label,be generous,5.5,1.0,0.0,5,5
Gemini,2-agent mixed,game_myth,investor,shown_label,be generous,7.5,1.0,0.0,8,8
Gemini,2-agent mixed,game_myth,investor,shown_label,be generous,9.5,1.0,0.0,4,4
Gemini,2-agent mixed,game_myth,trustee,own_label,be fair,1.5,0.4283333333333333,,1,1
Gemini,2-agent mixed,game_myth,trustee,own_label,be fair,3.5,0.4013253558407284,0.1127782318504611,8,8
Gemini,2-agent mixed,game_myth,trustee,own_label,be fair,5.5,0.47197647058823533,0.02384614847399622,10,10
Gemini,2-agent mixed,game_myth,trustee,own_label,be fair,7.5,0.4472222222222222,0.023861694646031984,12,12
Gemini,2-agent mixed,game_myth,trustee,own_label,be fair,9.5,0.44878431372549016,0.035457905633235386,17,17
Gemini,2-agent mixed,game_myth,trustee,own_label,be generous,1.5,0.44379369002056945,0.044442072192282245,8,8
Gemini,2-agent mixed,game_myth,trustee,own_label,be generous,3.5,0.41349573347857654,0.07884527433780934,12,12
Gemini,2-agent mixed,game_myth,trustee,own_label,be generous,5.5,0.42523333333333335,0.03514592156238241,10,10
Gemini,2-agent mixed,game_myth,trustee,own_label,be generous,7.5,0.45210416666666664,0.03183525767058246,8,8
Gemini,2-agent mixed,game_myth,trustee,own_label,be generous,9.5,0.46599999999999997,0.025059928172283332,3,3
Gemini,2-agent mixed,game_myth,trustee,shown_label,be cautious,3.5,0.2608169934640523,0.012986732386498086,2,2
Gemini,2-agent mixed,game_myth,trustee,shown_label,be cautious,5.5,0.42683333333333334,0.05018078428154658,4,4
Gemini,2-agent mixed,game_myth,trustee,shown_label,be cautious,9.5,0.5333333333333333,,1,1
Gemini,2-agent mixed,game_myth,trustee,shown_label,be fair,3.5,0.4244389552138205,0.08688977884429855,15,15
Gemini,2-agent mixed,game_myth,trustee,shown_label,be fair,5.5,0.45279679144385027,0.029053443804535267,11,11
Gemini,2-agent mixed,game_myth,trustee,shown_label,be fair,7.5,0.45069696969696976,0.02477384577217341,11,11
Gemini,2-agent mixed,game_myth,trustee,shown_label,be fair,9.5,0.4458666666666666,0.027917906866552947,15,15
Gemini,2-agent mixed,game_myth,trustee,shown_label,be generous,3.5,0.4281111111111111,0.042864558441332044,3,3
Gemini,2-agent mixed,game_myth,trustee,shown_label,be generous,5.5,0.4568,0.046741368781364964,5,5
Gemini,2-agent mixed,game_myth,trustee,shown_label,be generous,7.5,0.4473148148148148,0.030161883189397554,9,9
Gemini,2-agent mixed,game_myth,trustee,shown_label,be generous,9.5,0.4515,0.03671461511391568,4,4
Gemini,2-agent mixed,myth_game,investor,own_label,be fair,1.5,1.0,0.0,4,4
Gemini,2-agent mixed,myth_game,investor,own_label,be fair,3.5,1.0,0.0,9,9
Gemini,2-agent mixed,myth_game,investor,own_label,be fair,5.5,1.0,0.0,12,12
Gemini,2-agent mixed,myth_game,investor,own_label,be fair,7.5,1.0,0.0,10,10
Gemini,2-agent mixed,myth_game,investor,own_label,be fair,9.5,1.0,0.0,11,11
Gemini,2-agent mixed,myth_game,investor,own_label,be generous,1.5,1.0,0.0,16,16
Gemini,2-agent mixed,myth_game,investor,own_label,be generous,3.5,1.0,0.0,11,11
Gemini,2-agent mixed,myth_game,investor,own_label,be generous,5.5,1.0,0.0,8,8
Gemini,2-agent mixed,myth_game,investor,own_label,be generous,7.5,1.0,0.0,10,10
Gemini,2-agent mixed,myth_game,investor,own_label,be generous,9.5,1.0,0.0,9,9
Gemini,2-agent mixed,myth_game,investor,shown_label,be fair,1.5,1.0,0.0,7,7
Gemini,2-agent mixed,myth_game,investor,shown_label,be fair,3.5,1.0,0.0,15,15
Gemini,2-agent mixed,myth_game,investor,shown_label,be fair,5.5,1.0,0.0,11,11
Gemini,2-agent mixed,myth_game,investor,shown_label,be fair,7.5,1.0,0.0,13,13
Gemini,2-agent mixed,myth_game,investor,shown_label,be fair,9.5,1.0,0.0,15,15
Gemini,2-agent mixed,myth_game,investor,shown_label,be generous,1.5,1.0,0.0,3,3
Gemini,2-agent mixed,myth_game,investor,shown_label,be generous,3.5,1.0,0.0,5,5
Gemini,2-agent mixed,myth_game,investor,shown_label,be generous,5.5,1.0,0.0,9,9
Gemini,2-agent mixed,myth_game,investor,shown_label,be generous,7.5,1.0,0.0,7,7
Gemini,2-agent mixed,myth_game,investor,shown_label,be generous,9.5,1.0,0.0,5,5
Gemini,2-agent mixed,myth_game,trustee,own_label,be fair,1.5,0.4175566443949517,0.09397005159233329,5,5
Gemini,2-agent mixed,myth_game,trustee,own_label,be fair,3.5,0.43435337787676315,0.026066132043768193,8,8
Gemini,2-agent mixed,myth_game,trustee,own_label,be fair,5.5,0.45590616246498605,0.026726039786641585,12,12
Gemini,2-agent mixed,myth_game,trustee,own_label,be fair,7.5,0.4531111111111111,0.022340945483972818,12,12
Gemini,2-agent mixed,myth_game,trustee,own_label,be fair,9.5,0.4478787878787879,0.028288306468014016,11,11
Gemini,2-agent mixed,myth_game,trustee,own_label,be generous,1.5,0.4193716288926312,0.06154511001068335,15,15
Gemini,2-agent mixed,myth_game,trustee,own_label,be generous,3.5,0.4538055555555556,0.02925452855674553,12,12
Gemini,2-agent mixed,myth_game,trustee,own_label,be generous,5.5,0.456875,0.02693610163755273,8,8
Gemini,2-agent mixed,myth_game,trustee,own_label,be generous,7.5,0.44708333333333333,0.03003529669603825,8,8
Gemini,2-agent mixed,myth_game,trustee,own_label,be generous,9.5,0.4525925925925926,0.038358968883784685,9,9
Gemini,2-agent mixed,myth_game,trustee,shown_label,be fair,1.5,0.4566953518106079,0.01879127912644199,6,6
Gemini,2-agent mixed,myth_game,trustee,shown_label,be fair,3.5,0.4504773570898292,0.027956594775154373,15,15
Gemini,2-agent mixed,myth_game,trustee,shown_label,be fair,5.5,0.46352072829131663,0.026965746034355136,10,10
Gemini,2-agent mixed,myth_game,trustee,shown_label,be fair,7.5,0.4528095238095237,0.021565528954144368,14,14
Gemini,2-agent mixed,myth_game,trustee,shown_label,be fair,9.5,0.45613888888888887,0.027631579917807982,12,12
Gemini,2-agent mixed,myth_game,trustee,shown_label,be generous,1.5,0.4422130527918118,0.03555844014398699,4,4
Gemini,2-agent mixed,myth_game,trustee,shown_label,be generous,3.5,0.4326666666666667,0.031043875760320618,5,5
Gemini,2-agent mixed,myth_game,trustee,shown_label,be generous,5.5,0.44906666666666667,0.02438467440174283,10,10
Gemini,2-agent mixed,myth_game,trustee,shown_label,be generous,7.5,0.44577777777777783,0.03384058488243345,6,6
Gemini,2-agent mixed,myth_game,trustee,shown_label,be generous,9.5,0.44079166666666664,0.038460425960711433,8,8
Gemini,8-agent homogeneous,game_myth,investor,own_label,be fair,1.5,1.0,0.0,31,10
Gemini,8-agent homogeneous,game_myth,investor,own_label,be fair,3.5,1.0,0.0,44,10
Gemini,8-agent homogeneous,game_myth,investor,own_label,be fair,5.5,1.0,0.0,53,10
Gemini,8-agent homogeneous,game_myth,investor,own_label,be fair,7.5,1.0,0.0,55,10
Gemini,8-agent homogeneous,game_myth,investor,own_label,be fair,9.5,1.0,0.0,60,10
Gemini,8-agent homogeneous,game_myth,investor,own_label,be generous,1.5,1.0,0.0,9,6
Gemini,8-agent homogeneous,game_myth,investor,own_label,be generous,3.5,1.0,0.0,36,10
Gemini,8-agent homogeneous,game_myth,investor,own_label,be generous,5.5,1.0,0.0,27,9
Gemini,8-agent homogeneous,game_myth,investor,own_label,be generous,7.5,1.0,0.0,25,10
Gemini,8-agent homogeneous,game_myth,investor,own_label,be generous,9.5,1.0,0.0,20,9
Gemini,8-agent homogeneous,game_myth,investor,shown_label,be fair,3.5,1.0,0.0,46,10
Gemini,8-agent homogeneous,game_myth,investor,shown_label,be fair,5.5,1.0,0.0,46,10
Gemini,8-agent homogeneous,game_myth,investor,shown_label,be fair,7.5,1.0,0.0,51,10
Gemini,8-agent homogeneous,game_myth,investor,shown_label,be fair,9.5,1.0,0.0,60,10
Gemini,8-agent homogeneous,game_myth,investor,shown_label,be generous,3.5,1.0,0.0,34,9
Gemini,8-agent homogeneous,game_myth,investor,shown_label,be generous,5.5,1.0,0.0,34,9
Gemini,8-agent homogeneous,game_myth,investor,shown_label,be generous,7.5,1.0,0.0,29,9
Gemini,8-agent homogeneous,game_myth,investor,shown_label,be generous,9.5,1.0,0.0,20,9
Gemini,8-agent homogeneous,game_myth,trustee,own_label,be fair,1.5,0.4717142857142857,0.02447934017162421,7,6
Gemini,8-agent homogeneous,game_myth,trustee,own_label,be fair,3.5,0.44597560975609757,0.03118790633170193,41,10
Gemini,8-agent homogeneous,game_myth,trustee,own_label,be fair,5.5,0.4504901960784313,0.029767122276556247,51,10
Gemini,8-agent homogeneous,game_myth,trustee,own_label,be fair,7.5,0.4467089947089947,0.026973669097850407,63,10
Gemini,8-agent homogeneous,game_myth,trustee,own_label,be fair,9.5,0.4504606060606061,0.028480047951383997,55,10
Gemini,8-agent homogeneous,game_myth,trustee,own_label,be generous,1.5,0.44684848484848483,0.027930107573922964,33,10
Gemini,8-agent homogeneous,game_myth,trustee,own_label,be generous,3.5,0.4519572649572649,0.028556620629835935,39,10
Gemini,8-agent homogeneous,game_myth,trustee,own_label,be generous,5.5,0.46173563218390806,0.0256435237825628,29,10
Gemini,8-agent homogeneous,game_myth,trustee,own_label,be generous,7.5,0.44276470588235295,0.027680158534058082,17,10
Gemini,8-agent homogeneous,game_myth,trustee,own_label,be generous,9.5,0.45203999999999994,0.032898176241244755,25,9
Gemini,8-agent homogeneous,game_myth,trustee,shown_label,be fair,3.5,0.4457254901960784,0.032571131233344756,34,10
Gemini,8-agent homogeneous,game_myth,trustee,shown_label,be fair,5.5,0.45177536231884047,0.02794978339524506,46,10
Gemini,8-agent homogeneous,game_myth,trustee,shown_label,be fair,7.5,0.4448757062146893,0.02769738623469806,59,10
Gemini,8-agent homogeneous,game_myth,trustee,shown_label,be fair,9.5,0.4481436781609195,0.029824314169289493,58,10
Gemini,8-agent homogeneous,game_myth,trustee,shown_label,be generous,3.5,0.45123188405797093,0.027892285721883688,46,10
Gemini,8-agent homogeneous,game_myth,trustee,shown_label,be generous,5.5,0.45834313725490194,0.02967381428980513,34,10
Gemini,8-agent homogeneous,game_myth,trustee,shown_label,be generous,7.5,0.4486666666666666,0.02535766375498955,21,9
Gemini,8-agent homogeneous,game_myth,trustee,shown_label,be generous,9.5,0.45836363636363636,0.028827145696449542,22,9
Gemini,8-agent homogeneous,myth_game,investor,own_label,be fair,1.5,1.0,0.0,32,8
Gemini,8-agent homogeneous,myth_game,investor,own_label,be fair,3.5,1.0,0.0,30,10
Gemini,8-agent homogeneous,myth_game,investor,own_label,be fair,5.5,1.0,0.0,37,10
Gemini,8-agent homogeneous,myth_game,investor,own_label,be fair,7.5,1.0,0.0,42,10
Gemini,8-agent homogeneous,myth_game,investor,own_label,be fair,9.5,1.0,0.0,33,10
Gemini,8-agent homogeneous,myth_game,investor,own_label,be generous,1.5,1.0,0.0,48,10
Gemini,8-agent homogeneous,myth_game,investor,own_label,be generous,3.5,1.0,0.0,50,10
Gemini,8-agent homogeneous,myth_game,investor,own_label,be generous,5.5,1.0,0.0,43,10
Gemini,8-agent homogeneous,myth_game,investor,own_label,be generous,7.5,1.0,0.0,38,10
Gemini,8-agent homogeneous,myth_game,investor,own_label,be generous,9.5,1.0,0.0,47,10
Gemini,8-agent homogeneous,myth_game,investor,shown_label,be fair,1.5,1.0,0.0,14,8
Gemini,8-agent homogeneous,myth_game,investor,shown_label,be fair,3.5,1.0,0.0,24,10
Gemini,8-agent homogeneous,myth_game,investor,shown_label,be fair,5.5,1.0,0.0,38,10
Gemini,8-agent homogeneous,myth_game,investor,shown_label,be fair,7.5,1.0,0.0,44,10
Gemini,8-agent homogeneous,myth_game,investor,shown_label,be fair,9.5,1.0,0.0,36,10
Gemini,8-agent homogeneous,myth_game,investor,shown_label,be generous,1.5,1.0,0.0,26,10
Gemini,8-agent homogeneous,myth_game,investor,shown_label,be generous,3.5,1.0,0.0,56,10
Gemini,8-agent homogeneous,myth_game,investor,shown_label,be generous,5.5,1.0,0.0,42,10
Gemini,8-agent homogeneous,myth_game,investor,shown_label,be generous,7.5,1.0,0.0,36,10
Gemini,8-agent homogeneous,myth_game,investor,shown_label,be generous,9.5,1.0,0.0,44,9
Gemini,8-agent homogeneous,myth_game,trustee,own_label,be fair,1.5,0.453,0.03304732370199944,24,10
Gemini,8-agent homogeneous,myth_game,trustee,own_label,be fair,3.5,0.44683999999999996,0.03050366098246788,25,10
Gemini,8-agent homogeneous,myth_game,trustee,own_label,be fair,5.5,0.4543333333333333,0.03074500862832138,41,10
Gemini,8-agent homogeneous,myth_game,trustee,own_label,be fair,7.5,0.45101626016260155,0.030032477903051726,41,10
Gemini,8-agent homogeneous,myth_game,trustee,own_label,be fair,9.5,0.452,0.03127635730573159,39,10
Gemini,8-agent homogeneous,myth_game,trustee,own_label,be generous,1.5,0.44513690476190476,0.02962218502404652,56,10
Gemini,8-agent homogeneous,myth_game,trustee,own_label,be generous,3.5,0.4524181818181817,0.031164188729765403,55,10
Gemini,8-agent homogeneous,myth_game,trustee,own_label,be generous,5.5,0.4599401709401708,0.028083092226032707,39,10
Gemini,8-agent homogeneous,myth_game,trustee,own_label,be generous,7.5,0.4441111111111111,0.026215853126795096,39,10
Gemini,8-agent homogeneous,myth_game,trustee,own_label,be generous,9.5,0.4558536585365854,0.029369773651426796,41,10
Gemini,8-agent homogeneous,myth_game,trustee,shown_label,be fair,1.5,0.44894871794871793,0.029700930947451784,13,8
Gemini,8-agent homogeneous,myth_game,trustee,shown_label,be fair,3.5,0.4606785714285714,0.029993755473946955,28,10
Gemini,8-agent homogeneous,myth_game,trustee,shown_label,be fair,5.5,0.45996774193548384,0.030449272306418793,31,9
Gemini,8-agent homogeneous,myth_game,trustee,shown_label,be fair,7.5,0.45114634146341454,0.026891246901019652,41,10
Gemini,8-agent homogeneous,myth_game,trustee,shown_label,be fair,9.5,0.45577500000000004,0.032643755047324814,40,10
Gemini,8-agent homogeneous,myth_game,trustee,shown_label,be generous,1.5,0.4560370370370369,0.03157359241346696,27,10
Gemini,8-agent homogeneous,myth_game,trustee,shown_label,be generous,3.5,0.44528846153846147,0.0302637662978008,52,10
Gemini,8-agent homogeneous,myth_game,trustee,shown_label,be generous,5.5,0.45523129251700684,0.028927687947839155,49,10
Gemini,8-agent homogeneous,myth_game,trustee,shown_label,be generous,7.5,0.44397435897435894,0.029555318795367727,39,10
Gemini,8-agent homogeneous,myth_game,trustee,shown_label,be generous,9.5,0.452175,0.027806103933388726,40,10
Gemini,8-agent mixed,game_myth,investor,own_label,be fair,1.5,1.0,0.0,10,8
Gemini,8-agent mixed,game_myth,investor,own_label,be fair,3.5,0.8918918918918919,0.3148000938676784,37,19
Gemini,8-agent mixed,game_myth,investor,own_label,be fair,5.5,1.0,0.0,40,21
Gemini,8-agent mixed,game_myth,investor,own_label,be fair,7.5,1.0,0.0,42,20
Gemini,8-agent mixed,game_myth,investor,own_label,be fair,9.5,1.0,0.0,48,22
Gemini,8-agent mixed,game_myth,investor,own_label,be generous,1.5,1.0,0.0,22,14
Gemini,8-agent mixed,game_myth,investor,own_label,be generous,3.5,0.8787878787878788,0.33143398263980844,33,24
Gemini,8-agent mixed,game_myth,investor,own_label,be generous,5.5,0.9666666666666667,0.18257418583505536,30,24
Gemini,8-agent mixed,game_myth,investor,own_label,be generous,7.5,0.9642857142857143,0.18898223650461365,28,21
Gemini,8-agent mixed,game_myth,investor,own_label,be generous,9.5,1.0,0.0,22,18
Gemini,8-agent mixed,game_myth,investor,shown_label,be cautious,3.5,0.5,0.5773502691896257,4,3
Gemini,8-agent mixed,game_myth,investor,shown_label,be cautious,5.5,1.0,0.0,5,5
Gemini,8-agent mixed,game_myth,investor,shown_label,be cautious,7.5,1.0,0.0,4,4
Gemini,8-agent mixed,game_myth,investor,shown_label,be cautious,9.5,1.0,0.0,3,3
Gemini,8-agent mixed,game_myth,investor,shown_label,be fair,3.5,0.9074074074074074,0.2925824198357194,54,27
Gemini,8-agent mixed,game_myth,investor,shown_label,be fair,5.5,0.9824561403508771,0.13245323570650439,57,27
Gemini,8-agent mixed,game_myth,investor,shown_label,be fair,7.5,0.9803921568627451,0.14002800840280097,51,26
Gemini,8-agent mixed,game_myth,investor,shown_label,be fair,9.5,1.0,0.0,57,27
Gemini,8-agent mixed,game_myth,investor,shown_label,be generous,3.5,0.9166666666666666,0.28867513459481287,12,8
Gemini,8-agent mixed,game_myth,investor,shown_label,be generous,5.5,1.0,0.0,8,6
Gemini,8-agent mixed,game_myth,investor,shown_label,be generous,7.5,1.0,0.0,15,14
Gemini,8-agent mixed,game_myth,investor,shown_label,be generous,9.5,1.0,0.0,10,7
Gemini,8-agent mixed,game_myth,trustee,own_label,be cautious,3.5,0.4679999999999999,,1,1
Gemini,8-agent mixed,game_myth,trustee,own_label,be fair,1.5,0.4426666666666666,0.04235301379804957,3,3
Gemini,8-agent mixed,game_myth,trustee,own_label,be fair,3.5,0.4287943969610636,0.06336001122164117,26,17
Gemini,8-agent mixed,game_myth,trustee,own_label,be fair,5.5,0.4366041666666666,0.07686260317622017,32,18
Gemini,8-agent mixed,game_myth,trustee,own_label,be fair,7.5,0.44809929078014193,0.025861173861519402,47,21
Gemini,8-agent mixed,game_myth,trustee,own_label,be fair,9.5,0.44979738562091504,0.030202948967967623,51,22
Gemini,8-agent mixed,game_myth,trustee,own_label,be generous,1.5,0.41523809523809524,0.0838553321364642,14,11
Gemini,8-agent mixed,game_myth,trustee,own_label,be generous,3.5,0.4257222222222221,0.09337421450051808,30,20
Gemini,8-agent mixed,game_myth,trustee,own_label,be generous,5.5,0.4505694444444444,0.03356961359013534,32,21
Gemini,8-agent mixed,game_myth,trustee,own_label,be generous,7.5,0.44958838383838384,0.026156813875876497,22,18
Gemini,8-agent mixed,game_myth,trustee,own_label,be generous,9.5,0.4401527777777777,0.031787723331109505,18,16
Gemini,8-agent mixed,game_myth,trustee,shown_label,be cautious,3.5,0.4796666666666667,0.029809980218626794,8,6
Gemini,8-agent mixed,game_myth,trustee,shown_label,be cautious,5.5,0.3890416666666667,0.13938270229269015,8,6
Gemini,8-agent mixed,game_myth,trustee,shown_label,be cautious,7.5,0.4392499999999999,0.012111404175862983,6,6
Gemini,8-agent mixed,game_myth,trustee,shown_label,be cautious,9.5,0.4119999999999999,0.008485281374238618,2,2
Gemini,8-agent mixed,game_myth,trustee,shown_label,be fair,3.5,0.41675802469135803,0.08613796040761365,40,23
Gemini,8-agent mixed,game_myth,trustee,shown_label,be fair,5.5,0.44884938271604935,0.03429181036176885,45,25
Gemini,8-agent mixed,game_myth,trustee,shown_label,be fair,7.5,0.4485615079365079,0.02618831200337316,56,25
Gemini,8-agent mixed,game_myth,trustee,shown_label,be fair,9.5,0.4474744623655914,0.02997971228369804,62,27
Gemini,8-agent mixed,game_myth,trustee,shown_label,be generous,3.5,0.43118518518518517,0.06411428838651055,9,8
Gemini,8-agent mixed,game_myth,trustee,shown_label,be generous,5.5,0.4617272727272727,0.021903230701234823,11,9
Gemini,8-agent mixed,game_myth,trustee,shown_label,be generous,7.5,0.4566666666666667,0.03090786787043545,7,7
Gemini,8-agent mixed,game_myth,trustee,shown_label,be generous,9.5,0.45899999999999996,0.0385681215513538,5,5
Gemini,8-agent mixed,myth_game,investor,own_label,be cautious,1.5,1.0,,1,1
Gemini,8-agent mixed,myth_game,investor,own_label,be fair,1.5,1.0,0.0,23,16
Gemini,8-agent mixed,myth_game,investor,own_label,be fair,3.5,1.0,0.0,32,20
Gemini,8-agent mixed,myth_game,investor,own_label,be fair,5.5,0.975,0.15811388300841897,40,24
Gemini,8-agent mixed,myth_game,investor,own_label,be fair,7.5,0.98,0.14142135623730948,50,25
Gemini,8-agent mixed,myth_game,investor,own_label,be fair,9.5,1.0,0.0,54,29
Gemini,8-agent mixed,myth_game,investor,own_label,be generous,1.5,1.0,0.0,46,25
Gemini,8-agent mixed,myth_game,investor,own_label,be generous,3.5,1.0,0.0,38,21
Gemini,8-agent mixed,myth_game,investor,own_label,be generous,5.5,0.9666666666666667,0.18257418583505533,30,19
Gemini,8-agent mixed,myth_game,investor,own_label,be generous,7.5,0.95,0.22360679774997902,20,14
Gemini,8-agent mixed,myth_game,investor,own_label,be generous,9.5,0.9375,0.25,16,12
Gemini,8-agent mixed,myth_game,investor,shown_label,be cautious,1.5,1.0,,1,1
Gemini,8-agent mixed,myth_game,investor,shown_label,be cautious,3.5,1.0,0.0,8,8
Gemini,8-agent mixed,myth_game,investor,shown_label,be cautious,5.5,1.0,0.0,2,2
Gemini,8-agent mixed,myth_game,investor,shown_label,be cautious,7.5,1.0,0.0,3,2
Gemini,8-agent mixed,myth_game,investor,shown_label,be cautious,9.5,1.0,0.0,2,2
Gemini,8-agent mixed,myth_game,investor,shown_label,be fair,1.5,1.0,0.0,25,15
Gemini,8-agent mixed,myth_game,investor,shown_label,be fair,3.5,1.0,0.0,50,28
Gemini,8-agent mixed,myth_game,investor,shown_label,be fair,5.5,0.9622641509433962,0.19238024756109728,53,28
Gemini,8-agent mixed,myth_game,investor,shown_label,be fair,7.5,0.9629629629629629,0.1906258770929862,54,28
Gemini,8-agent mixed,myth_game,investor,shown_label,be fair,9.5,0.9838709677419355,0.12700012700019053,62,29
Gemini,8-agent mixed,myth_game,investor,shown_label,be generous,1.5,1.0,0.0,6,5
Gemini,8-agent mixed,myth_game,investor,shown_label,be generous,3.5,1.0,0.0,12,10
Gemini,8-agent mixed,myth_game,investor,shown_label,be generous,5.5,1.0,0.0,15,11
Gemini,8-agent mixed,myth_game,investor,shown_label,be generous,7.5,1.0,0.0,13,9
Gemini,8-agent mixed,myth_game,investor,shown_label,be generous,9.5,1.0,0.0,6,5
Gemini,8-agent mixed,myth_game,trustee,own_label,be fair,1.5,0.43463888888888896,0.0447532825603595,18,13
Gemini,8-agent mixed,myth_game,trustee,own_label,be fair,3.5,0.4447307692307692,0.032880020171765806,26,19
Gemini,8-agent mixed,myth_game,trustee,own_label,be fair,5.5,0.4523624999999999,0.02723805280586831,40,21
Gemini,8-agent mixed,myth_game,trustee,own_label,be fair,7.5,0.4465851851851852,0.029979467346865855,45,24
Gemini,8-agent mixed,myth_game,trustee,own_label,be fair,9.5,0.4489775641025642,0.029712159047387467,52,26
Gemini,8-agent mixed,myth_game,trustee,own_label,be generous,1.5,0.43339793281653743,0.05604705984648711,43,21
Gemini,8-agent mixed,myth_game,trustee,own_label,be generous,3.5,0.44956666666666667,0.040308723155083465,40,21
Gemini,8-agent mixed,myth_game,trustee,own_label,be generous,5.5,0.44633333333333336,0.029528391861493676,28,19
Gemini,8-agent mixed,myth_game,trustee,own_label,be generous,7.5,0.45133695652173916,0.025797537250578664,23,16
Gemini,8-agent mixed,myth_game,trustee,own_label,be generous,9.5,0.44233333333333336,0.0335642005052341,17,13
Gemini,8-agent mixed,myth_game,trustee,shown_label,be cautious,1.5,0.46541666666666665,0.04115946855647982,4,4
Gemini,8-agent mixed,myth_game,trustee,shown_label,be cautious,3.5,0.44549999999999995,0.01202081528017124,2,2
Gemini,8-agent mixed,myth_game,trustee,shown_label,be cautious,5.5,0.43174999999999997,0.020369503348551907,4,4
Gemini,8-agent mixed,myth_game,trustee,shown_label,be cautious,7.5,0.4383333333333333,0.002357022603955213,2,2
Gemini,8-agent mixed,myth_game,trustee,shown_label,be cautious,9.5,0.4576666666666666,0.04957149718672352,3,3
Gemini,8-agent mixed,myth_game,trustee,shown_label,be fair,1.5,0.44497076023391813,0.04596809357620284,19,13
Gemini,8-agent mixed,myth_game,trustee,shown_label,be fair,3.5,0.4454583333333333,0.0399192373207985,48,27
Gemini,8-agent mixed,myth_game,trustee,shown_label,be fair,5.5,0.4505192307692308,0.02872189644407893,52,26
Gemini,8-agent mixed,myth_game,trustee,shown_label,be fair,7.5,0.4476373456790123,0.030108247916675664,54,28
Gemini,8-agent mixed,myth_game,trustee,shown_label,be fair,9.5,0.4465,0.029694772501046202,57,28
Gemini,8-agent mixed,myth_game,trustee,shown_label,be generous,1.5,0.4548571428571428,0.0361697935887664,7,6
Gemini,8-agent mixed,myth_game,trustee,shown_label,be generous,3.5,0.4545416666666666,0.03132833884544174,16,11
Gemini,8-agent mixed,myth_game,trustee,shown_label,be generous,5.5,0.4531527777777777,0.027458458829283595,12,10
Gemini,8-agent mixed,myth_game,trustee,shown_label,be generous,7.5,0.4523333333333333,0.02347833731830947,12,10
Gemini,8-agent mixed,myth_game,trustee,shown_label,be generous,9.5,0.44922222222222224,0.03340575466060369,9,8
Sonnet,2-agent homogeneous,game_myth,investor,own_label,be cautious,1.5,0.4,,1,1
Sonnet,2-agent homogeneous,game_myth,investor,own_label,be cautious,7.5,0.3,,1,1
Sonnet,2-agent homogeneous,game_myth,investor,own_label,be fair,1.5,0.5085714285714286,0.0429839394148448,7,7
Sonnet,2-agent homogeneous,game_myth,investor,own_label,be fair,3.5,0.6016666666666666,0.08332121123954117,12,8
Sonnet,2-agent homogeneous,game_myth,investor,own_label,be fair,5.5,0.6272727272727273,0.16787441193290353,11,8
Sonnet,2-agent homogeneous,game_myth,investor,own_label,be fair,7.5,0.6277777777777778,0.09718253158075502,9,7
Sonnet,2-agent homogeneous,game_myth,investor,own_label,be fair,9.5,0.6525,0.12314994555788115,12,7
Sonnet,2-agent homogeneous,game_myth,investor,own_label,be generous,1.5,0.6499999999999999,0.07071067811865474,2,2
Sonnet,2-agent homogeneous,game_myth,investor,own_label,be generous,3.5,0.6125,0.13562026818605374,8,6
Sonnet,2-agent homogeneous,game_myth,investor,own_label,be generous,5.5,0.6388888888888888,0.11118053386771945,9,7
Sonnet,2-agent homogeneous,game_myth,investor,own_label,be generous,7.5,0.7049999999999998,0.17709068612185994,10,7
Sonnet,2-agent homogeneous,game_myth,investor,own_label,be generous,9.5,0.7125,0.1959409532049315,8,5
Sonnet,2-agent homogeneous,game_myth,investor,shown_label,be cautious,3.5,0.5,,1,1
Sonnet,2-agent homogeneous,game_myth,investor,shown_label,be cautious,7.5,0.6,,1,1
Sonnet,2-agent homogeneous,game_myth,investor,shown_label,be fair,3.5,0.5861538461538461,0.08846265328171557,13,9
Sonnet,2-agent homogeneous,game_myth,investor,shown_label,be fair,5.5,0.6449999999999999,0.08316649966583099,10,7
Sonnet,2-agent homogeneous,game_myth,investor,shown_label,be fair,7.5,0.6318181818181818,0.18476028695681232,11,7
Sonnet,2-agent homogeneous,game_myth,investor,shown_label,be fair,9.5,0.6525,0.12314994555788115,12,7
Sonnet,2-agent homogeneous,game_myth,investor,shown_label,be generous,3.5,0.6666666666666666,0.12110601416389968,6,5
Sonnet,2-agent homogeneous,game_myth,investor,shown_label,be generous,5.5,0.6200000000000001,0.18737959096740261,10,7
Sonnet,2-agent homogeneous,game_myth,investor,shown_label,be generous,7.5,0.68125,0.15103807466993216,8,5
Sonnet,2-agent homogeneous,game_myth,investor,shown_label,be generous,9.5,0.7125,0.1959409532049315,8,5
Sonnet,2-agent homogeneous,game_myth,trustee,own_label,be cautious,1.5,0.4166666666666667,,1,1
Sonnet,2-agent homogeneous,game_myth,trustee,own_label,be cautious,3.5,0.4,,1,1
Sonnet,2-agent homogeneous,game_myth,trustee,own_label,be fair,1.5,0.43179779158040027,0.06436783485431277,8,8
Sonnet,2-agent homogeneous,game_myth,trustee,own_label,be fair,3.5,0.4126068376068376,0.060683346106980264,10,7
Sonnet,2-agent homogeneous,game_myth,trustee,own_label,be fair,5.5,0.43302889702889696,0.043026800663182437,9,6
Sonnet,2-agent homogeneous,game_myth,trustee,own_label,be fair,7.5,0.4944509564509564,0.1875610740254017,15,8
Sonnet,2-agent homogeneous,game_myth,trustee,own_label,be fair,9.5,0.41977482723813964,0.06101615900723099,9,5
Sonnet,2-agent homogeneous,game_myth,trustee,own_label,be generous,1.5,0.488,,1,1
Sonnet,2-agent homogeneous,game_myth,trustee,own_label,be generous,3.5,0.45132098765432094,0.07406711484693912,9,6
Sonnet,2-agent homogeneous,game_myth,trustee,own_label,be generous,5.5,0.5115420875420876,0.12159611492142967,11,7
Sonnet,2-agent homogeneous,game_myth,trustee,own_label,be generous,7.5,0.46472727272727277,0.096030978234821,5,3
Sonnet,2-agent homogeneous,game_myth,trustee,own_label,be generous,9.5,0.5343961038961038,0.1976076290592434,11,6
Sonnet,2-agent homogeneous,game_myth,trustee,shown_label,be cautious,3.5,0.45,0.07071067811865474,2,1
Sonnet,2-agent homogeneous,game_myth,trustee,shown_label,be fair,3.5,0.4185445665445665,0.06933550892796017,14,9
Sonnet,2-agent homogeneous,game_myth,trustee,shown_label,be fair,5.5,0.46338412698412695,0.057114582854048544,10,8
Sonnet,2-agent homogeneous,game_myth,trustee,shown_label,be fair,7.5,0.4883234543234543,0.15400470499829003,11,8
Sonnet,2-agent homogeneous,game_myth,trustee,shown_label,be fair,9.5,0.4753231839206682,0.12347627202594556,12,8
Sonnet,2-agent homogeneous,game_myth,trustee,shown_label,be generous,3.5,0.4570833333333333,0.06318920409692853,4,4
Sonnet,2-agent homogeneous,game_myth,trustee,shown_label,be generous,5.5,0.48903817663817667,0.13355425619130473,10,8
Sonnet,2-agent homogeneous,game_myth,trustee,shown_label,be generous,7.5,0.4854269680936347,0.19218906083360873,9,7
Sonnet,2-agent homogeneous,game_myth,trustee,shown_label,be generous,9.5,0.4940565476190476,0.21243823078136917,8,6
Sonnet,2-agent homogeneous,myth_game,investor,own_label,be fair,1.5,0.627,0.16299135504124695,12,8
Sonnet,2-agent homogeneous,myth_game,investor,own_label,be fair,3.5,0.6421250000000001,0.17031025610142608,16,9
Sonnet,2-agent homogeneous,myth_game,investor,own_label,be fair,5.5,0.598,0.12695931106723396,13,7
Sonnet,2-agent homogeneous,myth_game,investor,own_label,be fair,7.5,0.6133846153846153,0.13878853126341678,13,8
Sonnet,2-agent homogeneous,myth_game,investor,own_label,be fair,9.5,0.6339999999999999,0.14168980203246812,11,7
Sonnet,2-agent homogeneous,myth_game,investor,own_label,be generous,1.5,0.75,0.2,8,6
Sonnet,2-agent homogeneous,myth_game,investor,own_label,be generous,3.5,0.665,0.20223748416156684,4,3
Sonnet,2-agent homogeneous,myth_game,investor,own_label,be generous,5.5,0.7571428571428571,0.198805959477601,7,4
Sonnet,2-agent homogeneous,myth_game,investor,own_label,be generous,7.5,0.7285714285714285,0.20586634591635514,7,5
Sonnet,2-agent homogeneous,myth_game,investor,own_label,be generous,9.5,0.6777777777777777,0.20480342879074181,9,6
Sonnet,2-agent homogeneous,myth_game,investor,shown_label,be fair,1.5,0.6,0.14142135623730953,4,4
Sonnet,2-agent homogeneous,myth_game,investor,shown_label,be fair,3.5,0.6271249999999999,0.15943729174819798,16,10
Sonnet,2-agent homogeneous,myth_game,investor,shown_label,be fair,5.5,0.6124285714285714,0.13339168137234295,14,8
Sonnet,2-agent homogeneous,myth_game,investor,shown_label,be fair,7.5,0.598,0.12695931106723396,13,7
Sonnet,2-agent homogeneous,myth_game,investor,shown_label,be fair,9.5,0.6541666666666667,0.13392388159176866,12,7
Sonnet,2-agent homogeneous,myth_game,investor,shown_label,be generous,1.5,0.6373333333333333,0.18034041883800392,6,6
Sonnet,2-agent homogeneous,myth_game,investor,shown_label,be generous,3.5,0.725,0.2217355782608345,4,4
Sonnet,2-agent homogeneous,myth_game,investor,shown_label,be generous,5.5,0.75,0.21679483388678802,6,4
Sonnet,2-agent homogeneous,myth_game,investor,shown_label,be generous,7.5,0.7571428571428571,0.198805959477601,7,4
Sonnet,2-agent homogeneous,myth_game,investor,shown_label,be generous,9.5,0.653,0.22312840633654363,8,5
Sonnet,2-agent homogeneous,myth_game,trustee,own_label,be fair,1.5,0.45322225133938976,0.09881172274712752,12,10
Sonnet,2-agent homogeneous,myth_game,trustee,own_label,be fair,3.5,0.46679531160663235,0.09082782150047891,17,10
Sonnet,2-agent homogeneous,myth_game,trustee,own_label,be fair,5.5,0.4725373839996481,0.10101667023861739,13,7
Sonnet,2-agent homogeneous,myth_game,trustee,own_label,be fair,7.5,0.4547063957181882,0.11037678649118643,12,8
Sonnet,2-agent homogeneous,myth_game,trustee,own_label,be fair,9.5,0.449951408741503,0.1014744216605088,12,7
Sonnet,2-agent homogeneous,myth_game,trustee,own_label,be generous,1.5,0.4847638888888889,0.08358145996412991,8,8
Sonnet,2-agent homogeneous,myth_game,trustee,own_label,be generous,3.5,0.44629629629629625,0.06627974136360477,3,3
Sonnet,2-agent homogeneous,myth_game,trustee,own_label,be generous,5.5,0.5258333333333333,0.08638174318428378,7,4
Sonnet,2-agent homogeneous,myth_game,trustee,own_label,be generous,7.5,0.5139583333333333,0.1158784551071712,8,6
Sonnet,2-agent homogeneous,myth_game,trustee,own_label,be generous,9.5,0.5437777777777777,0.07574504716027425,8,5
Sonnet,2-agent homogeneous,myth_game,trustee,shown_label,be fair,1.5,0.474537037037037,0.0868263604697789,6,6
Sonnet,2-agent homogeneous,myth_game,trustee,shown_label,be fair,3.5,0.4577569087097389,0.0984526115924569,15,10
Sonnet,2-agent homogeneous,myth_game,trustee,shown_label,be fair,5.5,0.4854513803806257,0.09813835957198729,14,8
Sonnet,2-agent homogeneous,myth_game,trustee,shown_label,be fair,7.5,0.46466430817610066,0.12378959931902299,12,8
Sonnet,2-agent homogeneous,myth_game,trustee,shown_label,be fair,9.5,0.4640369075369074,0.09747644507917544,13,8
Sonnet,2-agent homogeneous,myth_game,trustee,shown_label,be generous,1.5,0.4889028651292803,0.15178622008817855,4,4
Sonnet,2-agent homogeneous,myth_game,trustee,shown_label,be generous,3.5,0.4816111111111111,0.03169370190969717,5,5
Sonnet,2-agent homogeneous,myth_game,trustee,shown_label,be generous,5.5,0.5045833333333333,0.10334912513740341,6,4
Sonnet,2-agent homogeneous,myth_game,trustee,shown_label,be generous,7.5,0.4990214646464646,0.10044998722769771,8,6
Sonnet,2-agent homogeneous,myth_game,trustee,shown_label,be generous,9.5,0.5310227613057802,0.10103536672911965,7,5
Sonnet,2-agent mixed,game_myth,investor,own_label,be cautious,3.5,0.25,0.3535533905932738,2,2
Sonnet,2-agent mixed,game_myth,investor,own_label,be cautious,5.5,0.1,,1,1
Sonnet,2-agent mixed,game_myth,investor,own_label,be cautious,7.5,0.16,,1,1
Sonnet,2-agent mixed,game_myth,investor,own_label,be cautious,9.5,0.08,,1,1
Sonnet,2-agent mixed,game_myth,investor,own_label,be fair,1.5,0.775,0.1258305739211792,4,4
Sonnet,2-agent mixed,game_myth,investor,own_label,be fair,3.5,0.7507692307692307,0.2109684628272489,13,13
Sonnet,2-agent mixed,game_myth,investor,own_label,be fair,5.5,0.7874999999999998,0.2001419950480613,12,12
Sonnet,2-agent mixed,game_myth,investor,own_label,be fair,7.5,0.8699999999999999,0.1636391694484477,10,10
Sonnet,2-agent mixed,game_myth,investor,own_label,be fair,9.5,0.8653333333333334,0.20219745182323523,15,15
Sonnet,2-agent mixed,game_myth,investor,own_label,be generous,1.5,0.7480000000000001,0.17408044117591157,6,6
Sonnet,2-agent mixed,game_myth,investor,own_label,be generous,3.5,0.96,0.0547722557505166,5,5
Sonnet,2-agent mixed,game_myth,investor,own_label,be generous,5.5,0.9357142857142857,0.14920423841803143,7,7
Sonnet,2-agent mixed,game_myth,investor,own_label,be generous,7.5,0.9055555555555556,0.1628735023807672,9,9
Sonnet,2-agent mixed,game_myth,investor,own_label,be generous,9.5,0.95,0.07071067811865477,4,4
Sonnet,2-agent mixed,game_myth,investor,shown_label,be cautious,3.5,0.7,0.14142135623730953,2,2
Sonnet,2-agent mixed,game_myth,investor,shown_label,be cautious,7.5,0.16,,1,1
Sonnet,2-agent mixed,game_myth,investor,shown_label,be cautious,9.5,0.85,,1,1
Sonnet,2-agent mixed,game_myth,investor,shown_label,be fair,3.5,0.625,0.3412163117856053,8,8
Sonnet,2-agent mixed,game_myth,investor,shown_label,be fair,5.5,0.7346153846153846,0.2703274367816243,13,13
Sonnet,2-agent mixed,game_myth,investor,shown_label,be fair,7.5,0.8678571428571429,0.17716478949656628,14,14
Sonnet,2-agent mixed,game_myth,investor,shown_label,be fair,9.5,0.8185714285714286,0.2868893419168696,14,14
Sonnet,2-agent mixed,game_myth,investor,shown_label,be generous,3.5,0.866,0.18013575127910866,10,10
Sonnet,2-agent mixed,game_myth,investor,shown_label,be generous,5.5,0.9357142857142857,0.14920423841803143,7,7
Sonnet,2-agent mixed,game_myth,investor,shown_label,be generous,7.5,0.9400000000000001,0.08944271909999157,5,5
Sonnet,2-agent mixed,game_myth,investor,shown_label,be generous,9.5,0.9099999999999999,0.1746424919657298,5,5
Sonnet,2-agent mixed,game_myth,trustee,own_label,be cautious,3.5,0.35466666666666663,0.17159124556793554,2,2
Sonnet,2-agent mixed,game_myth,trustee,own_label,be cautious,5.5,0.48066666666666663,0.07460414048682405,3,3
Sonnet,2-agent mixed,game_myth,trustee,own_label,be cautious,7.5,0.0416666666666666,,1,1
Sonnet,2-agent mixed,game_myth,trustee,own_label,be cautious,9.5,0.3,0.4242640687119285,2,2
Sonnet,2-agent mixed,game_myth,trustee,own_label,be fair,1.5,0.38518518518518513,0.19008336919046429,6,6
Sonnet,2-agent mixed,game_myth,trustee,own_label,be fair,3.5,0.46282132746146587,0.12505135150363708,11,11
Sonnet,2-agent mixed,game_myth,trustee,own_label,be fair,5.5,0.5272384125763595,0.07223288456038658,9,9
Sonnet,2-agent mixed,game_myth,trustee,own_label,be fair,7.5,0.4996262626262626,0.06647246292805511,11,11
Sonnet,2-agent mixed,game_myth,trustee,own_label,be fair,9.5,0.4903962962962963,0.10713823807405631,10,10
Sonnet,2-agent mixed,game_myth,trustee,own_label,be generous,1.5,0.3775,0.11635894160820247,4,4
Sonnet,2-agent mixed,game_myth,trustee,own_label,be generous,3.5,0.4598866213151927,0.05812246118796953,7,7
Sonnet,2-agent mixed,game_myth,trustee,own_label,be generous,5.5,0.46412499999999995,0.07939532142067354,8,8
Sonnet,2-agent mixed,game_myth,trustee,own_label,be generous,7.5,0.46754166666666663,0.07333613360454377,8,8
Sonnet,2-agent mixed,game_myth,trustee,own_label,be generous,9.5,0.469875,0.09291298839612476,8,8
Sonnet,2-agent mixed,game_myth,trustee,shown_label,be cautious,3.5,0.5,,1,1
Sonnet,2-agent mixed,game_myth,trustee,shown_label,be cautious,5.5,0.45875865051903114,0.12654119531077823,4,4
Sonnet,2-agent mixed,game_myth,trustee,shown_label,be cautious,7.5,0.2833333333333333,0.23018712194888558,3,3
Sonnet,2-agent mixed,game_myth,trustee,shown_label,be fair,3.5,0.4107087733489117,0.12472350471070794,11,11
Sonnet,2-agent mixed,game_myth,trustee,shown_label,be fair,5.5,0.5032345679012344,0.0734124246145807,9,9
Sonnet,2-agent mixed,game_myth,trustee,shown_label,be fair,7.5,0.49781196581196585,0.06398217641175992,13,13
Sonnet,2-agent mixed,game_myth,trustee,shown_label,be fair,9.5,0.44715308641975304,0.1589174706145393,15,15
Sonnet,2-agent mixed,game_myth,trustee,shown_label,be generous,3.5,0.5002222222222222,0.06712582620132045,8,8
Sonnet,2-agent mixed,game_myth,trustee,shown_label,be generous,5.5,0.5051428571428571,0.053004142795060404,7,7
Sonnet,2-agent mixed,game_myth,trustee,shown_label,be generous,7.5,0.4890833333333333,0.03588600779629235,4,4
Sonnet,2-agent mixed,game_myth,trustee,shown_label,be generous,9.5,0.5111333333333333,0.09465891987082418,5,5
Sonnet,2-agent mixed,myth_game,investor,own_label,be cautious,7.5,1.0,,1,1
Sonnet,2-agent mixed,myth_game,investor,own_label,be fair,1.5,0.7090909090909091,0.22115399817568507,11,11
Sonnet,2-agent mixed,myth_game,investor,own_label,be fair,3.5,0.8642857142857141,0.16919330254585618,14,14
Sonnet,2-agent mixed,myth_game,investor,own_label,be fair,5.5,0.782,0.24339268682522078,10,10
Sonnet,2-agent mixed,myth_game,investor,own_label,be fair,7.5,0.9038461538461539,0.15196153359422146,13,13
Sonnet,2-agent mixed,myth_game,investor,own_label,be fair,9.5,0.9199999999999999,0.16193277068654824,10,10
Sonnet,2-agent mixed,myth_game,investor,own_label,be generous,1.5,0.74,0.2009975124224178,9,9
Sonnet,2-agent mixed,myth_game,investor,own_label,be generous,3.5,0.835,0.2452549693686144,6,6
Sonnet,2-agent mixed,myth_game,investor,own_label,be generous,5.5,0.9800000000000001,0.04216370213557838,10,10
Sonnet,2-agent mixed,myth_game,investor,own_label,be generous,7.5,0.8716666666666666,0.23068737864622474,6,6
Sonnet,2-agent mixed,myth_game,investor,own_label,be generous,9.5,0.867,0.20385452329214251,10,10
Sonnet,2-agent mixed,myth_game,investor,shown_label,be cautious,3.5,0.7,,1,1
Sonnet,2-agent mixed,myth_game,investor,shown_label,be cautious,5.5,0.72,,1,1
Sonnet,2-agent mixed,myth_game,investor,shown_label,be cautious,7.5,0.9,0.14142135623730948,2,2
Sonnet,2-agent mixed,myth_game,investor,shown_label,be cautious,9.5,0.84,0.1442220510185596,3,3
Sonnet,2-agent mixed,myth_game,investor,shown_label,be fair,1.5,0.5,0.08164965809277258,4,4
Sonnet,2-agent mixed,myth_game,investor,shown_label,be fair,3.5,0.7954545454545454,0.21266704664162883,11,11
Sonnet,2-agent mixed,myth_game,investor,shown_label,be fair,5.5,0.8666666666666667,0.21794494717703367,9,9
Sonnet,2-agent mixed,myth_game,investor,shown_label,be fair,7.5,0.8958333333333334,0.15582381270544182,12,12
Sonnet,2-agent mixed,myth_game,investor,shown_label,be fair,9.5,0.9153846153846155,0.16756169931378434,13,13
Sonnet,2-agent mixed,myth_game,investor,shown_label,be generous,1.5,0.81,0.216794833886788,6,6
Sonnet,2-agent mixed,myth_game,investor,shown_label,be generous,3.5,0.9575,0.10498299181976371,8,8
Sonnet,2-agent mixed,myth_game,investor,shown_label,be generous,5.5,0.9100000000000001,0.1911950719959998,10,10
Sonnet,2-agent mixed,myth_game,investor,shown_label,be generous,7.5,0.9049999999999999,0.2327015255644019,6,6
Sonnet,2-agent mixed,myth_game,investor,shown_label,be generous,9.5,0.8625,0.275,4,4
Sonnet,2-agent mixed,myth_game,trustee,own_label,be cautious,1.5,0.4666666666666667,,1,1
Sonnet,2-agent mixed,myth_game,trustee,own_label,be cautious,3.5,0.43020257826887665,0.042712895806480196,2,2
Sonnet,2-agent mixed,myth_game,trustee,own_label,be cautious,5.5,0.4666666666666667,,1,1
Sonnet,2-agent mixed,myth_game,trustee,own_label,be cautious,9.5,0.5499999999999999,0.1649915822768611,2,2
Sonnet,2-agent mixed,myth_game,trustee,own_label,be fair,1.5,0.42605429250906185,0.090942575602966,11,11
Sonnet,2-agent mixed,myth_game,trustee,own_label,be fair,3.5,0.49697968936678616,0.09039272307009026,12,12
Sonnet,2-agent mixed,myth_game,trustee,own_label,be fair,5.5,0.4876717408274785,0.06594239562253305,10,10
Sonnet,2-agent mixed,myth_game,trustee,own_label,be fair,7.5,0.46246797346797347,0.08517776223329446,13,13
Sonnet,2-agent mixed,myth_game,trustee,own_label,be fair,9.5,0.4768507236227824,0.06376744554262603,8,8
Sonnet,2-agent mixed,myth_game,trustee,own_label,be generous,1.5,0.4667886779184247,0.06454962465903082,8,8
Sonnet,2-agent mixed,myth_game,trustee,own_label,be generous,3.5,0.505,0.08810069995938359,6,6
Sonnet,2-agent mixed,myth_game,trustee,own_label,be generous,5.5,0.5333703703703703,0.08318327229752057,9,9
Sonnet,2-agent mixed,myth_game,trustee,own_label,be generous,7.5,0.5076190476190475,0.06762407761305045,7,7
Sonnet,2-agent mixed,myth_game,trustee,own_label,be generous,9.5,0.5178999999999999,0.07876736336112944,10,10
Sonnet,2-agent mixed,myth_game,trustee,shown_label,be cautious,3.5,0.4604051565377532,,1,1
Sonnet,2-agent mixed,myth_game,trustee,shown_label,be cautious,5.5,0.468384074941452,,1,1
Sonnet,2-agent mixed,myth_game,trustee,shown_label,be cautious,7.5,0.6,,1,1
Sonnet,2-agent mixed,myth_game,trustee,shown_label,be cautious,9.5,0.6666666666666666,,1,1
Sonnet,2-agent mixed,myth_game,trustee,shown_label,be fair,1.5,0.4011591059671935,0.039976281800251076,5,5
Sonnet,2-agent mixed,myth_game,trustee,shown_label,be fair,3.5,0.48646269143043347,0.08988635950488923,11,11
Sonnet,2-agent mixed,myth_game,trustee,shown_label,be fair,5.5,0.49515384615384617,0.07170923998840804,13,13
Sonnet,2-agent mixed,myth_game,trustee,shown_label,be fair,7.5,0.469423637923638,0.09112649810548609,12,12
Sonnet,2-agent mixed,myth_game,trustee,shown_label,be fair,9.5,0.4685115935262994,0.05313295346053258,12,12
Sonnet,2-agent mixed,myth_game,trustee,shown_label,be generous,1.5,0.4508,0.028922885978638662,5,5
Sonnet,2-agent mixed,myth_game,trustee,shown_label,be generous,3.5,0.5053333333333333,0.08936957331732448,8,8
Sonnet,2-agent mixed,myth_game,trustee,shown_label,be generous,5.5,0.5397222222222222,0.08326568365223498,6,6
Sonnet,2-agent mixed,myth_game,trustee,shown_label,be generous,7.5,0.476047619047619,0.0526633010779165,7,7
Sonnet,2-agent mixed,myth_game,trustee,shown_label,be generous,9.5,0.5435714285714285,0.08164619114876412,7,7
Sonnet,8-agent homogeneous,game_myth,investor,own_label,be cautious,3.5,0.6333333333333333,0.1527525231651947,3,3
Sonnet,8-agent homogeneous,game_myth,investor,own_label,be cautious,5.5,0.5666666666666667,0.05773502691896257,3,3
Sonnet,8-agent homogeneous,game_myth,investor,own_label,be cautious,7.5,0.6,,1,1
Sonnet,8-agent homogeneous,game_myth,investor,own_label,be fair,1.5,0.5814285714285715,0.08232442483473387,35,10
Sonnet,8-agent homogeneous,game_myth,investor,own_label,be fair,3.5,0.5982456140350877,0.07438132462946655,57,10
Sonnet,8-agent homogeneous,game_myth,investor,own_label,be fair,5.5,0.6131147540983609,0.08057172753943238,61,10
Sonnet,8-agent homogeneous,game_myth,investor,own_label,be fair,7.5,0.609433962264151,0.07406896719481273,53,10
Sonnet,8-agent homogeneous,game_myth,investor,own_label,be fair,9.5,0.6117647058823531,0.09087806957353226,51,10
Sonnet,8-agent homogeneous,game_myth,investor,own_label,be generous,1.5,0.58,0.04472135954999579,5,4
Sonnet,8-agent homogeneous,game_myth,investor,own_label,be generous,3.5,0.6599999999999998,0.09947229183096803,20,9
Sonnet,8-agent homogeneous,game_myth,investor,own_label,be generous,5.5,0.6499999999999999,0.11547005383792518,16,9
Sonnet,8-agent homogeneous,game_myth,investor,own_label,be generous,7.5,0.6423076923076925,0.11721118350422685,26,9
Sonnet,8-agent homogeneous,game_myth,investor,own_label,be generous,9.5,0.6344827586206897,0.09364012444675597,29,10
Sonnet,8-agent homogeneous,game_myth,investor,shown_label,be cautious,3.5,0.56,0.0547722557505166,5,5
Sonnet,8-agent homogeneous,game_myth,investor,shown_label,be cautious,5.5,0.5666666666666668,0.05773502691896257,3,3
Sonnet,8-agent homogeneous,game_myth,investor,shown_label,be cautious,7.5,0.6,,1,1
Sonnet,8-agent homogeneous,game_myth,investor,shown_label,be cautious,9.5,0.7,0.14142135623730953,2,2
Sonnet,8-agent homogeneous,game_myth,investor,shown_label,be fair,3.5,0.605084745762712,0.08392058810639917,59,10
Sonnet,8-agent homogeneous,game_myth,investor,shown_label,be fair,5.5,0.6203125,0.08003905296791061,64,10
Sonnet,8-agent homogeneous,game_myth,investor,shown_label,be fair,7.5,0.6133333333333334,0.08123342942715872,60,10
Sonnet,8-agent homogeneous,game_myth,investor,shown_label,be fair,9.5,0.6036363636363639,0.08156714199479256,55,10
Sonnet,8-agent homogeneous,game_myth,investor,shown_label,be generous,3.5,0.66875,0.08732124598286493,16,9
Sonnet,8-agent homogeneous,game_myth,investor,shown_label,be generous,5.5,0.6230769230769231,0.1300887271175982,13,8
Sonnet,8-agent homogeneous,game_myth,investor,shown_label,be generous,7.5,0.6421052631578947,0.11697953037312037,19,8
Sonnet,8-agent homogeneous,game_myth,investor,shown_label,be generous,9.5,0.6521739130434783,0.10387739809021065,23,9
Sonnet,8-agent homogeneous,game_myth,trustee,own_label,be cautious,1.5,0.39999999999999997,0.041573970964154904,6,5
Sonnet,8-agent homogeneous,game_myth,trustee,own_label,be cautious,3.5,0.4355648148148148,0.07548673676867707,6,5
Sonnet,8-agent homogeneous,game_myth,trustee,own_label,be cautious,5.5,0.39944444444444444,0.0872133753475129,4,4
Sonnet,8-agent homogeneous,game_myth,trustee,own_label,be cautious,7.5,0.4111111111111111,,1,1
Sonnet,8-agent homogeneous,game_myth,trustee,own_label,be cautious,9.5,0.40675595238095236,0.09169858107600677,4,3
Sonnet,8-agent homogeneous,game_myth,trustee,own_label,be fair,1.5,0.4137198912198912,0.05500157763143044,26,9
Sonnet,8-agent homogeneous,game_myth,trustee,own_label,be fair,3.5,0.4236514041514041,0.0595017677825109,65,10
Sonnet,8-agent homogeneous,game_myth,trustee,own_label,be fair,5.5,0.4316144078144078,0.05367840358887598,65,10
Sonnet,8-agent homogeneous,game_myth,trustee,own_label,be fair,7.5,0.4198238174208323,0.053490643033148676,67,10
Sonnet,8-agent homogeneous,game_myth,trustee,own_label,be fair,9.5,0.43236111111111114,0.05708295202507264,56,10
Sonnet,8-agent homogeneous,game_myth,trustee,own_label,be generous,1.5,0.4540972222222222,0.06506335096233495,8,5
Sonnet,8-agent homogeneous,game_myth,trustee,own_label,be generous,3.5,0.42987654320987656,0.07253871772559105,9,7
Sonnet,8-agent homogeneous,game_myth,trustee,own_label,be generous,5.5,0.4618542568542569,0.0747133791960888,11,5
Sonnet,8-agent homogeneous,game_myth,trustee,own_label,be generous,7.5,0.4390079365079365,0.05311364449718657,12,6
Sonnet,8-agent homogeneous,game_myth,trustee,own_label,be generous,9.5,0.43181111111111115,0.06169941283237345,20,9
Sonnet,8-agent homogeneous,game_myth,trustee,shown_label,be cautious,3.5,0.4231746031746032,0.0650749127396849,7,5
Sonnet,8-agent homogeneous,game_myth,trustee,shown_label,be cautious,5.5,0.41962962962962963,0.06948369261268897,6,4
Sonnet,8-agent homogeneous,game_myth,trustee,shown_label,be cautious,7.5,0.4133333333333333,,1,1
Sonnet,8-agent homogeneous,game_myth,trustee,shown_label,be fair,3.5,0.4185075396825396,0.06069114753950389,60,10
Sonnet,8-agent homogeneous,game_myth,trustee,shown_label,be fair,5.5,0.4311894683799445,0.05469099623623147,63,10
Sonnet,8-agent homogeneous,game_myth,trustee,shown_label,be fair,7.5,0.4203239914021164,0.05391787262139602,64,10
Sonnet,8-agent homogeneous,game_myth,trustee,shown_label,be fair,9.5,0.42543637341942425,0.06213023548689471,59,10
Sonnet,8-agent homogeneous,game_myth,trustee,shown_label,be generous,3.5,0.4574572649572649,0.057154743356894425,13,8
Sonnet,8-agent homogeneous,game_myth,trustee,shown_label,be generous,5.5,0.4591269841269842,0.07645765818139488,11,6
Sonnet,8-agent homogeneous,game_myth,trustee,shown_label,be generous,7.5,0.4328888888888889,0.052507241424820786,15,8
Sonnet,8-agent homogeneous,game_myth,trustee,shown_label,be generous,9.5,0.4464153439153439,0.04926088780774549,21,8
Sonnet,8-agent homogeneous,myth_game,investor,own_label,be cautious,3.5,0.6,0.14142135623730948,2,1
Sonnet,8-agent homogeneous,myth_game,investor,own_label,be cautious,7.5,1.0,,1,1
Sonnet,8-agent homogeneous,myth_game,investor,own_label,be fair,1.5,0.8004347826086955,0.16338035407177437,46,10
Sonnet,8-agent homogeneous,myth_game,investor,own_label,be fair,3.5,0.8297872340425531,0.11452148766862635,47,10
Sonnet,8-agent homogeneous,myth_game,investor,own_label,be fair,5.5,0.8359649122807017,0.08951974341536553,57,10
Sonnet,8-agent homogeneous,myth_game,investor,own_label,be fair,7.5,0.8304347826086955,0.08197442749592719,46,9
Sonnet,8-agent homogeneous,myth_game,investor,own_label,be fair,9.5,0.8590909090909088,0.09234141014158288,55,10
Sonnet,8-agent homogeneous,myth_game,investor,own_label,be generous,1.5,0.8117647058823528,0.14305054390150682,34,10
Sonnet,8-agent homogeneous,myth_game,investor,own_label,be generous,3.5,0.8580645161290323,0.10419274942268328,31,10
Sonnet,8-agent homogeneous,myth_game,investor,own_label,be generous,5.5,0.9069565217391306,0.10712926697171614,23,8
Sonnet,8-agent homogeneous,myth_game,investor,own_label,be generous,7.5,0.9139393939393939,0.09877181385456688,33,10
Sonnet,8-agent homogeneous,myth_game,investor,own_label,be generous,9.5,0.8844,0.10206533855003533,25,8
Sonnet,8-agent homogeneous,myth_game,investor,shown_label,be cautious,3.5,0.7,,1,1
Sonnet,8-agent homogeneous,myth_game,investor,shown_label,be cautious,5.5,0.7333333333333334,0.05773502691896263,3,3
Sonnet,8-agent homogeneous,myth_game,investor,shown_label,be fair,1.5,0.7858333333333333,0.1234967581572987,24,10
Sonnet,8-agent homogeneous,myth_game,investor,shown_label,be fair,3.5,0.8333333333333335,0.12705454396776664,36,10
Sonnet,8-agent homogeneous,myth_game,investor,shown_label,be fair,5.5,0.8489361702127659,0.0941145010901543,47,9
Sonnet,8-agent homogeneous,myth_game,investor,shown_label,be fair,7.5,0.8424444444444443,0.08285133332870047,45,10
Sonnet,8-agent homogeneous,myth_game,investor,shown_label,be fair,9.5,0.8429166666666669,0.0827957839746181,48,10
Sonnet,8-agent homogeneous,myth_game,investor,shown_label,be generous,1.5,0.785,0.12165525060596441,16,8
Sonnet,8-agent homogeneous,myth_game,investor,shown_label,be generous,3.5,0.8395348837209301,0.10834146830347476,43,10
Sonnet,8-agent homogeneous,myth_game,investor,shown_label,be generous,5.5,0.8803333333333333,0.10246894679595017,30,9
Sonnet,8-agent homogeneous,myth_game,investor,shown_label,be generous,7.5,0.8985714285714287,0.108794000081721,35,10
Sonnet,8-agent homogeneous,myth_game,investor,shown_label,be generous,9.5,0.903125,0.1031265273591683,32,9
Sonnet,8-agent homogeneous,myth_game,trustee,own_label,be cautious,3.5,0.41785714285714287,0.046763141289053255,3,3
Sonnet,8-agent homogeneous,myth_game,trustee,own_label,be cautious,5.5,0.4583333333333333,,1,1
Sonnet,8-agent homogeneous,myth_game,trustee,own_label,be fair,1.5,0.4641834215167549,0.06208034979183088,33,10
Sonnet,8-agent homogeneous,myth_game,trustee,own_label,be fair,3.5,0.49196780964994,0.05940835368987473,38,10
Sonnet,8-agent homogeneous,myth_game,trustee,own_label,be fair,5.5,0.48442365752343824,0.06242586960163026,48,10
Sonnet,8-agent homogeneous,myth_game,trustee,own_label,be fair,7.5,0.49186554675264443,0.06670525668661152,46,9
Sonnet,8-agent homogeneous,myth_game,trustee,own_label,be fair,9.5,0.49801280077766436,0.06688596033567912,54,10
Sonnet,8-agent homogeneous,myth_game,trustee,own_label,be generous,1.5,0.4617516604750647,0.05791580730733057,47,10
Sonnet,8-agent homogeneous,myth_game,trustee,own_label,be generous,3.5,0.49891185942063143,0.07246451589513614,39,10
Sonnet,8-agent homogeneous,myth_game,trustee,own_label,be generous,5.5,0.5274637489781803,0.05795223361245847,31,9
Sonnet,8-agent homogeneous,myth_game,trustee,own_label,be generous,7.5,0.5119220354808589,0.07022130125669121,34,9
Sonnet,8-agent homogeneous,myth_game,trustee,own_label,be generous,9.5,0.5361371591371591,0.050350588039317905,26,9
Sonnet,8-agent homogeneous,myth_game,trustee,shown_label,be cautious,5.5,0.45624999999999993,0.002946278254943977,2,1
Sonnet,8-agent homogeneous,myth_game,trustee,shown_label,be cautious,9.5,0.5666666666666667,,1,1
Sonnet,8-agent homogeneous,myth_game,trustee,shown_label,be fair,1.5,0.4786499669312169,0.056443485906309855,16,7
Sonnet,8-agent homogeneous,myth_game,trustee,shown_label,be fair,3.5,0.4885243996980817,0.06103363342158789,45,10
Sonnet,8-agent homogeneous,myth_game,trustee,shown_label,be fair,5.5,0.48688383864754475,0.05935448232742537,48,10
Sonnet,8-agent homogeneous,myth_game,trustee,shown_label,be fair,7.5,0.49228477223395145,0.06464292434845255,53,10
Sonnet,8-agent homogeneous,myth_game,trustee,shown_label,be fair,9.5,0.5039070660090397,0.06665764992876791,52,10
Sonnet,8-agent homogeneous,myth_game,trustee,shown_label,be generous,1.5,0.4841172839506172,0.06350806133123316,24,10
Sonnet,8-agent homogeneous,myth_game,trustee,shown_label,be generous,3.5,0.4977803636074313,0.07420930983850786,35,10
Sonnet,8-agent homogeneous,myth_game,trustee,shown_label,be generous,5.5,0.5259706952566601,0.06506461164065805,30,9
Sonnet,8-agent homogeneous,myth_game,trustee,shown_label,be generous,7.5,0.5162989417989418,0.0742168608579393,27,8
Sonnet,8-agent homogeneous,myth_game,trustee,shown_label,be generous,9.5,0.5208304918675289,0.05919156443417352,27,9
Sonnet,8-agent mixed,game_myth,investor,own_label,be cautious,3.5,0.4703703703703703,0.21628829552388354,27,18
Sonnet,8-agent mixed,game_myth,investor,own_label,be cautious,5.5,0.5545454545454546,0.15653167252081768,22,16
Sonnet,8-agent mixed,game_myth,investor,own_label,be cautious,7.5,0.6142857142857142,0.17032612545052805,14,10
Sonnet,8-agent mixed,game_myth,investor,own_label,be cautious,9.5,0.6833333333333332,0.1527525231651947,12,10
Sonnet,8-agent mixed,game_myth,investor,own_label,be fair,1.5,0.5211864406779662,0.09059353607455727,59,28
Sonnet,8-agent mixed,game_myth,investor,own_label,be fair,3.5,0.5894680851063829,0.16764252175244668,94,28
Sonnet,8-agent mixed,game_myth,investor,own_label,be fair,5.5,0.6305555555555555,0.14099251359164036,126,29
Sonnet,8-agent mixed,game_myth,investor,own_label,be fair,7.5,0.6708,0.1569857195066872,125,30
Sonnet,8-agent mixed,game_myth,investor,own_label,be fair,9.5,0.6817241379310345,0.16737493186284488,145,30
Sonnet,8-agent mixed,game_myth,investor,own_label,be generous,1.5,0.6206896551724138,0.12065094382683221,29,19
Sonnet,8-agent mixed,game_myth,investor,own_label,be generous,3.5,0.5897959183673469,0.15308616576836676,49,27
Sonnet,8-agent mixed,game_myth,investor,own_label,be generous,5.5,0.6454545454545454,0.09625003513801575,22,14
Sonnet,8-agent mixed,game_myth,investor,own_label,be generous,7.5,0.6967741935483872,0.14255728899344747,31,19
Sonnet,8-agent mixed,game_myth,investor,own_label,be generous,9.5,0.6846153846153845,0.17722938923964168,13,11
Sonnet,8-agent mixed,game_myth,investor,shown_label,be cautious,3.5,0.5833333333333334,0.1465284553774253,18,15
Sonnet,8-agent mixed,game_myth,investor,shown_label,be cautious,5.5,0.6233333333333334,0.11651056880677463,30,17
Sonnet,8-agent mixed,game_myth,investor,shown_label,be cautious,7.5,0.6699999999999999,0.15593520921743176,20,15
Sonnet,8-agent mixed,game_myth,investor,shown_label,be cautious,9.5,0.69375,0.16111590031195971,16,13
Sonnet,8-agent mixed,game_myth,investor,shown_label,be fair,3.5,0.5723484848484848,0.1793025497555231,132,30
Sonnet,8-agent mixed,game_myth,investor,shown_label,be fair,5.5,0.6190677966101694,0.15302079233130986,118,30
Sonnet,8-agent mixed,game_myth,investor,shown_label,be fair,7.5,0.6655303030303031,0.15569746743217427,132,29
Sonnet,8-agent mixed,game_myth,investor,shown_label,be fair,9.5,0.6776595744680851,0.1660922217920443,141,30
Sonnet,8-agent mixed,game_myth,investor,shown_label,be generous,3.5,0.5479999999999999,0.19022424440090369,20,17
Sonnet,8-agent mixed,game_myth,investor,shown_label,be generous,5.5,0.6409090909090909,0.09081163607574334,22,13
Sonnet,8-agent mixed,game_myth,investor,shown_label,be generous,7.5,0.711111111111111,0.1604731565930206,18,10
Sonnet,8-agent mixed,game_myth,investor,shown_label,be generous,9.5,0.7153846153846153,0.18187062180825983,13,10
Sonnet,8-agent mixed,game_myth,trustee,own_label,be cautious,1.5,0.4081481481481481,0.05746883213244086,9,8
Sonnet,8-agent mixed,game_myth,trustee,own_label,be cautious,3.5,0.42449404761904763,0.05990597491765013,32,21
Sonnet,8-agent mixed,game_myth,trustee,own_label,be cautious,5.5,0.4329501915708812,0.08436675141470461,29,17
Sonnet,8-agent mixed,game_myth,trustee,own_label,be cautious,7.5,0.4059444444444445,0.06268076152984424,15,10
Sonnet,8-agent mixed,game_myth,trustee,own_label,be cautious,9.5,0.4163304988662132,0.0736408572619128,14,11
Sonnet,8-agent mixed,game_myth,trustee,own_label,be fair,1.5,0.386734618916437,0.09477193601724415,55,27
Sonnet,8-agent mixed,game_myth,trustee,own_label,be fair,3.5,0.4204554473304473,0.08240842008763606,88,28
Sonnet,8-agent mixed,game_myth,trustee,own_label,be fair,5.5,0.4442923396969434,0.07110366742306228,109,29
Sonnet,8-agent mixed,game_myth,trustee,own_label,be fair,7.5,0.43402859948693273,0.05812351834814958,132,30
Sonnet,8-agent mixed,game_myth,trustee,own_label,be fair,9.5,0.45109561868722176,0.05754523288149967,131,30
Sonnet,8-agent mixed,game_myth,trustee,own_label,be generous,1.5,0.4115555555555555,0.06471887078696324,10,10
Sonnet,8-agent mixed,game_myth,trustee,own_label,be generous,3.5,0.43804599104599107,0.05562920858189169,39,23
Sonnet,8-agent mixed,game_myth,trustee,own_label,be generous,5.5,0.4474570333880678,0.09076013618980087,29,15
Sonnet,8-agent mixed,game_myth,trustee,own_label,be generous,7.5,0.4705335097001763,0.056810644726382815,18,12
Sonnet,8-agent mixed,game_myth,trustee,own_label,be generous,9.5,0.4618176903611686,0.04816651335965893,23,17
Sonnet,8-agent mixed,game_myth,trustee,shown_label,be cautious,3.5,0.411437908496732,0.06489160561507808,17,15
Sonnet,8-agent mixed,game_myth,trustee,shown_label,be cautious,5.5,0.4486933591100258,0.0956348537954145,24,18
Sonnet,8-agent mixed,game_myth,trustee,shown_label,be cautious,7.5,0.4295937263794406,0.058647979700256446,21,16
Sonnet,8-agent mixed,game_myth,trustee,shown_label,be cautious,9.5,0.4503506493506493,0.05386473181919972,11,9
Sonnet,8-agent mixed,game_myth,trustee,shown_label,be fair,3.5,0.4229350529100529,0.07387116804004179,120,28
Sonnet,8-agent mixed,game_myth,trustee,shown_label,be fair,5.5,0.43988642583470167,0.07053644799932726,116,30
Sonnet,8-agent mixed,game_myth,trustee,shown_label,be fair,7.5,0.4333981688161376,0.060943856670433096,128,30
Sonnet,8-agent mixed,game_myth,trustee,shown_label,be fair,9.5,0.4481531004926527,0.06144865733235899,134,30
Sonnet,8-agent mixed,game_myth,trustee,shown_label,be generous,3.5,0.45095598845598844,0.06652137227151501,22,16
Sonnet,8-agent mixed,game_myth,trustee,shown_label,be generous,5.5,0.4505262420485308,0.0863111448670126,27,15
Sonnet,8-agent mixed,game_myth,trustee,shown_label,be generous,7.5,0.45963194444444444,0.049537886080700096,16,11
Sonnet,8-agent mixed,game_myth,trustee,shown_label,be generous,9.5,0.4581559696342305,0.04159658881246318,23,14
Sonnet,8-agent mixed,myth_game,investor,own_label,be cautious,1.5,0.5750000000000001,0.04999999999999999,4,4
Sonnet,8-agent mixed,myth_game,investor,own_label,be cautious,3.5,0.6285714285714287,0.24299715851758236,7,5
Sonnet,8-agent mixed,myth_game,investor,own_label,be cautious,5.5,0.75,0.10000000000000003,4,4
Sonnet,8-agent mixed,myth_game,investor,own_label,be cautious,7.5,0.9199999999999999,0.1095445115010332,5,4
Sonnet,8-agent mixed,myth_game,investor,own_label,be cautious,9.5,0.8,0.16329931618554522,4,3
Sonnet,8-agent mixed,myth_game,investor,own_label,be fair,1.5,0.7317821782178214,0.1543722516490834,101,30
Sonnet,8-agent mixed,myth_game,investor,own_label,be fair,3.5,0.7437288135593219,0.14713675602869838,118,30
Sonnet,8-agent mixed,myth_game,investor,own_label,be fair,5.5,0.7754135338345864,0.13973736880194265,133,30
Sonnet,8-agent mixed,myth_game,investor,own_label,be fair,7.5,0.7907407407407406,0.1422349833619863,135,30
Sonnet,8-agent mixed,myth_game,investor,own_label,be fair,9.5,0.8089928057553956,0.1376895003208031,139,30
Sonnet,8-agent mixed,myth_game,investor,own_label,be generous,1.5,0.7707692307692307,0.16271435566188233,65,28
Sonnet,8-agent mixed,myth_game,investor,own_label,be generous,3.5,0.8199999999999998,0.12720777563426766,45,24
Sonnet,8-agent mixed,myth_game,investor,own_label,be generous,5.5,0.809090909090909,0.1470833869859976,33,19
Sonnet,8-agent mixed,myth_game,investor,own_label,be generous,7.5,0.8533333333333334,0.12242755305537409,30,18
Sonnet,8-agent mixed,myth_game,investor,own_label,be generous,9.5,0.7907407407407407,0.14938144066387504,27,20
Sonnet,8-agent mixed,myth_game,investor,shown_label,be cautious,1.5,0.8,0.14142135623730953,2,2
Sonnet,8-agent mixed,myth_game,investor,shown_label,be cautious,3.5,0.6111111111111112,0.17638342073763938,9,7
Sonnet,8-agent mixed,myth_game,investor,shown_label,be cautious,5.5,0.76,0.20736441353327723,5,5
Sonnet,8-agent mixed,myth_game,investor,shown_label,be cautious,7.5,0.8500000000000001,0.08366600265340754,6,6
Sonnet,8-agent mixed,myth_game,investor,shown_label,be cautious,9.5,0.8550000000000001,0.13834337312964756,10,8
Sonnet,8-agent mixed,myth_game,investor,shown_label,be fair,1.5,0.7086792452830187,0.14926792813143158,53,24
Sonnet,8-agent mixed,myth_game,investor,shown_label,be fair,3.5,0.7492105263157893,0.15080987700830595,114,30
Sonnet,8-agent mixed,myth_game,investor,shown_label,be fair,5.5,0.782015503875969,0.13400897734014666,129,30
Sonnet,8-agent mixed,myth_game,investor,shown_label,be fair,7.5,0.7992424242424242,0.1427623938129645,132,30
Sonnet,8-agent mixed,myth_game,investor,shown_label,be fair,9.5,0.8047101449275363,0.14050062747079414,138,30
Sonnet,8-agent mixed,myth_game,investor,shown_label,be generous,1.5,0.7439393939393941,0.11842559356879413,33,23
Sonnet,8-agent mixed,myth_game,investor,shown_label,be generous,3.5,0.8117021276595742,0.12820362792357307,47,21
Sonnet,8-agent mixed,myth_game,investor,shown_label,be generous,5.5,0.7819444444444446,0.15682236437528282,36,21
Sonnet,8-agent mixed,myth_game,investor,shown_label,be generous,7.5,0.8234375,0.14198158388076365,32,20
Sonnet,8-agent mixed,myth_game,investor,shown_label,be generous,9.5,0.790909090909091,0.1341963412640524,22,18
Sonnet,8-agent mixed,myth_game,trustee,own_label,be cautious,1.5,0.46253968253968253,0.031121389080801597,7,7
Sonnet,8-agent mixed,myth_game,trustee,own_label,be cautious,3.5,0.441218253968254,0.04539279394816347,10,10
Sonnet,8-agent mixed,myth_game,trustee,own_label,be cautious,5.5,0.4702399848828419,0.04444279759372764,14,11
Sonnet,8-agent mixed,myth_game,trustee,own_label,be cautious,7.5,0.513477366255144,0.07015089909259514,9,7
Sonnet,8-agent mixed,myth_game,trustee,own_label,be cautious,9.5,0.5119999999999999,0.07690542532516445,5,5
Sonnet,8-agent mixed,myth_game,trustee,own_label,be fair,1.5,0.4287438845700577,0.08403121485951594,89,29
Sonnet,8-agent mixed,myth_game,trustee,own_label,be fair,3.5,0.45750790200673763,0.08476647893430343,113,30
Sonnet,8-agent mixed,myth_game,trustee,own_label,be fair,5.5,0.4819409559782192,0.07359463793964119,118,30
Sonnet,8-agent mixed,myth_game,trustee,own_label,be fair,7.5,0.46491973980703394,0.0682839412833256,125,30
Sonnet,8-agent mixed,myth_game,trustee,own_label,be fair,9.5,0.4822384989536636,0.07550232453909508,138,30
Sonnet,8-agent mixed,myth_game,trustee,own_label,be generous,1.5,0.44267274272893237,0.0817639350707667,67,25
Sonnet,8-agent mixed,myth_game,trustee,own_label,be generous,3.5,0.47885618866729973,0.06657399894408807,45,25
Sonnet,8-agent mixed,myth_game,trustee,own_label,be generous,5.5,0.49024382002013583,0.047279473637851906,38,20
Sonnet,8-agent mixed,myth_game,trustee,own_label,be generous,7.5,0.4770505548373195,0.08836738445857628,36,20
Sonnet,8-agent mixed,myth_game,trustee,own_label,be generous,9.5,0.47434984126984125,0.07136216184294825,25,21
Sonnet,8-agent mixed,myth_game,trustee,shown_label,be cautious,1.5,0.4814814814814814,,1,1
Sonnet,8-agent mixed,myth_game,trustee,shown_label,be cautious,3.5,0.45628408628408634,0.050835460562288895,13,10
Sonnet,8-agent mixed,myth_game,trustee,shown_label,be cautious,5.5,0.4767431149097815,0.06626564231854357,15,12
Sonnet,8-agent mixed,myth_game,trustee,shown_label,be cautious,7.5,0.49395959595959593,0.08136258236562519,11,8
Sonnet,8-agent mixed,myth_game,trustee,shown_label,be cautious,9.5,0.506875,0.03905061327079763,8,6
Sonnet,8-agent mixed,myth_game,trustee,shown_label,be fair,1.5,0.4480731259582022,0.09554112649322453,54,29
Sonnet,8-agent mixed,myth_game,trustee,shown_label,be fair,3.5,0.4682683757889708,0.08340108598511585,115,30
Sonnet,8-agent mixed,myth_game,trustee,shown_label,be fair,5.5,0.48516133306287257,0.06537163713034844,128,30
Sonnet,8-agent mixed,myth_game,trustee,shown_label,be fair,7.5,0.46590663065838656,0.07060622303678964,134,30
Sonnet,8-agent mixed,myth_game,trustee,shown_label,be fair,9.5,0.4838674214803188,0.07691517962660738,139,30
Sonnet,8-agent mixed,myth_game,trustee,shown_label,be generous,1.5,0.4739531368102797,0.05622905460402699,21,16
Sonnet,8-agent mixed,myth_game,trustee,shown_label,be generous,3.5,0.4469136904761905,0.07155578227015132,40,22
Sonnet,8-agent mixed,myth_game,trustee,shown_label,be generous,5.5,0.47518001477260724,0.07323364004695757,27,17
Sonnet,8-agent mixed,myth_game,trustee,shown_label,be generous,7.5,0.4818015873015873,0.08455823639308624,25,16
Sonnet,8-agent mixed,myth_game,trustee,shown_label,be generous,9.5,0.45976606198034764,0.06706015172572678,21,13
