myth_topic,myth_topic_label,n_simulations,mean_trust_ratio,std_trust_ratio,mean_return_ratio,std_return_ratio,mean_final_balance,std_final_balance
anything,Anything,16,0.2775,0.30995407365894995,0.11902777777777776,0.17550001441110774,58.3125,23.246555524421247
hospitality_and_guest_right,Hospitality And Guest Right,16,0.0875,0.09042722672587794,0.009421296296296296,0.031215644695655926,44.0625,6.782042004440846
prosocial_religion_cultural_evolution,Prosocial Religion Cultural Evolution,16,0.085,0.06714412359494562,0.015925925925925927,0.028724604099246275,43.875,5.035809269620922
reputation_gossip_and_honor,Reputation Gossip And Honor,16,0.16416666666666668,0.1670474816066112,0.057222222222222216,0.07942372172101014,49.8125,12.52856112049584
sacred_oaths_and_covenants,Sacred Oaths And Covenants,16,0.18583333333333335,0.1473822505520179,0.05157407407407407,0.06960001093845994,51.4375,11.053668791401341
trickster_betrayal_and_price,Trickster Betrayal And Price,16,0.11833333333333333,0.0768656837173347,0.02497685185185185,0.034508097484642675,46.375,5.764926278800103
