dataset,group,rows_covered,span_rows,column,header,status,cell_text,headline_measure,rule,effect,ci_low,ci_high,n_runs,headline_finding,headline_key,source,source_keys,n_runs_max_over_sources,flags
september,POOL,all settings (pooled row),1,1,Own first story = plan,yes,"44/62 sent the named $ / $0.67/$ [0.54, 0.79] · 37 runs / Sonnet 32/40 · $0.85 (yes) / GPT 12/22 · $0.48 (yes) / Gemini 50/50 (ceiling)","named-amount senders, 2+8-agent pooled over Sonnet+GPT (plan r4.csv)",lens pooled stratum (all settings),0.6657,0.5421,0.7893,37.0,"R4 own round-1 myth → round-1 send, named amount only ($/$)","september|2+8-agent|all myth→game round-1 senders|Sonnet+GPT|R4 own round-1 myth → round-1 send, named amount only ($/$)",plan/scorecard_rows.csv#222; plan/scorecard_rows.csv#221; plan/scorecard_rows.csv#219; plan/scorecard_rows.csv#220,"plan: september|2+8-agent|all myth→game round-1 senders|Sonnet+GPT|R4 own round-1 myth → round-1 send, named amount only ($/$) || plan: september|2+8-agent|all myth→game round-1 senders|Sonnet|R4 own round-1 myth → round-1 send, named amount only ($/$) || plan: september|2+8-agent|all myth→game round-1 senders|GPT|R4 own round-1 myth → round-1 send, named amount only ($/$) || plan: september|2+8-agent|all myth→game round-1 senders|Gemini|R4 own round-1 myth → round-1 send, named amount only ($/$)",37.0,
september,POOL,all settings (pooled row),1,2,Read story → next send,no detectable effect,"-0.00 [-0.10, 0.10] / 45 runs · placebo +0.06 / Sonnet +0.00 (null) / GPT -0.04 (null) / Gemini: ceiling","reader's next send, 8-agent homog+mixed",lens pooled stratum (8-agent myth→game),-0.0002,-0.0985,0.098,45.0,H2 shown myth stated amount → reader's next send ($/$),september|8-agent|8-agent myth→game (homog + mixed)|all|H2 shown myth stated amount → reader's next send ($/$),plan/scorecard_rows.csv#84; plan/scorecard_rows.csv#108; search/scorecard_rows.csv#153,"plan: september|8-agent|8-agent myth→game (homog + mixed)|all|H2 shown myth stated amount → reader's next send ($/$) || plan: september|8-agent|8-agent myth→game (homog + mixed)|all|H2 shown myth stated amount → reader's next send ($/$) [unseen placebo] || search: september|all; 8-agent myth_game rounds>=2 (R3)|september 8-agent myth_game runs|pooled|shown myth rule_send_amount (per SD, minus unseen placebo) -> round-r send",45.0,
september,POOL,all settings (pooled row),1,3,Read story → next story amount,yes,"+0.07 [0.03, 0.12] / 45 runs · placebo -0.03 / Sonnet +0.09 (yes) / GPT +0.09 (yes) / Gemini: ceiling","reader's next myth amount, 8-agent homog+mixed",lens pooled stratum (8-agent myth→game),0.0739,0.029,0.1187,45.0,H2 shown myth stated amount → reader's next myth amount ($/$),september|8-agent|8-agent myth→game (homog + mixed)|all|H2 shown myth stated amount → reader's next myth amount ($/$),plan/scorecard_rows.csv#30; plan/scorecard_rows.csv#54,plan: september|8-agent|8-agent myth→game (homog + mixed)|all|H2 shown myth stated amount → reader's next myth amount ($/$) || plan: september|8-agent|8-agent myth→game (homog + mixed)|all|H2 shown myth stated amount → reader's next myth amount ($/$) [unseen placebo],45.0,
september,POOL,all settings (pooled row),1,4,Words copied from read story,,"not pooled across
settings by the lens",,no all-settings row,,,,,,,,,,
september,POOL,all settings (pooled row),1,5,Moral spreads within family,,"not pooled across
settings by the lens",,no all-settings row,,,,,,,,,,
september,POOL,all settings (pooled row),1,6,Moral spreads across families,,"not pooled across
settings by the lens",,no all-settings row,,,,,,,,,,
september,POOL,all settings (pooled row),1,7,Matching norms → cooperation,yes,2-ag: 1/15 Holm / rule match → gap +0.019 / 8-ag: 0/15 Holm · 2 raw p,15 H1 primary tests per setting,"summary: yes if any lens row yes, else most common",,,,,,,alignment/scorecard_rows.csv#0; alignment/scorecard_rows.csv#1; alignment/scorecard_rows.csv#2; alignment/scorecard_rows.csv#3; alignment/scorecard_rows.csv#4; alignment/scorecard_rows.csv#5; alignment/scorecard_rows.csv#6; alignment/scorecard_rows.csv#7; alignment/scorecard_rows.csv#8; alignment/scorecard_rows.csv#9; alignment/scorecard_rows.csv#10; alignment/scorecard_rows.csv#11; alignment/scorecard_rows.csv#12; alignment/scorecard_rows.csv#13; alignment/scorecard_rows.csv#14; alignment/scorecard_rows.csv#15; alignment/scorecard_rows.csv#16; alignment/scorecard_rows.csv#17; alignment/scorecard_rows.csv#18; alignment/scorecard_rows.csv#19; alignment/scorecard_rows.csv#20; alignment/scorecard_rows.csv#21; alignment/scorecard_rows.csv#22; alignment/scorecard_rows.csv#23; alignment/scorecard_rows.csv#24; alignment/scorecard_rows.csv#25; alignment/scorecard_rows.csv#26; alignment/scorecard_rows.csv#27; alignment/scorecard_rows.csv#28; alignment/scorecard_rows.csv#29,"alignment: september|2-agent (all, pooled)|all 2-agent runs (pooled)|pooled|H1 primary: same_label alignment -> send fraction (partners' latest myths before the game) || alignment: september|2-agent (all, pooled)|all 2-agent runs (pooled)|pooled|H1 primary: moral_cos alignment -> send fraction (partners' latest myths before the game) || alignment: september|2-agent (all, pooled)|all 2-agent runs (pooled)|pooled|H1 primary: rule_index alignment -> send fraction (partners' latest myths before the game) || alignment: september|2-agent (all, pooled)|all 2-agent runs (pooled)|pooled|H1 primary: give_align alignment -> send fraction (partners' latest myths before the game) || alignment: september|2-agent (all, pooled)|all 2-agent runs (pooled)|pooled|H1 primary: myth_cos alignment -> send fraction (partners' latest myths before the game) || alignment: september|2-agent (all, pooled)|all 2-agent runs (pooled)|pooled|H1 primary: same_label alignment -> return proportion (partners' latest myths before the game) || alignment: september|2-agent (all, pooled)|all 2-agent runs (pooled)|pooled|H1 primary: moral_cos alignment -> return proportion (partners' latest myths before the game) || alignment: september|2-agent (all, pooled)|all 2-agent runs (pooled)|pooled|H1 primary: rule_index alignment -> return proportion (partners' latest myths before the game) || alignment: september|2-agent (all, pooled)|all 2-agent runs (pooled)|pooled|H1 primary: give_align alignment -> return proportion (partners' latest myths before the game) || alignment: september|2-agent (all, pooled)|all 2-agent runs (pooled)|pooled|H1 primary: myth_cos alignment -> return proportion (partners' latest myths before the game) || alignment: september|2-agent (all, pooled)|all 2-agent runs (pooled)|pooled|H1 primary: same_label alignment -> giving gap (partners' latest myths before the game) || alignment: september|2-agent (all, pooled)|all 2-agent runs (pooled)|pooled|H1 primary: moral_cos alignment -> giving gap (partners' latest myths before the game) || alignment: september|2-agent (all, pooled)|all 2-agent runs (pooled)|pooled|H1 primary: rule_index alignment -> giving gap (partners' latest myths before the game) || alignment: september|2-agent (all, pooled)|all 2-agent runs (pooled)|pooled|H1 primary: give_align alignment -> giving gap (partners' latest myths before the game) || alignment: september|2-agent (all, pooled)|all 2-agent runs (pooled)|pooled|H1 primary: myth_cos alignment -> giving gap (partners' latest myths before the game) || alignment: september|8-agent (all, pooled)|all 8-agent runs (pooled)|pooled|H1 primary: same_label alignment -> send fraction (partners' latest myths before the game) || alignment: september|8-agent (all, pooled)|all 8-agent runs (pooled)|pooled|H1 primary: moral_cos alignment -> send fraction (partners' latest myths before the game) || alignment: september|8-agent (all, pooled)|all 8-agent runs (pooled)|pooled|H1 primary: rule_index alignment -> send fraction (partners' latest myths before the game) || alignment: september|8-agent (all, pooled)|all 8-agent runs (pooled)|pooled|H1 primary: give_align alignment -> send fraction (partners' latest myths before the game) || alignment: september|8-agent (all, pooled)|all 8-agent runs (pooled)|pooled|H1 primary: myth_cos alignment -> send fraction (partners' latest myths before the game) || alignment: september|8-agent (all, pooled)|all 8-agent runs (pooled)|pooled|H1 primary: same_label alignment -> return proportion (partners' latest myths before the game) || alignment: september|8-agent (all, pooled)|all 8-agent runs (pooled)|pooled|H1 primary: moral_cos alignment -> return proportion (partners' latest myths before the game) || alignment: september|8-agent (all, pooled)|all 8-agent runs (pooled)|pooled|H1 primary: rule_index alignment -> return proportion (partners' latest myths before the game) || alignment: september|8-agent (all, pooled)|all 8-agent runs (pooled)|pooled|H1 primary: give_align alignment -> return proportion (partners' latest myths before the game) || alignment: september|8-agent (all, pooled)|all 8-agent runs (pooled)|pooled|H1 primary: myth_cos alignment -> return proportion (partners' latest myths before the game) || alignment: september|8-agent (all, pooled)|all 8-agent runs (pooled)|pooled|H1 primary: same_label alignment -> giving gap (partners' latest myths before the game) || alignment: september|8-agent (all, pooled)|all 8-agent runs (pooled)|pooled|H1 primary: moral_cos alignment -> giving gap (partners' latest myths before the game) || alignment: september|8-agent (all, pooled)|all 8-agent runs (pooled)|pooled|H1 primary: rule_index alignment -> giving gap (partners' latest myths before the game) || alignment: september|8-agent (all, pooled)|all 8-agent runs (pooled)|pooled|H1 primary: give_align alignment -> giving gap (partners' latest myths before the game) || alignment: september|8-agent (all, pooled)|all 8-agent runs (pooled)|pooled|H1 primary: myth_cos alignment -> giving gap (partners' latest myths before the game)",90.0,
september,POOL,all settings (pooled row),1,8,Drift toward consistency,yes,"Sonnet judge +.54, kw +.66 / GPT judge +.56, kw +.34 / Gemini judge +.24, kw +.18",GLM judge flag per family (keyword in text),"summary over families: yes if any yes, else most common",,,,,,,consistency/scorecard_rows.csv#29; consistency/scorecard_rows.csv#14; consistency/scorecard_rows.csv#27; consistency/scorecard_rows.csv#12; consistency/scorecard_rows.csv#28; consistency/scorecard_rows.csv#13,consistency: september|all settings|all Sonnet runs|Sonnet|drift: GLM judge flag round 1 -> rounds 8-10 (task orders pooled) || consistency: september|all settings|all Sonnet runs|Sonnet|drift: keyword round 1 -> rounds 8-10 (task orders pooled) || consistency: september|all settings|all GPT runs|GPT|drift: GLM judge flag round 1 -> rounds 8-10 (task orders pooled) || consistency: september|all settings|all GPT runs|GPT|drift: keyword round 1 -> rounds 8-10 (task orders pooled) || consistency: september|all settings|all Gemini runs|Gemini|drift: GLM judge flag round 1 -> rounds 8-10 (task orders pooled) || consistency: september|all settings|all Gemini runs|Gemini|drift: keyword round 1 -> rounds 8-10 (task orders pooled),104.0,
september,POOL,all settings (pooled row),1,9,Consistency → cooperation,no detectable effect,"send -.006 ±.034 / return -.005 ±.009 / 156 runs, all families","GLM judge flag, all families",summary over send + return,,,,,,,consistency/scorecard_rows.csv#106; consistency/scorecard_rows.csv#155,"consistency: september|all settings|all runs|all|R2 own consistency -> send level (agent FE, lagged coop): GLM judge flag || consistency: september|all settings|all runs|all|R2 own consistency -> return proportion (agent FE, lagged coop): GLM judge flag",156.0,
september,POOL,all settings (pooled row),1,10,Stories add beyond past moves,no detectable effect,"send -0.000 (≤ 0.000) null / return +0.000 (≤ 0.000) low-n / Δ send -0.000 (≤ 0.000) null / 111 runs, CV by run","raw ridge, pooled families","summary over 3 outcomes: yes if any yes, else most common (ties -> less evidence)",,,,,,,search/scorecard_rows.csv#27; search/scorecard_rows.csv#18; search/scorecard_rows.csv#6,"search: september|all settings pooled, discovery split|all september runs|pooled|all myth features add held-out R2 for round-r send (raw, ridge) || search: september|all settings pooled, discovery split|all september runs|pooled|all myth features add held-out R2 for return share (raw, ridge) || search: september|all settings pooled, discovery split|all september runs|pooled|all myth features add held-out R2 for change in send (raw, ridge)",111.0,
september,POOL,all settings (pooled row),1,11,Morals follow play,yes,"+0.16 [0.11, 0.21] / all runs, run FE","September pooled spec (run FE), send/5",lens pooled stratum (all settings),0.1614279500934827,0.1097634969423748,0.2130924032445906,,reverse (September pooled spec): send/5 → next myth 'be generous' [both orders],september|all settings|all runs|all|reverse (September pooled spec): send/5 → next myth 'be generous' [both orders],spread/scorecard_rows.csv#857,spread: september|all settings|all runs|all|reverse (September pooled spec): send/5 → next myth 'be generous' [both orders],,
september,S2H,Sonnet dyads | GPT dyads | Gemini dyads,3,1,Own first story = plan,underpowered,3/4 sent the named $ / too few for $ per $ / 4 runs · Sonnet+GPT / Sonnet 3/4 (low-n) / GPT 0 named (low-n) / Gemini 5/5 (ceiling),"named-amount senders, pooled over Sonnet+GPT (plan r4.csv)",lens pooled stratum (setting); families listed,,,,4.0,"R4 own round-1 myth → round-1 send, named amount only ($/$)","september|2-agent|2-agent homogeneous|Sonnet+GPT|R4 own round-1 myth → round-1 send, named amount only ($/$)",plan/scorecard_rows.csv#226,"plan: september|2-agent|2-agent homogeneous|Sonnet+GPT|R4 own round-1 myth → round-1 send, named amount only ($/$)",4.0,
september,S2H,Sonnet dyads | GPT dyads | Gemini dyads,3,2,Read story → next send,not testable by design,dyads: shown myth is / always the partner's,reader's next send,lens rows (per family) all 'not testable by design',,,,,,,plan/scorecard_rows.csv#70; plan/scorecard_rows.csv#71; plan/scorecard_rows.csv#72,plan: september|2-agent|all dyads|GPT|H2 shown myth stated amount → reader's next send ($/$) || plan: september|2-agent|all dyads|Gemini|H2 shown myth stated amount → reader's next send ($/$) || plan: september|2-agent|all dyads|Sonnet|H2 shown myth stated amount → reader's next send ($/$),,
september,S2H,Sonnet dyads | GPT dyads | Gemini dyads,3,3,Read story → next story amount,not testable by design,dyads: shown myth is / always the partner's,reader's next myth amount,lens rows (per family) all 'not testable by design',,,,,,,plan/scorecard_rows.csv#16; plan/scorecard_rows.csv#17; plan/scorecard_rows.csv#18,plan: september|2-agent|all dyads|GPT|H2 shown myth stated amount → reader's next myth amount ($/$) || plan: september|2-agent|all dyads|Gemini|H2 shown myth stated amount → reader's next myth amount ($/$) || plan: september|2-agent|all dyads|Sonnet|H2 shown myth stated amount → reader's next myth amount ($/$),,
september,S2H,Sonnet dyads | GPT dyads | Gemini dyads,3,4,Words copied from read story,yes,"+9.6 [7.6, 11.5] pts † / 30 runs · same family / per family, m→g / g→m: / Sonnet +7.7 / +8.8 / GPT +17.2 / +13.5 / Gemini +6.4 / +3.7","word adoption, same family, both orders",lens pooled stratum (setting),9.55308559819234,7.634617302955421,11.518035696973785,30.0,"word adoption shown − unseen, same family [both orders]","september|2-agent homogeneous|all 2-agent homogeneous runs|all|word adoption shown − unseen, same family [both orders]",spread/scorecard_rows.csv#60; spread/scorecard_rows.csv#5; spread/scorecard_rows.csv#4; spread/scorecard_rows.csv#1; spread/scorecard_rows.csv#0; spread/scorecard_rows.csv#3; spread/scorecard_rows.csv#2,"spread: september|2-agent homogeneous|all 2-agent homogeneous runs|all|word adoption shown − unseen, same family [both orders] || spread: september|2-agent homogeneous|Sonnet dyads|Sonnet|word adoption shown − unseen, Sonnet shown Sonnet [myth→game] || spread: september|2-agent homogeneous|Sonnet dyads|Sonnet|word adoption shown − unseen, Sonnet shown Sonnet [game→myth] || spread: september|2-agent homogeneous|GPT dyads|GPT|word adoption shown − unseen, GPT shown GPT [myth→game] || spread: september|2-agent homogeneous|GPT dyads|GPT|word adoption shown − unseen, GPT shown GPT [game→myth] || spread: september|2-agent homogeneous|Gemini dyads|Gemini|word adoption shown − unseen, Gemini shown Gemini [myth→game] || spread: september|2-agent homogeneous|Gemini dyads|Gemini|word adoption shown − unseen, Gemini shown Gemini [game→myth]",30.0,"dyads: shared game history, unseen comparison from another run (not transmission evidence)"
september,S2H,Sonnet dyads | GPT dyads | Gemini dyads,3,5,Moral spreads within family,yes,"+9.4 [4.1, 14.7] pts † / 15 runs · no placebo (dyads) / Sonnet +10.8 (low-n) / GPT +2.5 (low-n) / Gemini +15.0 (sugg.)","moral label uptake, same family, myth→game, shown − unseen",lens pooled stratum (setting),9.44444444444444,4.07407407407407,14.72222222222222,15.0,"moral label uptake shown − unseen, same family [myth→game]","september|2-agent homogeneous|all 2-agent homogeneous runs|all|moral label uptake shown − unseen, same family [myth→game]",spread/scorecard_rows.csv#231; spread/scorecard_rows.csv#80; spread/scorecard_rows.csv#76; spread/scorecard_rows.csv#78,"spread: september|2-agent homogeneous|all 2-agent homogeneous runs|all|moral label uptake shown − unseen, same family [myth→game] || spread: september|2-agent homogeneous|Sonnet dyads|Sonnet|moral label uptake shown − unseen, Sonnet shown Sonnet [myth→game] || spread: september|2-agent homogeneous|GPT dyads|GPT|moral label uptake shown − unseen, GPT shown GPT [myth→game] || spread: september|2-agent homogeneous|Gemini dyads|Gemini|moral label uptake shown − unseen, Gemini shown Gemini [myth→game]",15.0,"dyads: shared game history, no future-myth placebo"
september,S2H,Sonnet dyads | GPT dyads | Gemini dyads,3,6,Moral spreads across families,not testable by design,one family only,,homogeneous rows have no other family,,,,,,,,,,status assigned from the design; no lens row
september,S2H,Sonnet dyads,1,7,Matching norms → cooperation,no detectable effect,0/15 Holm / 10 null · 5 low-n,15 H1 primary tests,"summary: yes if any lens row yes, else most common status (ties -> less evidence)",,,,,,,alignment/scorecard_rows.csv#60; alignment/scorecard_rows.csv#61; alignment/scorecard_rows.csv#62; alignment/scorecard_rows.csv#63; alignment/scorecard_rows.csv#64; alignment/scorecard_rows.csv#65; alignment/scorecard_rows.csv#66; alignment/scorecard_rows.csv#67; alignment/scorecard_rows.csv#68; alignment/scorecard_rows.csv#69; alignment/scorecard_rows.csv#70; alignment/scorecard_rows.csv#71; alignment/scorecard_rows.csv#72; alignment/scorecard_rows.csv#73; alignment/scorecard_rows.csv#74,alignment: september|2-agent homogeneous|Sonnet dyads|Sonnet|H1 primary: same_label alignment -> send fraction (partners' latest myths before the game) || alignment: september|2-agent homogeneous|Sonnet dyads|Sonnet|H1 primary: moral_cos alignment -> send fraction (partners' latest myths before the game) || alignment: september|2-agent homogeneous|Sonnet dyads|Sonnet|H1 primary: rule_index alignment -> send fraction (partners' latest myths before the game) || alignment: september|2-agent homogeneous|Sonnet dyads|Sonnet|H1 primary: give_align alignment -> send fraction (partners' latest myths before the game) || alignment: september|2-agent homogeneous|Sonnet dyads|Sonnet|H1 primary: myth_cos alignment -> send fraction (partners' latest myths before the game) || alignment: september|2-agent homogeneous|Sonnet dyads|Sonnet|H1 primary: same_label alignment -> return proportion (partners' latest myths before the game) || alignment: september|2-agent homogeneous|Sonnet dyads|Sonnet|H1 primary: moral_cos alignment -> return proportion (partners' latest myths before the game) || alignment: september|2-agent homogeneous|Sonnet dyads|Sonnet|H1 primary: rule_index alignment -> return proportion (partners' latest myths before the game) || alignment: september|2-agent homogeneous|Sonnet dyads|Sonnet|H1 primary: give_align alignment -> return proportion (partners' latest myths before the game) || alignment: september|2-agent homogeneous|Sonnet dyads|Sonnet|H1 primary: myth_cos alignment -> return proportion (partners' latest myths before the game) || alignment: september|2-agent homogeneous|Sonnet dyads|Sonnet|H1 primary: same_label alignment -> giving gap (partners' latest myths before the game) || alignment: september|2-agent homogeneous|Sonnet dyads|Sonnet|H1 primary: moral_cos alignment -> giving gap (partners' latest myths before the game) || alignment: september|2-agent homogeneous|Sonnet dyads|Sonnet|H1 primary: rule_index alignment -> giving gap (partners' latest myths before the game) || alignment: september|2-agent homogeneous|Sonnet dyads|Sonnet|H1 primary: give_align alignment -> giving gap (partners' latest myths before the game) || alignment: september|2-agent homogeneous|Sonnet dyads|Sonnet|H1 primary: myth_cos alignment -> giving gap (partners' latest myths before the game),10.0,
september,S2H,Sonnet dyads,1,8,Drift toward consistency,suggestive,judge +0.48 (.50→.98) / kw +0.67 (yes) · 10 runs,GLM judge flag (keyword in text),lens status of the judge-flag row ('yes' needs both judges),0.4833,0.2333,0.75,10.0,drift: GLM judge flag round 1 -> rounds 8-10 (task orders pooled),september|2-agent homogeneous|Sonnet dyads|Sonnet|drift: GLM judge flag round 1 -> rounds 8-10 (task orders pooled),consistency/scorecard_rows.csv#17; consistency/scorecard_rows.csv#2,consistency: september|2-agent homogeneous|Sonnet dyads|Sonnet|drift: GLM judge flag round 1 -> rounds 8-10 (task orders pooled) || consistency: september|2-agent homogeneous|Sonnet dyads|Sonnet|drift: keyword round 1 -> rounds 8-10 (task orders pooled),10.0,
september,S2H,Sonnet dyads,1,9,Consistency → cooperation,no detectable effect,send +.008 ±.020 / ret -.011 ±.046 · 10 runs,GLM judge flag → send level and return share (agent FE),"summary over send + return (and families): yes if any yes, else most common (ties -> less evidence)",,,,,,,consistency/scorecard_rows.csv#108; consistency/scorecard_rows.csv#158,"consistency: september|2-agent homogeneous|Sonnet dyads|Sonnet|R2 own consistency -> send level (agent FE, lagged coop): GLM judge flag || consistency: september|2-agent homogeneous|Sonnet dyads|Sonnet|R2 own consistency -> return proportion (agent FE, lagged coop): GLM judge flag",10.0,
september,S2H,Sonnet dyads | GPT dyads | Gemini dyads,3,10,Stories add beyond past moves,,pooled only ↑,,search lens computed held-out gain only over all settings,,,,,,,,,,
september,S2H,Sonnet dyads | GPT dyads | Gemini dyads,3,11,Morals follow play,no detectable effect,"+0.14 [-0.11, 0.38] / agent-level 0/3 Holm, 0 raw","September pooled spec (run FE), send/5",lens pooled stratum (setting); within-agent family rows counted in text,0.1371855347774147,-0.1077650782551495,0.3821361478099791,,reverse (September pooled spec): send/5 → next myth 'be generous' [both orders],september|2-agent homogeneous|all 2-agent homogeneous runs|all|reverse (September pooled spec): send/5 → next myth 'be generous' [both orders],spread/scorecard_rows.csv#849; spread/scorecard_rows.csv#623; spread/scorecard_rows.csv#683; spread/scorecard_rows.csv#725,spread: september|2-agent homogeneous|all 2-agent homogeneous runs|all|reverse (September pooled spec): send/5 → next myth 'be generous' [both orders] || spread: september|2-agent homogeneous|GPT dyads|GPT|reverse: +0.1 send/5 in a game → P(next myth 'be generous') [both orders] || spread: september|2-agent homogeneous|Gemini dyads|Gemini|reverse: +0.1 send/5 in a game → P(next myth 'be generous') [both orders] || spread: september|2-agent homogeneous|Sonnet dyads|Sonnet|reverse: +0.1 send/5 in a game → P(next myth 'be generous') [both orders],10.0,
september,S2H,GPT dyads,1,7,Matching norms → cooperation,no detectable effect,0/15 Holm / 12 null · 3 low-n,15 H1 primary tests,"summary: yes if any lens row yes, else most common status (ties -> less evidence)",,,,,,,alignment/scorecard_rows.csv#30; alignment/scorecard_rows.csv#31; alignment/scorecard_rows.csv#32; alignment/scorecard_rows.csv#33; alignment/scorecard_rows.csv#34; alignment/scorecard_rows.csv#35; alignment/scorecard_rows.csv#36; alignment/scorecard_rows.csv#37; alignment/scorecard_rows.csv#38; alignment/scorecard_rows.csv#39; alignment/scorecard_rows.csv#40; alignment/scorecard_rows.csv#41; alignment/scorecard_rows.csv#42; alignment/scorecard_rows.csv#43; alignment/scorecard_rows.csv#44,alignment: september|2-agent homogeneous|GPT dyads|GPT|H1 primary: same_label alignment -> send fraction (partners' latest myths before the game) || alignment: september|2-agent homogeneous|GPT dyads|GPT|H1 primary: moral_cos alignment -> send fraction (partners' latest myths before the game) || alignment: september|2-agent homogeneous|GPT dyads|GPT|H1 primary: rule_index alignment -> send fraction (partners' latest myths before the game) || alignment: september|2-agent homogeneous|GPT dyads|GPT|H1 primary: give_align alignment -> send fraction (partners' latest myths before the game) || alignment: september|2-agent homogeneous|GPT dyads|GPT|H1 primary: myth_cos alignment -> send fraction (partners' latest myths before the game) || alignment: september|2-agent homogeneous|GPT dyads|GPT|H1 primary: same_label alignment -> return proportion (partners' latest myths before the game) || alignment: september|2-agent homogeneous|GPT dyads|GPT|H1 primary: moral_cos alignment -> return proportion (partners' latest myths before the game) || alignment: september|2-agent homogeneous|GPT dyads|GPT|H1 primary: rule_index alignment -> return proportion (partners' latest myths before the game) || alignment: september|2-agent homogeneous|GPT dyads|GPT|H1 primary: give_align alignment -> return proportion (partners' latest myths before the game) || alignment: september|2-agent homogeneous|GPT dyads|GPT|H1 primary: myth_cos alignment -> return proportion (partners' latest myths before the game) || alignment: september|2-agent homogeneous|GPT dyads|GPT|H1 primary: same_label alignment -> giving gap (partners' latest myths before the game) || alignment: september|2-agent homogeneous|GPT dyads|GPT|H1 primary: moral_cos alignment -> giving gap (partners' latest myths before the game) || alignment: september|2-agent homogeneous|GPT dyads|GPT|H1 primary: rule_index alignment -> giving gap (partners' latest myths before the game) || alignment: september|2-agent homogeneous|GPT dyads|GPT|H1 primary: give_align alignment -> giving gap (partners' latest myths before the game) || alignment: september|2-agent homogeneous|GPT dyads|GPT|H1 primary: myth_cos alignment -> giving gap (partners' latest myths before the game),10.0,
september,S2H,GPT dyads,1,8,Drift toward consistency,suggestive,judge +0.55 (.30→.85) / kw +0.28 (yes) · 10 runs,GLM judge flag (keyword in text),lens status of the judge-flag row ('yes' needs both judges),0.5467,0.33,0.7633,10.0,drift: GLM judge flag round 1 -> rounds 8-10 (task orders pooled),september|2-agent homogeneous|GPT dyads|GPT|drift: GLM judge flag round 1 -> rounds 8-10 (task orders pooled),consistency/scorecard_rows.csv#15; consistency/scorecard_rows.csv#0,consistency: september|2-agent homogeneous|GPT dyads|GPT|drift: GLM judge flag round 1 -> rounds 8-10 (task orders pooled) || consistency: september|2-agent homogeneous|GPT dyads|GPT|drift: keyword round 1 -> rounds 8-10 (task orders pooled),10.0,
september,S2H,GPT dyads,1,9,Consistency → cooperation,no detectable effect,send +.135 ±.106 / ret -.014 ±.045 · 10 runs,GLM judge flag → send level and return share (agent FE),"summary over send + return (and families): yes if any yes, else most common (ties -> less evidence)",,,,,,,consistency/scorecard_rows.csv#107; consistency/scorecard_rows.csv#156,"consistency: september|2-agent homogeneous|GPT dyads|GPT|R2 own consistency -> send level (agent FE, lagged coop): GLM judge flag || consistency: september|2-agent homogeneous|GPT dyads|GPT|R2 own consistency -> return proportion (agent FE, lagged coop): GLM judge flag",10.0,
september,S2H,Gemini dyads,1,7,Matching norms → cooperation,not estimable: ceiling,0/15 Holm / 3 null · 1 low-n · 11 ceiling,15 H1 primary tests,"summary: yes if any lens row yes, else most common status (ties -> less evidence)",,,,,,,alignment/scorecard_rows.csv#45; alignment/scorecard_rows.csv#46; alignment/scorecard_rows.csv#47; alignment/scorecard_rows.csv#48; alignment/scorecard_rows.csv#49; alignment/scorecard_rows.csv#50; alignment/scorecard_rows.csv#51; alignment/scorecard_rows.csv#52; alignment/scorecard_rows.csv#53; alignment/scorecard_rows.csv#54; alignment/scorecard_rows.csv#55; alignment/scorecard_rows.csv#56; alignment/scorecard_rows.csv#57; alignment/scorecard_rows.csv#58; alignment/scorecard_rows.csv#59,alignment: september|2-agent homogeneous|Gemini dyads|Gemini|H1 primary: same_label alignment -> send fraction (partners' latest myths before the game) || alignment: september|2-agent homogeneous|Gemini dyads|Gemini|H1 primary: moral_cos alignment -> send fraction (partners' latest myths before the game) || alignment: september|2-agent homogeneous|Gemini dyads|Gemini|H1 primary: rule_index alignment -> send fraction (partners' latest myths before the game) || alignment: september|2-agent homogeneous|Gemini dyads|Gemini|H1 primary: give_align alignment -> send fraction (partners' latest myths before the game) || alignment: september|2-agent homogeneous|Gemini dyads|Gemini|H1 primary: myth_cos alignment -> send fraction (partners' latest myths before the game) || alignment: september|2-agent homogeneous|Gemini dyads|Gemini|H1 primary: same_label alignment -> return proportion (partners' latest myths before the game) || alignment: september|2-agent homogeneous|Gemini dyads|Gemini|H1 primary: moral_cos alignment -> return proportion (partners' latest myths before the game) || alignment: september|2-agent homogeneous|Gemini dyads|Gemini|H1 primary: rule_index alignment -> return proportion (partners' latest myths before the game) || alignment: september|2-agent homogeneous|Gemini dyads|Gemini|H1 primary: give_align alignment -> return proportion (partners' latest myths before the game) || alignment: september|2-agent homogeneous|Gemini dyads|Gemini|H1 primary: myth_cos alignment -> return proportion (partners' latest myths before the game) || alignment: september|2-agent homogeneous|Gemini dyads|Gemini|H1 primary: same_label alignment -> giving gap (partners' latest myths before the game) || alignment: september|2-agent homogeneous|Gemini dyads|Gemini|H1 primary: moral_cos alignment -> giving gap (partners' latest myths before the game) || alignment: september|2-agent homogeneous|Gemini dyads|Gemini|H1 primary: rule_index alignment -> giving gap (partners' latest myths before the game) || alignment: september|2-agent homogeneous|Gemini dyads|Gemini|H1 primary: give_align alignment -> giving gap (partners' latest myths before the game) || alignment: september|2-agent homogeneous|Gemini dyads|Gemini|H1 primary: myth_cos alignment -> giving gap (partners' latest myths before the game),10.0,
september,S2H,Gemini dyads,1,8,Drift toward consistency,no detectable effect,judge +0.25 (.75→1.00) / kw +0.22 (null) · 10 runs,GLM judge flag (keyword in text),lens status of the judge-flag row ('yes' needs both judges),0.25,0.05,0.45,10.0,drift: GLM judge flag round 1 -> rounds 8-10 (task orders pooled),september|2-agent homogeneous|Gemini dyads|Gemini|drift: GLM judge flag round 1 -> rounds 8-10 (task orders pooled),consistency/scorecard_rows.csv#16; consistency/scorecard_rows.csv#1,consistency: september|2-agent homogeneous|Gemini dyads|Gemini|drift: GLM judge flag round 1 -> rounds 8-10 (task orders pooled) || consistency: september|2-agent homogeneous|Gemini dyads|Gemini|drift: keyword round 1 -> rounds 8-10 (task orders pooled),10.0,
september,S2H,Gemini dyads,1,9,Consistency → cooperation,no detectable effect,send ceiling / ret -.014 ±.019 · 10 runs,GLM judge flag → send level and return share (agent FE),"summary over send + return (and families): yes if any yes, else most common (ties -> less evidence)",,,,,,,consistency/scorecard_rows.csv#116; consistency/scorecard_rows.csv#157,"consistency: september|2-agent homogeneous|Gemini dyads|Gemini|R2 own consistency -> send level (agent FE, lagged coop): GLM judge flag || consistency: september|2-agent homogeneous|Gemini dyads|Gemini|R2 own consistency -> return proportion (agent FE, lagged coop): GLM judge flag",10.0,
september,S2M,Sonnet+GPT dyads | Sonnet+Gemini dyads | Gemini+GPT dyads,3,1,Own first story = plan,underpowered,2/4 sent the named $ / too few for $ per $ / 4 runs · Sonnet+GPT / Sonnet 1/2 (low-n) / GPT 1/2 (low-n) / Gemini 6/6 (ceiling),"named-amount senders, pooled over Sonnet+GPT (plan r4.csv)",lens pooled stratum (setting); families listed,,,,4.0,"R4 own round-1 myth → round-1 send, named amount only ($/$)","september|2-agent|2-agent mixed|Sonnet+GPT|R4 own round-1 myth → round-1 send, named amount only ($/$)",plan/scorecard_rows.csv#230,"plan: september|2-agent|2-agent mixed|Sonnet+GPT|R4 own round-1 myth → round-1 send, named amount only ($/$)",4.0,
september,S2M,Sonnet+GPT dyads | Sonnet+Gemini dyads | Gemini+GPT dyads,3,2,Read story → next send,not testable by design,dyads: shown myth is / always the partner's,reader's next send,lens rows (per family) all 'not testable by design',,,,,,,plan/scorecard_rows.csv#70; plan/scorecard_rows.csv#71; plan/scorecard_rows.csv#72,plan: september|2-agent|all dyads|GPT|H2 shown myth stated amount → reader's next send ($/$) || plan: september|2-agent|all dyads|Gemini|H2 shown myth stated amount → reader's next send ($/$) || plan: september|2-agent|all dyads|Sonnet|H2 shown myth stated amount → reader's next send ($/$),,
september,S2M,Sonnet+GPT dyads | Sonnet+Gemini dyads | Gemini+GPT dyads,3,3,Read story → next story amount,not testable by design,dyads: shown myth is / always the partner's,reader's next myth amount,lens rows (per family) all 'not testable by design',,,,,,,plan/scorecard_rows.csv#16; plan/scorecard_rows.csv#17; plan/scorecard_rows.csv#18,plan: september|2-agent|all dyads|GPT|H2 shown myth stated amount → reader's next myth amount ($/$) || plan: september|2-agent|all dyads|Gemini|H2 shown myth stated amount → reader's next myth amount ($/$) || plan: september|2-agent|all dyads|Sonnet|H2 shown myth stated amount → reader's next myth amount ($/$),,
september,S2M,Sonnet+GPT dyads | Sonnet+Gemini dyads | Gemini+GPT dyads,3,4,Words copied from read story,yes,"+2.1 [1.8, 2.5] pts † / 36 runs · cross-family / myth→game +2.1 (yes) / game→myth +2.2 (yes)","word adoption, other family, both orders",lens pooled stratum (setting),2.11878962464307,1.7567790595146393,2.4868157204041776,36.0,"word adoption shown − unseen, other family [both orders]","september|2-agent mixed|all 2-agent mixed runs|all|word adoption shown − unseen, other family [both orders]",spread/scorecard_rows.csv#63; spread/scorecard_rows.csv#65; spread/scorecard_rows.csv#64,"spread: september|2-agent mixed|all 2-agent mixed runs|all|word adoption shown − unseen, other family [both orders] || spread: september|2-agent mixed|all 2-agent mixed runs|all|word adoption shown − unseen, other family [myth→game] || spread: september|2-agent mixed|all 2-agent mixed runs|all|word adoption shown − unseen, other family [game→myth]",36.0,"dyads: shared game history, unseen comparison from another run (not transmission evidence)"
september,S2M,Sonnet+GPT dyads | Sonnet+Gemini dyads | Gemini+GPT dyads,3,5,Moral spreads within family,not testable by design,"dyad partner is
always the other family",,no same-family reading in mixed dyads,,,,,,,,,,status assigned from the design; no lens row
september,S2M,Sonnet+GPT dyads | Sonnet+Gemini dyads | Gemini+GPT dyads,3,6,Moral spreads across families,yes,"+10.4 [2.8, 17.3] pts † / 18 runs · no placebo (dyads)","moral label uptake, other family, myth→game, shown − unseen",lens pooled stratum (setting),10.37037037037037,2.8395061728395,17.28395061728395,18.0,"moral label uptake shown − unseen, other family [myth→game]","september|2-agent mixed|all 2-agent mixed runs|all|moral label uptake shown − unseen, other family [myth→game]",spread/scorecard_rows.csv#233,"spread: september|2-agent mixed|all 2-agent mixed runs|all|moral label uptake shown − unseen, other family [myth→game]",18.0,"dyads: shared game history, no future-myth placebo"
september,S2M,Sonnet+GPT dyads,1,7,Matching norms → cooperation,no detectable effect,0/15 Holm / 15 null,15 H1 primary tests,"summary: yes if any lens row yes, else most common status (ties -> less evidence)",,,,,,,alignment/scorecard_rows.csv#90; alignment/scorecard_rows.csv#91; alignment/scorecard_rows.csv#92; alignment/scorecard_rows.csv#93; alignment/scorecard_rows.csv#94; alignment/scorecard_rows.csv#95; alignment/scorecard_rows.csv#96; alignment/scorecard_rows.csv#97; alignment/scorecard_rows.csv#98; alignment/scorecard_rows.csv#99; alignment/scorecard_rows.csv#100; alignment/scorecard_rows.csv#101; alignment/scorecard_rows.csv#102; alignment/scorecard_rows.csv#103; alignment/scorecard_rows.csv#104,alignment: september|2-agent mixed|Sonnet+GPT dyads|mixed|H1 primary: same_label alignment -> send fraction (partners' latest myths before the game) || alignment: september|2-agent mixed|Sonnet+GPT dyads|mixed|H1 primary: moral_cos alignment -> send fraction (partners' latest myths before the game) || alignment: september|2-agent mixed|Sonnet+GPT dyads|mixed|H1 primary: rule_index alignment -> send fraction (partners' latest myths before the game) || alignment: september|2-agent mixed|Sonnet+GPT dyads|mixed|H1 primary: give_align alignment -> send fraction (partners' latest myths before the game) || alignment: september|2-agent mixed|Sonnet+GPT dyads|mixed|H1 primary: myth_cos alignment -> send fraction (partners' latest myths before the game) || alignment: september|2-agent mixed|Sonnet+GPT dyads|mixed|H1 primary: same_label alignment -> return proportion (partners' latest myths before the game) || alignment: september|2-agent mixed|Sonnet+GPT dyads|mixed|H1 primary: moral_cos alignment -> return proportion (partners' latest myths before the game) || alignment: september|2-agent mixed|Sonnet+GPT dyads|mixed|H1 primary: rule_index alignment -> return proportion (partners' latest myths before the game) || alignment: september|2-agent mixed|Sonnet+GPT dyads|mixed|H1 primary: give_align alignment -> return proportion (partners' latest myths before the game) || alignment: september|2-agent mixed|Sonnet+GPT dyads|mixed|H1 primary: myth_cos alignment -> return proportion (partners' latest myths before the game) || alignment: september|2-agent mixed|Sonnet+GPT dyads|mixed|H1 primary: same_label alignment -> giving gap (partners' latest myths before the game) || alignment: september|2-agent mixed|Sonnet+GPT dyads|mixed|H1 primary: moral_cos alignment -> giving gap (partners' latest myths before the game) || alignment: september|2-agent mixed|Sonnet+GPT dyads|mixed|H1 primary: rule_index alignment -> giving gap (partners' latest myths before the game) || alignment: september|2-agent mixed|Sonnet+GPT dyads|mixed|H1 primary: give_align alignment -> giving gap (partners' latest myths before the game) || alignment: september|2-agent mixed|Sonnet+GPT dyads|mixed|H1 primary: myth_cos alignment -> giving gap (partners' latest myths before the game),12.0,
september,S2M,Sonnet+GPT dyads | Sonnet+Gemini dyads | Gemini+GPT dyads,3,8,Drift toward consistency,suggestive,"Sonnet: judge +.60 (sugg.) /    kw +.43 (yes), 24 runs / GPT: judge +.67 (sugg.) /    kw +.40 (yes), 24 runs / Gemini: judge +.19 (sugg.) /    kw +.19 (yes), 24 runs",GLM judge flag per family (keyword in text),"summary over families: yes if any yes, else most common",,,,,,,consistency/scorecard_rows.csv#20; consistency/scorecard_rows.csv#5; consistency/scorecard_rows.csv#18; consistency/scorecard_rows.csv#3; consistency/scorecard_rows.csv#19; consistency/scorecard_rows.csv#4,"consistency: september|2-agent mixed|mixed dyads, Sonnet members|Sonnet|drift: GLM judge flag round 1 -> rounds 8-10 (task orders pooled) || consistency: september|2-agent mixed|mixed dyads, Sonnet members|Sonnet|drift: keyword round 1 -> rounds 8-10 (task orders pooled) || consistency: september|2-agent mixed|mixed dyads, GPT members|GPT|drift: GLM judge flag round 1 -> rounds 8-10 (task orders pooled) || consistency: september|2-agent mixed|mixed dyads, GPT members|GPT|drift: keyword round 1 -> rounds 8-10 (task orders pooled) || consistency: september|2-agent mixed|mixed dyads, Gemini members|Gemini|drift: GLM judge flag round 1 -> rounds 8-10 (task orders pooled) || consistency: september|2-agent mixed|mixed dyads, Gemini members|Gemini|drift: keyword round 1 -> rounds 8-10 (task orders pooled)",24.0,
september,S2M,Sonnet+GPT dyads | Sonnet+Gemini dyads | Gemini+GPT dyads,3,9,Consistency → cooperation,no detectable effect,Sonnet: send +.063 ±.069 /    ret +.046 ±.082 / GPT: send -.027 ±.078 /    ret +.000 ±.043 / Gemini: send ceiling /    ret +.016 ±.027,GLM judge flag → send level and return share (agent FE),"summary over send + return (and families): yes if any yes, else most common (ties -> less evidence)",,,,,,,consistency/scorecard_rows.csv#110; consistency/scorecard_rows.csv#161; consistency/scorecard_rows.csv#109; consistency/scorecard_rows.csv#159; consistency/scorecard_rows.csv#117; consistency/scorecard_rows.csv#160,"consistency: september|2-agent mixed|mixed dyads, Sonnet members|Sonnet|R2 own consistency -> send level (agent FE, lagged coop): GLM judge flag || consistency: september|2-agent mixed|mixed dyads, Sonnet members|Sonnet|R2 own consistency -> return proportion (agent FE, lagged coop): GLM judge flag || consistency: september|2-agent mixed|mixed dyads, GPT members|GPT|R2 own consistency -> send level (agent FE, lagged coop): GLM judge flag || consistency: september|2-agent mixed|mixed dyads, GPT members|GPT|R2 own consistency -> return proportion (agent FE, lagged coop): GLM judge flag || consistency: september|2-agent mixed|mixed dyads, Gemini members|Gemini|R2 own consistency -> send level (agent FE, lagged coop): GLM judge flag || consistency: september|2-agent mixed|mixed dyads, Gemini members|Gemini|R2 own consistency -> return proportion (agent FE, lagged coop): GLM judge flag",24.0,
september,S2M,Sonnet+GPT dyads | Sonnet+Gemini dyads | Gemini+GPT dyads,3,10,Stories add beyond past moves,,pooled only ↑,,search lens computed held-out gain only over all settings,,,,,,,,,,
september,S2M,Sonnet+GPT dyads | Sonnet+Gemini dyads | Gemini+GPT dyads,3,11,Morals follow play,no detectable effect,"+0.35 [-0.03, 0.72] / agent-level 0/6 Holm, 1 raw","September pooled spec (run FE), send/5",lens pooled stratum (setting); within-agent family rows counted in text,0.3457577821252795,-0.0266985976470335,0.7182141618975926,,reverse (September pooled spec): send/5 → next myth 'be generous' [both orders],september|2-agent mixed|all 2-agent mixed runs|all|reverse (September pooled spec): send/5 → next myth 'be generous' [both orders],spread/scorecard_rows.csv#851; spread/scorecard_rows.csv#629; spread/scorecard_rows.csv#635; spread/scorecard_rows.csv#689; spread/scorecard_rows.csv#695; spread/scorecard_rows.csv#731; spread/scorecard_rows.csv#737,spread: september|2-agent mixed|all 2-agent mixed runs|all|reverse (September pooled spec): send/5 → next myth 'be generous' [both orders] || spread: september|2-agent mixed|Gemini+GPT dyads|GPT|reverse: +0.1 send/5 in a game → P(next myth 'be generous') [both orders] || spread: september|2-agent mixed|Sonnet+GPT dyads|GPT|reverse: +0.1 send/5 in a game → P(next myth 'be generous') [both orders] || spread: september|2-agent mixed|Gemini+GPT dyads|Gemini|reverse: +0.1 send/5 in a game → P(next myth 'be generous') [both orders] || spread: september|2-agent mixed|Sonnet+Gemini dyads|Gemini|reverse: +0.1 send/5 in a game → P(next myth 'be generous') [both orders] || spread: september|2-agent mixed|Sonnet+GPT dyads|Sonnet|reverse: +0.1 send/5 in a game → P(next myth 'be generous') [both orders] || spread: september|2-agent mixed|Sonnet+Gemini dyads|Sonnet|reverse: +0.1 send/5 in a game → P(next myth 'be generous') [both orders],12.0,
september,S2M,Sonnet+Gemini dyads,1,7,Matching norms → cooperation,no detectable effect,0/15 Holm · 2 raw p / 8 null · 5 low-n,15 H1 primary tests,"summary: yes if any lens row yes, else most common status (ties -> less evidence)",,,,,,,alignment/scorecard_rows.csv#105; alignment/scorecard_rows.csv#106; alignment/scorecard_rows.csv#107; alignment/scorecard_rows.csv#108; alignment/scorecard_rows.csv#109; alignment/scorecard_rows.csv#110; alignment/scorecard_rows.csv#111; alignment/scorecard_rows.csv#112; alignment/scorecard_rows.csv#113; alignment/scorecard_rows.csv#114; alignment/scorecard_rows.csv#115; alignment/scorecard_rows.csv#116; alignment/scorecard_rows.csv#117; alignment/scorecard_rows.csv#118; alignment/scorecard_rows.csv#119,alignment: september|2-agent mixed|Sonnet+Gemini dyads|mixed|H1 primary: same_label alignment -> send fraction (partners' latest myths before the game) || alignment: september|2-agent mixed|Sonnet+Gemini dyads|mixed|H1 primary: moral_cos alignment -> send fraction (partners' latest myths before the game) || alignment: september|2-agent mixed|Sonnet+Gemini dyads|mixed|H1 primary: rule_index alignment -> send fraction (partners' latest myths before the game) || alignment: september|2-agent mixed|Sonnet+Gemini dyads|mixed|H1 primary: give_align alignment -> send fraction (partners' latest myths before the game) || alignment: september|2-agent mixed|Sonnet+Gemini dyads|mixed|H1 primary: myth_cos alignment -> send fraction (partners' latest myths before the game) || alignment: september|2-agent mixed|Sonnet+Gemini dyads|mixed|H1 primary: same_label alignment -> return proportion (partners' latest myths before the game) || alignment: september|2-agent mixed|Sonnet+Gemini dyads|mixed|H1 primary: moral_cos alignment -> return proportion (partners' latest myths before the game) || alignment: september|2-agent mixed|Sonnet+Gemini dyads|mixed|H1 primary: rule_index alignment -> return proportion (partners' latest myths before the game) || alignment: september|2-agent mixed|Sonnet+Gemini dyads|mixed|H1 primary: give_align alignment -> return proportion (partners' latest myths before the game) || alignment: september|2-agent mixed|Sonnet+Gemini dyads|mixed|H1 primary: myth_cos alignment -> return proportion (partners' latest myths before the game) || alignment: september|2-agent mixed|Sonnet+Gemini dyads|mixed|H1 primary: same_label alignment -> giving gap (partners' latest myths before the game) || alignment: september|2-agent mixed|Sonnet+Gemini dyads|mixed|H1 primary: moral_cos alignment -> giving gap (partners' latest myths before the game) || alignment: september|2-agent mixed|Sonnet+Gemini dyads|mixed|H1 primary: rule_index alignment -> giving gap (partners' latest myths before the game) || alignment: september|2-agent mixed|Sonnet+Gemini dyads|mixed|H1 primary: give_align alignment -> giving gap (partners' latest myths before the game) || alignment: september|2-agent mixed|Sonnet+Gemini dyads|mixed|H1 primary: myth_cos alignment -> giving gap (partners' latest myths before the game),12.0,
september,S2M,Gemini+GPT dyads,1,7,Matching norms → cooperation,no detectable effect,0/15 Holm / 10 null · 5 low-n,15 H1 primary tests,"summary: yes if any lens row yes, else most common status (ties -> less evidence)",,,,,,,alignment/scorecard_rows.csv#75; alignment/scorecard_rows.csv#76; alignment/scorecard_rows.csv#77; alignment/scorecard_rows.csv#78; alignment/scorecard_rows.csv#79; alignment/scorecard_rows.csv#80; alignment/scorecard_rows.csv#81; alignment/scorecard_rows.csv#82; alignment/scorecard_rows.csv#83; alignment/scorecard_rows.csv#84; alignment/scorecard_rows.csv#85; alignment/scorecard_rows.csv#86; alignment/scorecard_rows.csv#87; alignment/scorecard_rows.csv#88; alignment/scorecard_rows.csv#89,alignment: september|2-agent mixed|Gemini+GPT dyads|mixed|H1 primary: same_label alignment -> send fraction (partners' latest myths before the game) || alignment: september|2-agent mixed|Gemini+GPT dyads|mixed|H1 primary: moral_cos alignment -> send fraction (partners' latest myths before the game) || alignment: september|2-agent mixed|Gemini+GPT dyads|mixed|H1 primary: rule_index alignment -> send fraction (partners' latest myths before the game) || alignment: september|2-agent mixed|Gemini+GPT dyads|mixed|H1 primary: give_align alignment -> send fraction (partners' latest myths before the game) || alignment: september|2-agent mixed|Gemini+GPT dyads|mixed|H1 primary: myth_cos alignment -> send fraction (partners' latest myths before the game) || alignment: september|2-agent mixed|Gemini+GPT dyads|mixed|H1 primary: same_label alignment -> return proportion (partners' latest myths before the game) || alignment: september|2-agent mixed|Gemini+GPT dyads|mixed|H1 primary: moral_cos alignment -> return proportion (partners' latest myths before the game) || alignment: september|2-agent mixed|Gemini+GPT dyads|mixed|H1 primary: rule_index alignment -> return proportion (partners' latest myths before the game) || alignment: september|2-agent mixed|Gemini+GPT dyads|mixed|H1 primary: give_align alignment -> return proportion (partners' latest myths before the game) || alignment: september|2-agent mixed|Gemini+GPT dyads|mixed|H1 primary: myth_cos alignment -> return proportion (partners' latest myths before the game) || alignment: september|2-agent mixed|Gemini+GPT dyads|mixed|H1 primary: same_label alignment -> giving gap (partners' latest myths before the game) || alignment: september|2-agent mixed|Gemini+GPT dyads|mixed|H1 primary: moral_cos alignment -> giving gap (partners' latest myths before the game) || alignment: september|2-agent mixed|Gemini+GPT dyads|mixed|H1 primary: rule_index alignment -> giving gap (partners' latest myths before the game) || alignment: september|2-agent mixed|Gemini+GPT dyads|mixed|H1 primary: give_align alignment -> giving gap (partners' latest myths before the game) || alignment: september|2-agent mixed|Gemini+GPT dyads|mixed|H1 primary: myth_cos alignment -> giving gap (partners' latest myths before the game),12.0,
september,S8H,8 Sonnet | 8 GPT | 8 Gemini,3,1,Own first story = plan,not estimable: ceiling,"12/15 sent the named $ / $0.80/$ [0.59, 1.02] / 8 runs · Sonnet+GPT / Sonnet 11/12 · $0.94 (ceiling) / GPT 1/3 (low-n) / Gemini 20/20 (ceiling)","named-amount senders, pooled over Sonnet+GPT (plan r4.csv)",lens pooled stratum (setting); families listed,0.8021,0.5873,1.0168,8.0,"R4 own round-1 myth → round-1 send, named amount only ($/$)","september|8-agent|8-agent homogeneous|Sonnet+GPT|R4 own round-1 myth → round-1 send, named amount only ($/$)",plan/scorecard_rows.csv#234,"plan: september|8-agent|8-agent homogeneous|Sonnet+GPT|R4 own round-1 myth → round-1 send, named amount only ($/$)",8.0,
september,S8H,8 Sonnet,1,2,Read story → next send,underpowered,"+2.10 [-2.14, 6.33] / 5 runs",reader's next send,lens status as assigned,2.0976,-2.1357,6.331,5.0,H2 shown myth stated amount → reader's next send ($/$),september|8-agent|8 Sonnet|Sonnet|H2 shown myth stated amount → reader's next send ($/$),plan/scorecard_rows.csv#75,plan: september|8-agent|8 Sonnet|Sonnet|H2 shown myth stated amount → reader's next send ($/$),5.0,
september,S8H,8 Sonnet,1,3,Read story → next story amount,underpowered,"-0.25 [-3.27, 2.76] / 5 runs",reader's next myth amount,lens status as assigned,-0.2534,-3.2697,2.7628,5.0,H2 shown myth stated amount → reader's next myth amount ($/$),september|8-agent|8 Sonnet|Sonnet|H2 shown myth stated amount → reader's next myth amount ($/$),plan/scorecard_rows.csv#21,plan: september|8-agent|8 Sonnet|Sonnet|H2 shown myth stated amount → reader's next myth amount ($/$),5.0,
september,S8H,8 Sonnet | 8 GPT | 8 Gemini,3,4,Words copied from read story,yes,"+4.9 [3.8, 6.0] pts / 30 runs · same family / per family, m→g / g→m: / Sonnet +7.8 / +8.8 / GPT +5.4 / +5.3 / Gemini +1.2 / +1.0","word adoption, same family, both orders",lens pooled stratum (setting),4.91187156580015,3.8285535734809537,6.028302827953737,30.0,"word adoption shown − unseen, same family [both orders]","september|8-agent homogeneous|all 8-agent homogeneous runs|all|word adoption shown − unseen, same family [both orders]",spread/scorecard_rows.csv#66; spread/scorecard_rows.csv#23; spread/scorecard_rows.csv#22; spread/scorecard_rows.csv#19; spread/scorecard_rows.csv#18; spread/scorecard_rows.csv#21; spread/scorecard_rows.csv#20,"spread: september|8-agent homogeneous|all 8-agent homogeneous runs|all|word adoption shown − unseen, same family [both orders] || spread: september|8-agent homogeneous|8 Sonnet|Sonnet|word adoption shown − unseen, Sonnet shown Sonnet [myth→game] || spread: september|8-agent homogeneous|8 Sonnet|Sonnet|word adoption shown − unseen, Sonnet shown Sonnet [game→myth] || spread: september|8-agent homogeneous|8 GPT|GPT|word adoption shown − unseen, GPT shown GPT [myth→game] || spread: september|8-agent homogeneous|8 GPT|GPT|word adoption shown − unseen, GPT shown GPT [game→myth] || spread: september|8-agent homogeneous|8 Gemini|Gemini|word adoption shown − unseen, Gemini shown Gemini [myth→game] || spread: september|8-agent homogeneous|8 Gemini|Gemini|word adoption shown − unseen, Gemini shown Gemini [game→myth]",30.0,
september,S8H,8 Sonnet | 8 GPT | 8 Gemini,3,5,Moral spreads within family,suggestive,"+4.8 [2.6, 7.0] pts / 15 runs / placebo +3.9 (p .05): fails / R3-adjusted +5.7 (yes)","moral label uptake, same family, myth→game, shown − unseen",lens pooled stratum (setting),4.77116402116402,2.55723104056437,7.0105026455026405,15.0,"moral label uptake shown − unseen, same family [myth→game]","september|8-agent homogeneous|all 8-agent homogeneous runs|all|moral label uptake shown − unseen, same family [myth→game]",spread/scorecard_rows.csv#236; spread/scorecard_rows.csv#237; spread/scorecard_rows.csv#238,"spread: september|8-agent homogeneous|all 8-agent homogeneous runs|all|moral label uptake shown − unseen, same family [myth→game] || spread: september|8-agent homogeneous|all 8-agent homogeneous runs|all|PLACEBO future myth − unseen, same family [myth→game] || spread: september|8-agent homogeneous|all 8-agent homogeneous runs|all|moral label uptake, R3-adjusted (author ≠ current partner, t−1 pair game controlled), same family [myth→game]",15.0,future-myth placebo p < 0.05 or >= the effect; lens status 'yes' downgraded to 'suggestive' (lead decision)
september,S8H,8 Sonnet | 8 GPT | 8 Gemini,3,6,Moral spreads across families,not testable by design,one family only,,homogeneous rows have no other family,,,,,,,,,,status assigned from the design; no lens row
september,S8H,8 Sonnet,1,7,Matching norms → cooperation,no detectable effect,0/15 Holm / 15 null,15 H1 primary tests,"summary: yes if any lens row yes, else most common status (ties -> less evidence)",,,,,,,alignment/scorecard_rows.csv#150; alignment/scorecard_rows.csv#151; alignment/scorecard_rows.csv#152; alignment/scorecard_rows.csv#153; alignment/scorecard_rows.csv#154; alignment/scorecard_rows.csv#155; alignment/scorecard_rows.csv#156; alignment/scorecard_rows.csv#157; alignment/scorecard_rows.csv#158; alignment/scorecard_rows.csv#159; alignment/scorecard_rows.csv#160; alignment/scorecard_rows.csv#161; alignment/scorecard_rows.csv#162; alignment/scorecard_rows.csv#163; alignment/scorecard_rows.csv#164,alignment: september|8-agent homogeneous|8 Sonnet|Sonnet|H1 primary: same_label alignment -> send fraction (partners' latest myths before the game) || alignment: september|8-agent homogeneous|8 Sonnet|Sonnet|H1 primary: moral_cos alignment -> send fraction (partners' latest myths before the game) || alignment: september|8-agent homogeneous|8 Sonnet|Sonnet|H1 primary: rule_index alignment -> send fraction (partners' latest myths before the game) || alignment: september|8-agent homogeneous|8 Sonnet|Sonnet|H1 primary: give_align alignment -> send fraction (partners' latest myths before the game) || alignment: september|8-agent homogeneous|8 Sonnet|Sonnet|H1 primary: myth_cos alignment -> send fraction (partners' latest myths before the game) || alignment: september|8-agent homogeneous|8 Sonnet|Sonnet|H1 primary: same_label alignment -> return proportion (partners' latest myths before the game) || alignment: september|8-agent homogeneous|8 Sonnet|Sonnet|H1 primary: moral_cos alignment -> return proportion (partners' latest myths before the game) || alignment: september|8-agent homogeneous|8 Sonnet|Sonnet|H1 primary: rule_index alignment -> return proportion (partners' latest myths before the game) || alignment: september|8-agent homogeneous|8 Sonnet|Sonnet|H1 primary: give_align alignment -> return proportion (partners' latest myths before the game) || alignment: september|8-agent homogeneous|8 Sonnet|Sonnet|H1 primary: myth_cos alignment -> return proportion (partners' latest myths before the game) || alignment: september|8-agent homogeneous|8 Sonnet|Sonnet|H1 primary: same_label alignment -> giving gap (partners' latest myths before the game) || alignment: september|8-agent homogeneous|8 Sonnet|Sonnet|H1 primary: moral_cos alignment -> giving gap (partners' latest myths before the game) || alignment: september|8-agent homogeneous|8 Sonnet|Sonnet|H1 primary: rule_index alignment -> giving gap (partners' latest myths before the game) || alignment: september|8-agent homogeneous|8 Sonnet|Sonnet|H1 primary: give_align alignment -> giving gap (partners' latest myths before the game) || alignment: september|8-agent homogeneous|8 Sonnet|Sonnet|H1 primary: myth_cos alignment -> giving gap (partners' latest myths before the game),10.0,
september,S8H,8 Sonnet,1,8,Drift toward consistency,suggestive,judge +0.55 (.42→.98) / kw +0.85 (yes) · 10 runs,GLM judge flag (keyword in text),lens status of the judge-flag row ('yes' needs both judges),0.5542,0.4583,0.65,10.0,drift: GLM judge flag round 1 -> rounds 8-10 (task orders pooled),september|8-agent homogeneous|8 Sonnet|Sonnet|drift: GLM judge flag round 1 -> rounds 8-10 (task orders pooled),consistency/scorecard_rows.csv#23; consistency/scorecard_rows.csv#8,consistency: september|8-agent homogeneous|8 Sonnet|Sonnet|drift: GLM judge flag round 1 -> rounds 8-10 (task orders pooled) || consistency: september|8-agent homogeneous|8 Sonnet|Sonnet|drift: keyword round 1 -> rounds 8-10 (task orders pooled),10.0,
september,S8H,8 Sonnet,1,9,Consistency → cooperation,no detectable effect,send -.026 ±.018 / ret -.014 ±.033 · 10 runs,GLM judge flag → send level and return share (agent FE),"summary over send + return (and families): yes if any yes, else most common (ties -> less evidence)",,,,,,,consistency/scorecard_rows.csv#112; consistency/scorecard_rows.csv#164,"consistency: september|8-agent homogeneous|8 Sonnet|Sonnet|R2 own consistency -> send level (agent FE, lagged coop): GLM judge flag || consistency: september|8-agent homogeneous|8 Sonnet|Sonnet|R2 own consistency -> return proportion (agent FE, lagged coop): GLM judge flag",10.0,
september,S8H,8 Sonnet | 8 GPT | 8 Gemini,3,10,Stories add beyond past moves,,pooled only ↑,,search lens computed held-out gain only over all settings,,,,,,,,,,
september,S8H,8 Sonnet | 8 GPT | 8 Gemini,3,11,Morals follow play,no detectable effect,"-0.00 [-0.09, 0.09] / agent-level 0/3 Holm, 0 raw","September pooled spec (run FE), send/5",lens pooled stratum (setting); within-agent family rows counted in text,-0.0014419550643147,-0.0880373644351509,0.0851534543065214,,reverse (September pooled spec): send/5 → next myth 'be generous' [both orders],september|8-agent homogeneous|all 8-agent homogeneous runs|all|reverse (September pooled spec): send/5 → next myth 'be generous' [both orders],spread/scorecard_rows.csv#853; spread/scorecard_rows.csv#641; spread/scorecard_rows.csv#701; spread/scorecard_rows.csv#743,spread: september|8-agent homogeneous|all 8-agent homogeneous runs|all|reverse (September pooled spec): send/5 → next myth 'be generous' [both orders] || spread: september|8-agent homogeneous|8 GPT|GPT|reverse: +0.1 send/5 in a game → P(next myth 'be generous') [both orders] || spread: september|8-agent homogeneous|8 Gemini|Gemini|reverse: +0.1 send/5 in a game → P(next myth 'be generous') [both orders] || spread: september|8-agent homogeneous|8 Sonnet|Sonnet|reverse: +0.1 send/5 in a game → P(next myth 'be generous') [both orders],10.0,
september,S8H,8 GPT,1,2,Read story → next send,underpowered,"-0.13 [-1.99, 1.72] / 5 runs",reader's next send,lens status as assigned,-0.1334,-1.9918,1.7249,5.0,H2 shown myth stated amount → reader's next send ($/$),september|8-agent|8 GPT|GPT|H2 shown myth stated amount → reader's next send ($/$),plan/scorecard_rows.csv#73,plan: september|8-agent|8 GPT|GPT|H2 shown myth stated amount → reader's next send ($/$),5.0,
september,S8H,8 GPT,1,3,Read story → next story amount,underpowered,"-0.73 [-3.75, 2.28] / 5 runs",reader's next myth amount,lens status as assigned,-0.7343,-3.7505,2.2819,5.0,H2 shown myth stated amount → reader's next myth amount ($/$),september|8-agent|8 GPT|GPT|H2 shown myth stated amount → reader's next myth amount ($/$),plan/scorecard_rows.csv#19,plan: september|8-agent|8 GPT|GPT|H2 shown myth stated amount → reader's next myth amount ($/$),5.0,
september,S8H,8 GPT,1,7,Matching norms → cooperation,no detectable effect,0/15 Holm / 13 null · 2 low-n,15 H1 primary tests,"summary: yes if any lens row yes, else most common status (ties -> less evidence)",,,,,,,alignment/scorecard_rows.csv#120; alignment/scorecard_rows.csv#121; alignment/scorecard_rows.csv#122; alignment/scorecard_rows.csv#123; alignment/scorecard_rows.csv#124; alignment/scorecard_rows.csv#125; alignment/scorecard_rows.csv#126; alignment/scorecard_rows.csv#127; alignment/scorecard_rows.csv#128; alignment/scorecard_rows.csv#129; alignment/scorecard_rows.csv#130; alignment/scorecard_rows.csv#131; alignment/scorecard_rows.csv#132; alignment/scorecard_rows.csv#133; alignment/scorecard_rows.csv#134,alignment: september|8-agent homogeneous|8 GPT|GPT|H1 primary: same_label alignment -> send fraction (partners' latest myths before the game) || alignment: september|8-agent homogeneous|8 GPT|GPT|H1 primary: moral_cos alignment -> send fraction (partners' latest myths before the game) || alignment: september|8-agent homogeneous|8 GPT|GPT|H1 primary: rule_index alignment -> send fraction (partners' latest myths before the game) || alignment: september|8-agent homogeneous|8 GPT|GPT|H1 primary: give_align alignment -> send fraction (partners' latest myths before the game) || alignment: september|8-agent homogeneous|8 GPT|GPT|H1 primary: myth_cos alignment -> send fraction (partners' latest myths before the game) || alignment: september|8-agent homogeneous|8 GPT|GPT|H1 primary: same_label alignment -> return proportion (partners' latest myths before the game) || alignment: september|8-agent homogeneous|8 GPT|GPT|H1 primary: moral_cos alignment -> return proportion (partners' latest myths before the game) || alignment: september|8-agent homogeneous|8 GPT|GPT|H1 primary: rule_index alignment -> return proportion (partners' latest myths before the game) || alignment: september|8-agent homogeneous|8 GPT|GPT|H1 primary: give_align alignment -> return proportion (partners' latest myths before the game) || alignment: september|8-agent homogeneous|8 GPT|GPT|H1 primary: myth_cos alignment -> return proportion (partners' latest myths before the game) || alignment: september|8-agent homogeneous|8 GPT|GPT|H1 primary: same_label alignment -> giving gap (partners' latest myths before the game) || alignment: september|8-agent homogeneous|8 GPT|GPT|H1 primary: moral_cos alignment -> giving gap (partners' latest myths before the game) || alignment: september|8-agent homogeneous|8 GPT|GPT|H1 primary: rule_index alignment -> giving gap (partners' latest myths before the game) || alignment: september|8-agent homogeneous|8 GPT|GPT|H1 primary: give_align alignment -> giving gap (partners' latest myths before the game) || alignment: september|8-agent homogeneous|8 GPT|GPT|H1 primary: myth_cos alignment -> giving gap (partners' latest myths before the game),10.0,
september,S8H,8 GPT,1,8,Drift toward consistency,yes,judge +0.57 (.30→.87) / kw +0.17 (yes) · 10 runs,GLM judge flag (keyword in text),lens status of the judge-flag row ('yes' needs both judges),0.5667,0.4542,0.6708,10.0,drift: GLM judge flag round 1 -> rounds 8-10 (task orders pooled),september|8-agent homogeneous|8 GPT|GPT|drift: GLM judge flag round 1 -> rounds 8-10 (task orders pooled),consistency/scorecard_rows.csv#21; consistency/scorecard_rows.csv#6,consistency: september|8-agent homogeneous|8 GPT|GPT|drift: GLM judge flag round 1 -> rounds 8-10 (task orders pooled) || consistency: september|8-agent homogeneous|8 GPT|GPT|drift: keyword round 1 -> rounds 8-10 (task orders pooled),10.0,
september,S8H,8 GPT,1,9,Consistency → cooperation,no detectable effect,send +.043 ±.137 / ret -.036 ±.073 · 10 runs,GLM judge flag → send level and return share (agent FE),"summary over send + return (and families): yes if any yes, else most common (ties -> less evidence)",,,,,,,consistency/scorecard_rows.csv#111; consistency/scorecard_rows.csv#162,"consistency: september|8-agent homogeneous|8 GPT|GPT|R2 own consistency -> send level (agent FE, lagged coop): GLM judge flag || consistency: september|8-agent homogeneous|8 GPT|GPT|R2 own consistency -> return proportion (agent FE, lagged coop): GLM judge flag",10.0,
september,S8H,8 Gemini,1,2,Read story → next send,not estimable: ceiling,no estimate / 5 runs,reader's next send,lens status as assigned,,,,5.0,H2 shown myth stated amount → reader's next send ($/$),september|8-agent|8 Gemini|Gemini|H2 shown myth stated amount → reader's next send ($/$),plan/scorecard_rows.csv#74,plan: september|8-agent|8 Gemini|Gemini|H2 shown myth stated amount → reader's next send ($/$),5.0,
september,S8H,8 Gemini,1,3,Read story → next story amount,not estimable: ceiling,no estimate / 5 runs,reader's next myth amount,lens status as assigned,,,,5.0,H2 shown myth stated amount → reader's next myth amount ($/$),september|8-agent|8 Gemini|Gemini|H2 shown myth stated amount → reader's next myth amount ($/$),plan/scorecard_rows.csv#20,plan: september|8-agent|8 Gemini|Gemini|H2 shown myth stated amount → reader's next myth amount ($/$),5.0,
september,S8H,8 Gemini,1,7,Matching norms → cooperation,not estimable: ceiling,0/15 Holm / 4 null · 1 low-n · 10 ceiling,15 H1 primary tests,"summary: yes if any lens row yes, else most common status (ties -> less evidence)",,,,,,,alignment/scorecard_rows.csv#135; alignment/scorecard_rows.csv#136; alignment/scorecard_rows.csv#137; alignment/scorecard_rows.csv#138; alignment/scorecard_rows.csv#139; alignment/scorecard_rows.csv#140; alignment/scorecard_rows.csv#141; alignment/scorecard_rows.csv#142; alignment/scorecard_rows.csv#143; alignment/scorecard_rows.csv#144; alignment/scorecard_rows.csv#145; alignment/scorecard_rows.csv#146; alignment/scorecard_rows.csv#147; alignment/scorecard_rows.csv#148; alignment/scorecard_rows.csv#149,alignment: september|8-agent homogeneous|8 Gemini|Gemini|H1 primary: same_label alignment -> send fraction (partners' latest myths before the game) || alignment: september|8-agent homogeneous|8 Gemini|Gemini|H1 primary: moral_cos alignment -> send fraction (partners' latest myths before the game) || alignment: september|8-agent homogeneous|8 Gemini|Gemini|H1 primary: rule_index alignment -> send fraction (partners' latest myths before the game) || alignment: september|8-agent homogeneous|8 Gemini|Gemini|H1 primary: give_align alignment -> send fraction (partners' latest myths before the game) || alignment: september|8-agent homogeneous|8 Gemini|Gemini|H1 primary: myth_cos alignment -> send fraction (partners' latest myths before the game) || alignment: september|8-agent homogeneous|8 Gemini|Gemini|H1 primary: same_label alignment -> return proportion (partners' latest myths before the game) || alignment: september|8-agent homogeneous|8 Gemini|Gemini|H1 primary: moral_cos alignment -> return proportion (partners' latest myths before the game) || alignment: september|8-agent homogeneous|8 Gemini|Gemini|H1 primary: rule_index alignment -> return proportion (partners' latest myths before the game) || alignment: september|8-agent homogeneous|8 Gemini|Gemini|H1 primary: give_align alignment -> return proportion (partners' latest myths before the game) || alignment: september|8-agent homogeneous|8 Gemini|Gemini|H1 primary: myth_cos alignment -> return proportion (partners' latest myths before the game) || alignment: september|8-agent homogeneous|8 Gemini|Gemini|H1 primary: same_label alignment -> giving gap (partners' latest myths before the game) || alignment: september|8-agent homogeneous|8 Gemini|Gemini|H1 primary: moral_cos alignment -> giving gap (partners' latest myths before the game) || alignment: september|8-agent homogeneous|8 Gemini|Gemini|H1 primary: rule_index alignment -> giving gap (partners' latest myths before the game) || alignment: september|8-agent homogeneous|8 Gemini|Gemini|H1 primary: give_align alignment -> giving gap (partners' latest myths before the game) || alignment: september|8-agent homogeneous|8 Gemini|Gemini|H1 primary: myth_cos alignment -> giving gap (partners' latest myths before the game),10.0,
september,S8H,8 Gemini,1,8,Drift toward consistency,suggestive,judge +0.29 (.71→1.00) / kw +0.07 (null) · 10 runs,GLM judge flag (keyword in text),lens status of the judge-flag row ('yes' needs both judges),0.2875,0.2,0.375,10.0,drift: GLM judge flag round 1 -> rounds 8-10 (task orders pooled),september|8-agent homogeneous|8 Gemini|Gemini|drift: GLM judge flag round 1 -> rounds 8-10 (task orders pooled),consistency/scorecard_rows.csv#22; consistency/scorecard_rows.csv#7,consistency: september|8-agent homogeneous|8 Gemini|Gemini|drift: GLM judge flag round 1 -> rounds 8-10 (task orders pooled) || consistency: september|8-agent homogeneous|8 Gemini|Gemini|drift: keyword round 1 -> rounds 8-10 (task orders pooled),10.0,
september,S8H,8 Gemini,1,9,Consistency → cooperation,no detectable effect,send ceiling / ret -.010 ±.023 · 10 runs,GLM judge flag → send level and return share (agent FE),"summary over send + return (and families): yes if any yes, else most common (ties -> less evidence)",,,,,,,consistency/scorecard_rows.csv#118; consistency/scorecard_rows.csv#163,"consistency: september|8-agent homogeneous|8 Gemini|Gemini|R2 own consistency -> send level (agent FE, lagged coop): GLM judge flag || consistency: september|8-agent homogeneous|8 Gemini|Gemini|R2 own consistency -> return proportion (agent FE, lagged coop): GLM judge flag",10.0,
september,S8M,1 GPT + 7 Sonnet | 2 GPT + 6 Sonnet | 4 GPT + 4 Sonnet | 1 Gemini + 7 GPT | 2 Gemini + 6 GPT | 4 Gemini + 4 GPT,6,1,Own first story = plan,yes,"27/39 sent the named $ / $0.60/$ [0.44, 0.76] / 21 runs · Sonnet+GPT / Sonnet 17/22 · $0.82 (yes) / GPT 10/17 · $0.37 (ceiling) / Gemini 19/19 (ceiling)","named-amount senders, pooled over Sonnet+GPT (plan r4.csv)",lens pooled stratum (setting); families listed,0.5989,0.4379,0.7598,21.0,"R4 own round-1 myth → round-1 send, named amount only ($/$)","september|8-agent|8-agent mixed|Sonnet+GPT|R4 own round-1 myth → round-1 send, named amount only ($/$)",plan/scorecard_rows.csv#238,"plan: september|8-agent|8-agent mixed|Sonnet+GPT|R4 own round-1 myth → round-1 send, named amount only ($/$)",21.0,
september,S8M,1 GPT + 7 Sonnet | 2 GPT + 6 Sonnet | 4 GPT + 4 Sonnet | 1 Gemini + 7 GPT | 2 Gemini + 6 GPT | 4 Gemini + 4 GPT,6,2,Read story → next send,no detectable effect,"+0.00 [-0.11, 0.11] / 30 runs · all families / Sonnet -0.03 (null) / GPT -0.04 (null) / Gemini: ceiling","reader's next send, all families",lens pooled stratum (all mixed populations),0.0011,-0.1083,0.1104,30.0,H2 shown myth stated amount → reader's next send ($/$),september|8-agent|8-agent mixed|all|H2 shown myth stated amount → reader's next send ($/$),plan/scorecard_rows.csv#80,plan: september|8-agent|8-agent mixed|all|H2 shown myth stated amount → reader's next send ($/$),30.0,
september,S8M,1 GPT + 7 Sonnet | 2 GPT + 6 Sonnet | 4 GPT + 4 Sonnet | 1 Gemini + 7 GPT | 2 Gemini + 6 GPT | 4 Gemini + 4 GPT,6,3,Read story → next story amount,yes,"+0.07 [0.02, 0.12] / 30 runs · all families / Sonnet +0.11 (sugg.) / GPT +0.11 (yes) / Gemini: ceiling","reader's next myth amount, all families",lens pooled stratum (all mixed populations),0.0716,0.0213,0.1218,30.0,H2 shown myth stated amount → reader's next myth amount ($/$),september|8-agent|8-agent mixed|all|H2 shown myth stated amount → reader's next myth amount ($/$),plan/scorecard_rows.csv#26,plan: september|8-agent|8-agent mixed|all|H2 shown myth stated amount → reader's next myth amount ($/$),30.0,
september,S8M,1 GPT + 7 Sonnet | 2 GPT + 6 Sonnet | 4 GPT + 4 Sonnet | 1 Gemini + 7 GPT | 2 Gemini + 6 GPT | 4 Gemini + 4 GPT,6,4,Words copied from read story,yes,"+1.5 [1.3, 1.8] pts / 60 runs · cross-family / same family +6.3 (yes)","word adoption, other family, both orders",lens pooled stratum (setting),1.5273363147075,1.265951531203042,1.818620073810104,60.0,"word adoption shown − unseen, other family [both orders]","september|8-agent mixed|all 8-agent mixed runs|all|word adoption shown − unseen, other family [both orders]",spread/scorecard_rows.csv#69; spread/scorecard_rows.csv#72,"spread: september|8-agent mixed|all 8-agent mixed runs|all|word adoption shown − unseen, other family [both orders] || spread: september|8-agent mixed|all 8-agent mixed runs|all|word adoption shown − unseen, same family [both orders]",60.0,
september,S8M,1 GPT + 7 Sonnet | 2 GPT + 6 Sonnet | 4 GPT + 4 Sonnet | 1 Gemini + 7 GPT | 2 Gemini + 6 GPT | 4 Gemini + 4 GPT,6,5,Moral spreads within family,yes,"+5.9 [3.1, 8.6] pts / 30 runs / placebo +2.3 (p .28): passes / R3-adjusted +5.5 (yes)","moral label uptake, same family, myth→game, shown − unseen",lens pooled stratum (setting),5.86374894020767,3.07564431564015,8.62247161522782,30.0,"moral label uptake shown − unseen, same family [myth→game]","september|8-agent mixed|all 8-agent mixed runs|all|moral label uptake shown − unseen, same family [myth→game]",spread/scorecard_rows.csv#249; spread/scorecard_rows.csv#250; spread/scorecard_rows.csv#252,"spread: september|8-agent mixed|all 8-agent mixed runs|all|moral label uptake shown − unseen, same family [myth→game] || spread: september|8-agent mixed|all 8-agent mixed runs|all|PLACEBO future myth − unseen, same family [myth→game] || spread: september|8-agent mixed|all 8-agent mixed runs|all|moral label uptake, R3-adjusted (author ≠ current partner, t−1 pair game controlled), same family [myth→game]",30.0,
september,S8M,1 GPT + 7 Sonnet | 2 GPT + 6 Sonnet | 4 GPT + 4 Sonnet | 1 Gemini + 7 GPT | 2 Gemini + 6 GPT | 4 Gemini + 4 GPT,6,6,Moral spreads across families,no detectable effect,"+0.7 [-2.7, 3.7] pts / 30 runs / placebo -2.7 (p .23): passes / R3-adjusted +0.3 (null)","moral label uptake, other family, myth→game, shown − unseen",lens pooled stratum (setting),0.65661839784646,-2.73710723568179,3.6978106435069105,30.0,"moral label uptake shown − unseen, other family [myth→game]","september|8-agent mixed|all 8-agent mixed runs|all|moral label uptake shown − unseen, other family [myth→game]",spread/scorecard_rows.csv#242; spread/scorecard_rows.csv#243; spread/scorecard_rows.csv#245,"spread: september|8-agent mixed|all 8-agent mixed runs|all|moral label uptake shown − unseen, other family [myth→game] || spread: september|8-agent mixed|all 8-agent mixed runs|all|PLACEBO future myth − unseen, other family [myth→game] || spread: september|8-agent mixed|all 8-agent mixed runs|all|moral label uptake, R3-adjusted (author ≠ current partner, t−1 pair game controlled), other family [myth→game]",30.0,
september,S8M,1 GPT + 7 Sonnet,1,7,Matching norms → cooperation,no detectable effect,0/15 Holm / 15 null,15 H1 primary tests,"summary: yes if any lens row yes, else most common status (ties -> less evidence)",,,,,,,alignment/scorecard_rows.csv#165; alignment/scorecard_rows.csv#166; alignment/scorecard_rows.csv#167; alignment/scorecard_rows.csv#168; alignment/scorecard_rows.csv#169; alignment/scorecard_rows.csv#170; alignment/scorecard_rows.csv#171; alignment/scorecard_rows.csv#172; alignment/scorecard_rows.csv#173; alignment/scorecard_rows.csv#174; alignment/scorecard_rows.csv#175; alignment/scorecard_rows.csv#176; alignment/scorecard_rows.csv#177; alignment/scorecard_rows.csv#178; alignment/scorecard_rows.csv#179,alignment: september|8-agent mixed|1 GPT + 7 Sonnet|mixed|H1 primary: same_label alignment -> send fraction (partners' latest myths before the game) || alignment: september|8-agent mixed|1 GPT + 7 Sonnet|mixed|H1 primary: moral_cos alignment -> send fraction (partners' latest myths before the game) || alignment: september|8-agent mixed|1 GPT + 7 Sonnet|mixed|H1 primary: rule_index alignment -> send fraction (partners' latest myths before the game) || alignment: september|8-agent mixed|1 GPT + 7 Sonnet|mixed|H1 primary: give_align alignment -> send fraction (partners' latest myths before the game) || alignment: september|8-agent mixed|1 GPT + 7 Sonnet|mixed|H1 primary: myth_cos alignment -> send fraction (partners' latest myths before the game) || alignment: september|8-agent mixed|1 GPT + 7 Sonnet|mixed|H1 primary: same_label alignment -> return proportion (partners' latest myths before the game) || alignment: september|8-agent mixed|1 GPT + 7 Sonnet|mixed|H1 primary: moral_cos alignment -> return proportion (partners' latest myths before the game) || alignment: september|8-agent mixed|1 GPT + 7 Sonnet|mixed|H1 primary: rule_index alignment -> return proportion (partners' latest myths before the game) || alignment: september|8-agent mixed|1 GPT + 7 Sonnet|mixed|H1 primary: give_align alignment -> return proportion (partners' latest myths before the game) || alignment: september|8-agent mixed|1 GPT + 7 Sonnet|mixed|H1 primary: myth_cos alignment -> return proportion (partners' latest myths before the game) || alignment: september|8-agent mixed|1 GPT + 7 Sonnet|mixed|H1 primary: same_label alignment -> giving gap (partners' latest myths before the game) || alignment: september|8-agent mixed|1 GPT + 7 Sonnet|mixed|H1 primary: moral_cos alignment -> giving gap (partners' latest myths before the game) || alignment: september|8-agent mixed|1 GPT + 7 Sonnet|mixed|H1 primary: rule_index alignment -> giving gap (partners' latest myths before the game) || alignment: september|8-agent mixed|1 GPT + 7 Sonnet|mixed|H1 primary: give_align alignment -> giving gap (partners' latest myths before the game) || alignment: september|8-agent mixed|1 GPT + 7 Sonnet|mixed|H1 primary: myth_cos alignment -> giving gap (partners' latest myths before the game),10.0,
september,S8M,1 GPT + 7 Sonnet | 2 GPT + 6 Sonnet | 4 GPT + 4 Sonnet | 1 Gemini + 7 GPT | 2 Gemini + 6 GPT | 4 Gemini + 4 GPT,6,8,Drift toward consistency,yes,"Sonnet: judge +.51 (yes) /    kw +.77 (yes), 30 runs / GPT: judge +.53 (yes) /    kw +.35 (yes), 60 runs / Gemini: judge +.27 (yes) /    kw +.19 (yes), 30 runs",GLM judge flag per family (keyword in text),"summary over families: yes if any yes, else most common",,,,,,,consistency/scorecard_rows.csv#26; consistency/scorecard_rows.csv#11; consistency/scorecard_rows.csv#24; consistency/scorecard_rows.csv#9; consistency/scorecard_rows.csv#25; consistency/scorecard_rows.csv#10,"consistency: september|8-agent mixed|8-agent mixed populations, Sonnet members|Sonnet|drift: GLM judge flag round 1 -> rounds 8-10 (task orders pooled) || consistency: september|8-agent mixed|8-agent mixed populations, Sonnet members|Sonnet|drift: keyword round 1 -> rounds 8-10 (task orders pooled) || consistency: september|8-agent mixed|8-agent mixed populations, GPT members|GPT|drift: GLM judge flag round 1 -> rounds 8-10 (task orders pooled) || consistency: september|8-agent mixed|8-agent mixed populations, GPT members|GPT|drift: keyword round 1 -> rounds 8-10 (task orders pooled) || consistency: september|8-agent mixed|8-agent mixed populations, Gemini members|Gemini|drift: GLM judge flag round 1 -> rounds 8-10 (task orders pooled) || consistency: september|8-agent mixed|8-agent mixed populations, Gemini members|Gemini|drift: keyword round 1 -> rounds 8-10 (task orders pooled)",60.0,
september,S8M,1 GPT + 7 Sonnet | 2 GPT + 6 Sonnet | 4 GPT + 4 Sonnet | 1 Gemini + 7 GPT | 2 Gemini + 6 GPT | 4 Gemini + 4 GPT,6,9,Consistency → cooperation,no detectable effect,Sonnet: send +.001 ±.027 /    ret +.004 ±.014 / GPT: send -.039 ±.068 /    ret -.008 ±.015 / Gemini: send ceiling /    ret +.014 ±.017,GLM judge flag → send level and return share (agent FE),"summary over send + return (and families): yes if any yes, else most common (ties -> less evidence)",,,,,,,consistency/scorecard_rows.csv#114; consistency/scorecard_rows.csv#167; consistency/scorecard_rows.csv#113; consistency/scorecard_rows.csv#165; consistency/scorecard_rows.csv#119; consistency/scorecard_rows.csv#166,"consistency: september|8-agent mixed|8-agent mixed populations, Sonnet members|Sonnet|R2 own consistency -> send level (agent FE, lagged coop): GLM judge flag || consistency: september|8-agent mixed|8-agent mixed populations, Sonnet members|Sonnet|R2 own consistency -> return proportion (agent FE, lagged coop): GLM judge flag || consistency: september|8-agent mixed|8-agent mixed populations, GPT members|GPT|R2 own consistency -> send level (agent FE, lagged coop): GLM judge flag || consistency: september|8-agent mixed|8-agent mixed populations, GPT members|GPT|R2 own consistency -> return proportion (agent FE, lagged coop): GLM judge flag || consistency: september|8-agent mixed|8-agent mixed populations, Gemini members|Gemini|R2 own consistency -> send level (agent FE, lagged coop): GLM judge flag || consistency: september|8-agent mixed|8-agent mixed populations, Gemini members|Gemini|R2 own consistency -> return proportion (agent FE, lagged coop): GLM judge flag",60.0,
september,S8M,1 GPT + 7 Sonnet | 2 GPT + 6 Sonnet | 4 GPT + 4 Sonnet | 1 Gemini + 7 GPT | 2 Gemini + 6 GPT | 4 Gemini + 4 GPT,6,10,Stories add beyond past moves,,pooled only ↑,,search lens computed held-out gain only over all settings,,,,,,,,,,
september,S8M,1 GPT + 7 Sonnet | 2 GPT + 6 Sonnet | 4 GPT + 4 Sonnet | 1 Gemini + 7 GPT | 2 Gemini + 6 GPT | 4 Gemini + 4 GPT,6,11,Morals follow play,yes,"+0.21 [0.15, 0.26] / agent-level 0/12 Holm, 3 raw","September pooled spec (run FE), send/5",lens pooled stratum (setting); within-agent family rows counted in text,0.2078843458303386,0.1535596005522451,0.2622090911084321,,reverse (September pooled spec): send/5 → next myth 'be generous' [both orders],september|8-agent mixed|all 8-agent mixed runs|all|reverse (September pooled spec): send/5 → next myth 'be generous' [both orders],spread/scorecard_rows.csv#855; spread/scorecard_rows.csv#647; spread/scorecard_rows.csv#653; spread/scorecard_rows.csv#659; spread/scorecard_rows.csv#665; spread/scorecard_rows.csv#671; spread/scorecard_rows.csv#677; spread/scorecard_rows.csv#707; spread/scorecard_rows.csv#713; spread/scorecard_rows.csv#719; spread/scorecard_rows.csv#749; spread/scorecard_rows.csv#755; spread/scorecard_rows.csv#761,spread: september|8-agent mixed|all 8-agent mixed runs|all|reverse (September pooled spec): send/5 → next myth 'be generous' [both orders] || spread: september|8-agent mixed|1 GPT + 7 Sonnet|GPT|reverse: +0.1 send/5 in a game → P(next myth 'be generous') [both orders] || spread: september|8-agent mixed|1 Gemini + 7 GPT|GPT|reverse: +0.1 send/5 in a game → P(next myth 'be generous') [both orders] || spread: september|8-agent mixed|2 GPT + 6 Sonnet|GPT|reverse: +0.1 send/5 in a game → P(next myth 'be generous') [both orders] || spread: september|8-agent mixed|2 Gemini + 6 GPT|GPT|reverse: +0.1 send/5 in a game → P(next myth 'be generous') [both orders] || spread: september|8-agent mixed|4 GPT + 4 Sonnet|GPT|reverse: +0.1 send/5 in a game → P(next myth 'be generous') [both orders] || spread: september|8-agent mixed|4 Gemini + 4 GPT|GPT|reverse: +0.1 send/5 in a game → P(next myth 'be generous') [both orders] || spread: september|8-agent mixed|1 Gemini + 7 GPT|Gemini|reverse: +0.1 send/5 in a game → P(next myth 'be generous') [both orders] || spread: september|8-agent mixed|2 Gemini + 6 GPT|Gemini|reverse: +0.1 send/5 in a game → P(next myth 'be generous') [both orders] || spread: september|8-agent mixed|4 Gemini + 4 GPT|Gemini|reverse: +0.1 send/5 in a game → P(next myth 'be generous') [both orders] || spread: september|8-agent mixed|1 GPT + 7 Sonnet|Sonnet|reverse: +0.1 send/5 in a game → P(next myth 'be generous') [both orders] || spread: september|8-agent mixed|2 GPT + 6 Sonnet|Sonnet|reverse: +0.1 send/5 in a game → P(next myth 'be generous') [both orders] || spread: september|8-agent mixed|4 GPT + 4 Sonnet|Sonnet|reverse: +0.1 send/5 in a game → P(next myth 'be generous') [both orders],10.0,
september,S8M,2 GPT + 6 Sonnet,1,7,Matching norms → cooperation,yes,"1/15 Holm, OPPOSITE sign / score match → send -0.039",15 H1 primary tests,"summary: yes if any lens row yes, else most common status (ties -> less evidence)",-0.0390680741536309,-0.06141746325853,-0.0167186850487318,10.0,H1 primary: give_align alignment -> send fraction (partners' latest myths before the game),september|8-agent mixed|2 GPT + 6 Sonnet|mixed|H1 primary: give_align alignment -> send fraction (partners' latest myths before the game),alignment/scorecard_rows.csv#195; alignment/scorecard_rows.csv#196; alignment/scorecard_rows.csv#197; alignment/scorecard_rows.csv#198; alignment/scorecard_rows.csv#199; alignment/scorecard_rows.csv#200; alignment/scorecard_rows.csv#201; alignment/scorecard_rows.csv#202; alignment/scorecard_rows.csv#203; alignment/scorecard_rows.csv#204; alignment/scorecard_rows.csv#205; alignment/scorecard_rows.csv#206; alignment/scorecard_rows.csv#207; alignment/scorecard_rows.csv#208; alignment/scorecard_rows.csv#209,alignment: september|8-agent mixed|2 GPT + 6 Sonnet|mixed|H1 primary: same_label alignment -> send fraction (partners' latest myths before the game) || alignment: september|8-agent mixed|2 GPT + 6 Sonnet|mixed|H1 primary: moral_cos alignment -> send fraction (partners' latest myths before the game) || alignment: september|8-agent mixed|2 GPT + 6 Sonnet|mixed|H1 primary: rule_index alignment -> send fraction (partners' latest myths before the game) || alignment: september|8-agent mixed|2 GPT + 6 Sonnet|mixed|H1 primary: give_align alignment -> send fraction (partners' latest myths before the game) || alignment: september|8-agent mixed|2 GPT + 6 Sonnet|mixed|H1 primary: myth_cos alignment -> send fraction (partners' latest myths before the game) || alignment: september|8-agent mixed|2 GPT + 6 Sonnet|mixed|H1 primary: same_label alignment -> return proportion (partners' latest myths before the game) || alignment: september|8-agent mixed|2 GPT + 6 Sonnet|mixed|H1 primary: moral_cos alignment -> return proportion (partners' latest myths before the game) || alignment: september|8-agent mixed|2 GPT + 6 Sonnet|mixed|H1 primary: rule_index alignment -> return proportion (partners' latest myths before the game) || alignment: september|8-agent mixed|2 GPT + 6 Sonnet|mixed|H1 primary: give_align alignment -> return proportion (partners' latest myths before the game) || alignment: september|8-agent mixed|2 GPT + 6 Sonnet|mixed|H1 primary: myth_cos alignment -> return proportion (partners' latest myths before the game) || alignment: september|8-agent mixed|2 GPT + 6 Sonnet|mixed|H1 primary: same_label alignment -> giving gap (partners' latest myths before the game) || alignment: september|8-agent mixed|2 GPT + 6 Sonnet|mixed|H1 primary: moral_cos alignment -> giving gap (partners' latest myths before the game) || alignment: september|8-agent mixed|2 GPT + 6 Sonnet|mixed|H1 primary: rule_index alignment -> giving gap (partners' latest myths before the game) || alignment: september|8-agent mixed|2 GPT + 6 Sonnet|mixed|H1 primary: give_align alignment -> giving gap (partners' latest myths before the game) || alignment: september|8-agent mixed|2 GPT + 6 Sonnet|mixed|H1 primary: myth_cos alignment -> giving gap (partners' latest myths before the game),10.0,the only Holm 'yes' has the opposite sign to H1 (misaligned pairs cooperate more)
september,S8M,4 GPT + 4 Sonnet,1,7,Matching norms → cooperation,no detectable effect,0/15 Holm · 1 raw p / 14 null,15 H1 primary tests,"summary: yes if any lens row yes, else most common status (ties -> less evidence)",,,,,,,alignment/scorecard_rows.csv#225; alignment/scorecard_rows.csv#226; alignment/scorecard_rows.csv#227; alignment/scorecard_rows.csv#228; alignment/scorecard_rows.csv#229; alignment/scorecard_rows.csv#230; alignment/scorecard_rows.csv#231; alignment/scorecard_rows.csv#232; alignment/scorecard_rows.csv#233; alignment/scorecard_rows.csv#234; alignment/scorecard_rows.csv#235; alignment/scorecard_rows.csv#236; alignment/scorecard_rows.csv#237; alignment/scorecard_rows.csv#238; alignment/scorecard_rows.csv#239,alignment: september|8-agent mixed|4 GPT + 4 Sonnet|mixed|H1 primary: same_label alignment -> send fraction (partners' latest myths before the game) || alignment: september|8-agent mixed|4 GPT + 4 Sonnet|mixed|H1 primary: moral_cos alignment -> send fraction (partners' latest myths before the game) || alignment: september|8-agent mixed|4 GPT + 4 Sonnet|mixed|H1 primary: rule_index alignment -> send fraction (partners' latest myths before the game) || alignment: september|8-agent mixed|4 GPT + 4 Sonnet|mixed|H1 primary: give_align alignment -> send fraction (partners' latest myths before the game) || alignment: september|8-agent mixed|4 GPT + 4 Sonnet|mixed|H1 primary: myth_cos alignment -> send fraction (partners' latest myths before the game) || alignment: september|8-agent mixed|4 GPT + 4 Sonnet|mixed|H1 primary: same_label alignment -> return proportion (partners' latest myths before the game) || alignment: september|8-agent mixed|4 GPT + 4 Sonnet|mixed|H1 primary: moral_cos alignment -> return proportion (partners' latest myths before the game) || alignment: september|8-agent mixed|4 GPT + 4 Sonnet|mixed|H1 primary: rule_index alignment -> return proportion (partners' latest myths before the game) || alignment: september|8-agent mixed|4 GPT + 4 Sonnet|mixed|H1 primary: give_align alignment -> return proportion (partners' latest myths before the game) || alignment: september|8-agent mixed|4 GPT + 4 Sonnet|mixed|H1 primary: myth_cos alignment -> return proportion (partners' latest myths before the game) || alignment: september|8-agent mixed|4 GPT + 4 Sonnet|mixed|H1 primary: same_label alignment -> giving gap (partners' latest myths before the game) || alignment: september|8-agent mixed|4 GPT + 4 Sonnet|mixed|H1 primary: moral_cos alignment -> giving gap (partners' latest myths before the game) || alignment: september|8-agent mixed|4 GPT + 4 Sonnet|mixed|H1 primary: rule_index alignment -> giving gap (partners' latest myths before the game) || alignment: september|8-agent mixed|4 GPT + 4 Sonnet|mixed|H1 primary: give_align alignment -> giving gap (partners' latest myths before the game) || alignment: september|8-agent mixed|4 GPT + 4 Sonnet|mixed|H1 primary: myth_cos alignment -> giving gap (partners' latest myths before the game),10.0,
september,S8M,1 Gemini + 7 GPT,1,7,Matching norms → cooperation,no detectable effect,0/15 Holm · 1 raw p / 14 null,15 H1 primary tests,"summary: yes if any lens row yes, else most common status (ties -> less evidence)",,,,,,,alignment/scorecard_rows.csv#180; alignment/scorecard_rows.csv#181; alignment/scorecard_rows.csv#182; alignment/scorecard_rows.csv#183; alignment/scorecard_rows.csv#184; alignment/scorecard_rows.csv#185; alignment/scorecard_rows.csv#186; alignment/scorecard_rows.csv#187; alignment/scorecard_rows.csv#188; alignment/scorecard_rows.csv#189; alignment/scorecard_rows.csv#190; alignment/scorecard_rows.csv#191; alignment/scorecard_rows.csv#192; alignment/scorecard_rows.csv#193; alignment/scorecard_rows.csv#194,alignment: september|8-agent mixed|1 Gemini + 7 GPT|mixed|H1 primary: same_label alignment -> send fraction (partners' latest myths before the game) || alignment: september|8-agent mixed|1 Gemini + 7 GPT|mixed|H1 primary: moral_cos alignment -> send fraction (partners' latest myths before the game) || alignment: september|8-agent mixed|1 Gemini + 7 GPT|mixed|H1 primary: rule_index alignment -> send fraction (partners' latest myths before the game) || alignment: september|8-agent mixed|1 Gemini + 7 GPT|mixed|H1 primary: give_align alignment -> send fraction (partners' latest myths before the game) || alignment: september|8-agent mixed|1 Gemini + 7 GPT|mixed|H1 primary: myth_cos alignment -> send fraction (partners' latest myths before the game) || alignment: september|8-agent mixed|1 Gemini + 7 GPT|mixed|H1 primary: same_label alignment -> return proportion (partners' latest myths before the game) || alignment: september|8-agent mixed|1 Gemini + 7 GPT|mixed|H1 primary: moral_cos alignment -> return proportion (partners' latest myths before the game) || alignment: september|8-agent mixed|1 Gemini + 7 GPT|mixed|H1 primary: rule_index alignment -> return proportion (partners' latest myths before the game) || alignment: september|8-agent mixed|1 Gemini + 7 GPT|mixed|H1 primary: give_align alignment -> return proportion (partners' latest myths before the game) || alignment: september|8-agent mixed|1 Gemini + 7 GPT|mixed|H1 primary: myth_cos alignment -> return proportion (partners' latest myths before the game) || alignment: september|8-agent mixed|1 Gemini + 7 GPT|mixed|H1 primary: same_label alignment -> giving gap (partners' latest myths before the game) || alignment: september|8-agent mixed|1 Gemini + 7 GPT|mixed|H1 primary: moral_cos alignment -> giving gap (partners' latest myths before the game) || alignment: september|8-agent mixed|1 Gemini + 7 GPT|mixed|H1 primary: rule_index alignment -> giving gap (partners' latest myths before the game) || alignment: september|8-agent mixed|1 Gemini + 7 GPT|mixed|H1 primary: give_align alignment -> giving gap (partners' latest myths before the game) || alignment: september|8-agent mixed|1 Gemini + 7 GPT|mixed|H1 primary: myth_cos alignment -> giving gap (partners' latest myths before the game),10.0,
september,S8M,2 Gemini + 6 GPT,1,7,Matching norms → cooperation,no detectable effect,0/15 Holm / 15 null,15 H1 primary tests,"summary: yes if any lens row yes, else most common status (ties -> less evidence)",,,,,,,alignment/scorecard_rows.csv#210; alignment/scorecard_rows.csv#211; alignment/scorecard_rows.csv#212; alignment/scorecard_rows.csv#213; alignment/scorecard_rows.csv#214; alignment/scorecard_rows.csv#215; alignment/scorecard_rows.csv#216; alignment/scorecard_rows.csv#217; alignment/scorecard_rows.csv#218; alignment/scorecard_rows.csv#219; alignment/scorecard_rows.csv#220; alignment/scorecard_rows.csv#221; alignment/scorecard_rows.csv#222; alignment/scorecard_rows.csv#223; alignment/scorecard_rows.csv#224,alignment: september|8-agent mixed|2 Gemini + 6 GPT|mixed|H1 primary: same_label alignment -> send fraction (partners' latest myths before the game) || alignment: september|8-agent mixed|2 Gemini + 6 GPT|mixed|H1 primary: moral_cos alignment -> send fraction (partners' latest myths before the game) || alignment: september|8-agent mixed|2 Gemini + 6 GPT|mixed|H1 primary: rule_index alignment -> send fraction (partners' latest myths before the game) || alignment: september|8-agent mixed|2 Gemini + 6 GPT|mixed|H1 primary: give_align alignment -> send fraction (partners' latest myths before the game) || alignment: september|8-agent mixed|2 Gemini + 6 GPT|mixed|H1 primary: myth_cos alignment -> send fraction (partners' latest myths before the game) || alignment: september|8-agent mixed|2 Gemini + 6 GPT|mixed|H1 primary: same_label alignment -> return proportion (partners' latest myths before the game) || alignment: september|8-agent mixed|2 Gemini + 6 GPT|mixed|H1 primary: moral_cos alignment -> return proportion (partners' latest myths before the game) || alignment: september|8-agent mixed|2 Gemini + 6 GPT|mixed|H1 primary: rule_index alignment -> return proportion (partners' latest myths before the game) || alignment: september|8-agent mixed|2 Gemini + 6 GPT|mixed|H1 primary: give_align alignment -> return proportion (partners' latest myths before the game) || alignment: september|8-agent mixed|2 Gemini + 6 GPT|mixed|H1 primary: myth_cos alignment -> return proportion (partners' latest myths before the game) || alignment: september|8-agent mixed|2 Gemini + 6 GPT|mixed|H1 primary: same_label alignment -> giving gap (partners' latest myths before the game) || alignment: september|8-agent mixed|2 Gemini + 6 GPT|mixed|H1 primary: moral_cos alignment -> giving gap (partners' latest myths before the game) || alignment: september|8-agent mixed|2 Gemini + 6 GPT|mixed|H1 primary: rule_index alignment -> giving gap (partners' latest myths before the game) || alignment: september|8-agent mixed|2 Gemini + 6 GPT|mixed|H1 primary: give_align alignment -> giving gap (partners' latest myths before the game) || alignment: september|8-agent mixed|2 Gemini + 6 GPT|mixed|H1 primary: myth_cos alignment -> giving gap (partners' latest myths before the game),10.0,
september,S8M,4 Gemini + 4 GPT,1,7,Matching norms → cooperation,no detectable effect,0/15 Holm / 15 null,15 H1 primary tests,"summary: yes if any lens row yes, else most common status (ties -> less evidence)",,,,,,,alignment/scorecard_rows.csv#240; alignment/scorecard_rows.csv#241; alignment/scorecard_rows.csv#242; alignment/scorecard_rows.csv#243; alignment/scorecard_rows.csv#244; alignment/scorecard_rows.csv#245; alignment/scorecard_rows.csv#246; alignment/scorecard_rows.csv#247; alignment/scorecard_rows.csv#248; alignment/scorecard_rows.csv#249; alignment/scorecard_rows.csv#250; alignment/scorecard_rows.csv#251; alignment/scorecard_rows.csv#252; alignment/scorecard_rows.csv#253; alignment/scorecard_rows.csv#254,alignment: september|8-agent mixed|4 Gemini + 4 GPT|mixed|H1 primary: same_label alignment -> send fraction (partners' latest myths before the game) || alignment: september|8-agent mixed|4 Gemini + 4 GPT|mixed|H1 primary: moral_cos alignment -> send fraction (partners' latest myths before the game) || alignment: september|8-agent mixed|4 Gemini + 4 GPT|mixed|H1 primary: rule_index alignment -> send fraction (partners' latest myths before the game) || alignment: september|8-agent mixed|4 Gemini + 4 GPT|mixed|H1 primary: give_align alignment -> send fraction (partners' latest myths before the game) || alignment: september|8-agent mixed|4 Gemini + 4 GPT|mixed|H1 primary: myth_cos alignment -> send fraction (partners' latest myths before the game) || alignment: september|8-agent mixed|4 Gemini + 4 GPT|mixed|H1 primary: same_label alignment -> return proportion (partners' latest myths before the game) || alignment: september|8-agent mixed|4 Gemini + 4 GPT|mixed|H1 primary: moral_cos alignment -> return proportion (partners' latest myths before the game) || alignment: september|8-agent mixed|4 Gemini + 4 GPT|mixed|H1 primary: rule_index alignment -> return proportion (partners' latest myths before the game) || alignment: september|8-agent mixed|4 Gemini + 4 GPT|mixed|H1 primary: give_align alignment -> return proportion (partners' latest myths before the game) || alignment: september|8-agent mixed|4 Gemini + 4 GPT|mixed|H1 primary: myth_cos alignment -> return proportion (partners' latest myths before the game) || alignment: september|8-agent mixed|4 Gemini + 4 GPT|mixed|H1 primary: same_label alignment -> giving gap (partners' latest myths before the game) || alignment: september|8-agent mixed|4 Gemini + 4 GPT|mixed|H1 primary: moral_cos alignment -> giving gap (partners' latest myths before the game) || alignment: september|8-agent mixed|4 Gemini + 4 GPT|mixed|H1 primary: rule_index alignment -> giving gap (partners' latest myths before the game) || alignment: september|8-agent mixed|4 Gemini + 4 GPT|mixed|H1 primary: give_align alignment -> giving gap (partners' latest myths before the game) || alignment: september|8-agent mixed|4 Gemini + 4 GPT|mixed|H1 primary: myth_cos alignment -> giving gap (partners' latest myths before the game),10.0,
frontier,POOL,all settings (pooled row),1,1,Own first story = plan,yes,"50/52 sent the named $ / $0.85/$ [0.68, 1.02] · 27 runs / Opus 19/21 · $0.61 (sugg.) / Sol 31/31 · $1.00 (yes) / GeminiPro 37/37 (ceiling)","named-amount senders, 2+8-agent pooled over Sol+Opus (plan r4.csv)",lens pooled stratum (all settings),0.8531,0.6834,1.0228,27.0,"R4 own round-1 myth → round-1 send, named amount only ($/$)","frontier|2+8-agent|all myth→game round-1 senders|Sol+Opus|R4 own round-1 myth → round-1 send, named amount only ($/$)",plan/scorecard_rows.csv#202; search/scorecard_rows.csv#829; plan/scorecard_rows.csv#200; plan/scorecard_rows.csv#201; plan/scorecard_rows.csv#199,"plan: frontier|2+8-agent|all myth→game round-1 senders|Sol+Opus|R4 own round-1 myth → round-1 send, named amount only ($/$) || search: frontier|all; myth_game round 1 (R4)|all frontier myth_game runs|Opus|$ sent per $ stated in own round-1 myth || plan: frontier|2+8-agent|all myth→game round-1 senders|Opus|R4 own round-1 myth → round-1 send, named amount only ($/$) || plan: frontier|2+8-agent|all myth→game round-1 senders|Sol|R4 own round-1 myth → round-1 send, named amount only ($/$) || plan: frontier|2+8-agent|all myth→game round-1 senders|GeminiPro|R4 own round-1 myth → round-1 send, named amount only ($/$)",27.0,"Opus: plan 'suggestive', search 'yes' under its own rule; lead ruled the stricter rule (Holm on wild-cluster p) -> suggestive, agreeing with plan; 'suggestive' shown"
frontier,POOL,all settings (pooled row),1,2,Read story → next send,not estimable: ceiling,"-0.01 [-0.04, 0.01] / 20 runs · placebo -0.00 / Opus: ceiling / Sol -0.02 (ceiling) / GeminiPro: ceiling","reader's next send, 8-agent homog+mixed",lens pooled stratum (8-agent myth→game),-0.0118,-0.0374,0.0137,20.0,H2 shown myth stated amount → reader's next send ($/$),frontier|8-agent|8-agent myth→game (homog + mixed)|all|H2 shown myth stated amount → reader's next send ($/$),plan/scorecard_rows.csv#69; plan/scorecard_rows.csv#96; search/scorecard_rows.csv#384,"plan: frontier|8-agent|8-agent myth→game (homog + mixed)|all|H2 shown myth stated amount → reader's next send ($/$) || plan: frontier|8-agent|8-agent myth→game (homog + mixed)|all|H2 shown myth stated amount → reader's next send ($/$) [unseen placebo] || search: frontier|all; 8-agent myth_game rounds>=2 (R3)|frontier 8-agent myth_game runs|pooled|shown myth rule_send_amount (per SD, minus unseen placebo) -> round-r send",20.0,plan H2 'not estimable: ceiling' vs search R3 rule_send_amount 'no detectable effect' (+0.014 per SD); conservative 'not estimable: ceiling' shown
frontier,POOL,all settings (pooled row),1,3,Read story → next story amount,yes,"+0.13 [0.05, 0.21] / 20 runs · placebo +0.03 / Opus +0.08 (null) / Sol +0.13 (null) / GeminiPro -0.01 (ceiling)","reader's next myth amount, 8-agent homog+mixed",lens pooled stratum (8-agent myth→game),0.1317,0.0547,0.2087,20.0,H2 shown myth stated amount → reader's next myth amount ($/$),frontier|8-agent|8-agent myth→game (homog + mixed)|all|H2 shown myth stated amount → reader's next myth amount ($/$),plan/scorecard_rows.csv#15; plan/scorecard_rows.csv#42,plan: frontier|8-agent|8-agent myth→game (homog + mixed)|all|H2 shown myth stated amount → reader's next myth amount ($/$) || plan: frontier|8-agent|8-agent myth→game (homog + mixed)|all|H2 shown myth stated amount → reader's next myth amount ($/$) [unseen placebo],20.0,
frontier,POOL,all settings (pooled row),1,4,Words copied from read story,,"not pooled across
settings by the lens",,no all-settings row,,,,,,,,,,
frontier,POOL,all settings (pooled row),1,5,Moral spreads within family,,"not pooled across
settings by the lens",,no all-settings row,,,,,,,,,,
frontier,POOL,all settings (pooled row),1,6,Moral spreads across families,,"not pooled across
settings by the lens",,no all-settings row,,,,,,,,,,
frontier,POOL,all settings (pooled row),1,7,Matching norms → cooperation,no detectable effect,2-ag: 0/15 Holm / 8-ag: 0/15 Holm,15 H1 primary tests per setting,"summary: yes if any lens row yes, else most common",,,,,,,alignment/scorecard_rows.csv#1837; alignment/scorecard_rows.csv#1838; alignment/scorecard_rows.csv#1839; alignment/scorecard_rows.csv#1840; alignment/scorecard_rows.csv#1841; alignment/scorecard_rows.csv#1842; alignment/scorecard_rows.csv#1843; alignment/scorecard_rows.csv#1844; alignment/scorecard_rows.csv#1845; alignment/scorecard_rows.csv#1846; alignment/scorecard_rows.csv#1847; alignment/scorecard_rows.csv#1848; alignment/scorecard_rows.csv#1849; alignment/scorecard_rows.csv#1850; alignment/scorecard_rows.csv#1851; alignment/scorecard_rows.csv#1852; alignment/scorecard_rows.csv#1853; alignment/scorecard_rows.csv#1854; alignment/scorecard_rows.csv#1855; alignment/scorecard_rows.csv#1856; alignment/scorecard_rows.csv#1857; alignment/scorecard_rows.csv#1858; alignment/scorecard_rows.csv#1859; alignment/scorecard_rows.csv#1860; alignment/scorecard_rows.csv#1861; alignment/scorecard_rows.csv#1862; alignment/scorecard_rows.csv#1863; alignment/scorecard_rows.csv#1864; alignment/scorecard_rows.csv#1865; alignment/scorecard_rows.csv#1866,"alignment: frontier|2-agent (all, pooled)|all 2-agent runs (pooled)|pooled|H1 primary: same_label alignment -> send fraction (partners' latest myths before the game) || alignment: frontier|2-agent (all, pooled)|all 2-agent runs (pooled)|pooled|H1 primary: moral_cos alignment -> send fraction (partners' latest myths before the game) || alignment: frontier|2-agent (all, pooled)|all 2-agent runs (pooled)|pooled|H1 primary: rule_index alignment -> send fraction (partners' latest myths before the game) || alignment: frontier|2-agent (all, pooled)|all 2-agent runs (pooled)|pooled|H1 primary: give_align alignment -> send fraction (partners' latest myths before the game) || alignment: frontier|2-agent (all, pooled)|all 2-agent runs (pooled)|pooled|H1 primary: myth_cos alignment -> send fraction (partners' latest myths before the game) || alignment: frontier|2-agent (all, pooled)|all 2-agent runs (pooled)|pooled|H1 primary: same_label alignment -> return proportion (partners' latest myths before the game) || alignment: frontier|2-agent (all, pooled)|all 2-agent runs (pooled)|pooled|H1 primary: moral_cos alignment -> return proportion (partners' latest myths before the game) || alignment: frontier|2-agent (all, pooled)|all 2-agent runs (pooled)|pooled|H1 primary: rule_index alignment -> return proportion (partners' latest myths before the game) || alignment: frontier|2-agent (all, pooled)|all 2-agent runs (pooled)|pooled|H1 primary: give_align alignment -> return proportion (partners' latest myths before the game) || alignment: frontier|2-agent (all, pooled)|all 2-agent runs (pooled)|pooled|H1 primary: myth_cos alignment -> return proportion (partners' latest myths before the game) || alignment: frontier|2-agent (all, pooled)|all 2-agent runs (pooled)|pooled|H1 primary: same_label alignment -> giving gap (partners' latest myths before the game) || alignment: frontier|2-agent (all, pooled)|all 2-agent runs (pooled)|pooled|H1 primary: moral_cos alignment -> giving gap (partners' latest myths before the game) || alignment: frontier|2-agent (all, pooled)|all 2-agent runs (pooled)|pooled|H1 primary: rule_index alignment -> giving gap (partners' latest myths before the game) || alignment: frontier|2-agent (all, pooled)|all 2-agent runs (pooled)|pooled|H1 primary: give_align alignment -> giving gap (partners' latest myths before the game) || alignment: frontier|2-agent (all, pooled)|all 2-agent runs (pooled)|pooled|H1 primary: myth_cos alignment -> giving gap (partners' latest myths before the game) || alignment: frontier|8-agent (all, pooled)|all 8-agent runs (pooled)|pooled|H1 primary: same_label alignment -> send fraction (partners' latest myths before the game) || alignment: frontier|8-agent (all, pooled)|all 8-agent runs (pooled)|pooled|H1 primary: moral_cos alignment -> send fraction (partners' latest myths before the game) || alignment: frontier|8-agent (all, pooled)|all 8-agent runs (pooled)|pooled|H1 primary: rule_index alignment -> send fraction (partners' latest myths before the game) || alignment: frontier|8-agent (all, pooled)|all 8-agent runs (pooled)|pooled|H1 primary: give_align alignment -> send fraction (partners' latest myths before the game) || alignment: frontier|8-agent (all, pooled)|all 8-agent runs (pooled)|pooled|H1 primary: myth_cos alignment -> send fraction (partners' latest myths before the game) || alignment: frontier|8-agent (all, pooled)|all 8-agent runs (pooled)|pooled|H1 primary: same_label alignment -> return proportion (partners' latest myths before the game) || alignment: frontier|8-agent (all, pooled)|all 8-agent runs (pooled)|pooled|H1 primary: moral_cos alignment -> return proportion (partners' latest myths before the game) || alignment: frontier|8-agent (all, pooled)|all 8-agent runs (pooled)|pooled|H1 primary: rule_index alignment -> return proportion (partners' latest myths before the game) || alignment: frontier|8-agent (all, pooled)|all 8-agent runs (pooled)|pooled|H1 primary: give_align alignment -> return proportion (partners' latest myths before the game) || alignment: frontier|8-agent (all, pooled)|all 8-agent runs (pooled)|pooled|H1 primary: myth_cos alignment -> return proportion (partners' latest myths before the game) || alignment: frontier|8-agent (all, pooled)|all 8-agent runs (pooled)|pooled|H1 primary: same_label alignment -> giving gap (partners' latest myths before the game) || alignment: frontier|8-agent (all, pooled)|all 8-agent runs (pooled)|pooled|H1 primary: moral_cos alignment -> giving gap (partners' latest myths before the game) || alignment: frontier|8-agent (all, pooled)|all 8-agent runs (pooled)|pooled|H1 primary: rule_index alignment -> giving gap (partners' latest myths before the game) || alignment: frontier|8-agent (all, pooled)|all 8-agent runs (pooled)|pooled|H1 primary: give_align alignment -> giving gap (partners' latest myths before the game) || alignment: frontier|8-agent (all, pooled)|all 8-agent runs (pooled)|pooled|H1 primary: myth_cos alignment -> giving gap (partners' latest myths before the game)",66.0,
frontier,POOL,all settings (pooled row),1,8,Drift toward consistency,yes,"Opus judge +.24, kw -.01 / Sol judge +.27, kw -.01 / GeminiPro judge +.58, kw +.04",GLM judge flag per family (keyword in text),"summary over families: yes if any yes, else most common",,,,,,,consistency/scorecard_rows.csv#535; consistency/scorecard_rows.csv#520; consistency/scorecard_rows.csv#536; consistency/scorecard_rows.csv#521; consistency/scorecard_rows.csv#534; consistency/scorecard_rows.csv#519,consistency: frontier|all settings|all Opus runs|Opus|drift: GLM judge flag round 1 -> rounds 8-10 (task orders pooled) || consistency: frontier|all settings|all Opus runs|Opus|drift: keyword round 1 -> rounds 8-10 (task orders pooled) || consistency: frontier|all settings|all Sol runs|Sol|drift: GLM judge flag round 1 -> rounds 8-10 (task orders pooled) || consistency: frontier|all settings|all Sol runs|Sol|drift: keyword round 1 -> rounds 8-10 (task orders pooled) || consistency: frontier|all settings|all GeminiPro runs|GeminiPro|drift: GLM judge flag round 1 -> rounds 8-10 (task orders pooled) || consistency: frontier|all settings|all GeminiPro runs|GeminiPro|drift: keyword round 1 -> rounds 8-10 (task orders pooled),54.0,
frontier,POOL,all settings (pooled row),1,9,Consistency → cooperation,no detectable effect,"send -.003 ±.009 / return -.005 ±.005 / 106 runs, all families","GLM judge flag, all families",summary over send + return,,,,,,,consistency/scorecard_rows.csv#617; consistency/scorecard_rows.csv#665,"consistency: frontier|all settings|all runs|all|R2 own consistency -> send level (agent FE, lagged coop): GLM judge flag || consistency: frontier|all settings|all runs|all|R2 own consistency -> return proportion (agent FE, lagged coop): GLM judge flag",106.0,
frontier,POOL,all settings (pooled row),1,10,Stories add beyond past moves,no detectable effect,"send +0.000 (≤ 0.000) null / return +0.005 (≤ 0.011) sugg. / Δ send -0.001 (≤ 0.004) null / Opus return +0.039 (sugg.) / 86 runs, CV by run","raw ridge, pooled families","summary over 3 outcomes: yes if any yes, else most common (ties -> less evidence)",,,,,,,search/scorecard_rows.csv#102; search/scorecard_rows.csv#80; search/scorecard_rows.csv#50; search/scorecard_rows.csv#62,"search: frontier|all settings pooled, discovery split|all frontier runs|pooled|all myth features add held-out R2 for round-r send (raw, ridge) || search: frontier|all settings pooled, discovery split|all frontier runs|pooled|all myth features add held-out R2 for return share (raw, ridge) || search: frontier|all settings pooled, discovery split|all frontier runs|pooled|all myth features add held-out R2 for change in send (raw, ridge) || search: frontier|all settings pooled, discovery split|all frontier runs (Opus agents)|Opus|all myth features add held-out R2 for return share (raw, ridge)",86.0,
frontier,POOL,all settings (pooled row),1,11,Morals follow play,yes,"+0.53 [0.29, 0.77] / all runs, run FE / DeepSeek +0.33 (sugg.)","September pooled spec (run FE), send/5",lens pooled stratum (all settings),0.5295649612007539,0.2936058862716321,0.7655240361298756,,reverse (September pooled spec): send/5 → next myth 'be generous' [both orders],frontier|all settings|all runs|all|reverse (September pooled spec): send/5 → next myth 'be generous' [both orders],spread/scorecard_rows.csv#1400; spread/scorecard_rows.csv#1434,spread: frontier|all settings|all runs|all|reverse (September pooled spec): send/5 → next myth 'be generous' [both orders] || spread: frontier|all settings|all runs|all|ROBUSTNESS (DeepSeek labels) reverse pooled: send/5 → next myth 'be generous' [both orders],,
frontier,F2H,Opus dyads | Sol dyads | GeminiPro dyads,3,1,Own first story = plan,underpowered,4/4 sent the named $ / too few for $ per $ / 4 runs · Sol+Opus / Opus 0 named (low-n) / Sol 4/4 (low-n) / GeminiPro 5/5 (ceiling),"named-amount senders, pooled over Sol+Opus (plan r4.csv)",lens pooled stratum (setting); families listed,,,,4.0,"R4 own round-1 myth → round-1 send, named amount only ($/$)","frontier|2-agent|2-agent homogeneous|Sol+Opus|R4 own round-1 myth → round-1 send, named amount only ($/$)",plan/scorecard_rows.csv#206,"plan: frontier|2-agent|2-agent homogeneous|Sol+Opus|R4 own round-1 myth → round-1 send, named amount only ($/$)",4.0,
frontier,F2H,Opus dyads | Sol dyads | GeminiPro dyads,3,2,Read story → next send,not testable by design,dyads: shown myth is / always the partner's,reader's next send,lens rows (per family) all 'not testable by design',,,,,,,plan/scorecard_rows.csv#55; plan/scorecard_rows.csv#56; plan/scorecard_rows.csv#57,plan: frontier|2-agent|all dyads|GeminiPro|H2 shown myth stated amount → reader's next send ($/$) || plan: frontier|2-agent|all dyads|Opus|H2 shown myth stated amount → reader's next send ($/$) || plan: frontier|2-agent|all dyads|Sol|H2 shown myth stated amount → reader's next send ($/$),,
frontier,F2H,Opus dyads | Sol dyads | GeminiPro dyads,3,3,Read story → next story amount,not testable by design,dyads: shown myth is / always the partner's,reader's next myth amount,lens rows (per family) all 'not testable by design',,,,,,,plan/scorecard_rows.csv#1; plan/scorecard_rows.csv#2; plan/scorecard_rows.csv#3,plan: frontier|2-agent|all dyads|GeminiPro|H2 shown myth stated amount → reader's next myth amount ($/$) || plan: frontier|2-agent|all dyads|Opus|H2 shown myth stated amount → reader's next myth amount ($/$) || plan: frontier|2-agent|all dyads|Sol|H2 shown myth stated amount → reader's next myth amount ($/$),,
frontier,F2H,Opus dyads | Sol dyads | GeminiPro dyads,3,4,Words copied from read story,yes,"+8.7 [7.1, 10.3] pts † / 30 runs · same family / per family, m→g / g→m: / Opus +9.9 / +11.3 / Sol +4.5 / +5.5 / GeminiPro +7.8 / +12.9","word adoption, same family, both orders",lens pooled stratum (setting),8.674511686236979,7.126316125278553,10.282059100695024,30.0,"word adoption shown − unseen, same family [both orders]","frontier|2-agent homogeneous|all 2-agent homogeneous runs|all|word adoption shown − unseen, same family [both orders]",spread/scorecard_rows.csv#899; spread/scorecard_rows.csv#862; spread/scorecard_rows.csv#861; spread/scorecard_rows.csv#864; spread/scorecard_rows.csv#863; spread/scorecard_rows.csv#860; spread/scorecard_rows.csv#859,"spread: frontier|2-agent homogeneous|all 2-agent homogeneous runs|all|word adoption shown − unseen, same family [both orders] || spread: frontier|2-agent homogeneous|Opus dyads|Opus|word adoption shown − unseen, Opus shown Opus [myth→game] || spread: frontier|2-agent homogeneous|Opus dyads|Opus|word adoption shown − unseen, Opus shown Opus [game→myth] || spread: frontier|2-agent homogeneous|Sol dyads|Sol|word adoption shown − unseen, Sol shown Sol [myth→game] || spread: frontier|2-agent homogeneous|Sol dyads|Sol|word adoption shown − unseen, Sol shown Sol [game→myth] || spread: frontier|2-agent homogeneous|GeminiPro dyads|GeminiPro|word adoption shown − unseen, GeminiPro shown GeminiPro [myth→game] || spread: frontier|2-agent homogeneous|GeminiPro dyads|GeminiPro|word adoption shown − unseen, GeminiPro shown GeminiPro [game→myth]",30.0,"dyads: shared game history, unseen comparison from another run (not transmission evidence)"
frontier,F2H,Opus dyads | Sol dyads | GeminiPro dyads,3,5,Moral spreads within family,yes,"+9.4 [3.0, 16.3] pts † / 15 runs · no placebo (dyads) / DeepSeek +4.8 (null) / Opus +3.3 (low-n) / Sol +5.0 (low-n) / GeminiPro +20.0 (low-n)","moral label uptake, same family, myth→game, shown − unseen",lens pooled stratum (setting),9.44444444444444,2.96296296296296,16.29629629629629,15.0,"moral label uptake shown − unseen, same family [myth→game]","frontier|2-agent homogeneous|all 2-agent homogeneous runs|all|moral label uptake shown − unseen, same family [myth→game]",spread/scorecard_rows.csv#994; spread/scorecard_rows.csv#1425; spread/scorecard_rows.csv#911; spread/scorecard_rows.csv#913; spread/scorecard_rows.csv#909,"spread: frontier|2-agent homogeneous|all 2-agent homogeneous runs|all|moral label uptake shown − unseen, same family [myth→game] || spread: frontier|2-agent homogeneous|all 2-agent homogeneous runs|all|ROBUSTNESS (DeepSeek labels) moral label uptake shown − unseen, same family [myth→game] || spread: frontier|2-agent homogeneous|Opus dyads|Opus|moral label uptake shown − unseen, Opus shown Opus [myth→game] || spread: frontier|2-agent homogeneous|Sol dyads|Sol|moral label uptake shown − unseen, Sol shown Sol [myth→game] || spread: frontier|2-agent homogeneous|GeminiPro dyads|GeminiPro|moral label uptake shown − unseen, GeminiPro shown GeminiPro [myth→game]",15.0,"dyads: shared game history, no future-myth placebo"
frontier,F2H,Opus dyads | Sol dyads | GeminiPro dyads,3,6,Moral spreads across families,not testable by design,one family only,,homogeneous rows have no other family,,,,,,,,,,status assigned from the design; no lens row
frontier,F2H,Opus dyads,1,7,Matching norms → cooperation,underpowered,0/15 Holm / 4 null · 10 low-n · 1 ceiling,15 H1 primary tests,"summary: yes if any lens row yes, else most common status (ties -> less evidence)",,,,,,,alignment/scorecard_rows.csv#1882; alignment/scorecard_rows.csv#1883; alignment/scorecard_rows.csv#1884; alignment/scorecard_rows.csv#1885; alignment/scorecard_rows.csv#1886; alignment/scorecard_rows.csv#1887; alignment/scorecard_rows.csv#1888; alignment/scorecard_rows.csv#1889; alignment/scorecard_rows.csv#1890; alignment/scorecard_rows.csv#1891; alignment/scorecard_rows.csv#1892; alignment/scorecard_rows.csv#1893; alignment/scorecard_rows.csv#1894; alignment/scorecard_rows.csv#1895; alignment/scorecard_rows.csv#1896,alignment: frontier|2-agent homogeneous|Opus dyads|Opus|H1 primary: same_label alignment -> send fraction (partners' latest myths before the game) || alignment: frontier|2-agent homogeneous|Opus dyads|Opus|H1 primary: moral_cos alignment -> send fraction (partners' latest myths before the game) || alignment: frontier|2-agent homogeneous|Opus dyads|Opus|H1 primary: rule_index alignment -> send fraction (partners' latest myths before the game) || alignment: frontier|2-agent homogeneous|Opus dyads|Opus|H1 primary: give_align alignment -> send fraction (partners' latest myths before the game) || alignment: frontier|2-agent homogeneous|Opus dyads|Opus|H1 primary: myth_cos alignment -> send fraction (partners' latest myths before the game) || alignment: frontier|2-agent homogeneous|Opus dyads|Opus|H1 primary: same_label alignment -> return proportion (partners' latest myths before the game) || alignment: frontier|2-agent homogeneous|Opus dyads|Opus|H1 primary: moral_cos alignment -> return proportion (partners' latest myths before the game) || alignment: frontier|2-agent homogeneous|Opus dyads|Opus|H1 primary: rule_index alignment -> return proportion (partners' latest myths before the game) || alignment: frontier|2-agent homogeneous|Opus dyads|Opus|H1 primary: give_align alignment -> return proportion (partners' latest myths before the game) || alignment: frontier|2-agent homogeneous|Opus dyads|Opus|H1 primary: myth_cos alignment -> return proportion (partners' latest myths before the game) || alignment: frontier|2-agent homogeneous|Opus dyads|Opus|H1 primary: same_label alignment -> giving gap (partners' latest myths before the game) || alignment: frontier|2-agent homogeneous|Opus dyads|Opus|H1 primary: moral_cos alignment -> giving gap (partners' latest myths before the game) || alignment: frontier|2-agent homogeneous|Opus dyads|Opus|H1 primary: rule_index alignment -> giving gap (partners' latest myths before the game) || alignment: frontier|2-agent homogeneous|Opus dyads|Opus|H1 primary: give_align alignment -> giving gap (partners' latest myths before the game) || alignment: frontier|2-agent homogeneous|Opus dyads|Opus|H1 primary: myth_cos alignment -> giving gap (partners' latest myths before the game),10.0,
frontier,F2H,Opus dyads,1,8,Drift toward consistency,suggestive,judge +0.30 (.60→.90) / kw +0.00 (low-n) · 10 runs,GLM judge flag (keyword in text),lens status of the judge-flag row ('yes' needs both judges),0.3,0.1167,0.4833,10.0,drift: GLM judge flag round 1 -> rounds 8-10 (task orders pooled),frontier|2-agent homogeneous|Opus dyads|Opus|drift: GLM judge flag round 1 -> rounds 8-10 (task orders pooled),consistency/scorecard_rows.csv#523; consistency/scorecard_rows.csv#508,consistency: frontier|2-agent homogeneous|Opus dyads|Opus|drift: GLM judge flag round 1 -> rounds 8-10 (task orders pooled) || consistency: frontier|2-agent homogeneous|Opus dyads|Opus|drift: keyword round 1 -> rounds 8-10 (task orders pooled),10.0,
frontier,F2H,Opus dyads,1,9,Consistency → cooperation,no detectable effect,send -.012 ±.019 / ret +.002 ±.036 · 10 runs,GLM judge flag → send level and return share (agent FE),"summary over send + return (and families): yes if any yes, else most common (ties -> less evidence)",,,,,,,consistency/scorecard_rows.csv#618; consistency/scorecard_rows.csv#667,"consistency: frontier|2-agent homogeneous|Opus dyads|Opus|R2 own consistency -> send level (agent FE, lagged coop): GLM judge flag || consistency: frontier|2-agent homogeneous|Opus dyads|Opus|R2 own consistency -> return proportion (agent FE, lagged coop): GLM judge flag",10.0,Opus send level: effect shown but lens status ceiling
frontier,F2H,Opus dyads | Sol dyads | GeminiPro dyads,3,10,Stories add beyond past moves,,pooled only ↑,,search lens computed held-out gain only over all settings,,,,,,,,,,
frontier,F2H,Opus dyads | Sol dyads | GeminiPro dyads,3,11,Morals follow play,no detectable effect,"+0.36 [-0.15, 0.87] / agent-level 0/3 Holm, 0 raw","September pooled spec (run FE), send/5",lens pooled stratum (setting); within-agent family rows counted in text,0.3573331699433211,-0.1545943770802806,0.8692607169669229,,reverse (September pooled spec): send/5 → next myth 'be generous' [both orders],frontier|2-agent homogeneous|all 2-agent homogeneous runs|all|reverse (September pooled spec): send/5 → next myth 'be generous' [both orders],spread/scorecard_rows.csv#1392; spread/scorecard_rows.csv#1238; spread/scorecard_rows.csv#1268; spread/scorecard_rows.csv#1298,spread: frontier|2-agent homogeneous|all 2-agent homogeneous runs|all|reverse (September pooled spec): send/5 → next myth 'be generous' [both orders] || spread: frontier|2-agent homogeneous|GeminiPro dyads|GeminiPro|reverse: +0.1 send/5 in a game → P(next myth 'be generous') [both orders] || spread: frontier|2-agent homogeneous|Opus dyads|Opus|reverse: +0.1 send/5 in a game → P(next myth 'be generous') [both orders] || spread: frontier|2-agent homogeneous|Sol dyads|Sol|reverse: +0.1 send/5 in a game → P(next myth 'be generous') [both orders],10.0,
frontier,F2H,Sol dyads,1,7,Matching norms → cooperation,underpowered,0/15 Holm / 4 null · 11 low-n,15 H1 primary tests,"summary: yes if any lens row yes, else most common status (ties -> less evidence)",,,,,,,alignment/scorecard_rows.csv#1897; alignment/scorecard_rows.csv#1898; alignment/scorecard_rows.csv#1899; alignment/scorecard_rows.csv#1900; alignment/scorecard_rows.csv#1901; alignment/scorecard_rows.csv#1902; alignment/scorecard_rows.csv#1903; alignment/scorecard_rows.csv#1904; alignment/scorecard_rows.csv#1905; alignment/scorecard_rows.csv#1906; alignment/scorecard_rows.csv#1907; alignment/scorecard_rows.csv#1908; alignment/scorecard_rows.csv#1909; alignment/scorecard_rows.csv#1910; alignment/scorecard_rows.csv#1911,alignment: frontier|2-agent homogeneous|Sol dyads|Sol|H1 primary: same_label alignment -> send fraction (partners' latest myths before the game) || alignment: frontier|2-agent homogeneous|Sol dyads|Sol|H1 primary: moral_cos alignment -> send fraction (partners' latest myths before the game) || alignment: frontier|2-agent homogeneous|Sol dyads|Sol|H1 primary: rule_index alignment -> send fraction (partners' latest myths before the game) || alignment: frontier|2-agent homogeneous|Sol dyads|Sol|H1 primary: give_align alignment -> send fraction (partners' latest myths before the game) || alignment: frontier|2-agent homogeneous|Sol dyads|Sol|H1 primary: myth_cos alignment -> send fraction (partners' latest myths before the game) || alignment: frontier|2-agent homogeneous|Sol dyads|Sol|H1 primary: same_label alignment -> return proportion (partners' latest myths before the game) || alignment: frontier|2-agent homogeneous|Sol dyads|Sol|H1 primary: moral_cos alignment -> return proportion (partners' latest myths before the game) || alignment: frontier|2-agent homogeneous|Sol dyads|Sol|H1 primary: rule_index alignment -> return proportion (partners' latest myths before the game) || alignment: frontier|2-agent homogeneous|Sol dyads|Sol|H1 primary: give_align alignment -> return proportion (partners' latest myths before the game) || alignment: frontier|2-agent homogeneous|Sol dyads|Sol|H1 primary: myth_cos alignment -> return proportion (partners' latest myths before the game) || alignment: frontier|2-agent homogeneous|Sol dyads|Sol|H1 primary: same_label alignment -> giving gap (partners' latest myths before the game) || alignment: frontier|2-agent homogeneous|Sol dyads|Sol|H1 primary: moral_cos alignment -> giving gap (partners' latest myths before the game) || alignment: frontier|2-agent homogeneous|Sol dyads|Sol|H1 primary: rule_index alignment -> giving gap (partners' latest myths before the game) || alignment: frontier|2-agent homogeneous|Sol dyads|Sol|H1 primary: give_align alignment -> giving gap (partners' latest myths before the game) || alignment: frontier|2-agent homogeneous|Sol dyads|Sol|H1 primary: myth_cos alignment -> giving gap (partners' latest myths before the game),10.0,
frontier,F2H,Sol dyads,1,8,Drift toward consistency,no detectable effect,judge +0.07 (.75→.82) / kw +0.00 (null) · 10 runs,GLM judge flag (keyword in text),lens status of the judge-flag row ('yes' needs both judges),0.0667,-0.1833,0.3667,10.0,drift: GLM judge flag round 1 -> rounds 8-10 (task orders pooled),frontier|2-agent homogeneous|Sol dyads|Sol|drift: GLM judge flag round 1 -> rounds 8-10 (task orders pooled),consistency/scorecard_rows.csv#524; consistency/scorecard_rows.csv#509,consistency: frontier|2-agent homogeneous|Sol dyads|Sol|drift: GLM judge flag round 1 -> rounds 8-10 (task orders pooled) || consistency: frontier|2-agent homogeneous|Sol dyads|Sol|drift: keyword round 1 -> rounds 8-10 (task orders pooled),10.0,
frontier,F2H,Sol dyads,1,9,Consistency → cooperation,no detectable effect,send +.091 ±.160 / ret +.016 ±.049 · 10 runs,GLM judge flag → send level and return share (agent FE),"summary over send + return (and families): yes if any yes, else most common (ties -> less evidence)",,,,,,,consistency/scorecard_rows.csv#619; consistency/scorecard_rows.csv#668,"consistency: frontier|2-agent homogeneous|Sol dyads|Sol|R2 own consistency -> send level (agent FE, lagged coop): GLM judge flag || consistency: frontier|2-agent homogeneous|Sol dyads|Sol|R2 own consistency -> return proportion (agent FE, lagged coop): GLM judge flag",10.0,
frontier,F2H,GeminiPro dyads,1,7,Matching norms → cooperation,underpowered,0/15 Holm / 4 null · 10 low-n · 1 ceiling,15 H1 primary tests,"summary: yes if any lens row yes, else most common status (ties -> less evidence)",,,,,,,alignment/scorecard_rows.csv#1867; alignment/scorecard_rows.csv#1868; alignment/scorecard_rows.csv#1869; alignment/scorecard_rows.csv#1870; alignment/scorecard_rows.csv#1871; alignment/scorecard_rows.csv#1872; alignment/scorecard_rows.csv#1873; alignment/scorecard_rows.csv#1874; alignment/scorecard_rows.csv#1875; alignment/scorecard_rows.csv#1876; alignment/scorecard_rows.csv#1877; alignment/scorecard_rows.csv#1878; alignment/scorecard_rows.csv#1879; alignment/scorecard_rows.csv#1880; alignment/scorecard_rows.csv#1881,alignment: frontier|2-agent homogeneous|GeminiPro dyads|GeminiPro|H1 primary: same_label alignment -> send fraction (partners' latest myths before the game) || alignment: frontier|2-agent homogeneous|GeminiPro dyads|GeminiPro|H1 primary: moral_cos alignment -> send fraction (partners' latest myths before the game) || alignment: frontier|2-agent homogeneous|GeminiPro dyads|GeminiPro|H1 primary: rule_index alignment -> send fraction (partners' latest myths before the game) || alignment: frontier|2-agent homogeneous|GeminiPro dyads|GeminiPro|H1 primary: give_align alignment -> send fraction (partners' latest myths before the game) || alignment: frontier|2-agent homogeneous|GeminiPro dyads|GeminiPro|H1 primary: myth_cos alignment -> send fraction (partners' latest myths before the game) || alignment: frontier|2-agent homogeneous|GeminiPro dyads|GeminiPro|H1 primary: same_label alignment -> return proportion (partners' latest myths before the game) || alignment: frontier|2-agent homogeneous|GeminiPro dyads|GeminiPro|H1 primary: moral_cos alignment -> return proportion (partners' latest myths before the game) || alignment: frontier|2-agent homogeneous|GeminiPro dyads|GeminiPro|H1 primary: rule_index alignment -> return proportion (partners' latest myths before the game) || alignment: frontier|2-agent homogeneous|GeminiPro dyads|GeminiPro|H1 primary: give_align alignment -> return proportion (partners' latest myths before the game) || alignment: frontier|2-agent homogeneous|GeminiPro dyads|GeminiPro|H1 primary: myth_cos alignment -> return proportion (partners' latest myths before the game) || alignment: frontier|2-agent homogeneous|GeminiPro dyads|GeminiPro|H1 primary: same_label alignment -> giving gap (partners' latest myths before the game) || alignment: frontier|2-agent homogeneous|GeminiPro dyads|GeminiPro|H1 primary: moral_cos alignment -> giving gap (partners' latest myths before the game) || alignment: frontier|2-agent homogeneous|GeminiPro dyads|GeminiPro|H1 primary: rule_index alignment -> giving gap (partners' latest myths before the game) || alignment: frontier|2-agent homogeneous|GeminiPro dyads|GeminiPro|H1 primary: give_align alignment -> giving gap (partners' latest myths before the game) || alignment: frontier|2-agent homogeneous|GeminiPro dyads|GeminiPro|H1 primary: myth_cos alignment -> giving gap (partners' latest myths before the game),10.0,
frontier,F2H,GeminiPro dyads,1,8,Drift toward consistency,yes,judge +0.55 (.35→.90) / kw +0.10 (null) · 10 runs,GLM judge flag (keyword in text),lens status of the judge-flag row ('yes' needs both judges),0.55,0.3333,0.7667,10.0,drift: GLM judge flag round 1 -> rounds 8-10 (task orders pooled),frontier|2-agent homogeneous|GeminiPro dyads|GeminiPro|drift: GLM judge flag round 1 -> rounds 8-10 (task orders pooled),consistency/scorecard_rows.csv#522; consistency/scorecard_rows.csv#507,consistency: frontier|2-agent homogeneous|GeminiPro dyads|GeminiPro|drift: GLM judge flag round 1 -> rounds 8-10 (task orders pooled) || consistency: frontier|2-agent homogeneous|GeminiPro dyads|GeminiPro|drift: keyword round 1 -> rounds 8-10 (task orders pooled),10.0,
frontier,F2H,GeminiPro dyads,1,9,Consistency → cooperation,yes,send ceiling · lens-wide .39 / ret +.038 ±.024* · 10 runs,GLM judge flag → send level and return share (agent FE),"summary over send + return (and families): yes if any yes, else most common (ties -> less evidence)",,,,,,,consistency/scorecard_rows.csv#627; consistency/scorecard_rows.csv#666,"consistency: frontier|2-agent homogeneous|GeminiPro dyads|GeminiPro|R2 own consistency -> send level (agent FE, lagged coop): GLM judge flag || consistency: frontier|2-agent homogeneous|GeminiPro dyads|GeminiPro|R2 own consistency -> return proportion (agent FE, lagged coop): GLM judge flag",10.0,return proportion GeminiPro yes (holm_p 0.018; lens-wide Holm 0.393)
frontier,F2M,Opus+Sol dyads | Opus+GeminiPro dyads | GeminiPro+Sol dyads,3,1,Own first story = plan,underpowered,8/8 sent the named $ / too few for $ per $ / 8 runs · Sol+Opus / Opus 3/3 (low-n) / Sol 5/5 (low-n) / GeminiPro 6/6 (ceiling),"named-amount senders, pooled over Sol+Opus (plan r4.csv)",lens pooled stratum (setting); families listed,,,,8.0,"R4 own round-1 myth → round-1 send, named amount only ($/$)","frontier|2-agent|2-agent mixed|Sol+Opus|R4 own round-1 myth → round-1 send, named amount only ($/$)",plan/scorecard_rows.csv#210,"plan: frontier|2-agent|2-agent mixed|Sol+Opus|R4 own round-1 myth → round-1 send, named amount only ($/$)",8.0,
frontier,F2M,Opus+Sol dyads | Opus+GeminiPro dyads | GeminiPro+Sol dyads,3,2,Read story → next send,not testable by design,dyads: shown myth is / always the partner's,reader's next send,lens rows (per family) all 'not testable by design',,,,,,,plan/scorecard_rows.csv#55; plan/scorecard_rows.csv#56; plan/scorecard_rows.csv#57,plan: frontier|2-agent|all dyads|GeminiPro|H2 shown myth stated amount → reader's next send ($/$) || plan: frontier|2-agent|all dyads|Opus|H2 shown myth stated amount → reader's next send ($/$) || plan: frontier|2-agent|all dyads|Sol|H2 shown myth stated amount → reader's next send ($/$),,
frontier,F2M,Opus+Sol dyads | Opus+GeminiPro dyads | GeminiPro+Sol dyads,3,3,Read story → next story amount,not testable by design,dyads: shown myth is / always the partner's,reader's next myth amount,lens rows (per family) all 'not testable by design',,,,,,,plan/scorecard_rows.csv#1; plan/scorecard_rows.csv#2; plan/scorecard_rows.csv#3,plan: frontier|2-agent|all dyads|GeminiPro|H2 shown myth stated amount → reader's next myth amount ($/$) || plan: frontier|2-agent|all dyads|Opus|H2 shown myth stated amount → reader's next myth amount ($/$) || plan: frontier|2-agent|all dyads|Sol|H2 shown myth stated amount → reader's next myth amount ($/$),,
frontier,F2M,Opus+Sol dyads | Opus+GeminiPro dyads | GeminiPro+Sol dyads,3,4,Words copied from read story,yes,"+3.9 [2.9, 5.2] pts † / 36 runs · cross-family / myth→game +4.5 (yes) / game→myth +3.4 (yes)","word adoption, other family, both orders",lens pooled stratum (setting),3.93475101359492,2.9404296575126043,5.218865610749706,36.0,"word adoption shown − unseen, other family [both orders]","frontier|2-agent mixed|all 2-agent mixed runs|all|word adoption shown − unseen, other family [both orders]",spread/scorecard_rows.csv#902; spread/scorecard_rows.csv#904; spread/scorecard_rows.csv#903,"spread: frontier|2-agent mixed|all 2-agent mixed runs|all|word adoption shown − unseen, other family [both orders] || spread: frontier|2-agent mixed|all 2-agent mixed runs|all|word adoption shown − unseen, other family [myth→game] || spread: frontier|2-agent mixed|all 2-agent mixed runs|all|word adoption shown − unseen, other family [game→myth]",36.0,"dyads: shared game history, unseen comparison from another run (not transmission evidence)"
frontier,F2M,Opus+Sol dyads | Opus+GeminiPro dyads | GeminiPro+Sol dyads,3,5,Moral spreads within family,not testable by design,"dyad partner is
always the other family",,no same-family reading in mixed dyads,,,,,,,,,,status assigned from the design; no lens row
frontier,F2M,Opus+Sol dyads | Opus+GeminiPro dyads | GeminiPro+Sol dyads,3,6,Moral spreads across families,no detectable effect,"+7.7 [-0.2, 15.9] pts † / 18 runs · no placebo (dyads) / DeepSeek +5.1 (null)","moral label uptake, other family, myth→game, shown − unseen",lens pooled stratum (setting),7.716049382716041,-0.18518518518518,15.86419753086419,18.0,"moral label uptake shown − unseen, other family [myth→game]","frontier|2-agent mixed|all 2-agent mixed runs|all|moral label uptake shown − unseen, other family [myth→game]",spread/scorecard_rows.csv#996; spread/scorecard_rows.csv#1427,"spread: frontier|2-agent mixed|all 2-agent mixed runs|all|moral label uptake shown − unseen, other family [myth→game] || spread: frontier|2-agent mixed|all 2-agent mixed runs|all|ROBUSTNESS (DeepSeek labels) moral label uptake shown − unseen, other family [myth→game]",18.0,"dyads: shared game history, no future-myth placebo"
frontier,F2M,Opus+Sol dyads,1,7,Matching norms → cooperation,underpowered,0/15 Holm · 1 raw p / 4 null · 10 low-n,15 H1 primary tests,"summary: yes if any lens row yes, else most common status (ties -> less evidence)",,,,,,,alignment/scorecard_rows.csv#1942; alignment/scorecard_rows.csv#1943; alignment/scorecard_rows.csv#1944; alignment/scorecard_rows.csv#1945; alignment/scorecard_rows.csv#1946; alignment/scorecard_rows.csv#1947; alignment/scorecard_rows.csv#1948; alignment/scorecard_rows.csv#1949; alignment/scorecard_rows.csv#1950; alignment/scorecard_rows.csv#1951; alignment/scorecard_rows.csv#1952; alignment/scorecard_rows.csv#1953; alignment/scorecard_rows.csv#1954; alignment/scorecard_rows.csv#1955; alignment/scorecard_rows.csv#1956,alignment: frontier|2-agent mixed|Opus+Sol dyads|mixed|H1 primary: same_label alignment -> send fraction (partners' latest myths before the game) || alignment: frontier|2-agent mixed|Opus+Sol dyads|mixed|H1 primary: moral_cos alignment -> send fraction (partners' latest myths before the game) || alignment: frontier|2-agent mixed|Opus+Sol dyads|mixed|H1 primary: rule_index alignment -> send fraction (partners' latest myths before the game) || alignment: frontier|2-agent mixed|Opus+Sol dyads|mixed|H1 primary: give_align alignment -> send fraction (partners' latest myths before the game) || alignment: frontier|2-agent mixed|Opus+Sol dyads|mixed|H1 primary: myth_cos alignment -> send fraction (partners' latest myths before the game) || alignment: frontier|2-agent mixed|Opus+Sol dyads|mixed|H1 primary: same_label alignment -> return proportion (partners' latest myths before the game) || alignment: frontier|2-agent mixed|Opus+Sol dyads|mixed|H1 primary: moral_cos alignment -> return proportion (partners' latest myths before the game) || alignment: frontier|2-agent mixed|Opus+Sol dyads|mixed|H1 primary: rule_index alignment -> return proportion (partners' latest myths before the game) || alignment: frontier|2-agent mixed|Opus+Sol dyads|mixed|H1 primary: give_align alignment -> return proportion (partners' latest myths before the game) || alignment: frontier|2-agent mixed|Opus+Sol dyads|mixed|H1 primary: myth_cos alignment -> return proportion (partners' latest myths before the game) || alignment: frontier|2-agent mixed|Opus+Sol dyads|mixed|H1 primary: same_label alignment -> giving gap (partners' latest myths before the game) || alignment: frontier|2-agent mixed|Opus+Sol dyads|mixed|H1 primary: moral_cos alignment -> giving gap (partners' latest myths before the game) || alignment: frontier|2-agent mixed|Opus+Sol dyads|mixed|H1 primary: rule_index alignment -> giving gap (partners' latest myths before the game) || alignment: frontier|2-agent mixed|Opus+Sol dyads|mixed|H1 primary: give_align alignment -> giving gap (partners' latest myths before the game) || alignment: frontier|2-agent mixed|Opus+Sol dyads|mixed|H1 primary: myth_cos alignment -> giving gap (partners' latest myths before the game),12.0,
frontier,F2M,Opus+Sol dyads | Opus+GeminiPro dyads | GeminiPro+Sol dyads,3,8,Drift toward consistency,yes,"Opus: judge +.15 (null) /    kw -.03 (low-n), 24 runs / Sol: judge +.29 (sugg.) /    kw -.08 (null), 24 runs / GeminiPro: judge +.58 (yes) /    kw +.03 (low-n), 24 runs",GLM judge flag per family (keyword in text),"summary over families: yes if any yes, else most common",,,,,,,consistency/scorecard_rows.csv#526; consistency/scorecard_rows.csv#511; consistency/scorecard_rows.csv#527; consistency/scorecard_rows.csv#512; consistency/scorecard_rows.csv#525; consistency/scorecard_rows.csv#510,"consistency: frontier|2-agent mixed|mixed dyads, Opus members|Opus|drift: GLM judge flag round 1 -> rounds 8-10 (task orders pooled) || consistency: frontier|2-agent mixed|mixed dyads, Opus members|Opus|drift: keyword round 1 -> rounds 8-10 (task orders pooled) || consistency: frontier|2-agent mixed|mixed dyads, Sol members|Sol|drift: GLM judge flag round 1 -> rounds 8-10 (task orders pooled) || consistency: frontier|2-agent mixed|mixed dyads, Sol members|Sol|drift: keyword round 1 -> rounds 8-10 (task orders pooled) || consistency: frontier|2-agent mixed|mixed dyads, GeminiPro members|GeminiPro|drift: GLM judge flag round 1 -> rounds 8-10 (task orders pooled) || consistency: frontier|2-agent mixed|mixed dyads, GeminiPro members|GeminiPro|drift: keyword round 1 -> rounds 8-10 (task orders pooled)",24.0,
frontier,F2M,Opus+Sol dyads | Opus+GeminiPro dyads | GeminiPro+Sol dyads,3,9,Consistency → cooperation,no detectable effect,Opus: send -.007 ±.013 /    ret -.004 ±.022 / Sol: send +.002 ±.029 /    ret +.003 ±.016 / GeminiPro: send ceiling /    ret +.020 ±.039,GLM judge flag → send level and return share (agent FE),"summary over send + return (and families): yes if any yes, else most common (ties -> less evidence)",,,,,,,consistency/scorecard_rows.csv#620; consistency/scorecard_rows.csv#670; consistency/scorecard_rows.csv#621; consistency/scorecard_rows.csv#671; consistency/scorecard_rows.csv#628; consistency/scorecard_rows.csv#669,"consistency: frontier|2-agent mixed|mixed dyads, Opus members|Opus|R2 own consistency -> send level (agent FE, lagged coop): GLM judge flag || consistency: frontier|2-agent mixed|mixed dyads, Opus members|Opus|R2 own consistency -> return proportion (agent FE, lagged coop): GLM judge flag || consistency: frontier|2-agent mixed|mixed dyads, Sol members|Sol|R2 own consistency -> send level (agent FE, lagged coop): GLM judge flag || consistency: frontier|2-agent mixed|mixed dyads, Sol members|Sol|R2 own consistency -> return proportion (agent FE, lagged coop): GLM judge flag || consistency: frontier|2-agent mixed|mixed dyads, GeminiPro members|GeminiPro|R2 own consistency -> send level (agent FE, lagged coop): GLM judge flag || consistency: frontier|2-agent mixed|mixed dyads, GeminiPro members|GeminiPro|R2 own consistency -> return proportion (agent FE, lagged coop): GLM judge flag",24.0,Opus send level: effect shown but lens status ceiling
frontier,F2M,Opus+Sol dyads | Opus+GeminiPro dyads | GeminiPro+Sol dyads,3,10,Stories add beyond past moves,,pooled only ↑,,search lens computed held-out gain only over all settings,,,,,,,,,,
frontier,F2M,Opus+Sol dyads | Opus+GeminiPro dyads | GeminiPro+Sol dyads,3,11,Morals follow play,no detectable effect,"+0.64 [-0.58, 1.86] / agent-level 0/6 Holm, 0 raw","September pooled spec (run FE), send/5",lens pooled stratum (setting); within-agent family rows counted in text,0.6370817049495214,-0.5827907686454703,1.8569541785445132,,reverse (September pooled spec): send/5 → next myth 'be generous' [both orders],frontier|2-agent mixed|all 2-agent mixed runs|all|reverse (September pooled spec): send/5 → next myth 'be generous' [both orders],spread/scorecard_rows.csv#1394; spread/scorecard_rows.csv#1244; spread/scorecard_rows.csv#1250; spread/scorecard_rows.csv#1274; spread/scorecard_rows.csv#1280; spread/scorecard_rows.csv#1304; spread/scorecard_rows.csv#1310,spread: frontier|2-agent mixed|all 2-agent mixed runs|all|reverse (September pooled spec): send/5 → next myth 'be generous' [both orders] || spread: frontier|2-agent mixed|GeminiPro+Sol dyads|GeminiPro|reverse: +0.1 send/5 in a game → P(next myth 'be generous') [both orders] || spread: frontier|2-agent mixed|Opus+GeminiPro dyads|GeminiPro|reverse: +0.1 send/5 in a game → P(next myth 'be generous') [both orders] || spread: frontier|2-agent mixed|Opus+GeminiPro dyads|Opus|reverse: +0.1 send/5 in a game → P(next myth 'be generous') [both orders] || spread: frontier|2-agent mixed|Opus+Sol dyads|Opus|reverse: +0.1 send/5 in a game → P(next myth 'be generous') [both orders] || spread: frontier|2-agent mixed|GeminiPro+Sol dyads|Sol|reverse: +0.1 send/5 in a game → P(next myth 'be generous') [both orders] || spread: frontier|2-agent mixed|Opus+Sol dyads|Sol|reverse: +0.1 send/5 in a game → P(next myth 'be generous') [both orders],12.0,
frontier,F2M,Opus+GeminiPro dyads,1,7,Matching norms → cooperation,underpowered,0/15 Holm / 5 null · 10 low-n,15 H1 primary tests,"summary: yes if any lens row yes, else most common status (ties -> less evidence)",,,,,,,alignment/scorecard_rows.csv#1927; alignment/scorecard_rows.csv#1928; alignment/scorecard_rows.csv#1929; alignment/scorecard_rows.csv#1930; alignment/scorecard_rows.csv#1931; alignment/scorecard_rows.csv#1932; alignment/scorecard_rows.csv#1933; alignment/scorecard_rows.csv#1934; alignment/scorecard_rows.csv#1935; alignment/scorecard_rows.csv#1936; alignment/scorecard_rows.csv#1937; alignment/scorecard_rows.csv#1938; alignment/scorecard_rows.csv#1939; alignment/scorecard_rows.csv#1940; alignment/scorecard_rows.csv#1941,alignment: frontier|2-agent mixed|Opus+GeminiPro dyads|mixed|H1 primary: same_label alignment -> send fraction (partners' latest myths before the game) || alignment: frontier|2-agent mixed|Opus+GeminiPro dyads|mixed|H1 primary: moral_cos alignment -> send fraction (partners' latest myths before the game) || alignment: frontier|2-agent mixed|Opus+GeminiPro dyads|mixed|H1 primary: rule_index alignment -> send fraction (partners' latest myths before the game) || alignment: frontier|2-agent mixed|Opus+GeminiPro dyads|mixed|H1 primary: give_align alignment -> send fraction (partners' latest myths before the game) || alignment: frontier|2-agent mixed|Opus+GeminiPro dyads|mixed|H1 primary: myth_cos alignment -> send fraction (partners' latest myths before the game) || alignment: frontier|2-agent mixed|Opus+GeminiPro dyads|mixed|H1 primary: same_label alignment -> return proportion (partners' latest myths before the game) || alignment: frontier|2-agent mixed|Opus+GeminiPro dyads|mixed|H1 primary: moral_cos alignment -> return proportion (partners' latest myths before the game) || alignment: frontier|2-agent mixed|Opus+GeminiPro dyads|mixed|H1 primary: rule_index alignment -> return proportion (partners' latest myths before the game) || alignment: frontier|2-agent mixed|Opus+GeminiPro dyads|mixed|H1 primary: give_align alignment -> return proportion (partners' latest myths before the game) || alignment: frontier|2-agent mixed|Opus+GeminiPro dyads|mixed|H1 primary: myth_cos alignment -> return proportion (partners' latest myths before the game) || alignment: frontier|2-agent mixed|Opus+GeminiPro dyads|mixed|H1 primary: same_label alignment -> giving gap (partners' latest myths before the game) || alignment: frontier|2-agent mixed|Opus+GeminiPro dyads|mixed|H1 primary: moral_cos alignment -> giving gap (partners' latest myths before the game) || alignment: frontier|2-agent mixed|Opus+GeminiPro dyads|mixed|H1 primary: rule_index alignment -> giving gap (partners' latest myths before the game) || alignment: frontier|2-agent mixed|Opus+GeminiPro dyads|mixed|H1 primary: give_align alignment -> giving gap (partners' latest myths before the game) || alignment: frontier|2-agent mixed|Opus+GeminiPro dyads|mixed|H1 primary: myth_cos alignment -> giving gap (partners' latest myths before the game),12.0,
frontier,F2M,GeminiPro+Sol dyads,1,7,Matching norms → cooperation,underpowered,0/15 Holm / 5 null · 10 low-n,15 H1 primary tests,"summary: yes if any lens row yes, else most common status (ties -> less evidence)",,,,,,,alignment/scorecard_rows.csv#1912; alignment/scorecard_rows.csv#1913; alignment/scorecard_rows.csv#1914; alignment/scorecard_rows.csv#1915; alignment/scorecard_rows.csv#1916; alignment/scorecard_rows.csv#1917; alignment/scorecard_rows.csv#1918; alignment/scorecard_rows.csv#1919; alignment/scorecard_rows.csv#1920; alignment/scorecard_rows.csv#1921; alignment/scorecard_rows.csv#1922; alignment/scorecard_rows.csv#1923; alignment/scorecard_rows.csv#1924; alignment/scorecard_rows.csv#1925; alignment/scorecard_rows.csv#1926,alignment: frontier|2-agent mixed|GeminiPro+Sol dyads|mixed|H1 primary: same_label alignment -> send fraction (partners' latest myths before the game) || alignment: frontier|2-agent mixed|GeminiPro+Sol dyads|mixed|H1 primary: moral_cos alignment -> send fraction (partners' latest myths before the game) || alignment: frontier|2-agent mixed|GeminiPro+Sol dyads|mixed|H1 primary: rule_index alignment -> send fraction (partners' latest myths before the game) || alignment: frontier|2-agent mixed|GeminiPro+Sol dyads|mixed|H1 primary: give_align alignment -> send fraction (partners' latest myths before the game) || alignment: frontier|2-agent mixed|GeminiPro+Sol dyads|mixed|H1 primary: myth_cos alignment -> send fraction (partners' latest myths before the game) || alignment: frontier|2-agent mixed|GeminiPro+Sol dyads|mixed|H1 primary: same_label alignment -> return proportion (partners' latest myths before the game) || alignment: frontier|2-agent mixed|GeminiPro+Sol dyads|mixed|H1 primary: moral_cos alignment -> return proportion (partners' latest myths before the game) || alignment: frontier|2-agent mixed|GeminiPro+Sol dyads|mixed|H1 primary: rule_index alignment -> return proportion (partners' latest myths before the game) || alignment: frontier|2-agent mixed|GeminiPro+Sol dyads|mixed|H1 primary: give_align alignment -> return proportion (partners' latest myths before the game) || alignment: frontier|2-agent mixed|GeminiPro+Sol dyads|mixed|H1 primary: myth_cos alignment -> return proportion (partners' latest myths before the game) || alignment: frontier|2-agent mixed|GeminiPro+Sol dyads|mixed|H1 primary: same_label alignment -> giving gap (partners' latest myths before the game) || alignment: frontier|2-agent mixed|GeminiPro+Sol dyads|mixed|H1 primary: moral_cos alignment -> giving gap (partners' latest myths before the game) || alignment: frontier|2-agent mixed|GeminiPro+Sol dyads|mixed|H1 primary: rule_index alignment -> giving gap (partners' latest myths before the game) || alignment: frontier|2-agent mixed|GeminiPro+Sol dyads|mixed|H1 primary: give_align alignment -> giving gap (partners' latest myths before the game) || alignment: frontier|2-agent mixed|GeminiPro+Sol dyads|mixed|H1 primary: myth_cos alignment -> giving gap (partners' latest myths before the game),12.0,
frontier,F8H,8 Opus | 8 Sol | 8 GeminiPro,3,1,Own first story = plan,yes,"30/32 sent the named $ / $0.81/$ [0.58, 1.04] / 10 runs · Sol+Opus / Opus 13/15 · $0.58 (ceiling) / Sol 17/17 · $1.00 (low-n) / GeminiPro 20/20 (ceiling)","named-amount senders, pooled over Sol+Opus (plan r4.csv)",lens pooled stratum (setting); families listed,0.8079,0.5785,1.0373,10.0,"R4 own round-1 myth → round-1 send, named amount only ($/$)","frontier|8-agent|8-agent homogeneous|Sol+Opus|R4 own round-1 myth → round-1 send, named amount only ($/$)",plan/scorecard_rows.csv#214,"plan: frontier|8-agent|8-agent homogeneous|Sol+Opus|R4 own round-1 myth → round-1 send, named amount only ($/$)",10.0,
frontier,F8H,8 Opus,1,2,Read story → next send,not estimable: ceiling,no estimate / 5 runs,reader's next send,lens status as assigned,,,,5.0,H2 shown myth stated amount → reader's next send ($/$),frontier|8-agent|8 Opus|Opus|H2 shown myth stated amount → reader's next send ($/$),plan/scorecard_rows.csv#63; search/scorecard_rows.csv#389,"plan: frontier|8-agent|8 Opus|Opus|H2 shown myth stated amount → reader's next send ($/$) || search: frontier|8-agent homogeneous; 8-agent myth_game rounds>=2 (R3)|8 Opus|Opus|shown myth rule_send_amount (per SD, minus unseen placebo) -> round-r send",5.0,
frontier,F8H,8 Opus,1,3,Read story → next story amount,underpowered,"+0.38 [-0.21, 0.96] / 5 runs",reader's next myth amount,lens status as assigned,0.3752,-0.2142,0.9647,5.0,H2 shown myth stated amount → reader's next myth amount ($/$),frontier|8-agent|8 Opus|Opus|H2 shown myth stated amount → reader's next myth amount ($/$),plan/scorecard_rows.csv#9,plan: frontier|8-agent|8 Opus|Opus|H2 shown myth stated amount → reader's next myth amount ($/$),5.0,
frontier,F8H,8 Opus | 8 Sol | 8 GeminiPro,3,4,Words copied from read story,yes,"+11.2 [9.1, 13.5] pts / 30 runs · same family / per family, m→g / g→m: / Opus +22.8 / +14.8 / Sol +8.7 / +6.8 / GeminiPro +7.4 / +6.5","word adoption, same family, both orders",lens pooled stratum (setting),11.17574056634905,9.08202842602431,13.475184663615444,30.0,"word adoption shown − unseen, same family [both orders]","frontier|8-agent homogeneous|all 8-agent homogeneous runs|all|word adoption shown − unseen, same family [both orders]",spread/scorecard_rows.csv#905; spread/scorecard_rows.csv#880; spread/scorecard_rows.csv#879; spread/scorecard_rows.csv#882; spread/scorecard_rows.csv#881; spread/scorecard_rows.csv#878; spread/scorecard_rows.csv#877,"spread: frontier|8-agent homogeneous|all 8-agent homogeneous runs|all|word adoption shown − unseen, same family [both orders] || spread: frontier|8-agent homogeneous|8 Opus|Opus|word adoption shown − unseen, Opus shown Opus [myth→game] || spread: frontier|8-agent homogeneous|8 Opus|Opus|word adoption shown − unseen, Opus shown Opus [game→myth] || spread: frontier|8-agent homogeneous|8 Sol|Sol|word adoption shown − unseen, Sol shown Sol [myth→game] || spread: frontier|8-agent homogeneous|8 Sol|Sol|word adoption shown − unseen, Sol shown Sol [game→myth] || spread: frontier|8-agent homogeneous|8 GeminiPro|GeminiPro|word adoption shown − unseen, GeminiPro shown GeminiPro [myth→game] || spread: frontier|8-agent homogeneous|8 GeminiPro|GeminiPro|word adoption shown − unseen, GeminiPro shown GeminiPro [game→myth]",30.0,
frontier,F8H,8 Opus | 8 Sol | 8 GeminiPro,3,5,Moral spreads within family,yes,"+6.8 [3.6, 10.2] pts / 15 runs / placebo +0.6 (p .53): passes / R3-adjusted +6.5 (yes) / DeepSeek +4.2 (sugg.)","moral label uptake, same family, myth→game, shown − unseen",lens pooled stratum (setting),6.83641975308642,3.59529320987654,10.24729938271604,15.0,"moral label uptake shown − unseen, same family [myth→game]","frontier|8-agent homogeneous|all 8-agent homogeneous runs|all|moral label uptake shown − unseen, same family [myth→game]",spread/scorecard_rows.csv#999; spread/scorecard_rows.csv#1000; spread/scorecard_rows.csv#1001; spread/scorecard_rows.csv#1429,"spread: frontier|8-agent homogeneous|all 8-agent homogeneous runs|all|moral label uptake shown − unseen, same family [myth→game] || spread: frontier|8-agent homogeneous|all 8-agent homogeneous runs|all|PLACEBO future myth − unseen, same family [myth→game] || spread: frontier|8-agent homogeneous|all 8-agent homogeneous runs|all|moral label uptake, R3-adjusted (author ≠ current partner, t−1 pair game controlled), same family [myth→game] || spread: frontier|8-agent homogeneous|all 8-agent homogeneous runs|all|ROBUSTNESS (DeepSeek labels) moral label uptake shown − unseen, same family [myth→game]",15.0,
frontier,F8H,8 Opus | 8 Sol | 8 GeminiPro,3,6,Moral spreads across families,not testable by design,one family only,,homogeneous rows have no other family,,,,,,,,,,status assigned from the design; no lens row
frontier,F8H,8 Opus,1,7,Matching norms → cooperation,no detectable effect,0/15 Holm · 1 raw p / 9 null · 5 low-n,15 H1 primary tests,"summary: yes if any lens row yes, else most common status (ties -> less evidence)",,,,,,,alignment/scorecard_rows.csv#1972; alignment/scorecard_rows.csv#1973; alignment/scorecard_rows.csv#1974; alignment/scorecard_rows.csv#1975; alignment/scorecard_rows.csv#1976; alignment/scorecard_rows.csv#1977; alignment/scorecard_rows.csv#1978; alignment/scorecard_rows.csv#1979; alignment/scorecard_rows.csv#1980; alignment/scorecard_rows.csv#1981; alignment/scorecard_rows.csv#1982; alignment/scorecard_rows.csv#1983; alignment/scorecard_rows.csv#1984; alignment/scorecard_rows.csv#1985; alignment/scorecard_rows.csv#1986,alignment: frontier|8-agent homogeneous|8 Opus|Opus|H1 primary: same_label alignment -> send fraction (partners' latest myths before the game) || alignment: frontier|8-agent homogeneous|8 Opus|Opus|H1 primary: moral_cos alignment -> send fraction (partners' latest myths before the game) || alignment: frontier|8-agent homogeneous|8 Opus|Opus|H1 primary: rule_index alignment -> send fraction (partners' latest myths before the game) || alignment: frontier|8-agent homogeneous|8 Opus|Opus|H1 primary: give_align alignment -> send fraction (partners' latest myths before the game) || alignment: frontier|8-agent homogeneous|8 Opus|Opus|H1 primary: myth_cos alignment -> send fraction (partners' latest myths before the game) || alignment: frontier|8-agent homogeneous|8 Opus|Opus|H1 primary: same_label alignment -> return proportion (partners' latest myths before the game) || alignment: frontier|8-agent homogeneous|8 Opus|Opus|H1 primary: moral_cos alignment -> return proportion (partners' latest myths before the game) || alignment: frontier|8-agent homogeneous|8 Opus|Opus|H1 primary: rule_index alignment -> return proportion (partners' latest myths before the game) || alignment: frontier|8-agent homogeneous|8 Opus|Opus|H1 primary: give_align alignment -> return proportion (partners' latest myths before the game) || alignment: frontier|8-agent homogeneous|8 Opus|Opus|H1 primary: myth_cos alignment -> return proportion (partners' latest myths before the game) || alignment: frontier|8-agent homogeneous|8 Opus|Opus|H1 primary: same_label alignment -> giving gap (partners' latest myths before the game) || alignment: frontier|8-agent homogeneous|8 Opus|Opus|H1 primary: moral_cos alignment -> giving gap (partners' latest myths before the game) || alignment: frontier|8-agent homogeneous|8 Opus|Opus|H1 primary: rule_index alignment -> giving gap (partners' latest myths before the game) || alignment: frontier|8-agent homogeneous|8 Opus|Opus|H1 primary: give_align alignment -> giving gap (partners' latest myths before the game) || alignment: frontier|8-agent homogeneous|8 Opus|Opus|H1 primary: myth_cos alignment -> giving gap (partners' latest myths before the game),10.0,
frontier,F8H,8 Opus,1,8,Drift toward consistency,yes,judge +0.27 (.62→.89) / kw +0.02 (low-n) · 10 runs,GLM judge flag (keyword in text),lens status of the judge-flag row ('yes' needs both judges),0.2667,0.15,0.3792,10.0,drift: GLM judge flag round 1 -> rounds 8-10 (task orders pooled),frontier|8-agent homogeneous|8 Opus|Opus|drift: GLM judge flag round 1 -> rounds 8-10 (task orders pooled),consistency/scorecard_rows.csv#529; consistency/scorecard_rows.csv#514,consistency: frontier|8-agent homogeneous|8 Opus|Opus|drift: GLM judge flag round 1 -> rounds 8-10 (task orders pooled) || consistency: frontier|8-agent homogeneous|8 Opus|Opus|drift: keyword round 1 -> rounds 8-10 (task orders pooled),10.0,
frontier,F8H,8 Opus,1,9,Consistency → cooperation,no detectable effect,send -.000 ±.007 / ret -.010 ±.011 · 10 runs,GLM judge flag → send level and return share (agent FE),"summary over send + return (and families): yes if any yes, else most common (ties -> less evidence)",,,,,,,consistency/scorecard_rows.csv#622; consistency/scorecard_rows.csv#673,"consistency: frontier|8-agent homogeneous|8 Opus|Opus|R2 own consistency -> send level (agent FE, lagged coop): GLM judge flag || consistency: frontier|8-agent homogeneous|8 Opus|Opus|R2 own consistency -> return proportion (agent FE, lagged coop): GLM judge flag",10.0,Opus send level: effect shown but lens status ceiling
frontier,F8H,8 Opus | 8 Sol | 8 GeminiPro,3,10,Stories add beyond past moves,,pooled only ↑,,search lens computed held-out gain only over all settings,,,,,,,,,,
frontier,F8H,8 Opus | 8 Sol | 8 GeminiPro,3,11,Morals follow play,yes,"+0.57 [0.25, 0.90] / agent-level 0/3 Holm, 0 raw","September pooled spec (run FE), send/5",lens pooled stratum (setting); within-agent family rows counted in text,0.5738356455027621,0.2514965750474576,0.8961747159580666,,reverse (September pooled spec): send/5 → next myth 'be generous' [both orders],frontier|8-agent homogeneous|all 8-agent homogeneous runs|all|reverse (September pooled spec): send/5 → next myth 'be generous' [both orders],spread/scorecard_rows.csv#1396; spread/scorecard_rows.csv#1256; spread/scorecard_rows.csv#1286; spread/scorecard_rows.csv#1316,spread: frontier|8-agent homogeneous|all 8-agent homogeneous runs|all|reverse (September pooled spec): send/5 → next myth 'be generous' [both orders] || spread: frontier|8-agent homogeneous|8 GeminiPro|GeminiPro|reverse: +0.1 send/5 in a game → P(next myth 'be generous') [both orders] || spread: frontier|8-agent homogeneous|8 Opus|Opus|reverse: +0.1 send/5 in a game → P(next myth 'be generous') [both orders] || spread: frontier|8-agent homogeneous|8 Sol|Sol|reverse: +0.1 send/5 in a game → P(next myth 'be generous') [both orders],10.0,
frontier,F8H,8 Sol,1,2,Read story → next send,not estimable: ceiling,"-0.02 [-0.09, 0.05] / 5 runs",reader's next send,lens status as assigned,-0.0204,-0.0869,0.0461,5.0,H2 shown myth stated amount → reader's next send ($/$),frontier|8-agent|8 Sol|Sol|H2 shown myth stated amount → reader's next send ($/$),plan/scorecard_rows.csv#64; search/scorecard_rows.csv#392,"plan: frontier|8-agent|8 Sol|Sol|H2 shown myth stated amount → reader's next send ($/$) || search: frontier|8-agent homogeneous; 8-agent myth_game rounds>=2 (R3)|8 Sol|Sol|shown myth rule_send_amount (per SD, minus unseen placebo) -> round-r send",5.0,plan H2 'not estimable: ceiling' vs search R3 rule_send_amount 'underpowered' (+0.045 per SD); conservative 'not estimable: ceiling' shown
frontier,F8H,8 Sol,1,3,Read story → next story amount,underpowered,"+0.08 [-0.01, 0.17] / 5 runs",reader's next myth amount,lens status as assigned,0.0784,-0.0142,0.171,5.0,H2 shown myth stated amount → reader's next myth amount ($/$),frontier|8-agent|8 Sol|Sol|H2 shown myth stated amount → reader's next myth amount ($/$),plan/scorecard_rows.csv#10,plan: frontier|8-agent|8 Sol|Sol|H2 shown myth stated amount → reader's next myth amount ($/$),5.0,
frontier,F8H,8 Sol,1,7,Matching norms → cooperation,no detectable effect,0/15 Holm / 14 null · 1 low-n,15 H1 primary tests,"summary: yes if any lens row yes, else most common status (ties -> less evidence)",,,,,,,alignment/scorecard_rows.csv#1987; alignment/scorecard_rows.csv#1988; alignment/scorecard_rows.csv#1989; alignment/scorecard_rows.csv#1990; alignment/scorecard_rows.csv#1991; alignment/scorecard_rows.csv#1992; alignment/scorecard_rows.csv#1993; alignment/scorecard_rows.csv#1994; alignment/scorecard_rows.csv#1995; alignment/scorecard_rows.csv#1996; alignment/scorecard_rows.csv#1997; alignment/scorecard_rows.csv#1998; alignment/scorecard_rows.csv#1999; alignment/scorecard_rows.csv#2000; alignment/scorecard_rows.csv#2001,alignment: frontier|8-agent homogeneous|8 Sol|Sol|H1 primary: same_label alignment -> send fraction (partners' latest myths before the game) || alignment: frontier|8-agent homogeneous|8 Sol|Sol|H1 primary: moral_cos alignment -> send fraction (partners' latest myths before the game) || alignment: frontier|8-agent homogeneous|8 Sol|Sol|H1 primary: rule_index alignment -> send fraction (partners' latest myths before the game) || alignment: frontier|8-agent homogeneous|8 Sol|Sol|H1 primary: give_align alignment -> send fraction (partners' latest myths before the game) || alignment: frontier|8-agent homogeneous|8 Sol|Sol|H1 primary: myth_cos alignment -> send fraction (partners' latest myths before the game) || alignment: frontier|8-agent homogeneous|8 Sol|Sol|H1 primary: same_label alignment -> return proportion (partners' latest myths before the game) || alignment: frontier|8-agent homogeneous|8 Sol|Sol|H1 primary: moral_cos alignment -> return proportion (partners' latest myths before the game) || alignment: frontier|8-agent homogeneous|8 Sol|Sol|H1 primary: rule_index alignment -> return proportion (partners' latest myths before the game) || alignment: frontier|8-agent homogeneous|8 Sol|Sol|H1 primary: give_align alignment -> return proportion (partners' latest myths before the game) || alignment: frontier|8-agent homogeneous|8 Sol|Sol|H1 primary: myth_cos alignment -> return proportion (partners' latest myths before the game) || alignment: frontier|8-agent homogeneous|8 Sol|Sol|H1 primary: same_label alignment -> giving gap (partners' latest myths before the game) || alignment: frontier|8-agent homogeneous|8 Sol|Sol|H1 primary: moral_cos alignment -> giving gap (partners' latest myths before the game) || alignment: frontier|8-agent homogeneous|8 Sol|Sol|H1 primary: rule_index alignment -> giving gap (partners' latest myths before the game) || alignment: frontier|8-agent homogeneous|8 Sol|Sol|H1 primary: give_align alignment -> giving gap (partners' latest myths before the game) || alignment: frontier|8-agent homogeneous|8 Sol|Sol|H1 primary: myth_cos alignment -> giving gap (partners' latest myths before the game),10.0,
frontier,F8H,8 Sol,1,8,Drift toward consistency,yes,judge +0.35 (.45→.80) / kw +0.12 (yes) · 10 runs,GLM judge flag (keyword in text),lens status of the judge-flag row ('yes' needs both judges),0.35,0.225,0.4917,10.0,drift: GLM judge flag round 1 -> rounds 8-10 (task orders pooled),frontier|8-agent homogeneous|8 Sol|Sol|drift: GLM judge flag round 1 -> rounds 8-10 (task orders pooled),consistency/scorecard_rows.csv#530; consistency/scorecard_rows.csv#515,consistency: frontier|8-agent homogeneous|8 Sol|Sol|drift: GLM judge flag round 1 -> rounds 8-10 (task orders pooled) || consistency: frontier|8-agent homogeneous|8 Sol|Sol|drift: keyword round 1 -> rounds 8-10 (task orders pooled),10.0,
frontier,F8H,8 Sol,1,9,Consistency → cooperation,no detectable effect,send -.011 ±.021 / ret -.003 ±.013 · 10 runs,GLM judge flag → send level and return share (agent FE),"summary over send + return (and families): yes if any yes, else most common (ties -> less evidence)",,,,,,,consistency/scorecard_rows.csv#623; consistency/scorecard_rows.csv#674,"consistency: frontier|8-agent homogeneous|8 Sol|Sol|R2 own consistency -> send level (agent FE, lagged coop): GLM judge flag || consistency: frontier|8-agent homogeneous|8 Sol|Sol|R2 own consistency -> return proportion (agent FE, lagged coop): GLM judge flag",10.0,
frontier,F8H,8 GeminiPro,1,2,Read story → next send,not estimable: ceiling,no estimate / 5 runs,reader's next send,lens status as assigned,,,,5.0,H2 shown myth stated amount → reader's next send ($/$),frontier|8-agent|8 GeminiPro|GeminiPro|H2 shown myth stated amount → reader's next send ($/$),plan/scorecard_rows.csv#62; search/scorecard_rows.csv#386,"plan: frontier|8-agent|8 GeminiPro|GeminiPro|H2 shown myth stated amount → reader's next send ($/$) || search: frontier|8-agent homogeneous; 8-agent myth_game rounds>=2 (R3)|8 GeminiPro|GeminiPro|shown myth rule_send_amount (per SD, minus unseen placebo) -> round-r send",5.0,
frontier,F8H,8 GeminiPro,1,3,Read story → next story amount,not estimable: ceiling,"-0.03 [-0.12, 0.07] / 5 runs",reader's next myth amount,lens status as assigned,-0.0256,-0.1166,0.0653,5.0,H2 shown myth stated amount → reader's next myth amount ($/$),frontier|8-agent|8 GeminiPro|GeminiPro|H2 shown myth stated amount → reader's next myth amount ($/$),plan/scorecard_rows.csv#8,plan: frontier|8-agent|8 GeminiPro|GeminiPro|H2 shown myth stated amount → reader's next myth amount ($/$),5.0,
frontier,F8H,8 GeminiPro,1,7,Matching norms → cooperation,underpowered,0/15 Holm / 5 null · 10 low-n,15 H1 primary tests,"summary: yes if any lens row yes, else most common status (ties -> less evidence)",,,,,,,alignment/scorecard_rows.csv#1957; alignment/scorecard_rows.csv#1958; alignment/scorecard_rows.csv#1959; alignment/scorecard_rows.csv#1960; alignment/scorecard_rows.csv#1961; alignment/scorecard_rows.csv#1962; alignment/scorecard_rows.csv#1963; alignment/scorecard_rows.csv#1964; alignment/scorecard_rows.csv#1965; alignment/scorecard_rows.csv#1966; alignment/scorecard_rows.csv#1967; alignment/scorecard_rows.csv#1968; alignment/scorecard_rows.csv#1969; alignment/scorecard_rows.csv#1970; alignment/scorecard_rows.csv#1971,alignment: frontier|8-agent homogeneous|8 GeminiPro|GeminiPro|H1 primary: same_label alignment -> send fraction (partners' latest myths before the game) || alignment: frontier|8-agent homogeneous|8 GeminiPro|GeminiPro|H1 primary: moral_cos alignment -> send fraction (partners' latest myths before the game) || alignment: frontier|8-agent homogeneous|8 GeminiPro|GeminiPro|H1 primary: rule_index alignment -> send fraction (partners' latest myths before the game) || alignment: frontier|8-agent homogeneous|8 GeminiPro|GeminiPro|H1 primary: give_align alignment -> send fraction (partners' latest myths before the game) || alignment: frontier|8-agent homogeneous|8 GeminiPro|GeminiPro|H1 primary: myth_cos alignment -> send fraction (partners' latest myths before the game) || alignment: frontier|8-agent homogeneous|8 GeminiPro|GeminiPro|H1 primary: same_label alignment -> return proportion (partners' latest myths before the game) || alignment: frontier|8-agent homogeneous|8 GeminiPro|GeminiPro|H1 primary: moral_cos alignment -> return proportion (partners' latest myths before the game) || alignment: frontier|8-agent homogeneous|8 GeminiPro|GeminiPro|H1 primary: rule_index alignment -> return proportion (partners' latest myths before the game) || alignment: frontier|8-agent homogeneous|8 GeminiPro|GeminiPro|H1 primary: give_align alignment -> return proportion (partners' latest myths before the game) || alignment: frontier|8-agent homogeneous|8 GeminiPro|GeminiPro|H1 primary: myth_cos alignment -> return proportion (partners' latest myths before the game) || alignment: frontier|8-agent homogeneous|8 GeminiPro|GeminiPro|H1 primary: same_label alignment -> giving gap (partners' latest myths before the game) || alignment: frontier|8-agent homogeneous|8 GeminiPro|GeminiPro|H1 primary: moral_cos alignment -> giving gap (partners' latest myths before the game) || alignment: frontier|8-agent homogeneous|8 GeminiPro|GeminiPro|H1 primary: rule_index alignment -> giving gap (partners' latest myths before the game) || alignment: frontier|8-agent homogeneous|8 GeminiPro|GeminiPro|H1 primary: give_align alignment -> giving gap (partners' latest myths before the game) || alignment: frontier|8-agent homogeneous|8 GeminiPro|GeminiPro|H1 primary: myth_cos alignment -> giving gap (partners' latest myths before the game),10.0,
frontier,F8H,8 GeminiPro,1,8,Drift toward consistency,yes,judge +0.74 (.25→.99) / kw -0.02 (low-n) · 10 runs,GLM judge flag (keyword in text),lens status of the judge-flag row ('yes' needs both judges),0.7417,0.6125,0.85,10.0,drift: GLM judge flag round 1 -> rounds 8-10 (task orders pooled),frontier|8-agent homogeneous|8 GeminiPro|GeminiPro|drift: GLM judge flag round 1 -> rounds 8-10 (task orders pooled),consistency/scorecard_rows.csv#528; consistency/scorecard_rows.csv#513,consistency: frontier|8-agent homogeneous|8 GeminiPro|GeminiPro|drift: GLM judge flag round 1 -> rounds 8-10 (task orders pooled) || consistency: frontier|8-agent homogeneous|8 GeminiPro|GeminiPro|drift: keyword round 1 -> rounds 8-10 (task orders pooled),10.0,
frontier,F8H,8 GeminiPro,1,9,Consistency → cooperation,no detectable effect,send ceiling / ret -.016 ±.020 · 10 runs,GLM judge flag → send level and return share (agent FE),"summary over send + return (and families): yes if any yes, else most common (ties -> less evidence)",,,,,,,consistency/scorecard_rows.csv#629; consistency/scorecard_rows.csv#672,"consistency: frontier|8-agent homogeneous|8 GeminiPro|GeminiPro|R2 own consistency -> send level (agent FE, lagged coop): GLM judge flag || consistency: frontier|8-agent homogeneous|8 GeminiPro|GeminiPro|R2 own consistency -> return proportion (agent FE, lagged coop): GLM judge flag",10.0,
frontier,F8M,2 GeminiPro + 3 Opus + 3 Sol,1,1,Own first story = plan,underpowered,8/8 sent the named $ / too few for $ per $ / 5 runs · Sol+Opus / Opus 3/3 (low-n) / Sol 5/5 (low-n) / GeminiPro 6/6 (ceiling),"named-amount senders, pooled over Sol+Opus (plan r4.csv)",lens pooled stratum (setting); families listed,,,,5.0,"R4 own round-1 myth → round-1 send, named amount only ($/$)","frontier|8-agent|8-agent mixed|Sol+Opus|R4 own round-1 myth → round-1 send, named amount only ($/$)",plan/scorecard_rows.csv#218,"plan: frontier|8-agent|8-agent mixed|Sol+Opus|R4 own round-1 myth → round-1 send, named amount only ($/$)",5.0,
frontier,F8M,2 GeminiPro + 3 Opus + 3 Sol,1,2,Read story → next send,not estimable: ceiling,no estimate / 5 runs · all families / Opus: ceiling / Sol: ceiling / GeminiPro: design,"reader's next send, all families",lens pooled stratum (all mixed populations),,,,5.0,H2 shown myth stated amount → reader's next send ($/$),frontier|8-agent|2 GeminiPro + 3 Opus + 3 Sol|all|H2 shown myth stated amount → reader's next send ($/$),plan/scorecard_rows.csv#61,plan: frontier|8-agent|2 GeminiPro + 3 Opus + 3 Sol|all|H2 shown myth stated amount → reader's next send ($/$),5.0,
frontier,F8M,2 GeminiPro + 3 Opus + 3 Sol,1,3,Read story → next story amount,underpowered,"+0.13 [-0.15, 0.41] / 5 runs · all families / Opus +0.06 (low-n) / Sol +0.22 (low-n) / GeminiPro +0.09 (design)","reader's next myth amount, all families",lens pooled stratum (all mixed populations),0.1286,-0.1522,0.4094,5.0,H2 shown myth stated amount → reader's next myth amount ($/$),frontier|8-agent|2 GeminiPro + 3 Opus + 3 Sol|all|H2 shown myth stated amount → reader's next myth amount ($/$),plan/scorecard_rows.csv#7,plan: frontier|8-agent|2 GeminiPro + 3 Opus + 3 Sol|all|H2 shown myth stated amount → reader's next myth amount ($/$),5.0,
frontier,F8M,2 GeminiPro + 3 Opus + 3 Sol,1,4,Words copied from read story,suggestive,"same family +7.6 to +23.4 / cross-family +4.3 to +10.4 / 5 runs · 16 pair×order rows, / each Holm 1.0; no pooled row","word adoption, per reader/author pair","summary of per-pair rows: yes if any yes, else most common status",,,,,,,spread/scorecard_rows.csv#883; spread/scorecard_rows.csv#884; spread/scorecard_rows.csv#885; spread/scorecard_rows.csv#886; spread/scorecard_rows.csv#887; spread/scorecard_rows.csv#888; spread/scorecard_rows.csv#889; spread/scorecard_rows.csv#890; spread/scorecard_rows.csv#891; spread/scorecard_rows.csv#892; spread/scorecard_rows.csv#893; spread/scorecard_rows.csv#894; spread/scorecard_rows.csv#895; spread/scorecard_rows.csv#896; spread/scorecard_rows.csv#897; spread/scorecard_rows.csv#898,"spread: frontier|8-agent mixed|2 GeminiPro + 3 Opus + 3 Sol|GeminiPro|word adoption shown − unseen, GeminiPro shown Opus [game→myth] || spread: frontier|8-agent mixed|2 GeminiPro + 3 Opus + 3 Sol|GeminiPro|word adoption shown − unseen, GeminiPro shown Opus [myth→game] || spread: frontier|8-agent mixed|2 GeminiPro + 3 Opus + 3 Sol|GeminiPro|word adoption shown − unseen, GeminiPro shown Sol [game→myth] || spread: frontier|8-agent mixed|2 GeminiPro + 3 Opus + 3 Sol|GeminiPro|word adoption shown − unseen, GeminiPro shown Sol [myth→game] || spread: frontier|8-agent mixed|2 GeminiPro + 3 Opus + 3 Sol|Opus|word adoption shown − unseen, Opus shown GeminiPro [game→myth] || spread: frontier|8-agent mixed|2 GeminiPro + 3 Opus + 3 Sol|Opus|word adoption shown − unseen, Opus shown GeminiPro [myth→game] || spread: frontier|8-agent mixed|2 GeminiPro + 3 Opus + 3 Sol|Opus|word adoption shown − unseen, Opus shown Opus [game→myth] || spread: frontier|8-agent mixed|2 GeminiPro + 3 Opus + 3 Sol|Opus|word adoption shown − unseen, Opus shown Opus [myth→game] || spread: frontier|8-agent mixed|2 GeminiPro + 3 Opus + 3 Sol|Opus|word adoption shown − unseen, Opus shown Sol [game→myth] || spread: frontier|8-agent mixed|2 GeminiPro + 3 Opus + 3 Sol|Opus|word adoption shown − unseen, Opus shown Sol [myth→game] || spread: frontier|8-agent mixed|2 GeminiPro + 3 Opus + 3 Sol|Sol|word adoption shown − unseen, Sol shown GeminiPro [game→myth] || spread: frontier|8-agent mixed|2 GeminiPro + 3 Opus + 3 Sol|Sol|word adoption shown − unseen, Sol shown GeminiPro [myth→game] || spread: frontier|8-agent mixed|2 GeminiPro + 3 Opus + 3 Sol|Sol|word adoption shown − unseen, Sol shown Opus [game→myth] || spread: frontier|8-agent mixed|2 GeminiPro + 3 Opus + 3 Sol|Sol|word adoption shown − unseen, Sol shown Opus [myth→game] || spread: frontier|8-agent mixed|2 GeminiPro + 3 Opus + 3 Sol|Sol|word adoption shown − unseen, Sol shown Sol [game→myth] || spread: frontier|8-agent mixed|2 GeminiPro + 3 Opus + 3 Sol|Sol|word adoption shown − unseen, Sol shown Sol [myth→game]",5.0,
frontier,F8M,2 GeminiPro + 3 Opus + 3 Sol,1,5,Moral spreads within family,underpowered,"+10.8 [-12.9, 28.7] pts / 5 runs / placebo +14.6 (≥ effect): fails / GeminiPro: n/a (2 agents)","moral label uptake, same family, myth→game",lens status as assigned,10.77380952380952,-12.91666666666666,28.69047619047619,5.0,"moral label uptake shown − unseen, same family [myth→game]","frontier|8-agent mixed|2 GeminiPro + 3 Opus + 3 Sol|all|moral label uptake shown − unseen, same family [myth→game]",spread/scorecard_rows.csv#1011; spread/scorecard_rows.csv#1012,"spread: frontier|8-agent mixed|2 GeminiPro + 3 Opus + 3 Sol|all|moral label uptake shown − unseen, same family [myth→game] || spread: frontier|8-agent mixed|2 GeminiPro + 3 Opus + 3 Sol|all|PLACEBO future myth − unseen, same family [myth→game]",5.0,future-myth placebo >= effect
frontier,F8M,2 GeminiPro + 3 Opus + 3 Sol,1,6,Moral spreads across families,underpowered,"+13.1 [6.0, 20.0] pts / 5 runs / placebo +13.4 (≥ effect): fails / R3-adjusted +13.6 (sugg.)","moral label uptake, other family, myth→game, shown − unseen",lens population row,13.09065934065934,5.96153846153846,20.037431318681172,5.0,"moral label uptake shown − unseen, other family [myth→game]","frontier|8-agent mixed|2 GeminiPro + 3 Opus + 3 Sol|all|moral label uptake shown − unseen, other family [myth→game]",spread/scorecard_rows.csv#1005; spread/scorecard_rows.csv#1006; spread/scorecard_rows.csv#1008,"spread: frontier|8-agent mixed|2 GeminiPro + 3 Opus + 3 Sol|all|moral label uptake shown − unseen, other family [myth→game] || spread: frontier|8-agent mixed|2 GeminiPro + 3 Opus + 3 Sol|all|PLACEBO future myth − unseen, other family [myth→game] || spread: frontier|8-agent mixed|2 GeminiPro + 3 Opus + 3 Sol|all|moral label uptake, R3-adjusted (author ≠ current partner, t−1 pair game controlled), other family [myth→game]",5.0,
frontier,F8M,2 GeminiPro + 3 Opus + 3 Sol,1,7,Matching norms → cooperation,underpowered,0/15 Holm / 5 null · 10 low-n,15 H1 primary tests,"summary: yes if any lens row yes, else most common status (ties -> less evidence)",,,,,,,alignment/scorecard_rows.csv#2002; alignment/scorecard_rows.csv#2003; alignment/scorecard_rows.csv#2004; alignment/scorecard_rows.csv#2005; alignment/scorecard_rows.csv#2006; alignment/scorecard_rows.csv#2007; alignment/scorecard_rows.csv#2008; alignment/scorecard_rows.csv#2009; alignment/scorecard_rows.csv#2010; alignment/scorecard_rows.csv#2011; alignment/scorecard_rows.csv#2012; alignment/scorecard_rows.csv#2013; alignment/scorecard_rows.csv#2014; alignment/scorecard_rows.csv#2015; alignment/scorecard_rows.csv#2016,alignment: frontier|8-agent mixed|2 GeminiPro + 3 Opus + 3 Sol|mixed|H1 primary: same_label alignment -> send fraction (partners' latest myths before the game) || alignment: frontier|8-agent mixed|2 GeminiPro + 3 Opus + 3 Sol|mixed|H1 primary: moral_cos alignment -> send fraction (partners' latest myths before the game) || alignment: frontier|8-agent mixed|2 GeminiPro + 3 Opus + 3 Sol|mixed|H1 primary: rule_index alignment -> send fraction (partners' latest myths before the game) || alignment: frontier|8-agent mixed|2 GeminiPro + 3 Opus + 3 Sol|mixed|H1 primary: give_align alignment -> send fraction (partners' latest myths before the game) || alignment: frontier|8-agent mixed|2 GeminiPro + 3 Opus + 3 Sol|mixed|H1 primary: myth_cos alignment -> send fraction (partners' latest myths before the game) || alignment: frontier|8-agent mixed|2 GeminiPro + 3 Opus + 3 Sol|mixed|H1 primary: same_label alignment -> return proportion (partners' latest myths before the game) || alignment: frontier|8-agent mixed|2 GeminiPro + 3 Opus + 3 Sol|mixed|H1 primary: moral_cos alignment -> return proportion (partners' latest myths before the game) || alignment: frontier|8-agent mixed|2 GeminiPro + 3 Opus + 3 Sol|mixed|H1 primary: rule_index alignment -> return proportion (partners' latest myths before the game) || alignment: frontier|8-agent mixed|2 GeminiPro + 3 Opus + 3 Sol|mixed|H1 primary: give_align alignment -> return proportion (partners' latest myths before the game) || alignment: frontier|8-agent mixed|2 GeminiPro + 3 Opus + 3 Sol|mixed|H1 primary: myth_cos alignment -> return proportion (partners' latest myths before the game) || alignment: frontier|8-agent mixed|2 GeminiPro + 3 Opus + 3 Sol|mixed|H1 primary: same_label alignment -> giving gap (partners' latest myths before the game) || alignment: frontier|8-agent mixed|2 GeminiPro + 3 Opus + 3 Sol|mixed|H1 primary: moral_cos alignment -> giving gap (partners' latest myths before the game) || alignment: frontier|8-agent mixed|2 GeminiPro + 3 Opus + 3 Sol|mixed|H1 primary: rule_index alignment -> giving gap (partners' latest myths before the game) || alignment: frontier|8-agent mixed|2 GeminiPro + 3 Opus + 3 Sol|mixed|H1 primary: give_align alignment -> giving gap (partners' latest myths before the game) || alignment: frontier|8-agent mixed|2 GeminiPro + 3 Opus + 3 Sol|mixed|H1 primary: myth_cos alignment -> giving gap (partners' latest myths before the game),10.0,
frontier,F8M,2 GeminiPro + 3 Opus + 3 Sol,1,8,Drift toward consistency,suggestive,"Opus: judge +.37 (sugg.) /    kw +.01 (low-n), 10 runs / Sol: judge +.32 (sugg.) /    kw +.03 (low-n), 10 runs / GeminiPro: judge +.47 (sugg.) /    kw +.07 (null), 10 runs",GLM judge flag per family (keyword in text),"summary over families: yes if any yes, else most common",,,,,,,consistency/scorecard_rows.csv#532; consistency/scorecard_rows.csv#517; consistency/scorecard_rows.csv#533; consistency/scorecard_rows.csv#518; consistency/scorecard_rows.csv#531; consistency/scorecard_rows.csv#516,consistency: frontier|8-agent mixed|2 GeminiPro + 3 Opus + 3 Sol|Opus|drift: GLM judge flag round 1 -> rounds 8-10 (task orders pooled) || consistency: frontier|8-agent mixed|2 GeminiPro + 3 Opus + 3 Sol|Opus|drift: keyword round 1 -> rounds 8-10 (task orders pooled) || consistency: frontier|8-agent mixed|2 GeminiPro + 3 Opus + 3 Sol|Sol|drift: GLM judge flag round 1 -> rounds 8-10 (task orders pooled) || consistency: frontier|8-agent mixed|2 GeminiPro + 3 Opus + 3 Sol|Sol|drift: keyword round 1 -> rounds 8-10 (task orders pooled) || consistency: frontier|8-agent mixed|2 GeminiPro + 3 Opus + 3 Sol|GeminiPro|drift: GLM judge flag round 1 -> rounds 8-10 (task orders pooled) || consistency: frontier|8-agent mixed|2 GeminiPro + 3 Opus + 3 Sol|GeminiPro|drift: keyword round 1 -> rounds 8-10 (task orders pooled),10.0,
frontier,F8M,2 GeminiPro + 3 Opus + 3 Sol,1,9,Consistency → cooperation,no detectable effect,Opus: send -.010 ±.023 /    ret -.018 ±.015 / Sol: send -.018 ±.040 /    ret -.009 ±.013 / GeminiPro: send ceiling /    ret -.016 ±.031,GLM judge flag → send level and return share (agent FE),"summary over send + return (and families): yes if any yes, else most common (ties -> less evidence)",,,,,,,consistency/scorecard_rows.csv#624; consistency/scorecard_rows.csv#676; consistency/scorecard_rows.csv#625; consistency/scorecard_rows.csv#677; consistency/scorecard_rows.csv#630; consistency/scorecard_rows.csv#675,"consistency: frontier|8-agent mixed|2 GeminiPro + 3 Opus + 3 Sol|Opus|R2 own consistency -> send level (agent FE, lagged coop): GLM judge flag || consistency: frontier|8-agent mixed|2 GeminiPro + 3 Opus + 3 Sol|Opus|R2 own consistency -> return proportion (agent FE, lagged coop): GLM judge flag || consistency: frontier|8-agent mixed|2 GeminiPro + 3 Opus + 3 Sol|Sol|R2 own consistency -> send level (agent FE, lagged coop): GLM judge flag || consistency: frontier|8-agent mixed|2 GeminiPro + 3 Opus + 3 Sol|Sol|R2 own consistency -> return proportion (agent FE, lagged coop): GLM judge flag || consistency: frontier|8-agent mixed|2 GeminiPro + 3 Opus + 3 Sol|GeminiPro|R2 own consistency -> send level (agent FE, lagged coop): GLM judge flag || consistency: frontier|8-agent mixed|2 GeminiPro + 3 Opus + 3 Sol|GeminiPro|R2 own consistency -> return proportion (agent FE, lagged coop): GLM judge flag",10.0,Sol send level: effect shown but lens status ceiling
frontier,F8M,2 GeminiPro + 3 Opus + 3 Sol,1,10,Stories add beyond past moves,,pooled only ↑,,search lens computed held-out gain only over all settings,,,,,,,,,,
frontier,F8M,2 GeminiPro + 3 Opus + 3 Sol,1,11,Morals follow play,suggestive,"+0.50 [0.03, 0.96] / agent-level 0/3 Holm, 1 raw","September pooled spec (run FE), send/5",lens pooled stratum (setting); within-agent family rows counted in text,0.4974322994928813,0.0320887298199704,0.9627758691657924,,reverse (September pooled spec): send/5 → next myth 'be generous' [both orders],frontier|8-agent mixed|all 8-agent mixed runs|all|reverse (September pooled spec): send/5 → next myth 'be generous' [both orders],spread/scorecard_rows.csv#1398; spread/scorecard_rows.csv#1262; spread/scorecard_rows.csv#1292; spread/scorecard_rows.csv#1322,spread: frontier|8-agent mixed|all 8-agent mixed runs|all|reverse (September pooled spec): send/5 → next myth 'be generous' [both orders] || spread: frontier|8-agent mixed|2 GeminiPro + 3 Opus + 3 Sol|GeminiPro|reverse: +0.1 send/5 in a game → P(next myth 'be generous') [both orders] || spread: frontier|8-agent mixed|2 GeminiPro + 3 Opus + 3 Sol|Opus|reverse: +0.1 send/5 in a game → P(next myth 'be generous') [both orders] || spread: frontier|8-agent mixed|2 GeminiPro + 3 Opus + 3 Sol|Sol|reverse: +0.1 send/5 in a game → P(next myth 'be generous') [both orders],10.0,
