condition,condition_label,n_simulations,mean_trust_ratio,std_trust_ratio,mean_return_ratio,std_return_ratio,mean_final_balance,std_final_balance
game,Game Only,30,0.10800000000000001,0.019043809142780928,0.0,0.0,30.4,0.9521904571390468
game_myth,Game → Myth,28,0.10071428571428574,0.018112460475865663,0.0,0.0,30.035714285714285,0.9056230237932833
myth_game,Myth → Game,30,0.08733333333333335,0.02337139752394414,0.0,0.0,29.366666666666667,1.168569876197207
