myth_task_order,condition_a,condition_b,mean_game_a,mean_myth_a,delta_a,mean_game_b,mean_myth_b,delta_b,delta_diff
game_myth,no_noise,noise,55.0,56.5,-1.5,62.15999999999999,64.50555555555555,-2.3455555555555563,0.8455555555555563
game_myth,no_noise,noise_informed,55.0,56.5,-1.5,63.225,62.18888888888888,1.0361111111111185,-2.5361111111111185
game_myth,noise,noise_informed,62.15999999999999,64.50555555555555,-2.3455555555555563,63.225,62.18888888888888,1.0361111111111185,-3.381666666666675
myth_game,no_noise,noise,55.0,55.5,-0.5,62.15999999999999,63.77,-1.6100000000000136,1.1100000000000136
myth_game,no_noise,noise_informed,55.0,55.5,-0.5,63.225,63.67222222222222,-0.44722222222221575,-0.05277777777778425
myth_game,noise,noise_informed,62.15999999999999,63.77,-1.6100000000000136,63.225,63.67222222222222,-0.44722222222221575,-1.162777777777798
