myth_topic,myth_topic_label,n_simulations,mean_trust_ratio,std_trust_ratio,mean_return_ratio,std_return_ratio,mean_final_balance,std_final_balance
noisy_bootstrap_cooperation,Noisy Bootstrap Cooperation,29,0.20068965517241377,0.23637975049633303,0.08923371647509579,0.16577259641021924,35.03448275862069,11.818987524816654
noisy_bootstrap_cooperation_informed,Noisy Bootstrap Cooperation Informed,30,0.3496666666666667,0.23917195116113057,0.16470370370370369,0.18972921647176638,42.483333333333334,11.958597558056526
