condition,condition_label,n_simulations,mean_trust_ratio,std_trust_ratio,mean_return_ratio,std_return_ratio,mean_final_balance,std_final_balance
game,Game Only,10,0.43599999999999994,0.32653330611133685,0.19033333333333333,0.19225115389208855,46.8,16.32666530556684
game_myth,Game → Myth,10,0.22999999999999998,0.17163915637173235,0.1088888888888889,0.13069614180028988,36.5,8.58195781858662
myth_game,Myth → Game,10,0.3,0.18395651660107068,0.09411111111111112,0.09537974783095358,40.0,9.197825830053535
