setting,family,task_order,round,level,share,field
2-agent homogeneous,GPT,game_myth,1,moderate,0.6,send_rule
2-agent homogeneous,GPT,game_myth,1,unspecified,0.2,send_rule
2-agent homogeneous,GPT,game_myth,1,little,0.1,send_rule
2-agent homogeneous,GPT,game_myth,1,most,0.1,send_rule
2-agent homogeneous,GPT,game_myth,2,moderate,0.9,send_rule
2-agent homogeneous,GPT,game_myth,2,unspecified,0.1,send_rule
2-agent homogeneous,GPT,game_myth,3,moderate,0.5,send_rule
2-agent homogeneous,GPT,game_myth,3,all,0.3,send_rule
2-agent homogeneous,GPT,game_myth,3,unspecified,0.1,send_rule
2-agent homogeneous,GPT,game_myth,3,little,0.1,send_rule
2-agent homogeneous,GPT,game_myth,4,moderate,0.6,send_rule
2-agent homogeneous,GPT,game_myth,4,unspecified,0.2,send_rule
2-agent homogeneous,GPT,game_myth,4,little,0.1,send_rule
2-agent homogeneous,GPT,game_myth,4,all,0.1,send_rule
2-agent homogeneous,GPT,game_myth,5,moderate,0.6,send_rule
2-agent homogeneous,GPT,game_myth,5,unspecified,0.2,send_rule
2-agent homogeneous,GPT,game_myth,5,most,0.1,send_rule
2-agent homogeneous,GPT,game_myth,5,all,0.1,send_rule
2-agent homogeneous,GPT,game_myth,6,moderate,0.6,send_rule
2-agent homogeneous,GPT,game_myth,6,unspecified,0.3,send_rule
2-agent homogeneous,GPT,game_myth,6,all,0.1,send_rule
2-agent homogeneous,GPT,game_myth,7,moderate,0.6,send_rule
2-agent homogeneous,GPT,game_myth,7,unspecified,0.2,send_rule
2-agent homogeneous,GPT,game_myth,7,all,0.2,send_rule
2-agent homogeneous,GPT,game_myth,8,moderate,0.7,send_rule
2-agent homogeneous,GPT,game_myth,8,all,0.2,send_rule
2-agent homogeneous,GPT,game_myth,8,unspecified,0.1,send_rule
2-agent homogeneous,GPT,game_myth,9,moderate,0.6667,send_rule
2-agent homogeneous,GPT,game_myth,9,unspecified,0.2222,send_rule
2-agent homogeneous,GPT,game_myth,9,all,0.1111,send_rule
2-agent homogeneous,GPT,game_myth,10,moderate,0.6,send_rule
2-agent homogeneous,GPT,game_myth,10,unspecified,0.2,send_rule
2-agent homogeneous,GPT,game_myth,10,all,0.2,send_rule
2-agent homogeneous,GPT,myth_game,1,moderate,0.6,send_rule
2-agent homogeneous,GPT,myth_game,1,unspecified,0.3,send_rule
2-agent homogeneous,GPT,myth_game,1,all,0.1,send_rule
2-agent homogeneous,GPT,myth_game,2,unspecified,0.5,send_rule
2-agent homogeneous,GPT,myth_game,2,moderate,0.4,send_rule
2-agent homogeneous,GPT,myth_game,2,all,0.1,send_rule
2-agent homogeneous,GPT,myth_game,3,moderate,0.8,send_rule
2-agent homogeneous,GPT,myth_game,3,unspecified,0.2,send_rule
2-agent homogeneous,GPT,myth_game,4,moderate,0.6,send_rule
2-agent homogeneous,GPT,myth_game,4,unspecified,0.4,send_rule
2-agent homogeneous,GPT,myth_game,5,moderate,0.9,send_rule
2-agent homogeneous,GPT,myth_game,5,unspecified,0.1,send_rule
2-agent homogeneous,GPT,myth_game,6,moderate,0.6,send_rule
2-agent homogeneous,GPT,myth_game,6,unspecified,0.4,send_rule
2-agent homogeneous,GPT,myth_game,7,moderate,0.5,send_rule
2-agent homogeneous,GPT,myth_game,7,unspecified,0.4,send_rule
2-agent homogeneous,GPT,myth_game,7,all,0.1,send_rule
2-agent homogeneous,GPT,myth_game,8,unspecified,0.5,send_rule
2-agent homogeneous,GPT,myth_game,8,moderate,0.4,send_rule
2-agent homogeneous,GPT,myth_game,8,all,0.1,send_rule
2-agent homogeneous,GPT,myth_game,9,unspecified,0.5,send_rule
2-agent homogeneous,GPT,myth_game,9,moderate,0.4,send_rule
2-agent homogeneous,GPT,myth_game,9,all,0.1,send_rule
2-agent homogeneous,GPT,myth_game,10,moderate,0.5,send_rule
2-agent homogeneous,GPT,myth_game,10,unspecified,0.4,send_rule
2-agent homogeneous,GPT,myth_game,10,all,0.1,send_rule
2-agent homogeneous,Gemini,game_myth,1,all,0.9,send_rule
2-agent homogeneous,Gemini,game_myth,1,moderate,0.1,send_rule
2-agent homogeneous,Gemini,game_myth,2,all,1.0,send_rule
2-agent homogeneous,Gemini,game_myth,3,all,1.0,send_rule
2-agent homogeneous,Gemini,game_myth,4,all,1.0,send_rule
2-agent homogeneous,Gemini,game_myth,5,all,1.0,send_rule
2-agent homogeneous,Gemini,game_myth,6,all,1.0,send_rule
2-agent homogeneous,Gemini,game_myth,7,all,1.0,send_rule
2-agent homogeneous,Gemini,game_myth,8,all,1.0,send_rule
2-agent homogeneous,Gemini,game_myth,9,all,1.0,send_rule
2-agent homogeneous,Gemini,game_myth,10,all,1.0,send_rule
2-agent homogeneous,Gemini,myth_game,1,all,1.0,send_rule
2-agent homogeneous,Gemini,myth_game,2,all,1.0,send_rule
2-agent homogeneous,Gemini,myth_game,3,all,1.0,send_rule
2-agent homogeneous,Gemini,myth_game,4,all,1.0,send_rule
2-agent homogeneous,Gemini,myth_game,5,all,1.0,send_rule
2-agent homogeneous,Gemini,myth_game,6,all,1.0,send_rule
2-agent homogeneous,Gemini,myth_game,7,all,1.0,send_rule
2-agent homogeneous,Gemini,myth_game,8,all,1.0,send_rule
2-agent homogeneous,Gemini,myth_game,9,all,1.0,send_rule
2-agent homogeneous,Gemini,myth_game,10,all,1.0,send_rule
2-agent homogeneous,Sonnet,game_myth,1,most,0.5,send_rule
2-agent homogeneous,Sonnet,game_myth,1,moderate,0.4,send_rule
2-agent homogeneous,Sonnet,game_myth,1,little,0.1,send_rule
2-agent homogeneous,Sonnet,game_myth,2,moderate,0.6,send_rule
2-agent homogeneous,Sonnet,game_myth,2,most,0.4,send_rule
2-agent homogeneous,Sonnet,game_myth,3,moderate,0.6,send_rule
2-agent homogeneous,Sonnet,game_myth,3,most,0.4,send_rule
2-agent homogeneous,Sonnet,game_myth,4,moderate,0.7,send_rule
2-agent homogeneous,Sonnet,game_myth,4,most,0.3,send_rule
2-agent homogeneous,Sonnet,game_myth,5,moderate,0.8,send_rule
2-agent homogeneous,Sonnet,game_myth,5,most,0.1,send_rule
2-agent homogeneous,Sonnet,game_myth,5,all,0.1,send_rule
2-agent homogeneous,Sonnet,game_myth,6,moderate,0.7,send_rule
2-agent homogeneous,Sonnet,game_myth,6,most,0.3,send_rule
2-agent homogeneous,Sonnet,game_myth,7,moderate,0.7,send_rule
2-agent homogeneous,Sonnet,game_myth,7,most,0.2,send_rule
2-agent homogeneous,Sonnet,game_myth,7,all,0.1,send_rule
2-agent homogeneous,Sonnet,game_myth,8,moderate,0.7,send_rule
2-agent homogeneous,Sonnet,game_myth,8,most,0.2,send_rule
2-agent homogeneous,Sonnet,game_myth,8,all,0.1,send_rule
2-agent homogeneous,Sonnet,game_myth,9,moderate,0.7,send_rule
2-agent homogeneous,Sonnet,game_myth,9,most,0.3,send_rule
2-agent homogeneous,Sonnet,game_myth,10,moderate,0.7,send_rule
2-agent homogeneous,Sonnet,game_myth,10,most,0.2,send_rule
2-agent homogeneous,Sonnet,game_myth,10,all,0.1,send_rule
2-agent homogeneous,Sonnet,myth_game,1,all,0.6,send_rule
2-agent homogeneous,Sonnet,myth_game,1,moderate,0.2,send_rule
2-agent homogeneous,Sonnet,myth_game,1,most,0.2,send_rule
2-agent homogeneous,Sonnet,myth_game,2,moderate,0.5,send_rule
2-agent homogeneous,Sonnet,myth_game,2,most,0.3,send_rule
2-agent homogeneous,Sonnet,myth_game,2,all,0.1,send_rule
2-agent homogeneous,Sonnet,myth_game,2,unspecified,0.1,send_rule
2-agent homogeneous,Sonnet,myth_game,3,moderate,0.5,send_rule
2-agent homogeneous,Sonnet,myth_game,3,most,0.5,send_rule
2-agent homogeneous,Sonnet,myth_game,4,moderate,0.5,send_rule
2-agent homogeneous,Sonnet,myth_game,4,most,0.4,send_rule
2-agent homogeneous,Sonnet,myth_game,4,unspecified,0.1,send_rule
2-agent homogeneous,Sonnet,myth_game,5,most,0.5,send_rule
2-agent homogeneous,Sonnet,myth_game,5,moderate,0.3,send_rule
2-agent homogeneous,Sonnet,myth_game,5,unspecified,0.1,send_rule
2-agent homogeneous,Sonnet,myth_game,5,all,0.1,send_rule
2-agent homogeneous,Sonnet,myth_game,6,most,0.5,send_rule
2-agent homogeneous,Sonnet,myth_game,6,moderate,0.4,send_rule
2-agent homogeneous,Sonnet,myth_game,6,all,0.1,send_rule
2-agent homogeneous,Sonnet,myth_game,7,most,0.5,send_rule
2-agent homogeneous,Sonnet,myth_game,7,moderate,0.4,send_rule
2-agent homogeneous,Sonnet,myth_game,7,all,0.1,send_rule
2-agent homogeneous,Sonnet,myth_game,8,moderate,0.6,send_rule
2-agent homogeneous,Sonnet,myth_game,8,most,0.4,send_rule
2-agent homogeneous,Sonnet,myth_game,9,moderate,0.5,send_rule
2-agent homogeneous,Sonnet,myth_game,9,most,0.4,send_rule
2-agent homogeneous,Sonnet,myth_game,9,all,0.1,send_rule
2-agent homogeneous,Sonnet,myth_game,10,most,0.5,send_rule
2-agent homogeneous,Sonnet,myth_game,10,moderate,0.4,send_rule
2-agent homogeneous,Sonnet,myth_game,10,all,0.1,send_rule
2-agent mixed,GPT,game_myth,1,moderate,0.75,send_rule
2-agent mixed,GPT,game_myth,1,most,0.0833,send_rule
2-agent mixed,GPT,game_myth,1,unspecified,0.0833,send_rule
2-agent mixed,GPT,game_myth,1,all,0.0833,send_rule
2-agent mixed,GPT,game_myth,2,moderate,0.6667,send_rule
2-agent mixed,GPT,game_myth,2,all,0.25,send_rule
2-agent mixed,GPT,game_myth,2,most,0.0833,send_rule
2-agent mixed,GPT,game_myth,3,moderate,0.9091,send_rule
2-agent mixed,GPT,game_myth,3,unspecified,0.0909,send_rule
2-agent mixed,GPT,game_myth,4,moderate,0.7273,send_rule
2-agent mixed,GPT,game_myth,4,most,0.0909,send_rule
2-agent mixed,GPT,game_myth,4,all,0.0909,send_rule
2-agent mixed,GPT,game_myth,4,unspecified,0.0909,send_rule
2-agent mixed,GPT,game_myth,5,moderate,0.5833,send_rule
2-agent mixed,GPT,game_myth,5,most,0.1667,send_rule
2-agent mixed,GPT,game_myth,5,all,0.1667,send_rule
2-agent mixed,GPT,game_myth,5,little,0.0833,send_rule
2-agent mixed,GPT,game_myth,6,moderate,0.4167,send_rule
2-agent mixed,GPT,game_myth,6,all,0.3333,send_rule
2-agent mixed,GPT,game_myth,6,little,0.0833,send_rule
2-agent mixed,GPT,game_myth,6,most,0.0833,send_rule
2-agent mixed,GPT,game_myth,6,unspecified,0.0833,send_rule
2-agent mixed,GPT,game_myth,7,moderate,0.5,send_rule
2-agent mixed,GPT,game_myth,7,all,0.4167,send_rule
2-agent mixed,GPT,game_myth,7,most,0.0833,send_rule
2-agent mixed,GPT,game_myth,8,all,0.4545,send_rule
2-agent mixed,GPT,game_myth,8,moderate,0.4545,send_rule
2-agent mixed,GPT,game_myth,8,most,0.0909,send_rule
2-agent mixed,GPT,game_myth,9,all,0.5,send_rule
2-agent mixed,GPT,game_myth,9,moderate,0.3333,send_rule
2-agent mixed,GPT,game_myth,9,most,0.1667,send_rule
2-agent mixed,GPT,game_myth,10,all,0.4167,send_rule
2-agent mixed,GPT,game_myth,10,moderate,0.4167,send_rule
2-agent mixed,GPT,game_myth,10,most,0.1667,send_rule
2-agent mixed,GPT,myth_game,1,all,0.4167,send_rule
2-agent mixed,GPT,myth_game,1,moderate,0.3333,send_rule
2-agent mixed,GPT,myth_game,1,unspecified,0.1667,send_rule
2-agent mixed,GPT,myth_game,1,little,0.0833,send_rule
2-agent mixed,GPT,myth_game,2,moderate,0.5,send_rule
2-agent mixed,GPT,myth_game,2,all,0.25,send_rule
2-agent mixed,GPT,myth_game,2,unspecified,0.1667,send_rule
2-agent mixed,GPT,myth_game,2,little,0.0833,send_rule
2-agent mixed,GPT,myth_game,3,moderate,0.5,send_rule
2-agent mixed,GPT,myth_game,3,all,0.25,send_rule
2-agent mixed,GPT,myth_game,3,unspecified,0.1667,send_rule
2-agent mixed,GPT,myth_game,3,little,0.0833,send_rule
2-agent mixed,GPT,myth_game,4,moderate,0.4167,send_rule
2-agent mixed,GPT,myth_game,4,little,0.3333,send_rule
2-agent mixed,GPT,myth_game,4,all,0.1667,send_rule
2-agent mixed,GPT,myth_game,4,unspecified,0.0833,send_rule
2-agent mixed,GPT,myth_game,5,moderate,0.4167,send_rule
2-agent mixed,GPT,myth_game,5,all,0.3333,send_rule
2-agent mixed,GPT,myth_game,5,most,0.1667,send_rule
2-agent mixed,GPT,myth_game,5,little,0.0833,send_rule
2-agent mixed,GPT,myth_game,6,moderate,0.5833,send_rule
2-agent mixed,GPT,myth_game,6,all,0.4167,send_rule
2-agent mixed,GPT,myth_game,7,moderate,0.6667,send_rule
2-agent mixed,GPT,myth_game,7,all,0.3333,send_rule
2-agent mixed,GPT,myth_game,8,moderate,0.5833,send_rule
2-agent mixed,GPT,myth_game,8,all,0.4167,send_rule
2-agent mixed,GPT,myth_game,9,moderate,0.5833,send_rule
2-agent mixed,GPT,myth_game,9,all,0.4167,send_rule
2-agent mixed,GPT,myth_game,10,all,0.5,send_rule
2-agent mixed,GPT,myth_game,10,moderate,0.5,send_rule
2-agent mixed,Gemini,game_myth,1,all,0.9167,send_rule
2-agent mixed,Gemini,game_myth,1,moderate,0.0833,send_rule
2-agent mixed,Gemini,game_myth,2,all,1.0,send_rule
2-agent mixed,Gemini,game_myth,3,all,1.0,send_rule
2-agent mixed,Gemini,game_myth,4,all,1.0,send_rule
2-agent mixed,Gemini,game_myth,5,all,1.0,send_rule
2-agent mixed,Gemini,game_myth,6,all,1.0,send_rule
2-agent mixed,Gemini,game_myth,7,all,1.0,send_rule
2-agent mixed,Gemini,game_myth,8,all,1.0,send_rule
2-agent mixed,Gemini,game_myth,9,all,1.0,send_rule
2-agent mixed,Gemini,game_myth,10,all,1.0,send_rule
2-agent mixed,Gemini,myth_game,1,all,1.0,send_rule
2-agent mixed,Gemini,myth_game,2,all,1.0,send_rule
2-agent mixed,Gemini,myth_game,3,all,1.0,send_rule
2-agent mixed,Gemini,myth_game,4,all,1.0,send_rule
2-agent mixed,Gemini,myth_game,5,all,1.0,send_rule
2-agent mixed,Gemini,myth_game,6,all,1.0,send_rule
2-agent mixed,Gemini,myth_game,7,all,1.0,send_rule
2-agent mixed,Gemini,myth_game,8,all,1.0,send_rule
2-agent mixed,Gemini,myth_game,9,all,1.0,send_rule
2-agent mixed,Gemini,myth_game,10,all,1.0,send_rule
2-agent mixed,Sonnet,game_myth,1,moderate,0.5,send_rule
2-agent mixed,Sonnet,game_myth,1,most,0.3333,send_rule
2-agent mixed,Sonnet,game_myth,1,little,0.0833,send_rule
2-agent mixed,Sonnet,game_myth,1,all,0.0833,send_rule
2-agent mixed,Sonnet,game_myth,2,most,0.4167,send_rule
2-agent mixed,Sonnet,game_myth,2,moderate,0.3333,send_rule
2-agent mixed,Sonnet,game_myth,2,all,0.1667,send_rule
2-agent mixed,Sonnet,game_myth,2,unspecified,0.0833,send_rule
2-agent mixed,Sonnet,game_myth,3,all,0.4167,send_rule
2-agent mixed,Sonnet,game_myth,3,most,0.3333,send_rule
2-agent mixed,Sonnet,game_myth,3,moderate,0.1667,send_rule
2-agent mixed,Sonnet,game_myth,3,unspecified,0.0833,send_rule
2-agent mixed,Sonnet,game_myth,4,all,0.4167,send_rule
2-agent mixed,Sonnet,game_myth,4,most,0.3333,send_rule
2-agent mixed,Sonnet,game_myth,4,moderate,0.1667,send_rule
2-agent mixed,Sonnet,game_myth,4,little,0.0833,send_rule
2-agent mixed,Sonnet,game_myth,5,all,0.5,send_rule
2-agent mixed,Sonnet,game_myth,5,most,0.3333,send_rule
2-agent mixed,Sonnet,game_myth,5,moderate,0.0833,send_rule
2-agent mixed,Sonnet,game_myth,5,little,0.0833,send_rule
2-agent mixed,Sonnet,game_myth,6,all,0.5833,send_rule
2-agent mixed,Sonnet,game_myth,6,most,0.25,send_rule
2-agent mixed,Sonnet,game_myth,6,moderate,0.1667,send_rule
2-agent mixed,Sonnet,game_myth,7,all,0.4167,send_rule
2-agent mixed,Sonnet,game_myth,7,most,0.4167,send_rule
2-agent mixed,Sonnet,game_myth,7,moderate,0.1667,send_rule
2-agent mixed,Sonnet,game_myth,8,all,0.5,send_rule
2-agent mixed,Sonnet,game_myth,8,most,0.4167,send_rule
2-agent mixed,Sonnet,game_myth,8,unspecified,0.0833,send_rule
2-agent mixed,Sonnet,game_myth,9,all,0.6667,send_rule
2-agent mixed,Sonnet,game_myth,9,most,0.1667,send_rule
2-agent mixed,Sonnet,game_myth,9,moderate,0.1667,send_rule
2-agent mixed,Sonnet,game_myth,10,all,0.6667,send_rule
2-agent mixed,Sonnet,game_myth,10,most,0.1667,send_rule
2-agent mixed,Sonnet,game_myth,10,moderate,0.0833,send_rule
2-agent mixed,Sonnet,game_myth,10,none,0.0833,send_rule
2-agent mixed,Sonnet,myth_game,1,moderate,0.4167,send_rule
2-agent mixed,Sonnet,myth_game,1,all,0.4167,send_rule
2-agent mixed,Sonnet,myth_game,1,most,0.1667,send_rule
2-agent mixed,Sonnet,myth_game,2,most,0.5833,send_rule
2-agent mixed,Sonnet,myth_game,2,moderate,0.1667,send_rule
2-agent mixed,Sonnet,myth_game,2,all,0.1667,send_rule
2-agent mixed,Sonnet,myth_game,2,little,0.0833,send_rule
2-agent mixed,Sonnet,myth_game,3,all,0.4167,send_rule
2-agent mixed,Sonnet,myth_game,3,most,0.3333,send_rule
2-agent mixed,Sonnet,myth_game,3,moderate,0.25,send_rule
2-agent mixed,Sonnet,myth_game,4,all,0.5833,send_rule
2-agent mixed,Sonnet,myth_game,4,moderate,0.4167,send_rule
2-agent mixed,Sonnet,myth_game,5,all,0.5,send_rule
2-agent mixed,Sonnet,myth_game,5,moderate,0.4167,send_rule
2-agent mixed,Sonnet,myth_game,5,most,0.0833,send_rule
2-agent mixed,Sonnet,myth_game,6,all,0.5,send_rule
2-agent mixed,Sonnet,myth_game,6,moderate,0.25,send_rule
2-agent mixed,Sonnet,myth_game,6,most,0.25,send_rule
2-agent mixed,Sonnet,myth_game,7,all,0.5,send_rule
2-agent mixed,Sonnet,myth_game,7,moderate,0.25,send_rule
2-agent mixed,Sonnet,myth_game,7,most,0.25,send_rule
2-agent mixed,Sonnet,myth_game,8,all,0.5833,send_rule
2-agent mixed,Sonnet,myth_game,8,moderate,0.25,send_rule
2-agent mixed,Sonnet,myth_game,8,unspecified,0.0833,send_rule
2-agent mixed,Sonnet,myth_game,8,most,0.0833,send_rule
2-agent mixed,Sonnet,myth_game,9,all,0.6667,send_rule
2-agent mixed,Sonnet,myth_game,9,moderate,0.1667,send_rule
2-agent mixed,Sonnet,myth_game,9,unspecified,0.0833,send_rule
2-agent mixed,Sonnet,myth_game,9,most,0.0833,send_rule
2-agent mixed,Sonnet,myth_game,10,all,0.5833,send_rule
2-agent mixed,Sonnet,myth_game,10,moderate,0.1667,send_rule
2-agent mixed,Sonnet,myth_game,10,most,0.1667,send_rule
2-agent mixed,Sonnet,myth_game,10,unspecified,0.0833,send_rule
8-agent homogeneous,GPT,game_myth,1,moderate,0.625,send_rule
8-agent homogeneous,GPT,game_myth,1,little,0.2,send_rule
8-agent homogeneous,GPT,game_myth,1,all,0.1,send_rule
8-agent homogeneous,GPT,game_myth,1,unspecified,0.05,send_rule
8-agent homogeneous,GPT,game_myth,1,most,0.025,send_rule
8-agent homogeneous,GPT,game_myth,2,moderate,0.8,send_rule
8-agent homogeneous,GPT,game_myth,2,all,0.1,send_rule
8-agent homogeneous,GPT,game_myth,2,unspecified,0.05,send_rule
8-agent homogeneous,GPT,game_myth,2,little,0.05,send_rule
8-agent homogeneous,GPT,game_myth,3,moderate,0.8,send_rule
8-agent homogeneous,GPT,game_myth,3,unspecified,0.1,send_rule
8-agent homogeneous,GPT,game_myth,3,all,0.075,send_rule
8-agent homogeneous,GPT,game_myth,3,little,0.025,send_rule
8-agent homogeneous,GPT,game_myth,4,moderate,0.775,send_rule
8-agent homogeneous,GPT,game_myth,4,little,0.125,send_rule
8-agent homogeneous,GPT,game_myth,4,unspecified,0.05,send_rule
8-agent homogeneous,GPT,game_myth,4,all,0.05,send_rule
8-agent homogeneous,GPT,game_myth,5,moderate,0.75,send_rule
8-agent homogeneous,GPT,game_myth,5,little,0.1,send_rule
8-agent homogeneous,GPT,game_myth,5,all,0.1,send_rule
8-agent homogeneous,GPT,game_myth,5,unspecified,0.05,send_rule
8-agent homogeneous,GPT,game_myth,6,moderate,0.95,send_rule
8-agent homogeneous,GPT,game_myth,6,all,0.025,send_rule
8-agent homogeneous,GPT,game_myth,6,unspecified,0.025,send_rule
8-agent homogeneous,GPT,game_myth,7,moderate,0.925,send_rule
8-agent homogeneous,GPT,game_myth,7,unspecified,0.05,send_rule
8-agent homogeneous,GPT,game_myth,7,all,0.025,send_rule
8-agent homogeneous,GPT,game_myth,8,moderate,0.925,send_rule
8-agent homogeneous,GPT,game_myth,8,unspecified,0.05,send_rule
8-agent homogeneous,GPT,game_myth,8,all,0.025,send_rule
8-agent homogeneous,GPT,game_myth,9,moderate,0.85,send_rule
8-agent homogeneous,GPT,game_myth,9,all,0.05,send_rule
8-agent homogeneous,GPT,game_myth,9,unspecified,0.05,send_rule
8-agent homogeneous,GPT,game_myth,9,most,0.025,send_rule
8-agent homogeneous,GPT,game_myth,9,little,0.025,send_rule
8-agent homogeneous,GPT,game_myth,10,moderate,0.95,send_rule
8-agent homogeneous,GPT,game_myth,10,all,0.025,send_rule
8-agent homogeneous,GPT,game_myth,10,unspecified,0.025,send_rule
8-agent homogeneous,GPT,myth_game,1,moderate,0.65,send_rule
8-agent homogeneous,GPT,myth_game,1,all,0.15,send_rule
8-agent homogeneous,GPT,myth_game,1,unspecified,0.1,send_rule
8-agent homogeneous,GPT,myth_game,1,little,0.075,send_rule
8-agent homogeneous,GPT,myth_game,1,most,0.025,send_rule
8-agent homogeneous,GPT,myth_game,2,moderate,0.7949,send_rule
8-agent homogeneous,GPT,myth_game,2,all,0.1026,send_rule
8-agent homogeneous,GPT,myth_game,2,unspecified,0.0769,send_rule
8-agent homogeneous,GPT,myth_game,2,little,0.0256,send_rule
8-agent homogeneous,GPT,myth_game,3,moderate,0.875,send_rule
8-agent homogeneous,GPT,myth_game,3,all,0.1,send_rule
8-agent homogeneous,GPT,myth_game,3,little,0.025,send_rule
8-agent homogeneous,GPT,myth_game,4,moderate,0.825,send_rule
8-agent homogeneous,GPT,myth_game,4,all,0.125,send_rule
8-agent homogeneous,GPT,myth_game,4,little,0.025,send_rule
8-agent homogeneous,GPT,myth_game,4,unspecified,0.025,send_rule
8-agent homogeneous,GPT,myth_game,5,moderate,0.8205,send_rule
8-agent homogeneous,GPT,myth_game,5,all,0.0769,send_rule
8-agent homogeneous,GPT,myth_game,5,unspecified,0.0769,send_rule
8-agent homogeneous,GPT,myth_game,5,little,0.0256,send_rule
8-agent homogeneous,GPT,myth_game,6,moderate,0.85,send_rule
8-agent homogeneous,GPT,myth_game,6,all,0.1,send_rule
8-agent homogeneous,GPT,myth_game,6,unspecified,0.025,send_rule
8-agent homogeneous,GPT,myth_game,6,little,0.025,send_rule
8-agent homogeneous,GPT,myth_game,7,moderate,0.875,send_rule
8-agent homogeneous,GPT,myth_game,7,all,0.075,send_rule
8-agent homogeneous,GPT,myth_game,7,unspecified,0.05,send_rule
8-agent homogeneous,GPT,myth_game,8,moderate,0.825,send_rule
8-agent homogeneous,GPT,myth_game,8,little,0.075,send_rule
8-agent homogeneous,GPT,myth_game,8,all,0.05,send_rule
8-agent homogeneous,GPT,myth_game,8,unspecified,0.05,send_rule
8-agent homogeneous,GPT,myth_game,9,moderate,0.95,send_rule
8-agent homogeneous,GPT,myth_game,9,little,0.025,send_rule
8-agent homogeneous,GPT,myth_game,9,unspecified,0.025,send_rule
8-agent homogeneous,GPT,myth_game,10,moderate,0.825,send_rule
8-agent homogeneous,GPT,myth_game,10,unspecified,0.1,send_rule
8-agent homogeneous,GPT,myth_game,10,all,0.05,send_rule
8-agent homogeneous,GPT,myth_game,10,little,0.025,send_rule
8-agent homogeneous,Gemini,game_myth,1,all,0.85,send_rule
8-agent homogeneous,Gemini,game_myth,1,most,0.15,send_rule
8-agent homogeneous,Gemini,game_myth,2,all,1.0,send_rule
8-agent homogeneous,Gemini,game_myth,3,all,1.0,send_rule
8-agent homogeneous,Gemini,game_myth,4,all,1.0,send_rule
8-agent homogeneous,Gemini,game_myth,5,all,1.0,send_rule
8-agent homogeneous,Gemini,game_myth,6,all,1.0,send_rule
8-agent homogeneous,Gemini,game_myth,7,all,1.0,send_rule
8-agent homogeneous,Gemini,game_myth,8,all,1.0,send_rule
8-agent homogeneous,Gemini,game_myth,9,all,1.0,send_rule
8-agent homogeneous,Gemini,game_myth,10,all,1.0,send_rule
8-agent homogeneous,Gemini,myth_game,1,all,1.0,send_rule
8-agent homogeneous,Gemini,myth_game,2,all,1.0,send_rule
8-agent homogeneous,Gemini,myth_game,3,all,1.0,send_rule
8-agent homogeneous,Gemini,myth_game,4,all,1.0,send_rule
8-agent homogeneous,Gemini,myth_game,5,all,1.0,send_rule
8-agent homogeneous,Gemini,myth_game,6,all,1.0,send_rule
8-agent homogeneous,Gemini,myth_game,7,all,1.0,send_rule
8-agent homogeneous,Gemini,myth_game,8,all,1.0,send_rule
8-agent homogeneous,Gemini,myth_game,9,all,1.0,send_rule
8-agent homogeneous,Gemini,myth_game,10,all,1.0,send_rule
8-agent homogeneous,Sonnet,game_myth,1,moderate,0.825,send_rule
8-agent homogeneous,Sonnet,game_myth,1,most,0.125,send_rule
8-agent homogeneous,Sonnet,game_myth,1,all,0.05,send_rule
8-agent homogeneous,Sonnet,game_myth,2,moderate,0.875,send_rule
8-agent homogeneous,Sonnet,game_myth,2,most,0.1,send_rule
8-agent homogeneous,Sonnet,game_myth,2,unspecified,0.025,send_rule
8-agent homogeneous,Sonnet,game_myth,3,moderate,0.95,send_rule
8-agent homogeneous,Sonnet,game_myth,3,most,0.025,send_rule
8-agent homogeneous,Sonnet,game_myth,3,unspecified,0.025,send_rule
8-agent homogeneous,Sonnet,game_myth,4,moderate,0.95,send_rule
8-agent homogeneous,Sonnet,game_myth,4,most,0.025,send_rule
8-agent homogeneous,Sonnet,game_myth,4,unspecified,0.025,send_rule
8-agent homogeneous,Sonnet,game_myth,5,moderate,0.9,send_rule
8-agent homogeneous,Sonnet,game_myth,5,most,0.05,send_rule
8-agent homogeneous,Sonnet,game_myth,5,all,0.025,send_rule
8-agent homogeneous,Sonnet,game_myth,5,unspecified,0.025,send_rule
8-agent homogeneous,Sonnet,game_myth,6,moderate,0.925,send_rule
8-agent homogeneous,Sonnet,game_myth,6,most,0.05,send_rule
8-agent homogeneous,Sonnet,game_myth,6,unspecified,0.025,send_rule
8-agent homogeneous,Sonnet,game_myth,7,moderate,0.95,send_rule
8-agent homogeneous,Sonnet,game_myth,7,unspecified,0.05,send_rule
8-agent homogeneous,Sonnet,game_myth,8,moderate,0.975,send_rule
8-agent homogeneous,Sonnet,game_myth,8,unspecified,0.025,send_rule
8-agent homogeneous,Sonnet,game_myth,9,moderate,0.9,send_rule
8-agent homogeneous,Sonnet,game_myth,9,most,0.05,send_rule
8-agent homogeneous,Sonnet,game_myth,9,little,0.025,send_rule
8-agent homogeneous,Sonnet,game_myth,9,unspecified,0.025,send_rule
8-agent homogeneous,Sonnet,game_myth,10,moderate,0.8974,send_rule
8-agent homogeneous,Sonnet,game_myth,10,unspecified,0.0769,send_rule
8-agent homogeneous,Sonnet,game_myth,10,all,0.0256,send_rule
8-agent homogeneous,Sonnet,myth_game,1,all,0.6,send_rule
8-agent homogeneous,Sonnet,myth_game,1,moderate,0.325,send_rule
8-agent homogeneous,Sonnet,myth_game,1,most,0.075,send_rule
8-agent homogeneous,Sonnet,myth_game,2,most,0.425,send_rule
8-agent homogeneous,Sonnet,myth_game,2,moderate,0.3,send_rule
8-agent homogeneous,Sonnet,myth_game,2,all,0.275,send_rule
8-agent homogeneous,Sonnet,myth_game,3,most,0.475,send_rule
8-agent homogeneous,Sonnet,myth_game,3,moderate,0.3,send_rule
8-agent homogeneous,Sonnet,myth_game,3,all,0.225,send_rule
8-agent homogeneous,Sonnet,myth_game,4,most,0.475,send_rule
8-agent homogeneous,Sonnet,myth_game,4,all,0.25,send_rule
8-agent homogeneous,Sonnet,myth_game,4,moderate,0.225,send_rule
8-agent homogeneous,Sonnet,myth_game,4,unspecified,0.05,send_rule
8-agent homogeneous,Sonnet,myth_game,5,most,0.575,send_rule
8-agent homogeneous,Sonnet,myth_game,5,all,0.275,send_rule
8-agent homogeneous,Sonnet,myth_game,5,moderate,0.15,send_rule
8-agent homogeneous,Sonnet,myth_game,6,most,0.55,send_rule
8-agent homogeneous,Sonnet,myth_game,6,all,0.325,send_rule
8-agent homogeneous,Sonnet,myth_game,6,moderate,0.1,send_rule
8-agent homogeneous,Sonnet,myth_game,6,unspecified,0.025,send_rule
8-agent homogeneous,Sonnet,myth_game,7,most,0.5,send_rule
8-agent homogeneous,Sonnet,myth_game,7,all,0.4,send_rule
8-agent homogeneous,Sonnet,myth_game,7,moderate,0.075,send_rule
8-agent homogeneous,Sonnet,myth_game,7,unspecified,0.025,send_rule
8-agent homogeneous,Sonnet,myth_game,8,most,0.45,send_rule
8-agent homogeneous,Sonnet,myth_game,8,all,0.375,send_rule
8-agent homogeneous,Sonnet,myth_game,8,moderate,0.1,send_rule
8-agent homogeneous,Sonnet,myth_game,8,unspecified,0.075,send_rule
8-agent homogeneous,Sonnet,myth_game,9,all,0.475,send_rule
8-agent homogeneous,Sonnet,myth_game,9,most,0.425,send_rule
8-agent homogeneous,Sonnet,myth_game,9,moderate,0.1,send_rule
8-agent homogeneous,Sonnet,myth_game,10,all,0.475,send_rule
8-agent homogeneous,Sonnet,myth_game,10,most,0.425,send_rule
8-agent homogeneous,Sonnet,myth_game,10,unspecified,0.075,send_rule
8-agent homogeneous,Sonnet,myth_game,10,moderate,0.025,send_rule
8-agent mixed,GPT,game_myth,1,moderate,0.7083,send_rule
8-agent mixed,GPT,game_myth,1,all,0.1,send_rule
8-agent mixed,GPT,game_myth,1,little,0.0917,send_rule
8-agent mixed,GPT,game_myth,1,unspecified,0.0833,send_rule
8-agent mixed,GPT,game_myth,1,most,0.0167,send_rule
8-agent mixed,GPT,game_myth,2,moderate,0.7563,send_rule
8-agent mixed,GPT,game_myth,2,all,0.1092,send_rule
8-agent mixed,GPT,game_myth,2,little,0.0924,send_rule
8-agent mixed,GPT,game_myth,2,unspecified,0.0252,send_rule
8-agent mixed,GPT,game_myth,2,most,0.0168,send_rule
8-agent mixed,GPT,game_myth,3,moderate,0.8167,send_rule
8-agent mixed,GPT,game_myth,3,all,0.0833,send_rule
8-agent mixed,GPT,game_myth,3,little,0.0667,send_rule
8-agent mixed,GPT,game_myth,3,unspecified,0.0167,send_rule
8-agent mixed,GPT,game_myth,3,most,0.0167,send_rule
8-agent mixed,GPT,game_myth,4,moderate,0.8,send_rule
8-agent mixed,GPT,game_myth,4,all,0.1167,send_rule
8-agent mixed,GPT,game_myth,4,little,0.05,send_rule
8-agent mixed,GPT,game_myth,4,most,0.0167,send_rule
8-agent mixed,GPT,game_myth,4,unspecified,0.0167,send_rule
8-agent mixed,GPT,game_myth,5,moderate,0.8151,send_rule
8-agent mixed,GPT,game_myth,5,all,0.1429,send_rule
8-agent mixed,GPT,game_myth,5,little,0.0252,send_rule
8-agent mixed,GPT,game_myth,5,most,0.0168,send_rule
8-agent mixed,GPT,game_myth,6,moderate,0.7833,send_rule
8-agent mixed,GPT,game_myth,6,all,0.125,send_rule
8-agent mixed,GPT,game_myth,6,little,0.0417,send_rule
8-agent mixed,GPT,game_myth,6,most,0.0333,send_rule
8-agent mixed,GPT,game_myth,6,unspecified,0.0167,send_rule
8-agent mixed,GPT,game_myth,7,moderate,0.8051,send_rule
8-agent mixed,GPT,game_myth,7,all,0.1441,send_rule
8-agent mixed,GPT,game_myth,7,little,0.0254,send_rule
8-agent mixed,GPT,game_myth,7,unspecified,0.0169,send_rule
8-agent mixed,GPT,game_myth,7,most,0.0085,send_rule
8-agent mixed,GPT,game_myth,8,moderate,0.75,send_rule
8-agent mixed,GPT,game_myth,8,all,0.1917,send_rule
8-agent mixed,GPT,game_myth,8,unspecified,0.025,send_rule
8-agent mixed,GPT,game_myth,8,most,0.0167,send_rule
8-agent mixed,GPT,game_myth,8,little,0.0167,send_rule
8-agent mixed,GPT,game_myth,9,moderate,0.7521,send_rule
8-agent mixed,GPT,game_myth,9,all,0.1709,send_rule
8-agent mixed,GPT,game_myth,9,little,0.0342,send_rule
8-agent mixed,GPT,game_myth,9,most,0.0256,send_rule
8-agent mixed,GPT,game_myth,9,unspecified,0.0171,send_rule
8-agent mixed,GPT,game_myth,10,moderate,0.7227,send_rule
8-agent mixed,GPT,game_myth,10,all,0.2017,send_rule
8-agent mixed,GPT,game_myth,10,unspecified,0.042,send_rule
8-agent mixed,GPT,game_myth,10,little,0.0252,send_rule
8-agent mixed,GPT,game_myth,10,most,0.0084,send_rule
8-agent mixed,GPT,myth_game,1,moderate,0.55,send_rule
8-agent mixed,GPT,myth_game,1,all,0.2333,send_rule
8-agent mixed,GPT,myth_game,1,unspecified,0.1167,send_rule
8-agent mixed,GPT,myth_game,1,little,0.0917,send_rule
8-agent mixed,GPT,myth_game,1,most,0.0083,send_rule
8-agent mixed,GPT,myth_game,2,moderate,0.7083,send_rule
8-agent mixed,GPT,myth_game,2,all,0.1583,send_rule
8-agent mixed,GPT,myth_game,2,unspecified,0.0583,send_rule
8-agent mixed,GPT,myth_game,2,little,0.0417,send_rule
8-agent mixed,GPT,myth_game,2,most,0.0333,send_rule
8-agent mixed,GPT,myth_game,3,moderate,0.6083,send_rule
8-agent mixed,GPT,myth_game,3,all,0.2333,send_rule
8-agent mixed,GPT,myth_game,3,unspecified,0.0667,send_rule
8-agent mixed,GPT,myth_game,3,most,0.0583,send_rule
8-agent mixed,GPT,myth_game,3,little,0.0333,send_rule
8-agent mixed,GPT,myth_game,4,moderate,0.678,send_rule
8-agent mixed,GPT,myth_game,4,all,0.1949,send_rule
8-agent mixed,GPT,myth_game,4,unspecified,0.0593,send_rule
8-agent mixed,GPT,myth_game,4,little,0.0508,send_rule
8-agent mixed,GPT,myth_game,4,most,0.0169,send_rule
8-agent mixed,GPT,myth_game,5,moderate,0.6667,send_rule
8-agent mixed,GPT,myth_game,5,all,0.2583,send_rule
8-agent mixed,GPT,myth_game,5,unspecified,0.0417,send_rule
8-agent mixed,GPT,myth_game,5,most,0.0333,send_rule
8-agent mixed,GPT,myth_game,6,moderate,0.625,send_rule
8-agent mixed,GPT,myth_game,6,all,0.2833,send_rule
8-agent mixed,GPT,myth_game,6,unspecified,0.0417,send_rule
8-agent mixed,GPT,myth_game,6,little,0.025,send_rule
8-agent mixed,GPT,myth_game,6,most,0.025,send_rule
8-agent mixed,GPT,myth_game,7,moderate,0.6218,send_rule
8-agent mixed,GPT,myth_game,7,all,0.2773,send_rule
8-agent mixed,GPT,myth_game,7,unspecified,0.0672,send_rule
8-agent mixed,GPT,myth_game,7,most,0.0252,send_rule
8-agent mixed,GPT,myth_game,7,little,0.0084,send_rule
8-agent mixed,GPT,myth_game,8,moderate,0.5932,send_rule
8-agent mixed,GPT,myth_game,8,all,0.2288,send_rule
8-agent mixed,GPT,myth_game,8,unspecified,0.0932,send_rule
8-agent mixed,GPT,myth_game,8,most,0.0593,send_rule
8-agent mixed,GPT,myth_game,8,little,0.0254,send_rule
8-agent mixed,GPT,myth_game,9,moderate,0.6387,send_rule
8-agent mixed,GPT,myth_game,9,all,0.2521,send_rule
8-agent mixed,GPT,myth_game,9,most,0.0588,send_rule
8-agent mixed,GPT,myth_game,9,unspecified,0.042,send_rule
8-agent mixed,GPT,myth_game,9,little,0.0084,send_rule
8-agent mixed,GPT,myth_game,10,moderate,0.6387,send_rule
8-agent mixed,GPT,myth_game,10,all,0.1933,send_rule
8-agent mixed,GPT,myth_game,10,unspecified,0.0924,send_rule
8-agent mixed,GPT,myth_game,10,most,0.0672,send_rule
8-agent mixed,GPT,myth_game,10,little,0.0084,send_rule
8-agent mixed,Gemini,game_myth,1,all,0.9429,send_rule
8-agent mixed,Gemini,game_myth,1,most,0.0571,send_rule
8-agent mixed,Gemini,game_myth,2,all,1.0,send_rule
8-agent mixed,Gemini,game_myth,3,all,1.0,send_rule
8-agent mixed,Gemini,game_myth,4,all,1.0,send_rule
8-agent mixed,Gemini,game_myth,5,all,1.0,send_rule
8-agent mixed,Gemini,game_myth,6,all,1.0,send_rule
8-agent mixed,Gemini,game_myth,7,all,1.0,send_rule
8-agent mixed,Gemini,game_myth,8,all,1.0,send_rule
8-agent mixed,Gemini,game_myth,9,all,1.0,send_rule
8-agent mixed,Gemini,game_myth,10,all,1.0,send_rule
8-agent mixed,Gemini,myth_game,1,all,1.0,send_rule
8-agent mixed,Gemini,myth_game,2,all,1.0,send_rule
8-agent mixed,Gemini,myth_game,3,all,1.0,send_rule
8-agent mixed,Gemini,myth_game,4,all,1.0,send_rule
8-agent mixed,Gemini,myth_game,5,all,1.0,send_rule
8-agent mixed,Gemini,myth_game,6,all,1.0,send_rule
8-agent mixed,Gemini,myth_game,7,all,1.0,send_rule
8-agent mixed,Gemini,myth_game,8,all,1.0,send_rule
8-agent mixed,Gemini,myth_game,9,all,1.0,send_rule
8-agent mixed,Gemini,myth_game,10,all,1.0,send_rule
8-agent mixed,Sonnet,game_myth,1,moderate,0.7765,send_rule
8-agent mixed,Sonnet,game_myth,1,all,0.1412,send_rule
8-agent mixed,Sonnet,game_myth,1,most,0.0471,send_rule
8-agent mixed,Sonnet,game_myth,1,little,0.0235,send_rule
8-agent mixed,Sonnet,game_myth,1,unspecified,0.0118,send_rule
8-agent mixed,Sonnet,game_myth,2,moderate,0.7412,send_rule
8-agent mixed,Sonnet,game_myth,2,all,0.1176,send_rule
8-agent mixed,Sonnet,game_myth,2,most,0.0824,send_rule
8-agent mixed,Sonnet,game_myth,2,unspecified,0.0471,send_rule
8-agent mixed,Sonnet,game_myth,2,little,0.0118,send_rule
8-agent mixed,Sonnet,game_myth,3,moderate,0.7647,send_rule
8-agent mixed,Sonnet,game_myth,3,most,0.0941,send_rule
8-agent mixed,Sonnet,game_myth,3,all,0.0941,send_rule
8-agent mixed,Sonnet,game_myth,3,unspecified,0.0353,send_rule
8-agent mixed,Sonnet,game_myth,3,little,0.0118,send_rule
8-agent mixed,Sonnet,game_myth,4,moderate,0.6471,send_rule
8-agent mixed,Sonnet,game_myth,4,most,0.1647,send_rule
8-agent mixed,Sonnet,game_myth,4,all,0.0824,send_rule
8-agent mixed,Sonnet,game_myth,4,unspecified,0.0588,send_rule
8-agent mixed,Sonnet,game_myth,4,little,0.0471,send_rule
8-agent mixed,Sonnet,game_myth,5,moderate,0.7765,send_rule
8-agent mixed,Sonnet,game_myth,5,most,0.1059,send_rule
8-agent mixed,Sonnet,game_myth,5,all,0.0588,send_rule
8-agent mixed,Sonnet,game_myth,5,unspecified,0.0471,send_rule
8-agent mixed,Sonnet,game_myth,5,none,0.0118,send_rule
8-agent mixed,Sonnet,game_myth,6,moderate,0.8353,send_rule
8-agent mixed,Sonnet,game_myth,6,most,0.1059,send_rule
8-agent mixed,Sonnet,game_myth,6,all,0.0353,send_rule
8-agent mixed,Sonnet,game_myth,6,unspecified,0.0118,send_rule
8-agent mixed,Sonnet,game_myth,6,little,0.0118,send_rule
8-agent mixed,Sonnet,game_myth,7,moderate,0.7647,send_rule
8-agent mixed,Sonnet,game_myth,7,most,0.1882,send_rule
8-agent mixed,Sonnet,game_myth,7,unspecified,0.0235,send_rule
8-agent mixed,Sonnet,game_myth,7,all,0.0235,send_rule
8-agent mixed,Sonnet,game_myth,8,moderate,0.7529,send_rule
8-agent mixed,Sonnet,game_myth,8,most,0.1294,send_rule
8-agent mixed,Sonnet,game_myth,8,all,0.0706,send_rule
8-agent mixed,Sonnet,game_myth,8,unspecified,0.0235,send_rule
8-agent mixed,Sonnet,game_myth,8,little,0.0235,send_rule
8-agent mixed,Sonnet,game_myth,9,moderate,0.7294,send_rule
8-agent mixed,Sonnet,game_myth,9,most,0.1412,send_rule
8-agent mixed,Sonnet,game_myth,9,all,0.0824,send_rule
8-agent mixed,Sonnet,game_myth,9,unspecified,0.0353,send_rule
8-agent mixed,Sonnet,game_myth,9,little,0.0118,send_rule
8-agent mixed,Sonnet,game_myth,10,moderate,0.6824,send_rule
8-agent mixed,Sonnet,game_myth,10,most,0.1647,send_rule
8-agent mixed,Sonnet,game_myth,10,all,0.0941,send_rule
8-agent mixed,Sonnet,game_myth,10,unspecified,0.0588,send_rule
8-agent mixed,Sonnet,myth_game,1,all,0.4706,send_rule
8-agent mixed,Sonnet,myth_game,1,moderate,0.4,send_rule
8-agent mixed,Sonnet,myth_game,1,most,0.1294,send_rule
8-agent mixed,Sonnet,myth_game,2,most,0.4235,send_rule
8-agent mixed,Sonnet,myth_game,2,moderate,0.3529,send_rule
8-agent mixed,Sonnet,myth_game,2,all,0.2118,send_rule
8-agent mixed,Sonnet,myth_game,2,little,0.0118,send_rule
8-agent mixed,Sonnet,myth_game,3,most,0.4471,send_rule
8-agent mixed,Sonnet,myth_game,3,moderate,0.3294,send_rule
8-agent mixed,Sonnet,myth_game,3,all,0.2235,send_rule
8-agent mixed,Sonnet,myth_game,4,most,0.4824,send_rule
8-agent mixed,Sonnet,myth_game,4,moderate,0.2941,send_rule
8-agent mixed,Sonnet,myth_game,4,all,0.1882,send_rule
8-agent mixed,Sonnet,myth_game,4,unspecified,0.0353,send_rule
8-agent mixed,Sonnet,myth_game,5,most,0.5176,send_rule
8-agent mixed,Sonnet,myth_game,5,moderate,0.3176,send_rule
8-agent mixed,Sonnet,myth_game,5,all,0.1529,send_rule
8-agent mixed,Sonnet,myth_game,5,unspecified,0.0118,send_rule
8-agent mixed,Sonnet,myth_game,6,most,0.5059,send_rule
8-agent mixed,Sonnet,myth_game,6,moderate,0.2706,send_rule
8-agent mixed,Sonnet,myth_game,6,all,0.1765,send_rule
8-agent mixed,Sonnet,myth_game,6,unspecified,0.0471,send_rule
8-agent mixed,Sonnet,myth_game,7,most,0.4941,send_rule
8-agent mixed,Sonnet,myth_game,7,moderate,0.2706,send_rule
8-agent mixed,Sonnet,myth_game,7,all,0.1882,send_rule
8-agent mixed,Sonnet,myth_game,7,unspecified,0.0471,send_rule
8-agent mixed,Sonnet,myth_game,8,most,0.4588,send_rule
8-agent mixed,Sonnet,myth_game,8,moderate,0.3647,send_rule
8-agent mixed,Sonnet,myth_game,8,all,0.1529,send_rule
8-agent mixed,Sonnet,myth_game,8,unspecified,0.0235,send_rule
8-agent mixed,Sonnet,myth_game,9,most,0.4235,send_rule
8-agent mixed,Sonnet,myth_game,9,moderate,0.3294,send_rule
8-agent mixed,Sonnet,myth_game,9,all,0.2,send_rule
8-agent mixed,Sonnet,myth_game,9,unspecified,0.0471,send_rule
8-agent mixed,Sonnet,myth_game,10,most,0.4,send_rule
8-agent mixed,Sonnet,myth_game,10,moderate,0.3529,send_rule
8-agent mixed,Sonnet,myth_game,10,all,0.2118,send_rule
8-agent mixed,Sonnet,myth_game,10,unspecified,0.0353,send_rule
2-agent homogeneous,GPT,game_myth,1,half,0.4,return_rule
2-agent homogeneous,GPT,game_myth,1,at_least_sent,0.2,return_rule
2-agent homogeneous,GPT,game_myth,1,little,0.1,return_rule
2-agent homogeneous,GPT,game_myth,1,more_than_half,0.1,return_rule
2-agent homogeneous,GPT,game_myth,1,unspecified,0.1,return_rule
2-agent homogeneous,GPT,game_myth,1,match_partner,0.1,return_rule
2-agent homogeneous,GPT,game_myth,2,half,0.5,return_rule
2-agent homogeneous,GPT,game_myth,2,unspecified,0.3,return_rule
2-agent homogeneous,GPT,game_myth,2,more_than_half,0.1,return_rule
2-agent homogeneous,GPT,game_myth,2,little,0.1,return_rule
2-agent homogeneous,GPT,game_myth,3,half,0.5,return_rule
2-agent homogeneous,GPT,game_myth,3,unspecified,0.3,return_rule
2-agent homogeneous,GPT,game_myth,3,more_than_half,0.1,return_rule
2-agent homogeneous,GPT,game_myth,3,at_least_sent,0.1,return_rule
2-agent homogeneous,GPT,game_myth,4,half,0.6,return_rule
2-agent homogeneous,GPT,game_myth,4,more_than_half,0.2,return_rule
2-agent homogeneous,GPT,game_myth,4,unspecified,0.1,return_rule
2-agent homogeneous,GPT,game_myth,4,at_least_sent,0.1,return_rule
2-agent homogeneous,GPT,game_myth,5,half,0.4,return_rule
2-agent homogeneous,GPT,game_myth,5,more_than_half,0.2,return_rule
2-agent homogeneous,GPT,game_myth,5,at_least_sent,0.2,return_rule
2-agent homogeneous,GPT,game_myth,5,unspecified,0.1,return_rule
2-agent homogeneous,GPT,game_myth,5,match_partner,0.1,return_rule
2-agent homogeneous,GPT,game_myth,6,half,0.8,return_rule
2-agent homogeneous,GPT,game_myth,6,unspecified,0.1,return_rule
2-agent homogeneous,GPT,game_myth,6,more_than_half,0.1,return_rule
2-agent homogeneous,GPT,game_myth,7,half,0.6,return_rule
2-agent homogeneous,GPT,game_myth,7,unspecified,0.2,return_rule
2-agent homogeneous,GPT,game_myth,7,match_partner,0.1,return_rule
2-agent homogeneous,GPT,game_myth,7,more_than_half,0.1,return_rule
2-agent homogeneous,GPT,game_myth,8,half,0.7,return_rule
2-agent homogeneous,GPT,game_myth,8,unspecified,0.2,return_rule
2-agent homogeneous,GPT,game_myth,8,more_than_half,0.1,return_rule
2-agent homogeneous,GPT,game_myth,9,half,0.8889,return_rule
2-agent homogeneous,GPT,game_myth,9,more_than_half,0.1111,return_rule
2-agent homogeneous,GPT,game_myth,10,half,0.7,return_rule
2-agent homogeneous,GPT,game_myth,10,more_than_half,0.1,return_rule
2-agent homogeneous,GPT,game_myth,10,little,0.1,return_rule
2-agent homogeneous,GPT,game_myth,10,at_least_sent,0.1,return_rule
2-agent homogeneous,GPT,myth_game,1,half,0.7,return_rule
2-agent homogeneous,GPT,myth_game,1,unspecified,0.2,return_rule
2-agent homogeneous,GPT,myth_game,1,at_least_sent,0.1,return_rule
2-agent homogeneous,GPT,myth_game,2,half,0.5,return_rule
2-agent homogeneous,GPT,myth_game,2,little,0.2,return_rule
2-agent homogeneous,GPT,myth_game,2,more_than_half,0.1,return_rule
2-agent homogeneous,GPT,myth_game,2,at_least_sent,0.1,return_rule
2-agent homogeneous,GPT,myth_game,2,unspecified,0.1,return_rule
2-agent homogeneous,GPT,myth_game,3,half,0.6,return_rule
2-agent homogeneous,GPT,myth_game,3,unspecified,0.2,return_rule
2-agent homogeneous,GPT,myth_game,3,match_partner,0.1,return_rule
2-agent homogeneous,GPT,myth_game,3,at_least_sent,0.1,return_rule
2-agent homogeneous,GPT,myth_game,4,half,0.7,return_rule
2-agent homogeneous,GPT,myth_game,4,match_partner,0.2,return_rule
2-agent homogeneous,GPT,myth_game,4,at_least_sent,0.1,return_rule
2-agent homogeneous,GPT,myth_game,5,half,0.5,return_rule
2-agent homogeneous,GPT,myth_game,5,at_least_sent,0.2,return_rule
2-agent homogeneous,GPT,myth_game,5,unspecified,0.2,return_rule
2-agent homogeneous,GPT,myth_game,5,match_partner,0.1,return_rule
2-agent homogeneous,GPT,myth_game,6,half,0.4,return_rule
2-agent homogeneous,GPT,myth_game,6,at_least_sent,0.2,return_rule
2-agent homogeneous,GPT,myth_game,6,match_partner,0.2,return_rule
2-agent homogeneous,GPT,myth_game,6,unspecified,0.2,return_rule
2-agent homogeneous,GPT,myth_game,7,half,0.4,return_rule
2-agent homogeneous,GPT,myth_game,7,at_least_sent,0.2,return_rule
2-agent homogeneous,GPT,myth_game,7,match_partner,0.2,return_rule
2-agent homogeneous,GPT,myth_game,7,unspecified,0.2,return_rule
2-agent homogeneous,GPT,myth_game,8,half,0.4,return_rule
2-agent homogeneous,GPT,myth_game,8,at_least_sent,0.3,return_rule
2-agent homogeneous,GPT,myth_game,8,match_partner,0.2,return_rule
2-agent homogeneous,GPT,myth_game,8,unspecified,0.1,return_rule
2-agent homogeneous,GPT,myth_game,9,at_least_sent,0.3,return_rule
2-agent homogeneous,GPT,myth_game,9,half,0.3,return_rule
2-agent homogeneous,GPT,myth_game,9,match_partner,0.2,return_rule
2-agent homogeneous,GPT,myth_game,9,unspecified,0.2,return_rule
2-agent homogeneous,GPT,myth_game,10,unspecified,0.4,return_rule
2-agent homogeneous,GPT,myth_game,10,at_least_sent,0.2,return_rule
2-agent homogeneous,GPT,myth_game,10,half,0.2,return_rule
2-agent homogeneous,GPT,myth_game,10,match_partner,0.2,return_rule
2-agent homogeneous,Gemini,game_myth,1,more_than_half,0.5,return_rule
2-agent homogeneous,Gemini,game_myth,1,half,0.5,return_rule
2-agent homogeneous,Gemini,game_myth,2,half,0.8,return_rule
2-agent homogeneous,Gemini,game_myth,2,more_than_half,0.2,return_rule
2-agent homogeneous,Gemini,game_myth,3,half,1.0,return_rule
2-agent homogeneous,Gemini,game_myth,4,half,1.0,return_rule
2-agent homogeneous,Gemini,game_myth,5,half,1.0,return_rule
2-agent homogeneous,Gemini,game_myth,6,half,1.0,return_rule
2-agent homogeneous,Gemini,game_myth,7,half,1.0,return_rule
2-agent homogeneous,Gemini,game_myth,8,half,1.0,return_rule
2-agent homogeneous,Gemini,game_myth,9,half,1.0,return_rule
2-agent homogeneous,Gemini,game_myth,10,half,1.0,return_rule
2-agent homogeneous,Gemini,myth_game,1,half,0.8,return_rule
2-agent homogeneous,Gemini,myth_game,1,more_than_half,0.2,return_rule
2-agent homogeneous,Gemini,myth_game,2,half,0.7,return_rule
2-agent homogeneous,Gemini,myth_game,2,more_than_half,0.3,return_rule
2-agent homogeneous,Gemini,myth_game,3,half,0.8,return_rule
2-agent homogeneous,Gemini,myth_game,3,more_than_half,0.2,return_rule
2-agent homogeneous,Gemini,myth_game,4,half,0.7,return_rule
2-agent homogeneous,Gemini,myth_game,4,more_than_half,0.3,return_rule
2-agent homogeneous,Gemini,myth_game,5,half,0.8,return_rule
2-agent homogeneous,Gemini,myth_game,5,more_than_half,0.2,return_rule
2-agent homogeneous,Gemini,myth_game,6,half,0.8,return_rule
2-agent homogeneous,Gemini,myth_game,6,more_than_half,0.2,return_rule
2-agent homogeneous,Gemini,myth_game,7,half,0.8,return_rule
2-agent homogeneous,Gemini,myth_game,7,more_than_half,0.2,return_rule
2-agent homogeneous,Gemini,myth_game,8,half,0.8,return_rule
2-agent homogeneous,Gemini,myth_game,8,more_than_half,0.2,return_rule
2-agent homogeneous,Gemini,myth_game,9,half,0.8,return_rule
2-agent homogeneous,Gemini,myth_game,9,more_than_half,0.2,return_rule
2-agent homogeneous,Gemini,myth_game,10,half,0.8,return_rule
2-agent homogeneous,Gemini,myth_game,10,more_than_half,0.2,return_rule
2-agent homogeneous,Sonnet,game_myth,1,half,0.6,return_rule
2-agent homogeneous,Sonnet,game_myth,1,more_than_half,0.2,return_rule
2-agent homogeneous,Sonnet,game_myth,1,at_least_sent,0.2,return_rule
2-agent homogeneous,Sonnet,game_myth,2,more_than_half,0.4,return_rule
2-agent homogeneous,Sonnet,game_myth,2,at_least_sent,0.3,return_rule
2-agent homogeneous,Sonnet,game_myth,2,half,0.2,return_rule
2-agent homogeneous,Sonnet,game_myth,2,unspecified,0.1,return_rule
2-agent homogeneous,Sonnet,game_myth,3,more_than_half,0.4,return_rule
2-agent homogeneous,Sonnet,game_myth,3,half,0.3,return_rule
2-agent homogeneous,Sonnet,game_myth,3,at_least_sent,0.3,return_rule
2-agent homogeneous,Sonnet,game_myth,4,more_than_half,0.4,return_rule
2-agent homogeneous,Sonnet,game_myth,4,at_least_sent,0.3,return_rule
2-agent homogeneous,Sonnet,game_myth,4,half,0.3,return_rule
2-agent homogeneous,Sonnet,game_myth,5,at_least_sent,0.3,return_rule
2-agent homogeneous,Sonnet,game_myth,5,half,0.3,return_rule
2-agent homogeneous,Sonnet,game_myth,5,more_than_half,0.2,return_rule
2-agent homogeneous,Sonnet,game_myth,5,match_partner,0.2,return_rule
2-agent homogeneous,Sonnet,game_myth,6,at_least_sent,0.3,return_rule
2-agent homogeneous,Sonnet,game_myth,6,half,0.3,return_rule
2-agent homogeneous,Sonnet,game_myth,6,match_partner,0.3,return_rule
2-agent homogeneous,Sonnet,game_myth,6,more_than_half,0.1,return_rule
2-agent homogeneous,Sonnet,game_myth,7,half,0.5,return_rule
2-agent homogeneous,Sonnet,game_myth,7,at_least_sent,0.2,return_rule
2-agent homogeneous,Sonnet,game_myth,7,little,0.1,return_rule
2-agent homogeneous,Sonnet,game_myth,7,unspecified,0.1,return_rule
2-agent homogeneous,Sonnet,game_myth,7,more_than_half,0.1,return_rule
2-agent homogeneous,Sonnet,game_myth,8,at_least_sent,0.3,return_rule
2-agent homogeneous,Sonnet,game_myth,8,unspecified,0.2,return_rule
2-agent homogeneous,Sonnet,game_myth,8,half,0.2,return_rule
2-agent homogeneous,Sonnet,game_myth,8,more_than_half,0.2,return_rule
2-agent homogeneous,Sonnet,game_myth,8,match_partner,0.1,return_rule
2-agent homogeneous,Sonnet,game_myth,9,match_partner,0.3,return_rule
2-agent homogeneous,Sonnet,game_myth,9,at_least_sent,0.3,return_rule
2-agent homogeneous,Sonnet,game_myth,9,half,0.2,return_rule
2-agent homogeneous,Sonnet,game_myth,9,more_than_half,0.1,return_rule
2-agent homogeneous,Sonnet,game_myth,9,unspecified,0.1,return_rule
2-agent homogeneous,Sonnet,game_myth,10,at_least_sent,0.3,return_rule
2-agent homogeneous,Sonnet,game_myth,10,match_partner,0.3,return_rule
2-agent homogeneous,Sonnet,game_myth,10,half,0.2,return_rule
2-agent homogeneous,Sonnet,game_myth,10,more_than_half,0.1,return_rule
2-agent homogeneous,Sonnet,game_myth,10,unspecified,0.1,return_rule
2-agent homogeneous,Sonnet,myth_game,1,more_than_half,0.6,return_rule
2-agent homogeneous,Sonnet,myth_game,1,at_least_sent,0.3,return_rule
2-agent homogeneous,Sonnet,myth_game,1,half,0.1,return_rule
2-agent homogeneous,Sonnet,myth_game,2,at_least_sent,0.4,return_rule
2-agent homogeneous,Sonnet,myth_game,2,more_than_half,0.3,return_rule
2-agent homogeneous,Sonnet,myth_game,2,half,0.2,return_rule
2-agent homogeneous,Sonnet,myth_game,2,match_partner,0.1,return_rule
2-agent homogeneous,Sonnet,myth_game,3,more_than_half,0.3,return_rule
2-agent homogeneous,Sonnet,myth_game,3,half,0.2,return_rule
2-agent homogeneous,Sonnet,myth_game,3,at_least_sent,0.2,return_rule
2-agent homogeneous,Sonnet,myth_game,3,match_partner,0.2,return_rule
2-agent homogeneous,Sonnet,myth_game,3,unspecified,0.1,return_rule
2-agent homogeneous,Sonnet,myth_game,4,half,0.4,return_rule
2-agent homogeneous,Sonnet,myth_game,4,more_than_half,0.4,return_rule
2-agent homogeneous,Sonnet,myth_game,4,match_partner,0.2,return_rule
2-agent homogeneous,Sonnet,myth_game,5,more_than_half,0.5,return_rule
2-agent homogeneous,Sonnet,myth_game,5,half,0.3,return_rule
2-agent homogeneous,Sonnet,myth_game,5,match_partner,0.2,return_rule
2-agent homogeneous,Sonnet,myth_game,6,more_than_half,0.3,return_rule
2-agent homogeneous,Sonnet,myth_game,6,half,0.2,return_rule
2-agent homogeneous,Sonnet,myth_game,6,match_partner,0.2,return_rule
2-agent homogeneous,Sonnet,myth_game,6,at_least_sent,0.2,return_rule
2-agent homogeneous,Sonnet,myth_game,6,unspecified,0.1,return_rule
2-agent homogeneous,Sonnet,myth_game,7,more_than_half,0.4,return_rule
2-agent homogeneous,Sonnet,myth_game,7,half,0.3,return_rule
2-agent homogeneous,Sonnet,myth_game,7,match_partner,0.3,return_rule
2-agent homogeneous,Sonnet,myth_game,8,half,0.4,return_rule
2-agent homogeneous,Sonnet,myth_game,8,more_than_half,0.3,return_rule
2-agent homogeneous,Sonnet,myth_game,8,at_least_sent,0.2,return_rule
2-agent homogeneous,Sonnet,myth_game,8,match_partner,0.1,return_rule
2-agent homogeneous,Sonnet,myth_game,9,more_than_half,0.4,return_rule
2-agent homogeneous,Sonnet,myth_game,9,match_partner,0.3,return_rule
2-agent homogeneous,Sonnet,myth_game,9,half,0.2,return_rule
2-agent homogeneous,Sonnet,myth_game,9,at_least_sent,0.1,return_rule
2-agent homogeneous,Sonnet,myth_game,10,more_than_half,0.4,return_rule
2-agent homogeneous,Sonnet,myth_game,10,half,0.3,return_rule
2-agent homogeneous,Sonnet,myth_game,10,match_partner,0.3,return_rule
2-agent mixed,GPT,game_myth,1,half,0.3333,return_rule
2-agent mixed,GPT,game_myth,1,unspecified,0.25,return_rule
2-agent mixed,GPT,game_myth,1,at_least_sent,0.1667,return_rule
2-agent mixed,GPT,game_myth,1,more_than_half,0.1667,return_rule
2-agent mixed,GPT,game_myth,1,little,0.0833,return_rule
2-agent mixed,GPT,game_myth,2,half,0.5,return_rule
2-agent mixed,GPT,game_myth,2,unspecified,0.3333,return_rule
2-agent mixed,GPT,game_myth,2,at_least_sent,0.1667,return_rule
2-agent mixed,GPT,game_myth,3,half,0.3636,return_rule
2-agent mixed,GPT,game_myth,3,more_than_half,0.2727,return_rule
2-agent mixed,GPT,game_myth,3,at_least_sent,0.1818,return_rule
2-agent mixed,GPT,game_myth,3,unspecified,0.1818,return_rule
2-agent mixed,GPT,game_myth,4,half,0.3636,return_rule
2-agent mixed,GPT,game_myth,4,at_least_sent,0.2727,return_rule
2-agent mixed,GPT,game_myth,4,unspecified,0.1818,return_rule
2-agent mixed,GPT,game_myth,4,more_than_half,0.0909,return_rule
2-agent mixed,GPT,game_myth,4,match_partner,0.0909,return_rule
2-agent mixed,GPT,game_myth,5,half,0.4167,return_rule
2-agent mixed,GPT,game_myth,5,match_partner,0.25,return_rule
2-agent mixed,GPT,game_myth,5,at_least_sent,0.1667,return_rule
2-agent mixed,GPT,game_myth,5,more_than_half,0.0833,return_rule
2-agent mixed,GPT,game_myth,5,unspecified,0.0833,return_rule
2-agent mixed,GPT,game_myth,6,half,0.4167,return_rule
2-agent mixed,GPT,game_myth,6,unspecified,0.25,return_rule
2-agent mixed,GPT,game_myth,6,more_than_half,0.1667,return_rule
2-agent mixed,GPT,game_myth,6,at_least_sent,0.1667,return_rule
2-agent mixed,GPT,game_myth,7,half,0.6667,return_rule
2-agent mixed,GPT,game_myth,7,unspecified,0.1667,return_rule
2-agent mixed,GPT,game_myth,7,match_partner,0.1667,return_rule
2-agent mixed,GPT,game_myth,8,half,0.6364,return_rule
2-agent mixed,GPT,game_myth,8,more_than_half,0.1818,return_rule
2-agent mixed,GPT,game_myth,8,at_least_sent,0.0909,return_rule
2-agent mixed,GPT,game_myth,8,match_partner,0.0909,return_rule
2-agent mixed,GPT,game_myth,9,half,0.5,return_rule
2-agent mixed,GPT,game_myth,9,more_than_half,0.25,return_rule
2-agent mixed,GPT,game_myth,9,match_partner,0.0833,return_rule
2-agent mixed,GPT,game_myth,9,at_least_sent,0.0833,return_rule
2-agent mixed,GPT,game_myth,9,unspecified,0.0833,return_rule
2-agent mixed,GPT,game_myth,10,half,0.5,return_rule
2-agent mixed,GPT,game_myth,10,match_partner,0.25,return_rule
2-agent mixed,GPT,game_myth,10,more_than_half,0.1667,return_rule
2-agent mixed,GPT,game_myth,10,unspecified,0.0833,return_rule
2-agent mixed,GPT,myth_game,1,unspecified,0.4167,return_rule
2-agent mixed,GPT,myth_game,1,half,0.3333,return_rule
2-agent mixed,GPT,myth_game,1,at_least_sent,0.1667,return_rule
2-agent mixed,GPT,myth_game,1,more_than_half,0.0833,return_rule
2-agent mixed,GPT,myth_game,2,half,0.25,return_rule
2-agent mixed,GPT,myth_game,2,at_least_sent,0.25,return_rule
2-agent mixed,GPT,myth_game,2,unspecified,0.1667,return_rule
2-agent mixed,GPT,myth_game,2,more_than_half,0.1667,return_rule
2-agent mixed,GPT,myth_game,2,match_partner,0.1667,return_rule
2-agent mixed,GPT,myth_game,3,half,0.4167,return_rule
2-agent mixed,GPT,myth_game,3,at_least_sent,0.1667,return_rule
2-agent mixed,GPT,myth_game,3,more_than_half,0.1667,return_rule
2-agent mixed,GPT,myth_game,3,unspecified,0.1667,return_rule
2-agent mixed,GPT,myth_game,3,match_partner,0.0833,return_rule
2-agent mixed,GPT,myth_game,4,half,0.6667,return_rule
2-agent mixed,GPT,myth_game,4,unspecified,0.1667,return_rule
2-agent mixed,GPT,myth_game,4,more_than_half,0.0833,return_rule
2-agent mixed,GPT,myth_game,4,at_least_sent,0.0833,return_rule
2-agent mixed,GPT,myth_game,5,half,0.5833,return_rule
2-agent mixed,GPT,myth_game,5,unspecified,0.1667,return_rule
2-agent mixed,GPT,myth_game,5,match_partner,0.1667,return_rule
2-agent mixed,GPT,myth_game,5,at_least_sent,0.0833,return_rule
2-agent mixed,GPT,myth_game,6,half,0.6667,return_rule
2-agent mixed,GPT,myth_game,6,match_partner,0.1667,return_rule
2-agent mixed,GPT,myth_game,6,unspecified,0.0833,return_rule
2-agent mixed,GPT,myth_game,6,at_least_sent,0.0833,return_rule
2-agent mixed,GPT,myth_game,7,half,0.75,return_rule
2-agent mixed,GPT,myth_game,7,match_partner,0.0833,return_rule
2-agent mixed,GPT,myth_game,7,at_least_sent,0.0833,return_rule
2-agent mixed,GPT,myth_game,7,unspecified,0.0833,return_rule
2-agent mixed,GPT,myth_game,8,half,0.75,return_rule
2-agent mixed,GPT,myth_game,8,unspecified,0.1667,return_rule
2-agent mixed,GPT,myth_game,8,at_least_sent,0.0833,return_rule
2-agent mixed,GPT,myth_game,9,half,0.8333,return_rule
2-agent mixed,GPT,myth_game,9,match_partner,0.0833,return_rule
2-agent mixed,GPT,myth_game,9,unspecified,0.0833,return_rule
2-agent mixed,GPT,myth_game,10,half,0.6667,return_rule
2-agent mixed,GPT,myth_game,10,match_partner,0.1667,return_rule
2-agent mixed,GPT,myth_game,10,unspecified,0.0833,return_rule
2-agent mixed,GPT,myth_game,10,at_least_sent,0.0833,return_rule
2-agent mixed,Gemini,game_myth,1,half,0.75,return_rule
2-agent mixed,Gemini,game_myth,1,more_than_half,0.1667,return_rule
2-agent mixed,Gemini,game_myth,1,at_least_sent,0.0833,return_rule
2-agent mixed,Gemini,game_myth,2,half,0.9167,return_rule
2-agent mixed,Gemini,game_myth,2,more_than_half,0.0833,return_rule
2-agent mixed,Gemini,game_myth,3,half,1.0,return_rule
2-agent mixed,Gemini,game_myth,4,half,0.8333,return_rule
2-agent mixed,Gemini,game_myth,4,more_than_half,0.1667,return_rule
2-agent mixed,Gemini,game_myth,5,half,0.8333,return_rule
2-agent mixed,Gemini,game_myth,5,more_than_half,0.1667,return_rule
2-agent mixed,Gemini,game_myth,6,half,0.8333,return_rule
2-agent mixed,Gemini,game_myth,6,more_than_half,0.1667,return_rule
2-agent mixed,Gemini,game_myth,7,half,0.8333,return_rule
2-agent mixed,Gemini,game_myth,7,more_than_half,0.1667,return_rule
2-agent mixed,Gemini,game_myth,8,half,0.9167,return_rule
2-agent mixed,Gemini,game_myth,8,more_than_half,0.0833,return_rule
2-agent mixed,Gemini,game_myth,9,half,0.8333,return_rule
2-agent mixed,Gemini,game_myth,9,more_than_half,0.1667,return_rule
2-agent mixed,Gemini,game_myth,10,half,0.8333,return_rule
2-agent mixed,Gemini,game_myth,10,more_than_half,0.1667,return_rule
2-agent mixed,Gemini,myth_game,1,half,1.0,return_rule
2-agent mixed,Gemini,myth_game,2,half,0.8333,return_rule
2-agent mixed,Gemini,myth_game,2,more_than_half,0.1667,return_rule
2-agent mixed,Gemini,myth_game,3,half,1.0,return_rule
2-agent mixed,Gemini,myth_game,4,half,1.0,return_rule
2-agent mixed,Gemini,myth_game,5,half,1.0,return_rule
2-agent mixed,Gemini,myth_game,6,half,0.8333,return_rule
2-agent mixed,Gemini,myth_game,6,more_than_half,0.1667,return_rule
2-agent mixed,Gemini,myth_game,7,half,0.8333,return_rule
2-agent mixed,Gemini,myth_game,7,more_than_half,0.1667,return_rule
2-agent mixed,Gemini,myth_game,8,half,0.9167,return_rule
2-agent mixed,Gemini,myth_game,8,more_than_half,0.0833,return_rule
2-agent mixed,Gemini,myth_game,9,half,0.8333,return_rule
2-agent mixed,Gemini,myth_game,9,more_than_half,0.1667,return_rule
2-agent mixed,Gemini,myth_game,10,half,0.8333,return_rule
2-agent mixed,Gemini,myth_game,10,more_than_half,0.1667,return_rule
2-agent mixed,Sonnet,game_myth,1,more_than_half,0.5833,return_rule
2-agent mixed,Sonnet,game_myth,1,at_least_sent,0.25,return_rule
2-agent mixed,Sonnet,game_myth,1,half,0.1667,return_rule
2-agent mixed,Sonnet,game_myth,2,more_than_half,0.5,return_rule
2-agent mixed,Sonnet,game_myth,2,at_least_sent,0.25,return_rule
2-agent mixed,Sonnet,game_myth,2,half,0.1667,return_rule
2-agent mixed,Sonnet,game_myth,2,unspecified,0.0833,return_rule
2-agent mixed,Sonnet,game_myth,3,more_than_half,0.5,return_rule
2-agent mixed,Sonnet,game_myth,3,half,0.3333,return_rule
2-agent mixed,Sonnet,game_myth,3,at_least_sent,0.0833,return_rule
2-agent mixed,Sonnet,game_myth,3,unspecified,0.0833,return_rule
2-agent mixed,Sonnet,game_myth,4,half,0.5,return_rule
2-agent mixed,Sonnet,game_myth,4,more_than_half,0.3333,return_rule
2-agent mixed,Sonnet,game_myth,4,match_partner,0.0833,return_rule
2-agent mixed,Sonnet,game_myth,4,little,0.0833,return_rule
2-agent mixed,Sonnet,game_myth,5,more_than_half,0.5,return_rule
2-agent mixed,Sonnet,game_myth,5,half,0.4167,return_rule
2-agent mixed,Sonnet,game_myth,5,unspecified,0.0833,return_rule
2-agent mixed,Sonnet,game_myth,6,more_than_half,0.5,return_rule
2-agent mixed,Sonnet,game_myth,6,half,0.4167,return_rule
2-agent mixed,Sonnet,game_myth,6,unspecified,0.0833,return_rule
2-agent mixed,Sonnet,game_myth,7,more_than_half,0.5,return_rule
2-agent mixed,Sonnet,game_myth,7,half,0.4167,return_rule
2-agent mixed,Sonnet,game_myth,7,match_partner,0.0833,return_rule
2-agent mixed,Sonnet,game_myth,8,half,0.4167,return_rule
2-agent mixed,Sonnet,game_myth,8,more_than_half,0.4167,return_rule
2-agent mixed,Sonnet,game_myth,8,at_least_sent,0.0833,return_rule
2-agent mixed,Sonnet,game_myth,8,unspecified,0.0833,return_rule
2-agent mixed,Sonnet,game_myth,9,half,0.4167,return_rule
2-agent mixed,Sonnet,game_myth,9,more_than_half,0.4167,return_rule
2-agent mixed,Sonnet,game_myth,9,at_least_sent,0.0833,return_rule
2-agent mixed,Sonnet,game_myth,9,unspecified,0.0833,return_rule
2-agent mixed,Sonnet,game_myth,10,more_than_half,0.5,return_rule
2-agent mixed,Sonnet,game_myth,10,half,0.4167,return_rule
2-agent mixed,Sonnet,game_myth,10,unspecified,0.0833,return_rule
2-agent mixed,Sonnet,myth_game,1,more_than_half,0.6667,return_rule
2-agent mixed,Sonnet,myth_game,1,half,0.1667,return_rule
2-agent mixed,Sonnet,myth_game,1,at_least_sent,0.0833,return_rule
2-agent mixed,Sonnet,myth_game,1,match_partner,0.0833,return_rule
2-agent mixed,Sonnet,myth_game,2,more_than_half,0.5,return_rule
2-agent mixed,Sonnet,myth_game,2,half,0.3333,return_rule
2-agent mixed,Sonnet,myth_game,2,match_partner,0.0833,return_rule
2-agent mixed,Sonnet,myth_game,2,at_least_sent,0.0833,return_rule
2-agent mixed,Sonnet,myth_game,3,half,0.5833,return_rule
2-agent mixed,Sonnet,myth_game,3,more_than_half,0.3333,return_rule
2-agent mixed,Sonnet,myth_game,3,match_partner,0.0833,return_rule
2-agent mixed,Sonnet,myth_game,4,half,0.5833,return_rule
2-agent mixed,Sonnet,myth_game,4,more_than_half,0.25,return_rule
2-agent mixed,Sonnet,myth_game,4,match_partner,0.0833,return_rule
2-agent mixed,Sonnet,myth_game,4,unspecified,0.0833,return_rule
2-agent mixed,Sonnet,myth_game,5,half,0.5833,return_rule
2-agent mixed,Sonnet,myth_game,5,more_than_half,0.25,return_rule
2-agent mixed,Sonnet,myth_game,5,at_least_sent,0.0833,return_rule
2-agent mixed,Sonnet,myth_game,5,match_partner,0.0833,return_rule
2-agent mixed,Sonnet,myth_game,6,half,0.5833,return_rule
2-agent mixed,Sonnet,myth_game,6,more_than_half,0.3333,return_rule
2-agent mixed,Sonnet,myth_game,6,unspecified,0.0833,return_rule
2-agent mixed,Sonnet,myth_game,7,half,0.5833,return_rule
2-agent mixed,Sonnet,myth_game,7,more_than_half,0.3333,return_rule
2-agent mixed,Sonnet,myth_game,7,match_partner,0.0833,return_rule
2-agent mixed,Sonnet,myth_game,8,half,0.5833,return_rule
2-agent mixed,Sonnet,myth_game,8,more_than_half,0.3333,return_rule
2-agent mixed,Sonnet,myth_game,8,match_partner,0.0833,return_rule
2-agent mixed,Sonnet,myth_game,9,half,0.5,return_rule
2-agent mixed,Sonnet,myth_game,9,more_than_half,0.25,return_rule
2-agent mixed,Sonnet,myth_game,9,match_partner,0.0833,return_rule
2-agent mixed,Sonnet,myth_game,9,unspecified,0.0833,return_rule
2-agent mixed,Sonnet,myth_game,9,at_least_sent,0.0833,return_rule
2-agent mixed,Sonnet,myth_game,10,half,0.5,return_rule
2-agent mixed,Sonnet,myth_game,10,more_than_half,0.25,return_rule
2-agent mixed,Sonnet,myth_game,10,unspecified,0.1667,return_rule
2-agent mixed,Sonnet,myth_game,10,match_partner,0.0833,return_rule
8-agent homogeneous,GPT,game_myth,1,half,0.375,return_rule
8-agent homogeneous,GPT,game_myth,1,at_least_sent,0.25,return_rule
8-agent homogeneous,GPT,game_myth,1,more_than_half,0.125,return_rule
8-agent homogeneous,GPT,game_myth,1,unspecified,0.125,return_rule
8-agent homogeneous,GPT,game_myth,1,match_partner,0.075,return_rule
8-agent homogeneous,GPT,game_myth,1,little,0.05,return_rule
8-agent homogeneous,GPT,game_myth,2,half,0.4,return_rule
8-agent homogeneous,GPT,game_myth,2,unspecified,0.25,return_rule
8-agent homogeneous,GPT,game_myth,2,at_least_sent,0.175,return_rule
8-agent homogeneous,GPT,game_myth,2,match_partner,0.1,return_rule
8-agent homogeneous,GPT,game_myth,2,more_than_half,0.05,return_rule
8-agent homogeneous,GPT,game_myth,2,little,0.025,return_rule
8-agent homogeneous,GPT,game_myth,3,half,0.675,return_rule
8-agent homogeneous,GPT,game_myth,3,at_least_sent,0.15,return_rule
8-agent homogeneous,GPT,game_myth,3,unspecified,0.1,return_rule
8-agent homogeneous,GPT,game_myth,3,match_partner,0.025,return_rule
8-agent homogeneous,GPT,game_myth,3,little,0.025,return_rule
8-agent homogeneous,GPT,game_myth,3,more_than_half,0.025,return_rule
8-agent homogeneous,GPT,game_myth,4,half,0.5,return_rule
8-agent homogeneous,GPT,game_myth,4,at_least_sent,0.225,return_rule
8-agent homogeneous,GPT,game_myth,4,match_partner,0.125,return_rule
8-agent homogeneous,GPT,game_myth,4,unspecified,0.125,return_rule
8-agent homogeneous,GPT,game_myth,4,little,0.025,return_rule
8-agent homogeneous,GPT,game_myth,5,half,0.625,return_rule
8-agent homogeneous,GPT,game_myth,5,unspecified,0.175,return_rule
8-agent homogeneous,GPT,game_myth,5,at_least_sent,0.125,return_rule
8-agent homogeneous,GPT,game_myth,5,match_partner,0.075,return_rule
8-agent homogeneous,GPT,game_myth,6,half,0.575,return_rule
8-agent homogeneous,GPT,game_myth,6,unspecified,0.175,return_rule
8-agent homogeneous,GPT,game_myth,6,at_least_sent,0.15,return_rule
8-agent homogeneous,GPT,game_myth,6,little,0.05,return_rule
8-agent homogeneous,GPT,game_myth,6,more_than_half,0.025,return_rule
8-agent homogeneous,GPT,game_myth,6,match_partner,0.025,return_rule
8-agent homogeneous,GPT,game_myth,7,half,0.55,return_rule
8-agent homogeneous,GPT,game_myth,7,unspecified,0.2,return_rule
8-agent homogeneous,GPT,game_myth,7,at_least_sent,0.15,return_rule
8-agent homogeneous,GPT,game_myth,7,match_partner,0.05,return_rule
8-agent homogeneous,GPT,game_myth,7,more_than_half,0.05,return_rule
8-agent homogeneous,GPT,game_myth,8,half,0.6,return_rule
8-agent homogeneous,GPT,game_myth,8,at_least_sent,0.15,return_rule
8-agent homogeneous,GPT,game_myth,8,unspecified,0.15,return_rule
8-agent homogeneous,GPT,game_myth,8,match_partner,0.075,return_rule
8-agent homogeneous,GPT,game_myth,8,more_than_half,0.025,return_rule
8-agent homogeneous,GPT,game_myth,9,half,0.475,return_rule
8-agent homogeneous,GPT,game_myth,9,at_least_sent,0.225,return_rule
8-agent homogeneous,GPT,game_myth,9,unspecified,0.175,return_rule
8-agent homogeneous,GPT,game_myth,9,match_partner,0.075,return_rule
8-agent homogeneous,GPT,game_myth,9,more_than_half,0.05,return_rule
8-agent homogeneous,GPT,game_myth,10,half,0.625,return_rule
8-agent homogeneous,GPT,game_myth,10,unspecified,0.125,return_rule
8-agent homogeneous,GPT,game_myth,10,at_least_sent,0.125,return_rule
8-agent homogeneous,GPT,game_myth,10,match_partner,0.075,return_rule
8-agent homogeneous,GPT,game_myth,10,more_than_half,0.05,return_rule
8-agent homogeneous,GPT,myth_game,1,half,0.425,return_rule
8-agent homogeneous,GPT,myth_game,1,unspecified,0.2,return_rule
8-agent homogeneous,GPT,myth_game,1,at_least_sent,0.2,return_rule
8-agent homogeneous,GPT,myth_game,1,match_partner,0.075,return_rule
8-agent homogeneous,GPT,myth_game,1,more_than_half,0.075,return_rule
8-agent homogeneous,GPT,myth_game,1,little,0.025,return_rule
8-agent homogeneous,GPT,myth_game,2,half,0.5385,return_rule
8-agent homogeneous,GPT,myth_game,2,at_least_sent,0.1795,return_rule
8-agent homogeneous,GPT,myth_game,2,unspecified,0.1538,return_rule
8-agent homogeneous,GPT,myth_game,2,match_partner,0.0769,return_rule
8-agent homogeneous,GPT,myth_game,2,more_than_half,0.0513,return_rule
8-agent homogeneous,GPT,myth_game,3,half,0.6,return_rule
8-agent homogeneous,GPT,myth_game,3,unspecified,0.175,return_rule
8-agent homogeneous,GPT,myth_game,3,at_least_sent,0.125,return_rule
8-agent homogeneous,GPT,myth_game,3,match_partner,0.05,return_rule
8-agent homogeneous,GPT,myth_game,3,little,0.025,return_rule
8-agent homogeneous,GPT,myth_game,3,more_than_half,0.025,return_rule
8-agent homogeneous,GPT,myth_game,4,half,0.575,return_rule
8-agent homogeneous,GPT,myth_game,4,unspecified,0.2,return_rule
8-agent homogeneous,GPT,myth_game,4,match_partner,0.125,return_rule
8-agent homogeneous,GPT,myth_game,4,at_least_sent,0.075,return_rule
8-agent homogeneous,GPT,myth_game,4,little,0.025,return_rule
8-agent homogeneous,GPT,myth_game,5,half,0.6154,return_rule
8-agent homogeneous,GPT,myth_game,5,at_least_sent,0.2051,return_rule
8-agent homogeneous,GPT,myth_game,5,unspecified,0.1282,return_rule
8-agent homogeneous,GPT,myth_game,5,more_than_half,0.0256,return_rule
8-agent homogeneous,GPT,myth_game,5,match_partner,0.0256,return_rule
8-agent homogeneous,GPT,myth_game,6,half,0.525,return_rule
8-agent homogeneous,GPT,myth_game,6,unspecified,0.3,return_rule
8-agent homogeneous,GPT,myth_game,6,at_least_sent,0.075,return_rule
8-agent homogeneous,GPT,myth_game,6,match_partner,0.075,return_rule
8-agent homogeneous,GPT,myth_game,6,more_than_half,0.025,return_rule
8-agent homogeneous,GPT,myth_game,7,half,0.5,return_rule
8-agent homogeneous,GPT,myth_game,7,unspecified,0.275,return_rule
8-agent homogeneous,GPT,myth_game,7,at_least_sent,0.2,return_rule
8-agent homogeneous,GPT,myth_game,7,match_partner,0.025,return_rule
8-agent homogeneous,GPT,myth_game,8,half,0.475,return_rule
8-agent homogeneous,GPT,myth_game,8,unspecified,0.35,return_rule
8-agent homogeneous,GPT,myth_game,8,at_least_sent,0.125,return_rule
8-agent homogeneous,GPT,myth_game,8,match_partner,0.05,return_rule
8-agent homogeneous,GPT,myth_game,9,half,0.525,return_rule
8-agent homogeneous,GPT,myth_game,9,unspecified,0.25,return_rule
8-agent homogeneous,GPT,myth_game,9,at_least_sent,0.175,return_rule
8-agent homogeneous,GPT,myth_game,9,match_partner,0.05,return_rule
8-agent homogeneous,GPT,myth_game,10,half,0.55,return_rule
8-agent homogeneous,GPT,myth_game,10,unspecified,0.225,return_rule
8-agent homogeneous,GPT,myth_game,10,at_least_sent,0.175,return_rule
8-agent homogeneous,GPT,myth_game,10,match_partner,0.025,return_rule
8-agent homogeneous,GPT,myth_game,10,little,0.025,return_rule
8-agent homogeneous,Gemini,game_myth,1,half,0.675,return_rule
8-agent homogeneous,Gemini,game_myth,1,more_than_half,0.325,return_rule
8-agent homogeneous,Gemini,game_myth,2,half,0.825,return_rule
8-agent homogeneous,Gemini,game_myth,2,more_than_half,0.175,return_rule
8-agent homogeneous,Gemini,game_myth,3,half,1.0,return_rule
8-agent homogeneous,Gemini,game_myth,4,half,1.0,return_rule
8-agent homogeneous,Gemini,game_myth,5,half,1.0,return_rule
8-agent homogeneous,Gemini,game_myth,6,half,1.0,return_rule
8-agent homogeneous,Gemini,game_myth,7,half,1.0,return_rule
8-agent homogeneous,Gemini,game_myth,8,half,1.0,return_rule
8-agent homogeneous,Gemini,game_myth,9,half,1.0,return_rule
8-agent homogeneous,Gemini,game_myth,10,half,1.0,return_rule
8-agent homogeneous,Gemini,myth_game,1,half,0.75,return_rule
8-agent homogeneous,Gemini,myth_game,1,more_than_half,0.25,return_rule
8-agent homogeneous,Gemini,myth_game,2,half,0.725,return_rule
8-agent homogeneous,Gemini,myth_game,2,more_than_half,0.275,return_rule
8-agent homogeneous,Gemini,myth_game,3,half,0.95,return_rule
8-agent homogeneous,Gemini,myth_game,3,more_than_half,0.05,return_rule
8-agent homogeneous,Gemini,myth_game,4,half,0.975,return_rule
8-agent homogeneous,Gemini,myth_game,4,more_than_half,0.025,return_rule
8-agent homogeneous,Gemini,myth_game,5,half,1.0,return_rule
8-agent homogeneous,Gemini,myth_game,6,half,1.0,return_rule
8-agent homogeneous,Gemini,myth_game,7,half,1.0,return_rule
8-agent homogeneous,Gemini,myth_game,8,half,1.0,return_rule
8-agent homogeneous,Gemini,myth_game,9,half,1.0,return_rule
8-agent homogeneous,Gemini,myth_game,10,half,1.0,return_rule
8-agent homogeneous,Sonnet,game_myth,1,half,0.45,return_rule
8-agent homogeneous,Sonnet,game_myth,1,at_least_sent,0.275,return_rule
8-agent homogeneous,Sonnet,game_myth,1,more_than_half,0.2,return_rule
8-agent homogeneous,Sonnet,game_myth,1,unspecified,0.05,return_rule
8-agent homogeneous,Sonnet,game_myth,1,match_partner,0.025,return_rule
8-agent homogeneous,Sonnet,game_myth,2,more_than_half,0.325,return_rule
8-agent homogeneous,Sonnet,game_myth,2,half,0.325,return_rule
8-agent homogeneous,Sonnet,game_myth,2,at_least_sent,0.225,return_rule
8-agent homogeneous,Sonnet,game_myth,2,match_partner,0.1,return_rule
8-agent homogeneous,Sonnet,game_myth,2,unspecified,0.025,return_rule
8-agent homogeneous,Sonnet,game_myth,3,half,0.425,return_rule
8-agent homogeneous,Sonnet,game_myth,3,more_than_half,0.225,return_rule
8-agent homogeneous,Sonnet,game_myth,3,match_partner,0.175,return_rule
8-agent homogeneous,Sonnet,game_myth,3,at_least_sent,0.15,return_rule
8-agent homogeneous,Sonnet,game_myth,3,unspecified,0.025,return_rule
8-agent homogeneous,Sonnet,game_myth,4,half,0.55,return_rule
8-agent homogeneous,Sonnet,game_myth,4,more_than_half,0.2,return_rule
8-agent homogeneous,Sonnet,game_myth,4,match_partner,0.175,return_rule
8-agent homogeneous,Sonnet,game_myth,4,at_least_sent,0.075,return_rule
8-agent homogeneous,Sonnet,game_myth,5,half,0.6,return_rule
8-agent homogeneous,Sonnet,game_myth,5,more_than_half,0.25,return_rule
8-agent homogeneous,Sonnet,game_myth,5,match_partner,0.075,return_rule
8-agent homogeneous,Sonnet,game_myth,5,at_least_sent,0.05,return_rule
8-agent homogeneous,Sonnet,game_myth,5,unspecified,0.025,return_rule
8-agent homogeneous,Sonnet,game_myth,6,half,0.725,return_rule
8-agent homogeneous,Sonnet,game_myth,6,more_than_half,0.15,return_rule
8-agent homogeneous,Sonnet,game_myth,6,match_partner,0.1,return_rule
8-agent homogeneous,Sonnet,game_myth,6,unspecified,0.025,return_rule
8-agent homogeneous,Sonnet,game_myth,7,half,0.725,return_rule
8-agent homogeneous,Sonnet,game_myth,7,match_partner,0.175,return_rule
8-agent homogeneous,Sonnet,game_myth,7,at_least_sent,0.075,return_rule
8-agent homogeneous,Sonnet,game_myth,7,unspecified,0.025,return_rule
8-agent homogeneous,Sonnet,game_myth,8,half,0.8,return_rule
8-agent homogeneous,Sonnet,game_myth,8,match_partner,0.1,return_rule
8-agent homogeneous,Sonnet,game_myth,8,at_least_sent,0.05,return_rule
8-agent homogeneous,Sonnet,game_myth,8,more_than_half,0.05,return_rule
8-agent homogeneous,Sonnet,game_myth,9,half,0.75,return_rule
8-agent homogeneous,Sonnet,game_myth,9,match_partner,0.125,return_rule
8-agent homogeneous,Sonnet,game_myth,9,at_least_sent,0.075,return_rule
8-agent homogeneous,Sonnet,game_myth,9,more_than_half,0.05,return_rule
8-agent homogeneous,Sonnet,game_myth,10,half,0.8205,return_rule
8-agent homogeneous,Sonnet,game_myth,10,match_partner,0.1026,return_rule
8-agent homogeneous,Sonnet,game_myth,10,unspecified,0.0513,return_rule
8-agent homogeneous,Sonnet,game_myth,10,at_least_sent,0.0256,return_rule
8-agent homogeneous,Sonnet,myth_game,1,more_than_half,0.575,return_rule
8-agent homogeneous,Sonnet,myth_game,1,half,0.375,return_rule
8-agent homogeneous,Sonnet,myth_game,1,at_least_sent,0.025,return_rule
8-agent homogeneous,Sonnet,myth_game,1,match_partner,0.025,return_rule
8-agent homogeneous,Sonnet,myth_game,2,more_than_half,0.475,return_rule
8-agent homogeneous,Sonnet,myth_game,2,half,0.35,return_rule
8-agent homogeneous,Sonnet,myth_game,2,at_least_sent,0.15,return_rule
8-agent homogeneous,Sonnet,myth_game,2,match_partner,0.025,return_rule
8-agent homogeneous,Sonnet,myth_game,3,more_than_half,0.475,return_rule
8-agent homogeneous,Sonnet,myth_game,3,half,0.425,return_rule
8-agent homogeneous,Sonnet,myth_game,3,at_least_sent,0.05,return_rule
8-agent homogeneous,Sonnet,myth_game,3,unspecified,0.025,return_rule
8-agent homogeneous,Sonnet,myth_game,3,match_partner,0.025,return_rule
8-agent homogeneous,Sonnet,myth_game,4,more_than_half,0.5,return_rule
8-agent homogeneous,Sonnet,myth_game,4,half,0.375,return_rule
8-agent homogeneous,Sonnet,myth_game,4,at_least_sent,0.075,return_rule
8-agent homogeneous,Sonnet,myth_game,4,unspecified,0.025,return_rule
8-agent homogeneous,Sonnet,myth_game,4,match_partner,0.025,return_rule
8-agent homogeneous,Sonnet,myth_game,5,more_than_half,0.55,return_rule
8-agent homogeneous,Sonnet,myth_game,5,half,0.4,return_rule
8-agent homogeneous,Sonnet,myth_game,5,match_partner,0.05,return_rule
8-agent homogeneous,Sonnet,myth_game,6,more_than_half,0.575,return_rule
8-agent homogeneous,Sonnet,myth_game,6,half,0.3,return_rule
8-agent homogeneous,Sonnet,myth_game,6,match_partner,0.075,return_rule
8-agent homogeneous,Sonnet,myth_game,6,unspecified,0.025,return_rule
8-agent homogeneous,Sonnet,myth_game,6,at_least_sent,0.025,return_rule
8-agent homogeneous,Sonnet,myth_game,7,more_than_half,0.6,return_rule
8-agent homogeneous,Sonnet,myth_game,7,half,0.275,return_rule
8-agent homogeneous,Sonnet,myth_game,7,match_partner,0.075,return_rule
8-agent homogeneous,Sonnet,myth_game,7,at_least_sent,0.05,return_rule
8-agent homogeneous,Sonnet,myth_game,8,more_than_half,0.55,return_rule
8-agent homogeneous,Sonnet,myth_game,8,half,0.25,return_rule
8-agent homogeneous,Sonnet,myth_game,8,match_partner,0.1,return_rule
8-agent homogeneous,Sonnet,myth_game,8,unspecified,0.05,return_rule
8-agent homogeneous,Sonnet,myth_game,8,at_least_sent,0.05,return_rule
8-agent homogeneous,Sonnet,myth_game,9,more_than_half,0.375,return_rule
8-agent homogeneous,Sonnet,myth_game,9,half,0.275,return_rule
8-agent homogeneous,Sonnet,myth_game,9,match_partner,0.15,return_rule
8-agent homogeneous,Sonnet,myth_game,9,unspecified,0.1,return_rule
8-agent homogeneous,Sonnet,myth_game,9,at_least_sent,0.1,return_rule
8-agent homogeneous,Sonnet,myth_game,10,more_than_half,0.3,return_rule
8-agent homogeneous,Sonnet,myth_game,10,match_partner,0.3,return_rule
8-agent homogeneous,Sonnet,myth_game,10,half,0.225,return_rule
8-agent homogeneous,Sonnet,myth_game,10,at_least_sent,0.1,return_rule
8-agent homogeneous,Sonnet,myth_game,10,unspecified,0.075,return_rule
8-agent mixed,GPT,game_myth,1,half,0.4167,return_rule
8-agent mixed,GPT,game_myth,1,unspecified,0.2333,return_rule
8-agent mixed,GPT,game_myth,1,at_least_sent,0.1833,return_rule
8-agent mixed,GPT,game_myth,1,more_than_half,0.0667,return_rule
8-agent mixed,GPT,game_myth,1,little,0.0583,return_rule
8-agent mixed,GPT,game_myth,1,match_partner,0.0417,return_rule
8-agent mixed,GPT,game_myth,2,half,0.5378,return_rule
8-agent mixed,GPT,game_myth,2,unspecified,0.2017,return_rule
8-agent mixed,GPT,game_myth,2,at_least_sent,0.1597,return_rule
8-agent mixed,GPT,game_myth,2,match_partner,0.0504,return_rule
8-agent mixed,GPT,game_myth,2,more_than_half,0.0504,return_rule
8-agent mixed,GPT,game_myth,3,half,0.5417,return_rule
8-agent mixed,GPT,game_myth,3,unspecified,0.1833,return_rule
8-agent mixed,GPT,game_myth,3,at_least_sent,0.1417,return_rule
8-agent mixed,GPT,game_myth,3,more_than_half,0.075,return_rule
8-agent mixed,GPT,game_myth,3,match_partner,0.0417,return_rule
8-agent mixed,GPT,game_myth,3,little,0.0167,return_rule
8-agent mixed,GPT,game_myth,4,half,0.575,return_rule
8-agent mixed,GPT,game_myth,4,at_least_sent,0.1583,return_rule
8-agent mixed,GPT,game_myth,4,unspecified,0.1417,return_rule
8-agent mixed,GPT,game_myth,4,match_partner,0.0667,return_rule
8-agent mixed,GPT,game_myth,4,more_than_half,0.0417,return_rule
8-agent mixed,GPT,game_myth,4,little,0.0167,return_rule
8-agent mixed,GPT,game_myth,5,half,0.5294,return_rule
8-agent mixed,GPT,game_myth,5,match_partner,0.1429,return_rule
8-agent mixed,GPT,game_myth,5,at_least_sent,0.1261,return_rule
8-agent mixed,GPT,game_myth,5,unspecified,0.1176,return_rule
8-agent mixed,GPT,game_myth,5,more_than_half,0.0756,return_rule
8-agent mixed,GPT,game_myth,5,little,0.0084,return_rule
8-agent mixed,GPT,game_myth,6,half,0.525,return_rule
8-agent mixed,GPT,game_myth,6,at_least_sent,0.1583,return_rule
8-agent mixed,GPT,game_myth,6,unspecified,0.1167,return_rule
8-agent mixed,GPT,game_myth,6,more_than_half,0.0917,return_rule
8-agent mixed,GPT,game_myth,6,match_partner,0.0833,return_rule
8-agent mixed,GPT,game_myth,6,little,0.025,return_rule
8-agent mixed,GPT,game_myth,7,half,0.5678,return_rule
8-agent mixed,GPT,game_myth,7,unspecified,0.1525,return_rule
8-agent mixed,GPT,game_myth,7,match_partner,0.1186,return_rule
8-agent mixed,GPT,game_myth,7,at_least_sent,0.1186,return_rule
8-agent mixed,GPT,game_myth,7,more_than_half,0.0254,return_rule
8-agent mixed,GPT,game_myth,7,little,0.0169,return_rule
8-agent mixed,GPT,game_myth,8,half,0.575,return_rule
8-agent mixed,GPT,game_myth,8,at_least_sent,0.125,return_rule
8-agent mixed,GPT,game_myth,8,unspecified,0.125,return_rule
8-agent mixed,GPT,game_myth,8,match_partner,0.0917,return_rule
8-agent mixed,GPT,game_myth,8,more_than_half,0.0667,return_rule
8-agent mixed,GPT,game_myth,8,little,0.0167,return_rule
8-agent mixed,GPT,game_myth,9,half,0.5128,return_rule
8-agent mixed,GPT,game_myth,9,at_least_sent,0.1624,return_rule
8-agent mixed,GPT,game_myth,9,unspecified,0.1538,return_rule
8-agent mixed,GPT,game_myth,9,match_partner,0.1111,return_rule
8-agent mixed,GPT,game_myth,9,more_than_half,0.0513,return_rule
8-agent mixed,GPT,game_myth,9,little,0.0085,return_rule
8-agent mixed,GPT,game_myth,10,half,0.6134,return_rule
8-agent mixed,GPT,game_myth,10,at_least_sent,0.1261,return_rule
8-agent mixed,GPT,game_myth,10,unspecified,0.1176,return_rule
8-agent mixed,GPT,game_myth,10,match_partner,0.0924,return_rule
8-agent mixed,GPT,game_myth,10,more_than_half,0.042,return_rule
8-agent mixed,GPT,game_myth,10,little,0.0084,return_rule
8-agent mixed,GPT,myth_game,1,half,0.4167,return_rule
8-agent mixed,GPT,myth_game,1,unspecified,0.275,return_rule
8-agent mixed,GPT,myth_game,1,at_least_sent,0.1167,return_rule
8-agent mixed,GPT,myth_game,1,match_partner,0.0833,return_rule
8-agent mixed,GPT,myth_game,1,more_than_half,0.0833,return_rule
8-agent mixed,GPT,myth_game,1,little,0.025,return_rule
8-agent mixed,GPT,myth_game,2,half,0.4333,return_rule
8-agent mixed,GPT,myth_game,2,unspecified,0.1917,return_rule
8-agent mixed,GPT,myth_game,2,at_least_sent,0.15,return_rule
8-agent mixed,GPT,myth_game,2,more_than_half,0.1333,return_rule
8-agent mixed,GPT,myth_game,2,match_partner,0.0667,return_rule
8-agent mixed,GPT,myth_game,2,little,0.025,return_rule
8-agent mixed,GPT,myth_game,3,half,0.4333,return_rule
8-agent mixed,GPT,myth_game,3,at_least_sent,0.2,return_rule
8-agent mixed,GPT,myth_game,3,unspecified,0.1417,return_rule
8-agent mixed,GPT,myth_game,3,more_than_half,0.1167,return_rule
8-agent mixed,GPT,myth_game,3,match_partner,0.0833,return_rule
8-agent mixed,GPT,myth_game,3,little,0.025,return_rule
8-agent mixed,GPT,myth_game,4,half,0.5593,return_rule
8-agent mixed,GPT,myth_game,4,unspecified,0.161,return_rule
8-agent mixed,GPT,myth_game,4,at_least_sent,0.1186,return_rule
8-agent mixed,GPT,myth_game,4,match_partner,0.0763,return_rule
8-agent mixed,GPT,myth_game,4,more_than_half,0.0593,return_rule
8-agent mixed,GPT,myth_game,4,little,0.0254,return_rule
8-agent mixed,GPT,myth_game,5,half,0.5333,return_rule
8-agent mixed,GPT,myth_game,5,unspecified,0.1833,return_rule
8-agent mixed,GPT,myth_game,5,at_least_sent,0.1083,return_rule
8-agent mixed,GPT,myth_game,5,match_partner,0.0833,return_rule
8-agent mixed,GPT,myth_game,5,more_than_half,0.075,return_rule
8-agent mixed,GPT,myth_game,5,little,0.0167,return_rule
8-agent mixed,GPT,myth_game,6,half,0.5333,return_rule
8-agent mixed,GPT,myth_game,6,unspecified,0.175,return_rule
8-agent mixed,GPT,myth_game,6,more_than_half,0.1,return_rule
8-agent mixed,GPT,myth_game,6,match_partner,0.0917,return_rule
8-agent mixed,GPT,myth_game,6,at_least_sent,0.075,return_rule
8-agent mixed,GPT,myth_game,6,little,0.025,return_rule
8-agent mixed,GPT,myth_game,7,half,0.479,return_rule
8-agent mixed,GPT,myth_game,7,unspecified,0.2185,return_rule
8-agent mixed,GPT,myth_game,7,at_least_sent,0.1008,return_rule
8-agent mixed,GPT,myth_game,7,more_than_half,0.1008,return_rule
8-agent mixed,GPT,myth_game,7,match_partner,0.0924,return_rule
8-agent mixed,GPT,myth_game,7,little,0.0084,return_rule
8-agent mixed,GPT,myth_game,8,half,0.5254,return_rule
8-agent mixed,GPT,myth_game,8,unspecified,0.2119,return_rule
8-agent mixed,GPT,myth_game,8,match_partner,0.1017,return_rule
8-agent mixed,GPT,myth_game,8,at_least_sent,0.0932,return_rule
8-agent mixed,GPT,myth_game,8,more_than_half,0.0593,return_rule
8-agent mixed,GPT,myth_game,8,little,0.0085,return_rule
8-agent mixed,GPT,myth_game,9,half,0.4874,return_rule
8-agent mixed,GPT,myth_game,9,unspecified,0.1933,return_rule
8-agent mixed,GPT,myth_game,9,at_least_sent,0.1176,return_rule
8-agent mixed,GPT,myth_game,9,match_partner,0.1092,return_rule
8-agent mixed,GPT,myth_game,9,more_than_half,0.0924,return_rule
8-agent mixed,GPT,myth_game,10,half,0.521,return_rule
8-agent mixed,GPT,myth_game,10,unspecified,0.1681,return_rule
8-agent mixed,GPT,myth_game,10,match_partner,0.1176,return_rule
8-agent mixed,GPT,myth_game,10,at_least_sent,0.1008,return_rule
8-agent mixed,GPT,myth_game,10,more_than_half,0.084,return_rule
8-agent mixed,GPT,myth_game,10,little,0.0084,return_rule
8-agent mixed,Gemini,game_myth,1,half,0.7429,return_rule
8-agent mixed,Gemini,game_myth,1,more_than_half,0.2571,return_rule
8-agent mixed,Gemini,game_myth,2,half,0.7429,return_rule
8-agent mixed,Gemini,game_myth,2,more_than_half,0.2571,return_rule
8-agent mixed,Gemini,game_myth,3,half,0.8857,return_rule
8-agent mixed,Gemini,game_myth,3,more_than_half,0.1143,return_rule
8-agent mixed,Gemini,game_myth,4,half,0.9714,return_rule
8-agent mixed,Gemini,game_myth,4,more_than_half,0.0286,return_rule
8-agent mixed,Gemini,game_myth,5,half,0.9714,return_rule
8-agent mixed,Gemini,game_myth,5,more_than_half,0.0286,return_rule
8-agent mixed,Gemini,game_myth,6,half,1.0,return_rule
8-agent mixed,Gemini,game_myth,7,half,1.0,return_rule
8-agent mixed,Gemini,game_myth,8,half,1.0,return_rule
8-agent mixed,Gemini,game_myth,9,half,1.0,return_rule
8-agent mixed,Gemini,game_myth,10,half,1.0,return_rule
8-agent mixed,Gemini,myth_game,1,half,0.7429,return_rule
8-agent mixed,Gemini,myth_game,1,more_than_half,0.2571,return_rule
8-agent mixed,Gemini,myth_game,2,half,0.7143,return_rule
8-agent mixed,Gemini,myth_game,2,more_than_half,0.2857,return_rule
8-agent mixed,Gemini,myth_game,3,half,0.9714,return_rule
8-agent mixed,Gemini,myth_game,3,more_than_half,0.0286,return_rule
8-agent mixed,Gemini,myth_game,4,half,0.9714,return_rule
8-agent mixed,Gemini,myth_game,4,more_than_half,0.0286,return_rule
8-agent mixed,Gemini,myth_game,5,half,1.0,return_rule
8-agent mixed,Gemini,myth_game,6,half,1.0,return_rule
8-agent mixed,Gemini,myth_game,7,half,1.0,return_rule
8-agent mixed,Gemini,myth_game,8,half,1.0,return_rule
8-agent mixed,Gemini,myth_game,9,half,1.0,return_rule
8-agent mixed,Gemini,myth_game,10,half,1.0,return_rule
8-agent mixed,Sonnet,game_myth,1,more_than_half,0.3412,return_rule
8-agent mixed,Sonnet,game_myth,1,half,0.3294,return_rule
8-agent mixed,Sonnet,game_myth,1,at_least_sent,0.2353,return_rule
8-agent mixed,Sonnet,game_myth,1,unspecified,0.0706,return_rule
8-agent mixed,Sonnet,game_myth,1,match_partner,0.0235,return_rule
8-agent mixed,Sonnet,game_myth,2,more_than_half,0.3176,return_rule
8-agent mixed,Sonnet,game_myth,2,at_least_sent,0.2471,return_rule
8-agent mixed,Sonnet,game_myth,2,half,0.2235,return_rule
8-agent mixed,Sonnet,game_myth,2,unspecified,0.1529,return_rule
8-agent mixed,Sonnet,game_myth,2,match_partner,0.0588,return_rule
8-agent mixed,Sonnet,game_myth,3,half,0.3294,return_rule
8-agent mixed,Sonnet,game_myth,3,more_than_half,0.2235,return_rule
8-agent mixed,Sonnet,game_myth,3,unspecified,0.1882,return_rule
8-agent mixed,Sonnet,game_myth,3,at_least_sent,0.1647,return_rule
8-agent mixed,Sonnet,game_myth,3,match_partner,0.0941,return_rule
8-agent mixed,Sonnet,game_myth,4,half,0.3765,return_rule
8-agent mixed,Sonnet,game_myth,4,more_than_half,0.2941,return_rule
8-agent mixed,Sonnet,game_myth,4,match_partner,0.1647,return_rule
8-agent mixed,Sonnet,game_myth,4,unspecified,0.0941,return_rule
8-agent mixed,Sonnet,game_myth,4,at_least_sent,0.0706,return_rule
8-agent mixed,Sonnet,game_myth,5,half,0.4235,return_rule
8-agent mixed,Sonnet,game_myth,5,more_than_half,0.2353,return_rule
8-agent mixed,Sonnet,game_myth,5,match_partner,0.1882,return_rule
8-agent mixed,Sonnet,game_myth,5,unspecified,0.1059,return_rule
8-agent mixed,Sonnet,game_myth,5,at_least_sent,0.0471,return_rule
8-agent mixed,Sonnet,game_myth,6,half,0.5294,return_rule
8-agent mixed,Sonnet,game_myth,6,more_than_half,0.2471,return_rule
8-agent mixed,Sonnet,game_myth,6,match_partner,0.1412,return_rule
8-agent mixed,Sonnet,game_myth,6,unspecified,0.0471,return_rule
8-agent mixed,Sonnet,game_myth,6,at_least_sent,0.0353,return_rule
8-agent mixed,Sonnet,game_myth,7,half,0.6706,return_rule
8-agent mixed,Sonnet,game_myth,7,more_than_half,0.1765,return_rule
8-agent mixed,Sonnet,game_myth,7,match_partner,0.1412,return_rule
8-agent mixed,Sonnet,game_myth,7,unspecified,0.0118,return_rule
8-agent mixed,Sonnet,game_myth,8,half,0.6235,return_rule
8-agent mixed,Sonnet,game_myth,8,more_than_half,0.1882,return_rule
8-agent mixed,Sonnet,game_myth,8,match_partner,0.1412,return_rule
8-agent mixed,Sonnet,game_myth,8,unspecified,0.0353,return_rule
8-agent mixed,Sonnet,game_myth,8,at_least_sent,0.0118,return_rule
8-agent mixed,Sonnet,game_myth,9,half,0.5882,return_rule
8-agent mixed,Sonnet,game_myth,9,match_partner,0.2,return_rule
8-agent mixed,Sonnet,game_myth,9,more_than_half,0.1647,return_rule
8-agent mixed,Sonnet,game_myth,9,unspecified,0.0353,return_rule
8-agent mixed,Sonnet,game_myth,9,at_least_sent,0.0118,return_rule
8-agent mixed,Sonnet,game_myth,10,half,0.6824,return_rule
8-agent mixed,Sonnet,game_myth,10,more_than_half,0.1647,return_rule
8-agent mixed,Sonnet,game_myth,10,match_partner,0.1176,return_rule
8-agent mixed,Sonnet,game_myth,10,unspecified,0.0353,return_rule
8-agent mixed,Sonnet,myth_game,1,more_than_half,0.4118,return_rule
8-agent mixed,Sonnet,myth_game,1,half,0.4118,return_rule
8-agent mixed,Sonnet,myth_game,1,unspecified,0.0824,return_rule
8-agent mixed,Sonnet,myth_game,1,at_least_sent,0.0824,return_rule
8-agent mixed,Sonnet,myth_game,1,match_partner,0.0118,return_rule
8-agent mixed,Sonnet,myth_game,2,half,0.4706,return_rule
8-agent mixed,Sonnet,myth_game,2,more_than_half,0.3529,return_rule
8-agent mixed,Sonnet,myth_game,2,at_least_sent,0.1059,return_rule
8-agent mixed,Sonnet,myth_game,2,match_partner,0.0588,return_rule
8-agent mixed,Sonnet,myth_game,2,unspecified,0.0118,return_rule
8-agent mixed,Sonnet,myth_game,3,half,0.4,return_rule
8-agent mixed,Sonnet,myth_game,3,more_than_half,0.3529,return_rule
8-agent mixed,Sonnet,myth_game,3,match_partner,0.1412,return_rule
8-agent mixed,Sonnet,myth_game,3,at_least_sent,0.0706,return_rule
8-agent mixed,Sonnet,myth_game,3,unspecified,0.0353,return_rule
8-agent mixed,Sonnet,myth_game,4,half,0.4118,return_rule
8-agent mixed,Sonnet,myth_game,4,more_than_half,0.3176,return_rule
8-agent mixed,Sonnet,myth_game,4,match_partner,0.1412,return_rule
8-agent mixed,Sonnet,myth_game,4,at_least_sent,0.0706,return_rule
8-agent mixed,Sonnet,myth_game,4,unspecified,0.0588,return_rule
8-agent mixed,Sonnet,myth_game,5,half,0.4706,return_rule
8-agent mixed,Sonnet,myth_game,5,more_than_half,0.3176,return_rule
8-agent mixed,Sonnet,myth_game,5,match_partner,0.1176,return_rule
8-agent mixed,Sonnet,myth_game,5,at_least_sent,0.0588,return_rule
8-agent mixed,Sonnet,myth_game,5,unspecified,0.0353,return_rule
8-agent mixed,Sonnet,myth_game,6,half,0.5294,return_rule
8-agent mixed,Sonnet,myth_game,6,more_than_half,0.3176,return_rule
8-agent mixed,Sonnet,myth_game,6,match_partner,0.1294,return_rule
8-agent mixed,Sonnet,myth_game,6,unspecified,0.0118,return_rule
8-agent mixed,Sonnet,myth_game,6,at_least_sent,0.0118,return_rule
8-agent mixed,Sonnet,myth_game,7,half,0.4706,return_rule
8-agent mixed,Sonnet,myth_game,7,more_than_half,0.2941,return_rule
8-agent mixed,Sonnet,myth_game,7,match_partner,0.1294,return_rule
8-agent mixed,Sonnet,myth_game,7,unspecified,0.0588,return_rule
8-agent mixed,Sonnet,myth_game,7,at_least_sent,0.0471,return_rule
8-agent mixed,Sonnet,myth_game,8,half,0.5529,return_rule
8-agent mixed,Sonnet,myth_game,8,more_than_half,0.2353,return_rule
8-agent mixed,Sonnet,myth_game,8,match_partner,0.1647,return_rule
8-agent mixed,Sonnet,myth_game,8,unspecified,0.0353,return_rule
8-agent mixed,Sonnet,myth_game,8,at_least_sent,0.0118,return_rule
8-agent mixed,Sonnet,myth_game,9,half,0.5412,return_rule
8-agent mixed,Sonnet,myth_game,9,more_than_half,0.2235,return_rule
8-agent mixed,Sonnet,myth_game,9,match_partner,0.1765,return_rule
8-agent mixed,Sonnet,myth_game,9,at_least_sent,0.0471,return_rule
8-agent mixed,Sonnet,myth_game,9,unspecified,0.0118,return_rule
8-agent mixed,Sonnet,myth_game,10,half,0.5412,return_rule
8-agent mixed,Sonnet,myth_game,10,match_partner,0.2353,return_rule
8-agent mixed,Sonnet,myth_game,10,more_than_half,0.1882,return_rule
8-agent mixed,Sonnet,myth_game,10,unspecified,0.0235,return_rule
8-agent mixed,Sonnet,myth_game,10,at_least_sent,0.0118,return_rule
2-agent homogeneous,GPT,game_myth,1,unspecified,0.7,after_letdown
2-agent homogeneous,GPT,game_myth,1,keep_trusting,0.3,after_letdown
2-agent homogeneous,GPT,game_myth,2,unspecified,0.8,after_letdown
2-agent homogeneous,GPT,game_myth,2,keep_trusting,0.2,after_letdown
2-agent homogeneous,GPT,game_myth,3,unspecified,0.8,after_letdown
2-agent homogeneous,GPT,game_myth,3,keep_trusting,0.2,after_letdown
2-agent homogeneous,GPT,game_myth,4,unspecified,0.8,after_letdown
2-agent homogeneous,GPT,game_myth,4,reduce,0.1,after_letdown
2-agent homogeneous,GPT,game_myth,4,keep_trusting,0.1,after_letdown
2-agent homogeneous,GPT,game_myth,5,unspecified,0.7,after_letdown
2-agent homogeneous,GPT,game_myth,5,keep_trusting,0.2,after_letdown
2-agent homogeneous,GPT,game_myth,5,reduce,0.1,after_letdown
2-agent homogeneous,GPT,game_myth,6,unspecified,0.8,after_letdown
2-agent homogeneous,GPT,game_myth,6,reduce,0.1,after_letdown
2-agent homogeneous,GPT,game_myth,6,keep_trusting,0.1,after_letdown
2-agent homogeneous,GPT,game_myth,7,unspecified,0.4,after_letdown
2-agent homogeneous,GPT,game_myth,7,keep_trusting,0.4,after_letdown
2-agent homogeneous,GPT,game_myth,7,reduce,0.2,after_letdown
2-agent homogeneous,GPT,game_myth,8,keep_trusting,0.5,after_letdown
2-agent homogeneous,GPT,game_myth,8,unspecified,0.4,after_letdown
2-agent homogeneous,GPT,game_myth,8,reduce,0.1,after_letdown
2-agent homogeneous,GPT,game_myth,9,keep_trusting,0.5556,after_letdown
2-agent homogeneous,GPT,game_myth,9,unspecified,0.4444,after_letdown
2-agent homogeneous,GPT,game_myth,10,keep_trusting,0.4,after_letdown
2-agent homogeneous,GPT,game_myth,10,reduce,0.3,after_letdown
2-agent homogeneous,GPT,game_myth,10,unspecified,0.3,after_letdown
2-agent homogeneous,GPT,myth_game,1,keep_trusting,0.5,after_letdown
2-agent homogeneous,GPT,myth_game,1,unspecified,0.4,after_letdown
2-agent homogeneous,GPT,myth_game,1,reduce,0.1,after_letdown
2-agent homogeneous,GPT,myth_game,2,keep_trusting,0.5,after_letdown
2-agent homogeneous,GPT,myth_game,2,unspecified,0.4,after_letdown
2-agent homogeneous,GPT,myth_game,2,reduce,0.1,after_letdown
2-agent homogeneous,GPT,myth_game,3,unspecified,0.7,after_letdown
2-agent homogeneous,GPT,myth_game,3,keep_trusting,0.3,after_letdown
2-agent homogeneous,GPT,myth_game,4,unspecified,0.8,after_letdown
2-agent homogeneous,GPT,myth_game,4,keep_trusting,0.2,after_letdown
2-agent homogeneous,GPT,myth_game,5,unspecified,0.8,after_letdown
2-agent homogeneous,GPT,myth_game,5,keep_trusting,0.1,after_letdown
2-agent homogeneous,GPT,myth_game,5,reduce,0.1,after_letdown
2-agent homogeneous,GPT,myth_game,6,unspecified,0.7,after_letdown
2-agent homogeneous,GPT,myth_game,6,reduce,0.2,after_letdown
2-agent homogeneous,GPT,myth_game,6,keep_trusting,0.1,after_letdown
2-agent homogeneous,GPT,myth_game,7,unspecified,0.8,after_letdown
2-agent homogeneous,GPT,myth_game,7,reduce,0.2,after_letdown
2-agent homogeneous,GPT,myth_game,8,unspecified,0.5,after_letdown
2-agent homogeneous,GPT,myth_game,8,keep_trusting,0.3,after_letdown
2-agent homogeneous,GPT,myth_game,8,reduce,0.2,after_letdown
2-agent homogeneous,GPT,myth_game,9,unspecified,0.6,after_letdown
2-agent homogeneous,GPT,myth_game,9,keep_trusting,0.3,after_letdown
2-agent homogeneous,GPT,myth_game,9,reduce,0.1,after_letdown
2-agent homogeneous,GPT,myth_game,10,unspecified,0.8,after_letdown
2-agent homogeneous,GPT,myth_game,10,keep_trusting,0.2,after_letdown
2-agent homogeneous,Gemini,game_myth,1,unspecified,0.8,after_letdown
2-agent homogeneous,Gemini,game_myth,1,keep_trusting,0.2,after_letdown
2-agent homogeneous,Gemini,game_myth,2,keep_trusting,0.8,after_letdown
2-agent homogeneous,Gemini,game_myth,2,unspecified,0.2,after_letdown
2-agent homogeneous,Gemini,game_myth,3,keep_trusting,0.9,after_letdown
2-agent homogeneous,Gemini,game_myth,3,unspecified,0.1,after_letdown
2-agent homogeneous,Gemini,game_myth,4,keep_trusting,0.8,after_letdown
2-agent homogeneous,Gemini,game_myth,4,unspecified,0.2,after_letdown
2-agent homogeneous,Gemini,game_myth,5,keep_trusting,0.9,after_letdown
2-agent homogeneous,Gemini,game_myth,5,unspecified,0.1,after_letdown
2-agent homogeneous,Gemini,game_myth,6,keep_trusting,0.9,after_letdown
2-agent homogeneous,Gemini,game_myth,6,unspecified,0.1,after_letdown
2-agent homogeneous,Gemini,game_myth,7,keep_trusting,0.9,after_letdown
2-agent homogeneous,Gemini,game_myth,7,unspecified,0.1,after_letdown
2-agent homogeneous,Gemini,game_myth,8,keep_trusting,1.0,after_letdown
2-agent homogeneous,Gemini,game_myth,9,keep_trusting,0.9,after_letdown
2-agent homogeneous,Gemini,game_myth,9,unspecified,0.1,after_letdown
2-agent homogeneous,Gemini,game_myth,10,keep_trusting,0.9,after_letdown
2-agent homogeneous,Gemini,game_myth,10,unspecified,0.1,after_letdown
2-agent homogeneous,Gemini,myth_game,1,keep_trusting,1.0,after_letdown
2-agent homogeneous,Gemini,myth_game,2,keep_trusting,1.0,after_letdown
2-agent homogeneous,Gemini,myth_game,3,keep_trusting,1.0,after_letdown
2-agent homogeneous,Gemini,myth_game,4,keep_trusting,1.0,after_letdown
2-agent homogeneous,Gemini,myth_game,5,keep_trusting,1.0,after_letdown
2-agent homogeneous,Gemini,myth_game,6,keep_trusting,1.0,after_letdown
2-agent homogeneous,Gemini,myth_game,7,keep_trusting,1.0,after_letdown
2-agent homogeneous,Gemini,myth_game,8,keep_trusting,1.0,after_letdown
2-agent homogeneous,Gemini,myth_game,9,keep_trusting,1.0,after_letdown
2-agent homogeneous,Gemini,myth_game,10,keep_trusting,1.0,after_letdown
2-agent homogeneous,Sonnet,game_myth,1,unspecified,0.7,after_letdown
2-agent homogeneous,Sonnet,game_myth,1,reduce,0.1,after_letdown
2-agent homogeneous,Sonnet,game_myth,1,withdraw,0.1,after_letdown
2-agent homogeneous,Sonnet,game_myth,1,keep_trusting,0.1,after_letdown
2-agent homogeneous,Sonnet,game_myth,2,unspecified,0.6,after_letdown
2-agent homogeneous,Sonnet,game_myth,2,keep_trusting,0.3,after_letdown
2-agent homogeneous,Sonnet,game_myth,2,reduce,0.1,after_letdown
2-agent homogeneous,Sonnet,game_myth,3,keep_trusting,0.7,after_letdown
2-agent homogeneous,Sonnet,game_myth,3,withdraw,0.1,after_letdown
2-agent homogeneous,Sonnet,game_myth,3,reduce,0.1,after_letdown
2-agent homogeneous,Sonnet,game_myth,3,unspecified,0.1,after_letdown
2-agent homogeneous,Sonnet,game_myth,4,keep_trusting,0.6,after_letdown
2-agent homogeneous,Sonnet,game_myth,4,unspecified,0.3,after_letdown
2-agent homogeneous,Sonnet,game_myth,4,withdraw,0.1,after_letdown
2-agent homogeneous,Sonnet,game_myth,5,keep_trusting,0.6,after_letdown
2-agent homogeneous,Sonnet,game_myth,5,reduce,0.2,after_letdown
2-agent homogeneous,Sonnet,game_myth,5,withdraw,0.1,after_letdown
2-agent homogeneous,Sonnet,game_myth,5,unspecified,0.1,after_letdown
2-agent homogeneous,Sonnet,game_myth,6,keep_trusting,0.7,after_letdown
2-agent homogeneous,Sonnet,game_myth,6,unspecified,0.2,after_letdown
2-agent homogeneous,Sonnet,game_myth,6,reduce,0.1,after_letdown
2-agent homogeneous,Sonnet,game_myth,7,keep_trusting,0.7,after_letdown
2-agent homogeneous,Sonnet,game_myth,7,unspecified,0.2,after_letdown
2-agent homogeneous,Sonnet,game_myth,7,reduce,0.1,after_letdown
2-agent homogeneous,Sonnet,game_myth,8,keep_trusting,0.8,after_letdown
2-agent homogeneous,Sonnet,game_myth,8,unspecified,0.1,after_letdown
2-agent homogeneous,Sonnet,game_myth,8,reduce,0.1,after_letdown
2-agent homogeneous,Sonnet,game_myth,9,keep_trusting,0.9,after_letdown
2-agent homogeneous,Sonnet,game_myth,9,reduce,0.1,after_letdown
2-agent homogeneous,Sonnet,game_myth,10,keep_trusting,1.0,after_letdown
2-agent homogeneous,Sonnet,myth_game,1,keep_trusting,0.7,after_letdown
2-agent homogeneous,Sonnet,myth_game,1,unspecified,0.3,after_letdown
2-agent homogeneous,Sonnet,myth_game,2,unspecified,0.4,after_letdown
2-agent homogeneous,Sonnet,myth_game,2,keep_trusting,0.4,after_letdown
2-agent homogeneous,Sonnet,myth_game,2,reduce,0.2,after_letdown
2-agent homogeneous,Sonnet,myth_game,3,unspecified,0.6,after_letdown
2-agent homogeneous,Sonnet,myth_game,3,keep_trusting,0.4,after_letdown
2-agent homogeneous,Sonnet,myth_game,4,keep_trusting,0.5,after_letdown
2-agent homogeneous,Sonnet,myth_game,4,unspecified,0.5,after_letdown
2-agent homogeneous,Sonnet,myth_game,5,keep_trusting,0.7,after_letdown
2-agent homogeneous,Sonnet,myth_game,5,unspecified,0.2,after_letdown
2-agent homogeneous,Sonnet,myth_game,5,reduce,0.1,after_letdown
2-agent homogeneous,Sonnet,myth_game,6,keep_trusting,0.8,after_letdown
2-agent homogeneous,Sonnet,myth_game,6,unspecified,0.2,after_letdown
2-agent homogeneous,Sonnet,myth_game,7,keep_trusting,0.8,after_letdown
2-agent homogeneous,Sonnet,myth_game,7,unspecified,0.2,after_letdown
2-agent homogeneous,Sonnet,myth_game,8,keep_trusting,1.0,after_letdown
2-agent homogeneous,Sonnet,myth_game,9,keep_trusting,1.0,after_letdown
2-agent homogeneous,Sonnet,myth_game,10,keep_trusting,0.9,after_letdown
2-agent homogeneous,Sonnet,myth_game,10,unspecified,0.1,after_letdown
2-agent mixed,GPT,game_myth,1,unspecified,0.75,after_letdown
2-agent mixed,GPT,game_myth,1,keep_trusting,0.25,after_letdown
2-agent mixed,GPT,game_myth,2,unspecified,0.9167,after_letdown
2-agent mixed,GPT,game_myth,2,reduce,0.0833,after_letdown
2-agent mixed,GPT,game_myth,3,unspecified,0.7273,after_letdown
2-agent mixed,GPT,game_myth,3,keep_trusting,0.1818,after_letdown
2-agent mixed,GPT,game_myth,3,reduce,0.0909,after_letdown
2-agent mixed,GPT,game_myth,4,unspecified,0.7273,after_letdown
2-agent mixed,GPT,game_myth,4,reduce,0.1818,after_letdown
2-agent mixed,GPT,game_myth,4,keep_trusting,0.0909,after_letdown
2-agent mixed,GPT,game_myth,5,unspecified,0.5,after_letdown
2-agent mixed,GPT,game_myth,5,keep_trusting,0.3333,after_letdown
2-agent mixed,GPT,game_myth,5,reduce,0.1667,after_letdown
2-agent mixed,GPT,game_myth,6,unspecified,0.5833,after_letdown
2-agent mixed,GPT,game_myth,6,keep_trusting,0.4167,after_letdown
2-agent mixed,GPT,game_myth,7,unspecified,0.6667,after_letdown
2-agent mixed,GPT,game_myth,7,keep_trusting,0.1667,after_letdown
2-agent mixed,GPT,game_myth,7,reduce,0.1667,after_letdown
2-agent mixed,GPT,game_myth,8,unspecified,0.8182,after_letdown
2-agent mixed,GPT,game_myth,8,keep_trusting,0.1818,after_letdown
2-agent mixed,GPT,game_myth,9,keep_trusting,0.5833,after_letdown
2-agent mixed,GPT,game_myth,9,unspecified,0.3333,after_letdown
2-agent mixed,GPT,game_myth,9,reduce,0.0833,after_letdown
2-agent mixed,GPT,game_myth,10,unspecified,0.4167,after_letdown
2-agent mixed,GPT,game_myth,10,keep_trusting,0.4167,after_letdown
2-agent mixed,GPT,game_myth,10,reduce,0.1667,after_letdown
2-agent mixed,GPT,myth_game,1,unspecified,0.5833,after_letdown
2-agent mixed,GPT,myth_game,1,keep_trusting,0.3333,after_letdown
2-agent mixed,GPT,myth_game,1,reduce,0.0833,after_letdown
2-agent mixed,GPT,myth_game,2,unspecified,0.5,after_letdown
2-agent mixed,GPT,myth_game,2,reduce,0.25,after_letdown
2-agent mixed,GPT,myth_game,2,keep_trusting,0.25,after_letdown
2-agent mixed,GPT,myth_game,3,unspecified,0.5833,after_letdown
2-agent mixed,GPT,myth_game,3,keep_trusting,0.4167,after_letdown
2-agent mixed,GPT,myth_game,4,unspecified,0.5,after_letdown
2-agent mixed,GPT,myth_game,4,keep_trusting,0.3333,after_letdown
2-agent mixed,GPT,myth_game,4,reduce,0.1667,after_letdown
2-agent mixed,GPT,myth_game,5,keep_trusting,0.5833,after_letdown
2-agent mixed,GPT,myth_game,5,unspecified,0.3333,after_letdown
2-agent mixed,GPT,myth_game,5,reduce,0.0833,after_letdown
2-agent mixed,GPT,myth_game,6,keep_trusting,0.5833,after_letdown
2-agent mixed,GPT,myth_game,6,reduce,0.25,after_letdown
2-agent mixed,GPT,myth_game,6,unspecified,0.1667,after_letdown
2-agent mixed,GPT,myth_game,7,keep_trusting,0.5833,after_letdown
2-agent mixed,GPT,myth_game,7,unspecified,0.25,after_letdown
2-agent mixed,GPT,myth_game,7,reduce,0.1667,after_letdown
2-agent mixed,GPT,myth_game,8,keep_trusting,0.5,after_letdown
2-agent mixed,GPT,myth_game,8,reduce,0.3333,after_letdown
2-agent mixed,GPT,myth_game,8,unspecified,0.1667,after_letdown
2-agent mixed,GPT,myth_game,9,keep_trusting,0.6667,after_letdown
2-agent mixed,GPT,myth_game,9,unspecified,0.25,after_letdown
2-agent mixed,GPT,myth_game,9,reduce,0.0833,after_letdown
2-agent mixed,GPT,myth_game,10,keep_trusting,0.8333,after_letdown
2-agent mixed,GPT,myth_game,10,unspecified,0.0833,after_letdown
2-agent mixed,GPT,myth_game,10,reduce,0.0833,after_letdown
2-agent mixed,Gemini,game_myth,1,unspecified,0.8333,after_letdown
2-agent mixed,Gemini,game_myth,1,keep_trusting,0.1667,after_letdown
2-agent mixed,Gemini,game_myth,2,keep_trusting,0.5833,after_letdown
2-agent mixed,Gemini,game_myth,2,unspecified,0.4167,after_letdown
2-agent mixed,Gemini,game_myth,3,unspecified,0.5,after_letdown
2-agent mixed,Gemini,game_myth,3,keep_trusting,0.5,after_letdown
2-agent mixed,Gemini,game_myth,4,keep_trusting,0.6667,after_letdown
2-agent mixed,Gemini,game_myth,4,unspecified,0.3333,after_letdown
2-agent mixed,Gemini,game_myth,5,keep_trusting,0.6667,after_letdown
2-agent mixed,Gemini,game_myth,5,unspecified,0.3333,after_letdown
2-agent mixed,Gemini,game_myth,6,keep_trusting,0.6667,after_letdown
2-agent mixed,Gemini,game_myth,6,unspecified,0.3333,after_letdown
2-agent mixed,Gemini,game_myth,7,keep_trusting,0.5833,after_letdown
2-agent mixed,Gemini,game_myth,7,unspecified,0.4167,after_letdown
2-agent mixed,Gemini,game_myth,8,unspecified,0.5,after_letdown
2-agent mixed,Gemini,game_myth,8,keep_trusting,0.5,after_letdown
2-agent mixed,Gemini,game_myth,9,keep_trusting,0.6667,after_letdown
2-agent mixed,Gemini,game_myth,9,unspecified,0.3333,after_letdown
2-agent mixed,Gemini,game_myth,10,keep_trusting,0.6667,after_letdown
2-agent mixed,Gemini,game_myth,10,unspecified,0.3333,after_letdown
2-agent mixed,Gemini,myth_game,1,keep_trusting,0.9167,after_letdown
2-agent mixed,Gemini,myth_game,1,unspecified,0.0833,after_letdown
2-agent mixed,Gemini,myth_game,2,keep_trusting,0.9167,after_letdown
2-agent mixed,Gemini,myth_game,2,unspecified,0.0833,after_letdown
2-agent mixed,Gemini,myth_game,3,keep_trusting,0.8333,after_letdown
2-agent mixed,Gemini,myth_game,3,unspecified,0.1667,after_letdown
2-agent mixed,Gemini,myth_game,4,keep_trusting,1.0,after_letdown
2-agent mixed,Gemini,myth_game,5,keep_trusting,1.0,after_letdown
2-agent mixed,Gemini,myth_game,6,keep_trusting,0.9167,after_letdown
2-agent mixed,Gemini,myth_game,6,unspecified,0.0833,after_letdown
2-agent mixed,Gemini,myth_game,7,keep_trusting,1.0,after_letdown
2-agent mixed,Gemini,myth_game,8,keep_trusting,0.9167,after_letdown
2-agent mixed,Gemini,myth_game,8,unspecified,0.0833,after_letdown
2-agent mixed,Gemini,myth_game,9,keep_trusting,0.9167,after_letdown
2-agent mixed,Gemini,myth_game,9,unspecified,0.0833,after_letdown
2-agent mixed,Gemini,myth_game,10,keep_trusting,1.0,after_letdown
2-agent mixed,Sonnet,game_myth,1,unspecified,0.9167,after_letdown
2-agent mixed,Sonnet,game_myth,1,keep_trusting,0.0833,after_letdown
2-agent mixed,Sonnet,game_myth,2,unspecified,0.5,after_letdown
2-agent mixed,Sonnet,game_myth,2,keep_trusting,0.3333,after_letdown
2-agent mixed,Sonnet,game_myth,2,withdraw,0.1667,after_letdown
2-agent mixed,Sonnet,game_myth,3,unspecified,0.6667,after_letdown
2-agent mixed,Sonnet,game_myth,3,keep_trusting,0.25,after_letdown
2-agent mixed,Sonnet,game_myth,3,withdraw,0.0833,after_letdown
2-agent mixed,Sonnet,game_myth,4,unspecified,0.5,after_letdown
2-agent mixed,Sonnet,game_myth,4,keep_trusting,0.4167,after_letdown
2-agent mixed,Sonnet,game_myth,4,reduce,0.0833,after_letdown
2-agent mixed,Sonnet,game_myth,5,keep_trusting,0.5833,after_letdown
2-agent mixed,Sonnet,game_myth,5,unspecified,0.25,after_letdown
2-agent mixed,Sonnet,game_myth,5,reduce,0.1667,after_letdown
2-agent mixed,Sonnet,game_myth,6,keep_trusting,0.75,after_letdown
2-agent mixed,Sonnet,game_myth,6,unspecified,0.1667,after_letdown
2-agent mixed,Sonnet,game_myth,6,reduce,0.0833,after_letdown
2-agent mixed,Sonnet,game_myth,7,keep_trusting,0.9167,after_letdown
2-agent mixed,Sonnet,game_myth,7,unspecified,0.0833,after_letdown
2-agent mixed,Sonnet,game_myth,8,keep_trusting,0.75,after_letdown
2-agent mixed,Sonnet,game_myth,8,unspecified,0.1667,after_letdown
2-agent mixed,Sonnet,game_myth,8,reduce,0.0833,after_letdown
2-agent mixed,Sonnet,game_myth,9,keep_trusting,0.8333,after_letdown
2-agent mixed,Sonnet,game_myth,9,unspecified,0.0833,after_letdown
2-agent mixed,Sonnet,game_myth,9,reduce,0.0833,after_letdown
2-agent mixed,Sonnet,game_myth,10,keep_trusting,0.8333,after_letdown
2-agent mixed,Sonnet,game_myth,10,unspecified,0.0833,after_letdown
2-agent mixed,Sonnet,game_myth,10,withdraw,0.0833,after_letdown
2-agent mixed,Sonnet,myth_game,1,keep_trusting,0.6667,after_letdown
2-agent mixed,Sonnet,myth_game,1,unspecified,0.3333,after_letdown
2-agent mixed,Sonnet,myth_game,2,keep_trusting,0.75,after_letdown
2-agent mixed,Sonnet,myth_game,2,unspecified,0.1667,after_letdown
2-agent mixed,Sonnet,myth_game,2,reduce,0.0833,after_letdown
2-agent mixed,Sonnet,myth_game,3,keep_trusting,0.75,after_letdown
2-agent mixed,Sonnet,myth_game,3,reduce,0.1667,after_letdown
2-agent mixed,Sonnet,myth_game,3,unspecified,0.0833,after_letdown
2-agent mixed,Sonnet,myth_game,4,keep_trusting,0.6667,after_letdown
2-agent mixed,Sonnet,myth_game,4,unspecified,0.25,after_letdown
2-agent mixed,Sonnet,myth_game,4,reduce,0.0833,after_letdown
2-agent mixed,Sonnet,myth_game,5,keep_trusting,0.75,after_letdown
2-agent mixed,Sonnet,myth_game,5,unspecified,0.1667,after_letdown
2-agent mixed,Sonnet,myth_game,5,reduce,0.0833,after_letdown
2-agent mixed,Sonnet,myth_game,6,keep_trusting,0.6667,after_letdown
2-agent mixed,Sonnet,myth_game,6,unspecified,0.25,after_letdown
2-agent mixed,Sonnet,myth_game,6,reduce,0.0833,after_letdown
2-agent mixed,Sonnet,myth_game,7,keep_trusting,0.9167,after_letdown
2-agent mixed,Sonnet,myth_game,7,unspecified,0.0833,after_letdown
2-agent mixed,Sonnet,myth_game,8,keep_trusting,0.8333,after_letdown
2-agent mixed,Sonnet,myth_game,8,unspecified,0.1667,after_letdown
2-agent mixed,Sonnet,myth_game,9,keep_trusting,0.6667,after_letdown
2-agent mixed,Sonnet,myth_game,9,unspecified,0.25,after_letdown
2-agent mixed,Sonnet,myth_game,9,reduce,0.0833,after_letdown
2-agent mixed,Sonnet,myth_game,10,keep_trusting,0.75,after_letdown
2-agent mixed,Sonnet,myth_game,10,unspecified,0.1667,after_letdown
2-agent mixed,Sonnet,myth_game,10,reduce,0.0833,after_letdown
8-agent homogeneous,GPT,game_myth,1,unspecified,0.75,after_letdown
8-agent homogeneous,GPT,game_myth,1,keep_trusting,0.15,after_letdown
8-agent homogeneous,GPT,game_myth,1,reduce,0.075,after_letdown
8-agent homogeneous,GPT,game_myth,1,withdraw,0.025,after_letdown
8-agent homogeneous,GPT,game_myth,2,unspecified,0.8,after_letdown
8-agent homogeneous,GPT,game_myth,2,reduce,0.15,after_letdown
8-agent homogeneous,GPT,game_myth,2,keep_trusting,0.05,after_letdown
8-agent homogeneous,GPT,game_myth,3,unspecified,0.775,after_letdown
8-agent homogeneous,GPT,game_myth,3,keep_trusting,0.125,after_letdown
8-agent homogeneous,GPT,game_myth,3,reduce,0.1,after_letdown
8-agent homogeneous,GPT,game_myth,4,unspecified,0.7,after_letdown
8-agent homogeneous,GPT,game_myth,4,keep_trusting,0.175,after_letdown
8-agent homogeneous,GPT,game_myth,4,reduce,0.125,after_letdown
8-agent homogeneous,GPT,game_myth,5,unspecified,0.575,after_letdown
8-agent homogeneous,GPT,game_myth,5,reduce,0.225,after_letdown
8-agent homogeneous,GPT,game_myth,5,keep_trusting,0.2,after_letdown
8-agent homogeneous,GPT,game_myth,6,unspecified,0.65,after_letdown
8-agent homogeneous,GPT,game_myth,6,reduce,0.2,after_letdown
8-agent homogeneous,GPT,game_myth,6,keep_trusting,0.125,after_letdown
8-agent homogeneous,GPT,game_myth,6,withdraw,0.025,after_letdown
8-agent homogeneous,GPT,game_myth,7,unspecified,0.775,after_letdown
8-agent homogeneous,GPT,game_myth,7,reduce,0.15,after_letdown
8-agent homogeneous,GPT,game_myth,7,keep_trusting,0.075,after_letdown
8-agent homogeneous,GPT,game_myth,8,unspecified,0.5,after_letdown
8-agent homogeneous,GPT,game_myth,8,reduce,0.4,after_letdown
8-agent homogeneous,GPT,game_myth,8,keep_trusting,0.1,after_letdown
8-agent homogeneous,GPT,game_myth,9,unspecified,0.55,after_letdown
8-agent homogeneous,GPT,game_myth,9,reduce,0.3,after_letdown
8-agent homogeneous,GPT,game_myth,9,keep_trusting,0.15,after_letdown
8-agent homogeneous,GPT,game_myth,10,unspecified,0.575,after_letdown
8-agent homogeneous,GPT,game_myth,10,reduce,0.35,after_letdown
8-agent homogeneous,GPT,game_myth,10,keep_trusting,0.075,after_letdown
8-agent homogeneous,GPT,myth_game,1,unspecified,0.7,after_letdown
8-agent homogeneous,GPT,myth_game,1,keep_trusting,0.2,after_letdown
8-agent homogeneous,GPT,myth_game,1,reduce,0.1,after_letdown
8-agent homogeneous,GPT,myth_game,2,unspecified,0.6154,after_letdown
8-agent homogeneous,GPT,myth_game,2,keep_trusting,0.2051,after_letdown
8-agent homogeneous,GPT,myth_game,2,reduce,0.1795,after_letdown
8-agent homogeneous,GPT,myth_game,3,unspecified,0.55,after_letdown
8-agent homogeneous,GPT,myth_game,3,keep_trusting,0.225,after_letdown
8-agent homogeneous,GPT,myth_game,3,reduce,0.225,after_letdown
8-agent homogeneous,GPT,myth_game,4,unspecified,0.575,after_letdown
8-agent homogeneous,GPT,myth_game,4,keep_trusting,0.275,after_letdown
8-agent homogeneous,GPT,myth_game,4,reduce,0.15,after_letdown
8-agent homogeneous,GPT,myth_game,5,unspecified,0.5641,after_letdown
8-agent homogeneous,GPT,myth_game,5,keep_trusting,0.2564,after_letdown
8-agent homogeneous,GPT,myth_game,5,reduce,0.1795,after_letdown
8-agent homogeneous,GPT,myth_game,6,unspecified,0.4,after_letdown
8-agent homogeneous,GPT,myth_game,6,reduce,0.325,after_letdown
8-agent homogeneous,GPT,myth_game,6,keep_trusting,0.275,after_letdown
8-agent homogeneous,GPT,myth_game,7,unspecified,0.55,after_letdown
8-agent homogeneous,GPT,myth_game,7,reduce,0.275,after_letdown
8-agent homogeneous,GPT,myth_game,7,keep_trusting,0.175,after_letdown
8-agent homogeneous,GPT,myth_game,8,unspecified,0.4,after_letdown
8-agent homogeneous,GPT,myth_game,8,keep_trusting,0.35,after_letdown
8-agent homogeneous,GPT,myth_game,8,reduce,0.25,after_letdown
8-agent homogeneous,GPT,myth_game,9,unspecified,0.425,after_letdown
8-agent homogeneous,GPT,myth_game,9,reduce,0.35,after_letdown
8-agent homogeneous,GPT,myth_game,9,keep_trusting,0.225,after_letdown
8-agent homogeneous,GPT,myth_game,10,unspecified,0.425,after_letdown
8-agent homogeneous,GPT,myth_game,10,keep_trusting,0.35,after_letdown
8-agent homogeneous,GPT,myth_game,10,reduce,0.225,after_letdown
8-agent homogeneous,Gemini,game_myth,1,unspecified,0.775,after_letdown
8-agent homogeneous,Gemini,game_myth,1,keep_trusting,0.225,after_letdown
8-agent homogeneous,Gemini,game_myth,2,unspecified,0.525,after_letdown
8-agent homogeneous,Gemini,game_myth,2,keep_trusting,0.475,after_letdown
8-agent homogeneous,Gemini,game_myth,3,keep_trusting,0.525,after_letdown
8-agent homogeneous,Gemini,game_myth,3,unspecified,0.475,after_letdown
8-agent homogeneous,Gemini,game_myth,4,keep_trusting,0.8,after_letdown
8-agent homogeneous,Gemini,game_myth,4,unspecified,0.2,after_letdown
8-agent homogeneous,Gemini,game_myth,5,keep_trusting,0.75,after_letdown
8-agent homogeneous,Gemini,game_myth,5,unspecified,0.25,after_letdown
8-agent homogeneous,Gemini,game_myth,6,keep_trusting,0.875,after_letdown
8-agent homogeneous,Gemini,game_myth,6,unspecified,0.125,after_letdown
8-agent homogeneous,Gemini,game_myth,7,keep_trusting,0.8,after_letdown
8-agent homogeneous,Gemini,game_myth,7,unspecified,0.2,after_letdown
8-agent homogeneous,Gemini,game_myth,8,keep_trusting,0.975,after_letdown
8-agent homogeneous,Gemini,game_myth,8,unspecified,0.025,after_letdown
8-agent homogeneous,Gemini,game_myth,9,keep_trusting,0.925,after_letdown
8-agent homogeneous,Gemini,game_myth,9,unspecified,0.075,after_letdown
8-agent homogeneous,Gemini,game_myth,10,keep_trusting,0.925,after_letdown
8-agent homogeneous,Gemini,game_myth,10,unspecified,0.075,after_letdown
8-agent homogeneous,Gemini,myth_game,1,keep_trusting,0.55,after_letdown
8-agent homogeneous,Gemini,myth_game,1,unspecified,0.375,after_letdown
8-agent homogeneous,Gemini,myth_game,1,withdraw,0.075,after_letdown
8-agent homogeneous,Gemini,myth_game,2,keep_trusting,0.8,after_letdown
8-agent homogeneous,Gemini,myth_game,2,unspecified,0.2,after_letdown
8-agent homogeneous,Gemini,myth_game,3,keep_trusting,0.975,after_letdown
8-agent homogeneous,Gemini,myth_game,3,unspecified,0.025,after_letdown
8-agent homogeneous,Gemini,myth_game,4,keep_trusting,1.0,after_letdown
8-agent homogeneous,Gemini,myth_game,5,keep_trusting,1.0,after_letdown
8-agent homogeneous,Gemini,myth_game,6,keep_trusting,1.0,after_letdown
8-agent homogeneous,Gemini,myth_game,7,keep_trusting,0.975,after_letdown
8-agent homogeneous,Gemini,myth_game,7,unspecified,0.025,after_letdown
8-agent homogeneous,Gemini,myth_game,8,keep_trusting,0.975,after_letdown
8-agent homogeneous,Gemini,myth_game,8,unspecified,0.025,after_letdown
8-agent homogeneous,Gemini,myth_game,9,keep_trusting,0.975,after_letdown
8-agent homogeneous,Gemini,myth_game,9,unspecified,0.025,after_letdown
8-agent homogeneous,Gemini,myth_game,10,keep_trusting,1.0,after_letdown
8-agent homogeneous,Sonnet,game_myth,1,unspecified,0.85,after_letdown
8-agent homogeneous,Sonnet,game_myth,1,keep_trusting,0.075,after_letdown
8-agent homogeneous,Sonnet,game_myth,1,reduce,0.05,after_letdown
8-agent homogeneous,Sonnet,game_myth,1,withdraw,0.025,after_letdown
8-agent homogeneous,Sonnet,game_myth,2,unspecified,0.525,after_letdown
8-agent homogeneous,Sonnet,game_myth,2,keep_trusting,0.375,after_letdown
8-agent homogeneous,Sonnet,game_myth,2,reduce,0.05,after_letdown
8-agent homogeneous,Sonnet,game_myth,2,withdraw,0.05,after_letdown
8-agent homogeneous,Sonnet,game_myth,3,unspecified,0.4,after_letdown
8-agent homogeneous,Sonnet,game_myth,3,keep_trusting,0.35,after_letdown
8-agent homogeneous,Sonnet,game_myth,3,reduce,0.225,after_letdown
8-agent homogeneous,Sonnet,game_myth,3,withdraw,0.025,after_letdown
8-agent homogeneous,Sonnet,game_myth,4,keep_trusting,0.45,after_letdown
8-agent homogeneous,Sonnet,game_myth,4,unspecified,0.375,after_letdown
8-agent homogeneous,Sonnet,game_myth,4,reduce,0.175,after_letdown
8-agent homogeneous,Sonnet,game_myth,5,keep_trusting,0.575,after_letdown
8-agent homogeneous,Sonnet,game_myth,5,unspecified,0.3,after_letdown
8-agent homogeneous,Sonnet,game_myth,5,reduce,0.1,after_letdown
8-agent homogeneous,Sonnet,game_myth,5,withdraw,0.025,after_letdown
8-agent homogeneous,Sonnet,game_myth,6,keep_trusting,0.625,after_letdown
8-agent homogeneous,Sonnet,game_myth,6,unspecified,0.225,after_letdown
8-agent homogeneous,Sonnet,game_myth,6,reduce,0.15,after_letdown
8-agent homogeneous,Sonnet,game_myth,7,keep_trusting,0.55,after_letdown
8-agent homogeneous,Sonnet,game_myth,7,unspecified,0.325,after_letdown
8-agent homogeneous,Sonnet,game_myth,7,reduce,0.125,after_letdown
8-agent homogeneous,Sonnet,game_myth,8,keep_trusting,0.525,after_letdown
8-agent homogeneous,Sonnet,game_myth,8,unspecified,0.375,after_letdown
8-agent homogeneous,Sonnet,game_myth,8,reduce,0.1,after_letdown
8-agent homogeneous,Sonnet,game_myth,9,keep_trusting,0.65,after_letdown
8-agent homogeneous,Sonnet,game_myth,9,unspecified,0.275,after_letdown
8-agent homogeneous,Sonnet,game_myth,9,reduce,0.075,after_letdown
8-agent homogeneous,Sonnet,game_myth,10,keep_trusting,0.6667,after_letdown
8-agent homogeneous,Sonnet,game_myth,10,unspecified,0.2051,after_letdown
8-agent homogeneous,Sonnet,game_myth,10,reduce,0.1282,after_letdown
8-agent homogeneous,Sonnet,myth_game,1,keep_trusting,0.625,after_letdown
8-agent homogeneous,Sonnet,myth_game,1,unspecified,0.325,after_letdown
8-agent homogeneous,Sonnet,myth_game,1,withdraw,0.05,after_letdown
8-agent homogeneous,Sonnet,myth_game,2,keep_trusting,0.6,after_letdown
8-agent homogeneous,Sonnet,myth_game,2,unspecified,0.4,after_letdown
8-agent homogeneous,Sonnet,myth_game,3,keep_trusting,0.75,after_letdown
8-agent homogeneous,Sonnet,myth_game,3,unspecified,0.25,after_letdown
8-agent homogeneous,Sonnet,myth_game,4,keep_trusting,0.55,after_letdown
8-agent homogeneous,Sonnet,myth_game,4,unspecified,0.425,after_letdown
8-agent homogeneous,Sonnet,myth_game,4,reduce,0.025,after_letdown
8-agent homogeneous,Sonnet,myth_game,5,unspecified,0.525,after_letdown
8-agent homogeneous,Sonnet,myth_game,5,keep_trusting,0.425,after_letdown
8-agent homogeneous,Sonnet,myth_game,5,reduce,0.05,after_letdown
8-agent homogeneous,Sonnet,myth_game,6,keep_trusting,0.475,after_letdown
8-agent homogeneous,Sonnet,myth_game,6,unspecified,0.425,after_letdown
8-agent homogeneous,Sonnet,myth_game,6,reduce,0.1,after_letdown
8-agent homogeneous,Sonnet,myth_game,7,unspecified,0.625,after_letdown
8-agent homogeneous,Sonnet,myth_game,7,keep_trusting,0.35,after_letdown
8-agent homogeneous,Sonnet,myth_game,7,reduce,0.025,after_letdown
8-agent homogeneous,Sonnet,myth_game,8,unspecified,0.55,after_letdown
8-agent homogeneous,Sonnet,myth_game,8,keep_trusting,0.425,after_letdown
8-agent homogeneous,Sonnet,myth_game,8,reduce,0.025,after_letdown
8-agent homogeneous,Sonnet,myth_game,9,unspecified,0.55,after_letdown
8-agent homogeneous,Sonnet,myth_game,9,keep_trusting,0.425,after_letdown
8-agent homogeneous,Sonnet,myth_game,9,reduce,0.025,after_letdown
8-agent homogeneous,Sonnet,myth_game,10,unspecified,0.5,after_letdown
8-agent homogeneous,Sonnet,myth_game,10,keep_trusting,0.5,after_letdown
8-agent mixed,GPT,game_myth,1,unspecified,0.6583,after_letdown
8-agent mixed,GPT,game_myth,1,keep_trusting,0.2583,after_letdown
8-agent mixed,GPT,game_myth,1,reduce,0.075,after_letdown
8-agent mixed,GPT,game_myth,1,withdraw,0.0083,after_letdown
8-agent mixed,GPT,game_myth,2,unspecified,0.6218,after_letdown
8-agent mixed,GPT,game_myth,2,keep_trusting,0.2017,after_letdown
8-agent mixed,GPT,game_myth,2,reduce,0.1513,after_letdown
8-agent mixed,GPT,game_myth,2,withdraw,0.0252,after_letdown
8-agent mixed,GPT,game_myth,3,unspecified,0.6083,after_letdown
8-agent mixed,GPT,game_myth,3,reduce,0.2,after_letdown
8-agent mixed,GPT,game_myth,3,keep_trusting,0.1917,after_letdown
8-agent mixed,GPT,game_myth,4,unspecified,0.525,after_letdown
8-agent mixed,GPT,game_myth,4,keep_trusting,0.2583,after_letdown
8-agent mixed,GPT,game_myth,4,reduce,0.2083,after_letdown
8-agent mixed,GPT,game_myth,4,withdraw,0.0083,after_letdown
8-agent mixed,GPT,game_myth,5,unspecified,0.4706,after_letdown
8-agent mixed,GPT,game_myth,5,keep_trusting,0.3025,after_letdown
8-agent mixed,GPT,game_myth,5,reduce,0.2185,after_letdown
8-agent mixed,GPT,game_myth,5,withdraw,0.0084,after_letdown
8-agent mixed,GPT,game_myth,6,unspecified,0.5083,after_letdown
8-agent mixed,GPT,game_myth,6,reduce,0.3333,after_letdown
8-agent mixed,GPT,game_myth,6,keep_trusting,0.15,after_letdown
8-agent mixed,GPT,game_myth,6,withdraw,0.0083,after_letdown
8-agent mixed,GPT,game_myth,7,unspecified,0.5085,after_letdown
8-agent mixed,GPT,game_myth,7,reduce,0.3305,after_letdown
8-agent mixed,GPT,game_myth,7,keep_trusting,0.161,after_letdown
8-agent mixed,GPT,game_myth,8,unspecified,0.4833,after_letdown
8-agent mixed,GPT,game_myth,8,reduce,0.3583,after_letdown
8-agent mixed,GPT,game_myth,8,keep_trusting,0.1583,after_letdown
8-agent mixed,GPT,game_myth,9,unspecified,0.453,after_letdown
8-agent mixed,GPT,game_myth,9,reduce,0.3162,after_letdown
8-agent mixed,GPT,game_myth,9,keep_trusting,0.2308,after_letdown
8-agent mixed,GPT,game_myth,10,unspecified,0.4706,after_letdown
8-agent mixed,GPT,game_myth,10,reduce,0.3109,after_letdown
8-agent mixed,GPT,game_myth,10,keep_trusting,0.2185,after_letdown
8-agent mixed,GPT,myth_game,1,unspecified,0.6833,after_letdown
8-agent mixed,GPT,myth_game,1,keep_trusting,0.2333,after_letdown
8-agent mixed,GPT,myth_game,1,reduce,0.0833,after_letdown
8-agent mixed,GPT,myth_game,2,unspecified,0.575,after_letdown
8-agent mixed,GPT,myth_game,2,keep_trusting,0.25,after_letdown
8-agent mixed,GPT,myth_game,2,reduce,0.175,after_letdown
8-agent mixed,GPT,myth_game,3,unspecified,0.5917,after_letdown
8-agent mixed,GPT,myth_game,3,keep_trusting,0.2583,after_letdown
8-agent mixed,GPT,myth_game,3,reduce,0.15,after_letdown
8-agent mixed,GPT,myth_game,4,unspecified,0.5678,after_letdown
8-agent mixed,GPT,myth_game,4,keep_trusting,0.3051,after_letdown
8-agent mixed,GPT,myth_game,4,reduce,0.1271,after_letdown
8-agent mixed,GPT,myth_game,5,unspecified,0.5833,after_letdown
8-agent mixed,GPT,myth_game,5,keep_trusting,0.2417,after_letdown
8-agent mixed,GPT,myth_game,5,reduce,0.175,after_letdown
8-agent mixed,GPT,myth_game,6,unspecified,0.5167,after_letdown
8-agent mixed,GPT,myth_game,6,keep_trusting,0.3,after_letdown
8-agent mixed,GPT,myth_game,6,reduce,0.175,after_letdown
8-agent mixed,GPT,myth_game,6,withdraw,0.0083,after_letdown
8-agent mixed,GPT,myth_game,7,unspecified,0.4958,after_letdown
8-agent mixed,GPT,myth_game,7,keep_trusting,0.2857,after_letdown
8-agent mixed,GPT,myth_game,7,reduce,0.2185,after_letdown
8-agent mixed,GPT,myth_game,8,unspecified,0.4831,after_letdown
8-agent mixed,GPT,myth_game,8,keep_trusting,0.3136,after_letdown
8-agent mixed,GPT,myth_game,8,reduce,0.1949,after_letdown
8-agent mixed,GPT,myth_game,8,withdraw,0.0085,after_letdown
8-agent mixed,GPT,myth_game,9,unspecified,0.4202,after_letdown
8-agent mixed,GPT,myth_game,9,keep_trusting,0.3445,after_letdown
8-agent mixed,GPT,myth_game,9,reduce,0.2353,after_letdown
8-agent mixed,GPT,myth_game,10,unspecified,0.3866,after_letdown
8-agent mixed,GPT,myth_game,10,keep_trusting,0.3361,after_letdown
8-agent mixed,GPT,myth_game,10,reduce,0.2689,after_letdown
8-agent mixed,GPT,myth_game,10,withdraw,0.0084,after_letdown
8-agent mixed,Gemini,game_myth,1,unspecified,0.5143,after_letdown
8-agent mixed,Gemini,game_myth,1,keep_trusting,0.4857,after_letdown
8-agent mixed,Gemini,game_myth,2,keep_trusting,0.5429,after_letdown
8-agent mixed,Gemini,game_myth,2,unspecified,0.4286,after_letdown
8-agent mixed,Gemini,game_myth,2,withdraw,0.0286,after_letdown
8-agent mixed,Gemini,game_myth,3,keep_trusting,0.5429,after_letdown
8-agent mixed,Gemini,game_myth,3,unspecified,0.3714,after_letdown
8-agent mixed,Gemini,game_myth,3,withdraw,0.0857,after_letdown
8-agent mixed,Gemini,game_myth,4,keep_trusting,0.5429,after_letdown
8-agent mixed,Gemini,game_myth,4,unspecified,0.4286,after_letdown
8-agent mixed,Gemini,game_myth,4,withdraw,0.0286,after_letdown
8-agent mixed,Gemini,game_myth,5,keep_trusting,0.5714,after_letdown
8-agent mixed,Gemini,game_myth,5,unspecified,0.4,after_letdown
8-agent mixed,Gemini,game_myth,5,withdraw,0.0286,after_letdown
8-agent mixed,Gemini,game_myth,6,keep_trusting,0.5714,after_letdown
8-agent mixed,Gemini,game_myth,6,unspecified,0.4,after_letdown
8-agent mixed,Gemini,game_myth,6,withdraw,0.0286,after_letdown
8-agent mixed,Gemini,game_myth,7,keep_trusting,0.6857,after_letdown
8-agent mixed,Gemini,game_myth,7,unspecified,0.3143,after_letdown
8-agent mixed,Gemini,game_myth,8,keep_trusting,0.7714,after_letdown
8-agent mixed,Gemini,game_myth,8,unspecified,0.2286,after_letdown
8-agent mixed,Gemini,game_myth,9,keep_trusting,0.6571,after_letdown
8-agent mixed,Gemini,game_myth,9,unspecified,0.3429,after_letdown
8-agent mixed,Gemini,game_myth,10,keep_trusting,0.6857,after_letdown
8-agent mixed,Gemini,game_myth,10,unspecified,0.3143,after_letdown
8-agent mixed,Gemini,myth_game,1,unspecified,0.5429,after_letdown
8-agent mixed,Gemini,myth_game,1,keep_trusting,0.4286,after_letdown
8-agent mixed,Gemini,myth_game,1,withdraw,0.0286,after_letdown
8-agent mixed,Gemini,myth_game,2,keep_trusting,0.7143,after_letdown
8-agent mixed,Gemini,myth_game,2,unspecified,0.2857,after_letdown
8-agent mixed,Gemini,myth_game,3,keep_trusting,0.7714,after_letdown
8-agent mixed,Gemini,myth_game,3,unspecified,0.2286,after_letdown
8-agent mixed,Gemini,myth_game,4,keep_trusting,0.7714,after_letdown
8-agent mixed,Gemini,myth_game,4,unspecified,0.2286,after_letdown
8-agent mixed,Gemini,myth_game,5,keep_trusting,0.8,after_letdown
8-agent mixed,Gemini,myth_game,5,unspecified,0.2,after_letdown
8-agent mixed,Gemini,myth_game,6,keep_trusting,0.8,after_letdown
8-agent mixed,Gemini,myth_game,6,unspecified,0.2,after_letdown
8-agent mixed,Gemini,myth_game,7,keep_trusting,0.8286,after_letdown
8-agent mixed,Gemini,myth_game,7,unspecified,0.1714,after_letdown
8-agent mixed,Gemini,myth_game,8,keep_trusting,0.7714,after_letdown
8-agent mixed,Gemini,myth_game,8,unspecified,0.2286,after_letdown
8-agent mixed,Gemini,myth_game,9,keep_trusting,0.9143,after_letdown
8-agent mixed,Gemini,myth_game,9,unspecified,0.0857,after_letdown
8-agent mixed,Gemini,myth_game,10,keep_trusting,0.8286,after_letdown
8-agent mixed,Gemini,myth_game,10,unspecified,0.1714,after_letdown
8-agent mixed,Sonnet,game_myth,1,unspecified,0.6941,after_letdown
8-agent mixed,Sonnet,game_myth,1,keep_trusting,0.1765,after_letdown
8-agent mixed,Sonnet,game_myth,1,reduce,0.0824,after_letdown
8-agent mixed,Sonnet,game_myth,1,withdraw,0.0471,after_letdown
8-agent mixed,Sonnet,game_myth,2,keep_trusting,0.4588,after_letdown
8-agent mixed,Sonnet,game_myth,2,unspecified,0.2941,after_letdown
8-agent mixed,Sonnet,game_myth,2,reduce,0.1882,after_letdown
8-agent mixed,Sonnet,game_myth,2,withdraw,0.0588,after_letdown
8-agent mixed,Sonnet,game_myth,3,keep_trusting,0.4118,after_letdown
8-agent mixed,Sonnet,game_myth,3,reduce,0.2824,after_letdown
8-agent mixed,Sonnet,game_myth,3,unspecified,0.2471,after_letdown
8-agent mixed,Sonnet,game_myth,3,withdraw,0.0588,after_letdown
8-agent mixed,Sonnet,game_myth,4,keep_trusting,0.4235,after_letdown
8-agent mixed,Sonnet,game_myth,4,unspecified,0.3059,after_letdown
8-agent mixed,Sonnet,game_myth,4,reduce,0.2353,after_letdown
8-agent mixed,Sonnet,game_myth,4,withdraw,0.0353,after_letdown
8-agent mixed,Sonnet,game_myth,5,keep_trusting,0.3529,after_letdown
8-agent mixed,Sonnet,game_myth,5,reduce,0.3294,after_letdown
8-agent mixed,Sonnet,game_myth,5,unspecified,0.2706,after_letdown
8-agent mixed,Sonnet,game_myth,5,withdraw,0.0471,after_letdown
8-agent mixed,Sonnet,game_myth,6,keep_trusting,0.4,after_letdown
8-agent mixed,Sonnet,game_myth,6,unspecified,0.3529,after_letdown
8-agent mixed,Sonnet,game_myth,6,reduce,0.2,after_letdown
8-agent mixed,Sonnet,game_myth,6,withdraw,0.0471,after_letdown
8-agent mixed,Sonnet,game_myth,7,keep_trusting,0.3412,after_letdown
8-agent mixed,Sonnet,game_myth,7,reduce,0.3412,after_letdown
8-agent mixed,Sonnet,game_myth,7,unspecified,0.2706,after_letdown
8-agent mixed,Sonnet,game_myth,7,withdraw,0.0471,after_letdown
8-agent mixed,Sonnet,game_myth,8,keep_trusting,0.3765,after_letdown
8-agent mixed,Sonnet,game_myth,8,unspecified,0.3412,after_letdown
8-agent mixed,Sonnet,game_myth,8,reduce,0.2588,after_letdown
8-agent mixed,Sonnet,game_myth,8,withdraw,0.0235,after_letdown
8-agent mixed,Sonnet,game_myth,9,keep_trusting,0.4471,after_letdown
8-agent mixed,Sonnet,game_myth,9,unspecified,0.2941,after_letdown
8-agent mixed,Sonnet,game_myth,9,reduce,0.2235,after_letdown
8-agent mixed,Sonnet,game_myth,9,withdraw,0.0353,after_letdown
8-agent mixed,Sonnet,game_myth,10,keep_trusting,0.4118,after_letdown
8-agent mixed,Sonnet,game_myth,10,unspecified,0.3647,after_letdown
8-agent mixed,Sonnet,game_myth,10,reduce,0.2235,after_letdown
8-agent mixed,Sonnet,myth_game,1,keep_trusting,0.6824,after_letdown
8-agent mixed,Sonnet,myth_game,1,unspecified,0.2353,after_letdown
8-agent mixed,Sonnet,myth_game,1,withdraw,0.0588,after_letdown
8-agent mixed,Sonnet,myth_game,1,reduce,0.0235,after_letdown
8-agent mixed,Sonnet,myth_game,2,keep_trusting,0.4941,after_letdown
8-agent mixed,Sonnet,myth_game,2,unspecified,0.4118,after_letdown
8-agent mixed,Sonnet,myth_game,2,reduce,0.0588,after_letdown
8-agent mixed,Sonnet,myth_game,2,withdraw,0.0353,after_letdown
8-agent mixed,Sonnet,myth_game,3,keep_trusting,0.4588,after_letdown
8-agent mixed,Sonnet,myth_game,3,unspecified,0.4588,after_letdown
8-agent mixed,Sonnet,myth_game,3,reduce,0.0824,after_letdown
8-agent mixed,Sonnet,myth_game,4,unspecified,0.4353,after_letdown
8-agent mixed,Sonnet,myth_game,4,keep_trusting,0.4353,after_letdown
8-agent mixed,Sonnet,myth_game,4,reduce,0.1176,after_letdown
8-agent mixed,Sonnet,myth_game,4,withdraw,0.0118,after_letdown
8-agent mixed,Sonnet,myth_game,5,unspecified,0.4824,after_letdown
8-agent mixed,Sonnet,myth_game,5,keep_trusting,0.4,after_letdown
8-agent mixed,Sonnet,myth_game,5,reduce,0.1176,after_letdown
8-agent mixed,Sonnet,myth_game,6,keep_trusting,0.4471,after_letdown
8-agent mixed,Sonnet,myth_game,6,unspecified,0.4353,after_letdown
8-agent mixed,Sonnet,myth_game,6,reduce,0.1176,after_letdown
8-agent mixed,Sonnet,myth_game,7,unspecified,0.4824,after_letdown
8-agent mixed,Sonnet,myth_game,7,keep_trusting,0.3294,after_letdown
8-agent mixed,Sonnet,myth_game,7,reduce,0.1882,after_letdown
8-agent mixed,Sonnet,myth_game,8,unspecified,0.4235,after_letdown
8-agent mixed,Sonnet,myth_game,8,keep_trusting,0.3647,after_letdown
8-agent mixed,Sonnet,myth_game,8,reduce,0.2118,after_letdown
8-agent mixed,Sonnet,myth_game,9,keep_trusting,0.4235,after_letdown
8-agent mixed,Sonnet,myth_game,9,unspecified,0.4118,after_letdown
8-agent mixed,Sonnet,myth_game,9,reduce,0.1647,after_letdown
8-agent mixed,Sonnet,myth_game,10,keep_trusting,0.3647,after_letdown
8-agent mixed,Sonnet,myth_game,10,unspecified,0.3529,after_letdown
8-agent mixed,Sonnet,myth_game,10,reduce,0.2824,after_letdown
