condition,condition_label,n_simulations,mean_trust_ratio,std_trust_ratio,mean_return_ratio,std_return_ratio,mean_final_balance,std_final_balance
game,Game Only,10,0.7645000000000001,0.07170948333379625,0.6297658730158731,0.09200498012321352,63.225,3.5854741666898113
game_myth,Game → Myth,9,0.7437777777777778,0.0797228222973932,0.6215637388086585,0.05976947345762444,62.18888888888888,3.986141114869658
myth_game,Myth → Game,9,0.7734444444444445,0.07244478527527193,0.6562256161806562,0.041439933191343814,63.67222222222222,3.622239263763593
