noise_condition,task_order,n,mean,median,std,min,max
no_noise,game,10,55.0,55.0,0.0,55.0,55.0
no_noise,game_myth,20,56.5,55.0,3.570714214271425,55.0,65.0
no_noise,myth_game,20,55.5,55.0,2.179449471770337,55.0,65.0
noise,game,10,35.4,35.25,3.7202150475476548,31.0,42.5
noise,game_myth,10,39.964999999999996,40.75,2.950597397138417,35.5,44.9
noise,myth_game,7,38.6,40.5,3.136080356113345,34.0,42.25
noise_informed,game,9,38.90888888888889,36.0,7.042235195107437,31.0,52.5
noise_informed,game_myth,10,40.1,39.5,4.789572005931219,33.5,48.5
noise_informed,myth_game,8,39.90625,40.25,4.5892835429400085,33.0,48.0
