condition,condition_label,n_simulations,mean_trust_ratio,std_trust_ratio,mean_return_ratio,std_return_ratio,mean_final_balance,std_final_balance
game_myth,Game → Myth,6,0.3444444444444444,0.20517983680688207,0.15,0.10671873729054747,63.333333333333336,15.388487760516156
myth_game,Myth → Game,5,0.09333333333333332,0.09043106644167025,0.04,0.08,44.5,6.782329983125268
