condition,condition_label,n_simulations,mean_trust_ratio,std_trust_ratio,mean_return_ratio,std_return_ratio,mean_final_balance,std_final_balance
game,Game Only,19,0.2736842105263158,0.33055313334049463,0.10333333333333333,0.20926214008953886,38.68421052631579,16.527656667024733
game_myth,Game → Myth,20,0.233,0.1702086954300514,0.08583333333333334,0.09097338845732529,36.65,8.51043477150257
myth_game,Myth → Game,20,0.32249999999999995,0.2154036907761796,0.19244444444444447,0.20409801566894276,41.125,10.77018453880898
