condition,condition_label,n_simulations,mean_trust_ratio,std_trust_ratio,mean_return_ratio,std_return_ratio,mean_final_balance,std_final_balance
game,Game Only,57,0.11718245614035089,0.12816767132516196,0.015163219818423725,0.02979149583250272,30.859122807017542,6.408383566258097
game_myth,Game → Myth,30,0.15726,0.10844304372956956,0.03359301297077669,0.0465901834052111,32.863,5.422152186478478
myth_game,Myth → Game,30,0.17742666666666665,0.11463361616714164,0.031505151893466504,0.04017694984414669,33.87133333333333,5.731680808357082
