noise_condition,task_order,n,mean,median,std,min,max
no_noise,game,9,27.77777777777778,25.0,5.1806858786110075,25.0,42.0
no_noise,game_myth,48,31.9375,30.0,7.638734215605794,25.0,65.0
no_noise,myth_game,48,36.541666666666664,32.0,11.998191414635048,25.0,71.0
noise,game,15,37.53333333333333,35.0,12.805554350445833,25.0,66.0
noise,game_myth,14,42.357142857142854,42.5,10.767723879772381,25.0,61.0
noise,myth_game,13,45.15384615384615,45.0,9.709996069445088,29.0,63.0
noise_informed,game,15,51.2,53.0,11.472866540959442,33.0,68.0
noise_informed,game_myth,15,50.266666666666666,48.0,9.469013793538492,32.0,66.0
noise_informed,myth_game,15,53.0,56.0,9.273618495495704,37.0,68.0
