dataset,setting,population,family,finding,effect,ci_low,ci_high,p,holm_p,n_runs,n_obs,status,note
september,"2-agent (all, pooled)",all 2-agent runs (pooled),pooled,H1 primary: same_label alignment -> send fraction (partners' latest myths before the game),0.0108607158162728,0.003114943511653,0.0186064881208925,0.0067163927353881,0.1880589965908677,66.0,578,suggestive,Holm over September's pooled 30-test family 0.1881; per SD of measure (raw sd 0.496); contributing runs 36
september,"2-agent (all, pooled)",all 2-agent runs (pooled),pooled,H1 primary: moral_cos alignment -> send fraction (partners' latest myths before the game),-0.0043620325599552,-0.0123391917423929,0.0036151266224825,0.2788355720647487,1.0,66.0,575,no detectable effect,Holm over September's pooled 30-test family 1.0000; per SD of measure (raw sd 0.095); contributing runs 41
september,"2-agent (all, pooled)",all 2-agent runs (pooled),pooled,H1 primary: rule_index alignment -> send fraction (partners' latest myths before the game),0.0087911936211586,-0.0043515459052126,0.02193393314753,0.1862445120101047,1.0,66.0,575,no detectable effect,Holm over September's pooled 30-test family 1.0000; per SD of measure (raw sd 0.265); contributing runs 41
september,"2-agent (all, pooled)",all 2-agent runs (pooled),pooled,H1 primary: give_align alignment -> send fraction (partners' latest myths before the game),0.0014651856407723,-0.0133863652355619,0.0163167365171067,0.844420084299009,1.0,66.0,578,no detectable effect,Holm over September's pooled 30-test family 1.0000; per SD of measure (raw sd 0.185); contributing runs 41
september,"2-agent (all, pooled)",all 2-agent runs (pooled),pooled,H1 primary: myth_cos alignment -> send fraction (partners' latest myths before the game),0.0052615839983227,-0.0097355690692575,0.0202587370659031,0.4860074267300379,1.0,66.0,578,no detectable effect,Holm over September's pooled 30-test family 1.0000; per SD of measure (raw sd 0.102); contributing runs 41
september,"2-agent (all, pooled)",all 2-agent runs (pooled),pooled,H1 primary: same_label alignment -> return proportion (partners' latest myths before the game),-0.0002431710412109,-0.0064343094440578,0.0059479673616358,0.9377173433848036,1.0,66.0,575,no detectable effect,Holm over September's pooled 30-test family 1.0000; per SD of measure (raw sd 0.496); contributing runs 61
september,"2-agent (all, pooled)",all 2-agent runs (pooled),pooled,H1 primary: moral_cos alignment -> return proportion (partners' latest myths before the game),-0.0018552357235191,-0.0073122339926938,0.0036017625456554,0.4995646903411115,1.0,66.0,572,no detectable effect,Holm over September's pooled 30-test family 1.0000; per SD of measure (raw sd 0.095); contributing runs 66
september,"2-agent (all, pooled)",all 2-agent runs (pooled),pooled,H1 primary: rule_index alignment -> return proportion (partners' latest myths before the game),-0.0051406989091544,-0.0176203098128315,0.0073389119945226,0.4136997921634001,1.0,66.0,572,no detectable effect,Holm over September's pooled 30-test family 1.0000; per SD of measure (raw sd 0.265); contributing runs 61
september,"2-agent (all, pooled)",all 2-agent runs (pooled),pooled,H1 primary: give_align alignment -> return proportion (partners' latest myths before the game),-0.0002926449322867,-0.0088006624754234,0.00821537261085,0.9454438458317048,1.0,66.0,575,no detectable effect,Holm over September's pooled 30-test family 1.0000; per SD of measure (raw sd 0.185); contributing runs 53
september,"2-agent (all, pooled)",all 2-agent runs (pooled),pooled,H1 primary: myth_cos alignment -> return proportion (partners' latest myths before the game),-0.0061125648352178,-0.0176725235073991,0.0054473938369634,0.2948649065900496,1.0,66.0,575,no detectable effect,Holm over September's pooled 30-test family 1.0000; per SD of measure (raw sd 0.102); contributing runs 66
september,"2-agent (all, pooled)",all 2-agent runs (pooled),pooled,H1 primary: same_label alignment -> giving gap (partners' latest myths before the game),0.0129413950102304,0.0048378474976833,0.0210449425227776,0.0021944322907159,0.0636385364307633,66.0,575,suggestive,"Holm over September's pooled 30-test family 0.0636; corr(gap, send) 0.88, corr(gap, return) 0.06; per SD of measure (raw sd 0.496); contributing runs 61"
september,"2-agent (all, pooled)",all 2-agent runs (pooled),pooled,H1 primary: moral_cos alignment -> giving gap (partners' latest myths before the game),-4.26611906844784e-05,-0.0080470010079092,0.0079616786265403,0.9915398717488056,1.0,66.0,572,no detectable effect,"Holm over September's pooled 30-test family 1.0000; corr(gap, send) 0.88, corr(gap, return) 0.06; per SD of measure (raw sd 0.095); contributing runs 66"
september,"2-agent (all, pooled)",all 2-agent runs (pooled),pooled,H1 primary: rule_index alignment -> giving gap (partners' latest myths before the game),0.0191783776225808,0.0076408831769505,0.030715872068211,0.0014799789262522,0.0443993677875681,66.0,572,yes,"Holm over September's pooled 30-test family 0.0444; with own send added +0.0089 (p 0.027); corr(gap, send) 0.88, corr(gap, return) 0.06; per SD of measure (raw sd 0.265); contributing runs 61"
september,"2-agent (all, pooled)",all 2-agent runs (pooled),pooled,H1 primary: give_align alignment -> giving gap (partners' latest myths before the game),0.0067185056338327,-0.0053966137670412,0.0188336250347066,0.2721492085457143,1.0,66.0,575,no detectable effect,"Holm over September's pooled 30-test family 1.0000; corr(gap, send) 0.88, corr(gap, return) 0.06; per SD of measure (raw sd 0.185); contributing runs 53"
september,"2-agent (all, pooled)",all 2-agent runs (pooled),pooled,H1 primary: myth_cos alignment -> giving gap (partners' latest myths before the game),0.0088708164484089,-0.0047691786117819,0.0225108115085999,0.198585825636911,1.0,66.0,575,no detectable effect,"Holm over September's pooled 30-test family 1.0000; corr(gap, send) 0.88, corr(gap, return) 0.06; per SD of measure (raw sd 0.102); contributing runs 66"
september,"8-agent (all, pooled)",all 8-agent runs (pooled),pooled,H1 primary: same_label alignment -> send fraction (partners' latest myths before the game),-0.0056975076109164,-0.0162672325187111,0.0048722172968781,0.2870376969006926,1.0,90.0,2833,no detectable effect,Holm over September's pooled 30-test family 1.0000; per SD of measure (raw sd 0.494); contributing runs 76
september,"8-agent (all, pooled)",all 8-agent runs (pooled),pooled,H1 primary: moral_cos alignment -> send fraction (partners' latest myths before the game),-0.0029249775989417,-0.0124194954565571,0.0065695402586737,0.5420132431846405,1.0,90.0,2809,no detectable effect,Holm over September's pooled 30-test family 1.0000; per SD of measure (raw sd 0.101); contributing runs 78
september,"8-agent (all, pooled)",all 8-agent runs (pooled),pooled,H1 primary: rule_index alignment -> send fraction (partners' latest myths before the game),-0.0133098876293463,-0.028047632981039,0.0014278577223462,0.0761332280988428,1.0,90.0,2818,no detectable effect,Holm over September's pooled 30-test family 1.0000; per SD of measure (raw sd 0.271); contributing runs 78
september,"8-agent (all, pooled)",all 8-agent runs (pooled),pooled,H1 primary: give_align alignment -> send fraction (partners' latest myths before the game),-0.0250743584512268,-0.0439186416482816,-0.006230075254172,0.0096859245746764,0.2615199635162631,90.0,2833,suggestive,Holm over September's pooled 30-test family 0.2615; per SD of measure (raw sd 0.197); contributing runs 77
september,"8-agent (all, pooled)",all 8-agent runs (pooled),pooled,H1 primary: myth_cos alignment -> send fraction (partners' latest myths before the game),0.005328238592024,-0.0070385884846757,0.0176950656687239,0.3942479432549173,1.0,90.0,2833,no detectable effect,Holm over September's pooled 30-test family 1.0000; per SD of measure (raw sd 0.101); contributing runs 78
september,"8-agent (all, pooled)",all 8-agent runs (pooled),pooled,H1 primary: same_label alignment -> return proportion (partners' latest myths before the game),-0.0009867821637844,-0.0049599119096477,0.0029863475820788,0.622879271445399,1.0,90.0,2626,no detectable effect,Holm over September's pooled 30-test family 1.0000; per SD of measure (raw sd 0.494); contributing runs 86
september,"8-agent (all, pooled)",all 8-agent runs (pooled),pooled,H1 primary: moral_cos alignment -> return proportion (partners' latest myths before the game),0.0014300288648799,-0.0019927091894354,0.0048527669191953,0.4086669054543329,1.0,90.0,2602,no detectable effect,Holm over September's pooled 30-test family 1.0000; per SD of measure (raw sd 0.101); contributing runs 89
september,"8-agent (all, pooled)",all 8-agent runs (pooled),pooled,H1 primary: rule_index alignment -> return proportion (partners' latest myths before the game),-0.0006755902705776,-0.0053880224300409,0.0040368418888857,0.7764131952559938,1.0,90.0,2614,no detectable effect,Holm over September's pooled 30-test family 1.0000; per SD of measure (raw sd 0.271); contributing runs 89
september,"8-agent (all, pooled)",all 8-agent runs (pooled),pooled,H1 primary: give_align alignment -> return proportion (partners' latest myths before the game),-0.0029987846569128,-0.008189119719858,0.0021915504060323,0.2540436284620366,1.0,90.0,2626,no detectable effect,Holm over September's pooled 30-test family 1.0000; per SD of measure (raw sd 0.197); contributing runs 84
september,"8-agent (all, pooled)",all 8-agent runs (pooled),pooled,H1 primary: myth_cos alignment -> return proportion (partners' latest myths before the game),-0.0011381875951714,-0.0063029040486799,0.0040265288583369,0.6625301758836994,1.0,90.0,2626,no detectable effect,Holm over September's pooled 30-test family 1.0000; per SD of measure (raw sd 0.101); contributing runs 89
september,"8-agent (all, pooled)",all 8-agent runs (pooled),pooled,H1 primary: same_label alignment -> giving gap (partners' latest myths before the game),-0.0024042527261999,-0.0085192956185426,0.0037107901661427,0.4367457791775986,1.0,90.0,2626,no detectable effect,"Holm over September's pooled 30-test family 1.0000; corr(gap, send) 0.90, corr(gap, return) -0.02; per SD of measure (raw sd 0.494); contributing runs 86"
september,"8-agent (all, pooled)",all 8-agent runs (pooled),pooled,H1 primary: moral_cos alignment -> giving gap (partners' latest myths before the game),0.0027643672728933,-0.0030109148865757,0.0085396494323623,0.3441409168440075,1.0,90.0,2602,no detectable effect,"Holm over September's pooled 30-test family 1.0000; corr(gap, send) 0.90, corr(gap, return) -0.02; per SD of measure (raw sd 0.101); contributing runs 89"
september,"8-agent (all, pooled)",all 8-agent runs (pooled),pooled,H1 primary: rule_index alignment -> giving gap (partners' latest myths before the game),-0.0060153191934282,-0.0152257581816908,0.0031951197948343,0.1977466237434787,1.0,90.0,2614,no detectable effect,"Holm over September's pooled 30-test family 1.0000; corr(gap, send) 0.90, corr(gap, return) -0.02; per SD of measure (raw sd 0.271); contributing runs 89"
september,"8-agent (all, pooled)",all 8-agent runs (pooled),pooled,H1 primary: give_align alignment -> giving gap (partners' latest myths before the game),-0.0115595003865767,-0.021121060914874,-0.0019979398582794,0.0183764299171225,0.4777871778451854,90.0,2626,suggestive,"Holm over September's pooled 30-test family 0.4778; corr(gap, send) 0.90, corr(gap, return) -0.02; per SD of measure (raw sd 0.197); contributing runs 84"
september,"8-agent (all, pooled)",all 8-agent runs (pooled),pooled,H1 primary: myth_cos alignment -> giving gap (partners' latest myths before the game),0.0031634498548525,-0.0051228144207641,0.0114497141304692,0.4501143167936445,1.0,90.0,2626,no detectable effect,"Holm over September's pooled 30-test family 1.0000; corr(gap, send) 0.90, corr(gap, return) -0.02; per SD of measure (raw sd 0.101); contributing runs 89"
september,2-agent homogeneous,GPT dyads,GPT,H1 primary: same_label alignment -> send fraction (partners' latest myths before the game),0.0688023549468535,-0.0212232734984619,0.1588279833921691,0.1178957270484186,,10.0,81,underpowered,per SD of measure (raw sd 0.437); contributing runs 5
september,2-agent homogeneous,GPT dyads,GPT,H1 primary: moral_cos alignment -> send fraction (partners' latest myths before the game),-0.0210537445726344,-0.0679017864449726,0.0257942972997038,0.3358811662870903,1.0,10.0,81,no detectable effect,per SD of measure (raw sd 0.071); contributing runs 9
september,2-agent homogeneous,GPT dyads,GPT,H1 primary: rule_index alignment -> send fraction (partners' latest myths before the game),0.0067677712688803,-0.0828777378687886,0.0964132804065494,0.8681736162206134,1.0,10.0,80,no detectable effect,per SD of measure (raw sd 0.270); contributing runs 9
september,2-agent homogeneous,GPT dyads,GPT,H1 primary: give_align alignment -> send fraction (partners' latest myths before the game),0.0102510600020995,-0.0742803995854549,0.094782519589654,0.7900238442723333,1.0,10.0,81,no detectable effect,per SD of measure (raw sd 0.167); contributing runs 9
september,2-agent homogeneous,GPT dyads,GPT,H1 primary: myth_cos alignment -> send fraction (partners' latest myths before the game),0.106337181421854,-0.0183450849501289,0.231019447793837,0.085766574460835,1.0,10.0,81,no detectable effect,per SD of measure (raw sd 0.062); contributing runs 9
september,2-agent homogeneous,GPT dyads,GPT,H1 primary: same_label alignment -> return proportion (partners' latest myths before the game),0.008501909883071,-0.067259342374407,0.0842631621405492,0.8053091113147256,,10.0,79,underpowered,per SD of measure (raw sd 0.437); contributing runs 6
september,2-agent homogeneous,GPT dyads,GPT,H1 primary: moral_cos alignment -> return proportion (partners' latest myths before the game),0.0013647739116264,-0.0284497993972679,0.0311793472205208,0.9197963209678486,1.0,10.0,79,no detectable effect,per SD of measure (raw sd 0.071); contributing runs 10
september,2-agent homogeneous,GPT dyads,GPT,H1 primary: rule_index alignment -> return proportion (partners' latest myths before the game),0.0016173383116956,-0.0260021036896294,0.0292367803130206,0.8975290096943167,1.0,10.0,78,no detectable effect,per SD of measure (raw sd 0.270); contributing runs 10
september,2-agent homogeneous,GPT dyads,GPT,H1 primary: give_align alignment -> return proportion (partners' latest myths before the game),-0.024935132583427,-0.0672932288086003,0.0174229636417463,0.2157075757474361,1.0,10.0,79,no detectable effect,per SD of measure (raw sd 0.167); contributing runs 9
september,2-agent homogeneous,GPT dyads,GPT,H1 primary: myth_cos alignment -> return proportion (partners' latest myths before the game),0.0080012215019708,-0.0301796075320965,0.0461820505360382,0.646746546956152,1.0,10.0,79,no detectable effect,per SD of measure (raw sd 0.062); contributing runs 10
september,2-agent homogeneous,GPT dyads,GPT,H1 primary: same_label alignment -> giving gap (partners' latest myths before the game),0.0081428084189096,-0.0752262252733693,0.0915118421111885,0.8300632633123884,,10.0,79,underpowered,"corr(gap, send) 0.92, corr(gap, return) 0.23; per SD of measure (raw sd 0.437); contributing runs 6"
september,2-agent homogeneous,GPT dyads,GPT,H1 primary: moral_cos alignment -> giving gap (partners' latest myths before the game),-0.0168907860952901,-0.067396890665518,0.0336153184749377,0.4686688795262472,1.0,10.0,79,no detectable effect,"corr(gap, send) 0.92, corr(gap, return) 0.23; per SD of measure (raw sd 0.071); contributing runs 10"
september,2-agent homogeneous,GPT dyads,GPT,H1 primary: rule_index alignment -> giving gap (partners' latest myths before the game),0.0350971946920544,-0.0177327927533126,0.0879271821374215,0.1671281148389853,1.0,10.0,78,no detectable effect,"corr(gap, send) 0.92, corr(gap, return) 0.23; per SD of measure (raw sd 0.270); contributing runs 10"
september,2-agent homogeneous,GPT dyads,GPT,H1 primary: give_align alignment -> giving gap (partners' latest myths before the game),0.0177323821710562,-0.071298962111139,0.1067637264532516,0.6629689031419332,1.0,10.0,79,no detectable effect,"corr(gap, send) 0.92, corr(gap, return) 0.23; per SD of measure (raw sd 0.167); contributing runs 9"
september,2-agent homogeneous,GPT dyads,GPT,H1 primary: myth_cos alignment -> giving gap (partners' latest myths before the game),0.0758194969197366,-0.0358391808013752,0.1874781746408485,0.1588958974619834,1.0,10.0,79,no detectable effect,"corr(gap, send) 0.92, corr(gap, return) 0.23; per SD of measure (raw sd 0.062); contributing runs 10"
september,2-agent homogeneous,Gemini dyads,Gemini,H1 primary: same_label alignment -> send fraction (partners' latest myths before the game),0.0,0.0,0.0,,,10.0,90,not estimable: ceiling,per SD of measure (raw sd 0.502); contributing runs 0; not estimable: ceiling (send locked within cells)
september,2-agent homogeneous,Gemini dyads,Gemini,H1 primary: moral_cos alignment -> send fraction (partners' latest myths before the game),0.0,0.0,0.0,,,10.0,90,not estimable: ceiling,per SD of measure (raw sd 0.082); contributing runs 0; not estimable: ceiling (send locked within cells)
september,2-agent homogeneous,Gemini dyads,Gemini,H1 primary: rule_index alignment -> send fraction (partners' latest myths before the game),0.0,0.0,0.0,,,10.0,90,not estimable: ceiling,per SD of measure (raw sd 0.112); contributing runs 0; not estimable: ceiling (send locked within cells)
september,2-agent homogeneous,Gemini dyads,Gemini,H1 primary: give_align alignment -> send fraction (partners' latest myths before the game),,,,,,10.0,95,not estimable: ceiling,per SD of measure (raw sd 0.000); contributing runs 0; not estimable: ceiling (send locked within cells)
september,2-agent homogeneous,Gemini dyads,Gemini,H1 primary: myth_cos alignment -> send fraction (partners' latest myths before the game),0.0,0.0,0.0,,,10.0,90,not estimable: ceiling,per SD of measure (raw sd 0.079); contributing runs 0; not estimable: ceiling (send locked within cells)
september,2-agent homogeneous,Gemini dyads,Gemini,H1 primary: same_label alignment -> return proportion (partners' latest myths before the game),-0.0013416117073372,-0.0097303033437813,0.0070470799291069,0.7258582278032016,1.0,10.0,90,no detectable effect,per SD of measure (raw sd 0.502); contributing runs 10
september,2-agent homogeneous,Gemini dyads,Gemini,H1 primary: moral_cos alignment -> return proportion (partners' latest myths before the game),-0.0018396555570124,-0.0121825265266377,0.0085032154126129,0.6968056736077296,1.0,10.0,90,no detectable effect,per SD of measure (raw sd 0.082); contributing runs 10
september,2-agent homogeneous,Gemini dyads,Gemini,H1 primary: rule_index alignment -> return proportion (partners' latest myths before the game),-0.0043530071087803,-0.0163619494545537,0.007655935236993,0.4334018517200162,,10.0,90,underpowered,per SD of measure (raw sd 0.112); contributing runs 7
september,2-agent homogeneous,Gemini dyads,Gemini,H1 primary: give_align alignment -> return proportion (partners' latest myths before the game),,,,,,10.0,95,not estimable: ceiling,per SD of measure (raw sd 0.000); contributing runs 0; not estimable: ceiling (measure give_align constant)
september,2-agent homogeneous,Gemini dyads,Gemini,H1 primary: myth_cos alignment -> return proportion (partners' latest myths before the game),-0.002281833294561,-0.0170107704010306,0.0124471038119084,0.7340580334582055,1.0,10.0,90,no detectable effect,per SD of measure (raw sd 0.079); contributing runs 10
september,2-agent homogeneous,Gemini dyads,Gemini,H1 primary: same_label alignment -> giving gap (partners' latest myths before the game),0.0013416117073372,-0.0070470799291069,0.0097303033437813,0.7258582278032023,,10.0,90,not estimable: ceiling,"per SD of measure (raw sd 0.502); contributing runs 10; not estimable: ceiling (send locked; gap = 1 - return, duplicates the return test)"
september,2-agent homogeneous,Gemini dyads,Gemini,H1 primary: moral_cos alignment -> giving gap (partners' latest myths before the game),0.0018396555570124,-0.0085032154126129,0.0121825265266377,0.6968056736077304,,10.0,90,not estimable: ceiling,"per SD of measure (raw sd 0.082); contributing runs 10; not estimable: ceiling (send locked; gap = 1 - return, duplicates the return test)"
september,2-agent homogeneous,Gemini dyads,Gemini,H1 primary: rule_index alignment -> giving gap (partners' latest myths before the game),0.0043530071087803,-0.007655935236993,0.0163619494545537,0.4334018517200171,,10.0,90,not estimable: ceiling,"per SD of measure (raw sd 0.112); contributing runs 7; not estimable: ceiling (send locked; gap = 1 - return, duplicates the return test)"
september,2-agent homogeneous,Gemini dyads,Gemini,H1 primary: give_align alignment -> giving gap (partners' latest myths before the game),,,,,,10.0,95,not estimable: ceiling,"per SD of measure (raw sd 0.000); contributing runs 0; not estimable: ceiling (send locked; gap = 1 - return, duplicates the return test)"
september,2-agent homogeneous,Gemini dyads,Gemini,H1 primary: myth_cos alignment -> giving gap (partners' latest myths before the game),0.002281833294561,-0.0124471038119084,0.0170107704010306,0.7340580334582063,,10.0,90,not estimable: ceiling,"per SD of measure (raw sd 0.079); contributing runs 10; not estimable: ceiling (send locked; gap = 1 - return, duplicates the return test)"
september,2-agent homogeneous,Sonnet dyads,Sonnet,H1 primary: same_label alignment -> send fraction (partners' latest myths before the game),0.004119996241445,-0.0048869298653974,0.0131269223482875,0.327779838381164,,10.0,90,underpowered,per SD of measure (raw sd 0.502); contributing runs 7
september,2-agent homogeneous,Sonnet dyads,Sonnet,H1 primary: moral_cos alignment -> send fraction (partners' latest myths before the game),0.0005747497590132,-0.0065371288170825,0.007686628335109,0.8589933244162715,,10.0,90,underpowered,per SD of measure (raw sd 0.110); contributing runs 7
september,2-agent homogeneous,Sonnet dyads,Sonnet,H1 primary: rule_index alignment -> send fraction (partners' latest myths before the game),0.0050700885348211,-0.002478796478259,0.0126189735479013,0.1629950106346542,,10.0,90,underpowered,per SD of measure (raw sd 0.234); contributing runs 7
september,2-agent homogeneous,Sonnet dyads,Sonnet,H1 primary: give_align alignment -> send fraction (partners' latest myths before the game),-0.0013876043636386,-0.0122173647048156,0.0094421559775383,0.7784997694617297,,10.0,90,underpowered,per SD of measure (raw sd 0.100); contributing runs 7
september,2-agent homogeneous,Sonnet dyads,Sonnet,H1 primary: myth_cos alignment -> send fraction (partners' latest myths before the game),-0.0049279141435158,-0.0166053955520739,0.0067495672650423,0.3646989070109041,,10.0,90,underpowered,per SD of measure (raw sd 0.064); contributing runs 7
september,2-agent homogeneous,Sonnet dyads,Sonnet,H1 primary: same_label alignment -> return proportion (partners' latest myths before the game),0.0054854051161,-0.0065525275752268,0.0175233378074269,0.3295333855936629,1.0,10.0,90,no detectable effect,per SD of measure (raw sd 0.502); contributing runs 10
september,2-agent homogeneous,Sonnet dyads,Sonnet,H1 primary: moral_cos alignment -> return proportion (partners' latest myths before the game),0.0031260366258506,-0.0134894877429731,0.0197415609946745,0.680394856272545,1.0,10.0,90,no detectable effect,per SD of measure (raw sd 0.110); contributing runs 10
september,2-agent homogeneous,Sonnet dyads,Sonnet,H1 primary: rule_index alignment -> return proportion (partners' latest myths before the game),-0.0101884529925157,-0.0265648430119818,0.0061879370269503,0.1928987568084827,1.0,10.0,90,no detectable effect,per SD of measure (raw sd 0.234); contributing runs 10
september,2-agent homogeneous,Sonnet dyads,Sonnet,H1 primary: give_align alignment -> return proportion (partners' latest myths before the game),-0.0104104649082707,-0.0349870869517972,0.0141661571352557,0.3629777542341476,1.0,10.0,90,no detectable effect,per SD of measure (raw sd 0.100); contributing runs 10
september,2-agent homogeneous,Sonnet dyads,Sonnet,H1 primary: myth_cos alignment -> return proportion (partners' latest myths before the game),-0.0015480985519617,-0.034830180148834,0.0317339830449105,0.9185066271014884,1.0,10.0,90,no detectable effect,per SD of measure (raw sd 0.064); contributing runs 10
september,2-agent homogeneous,Sonnet dyads,Sonnet,H1 primary: same_label alignment -> giving gap (partners' latest myths before the game),-0.0011873454240507,-0.0158605081085579,0.0134858172604565,0.8588139846216877,1.0,10.0,90,no detectable effect,"corr(gap, send) 0.71, corr(gap, return) -0.27; per SD of measure (raw sd 0.502); contributing runs 10"
september,2-agent homogeneous,Sonnet dyads,Sonnet,H1 primary: moral_cos alignment -> giving gap (partners' latest myths before the game),-0.0039017583735862,-0.0204959810991257,0.0126924643519533,0.6076759453917677,1.0,10.0,90,no detectable effect,"corr(gap, send) 0.71, corr(gap, return) -0.27; per SD of measure (raw sd 0.110); contributing runs 10"
september,2-agent homogeneous,Sonnet dyads,Sonnet,H1 primary: rule_index alignment -> giving gap (partners' latest myths before the game),0.01369325286993,-0.0018184235941073,0.0292049293339673,0.0769281682143478,0.7692816821434783,10.0,90,no detectable effect,"corr(gap, send) 0.71, corr(gap, return) -0.27; per SD of measure (raw sd 0.234); contributing runs 10"
september,2-agent homogeneous,Sonnet dyads,Sonnet,H1 primary: give_align alignment -> giving gap (partners' latest myths before the game),0.0082044724518001,-0.0152766956374973,0.0316856405410977,0.4496116033228616,1.0,10.0,90,no detectable effect,"corr(gap, send) 0.71, corr(gap, return) -0.27; per SD of measure (raw sd 0.100); contributing runs 10"
september,2-agent homogeneous,Sonnet dyads,Sonnet,H1 primary: myth_cos alignment -> giving gap (partners' latest myths before the game),-0.004459453900996,-0.0383554136315136,0.0294365058295214,0.7727516264954658,1.0,10.0,90,no detectable effect,"corr(gap, send) 0.71, corr(gap, return) -0.27; per SD of measure (raw sd 0.064); contributing runs 10"
september,2-agent mixed,Gemini+GPT dyads,mixed,H1 primary: same_label alignment -> send fraction (partners' latest myths before the game),0.0180110094170798,0.00279141404786,0.0332306047862995,0.0244893704113002,,12.0,105,underpowered,per SD of measure (raw sd 0.502); contributing runs 7
september,2-agent mixed,Gemini+GPT dyads,mixed,H1 primary: moral_cos alignment -> send fraction (partners' latest myths before the game),-0.0116917287990883,-0.0252665041370731,0.0018830465388964,0.0845674463061224,,12.0,104,underpowered,per SD of measure (raw sd 0.082); contributing runs 7
september,2-agent mixed,Gemini+GPT dyads,mixed,H1 primary: rule_index alignment -> send fraction (partners' latest myths before the game),0.0110043258483344,-0.0219437261150024,0.0439523778116713,0.4776544488487817,,12.0,104,underpowered,per SD of measure (raw sd 0.273); contributing runs 7
september,2-agent mixed,Gemini+GPT dyads,mixed,H1 primary: give_align alignment -> send fraction (partners' latest myths before the game),0.0022952108058679,-0.0053376372988806,0.0099280589106165,0.5216970021117061,,12.0,105,underpowered,per SD of measure (raw sd 0.256); contributing runs 7
september,2-agent mixed,Gemini+GPT dyads,mixed,H1 primary: myth_cos alignment -> send fraction (partners' latest myths before the game),-0.0140760285348567,-0.0564096458280711,0.0282575887583577,0.4795723346155682,,12.0,105,underpowered,per SD of measure (raw sd 0.089); contributing runs 7
september,2-agent mixed,Gemini+GPT dyads,mixed,H1 primary: same_label alignment -> return proportion (partners' latest myths before the game),-0.0002605349626759,-0.0104012706374933,0.0098802007121414,0.9559197095070424,1.0,12.0,105,no detectable effect,per SD of measure (raw sd 0.502); contributing runs 12
september,2-agent mixed,Gemini+GPT dyads,mixed,H1 primary: moral_cos alignment -> return proportion (partners' latest myths before the game),-0.0076999921416714,-0.0187758230711962,0.0033758387878534,0.1542178078317483,1.0,12.0,104,no detectable effect,per SD of measure (raw sd 0.082); contributing runs 12
september,2-agent mixed,Gemini+GPT dyads,mixed,H1 primary: rule_index alignment -> return proportion (partners' latest myths before the game),0.0023979052900442,-0.0182162088202121,0.0230120194003006,0.8026553188189337,1.0,12.0,104,no detectable effect,per SD of measure (raw sd 0.273); contributing runs 12
september,2-agent mixed,Gemini+GPT dyads,mixed,H1 primary: give_align alignment -> return proportion (partners' latest myths before the game),0.0004778757038585,-0.0032252745450817,0.0041810259527989,0.7816642375440885,1.0,12.0,105,no detectable effect,per SD of measure (raw sd 0.256); contributing runs 12
september,2-agent mixed,Gemini+GPT dyads,mixed,H1 primary: myth_cos alignment -> return proportion (partners' latest myths before the game),0.0027686561778672,-0.0097299238012593,0.0152672361569937,0.635435186573654,1.0,12.0,105,no detectable effect,per SD of measure (raw sd 0.089); contributing runs 12
september,2-agent mixed,Gemini+GPT dyads,mixed,H1 primary: same_label alignment -> giving gap (partners' latest myths before the game),0.0176289788081142,-0.0031465118645209,0.0384044694807494,0.0886660432477154,0.8866604324771549,12.0,105,no detectable effect,"corr(gap, send) 0.91, corr(gap, return) -0.01; per SD of measure (raw sd 0.502); contributing runs 12"
september,2-agent mixed,Gemini+GPT dyads,mixed,H1 primary: moral_cos alignment -> giving gap (partners' latest myths before the game),-0.0033309518513987,-0.0227934205978153,0.0161315168950178,0.7135670144417785,1.0,12.0,104,no detectable effect,"corr(gap, send) 0.91, corr(gap, return) -0.01; per SD of measure (raw sd 0.082); contributing runs 12"
september,2-agent mixed,Gemini+GPT dyads,mixed,H1 primary: rule_index alignment -> giving gap (partners' latest myths before the game),0.0084308567287861,-0.0345031161299594,0.0513648295875318,0.6739444841416742,1.0,12.0,104,no detectable effect,"corr(gap, send) 0.91, corr(gap, return) -0.01; per SD of measure (raw sd 0.273); contributing runs 12"
september,2-agent mixed,Gemini+GPT dyads,mixed,H1 primary: give_align alignment -> giving gap (partners' latest myths before the game),0.001464616387488,-0.0082180455425214,0.0111472783174976,0.7454498813444331,1.0,12.0,105,no detectable effect,"corr(gap, send) 0.91, corr(gap, return) -0.01; per SD of measure (raw sd 0.256); contributing runs 12"
september,2-agent mixed,Gemini+GPT dyads,mixed,H1 primary: myth_cos alignment -> giving gap (partners' latest myths before the game),-0.0189988592766069,-0.0538259225941528,0.0158282040409388,0.2550923307914192,1.0,12.0,105,no detectable effect,"corr(gap, send) 0.91, corr(gap, return) -0.01; per SD of measure (raw sd 0.089); contributing runs 12"
september,2-agent mixed,Sonnet+GPT dyads,mixed,H1 primary: same_label alignment -> send fraction (partners' latest myths before the game),0.0257557487249592,-0.0074478881617626,0.0589593856116811,0.1158024851547618,1.0,12.0,104,no detectable effect,per SD of measure (raw sd 0.487); contributing runs 10
september,2-agent mixed,Sonnet+GPT dyads,mixed,H1 primary: moral_cos alignment -> send fraction (partners' latest myths before the game),-0.0114256927833322,-0.0523429801854221,0.0294915946187576,0.5513195536374667,1.0,12.0,102,no detectable effect,per SD of measure (raw sd 0.103); contributing runs 11
september,2-agent mixed,Sonnet+GPT dyads,mixed,H1 primary: rule_index alignment -> send fraction (partners' latest myths before the game),0.0183322384348122,-0.0195652301162791,0.0562297069859037,0.3098299862922551,1.0,12.0,103,no detectable effect,per SD of measure (raw sd 0.258); contributing runs 11
september,2-agent mixed,Sonnet+GPT dyads,mixed,H1 primary: give_align alignment -> send fraction (partners' latest myths before the game),-0.0206856432630048,-0.0627321183411961,0.0213608318151864,0.3020530075860386,1.0,12.0,104,no detectable effect,per SD of measure (raw sd 0.186); contributing runs 11
september,2-agent mixed,Sonnet+GPT dyads,mixed,H1 primary: myth_cos alignment -> send fraction (partners' latest myths before the game),0.0043554087917191,-0.032654063823288,0.0413648814067263,0.8004030264677583,1.0,12.0,104,no detectable effect,per SD of measure (raw sd 0.075); contributing runs 11
september,2-agent mixed,Sonnet+GPT dyads,mixed,H1 primary: same_label alignment -> return proportion (partners' latest myths before the game),0.0244641145975903,-0.016722678592473,0.0656509077876537,0.217763460599059,1.0,12.0,103,no detectable effect,per SD of measure (raw sd 0.487); contributing runs 11
september,2-agent mixed,Sonnet+GPT dyads,mixed,H1 primary: moral_cos alignment -> return proportion (partners' latest myths before the game),0.0115692511199724,-0.0193963505425732,0.0425348527825182,0.4283581721770944,1.0,12.0,101,no detectable effect,per SD of measure (raw sd 0.103); contributing runs 12
september,2-agent mixed,Sonnet+GPT dyads,mixed,H1 primary: rule_index alignment -> return proportion (partners' latest myths before the game),-0.0121182874056201,-0.0619201639598047,0.0376835891485644,0.6029186062524361,1.0,12.0,102,no detectable effect,per SD of measure (raw sd 0.258); contributing runs 12
september,2-agent mixed,Sonnet+GPT dyads,mixed,H1 primary: give_align alignment -> return proportion (partners' latest myths before the game),0.0259758300137945,-0.018676239182007,0.0706278992095962,0.2267456690453533,1.0,12.0,103,no detectable effect,per SD of measure (raw sd 0.186); contributing runs 12
september,2-agent mixed,Sonnet+GPT dyads,mixed,H1 primary: myth_cos alignment -> return proportion (partners' latest myths before the game),0.0001859183609286,-0.0310005249514662,0.0313723616733236,0.9897660533160578,1.0,12.0,103,no detectable effect,per SD of measure (raw sd 0.075); contributing runs 12
september,2-agent mixed,Sonnet+GPT dyads,mixed,H1 primary: same_label alignment -> giving gap (partners' latest myths before the game),0.0336911730734127,-0.0008452412652045,0.0682275874120301,0.0549214795246608,0.8238221928699127,12.0,103,no detectable effect,"corr(gap, send) 0.80, corr(gap, return) 0.12; per SD of measure (raw sd 0.487); contributing runs 11"
september,2-agent mixed,Sonnet+GPT dyads,mixed,H1 primary: moral_cos alignment -> giving gap (partners' latest myths before the game),-0.0026795086827179,-0.0457834413687319,0.040424424003296,0.8936437175806957,1.0,12.0,101,no detectable effect,"corr(gap, send) 0.80, corr(gap, return) 0.12; per SD of measure (raw sd 0.103); contributing runs 12"
september,2-agent mixed,Sonnet+GPT dyads,mixed,H1 primary: rule_index alignment -> giving gap (partners' latest myths before the game),0.0211855400217721,-0.0234399012103004,0.0658109812538447,0.3184887467815267,1.0,12.0,102,no detectable effect,"corr(gap, send) 0.80, corr(gap, return) 0.12; per SD of measure (raw sd 0.258); contributing runs 12"
september,2-agent mixed,Sonnet+GPT dyads,mixed,H1 primary: give_align alignment -> giving gap (partners' latest myths before the game),-0.0225842113016609,-0.0576105523681153,0.0124421297647934,0.1835660329520919,1.0,12.0,103,no detectable effect,"corr(gap, send) 0.80, corr(gap, return) 0.12; per SD of measure (raw sd 0.186); contributing runs 12"
september,2-agent mixed,Sonnet+GPT dyads,mixed,H1 primary: myth_cos alignment -> giving gap (partners' latest myths before the game),0.0046909364258391,-0.0286941001570703,0.0380759730087485,0.7629022520734396,1.0,12.0,103,no detectable effect,"corr(gap, send) 0.80, corr(gap, return) 0.12; per SD of measure (raw sd 0.075); contributing runs 12"
september,2-agent mixed,Sonnet+Gemini dyads,mixed,H1 primary: same_label alignment -> send fraction (partners' latest myths before the game),-0.0006696436895999,-0.0094568035858707,0.0081175162066708,0.8698391741877741,,12.0,108,underpowered,per SD of measure (raw sd 0.499); contributing runs 7
september,2-agent mixed,Sonnet+Gemini dyads,mixed,H1 primary: moral_cos alignment -> send fraction (partners' latest myths before the game),-0.003557955418083,-0.0154215087133363,0.0083055978771701,0.5227778852720835,,12.0,108,underpowered,per SD of measure (raw sd 0.097); contributing runs 7
september,2-agent mixed,Sonnet+Gemini dyads,mixed,H1 primary: rule_index alignment -> send fraction (partners' latest myths before the game),0.021084191949047,-0.0072767273826714,0.0494451112807654,0.1300472511936567,,12.0,108,underpowered,per SD of measure (raw sd 0.213); contributing runs 7
september,2-agent mixed,Sonnet+Gemini dyads,mixed,H1 primary: give_align alignment -> send fraction (partners' latest myths before the game),-0.001358704123221,-0.0217169486459841,0.018999540399542,0.8858739669715571,,12.0,108,underpowered,per SD of measure (raw sd 0.108); contributing runs 7
september,2-agent mixed,Sonnet+Gemini dyads,mixed,H1 primary: myth_cos alignment -> send fraction (partners' latest myths before the game),-0.0058417693946524,-0.0190246833440478,0.0073411445547429,0.3503594508411974,,12.0,108,underpowered,per SD of measure (raw sd 0.108); contributing runs 7
september,2-agent mixed,Sonnet+Gemini dyads,mixed,H1 primary: same_label alignment -> return proportion (partners' latest myths before the game),-0.0086504522543639,-0.017028495409434,-0.0002724090992937,0.0441096541641919,0.3969868874777273,12.0,108,suggestive,per SD of measure (raw sd 0.499); contributing runs 12
september,2-agent mixed,Sonnet+Gemini dyads,mixed,H1 primary: moral_cos alignment -> return proportion (partners' latest myths before the game),-0.0073577081736488,-0.0155197741593279,0.0008043578120303,0.0727597409796093,0.5820779278368744,12.0,108,no detectable effect,per SD of measure (raw sd 0.097); contributing runs 12
september,2-agent mixed,Sonnet+Gemini dyads,mixed,H1 primary: rule_index alignment -> return proportion (partners' latest myths before the game),-0.0037383282259915,-0.0187636648701883,0.0112870084182051,0.5948972583982934,1.0,12.0,108,no detectable effect,per SD of measure (raw sd 0.213); contributing runs 10
september,2-agent mixed,Sonnet+Gemini dyads,mixed,H1 primary: give_align alignment -> return proportion (partners' latest myths before the game),-0.008002259047017,-0.0227454736082469,0.0067409555142129,0.2573503871293911,1.0,12.0,108,no detectable effect,per SD of measure (raw sd 0.108); contributing runs 10
september,2-agent mixed,Sonnet+Gemini dyads,mixed,H1 primary: myth_cos alignment -> return proportion (partners' latest myths before the game),-0.0144784013418676,-0.0339323004161408,0.0049754977324056,0.1296679714294213,0.8114766543850928,12.0,108,no detectable effect,per SD of measure (raw sd 0.108); contributing runs 12
september,2-agent mixed,Sonnet+Gemini dyads,mixed,H1 primary: same_label alignment -> giving gap (partners' latest myths before the game),0.007980808564764,-0.0023117265084114,0.0182733436379395,0.1159252363407275,0.8114766543850928,12.0,108,no detectable effect,"corr(gap, send) 0.64, corr(gap, return) -0.64; per SD of measure (raw sd 0.499); contributing runs 12"
september,2-agent mixed,Sonnet+Gemini dyads,mixed,H1 primary: moral_cos alignment -> giving gap (partners' latest myths before the game),0.0037997527555657,-0.0046043578072195,0.0122038633183509,0.3410588716278234,1.0,12.0,108,no detectable effect,"corr(gap, send) 0.64, corr(gap, return) -0.64; per SD of measure (raw sd 0.097); contributing runs 12"
september,2-agent mixed,Sonnet+Gemini dyads,mixed,H1 primary: rule_index alignment -> giving gap (partners' latest myths before the game),0.0248225201750385,0.006599461281975,0.0430455790681021,0.0121215903524444,0.1212159035244442,12.0,108,suggestive,"corr(gap, send) 0.64, corr(gap, return) -0.64; per SD of measure (raw sd 0.213); contributing runs 10"
september,2-agent mixed,Sonnet+Gemini dyads,mixed,H1 primary: give_align alignment -> giving gap (partners' latest myths before the game),0.0066435549237959,-0.0131687216410125,0.0264558314886044,0.475937635342987,1.0,12.0,108,no detectable effect,"corr(gap, send) 0.64, corr(gap, return) -0.64; per SD of measure (raw sd 0.108); contributing runs 10"
september,2-agent mixed,Sonnet+Gemini dyads,mixed,H1 primary: myth_cos alignment -> giving gap (partners' latest myths before the game),0.0086366319472151,-0.0105672988849299,0.0278405627793602,0.3435193797494057,1.0,12.0,108,no detectable effect,"corr(gap, send) 0.64, corr(gap, return) -0.64; per SD of measure (raw sd 0.108); contributing runs 12"
september,8-agent homogeneous,8 GPT,GPT,H1 primary: same_label alignment -> send fraction (partners' latest myths before the game),-0.0455275357488786,-0.2380931571535088,0.1470380856557515,0.6057246938486105,1.0,10.0,204,no detectable effect,per SD of measure (raw sd 0.473); contributing runs 10
september,8-agent homogeneous,8 GPT,GPT,H1 primary: moral_cos alignment -> send fraction (partners' latest myths before the game),-0.009651499162538,-0.0702902236451631,0.050987225320087,0.727111460030596,1.0,10.0,203,no detectable effect,per SD of measure (raw sd 0.089); contributing runs 10
september,8-agent homogeneous,8 GPT,GPT,H1 primary: rule_index alignment -> send fraction (partners' latest myths before the game),-0.0304880733555225,-0.1179269028987106,0.0569507561876655,0.4505254582868041,1.0,10.0,202,no detectable effect,per SD of measure (raw sd 0.257); contributing runs 10
september,8-agent homogeneous,8 GPT,GPT,H1 primary: give_align alignment -> send fraction (partners' latest myths before the game),-0.0238767348603298,-0.1302101892976154,0.0824567195769557,0.6236976529069331,1.0,10.0,204,no detectable effect,per SD of measure (raw sd 0.160); contributing runs 10
september,8-agent homogeneous,8 GPT,GPT,H1 primary: myth_cos alignment -> send fraction (partners' latest myths before the game),0.0255457486920441,-0.0755278416927787,0.126619339076867,0.5814898270569411,1.0,10.0,204,no detectable effect,per SD of measure (raw sd 0.050); contributing runs 10
september,8-agent homogeneous,8 GPT,GPT,H1 primary: same_label alignment -> return proportion (partners' latest myths before the game),0.0211506190159424,-0.0685982739277261,0.110899511959611,0.6068688146012791,,10.0,121,underpowered,per SD of measure (raw sd 0.473); contributing runs 7
september,8-agent homogeneous,8 GPT,GPT,H1 primary: moral_cos alignment -> return proportion (partners' latest myths before the game),-0.003462036930572,-0.0355282854226292,0.0286042115614851,0.8125263293379712,1.0,10.0,120,no detectable effect,per SD of measure (raw sd 0.089); contributing runs 9
september,8-agent homogeneous,8 GPT,GPT,H1 primary: rule_index alignment -> return proportion (partners' latest myths before the game),-0.0168682068437112,-0.0419268728695745,0.008190459182152,0.1621479541744711,1.0,10.0,120,no detectable effect,per SD of measure (raw sd 0.257); contributing runs 9
september,8-agent homogeneous,8 GPT,GPT,H1 primary: give_align alignment -> return proportion (partners' latest myths before the game),-0.0132343479617307,-0.084942723509226,0.0584740275857645,0.6860970488838639,1.0,10.0,121,no detectable effect,per SD of measure (raw sd 0.160); contributing runs 9
september,8-agent homogeneous,8 GPT,GPT,H1 primary: myth_cos alignment -> return proportion (partners' latest myths before the game),-0.0201150204334168,-0.0850684659608465,0.0448384250940129,0.5012898113885357,1.0,10.0,121,no detectable effect,per SD of measure (raw sd 0.050); contributing runs 9
september,8-agent homogeneous,8 GPT,GPT,H1 primary: same_label alignment -> giving gap (partners' latest myths before the game),-0.0886290693939399,-0.211739020771722,0.034480881983842,0.1378453389097871,,10.0,121,underpowered,"corr(gap, send) 0.91, corr(gap, return) -0.03; per SD of measure (raw sd 0.473); contributing runs 7"
september,8-agent homogeneous,8 GPT,GPT,H1 primary: moral_cos alignment -> giving gap (partners' latest myths before the game),0.0088934207696077,-0.0571587216349661,0.0749455631741817,0.7676096631740276,1.0,10.0,120,no detectable effect,"corr(gap, send) 0.91, corr(gap, return) -0.03; per SD of measure (raw sd 0.089); contributing runs 9"
september,8-agent homogeneous,8 GPT,GPT,H1 primary: rule_index alignment -> giving gap (partners' latest myths before the game),-0.021647437574838,-0.1117185855641249,0.0684237104144488,0.599867917844891,1.0,10.0,120,no detectable effect,"corr(gap, send) 0.91, corr(gap, return) -0.03; per SD of measure (raw sd 0.257); contributing runs 9"
september,8-agent homogeneous,8 GPT,GPT,H1 primary: give_align alignment -> giving gap (partners' latest myths before the game),0.0059551284261945,-0.1114462745710638,0.1233565314234529,0.911165028588054,1.0,10.0,121,no detectable effect,"corr(gap, send) 0.91, corr(gap, return) -0.03; per SD of measure (raw sd 0.160); contributing runs 9"
september,8-agent homogeneous,8 GPT,GPT,H1 primary: myth_cos alignment -> giving gap (partners' latest myths before the game),0.053585328865086,-0.0916385664685856,0.1988092241987577,0.4254875078182571,1.0,10.0,121,no detectable effect,"corr(gap, send) 0.91, corr(gap, return) -0.03; per SD of measure (raw sd 0.050); contributing runs 9"
september,8-agent homogeneous,8 Gemini,Gemini,H1 primary: same_label alignment -> send fraction (partners' latest myths before the game),0.0,0.0,0.0,,,10.0,360,not estimable: ceiling,per SD of measure (raw sd 0.499); contributing runs 0; not estimable: ceiling (send locked within cells)
september,8-agent homogeneous,8 Gemini,Gemini,H1 primary: moral_cos alignment -> send fraction (partners' latest myths before the game),0.0,0.0,0.0,,,10.0,356,not estimable: ceiling,per SD of measure (raw sd 0.090); contributing runs 0; not estimable: ceiling (send locked within cells)
september,8-agent homogeneous,8 Gemini,Gemini,H1 primary: rule_index alignment -> send fraction (partners' latest myths before the game),0.0,0.0,0.0,,,10.0,360,not estimable: ceiling,per SD of measure (raw sd 0.105); contributing runs 0; not estimable: ceiling (send locked within cells)
september,8-agent homogeneous,8 Gemini,Gemini,H1 primary: give_align alignment -> send fraction (partners' latest myths before the game),0.0,0.0,0.0,,,10.0,360,not estimable: ceiling,per SD of measure (raw sd 0.025); contributing runs 0; not estimable: ceiling (send locked within cells)
september,8-agent homogeneous,8 Gemini,Gemini,H1 primary: myth_cos alignment -> send fraction (partners' latest myths before the game),0.0,0.0,0.0,,,10.0,360,not estimable: ceiling,per SD of measure (raw sd 0.086); contributing runs 0; not estimable: ceiling (send locked within cells)
september,8-agent homogeneous,8 Gemini,Gemini,H1 primary: same_label alignment -> return proportion (partners' latest myths before the game),-0.0013969877038616,-0.0045045122081889,0.0017105368004656,0.3357333560265044,1.0,10.0,360,no detectable effect,per SD of measure (raw sd 0.499); contributing runs 10
september,8-agent homogeneous,8 Gemini,Gemini,H1 primary: moral_cos alignment -> return proportion (partners' latest myths before the game),-0.00021419230188,-0.0052975267313896,0.0048691421276296,0.9261502986680914,1.0,10.0,356,no detectable effect,per SD of measure (raw sd 0.090); contributing runs 10
september,8-agent homogeneous,8 Gemini,Gemini,H1 primary: rule_index alignment -> return proportion (partners' latest myths before the game),0.0013390239985496,-0.004919747484196,0.0075977954812953,0.6399629307811411,1.0,10.0,360,no detectable effect,per SD of measure (raw sd 0.105); contributing runs 10
september,8-agent homogeneous,8 Gemini,Gemini,H1 primary: give_align alignment -> return proportion (partners' latest myths before the game),-0.0026077556780095,-0.0039565995219122,-0.0012589118341068,0.0017879842067037,,10.0,360,underpowered,per SD of measure (raw sd 0.025); contributing runs 5
september,8-agent homogeneous,8 Gemini,Gemini,H1 primary: myth_cos alignment -> return proportion (partners' latest myths before the game),0.0003611832934745,-0.0062428029836269,0.006965169570576,0.9042550183091682,1.0,10.0,360,no detectable effect,per SD of measure (raw sd 0.086); contributing runs 10
september,8-agent homogeneous,8 Gemini,Gemini,H1 primary: same_label alignment -> giving gap (partners' latest myths before the game),0.0013969877038616,-0.0017105368004656,0.0045045122081889,0.3357333560265053,,10.0,360,not estimable: ceiling,"per SD of measure (raw sd 0.499); contributing runs 10; not estimable: ceiling (send locked; gap = 1 - return, duplicates the return test)"
september,8-agent homogeneous,8 Gemini,Gemini,H1 primary: moral_cos alignment -> giving gap (partners' latest myths before the game),0.00021419230188,-0.0048691421276296,0.0052975267313896,0.9261502986680916,,10.0,356,not estimable: ceiling,"per SD of measure (raw sd 0.090); contributing runs 10; not estimable: ceiling (send locked; gap = 1 - return, duplicates the return test)"
september,8-agent homogeneous,8 Gemini,Gemini,H1 primary: rule_index alignment -> giving gap (partners' latest myths before the game),-0.0013390239985496,-0.0075977954812953,0.004919747484196,0.63996293078114,,10.0,360,not estimable: ceiling,"per SD of measure (raw sd 0.105); contributing runs 10; not estimable: ceiling (send locked; gap = 1 - return, duplicates the return test)"
september,8-agent homogeneous,8 Gemini,Gemini,H1 primary: give_align alignment -> giving gap (partners' latest myths before the game),0.0026077556780095,0.0012589118341068,0.0039565995219122,0.0017879842067037,,10.0,360,not estimable: ceiling,"per SD of measure (raw sd 0.025); contributing runs 5; not estimable: ceiling (send locked; gap = 1 - return, duplicates the return test)"
september,8-agent homogeneous,8 Gemini,Gemini,H1 primary: myth_cos alignment -> giving gap (partners' latest myths before the game),-0.0003611832934745,-0.006965169570576,0.0062428029836269,0.9042550183091684,,10.0,360,not estimable: ceiling,"per SD of measure (raw sd 0.086); contributing runs 10; not estimable: ceiling (send locked; gap = 1 - return, duplicates the return test)"
september,8-agent homogeneous,8 Sonnet,Sonnet,H1 primary: same_label alignment -> send fraction (partners' latest myths before the game),0.0002289594527114,-0.0108762685337187,0.0113341874391416,0.963819066797017,1.0,10.0,360,no detectable effect,per SD of measure (raw sd 0.499); contributing runs 10
september,8-agent homogeneous,8 Sonnet,Sonnet,H1 primary: moral_cos alignment -> send fraction (partners' latest myths before the game),0.0020842243348093,-0.0066505816796493,0.0108190303492681,0.6024484423032108,1.0,10.0,356,no detectable effect,per SD of measure (raw sd 0.103); contributing runs 10
september,8-agent homogeneous,8 Sonnet,Sonnet,H1 primary: rule_index alignment -> send fraction (partners' latest myths before the game),-0.0045511337224619,-0.0148616313275537,0.0057593638826299,0.3441088186109647,1.0,10.0,360,no detectable effect,per SD of measure (raw sd 0.247); contributing runs 10
september,8-agent homogeneous,8 Sonnet,Sonnet,H1 primary: give_align alignment -> send fraction (partners' latest myths before the game),-0.0030101411435421,-0.0163071937385684,0.0102869114514842,0.6209104109731227,1.0,10.0,360,no detectable effect,per SD of measure (raw sd 0.115); contributing runs 10
september,8-agent homogeneous,8 Sonnet,Sonnet,H1 primary: myth_cos alignment -> send fraction (partners' latest myths before the game),-0.0001455039606368,-0.006509049365865,0.0062180414445914,0.9598778567216604,1.0,10.0,360,no detectable effect,per SD of measure (raw sd 0.085); contributing runs 10
september,8-agent homogeneous,8 Sonnet,Sonnet,H1 primary: same_label alignment -> return proportion (partners' latest myths before the game),-0.0008115385873982,-0.0134127677810454,0.011789690606249,0.8873796860918624,1.0,10.0,360,no detectable effect,per SD of measure (raw sd 0.499); contributing runs 10
september,8-agent homogeneous,8 Sonnet,Sonnet,H1 primary: moral_cos alignment -> return proportion (partners' latest myths before the game),0.0084454229425848,-0.0015137449708457,0.0184045908560155,0.0872910284170682,1.0,10.0,356,no detectable effect,per SD of measure (raw sd 0.103); contributing runs 10
september,8-agent homogeneous,8 Sonnet,Sonnet,H1 primary: rule_index alignment -> return proportion (partners' latest myths before the game),-0.0058096888041502,-0.0220014023410333,0.0103820247327328,0.4379168302574143,1.0,10.0,360,no detectable effect,per SD of measure (raw sd 0.247); contributing runs 10
september,8-agent homogeneous,8 Sonnet,Sonnet,H1 primary: give_align alignment -> return proportion (partners' latest myths before the game),0.0057560231586688,-0.0062421730235117,0.0177542193408493,0.3060239618076837,1.0,10.0,360,no detectable effect,per SD of measure (raw sd 0.115); contributing runs 10
september,8-agent homogeneous,8 Sonnet,Sonnet,H1 primary: myth_cos alignment -> return proportion (partners' latest myths before the game),-0.0053382907094598,-0.0181943844840061,0.0075178030650864,0.3720877624192837,1.0,10.0,360,no detectable effect,per SD of measure (raw sd 0.085); contributing runs 10
september,8-agent homogeneous,8 Sonnet,Sonnet,H1 primary: same_label alignment -> giving gap (partners' latest myths before the game),0.0009016028637545,-0.0176626307408842,0.0194658364683933,0.9149268878095664,1.0,10.0,360,no detectable effect,"corr(gap, send) 0.91, corr(gap, return) 0.22; per SD of measure (raw sd 0.499); contributing runs 10"
september,8-agent homogeneous,8 Sonnet,Sonnet,H1 primary: moral_cos alignment -> giving gap (partners' latest myths before the game),-0.0064251619841791,-0.0210779230689769,0.0082275991006187,0.3471427839722649,1.0,10.0,356,no detectable effect,"corr(gap, send) 0.91, corr(gap, return) 0.22; per SD of measure (raw sd 0.103); contributing runs 10"
september,8-agent homogeneous,8 Sonnet,Sonnet,H1 primary: rule_index alignment -> giving gap (partners' latest myths before the game),0.0009287617968608,-0.0167432540460766,0.0186007776397984,0.907974799618502,1.0,10.0,360,no detectable effect,"corr(gap, send) 0.91, corr(gap, return) 0.22; per SD of measure (raw sd 0.247); contributing runs 10"
september,8-agent homogeneous,8 Sonnet,Sonnet,H1 primary: give_align alignment -> giving gap (partners' latest myths before the game),-0.0087157469201564,-0.0277028655027581,0.0102713716624452,0.3261722403094993,1.0,10.0,360,no detectable effect,"corr(gap, send) 0.91, corr(gap, return) 0.22; per SD of measure (raw sd 0.115); contributing runs 10"
september,8-agent homogeneous,8 Sonnet,Sonnet,H1 primary: myth_cos alignment -> giving gap (partners' latest myths before the game),0.0051509312320931,-0.0073526650627848,0.0176545275269712,0.3757061483684156,1.0,10.0,360,no detectable effect,"corr(gap, send) 0.91, corr(gap, return) 0.22; per SD of measure (raw sd 0.085); contributing runs 10"
september,8-agent mixed,1 GPT + 7 Sonnet,mixed,H1 primary: same_label alignment -> send fraction (partners' latest myths before the game),0.0098098518515143,-0.0258934468889608,0.0455131505919894,0.5496547309563466,1.0,10.0,356,no detectable effect,per SD of measure (raw sd 0.485); contributing runs 10
september,8-agent mixed,1 GPT + 7 Sonnet,mixed,H1 primary: moral_cos alignment -> send fraction (partners' latest myths before the game),0.0034569628649768,-0.0111191998599694,0.0180331255899231,0.6046151123490398,1.0,10.0,353,no detectable effect,per SD of measure (raw sd 0.105); contributing runs 10
september,8-agent mixed,1 GPT + 7 Sonnet,mixed,H1 primary: rule_index alignment -> send fraction (partners' latest myths before the game),0.0050212094086752,-0.0141493448234222,0.0241917636407727,0.5680945228923692,1.0,10.0,356,no detectable effect,per SD of measure (raw sd 0.247); contributing runs 10
september,8-agent mixed,1 GPT + 7 Sonnet,mixed,H1 primary: give_align alignment -> send fraction (partners' latest myths before the game),-0.0044493431892846,-0.0294827806689756,0.0205840942904064,0.6970160660186862,1.0,10.0,356,no detectable effect,per SD of measure (raw sd 0.118); contributing runs 10
september,8-agent mixed,1 GPT + 7 Sonnet,mixed,H1 primary: myth_cos alignment -> send fraction (partners' latest myths before the game),-0.0060171897833857,-0.0204698956559082,0.0084355160891367,0.3708768344384545,1.0,10.0,356,no detectable effect,per SD of measure (raw sd 0.080); contributing runs 10
september,8-agent mixed,1 GPT + 7 Sonnet,mixed,H1 primary: same_label alignment -> return proportion (partners' latest myths before the game),0.009605162997318,-0.0058324869077205,0.0250428129023567,0.1928676156723439,1.0,10.0,355,no detectable effect,per SD of measure (raw sd 0.485); contributing runs 10
september,8-agent mixed,1 GPT + 7 Sonnet,mixed,H1 primary: moral_cos alignment -> return proportion (partners' latest myths before the game),-0.0012115312371987,-0.0118161853832109,0.0093931229088135,0.8018800400189334,1.0,10.0,352,no detectable effect,per SD of measure (raw sd 0.105); contributing runs 10
september,8-agent mixed,1 GPT + 7 Sonnet,mixed,H1 primary: rule_index alignment -> return proportion (partners' latest myths before the game),0.0010287174478611,-0.0106218965724442,0.0126793314681665,0.8461222457632418,1.0,10.0,355,no detectable effect,per SD of measure (raw sd 0.247); contributing runs 10
september,8-agent mixed,1 GPT + 7 Sonnet,mixed,H1 primary: give_align alignment -> return proportion (partners' latest myths before the game),6.667285494647962e-05,-0.0125949895901602,0.0127283353000532,0.9907557756483516,1.0,10.0,355,no detectable effect,per SD of measure (raw sd 0.118); contributing runs 10
september,8-agent mixed,1 GPT + 7 Sonnet,mixed,H1 primary: myth_cos alignment -> return proportion (partners' latest myths before the game),-0.0010779577337419,-0.0102832168613413,0.0081273013938573,0.7970506065319548,1.0,10.0,355,no detectable effect,per SD of measure (raw sd 0.080); contributing runs 10
september,8-agent mixed,1 GPT + 7 Sonnet,mixed,H1 primary: same_label alignment -> giving gap (partners' latest myths before the game),0.0042890047864405,-0.0337378630678362,0.0423158726407172,0.804345302145255,1.0,10.0,355,no detectable effect,"corr(gap, send) 0.87, corr(gap, return) -0.07; per SD of measure (raw sd 0.485); contributing runs 10"
september,8-agent mixed,1 GPT + 7 Sonnet,mixed,H1 primary: moral_cos alignment -> giving gap (partners' latest myths before the game),0.0056103942704415,-0.0096810062474919,0.0209017947883751,0.4280145932632901,1.0,10.0,352,no detectable effect,"corr(gap, send) 0.87, corr(gap, return) -0.07; per SD of measure (raw sd 0.105); contributing runs 10"
september,8-agent mixed,1 GPT + 7 Sonnet,mixed,H1 primary: rule_index alignment -> giving gap (partners' latest myths before the game),0.006745819678471,-0.0111227047142332,0.0246143440711754,0.4152453551643916,1.0,10.0,355,no detectable effect,"corr(gap, send) 0.87, corr(gap, return) -0.07; per SD of measure (raw sd 0.247); contributing runs 10"
september,8-agent mixed,1 GPT + 7 Sonnet,mixed,H1 primary: give_align alignment -> giving gap (partners' latest myths before the game),-0.0049406499533122,-0.0299333864156712,0.0200520865090466,0.6653053772104618,1.0,10.0,355,no detectable effect,"corr(gap, send) 0.87, corr(gap, return) -0.07; per SD of measure (raw sd 0.118); contributing runs 10"
september,8-agent mixed,1 GPT + 7 Sonnet,mixed,H1 primary: myth_cos alignment -> giving gap (partners' latest myths before the game),-0.0059572306104557,-0.0220766241501021,0.0101621629291905,0.4247806155464916,1.0,10.0,355,no detectable effect,"corr(gap, send) 0.87, corr(gap, return) -0.07; per SD of measure (raw sd 0.080); contributing runs 10"
september,8-agent mixed,1 Gemini + 7 GPT,mixed,H1 primary: same_label alignment -> send fraction (partners' latest myths before the game),-0.0536843138300789,-0.1848212567228072,0.0774526290626492,0.3785716837705483,1.0,10.0,247,no detectable effect,per SD of measure (raw sd 0.490); contributing runs 9
september,8-agent mixed,1 Gemini + 7 GPT,mixed,H1 primary: moral_cos alignment -> send fraction (partners' latest myths before the game),-0.0168736576368672,-0.108043098528255,0.0742957832545205,0.685264215769086,1.0,10.0,241,no detectable effect,per SD of measure (raw sd 0.091); contributing runs 10
september,8-agent mixed,1 Gemini + 7 GPT,mixed,H1 primary: rule_index alignment -> send fraction (partners' latest myths before the game),-0.0021026515588279,-0.1143525799825031,0.1101472768648473,0.96712540419591,1.0,10.0,243,no detectable effect,per SD of measure (raw sd 0.269); contributing runs 10
september,8-agent mixed,1 Gemini + 7 GPT,mixed,H1 primary: give_align alignment -> send fraction (partners' latest myths before the game),-0.0779997240366564,-0.2105086578977842,0.0545092098244714,0.2157340499483648,1.0,10.0,247,no detectable effect,per SD of measure (raw sd 0.240); contributing runs 9
september,8-agent mixed,1 Gemini + 7 GPT,mixed,H1 primary: myth_cos alignment -> send fraction (partners' latest myths before the game),0.070795594932233,-0.0952373538111786,0.2368285436756446,0.3599598138113546,1.0,10.0,247,no detectable effect,per SD of measure (raw sd 0.093); contributing runs 10
september,8-agent mixed,1 Gemini + 7 GPT,mixed,H1 primary: same_label alignment -> return proportion (partners' latest myths before the game),0.0123158778008285,-0.0264960080726363,0.0511277636742935,0.4910719884248289,1.0,10.0,191,no detectable effect,per SD of measure (raw sd 0.490); contributing runs 9
september,8-agent mixed,1 Gemini + 7 GPT,mixed,H1 primary: moral_cos alignment -> return proportion (partners' latest myths before the game),-0.0139978894784226,-0.0444213799285237,0.0164256009716784,0.3251101155907839,1.0,10.0,185,no detectable effect,per SD of measure (raw sd 0.091); contributing runs 10
september,8-agent mixed,1 Gemini + 7 GPT,mixed,H1 primary: rule_index alignment -> return proportion (partners' latest myths before the game),-0.0039512142586336,-0.0297725638884436,0.0218701353711762,0.73717859656413,1.0,10.0,189,no detectable effect,per SD of measure (raw sd 0.269); contributing runs 10
september,8-agent mixed,1 Gemini + 7 GPT,mixed,H1 primary: give_align alignment -> return proportion (partners' latest myths before the game),-0.0255687055941503,-0.0465560817253441,-0.0045813294629565,0.0222586434335776,0.333879651503665,10.0,191,suggestive,per SD of measure (raw sd 0.240); contributing runs 10
september,8-agent mixed,1 Gemini + 7 GPT,mixed,H1 primary: myth_cos alignment -> return proportion (partners' latest myths before the game),-0.0087195273228037,-0.0578475066067252,0.0404084519611177,0.6974176834088457,1.0,10.0,191,no detectable effect,per SD of measure (raw sd 0.093); contributing runs 10
september,8-agent mixed,1 Gemini + 7 GPT,mixed,H1 primary: same_label alignment -> giving gap (partners' latest myths before the game),-0.012228731303768,-0.0410936733126542,0.016636210705118,0.3629116160321762,1.0,10.0,191,no detectable effect,"corr(gap, send) 0.90, corr(gap, return) 0.09; per SD of measure (raw sd 0.490); contributing runs 9"
september,8-agent mixed,1 Gemini + 7 GPT,mixed,H1 primary: moral_cos alignment -> giving gap (partners' latest myths before the game),0.0178786939128322,-0.0271891323241903,0.0629465201498548,0.3928721502077772,1.0,10.0,185,no detectable effect,"corr(gap, send) 0.90, corr(gap, return) 0.09; per SD of measure (raw sd 0.091); contributing runs 10"
september,8-agent mixed,1 Gemini + 7 GPT,mixed,H1 primary: rule_index alignment -> giving gap (partners' latest myths before the game),0.0067997166746937,-0.0399006956149572,0.0535001289643446,0.7494069852017182,1.0,10.0,189,no detectable effect,"corr(gap, send) 0.90, corr(gap, return) 0.09; per SD of measure (raw sd 0.269); contributing runs 10"
september,8-agent mixed,1 Gemini + 7 GPT,mixed,H1 primary: give_align alignment -> giving gap (partners' latest myths before the game),-0.0146547377343164,-0.1194987196258359,0.090189244157203,0.7590634761687369,1.0,10.0,191,no detectable effect,"corr(gap, send) 0.90, corr(gap, return) 0.09; per SD of measure (raw sd 0.240); contributing runs 10"
september,8-agent mixed,1 Gemini + 7 GPT,mixed,H1 primary: myth_cos alignment -> giving gap (partners' latest myths before the game),0.0159132961701437,-0.0683311143677228,0.1001577067080103,0.6791957524490064,1.0,10.0,191,no detectable effect,"corr(gap, send) 0.90, corr(gap, return) 0.09; per SD of measure (raw sd 0.093); contributing runs 10"
september,8-agent mixed,2 GPT + 6 Sonnet,mixed,H1 primary: same_label alignment -> send fraction (partners' latest myths before the game),-0.0042554672805703,-0.024650552703341,0.0161396181422002,0.6481589526501197,1.0,10.0,352,no detectable effect,per SD of measure (raw sd 0.500); contributing runs 10
september,8-agent mixed,2 GPT + 6 Sonnet,mixed,H1 primary: moral_cos alignment -> send fraction (partners' latest myths before the game),-0.003755604884625,-0.025837060952396,0.0183258511831459,0.7093590526387711,1.0,10.0,351,no detectable effect,per SD of measure (raw sd 0.104); contributing runs 10
september,8-agent mixed,2 GPT + 6 Sonnet,mixed,H1 primary: rule_index alignment -> send fraction (partners' latest myths before the game),0.0033833124556312,-0.0258877199329754,0.0326543448442378,0.7996131492868321,1.0,10.0,351,no detectable effect,per SD of measure (raw sd 0.249); contributing runs 10
september,8-agent mixed,2 GPT + 6 Sonnet,mixed,H1 primary: give_align alignment -> send fraction (partners' latest myths before the game),-0.0390680741536309,-0.06141746325853,-0.0167186850487318,0.003332486789354,0.0499873018403101,10.0,352,yes,"negative = MISaligned pairs send more (opposite of H1); survives 0-10 categorical own scores (-0.0404, p 0.0031); per SD of measure (raw sd 0.156); contributing runs 10"
september,8-agent mixed,2 GPT + 6 Sonnet,mixed,H1 primary: myth_cos alignment -> send fraction (partners' latest myths before the game),0.0032982154382575,-0.0278412418458609,0.034437672722376,0.81600640027956,1.0,10.0,352,no detectable effect,per SD of measure (raw sd 0.089); contributing runs 10
september,8-agent mixed,2 GPT + 6 Sonnet,mixed,H1 primary: same_label alignment -> return proportion (partners' latest myths before the game),-0.0086555709054443,-0.0189012496538759,0.0015901078429873,0.0883095158647387,1.0,10.0,350,no detectable effect,per SD of measure (raw sd 0.500); contributing runs 10
september,8-agent mixed,2 GPT + 6 Sonnet,mixed,H1 primary: moral_cos alignment -> return proportion (partners' latest myths before the game),0.0009721220535162,-0.0123075967361184,0.0142518408431508,0.8721335823402063,1.0,10.0,349,no detectable effect,per SD of measure (raw sd 0.104); contributing runs 10
september,8-agent mixed,2 GPT + 6 Sonnet,mixed,H1 primary: rule_index alignment -> return proportion (partners' latest myths before the game),0.0111435022089194,-0.0012340064570488,0.0235210108748877,0.0721576365763988,0.9380492754931852,10.0,349,no detectable effect,per SD of measure (raw sd 0.249); contributing runs 10
september,8-agent mixed,2 GPT + 6 Sonnet,mixed,H1 primary: give_align alignment -> return proportion (partners' latest myths before the game),-0.0087032437281521,-0.0190679687423956,0.0016614812860914,0.0899556779728816,1.0,10.0,350,no detectable effect,per SD of measure (raw sd 0.156); contributing runs 10
september,8-agent mixed,2 GPT + 6 Sonnet,mixed,H1 primary: myth_cos alignment -> return proportion (partners' latest myths before the game),0.0018432529443102,-0.012215796792337,0.0159023026809575,0.7735124763200452,1.0,10.0,350,no detectable effect,per SD of measure (raw sd 0.089); contributing runs 10
september,8-agent mixed,2 GPT + 6 Sonnet,mixed,H1 primary: same_label alignment -> giving gap (partners' latest myths before the game),0.0033825904265953,-0.011084663496852,0.0178498443500428,0.6096588428095202,1.0,10.0,350,no detectable effect,"corr(gap, send) 0.90, corr(gap, return) 0.10; per SD of measure (raw sd 0.500); contributing runs 10"
september,8-agent mixed,2 GPT + 6 Sonnet,mixed,H1 primary: moral_cos alignment -> giving gap (partners' latest myths before the game),-0.0052845250857187,-0.0224724099250576,0.01190335975362,0.504293847536947,1.0,10.0,349,no detectable effect,"corr(gap, send) 0.90, corr(gap, return) 0.10; per SD of measure (raw sd 0.104); contributing runs 10"
september,8-agent mixed,2 GPT + 6 Sonnet,mixed,H1 primary: rule_index alignment -> giving gap (partners' latest myths before the game),-0.0085863608510272,-0.0352376661769527,0.0180649444748981,0.4846506574561978,1.0,10.0,349,no detectable effect,"corr(gap, send) 0.90, corr(gap, return) 0.10; per SD of measure (raw sd 0.249); contributing runs 10"
september,8-agent mixed,2 GPT + 6 Sonnet,mixed,H1 primary: give_align alignment -> giving gap (partners' latest myths before the game),-0.0313990514856298,-0.051485507806043,-0.0113125951652166,0.0063519193451327,0.0889268708318586,10.0,350,suggestive,"corr(gap, send) 0.90, corr(gap, return) 0.10; per SD of measure (raw sd 0.156); contributing runs 10"
september,8-agent mixed,2 GPT + 6 Sonnet,mixed,H1 primary: myth_cos alignment -> giving gap (partners' latest myths before the game),-0.0043573374833856,-0.0313150236498923,0.0226003486831209,0.7230752339891718,1.0,10.0,350,no detectable effect,"corr(gap, send) 0.90, corr(gap, return) 0.10; per SD of measure (raw sd 0.089); contributing runs 10"
september,8-agent mixed,2 Gemini + 6 GPT,mixed,H1 primary: same_label alignment -> send fraction (partners' latest myths before the game),-0.0047547841275258,-0.0538290304295949,0.0443194621745432,0.8314002280113708,1.0,10.0,298,no detectable effect,per SD of measure (raw sd 0.499); contributing runs 9
september,8-agent mixed,2 Gemini + 6 GPT,mixed,H1 primary: moral_cos alignment -> send fraction (partners' latest myths before the game),-0.0270251964239666,-0.065060207796261,0.0110098149483277,0.1424414138928718,1.0,10.0,294,no detectable effect,per SD of measure (raw sd 0.093); contributing runs 10
september,8-agent mixed,2 Gemini + 6 GPT,mixed,H1 primary: rule_index alignment -> send fraction (partners' latest myths before the game),-0.044548340348688,-0.1167209694389177,0.0276242887415416,0.1961004624601745,1.0,10.0,295,no detectable effect,per SD of measure (raw sd 0.255); contributing runs 10
september,8-agent mixed,2 Gemini + 6 GPT,mixed,H1 primary: give_align alignment -> send fraction (partners' latest myths before the game),-0.0018332907574331,-0.1044436802189721,0.1007770987041058,0.9686431645002348,1.0,10.0,298,no detectable effect,per SD of measure (raw sd 0.242); contributing runs 10
september,8-agent mixed,2 Gemini + 6 GPT,mixed,H1 primary: myth_cos alignment -> send fraction (partners' latest myths before the game),-0.0333414479801888,-0.142332686008902,0.0756497900485242,0.5063868666040566,1.0,10.0,298,no detectable effect,per SD of measure (raw sd 0.110); contributing runs 10
september,8-agent mixed,2 Gemini + 6 GPT,mixed,H1 primary: same_label alignment -> return proportion (partners' latest myths before the game),-0.0073434537734156,-0.0195861382217607,0.0048992306749293,0.2078670058873795,1.0,10.0,265,no detectable effect,per SD of measure (raw sd 0.499); contributing runs 10
september,8-agent mixed,2 Gemini + 6 GPT,mixed,H1 primary: moral_cos alignment -> return proportion (partners' latest myths before the game),0.0005884115925925,-0.0144828827667306,0.0156597059519157,0.931557253454983,1.0,10.0,261,no detectable effect,per SD of measure (raw sd 0.093); contributing runs 10
september,8-agent mixed,2 Gemini + 6 GPT,mixed,H1 primary: rule_index alignment -> return proportion (partners' latest myths before the game),-0.0017122680196936,-0.0124628108857197,0.0090382748463324,0.7269337257072523,1.0,10.0,262,no detectable effect,per SD of measure (raw sd 0.255); contributing runs 10
september,8-agent mixed,2 Gemini + 6 GPT,mixed,H1 primary: give_align alignment -> return proportion (partners' latest myths before the game),0.0010260222495154,-0.009705385974613,0.011757430473644,0.8335896675566793,1.0,10.0,265,no detectable effect,per SD of measure (raw sd 0.242); contributing runs 10
september,8-agent mixed,2 Gemini + 6 GPT,mixed,H1 primary: myth_cos alignment -> return proportion (partners' latest myths before the game),0.0126998273105435,-0.0110271339455863,0.0364267885666735,0.2568011888255866,1.0,10.0,265,no detectable effect,per SD of measure (raw sd 0.110); contributing runs 10
september,8-agent mixed,2 Gemini + 6 GPT,mixed,H1 primary: same_label alignment -> giving gap (partners' latest myths before the game),0.0062877351662536,-0.0104018526173711,0.0229773229498785,0.4161727293395277,1.0,10.0,265,no detectable effect,"corr(gap, send) 0.86, corr(gap, return) -0.04; per SD of measure (raw sd 0.499); contributing runs 10"
september,8-agent mixed,2 Gemini + 6 GPT,mixed,H1 primary: moral_cos alignment -> giving gap (partners' latest myths before the game),0.0096983840541341,-0.0148220866246503,0.0342188547329186,0.3942284790051651,1.0,10.0,261,no detectable effect,"corr(gap, send) 0.86, corr(gap, return) -0.04; per SD of measure (raw sd 0.093); contributing runs 10"
september,8-agent mixed,2 Gemini + 6 GPT,mixed,H1 primary: rule_index alignment -> giving gap (partners' latest myths before the game),-0.0072900570137002,-0.033081241497642,0.0185011274702414,0.5384859203604492,1.0,10.0,262,no detectable effect,"corr(gap, send) 0.86, corr(gap, return) -0.04; per SD of measure (raw sd 0.255); contributing runs 10"
september,8-agent mixed,2 Gemini + 6 GPT,mixed,H1 primary: give_align alignment -> giving gap (partners' latest myths before the game),-0.0118865822223658,-0.0286977067377717,0.0049245422930399,0.1441748413622564,1.0,10.0,265,no detectable effect,"corr(gap, send) 0.86, corr(gap, return) -0.04; per SD of measure (raw sd 0.242); contributing runs 10"
september,8-agent mixed,2 Gemini + 6 GPT,mixed,H1 primary: myth_cos alignment -> giving gap (partners' latest myths before the game),-0.0189090382235357,-0.0435990599289118,0.0057809834818402,0.1172259406278817,1.0,10.0,265,no detectable effect,"corr(gap, send) 0.86, corr(gap, return) -0.04; per SD of measure (raw sd 0.110); contributing runs 10"
september,8-agent mixed,4 GPT + 4 Sonnet,mixed,H1 primary: same_label alignment -> send fraction (partners' latest myths before the game),-0.0299386702346259,-0.1103118551958578,0.050434514726606,0.421255785486367,1.0,10.0,317,no detectable effect,per SD of measure (raw sd 0.492); contributing runs 10
september,8-agent mixed,4 GPT + 4 Sonnet,mixed,H1 primary: moral_cos alignment -> send fraction (partners' latest myths before the game),0.0100095828017418,-0.0244736416868331,0.0444928072903168,0.5278401041294183,1.0,10.0,316,no detectable effect,per SD of measure (raw sd 0.108); contributing runs 10
september,8-agent mixed,4 GPT + 4 Sonnet,mixed,H1 primary: rule_index alignment -> send fraction (partners' latest myths before the game),-0.0284436104102539,-0.0743028682321425,0.0174156474116346,0.1941396803507317,1.0,10.0,314,no detectable effect,per SD of measure (raw sd 0.268); contributing runs 10
september,8-agent mixed,4 GPT + 4 Sonnet,mixed,H1 primary: give_align alignment -> send fraction (partners' latest myths before the game),-0.004599174820723,-0.0386296011631346,0.0294312515216886,0.7667651019693978,1.0,10.0,317,no detectable effect,per SD of measure (raw sd 0.172); contributing runs 10
september,8-agent mixed,4 GPT + 4 Sonnet,mixed,H1 primary: myth_cos alignment -> send fraction (partners' latest myths before the game),0.0119601607657325,-0.0537577553310686,0.0776780768625337,0.6901945240614227,1.0,10.0,317,no detectable effect,per SD of measure (raw sd 0.091); contributing runs 10
september,8-agent mixed,4 GPT + 4 Sonnet,mixed,H1 primary: same_label alignment -> return proportion (partners' latest myths before the game),-0.0107241679393444,-0.0400825305752139,0.0186341946965251,0.4299769293195539,1.0,10.0,295,no detectable effect,per SD of measure (raw sd 0.492); contributing runs 10
september,8-agent mixed,4 GPT + 4 Sonnet,mixed,H1 primary: moral_cos alignment -> return proportion (partners' latest myths before the game),0.0067385495253947,-0.0059201869450301,0.0193972859958196,0.259224831999618,1.0,10.0,294,no detectable effect,per SD of measure (raw sd 0.108); contributing runs 10
september,8-agent mixed,4 GPT + 4 Sonnet,mixed,H1 primary: rule_index alignment -> return proportion (partners' latest myths before the game),-0.0101146544452644,-0.0244591753809525,0.0042298664904237,0.1451543358093657,1.0,10.0,292,no detectable effect,per SD of measure (raw sd 0.268); contributing runs 10
september,8-agent mixed,4 GPT + 4 Sonnet,mixed,H1 primary: give_align alignment -> return proportion (partners' latest myths before the game),-0.0158492444672561,-0.0302584432923012,-0.0014400456422109,0.034521800802413,0.5178270120361957,10.0,295,suggestive,per SD of measure (raw sd 0.172); contributing runs 10
september,8-agent mixed,4 GPT + 4 Sonnet,mixed,H1 primary: myth_cos alignment -> return proportion (partners' latest myths before the game),-0.0067771691851217,-0.0361696685194601,0.0226153301492166,0.614542852236241,1.0,10.0,295,no detectable effect,per SD of measure (raw sd 0.091); contributing runs 10
september,8-agent mixed,4 GPT + 4 Sonnet,mixed,H1 primary: same_label alignment -> giving gap (partners' latest myths before the game),-0.0247802147964087,-0.0534425112564122,0.0038820816635948,0.0822018328188631,1.0,10.0,295,no detectable effect,"corr(gap, send) 0.89, corr(gap, return) 0.04; per SD of measure (raw sd 0.492); contributing runs 10"
september,8-agent mixed,4 GPT + 4 Sonnet,mixed,H1 primary: moral_cos alignment -> giving gap (partners' latest myths before the game),0.0164380198350982,-0.0106326826709036,0.0435087223411001,0.2027967587878572,1.0,10.0,294,no detectable effect,"corr(gap, send) 0.89, corr(gap, return) 0.04; per SD of measure (raw sd 0.108); contributing runs 10"
september,8-agent mixed,4 GPT + 4 Sonnet,mixed,H1 primary: rule_index alignment -> giving gap (partners' latest myths before the game),-0.0017764774753385,-0.031461077197729,0.0279081222470518,0.8952917294287565,1.0,10.0,292,no detectable effect,"corr(gap, send) 0.89, corr(gap, return) 0.04; per SD of measure (raw sd 0.268); contributing runs 10"
september,8-agent mixed,4 GPT + 4 Sonnet,mixed,H1 primary: give_align alignment -> giving gap (partners' latest myths before the game),0.0064025432769048,-0.0219953646947619,0.0348004512485717,0.622307701036726,1.0,10.0,295,no detectable effect,"corr(gap, send) 0.89, corr(gap, return) 0.04; per SD of measure (raw sd 0.172); contributing runs 10"
september,8-agent mixed,4 GPT + 4 Sonnet,mixed,H1 primary: myth_cos alignment -> giving gap (partners' latest myths before the game),0.0099488227133587,-0.0209056573807917,0.0408033028075092,0.4842958687372724,1.0,10.0,295,no detectable effect,"corr(gap, send) 0.89, corr(gap, return) 0.04; per SD of measure (raw sd 0.091); contributing runs 10"
september,8-agent mixed,4 Gemini + 4 GPT,mixed,H1 primary: same_label alignment -> send fraction (partners' latest myths before the game),0.0324414900139254,-0.0232388757412673,0.0881218557691181,0.2200560779823566,1.0,10.0,339,no detectable effect,per SD of measure (raw sd 0.497); contributing runs 8
september,8-agent mixed,4 Gemini + 4 GPT,mixed,H1 primary: moral_cos alignment -> send fraction (partners' latest myths before the game),0.0009306939512253,-0.0220263145643164,0.0238877024667672,0.928937685264262,1.0,10.0,339,no detectable effect,per SD of measure (raw sd 0.101); contributing runs 8
september,8-agent mixed,4 Gemini + 4 GPT,mixed,H1 primary: rule_index alignment -> send fraction (partners' latest myths before the game),0.0026681673962938,-0.0456559926933387,0.0509923274859263,0.9033460197105604,1.0,10.0,337,no detectable effect,per SD of measure (raw sd 0.268); contributing runs 8
september,8-agent mixed,4 Gemini + 4 GPT,mixed,H1 primary: give_align alignment -> send fraction (partners' latest myths before the game),-0.0552363882028181,-0.1248705093785367,0.0143977329729003,0.1063239812752146,1.0,10.0,339,no detectable effect,per SD of measure (raw sd 0.252); contributing runs 8
september,8-agent mixed,4 Gemini + 4 GPT,mixed,H1 primary: myth_cos alignment -> send fraction (partners' latest myths before the game),-0.0045845680833801,-0.0272474278028797,0.0180782916361195,0.6580713734953085,1.0,10.0,339,no detectable effect,per SD of measure (raw sd 0.109); contributing runs 8
september,8-agent mixed,4 Gemini + 4 GPT,mixed,H1 primary: same_label alignment -> return proportion (partners' latest myths before the game),0.0031260986732303,-0.0099708994134924,0.016223096759953,0.6023335068272906,1.0,10.0,329,no detectable effect,per SD of measure (raw sd 0.497); contributing runs 10
september,8-agent mixed,4 Gemini + 4 GPT,mixed,H1 primary: moral_cos alignment -> return proportion (partners' latest myths before the game),0.0011984561627871,-0.0056722117535386,0.0080691240791128,0.7023331263528063,1.0,10.0,329,no detectable effect,per SD of measure (raw sd 0.101); contributing runs 10
september,8-agent mixed,4 Gemini + 4 GPT,mixed,H1 primary: rule_index alignment -> return proportion (partners' latest myths before the game),-0.0015463543688024,-0.0167890976725227,0.0136963889349178,0.823616661565698,1.0,10.0,327,no detectable effect,per SD of measure (raw sd 0.268); contributing runs 10
september,8-agent mixed,4 Gemini + 4 GPT,mixed,H1 primary: give_align alignment -> return proportion (partners' latest myths before the game),-0.0001552231219637,-0.0250013080821394,0.024690861838212,0.9890325426827458,1.0,10.0,329,no detectable effect,per SD of measure (raw sd 0.252); contributing runs 10
september,8-agent mixed,4 Gemini + 4 GPT,mixed,H1 primary: myth_cos alignment -> return proportion (partners' latest myths before the game),5.886345096295773e-05,-0.0181344270933334,0.0182521539952593,0.9943199295285164,1.0,10.0,329,no detectable effect,per SD of measure (raw sd 0.109); contributing runs 10
september,8-agent mixed,4 Gemini + 4 GPT,mixed,H1 primary: same_label alignment -> giving gap (partners' latest myths before the game),0.0044089931844048,-0.018554692520339,0.0273726788891486,0.6742749724483077,1.0,10.0,329,no detectable effect,"corr(gap, send) 0.86, corr(gap, return) 0.02; per SD of measure (raw sd 0.497); contributing runs 10"
september,8-agent mixed,4 Gemini + 4 GPT,mixed,H1 primary: moral_cos alignment -> giving gap (partners' latest myths before the game),0.0010903663027501,-0.0190276306105711,0.0212083632160714,0.9051135405219244,1.0,10.0,329,no detectable effect,"corr(gap, send) 0.86, corr(gap, return) 0.02; per SD of measure (raw sd 0.101); contributing runs 10"
september,8-agent mixed,4 Gemini + 4 GPT,mixed,H1 primary: rule_index alignment -> giving gap (partners' latest myths before the game),-0.0054328741754004,-0.0342424237938056,0.0233766754430048,0.679696724374787,1.0,10.0,327,no detectable effect,"corr(gap, send) 0.86, corr(gap, return) 0.02; per SD of measure (raw sd 0.268); contributing runs 10"
september,8-agent mixed,4 Gemini + 4 GPT,mixed,H1 primary: give_align alignment -> giving gap (partners' latest myths before the game),-0.0212190993438777,-0.0633611675095529,0.0209229688217974,0.2841006032916582,1.0,10.0,329,no detectable effect,"corr(gap, send) 0.86, corr(gap, return) 0.02; per SD of measure (raw sd 0.252); contributing runs 10"
september,8-agent mixed,4 Gemini + 4 GPT,mixed,H1 primary: myth_cos alignment -> giving gap (partners' latest myths before the game),0.0134791796476314,-0.0044798017144654,0.0314381610097284,0.1237589673587612,1.0,10.0,329,no detectable effect,"corr(gap, send) 0.86, corr(gap, return) 0.02; per SD of measure (raw sd 0.109); contributing runs 10"
september,"2-agent (all, pooled)",all 2-agent runs (pooled),pooled,"H1 agent FE (investor, trustee within run) + round: same_label alignment -> send fraction",0.0120485819107708,0.0010480588483602,0.0230491049731814,0.0323153307348615,0.4200992995531999,66.0,578,suggestive,per SD of measure (raw sd 0.496); contributing runs 36
september,"2-agent (all, pooled)",all 2-agent runs (pooled),pooled,"H1 agent FE (investor, trustee within run) + round: moral_cos alignment -> send fraction",-0.0054062812019726,-0.0163030394327396,0.0054904770287943,0.3254314930143389,1.0,66.0,575,no detectable effect,per SD of measure (raw sd 0.095); contributing runs 41
september,"2-agent (all, pooled)",all 2-agent runs (pooled),pooled,"H1 agent FE (investor, trustee within run) + round: rule_index alignment -> send fraction",0.0111368434415742,-0.006820244783865,0.0290939316670134,0.2199447978779761,1.0,66.0,575,no detectable effect,per SD of measure (raw sd 0.265); contributing runs 41
september,"2-agent (all, pooled)",all 2-agent runs (pooled),pooled,"H1 agent FE (investor, trustee within run) + round: give_align alignment -> send fraction",0.0042071507073303,-0.0142633411562166,0.0226776425708772,0.6506956212647347,1.0,66.0,578,no detectable effect,per SD of measure (raw sd 0.185); contributing runs 41
september,"2-agent (all, pooled)",all 2-agent runs (pooled),pooled,"H1 agent FE (investor, trustee within run) + round: myth_cos alignment -> send fraction",0.0051278569119751,-0.0129520484145251,0.0232077622384754,0.5730507847028425,1.0,66.0,578,no detectable effect,per SD of measure (raw sd 0.102); contributing runs 41
september,"2-agent (all, pooled)",all 2-agent runs (pooled),pooled,H1 DeepSeek labels: same_label alignment -> send fraction,0.0004162855793981,-0.0091284339297329,0.0099610050885292,0.930856922733737,1.0,66.0,578,no detectable effect,GLM level controls; GLM-label primary +0.0109 (p 0.007); per SD of measure (raw sd 0.496); contributing runs 35
september,"2-agent (all, pooled)",all 2-agent runs (pooled),pooled,"H1 agent FE (investor, trustee within run) + round: same_label alignment -> return proportion",0.0009602591765899,-0.0075491263644404,0.0094696447176204,0.8223976349323213,1.0,66.0,575,no detectable effect,per SD of measure (raw sd 0.496); contributing runs 61
september,"2-agent (all, pooled)",all 2-agent runs (pooled),pooled,"H1 agent FE (investor, trustee within run) + round: moral_cos alignment -> return proportion",-0.0028348666888726,-0.0098509627250388,0.0041812293472935,0.4226397631782136,1.0,66.0,572,no detectable effect,per SD of measure (raw sd 0.095); contributing runs 66
september,"2-agent (all, pooled)",all 2-agent runs (pooled),pooled,"H1 agent FE (investor, trustee within run) + round: rule_index alignment -> return proportion",-8.543426457062448e-05,-0.014380326564817,0.0142094580356757,0.9905132261866548,1.0,66.0,572,no detectable effect,per SD of measure (raw sd 0.265); contributing runs 61
september,"2-agent (all, pooled)",all 2-agent runs (pooled),pooled,"H1 agent FE (investor, trustee within run) + round: give_align alignment -> return proportion",-0.0011494421385489,-0.0153673489889861,0.0130684647118881,0.8722335190973383,1.0,66.0,575,no detectable effect,per SD of measure (raw sd 0.185); contributing runs 53
september,"2-agent (all, pooled)",all 2-agent runs (pooled),pooled,"H1 agent FE (investor, trustee within run) + round: myth_cos alignment -> return proportion",-0.0055640682655098,-0.0185399673763299,0.0074118308453103,0.394937540927724,1.0,66.0,575,no detectable effect,per SD of measure (raw sd 0.102); contributing runs 66
september,"2-agent (all, pooled)",all 2-agent runs (pooled),pooled,H1 DeepSeek labels: same_label alignment -> return proportion,0.001214570637241,-0.0035811283873025,0.0060102696617846,0.6147080686527358,1.0,66.0,575,no detectable effect,GLM level controls; GLM-label primary -0.0002 (p 0.938); per SD of measure (raw sd 0.496); contributing runs 60
september,"2-agent (all, pooled)",all 2-agent runs (pooled),pooled,"H1 agent FE (investor, trustee within run) + round: same_label alignment -> giving gap",0.0151278465659215,0.0043357703889831,0.0259199227428599,0.0067309361773868,0.1009640426608029,66.0,575,suggestive,per SD of measure (raw sd 0.496); contributing runs 61
september,"2-agent (all, pooled)",all 2-agent runs (pooled),pooled,"H1 agent FE (investor, trustee within run) + round: moral_cos alignment -> giving gap",-0.0003863352852643,-0.0121290741639534,0.0113564035934248,0.9478138100912246,1.0,66.0,572,no detectable effect,per SD of measure (raw sd 0.095); contributing runs 66
september,"2-agent (all, pooled)",all 2-agent runs (pooled),pooled,"H1 agent FE (investor, trustee within run) + round: rule_index alignment -> giving gap",0.0187008979325262,0.002625427613549,0.0347763682515034,0.0233019342064299,0.3262270788900187,66.0,572,suggestive,per SD of measure (raw sd 0.265); contributing runs 61
september,"2-agent (all, pooled)",all 2-agent runs (pooled),pooled,"H1 agent FE (investor, trustee within run) + round: give_align alignment -> giving gap",0.0106892124109814,-0.0040500311820707,0.0254284560040336,0.1523213621799478,1.0,66.0,575,no detectable effect,per SD of measure (raw sd 0.185); contributing runs 53
september,"2-agent (all, pooled)",all 2-agent runs (pooled),pooled,"H1 agent FE (investor, trustee within run) + round: myth_cos alignment -> giving gap",0.0083972784215089,-0.0082544832954045,0.0250490401384224,0.3176058747745276,1.0,66.0,575,no detectable effect,per SD of measure (raw sd 0.102); contributing runs 66
september,"2-agent (all, pooled)",all 2-agent runs (pooled),pooled,H1 DeepSeek labels: same_label alignment -> giving gap,-0.001432098976997,-0.0115069127520454,0.0086427147980512,0.7774000378194637,1.0,66.0,575,no detectable effect,GLM level controls; GLM-label primary +0.0129 (p 0.002); per SD of measure (raw sd 0.496); contributing runs 60
september,"8-agent (all, pooled)",all 8-agent runs (pooled),pooled,"H1 agent FE (investor, trustee within run) + round: same_label alignment -> send fraction",0.0012146927120312,-0.0154195722285229,0.0178489576525853,0.8849630141207976,1.0,90.0,2833,no detectable effect,per SD of measure (raw sd 0.494); contributing runs 78
september,"8-agent (all, pooled)",all 8-agent runs (pooled),pooled,H1 vs non-partner placebo: same_label alignment -> send fraction,-0.0044852506755336,-0.0156433788799552,0.006672877528888,0.4265854312502334,1.0,90.0,2833,no detectable effect,partner alignment coef shown; non-partner placebo coef -0.0079 (p 0.304); per SD of measure (raw sd 0.494); contributing runs 76
september,"8-agent (all, pooled)",all 8-agent runs (pooled),pooled,H1 first meetings: same_label alignment -> send fraction,-0.003951910580695,-0.0210410527912994,0.0131372316299094,0.6469997138094071,1.0,90.0,1723,no detectable effect,per SD of measure (raw sd 0.497); contributing runs 73
september,"8-agent (all, pooled)",all 8-agent runs (pooled),pooled,"H1 agent FE (investor, trustee within run) + round: moral_cos alignment -> send fraction",0.0025629994238314,-0.0098315496772227,0.0149575485248856,0.6821509128110606,1.0,90.0,2809,no detectable effect,per SD of measure (raw sd 0.101); contributing runs 78
september,"8-agent (all, pooled)",all 8-agent runs (pooled),pooled,H1 vs non-partner placebo: moral_cos alignment -> send fraction,-0.0040152518358702,-0.0148488295075421,0.0068183258358016,0.4634030723180004,1.0,90.0,2809,no detectable effect,partner alignment coef shown; non-partner placebo coef +0.0042 (p 0.591); per SD of measure (raw sd 0.101); contributing runs 78
september,"8-agent (all, pooled)",all 8-agent runs (pooled),pooled,H1 first meetings: moral_cos alignment -> send fraction,-0.0029931941699982,-0.0185767699537471,0.0125903816137505,0.7036334485224502,1.0,90.0,1709,no detectable effect,per SD of measure (raw sd 0.098); contributing runs 75
september,"8-agent (all, pooled)",all 8-agent runs (pooled),pooled,"H1 agent FE (investor, trustee within run) + round: rule_index alignment -> send fraction",-0.014726671672477,-0.0337098057269887,0.0042564623820346,0.1267551070167763,1.0,90.0,2818,no detectable effect,per SD of measure (raw sd 0.271); contributing runs 78
september,"8-agent (all, pooled)",all 8-agent runs (pooled),pooled,H1 vs non-partner placebo: rule_index alignment -> send fraction,-0.0146201195684544,-0.0294660679417495,0.0002258288048406,0.0535111081287827,0.6956444056741758,90.0,2818,no detectable effect,partner alignment coef shown; non-partner placebo coef +0.0082 (p 0.484); per SD of measure (raw sd 0.271); contributing runs 78
september,"8-agent (all, pooled)",all 8-agent runs (pooled),pooled,H1 first meetings: rule_index alignment -> send fraction,-0.0175537132819597,-0.0485077543506682,0.0134003277867487,0.2628581644196704,1.0,90.0,1714,no detectable effect,per SD of measure (raw sd 0.274); contributing runs 75
september,"8-agent (all, pooled)",all 8-agent runs (pooled),pooled,"H1 agent FE (investor, trustee within run) + round: give_align alignment -> send fraction",-0.0127884078625436,-0.0321750449181294,0.006598229193042,0.1933273290616508,1.0,90.0,2833,no detectable effect,per SD of measure (raw sd 0.197); contributing runs 78
september,"8-agent (all, pooled)",all 8-agent runs (pooled),pooled,H1 vs non-partner placebo: give_align alignment -> send fraction,-0.0246827073927506,-0.044060833347243,-0.0053045814382581,0.0131339722115011,0.1970095831725168,90.0,2833,suggestive,partner alignment coef shown; non-partner placebo coef -0.0046 (p 0.674); per SD of measure (raw sd 0.197); contributing runs 77
september,"8-agent (all, pooled)",all 8-agent runs (pooled),pooled,H1 first meetings: give_align alignment -> send fraction,-0.0370679356439538,-0.0694324734663655,-0.0047033978215421,0.0252620564655546,0.359023254930072,90.0,1723,suggestive,per SD of measure (raw sd 0.198); contributing runs 75
september,"8-agent (all, pooled)",all 8-agent runs (pooled),pooled,"H1 agent FE (investor, trustee within run) + round: myth_cos alignment -> send fraction",0.0081583362397657,-0.0083231534428475,0.0246398259223789,0.3280009554559255,1.0,90.0,2833,no detectable effect,per SD of measure (raw sd 0.101); contributing runs 78
september,"8-agent (all, pooled)",all 8-agent runs (pooled),pooled,H1 vs non-partner placebo: myth_cos alignment -> send fraction,0.0080364916904774,-0.0067556471188844,0.0228286304998392,0.2832750050128269,1.0,90.0,2833,no detectable effect,partner alignment coef shown; non-partner placebo coef -0.0098 (p 0.361); per SD of measure (raw sd 0.101); contributing runs 78
september,"8-agent (all, pooled)",all 8-agent runs (pooled),pooled,H1 first meetings: myth_cos alignment -> send fraction,0.0048352499102376,-0.0203476463408719,0.0300181461613472,0.7037338105594082,1.0,90.0,1723,no detectable effect,per SD of measure (raw sd 0.098); contributing runs 76
september,"8-agent (all, pooled)",all 8-agent runs (pooled),pooled,H1 DeepSeek labels: same_label alignment -> send fraction,0.0057420615219289,-0.0047700638759312,0.0162541869197892,0.2806970252740643,0.8420910758221929,90.0,2833,no detectable effect,GLM level controls; GLM-label primary -0.0057 (p 0.287); per SD of measure (raw sd 0.494); contributing runs 75
september,"8-agent (all, pooled)",all 8-agent runs (pooled),pooled,"H1 agent FE (investor, trustee within run) + round: same_label alignment -> return proportion",0.0014684614369973,-0.0029339129016347,0.0058708357756294,0.509184908273876,1.0,90.0,2626,no detectable effect,per SD of measure (raw sd 0.494); contributing runs 87
september,"8-agent (all, pooled)",all 8-agent runs (pooled),pooled,H1 vs non-partner placebo: same_label alignment -> return proportion,-0.0010463940956723,-0.0051335158618915,0.0030407276705467,0.6122137662060162,1.0,90.0,2626,no detectable effect,partner alignment coef shown; non-partner placebo coef +0.0004 (p 0.897); per SD of measure (raw sd 0.494); contributing runs 86
september,"8-agent (all, pooled)",all 8-agent runs (pooled),pooled,H1 first meetings: same_label alignment -> return proportion,-0.0025518951330206,-0.0100321264873112,0.0049283362212699,0.499617990795564,1.0,90.0,1584,no detectable effect,per SD of measure (raw sd 0.497); contributing runs 83
september,"8-agent (all, pooled)",all 8-agent runs (pooled),pooled,"H1 agent FE (investor, trustee within run) + round: moral_cos alignment -> return proportion",0.0014507498485174,-0.0026192025113747,0.0055207022084096,0.4806309625996179,1.0,90.0,2602,no detectable effect,per SD of measure (raw sd 0.101); contributing runs 90
september,"8-agent (all, pooled)",all 8-agent runs (pooled),pooled,H1 vs non-partner placebo: moral_cos alignment -> return proportion,0.0010877797033888,-0.002587103530912,0.0047626629376897,0.557918878428846,1.0,90.0,2602,no detectable effect,partner alignment coef shown; non-partner placebo coef +0.0013 (p 0.628); per SD of measure (raw sd 0.101); contributing runs 89
september,"8-agent (all, pooled)",all 8-agent runs (pooled),pooled,H1 first meetings: moral_cos alignment -> return proportion,0.0016110475115797,-0.0045689478476086,0.0077910428707682,0.6057571325051884,1.0,90.0,1570,no detectable effect,per SD of measure (raw sd 0.098); contributing runs 84
september,"8-agent (all, pooled)",all 8-agent runs (pooled),pooled,"H1 agent FE (investor, trustee within run) + round: rule_index alignment -> return proportion",-0.0027816701097915,-0.0084237642356208,0.0028604240160377,0.3299281946325414,1.0,90.0,2614,no detectable effect,per SD of measure (raw sd 0.271); contributing runs 90
september,"8-agent (all, pooled)",all 8-agent runs (pooled),pooled,H1 vs non-partner placebo: rule_index alignment -> return proportion,-0.0008925673397633,-0.0058692856190274,0.0040841509395008,0.7224130504358485,1.0,90.0,2614,no detectable effect,partner alignment coef shown; non-partner placebo coef +0.0014 (p 0.704); per SD of measure (raw sd 0.271); contributing runs 89
september,"8-agent (all, pooled)",all 8-agent runs (pooled),pooled,H1 first meetings: rule_index alignment -> return proportion,0.0004471252715533,-0.0086069742698821,0.0095012248129887,0.922054141504718,1.0,90.0,1577,no detectable effect,per SD of measure (raw sd 0.274); contributing runs 83
september,"8-agent (all, pooled)",all 8-agent runs (pooled),pooled,"H1 agent FE (investor, trustee within run) + round: give_align alignment -> return proportion",-0.0026088148262882,-0.0082728803867093,0.0030552507341328,0.3625682550952347,1.0,90.0,2626,no detectable effect,per SD of measure (raw sd 0.197); contributing runs 85
september,"8-agent (all, pooled)",all 8-agent runs (pooled),pooled,H1 vs non-partner placebo: give_align alignment -> return proportion,-0.0033262527120435,-0.0086297301602026,0.0019772247361155,0.2159613004477703,1.0,90.0,2626,no detectable effect,partner alignment coef shown; non-partner placebo coef +0.0042 (p 0.211); per SD of measure (raw sd 0.197); contributing runs 84
september,"8-agent (all, pooled)",all 8-agent runs (pooled),pooled,H1 first meetings: give_align alignment -> return proportion,-0.0045172873540638,-0.0159579262476496,0.0069233515395219,0.4348007120556258,1.0,90.0,1584,no detectable effect,per SD of measure (raw sd 0.198); contributing runs 79
september,"8-agent (all, pooled)",all 8-agent runs (pooled),pooled,"H1 agent FE (investor, trustee within run) + round: myth_cos alignment -> return proportion",0.0010109343055042,-0.0047305351985558,0.0067524038095643,0.727271052871582,1.0,90.0,2626,no detectable effect,per SD of measure (raw sd 0.101); contributing runs 90
september,"8-agent (all, pooled)",all 8-agent runs (pooled),pooled,H1 vs non-partner placebo: myth_cos alignment -> return proportion,-0.0017603075879277,-0.0072424643938241,0.0037218492179687,0.5251026670642106,1.0,90.0,2626,no detectable effect,partner alignment coef shown; non-partner placebo coef +0.0022 (p 0.547); per SD of measure (raw sd 0.101); contributing runs 89
september,"8-agent (all, pooled)",all 8-agent runs (pooled),pooled,H1 first meetings: myth_cos alignment -> return proportion,-0.0029890354846056,-0.013237571198256,0.0072595002290447,0.5637077799652004,1.0,90.0,1584,no detectable effect,per SD of measure (raw sd 0.098); contributing runs 84
september,"8-agent (all, pooled)",all 8-agent runs (pooled),pooled,H1 DeepSeek labels: same_label alignment -> return proportion,-0.0009038711213654,-0.0042827537107243,0.0024750114679934,0.5963767242616365,1.0,90.0,2626,no detectable effect,GLM level controls; GLM-label primary -0.0010 (p 0.623); per SD of measure (raw sd 0.494); contributing runs 87
september,"8-agent (all, pooled)",all 8-agent runs (pooled),pooled,"H1 agent FE (investor, trustee within run) + round: same_label alignment -> giving gap",0.0021895131650032,-0.0054918140932535,0.00987084042326,0.5725639726058663,1.0,90.0,2626,no detectable effect,per SD of measure (raw sd 0.494); contributing runs 87
september,"8-agent (all, pooled)",all 8-agent runs (pooled),pooled,H1 vs non-partner placebo: same_label alignment -> giving gap,-0.0014940225370147,-0.0080616788274914,0.0050736337534619,0.6523675416390774,1.0,90.0,2626,no detectable effect,partner alignment coef shown; non-partner placebo coef -0.0055 (p 0.266); per SD of measure (raw sd 0.494); contributing runs 86
september,"8-agent (all, pooled)",all 8-agent runs (pooled),pooled,H1 first meetings: same_label alignment -> giving gap,-0.0001538882422696,-0.0106888919482711,0.0103811154637318,0.9769100783649718,1.0,90.0,1584,no detectable effect,per SD of measure (raw sd 0.497); contributing runs 83
september,"8-agent (all, pooled)",all 8-agent runs (pooled),pooled,"H1 agent FE (investor, trustee within run) + round: moral_cos alignment -> giving gap",0.0003015945431696,-0.0065837311674805,0.0071869202538199,0.9308394882884252,1.0,90.0,2602,no detectable effect,per SD of measure (raw sd 0.101); contributing runs 90
september,"8-agent (all, pooled)",all 8-agent runs (pooled),pooled,H1 vs non-partner placebo: moral_cos alignment -> giving gap,0.0007558807616467,-0.0055368859599932,0.0070486474832868,0.8119071892964429,1.0,90.0,2602,no detectable effect,partner alignment coef shown; non-partner placebo coef +0.0077 (p 0.139); per SD of measure (raw sd 0.101); contributing runs 89
september,"8-agent (all, pooled)",all 8-agent runs (pooled),pooled,H1 first meetings: moral_cos alignment -> giving gap,0.0017090731454774,-0.0083529430144989,0.0117710893054538,0.736537586129133,1.0,90.0,1570,no detectable effect,per SD of measure (raw sd 0.098); contributing runs 84
september,"8-agent (all, pooled)",all 8-agent runs (pooled),pooled,"H1 agent FE (investor, trustee within run) + round: rule_index alignment -> giving gap",-0.0044843959743041,-0.0154990816564877,0.0065302897078794,0.4206976029509961,1.0,90.0,2614,no detectable effect,per SD of measure (raw sd 0.271); contributing runs 90
september,"8-agent (all, pooled)",all 8-agent runs (pooled),pooled,H1 vs non-partner placebo: rule_index alignment -> giving gap,-0.0051500093727375,-0.0143346503579074,0.0040346316124323,0.268219691476401,1.0,90.0,2614,no detectable effect,partner alignment coef shown; non-partner placebo coef -0.0055 (p 0.463); per SD of measure (raw sd 0.271); contributing runs 89
september,"8-agent (all, pooled)",all 8-agent runs (pooled),pooled,H1 first meetings: rule_index alignment -> giving gap,-0.0068365649985218,-0.0232775360291619,0.0096044060321183,0.4108801797139201,1.0,90.0,1577,no detectable effect,per SD of measure (raw sd 0.274); contributing runs 83
september,"8-agent (all, pooled)",all 8-agent runs (pooled),pooled,"H1 agent FE (investor, trustee within run) + round: give_align alignment -> giving gap",-0.0070728710832746,-0.0190630078780666,0.0049172657115174,0.244284752636078,1.0,90.0,2626,no detectable effect,per SD of measure (raw sd 0.197); contributing runs 85
september,"8-agent (all, pooled)",all 8-agent runs (pooled),pooled,H1 vs non-partner placebo: give_align alignment -> giving gap,-0.0108578237627128,-0.0204942823291787,-0.0012213651962469,0.0276613343074939,0.387258680304915,90.0,2626,suggestive,partner alignment coef shown; non-partner placebo coef -0.0091 (p 0.193); per SD of measure (raw sd 0.197); contributing runs 84
september,"8-agent (all, pooled)",all 8-agent runs (pooled),pooled,H1 first meetings: give_align alignment -> giving gap,-0.02062706627333,-0.0384661986784765,-0.0027879338681835,0.0239348836620048,0.359023254930072,90.0,1584,suggestive,per SD of measure (raw sd 0.198); contributing runs 79
september,"8-agent (all, pooled)",all 8-agent runs (pooled),pooled,"H1 agent FE (investor, trustee within run) + round: myth_cos alignment -> giving gap",-0.0001419973608375,-0.0082294686724411,0.007945473950766,0.9722481581432594,1.0,90.0,2626,no detectable effect,per SD of measure (raw sd 0.101); contributing runs 90
september,"8-agent (all, pooled)",all 8-agent runs (pooled),pooled,H1 vs non-partner placebo: myth_cos alignment -> giving gap,0.0026970250743574,-0.0065876639909049,0.0119817141396198,0.5652754511220219,1.0,90.0,2626,no detectable effect,partner alignment coef shown; non-partner placebo coef +0.0016 (p 0.773); per SD of measure (raw sd 0.101); contributing runs 89
september,"8-agent (all, pooled)",all 8-agent runs (pooled),pooled,H1 first meetings: myth_cos alignment -> giving gap,0.0083619757351873,-0.0071577481014237,0.0238816995717984,0.2872541804203251,1.0,90.0,1584,no detectable effect,per SD of measure (raw sd 0.098); contributing runs 84
september,"8-agent (all, pooled)",all 8-agent runs (pooled),pooled,H1 DeepSeek labels: same_label alignment -> giving gap,0.0007614822605874,-0.005610179173517,0.0071331436946919,0.8128415600042647,1.0,90.0,2626,no detectable effect,GLM level controls; GLM-label primary -0.0024 (p 0.437); per SD of measure (raw sd 0.494); contributing runs 87
september,2-agent homogeneous,GPT dyads,GPT,"H1 agent FE (investor, trustee within run) + round: same_label alignment -> send fraction",0.0611191322925693,-0.1399535504473604,0.2621918150324991,0.5090247563653575,,10.0,81,underpowered,per SD of measure (raw sd 0.437); contributing runs 5; underpowered (fixed effects saturate the data: residual df 15)
september,2-agent homogeneous,GPT dyads,GPT,"H1 agent FE (investor, trustee within run) + round: moral_cos alignment -> send fraction",-0.006348089326912,-0.1006317541136698,0.0879355754598456,0.8823020097069805,,10.0,81,underpowered,per SD of measure (raw sd 0.071); contributing runs 9; underpowered (fixed effects saturate the data: residual df 15)
september,2-agent homogeneous,GPT dyads,GPT,"H1 agent FE (investor, trustee within run) + round: rule_index alignment -> send fraction",0.0076794729999467,-0.1523841536018823,0.1677430996017758,0.91595416948873,,10.0,80,underpowered,per SD of measure (raw sd 0.270); contributing runs 9; underpowered (fixed effects saturate the data: residual df 14)
september,2-agent homogeneous,GPT dyads,GPT,"H1 agent FE (investor, trustee within run) + round: give_align alignment -> send fraction",0.0214435379974169,-0.1384641403710889,0.1813512163659228,0.7685153839737283,,10.0,81,underpowered,per SD of measure (raw sd 0.167); contributing runs 9; underpowered (fixed effects saturate the data: residual df 15)
september,2-agent homogeneous,GPT dyads,GPT,"H1 agent FE (investor, trustee within run) + round: myth_cos alignment -> send fraction",0.1011554319074595,-0.1227614923795868,0.3250723561945059,0.3334926188308132,,10.0,81,underpowered,per SD of measure (raw sd 0.062); contributing runs 9; underpowered (fixed effects saturate the data: residual df 15)
september,2-agent homogeneous,GPT dyads,GPT,H1 DeepSeek labels: same_label alignment -> send fraction,-0.0121405350827707,-0.0623435046054176,0.0380624344398762,0.5976416787920267,,10.0,81,underpowered,GLM level controls; GLM-label primary +0.0688 (p 0.118); per SD of measure (raw sd 0.437); contributing runs 7
september,2-agent homogeneous,GPT dyads,GPT,"H1 agent FE (investor, trustee within run) + round: same_label alignment -> return proportion",0.0195962706644794,-0.0742653828625783,0.1134579241915371,0.6479622338604266,,10.0,79,underpowered,per SD of measure (raw sd 0.437); contributing runs 6; underpowered (fixed effects saturate the data: residual df 13)
september,2-agent homogeneous,GPT dyads,GPT,"H1 agent FE (investor, trustee within run) + round: moral_cos alignment -> return proportion",-0.0019971108491835,-0.0715071235719588,0.0675129018735917,0.9495990426865808,,10.0,79,underpowered,per SD of measure (raw sd 0.071); contributing runs 10; underpowered (fixed effects saturate the data: residual df 13)
september,2-agent homogeneous,GPT dyads,GPT,"H1 agent FE (investor, trustee within run) + round: rule_index alignment -> return proportion",0.0067590372864144,-0.0443300521064986,0.0578481266793275,0.7715215221839082,,10.0,78,underpowered,per SD of measure (raw sd 0.270); contributing runs 10; underpowered (fixed effects saturate the data: residual df 12)
september,2-agent homogeneous,GPT dyads,GPT,"H1 agent FE (investor, trustee within run) + round: give_align alignment -> return proportion",-0.0256764164468428,-0.0951755299732013,0.0438226970795157,0.4249250913090564,,10.0,79,underpowered,per SD of measure (raw sd 0.167); contributing runs 9; underpowered (fixed effects saturate the data: residual df 13)
september,2-agent homogeneous,GPT dyads,GPT,"H1 agent FE (investor, trustee within run) + round: myth_cos alignment -> return proportion",0.0158913304417681,-0.0778110969094174,0.1095937577929537,0.7101456203230168,,10.0,79,underpowered,per SD of measure (raw sd 0.062); contributing runs 10; underpowered (fixed effects saturate the data: residual df 13)
september,2-agent homogeneous,GPT dyads,GPT,H1 DeepSeek labels: same_label alignment -> return proportion,0.0024563059913819,-0.025634964757565,0.0305475767403289,0.8475943394609098,0.8475943394609098,10.0,79,no detectable effect,GLM level controls; GLM-label primary +0.0085 (p 0.805); per SD of measure (raw sd 0.437); contributing runs 8
september,2-agent homogeneous,GPT dyads,GPT,"H1 agent FE (investor, trustee within run) + round: same_label alignment -> giving gap",-0.0239557950420825,-0.152401574200059,0.1044899841158938,0.6829943087012912,,10.0,79,underpowered,per SD of measure (raw sd 0.437); contributing runs 6; underpowered (fixed effects saturate the data: residual df 13)
september,2-agent homogeneous,GPT dyads,GPT,"H1 agent FE (investor, trustee within run) + round: moral_cos alignment -> giving gap",0.0018487423293074,-0.0755256788931752,0.0792231635517902,0.958075523057107,,10.0,79,underpowered,per SD of measure (raw sd 0.071); contributing runs 10; underpowered (fixed effects saturate the data: residual df 13)
september,2-agent homogeneous,GPT dyads,GPT,"H1 agent FE (investor, trustee within run) + round: rule_index alignment -> giving gap",0.0324274789451251,-0.0674912917396652,0.1323462496299154,0.4815409621423028,,10.0,78,underpowered,per SD of measure (raw sd 0.270); contributing runs 10; underpowered (fixed effects saturate the data: residual df 12)
september,2-agent homogeneous,GPT dyads,GPT,"H1 agent FE (investor, trustee within run) + round: give_align alignment -> giving gap",0.0279431286841313,-0.0937124073591551,0.1495986647274178,0.6158811683491454,,10.0,79,underpowered,per SD of measure (raw sd 0.167); contributing runs 9; underpowered (fixed effects saturate the data: residual df 13)
september,2-agent homogeneous,GPT dyads,GPT,"H1 agent FE (investor, trustee within run) + round: myth_cos alignment -> giving gap",0.0483572397624742,-0.1649495525491771,0.2616640320741256,0.6204144521323657,,10.0,79,underpowered,per SD of measure (raw sd 0.062); contributing runs 10; underpowered (fixed effects saturate the data: residual df 13)
september,2-agent homogeneous,GPT dyads,GPT,H1 DeepSeek labels: same_label alignment -> giving gap,-0.0340488091260488,-0.0692305046990635,0.0011328864469658,0.056313241035144,0.112626482070288,10.0,79,no detectable effect,GLM level controls; GLM-label primary +0.0081 (p 0.830); per SD of measure (raw sd 0.437); contributing runs 8
september,2-agent homogeneous,Gemini dyads,Gemini,"H1 agent FE (investor, trustee within run) + round: same_label alignment -> return proportion",-0.005018107866695,-0.0150103281335091,0.0049741124001189,0.2852772500597267,0.8558317501791803,10.0,90,no detectable effect,per SD of measure (raw sd 0.502); contributing runs 10
september,2-agent homogeneous,Gemini dyads,Gemini,"H1 agent FE (investor, trustee within run) + round: moral_cos alignment -> return proportion",0.0016183849409616,-0.0133967089925255,0.0166334788744488,0.8128342378997663,1.0,10.0,90,no detectable effect,per SD of measure (raw sd 0.082); contributing runs 10
september,2-agent homogeneous,Gemini dyads,Gemini,"H1 agent FE (investor, trustee within run) + round: rule_index alignment -> return proportion",-0.007227854099507,-0.0192049404655053,0.0047492322664912,0.2053535892859511,,10.0,90,underpowered,per SD of measure (raw sd 0.112); contributing runs 7
september,2-agent homogeneous,Gemini dyads,Gemini,"H1 agent FE (investor, trustee within run) + round: give_align alignment -> return proportion",,,,,,10.0,95,not estimable: ceiling,per SD of measure (raw sd 0.000); contributing runs 0; not estimable: ceiling (measure give_align constant)
september,2-agent homogeneous,Gemini dyads,Gemini,"H1 agent FE (investor, trustee within run) + round: myth_cos alignment -> return proportion",-0.0052681588874734,-0.0224150142602272,0.0118786964852803,0.5045895320065803,1.0,10.0,90,no detectable effect,per SD of measure (raw sd 0.079); contributing runs 10
september,2-agent homogeneous,Gemini dyads,Gemini,H1 DeepSeek labels: same_label alignment -> return proportion,0.005140004975861,-0.014367337707867,0.024647347659589,0.5658240214307637,0.5658240214307637,10.0,90,no detectable effect,GLM level controls; GLM-label primary -0.0013 (p 0.726); per SD of measure (raw sd 0.502); contributing runs 10
september,2-agent homogeneous,Sonnet dyads,Sonnet,"H1 agent FE (investor, trustee within run) + round: same_label alignment -> send fraction",0.0022903774633337,-0.0088397603466016,0.0134205152732692,0.6526250454287172,,10.0,90,underpowered,per SD of measure (raw sd 0.502); contributing runs 7
september,2-agent homogeneous,Sonnet dyads,Sonnet,"H1 agent FE (investor, trustee within run) + round: moral_cos alignment -> send fraction",-0.0002754247707222,-0.004710244272518,0.0041593947310734,0.8913658026454789,,10.0,90,underpowered,per SD of measure (raw sd 0.110); contributing runs 7
september,2-agent homogeneous,Sonnet dyads,Sonnet,"H1 agent FE (investor, trustee within run) + round: rule_index alignment -> send fraction",0.0029258786389822,-0.0164631712327769,0.0223149285107413,0.7406614123620883,,10.0,90,underpowered,per SD of measure (raw sd 0.234); contributing runs 7
september,2-agent homogeneous,Sonnet dyads,Sonnet,"H1 agent FE (investor, trustee within run) + round: give_align alignment -> send fraction",0.0015501854319133,-0.0052007974275104,0.0083011682913371,0.6159824835899528,,10.0,90,underpowered,per SD of measure (raw sd 0.100); contributing runs 7
september,2-agent homogeneous,Sonnet dyads,Sonnet,"H1 agent FE (investor, trustee within run) + round: myth_cos alignment -> send fraction",-0.0042256923008693,-0.020652404140942,0.0122010195392034,0.5748994648160531,,10.0,90,underpowered,per SD of measure (raw sd 0.064); contributing runs 7
september,2-agent homogeneous,Sonnet dyads,Sonnet,H1 DeepSeek labels: same_label alignment -> send fraction,0.0012044878331471,-0.007173892910007,0.0095828685763014,0.7524542178505811,,10.0,90,underpowered,GLM level controls; GLM-label primary +0.0041 (p 0.328); per SD of measure (raw sd 0.502); contributing runs 6
september,2-agent homogeneous,Sonnet dyads,Sonnet,"H1 agent FE (investor, trustee within run) + round: same_label alignment -> return proportion",0.0032600257067834,-0.0152116294815465,0.0217316808951134,0.6990216766224939,1.0,10.0,90,no detectable effect,per SD of measure (raw sd 0.502); contributing runs 10
september,2-agent homogeneous,Sonnet dyads,Sonnet,"H1 agent FE (investor, trustee within run) + round: moral_cos alignment -> return proportion",-0.0070071106544446,-0.027479994397773,0.0134657730888837,0.4586369995493027,1.0,10.0,90,no detectable effect,per SD of measure (raw sd 0.110); contributing runs 10
september,2-agent homogeneous,Sonnet dyads,Sonnet,"H1 agent FE (investor, trustee within run) + round: rule_index alignment -> return proportion",-0.0117487589194282,-0.0354023202930103,0.0119048024541537,0.2902519571410923,1.0,10.0,90,no detectable effect,per SD of measure (raw sd 0.234); contributing runs 10
september,2-agent homogeneous,Sonnet dyads,Sonnet,"H1 agent FE (investor, trustee within run) + round: give_align alignment -> return proportion",-0.006619114482302,-0.0373041644190066,0.0240659354544024,0.6372364109178345,1.0,10.0,90,no detectable effect,per SD of measure (raw sd 0.100); contributing runs 10
september,2-agent homogeneous,Sonnet dyads,Sonnet,"H1 agent FE (investor, trustee within run) + round: myth_cos alignment -> return proportion",0.0047893794481356,-0.0459519905429816,0.055530749439253,0.8356794662349586,1.0,10.0,90,no detectable effect,per SD of measure (raw sd 0.064); contributing runs 10
september,2-agent homogeneous,Sonnet dyads,Sonnet,H1 DeepSeek labels: same_label alignment -> return proportion,0.0025130672458839,-0.0158889688555433,0.0209151033473112,0.7644060769116973,1.0,10.0,90,no detectable effect,GLM level controls; GLM-label primary +0.0055 (p 0.330); per SD of measure (raw sd 0.502); contributing runs 9
september,2-agent homogeneous,Sonnet dyads,Sonnet,"H1 agent FE (investor, trustee within run) + round: same_label alignment -> giving gap",7.029224993893891e-05,-0.0254825895711756,0.0256231740710534,0.9951706574490132,1.0,10.0,90,no detectable effect,per SD of measure (raw sd 0.502); contributing runs 10
september,2-agent homogeneous,Sonnet dyads,Sonnet,"H1 agent FE (investor, trustee within run) + round: moral_cos alignment -> giving gap",0.0061701410688558,-0.0104160824264669,0.0227563645641785,0.421846679791071,1.0,10.0,90,no detectable effect,per SD of measure (raw sd 0.110); contributing runs 10
september,2-agent homogeneous,Sonnet dyads,Sonnet,"H1 agent FE (investor, trustee within run) + round: rule_index alignment -> giving gap",0.013319105086305,-0.010200110399255,0.0368383205718651,0.2321901599340654,1.0,10.0,90,no detectable effect,per SD of measure (raw sd 0.234); contributing runs 10
september,2-agent homogeneous,Sonnet dyads,Sonnet,"H1 agent FE (investor, trustee within run) + round: give_align alignment -> giving gap",0.0065765768340533,-0.02458644456984,0.0377395982379466,0.6444569435318384,1.0,10.0,90,no detectable effect,per SD of measure (raw sd 0.100); contributing runs 10
september,2-agent homogeneous,Sonnet dyads,Sonnet,"H1 agent FE (investor, trustee within run) + round: myth_cos alignment -> giving gap",-0.0129705150782359,-0.0588497777087289,0.0329087475522569,0.5384116567769315,1.0,10.0,90,no detectable effect,per SD of measure (raw sd 0.064); contributing runs 10
september,2-agent homogeneous,Sonnet dyads,Sonnet,H1 DeepSeek labels: same_label alignment -> giving gap,-0.0027573375280788,-0.0201321372493072,0.0146174621931494,0.7278739848897733,1.0,10.0,90,no detectable effect,GLM level controls; GLM-label primary -0.0012 (p 0.859); per SD of measure (raw sd 0.502); contributing runs 9
september,2-agent mixed,Gemini+GPT dyads,mixed,"H1 agent FE (investor, trustee within run) + round: same_label alignment -> send fraction",0.01755203677969,-0.0149495467040208,0.0500536202634009,0.259620166543304,,12.0,105,underpowered,per SD of measure (raw sd 0.502); contributing runs 7
september,2-agent mixed,Gemini+GPT dyads,mixed,"H1 agent FE (investor, trustee within run) + round: moral_cos alignment -> send fraction",-0.0085869805693022,-0.0314230227537254,0.0142490616151208,0.4254706787090354,,12.0,104,underpowered,per SD of measure (raw sd 0.082); contributing runs 7
september,2-agent mixed,Gemini+GPT dyads,mixed,"H1 agent FE (investor, trustee within run) + round: rule_index alignment -> send fraction",-0.0189819798505989,-0.0852216595116208,0.047257699810423,0.541102588445278,,12.0,104,underpowered,per SD of measure (raw sd 0.273); contributing runs 7
september,2-agent mixed,Gemini+GPT dyads,mixed,"H1 agent FE (investor, trustee within run) + round: give_align alignment -> send fraction",0.0016288641568735,-0.005835760420637,0.0090934887343841,0.6404376118823385,,12.0,105,underpowered,per SD of measure (raw sd 0.256); contributing runs 7
september,2-agent mixed,Gemini+GPT dyads,mixed,"H1 agent FE (investor, trustee within run) + round: myth_cos alignment -> send fraction",-0.0066126413277019,-0.0658023075515166,0.0525770248961128,0.8102928305756699,,12.0,105,underpowered,per SD of measure (raw sd 0.089); contributing runs 7
september,2-agent mixed,Gemini+GPT dyads,mixed,H1 DeepSeek labels: same_label alignment -> send fraction,0.0046475264838504,-0.0203976650403582,0.0296927180080592,0.6907980746940253,,12.0,105,underpowered,GLM level controls; GLM-label primary +0.0180 (p 0.024); per SD of measure (raw sd 0.502); contributing runs 6
september,2-agent mixed,Gemini+GPT dyads,mixed,"H1 agent FE (investor, trustee within run) + round: same_label alignment -> return proportion",-0.0013755304979237,-0.0147596707494863,0.0120086097536387,0.8251923984418543,1.0,12.0,105,no detectable effect,per SD of measure (raw sd 0.502); contributing runs 12
september,2-agent mixed,Gemini+GPT dyads,mixed,"H1 agent FE (investor, trustee within run) + round: moral_cos alignment -> return proportion",-0.009196291590803,-0.0272778366799872,0.008885253498381,0.2868076201361744,1.0,12.0,104,no detectable effect,per SD of measure (raw sd 0.082); contributing runs 12
september,2-agent mixed,Gemini+GPT dyads,mixed,"H1 agent FE (investor, trustee within run) + round: rule_index alignment -> return proportion",0.011194075041221,-0.0211295869086845,0.0435177369911266,0.4619555326955014,1.0,12.0,104,no detectable effect,per SD of measure (raw sd 0.273); contributing runs 12
september,2-agent mixed,Gemini+GPT dyads,mixed,"H1 agent FE (investor, trustee within run) + round: give_align alignment -> return proportion",0.0010838429316563,-0.0054179474374022,0.0075856333007149,0.720652192244249,1.0,12.0,105,no detectable effect,per SD of measure (raw sd 0.256); contributing runs 12
september,2-agent mixed,Gemini+GPT dyads,mixed,"H1 agent FE (investor, trustee within run) + round: myth_cos alignment -> return proportion",0.0031758978432201,-0.0162413666711701,0.0225931623576105,0.7256679293537561,1.0,12.0,105,no detectable effect,per SD of measure (raw sd 0.089); contributing runs 12
september,2-agent mixed,Gemini+GPT dyads,mixed,H1 DeepSeek labels: same_label alignment -> return proportion,0.0026748437267804,-0.0100544354918377,0.0154041229453985,0.652737013576129,1.0,12.0,105,no detectable effect,GLM level controls; GLM-label primary -0.0003 (p 0.956); per SD of measure (raw sd 0.502); contributing runs 11
september,2-agent mixed,Gemini+GPT dyads,mixed,"H1 agent FE (investor, trustee within run) + round: same_label alignment -> giving gap",0.0180564380041882,-0.0155920945828863,0.0517049705912629,0.2624739338668972,1.0,12.0,105,no detectable effect,per SD of measure (raw sd 0.502); contributing runs 12
september,2-agent mixed,Gemini+GPT dyads,mixed,"H1 agent FE (investor, trustee within run) + round: moral_cos alignment -> giving gap",0.001207915177942,-0.0300438866895456,0.0324597170454296,0.9337340162691248,1.0,12.0,104,no detectable effect,per SD of measure (raw sd 0.082); contributing runs 12
september,2-agent mixed,Gemini+GPT dyads,mixed,"H1 agent FE (investor, trustee within run) + round: rule_index alignment -> giving gap",-0.0281423688599801,-0.0913174076641853,0.035032669944225,0.3479288549245094,1.0,12.0,104,no detectable effect,per SD of measure (raw sd 0.273); contributing runs 12
september,2-agent mixed,Gemini+GPT dyads,mixed,"H1 agent FE (investor, trustee within run) + round: give_align alignment -> giving gap",0.0002164591797249,-0.0114705294477625,0.0119034478072124,0.968213515514737,1.0,12.0,105,no detectable effect,per SD of measure (raw sd 0.256); contributing runs 12
september,2-agent mixed,Gemini+GPT dyads,mixed,"H1 agent FE (investor, trustee within run) + round: myth_cos alignment -> giving gap",-0.0119307868947187,-0.0636165777367436,0.0397550039473062,0.6214444163745607,1.0,12.0,105,no detectable effect,per SD of measure (raw sd 0.089); contributing runs 12
september,2-agent mixed,Gemini+GPT dyads,mixed,H1 DeepSeek labels: same_label alignment -> giving gap,0.0015908003996354,-0.0184874742662848,0.0216690750655558,0.8647318163104782,1.0,12.0,105,no detectable effect,GLM level controls; GLM-label primary +0.0176 (p 0.089); per SD of measure (raw sd 0.502); contributing runs 11
september,2-agent mixed,Sonnet+GPT dyads,mixed,"H1 agent FE (investor, trustee within run) + round: same_label alignment -> send fraction",0.0288999047532273,-0.021986887917914,0.0797866974243687,0.237240783760139,1.0,12.0,104,no detectable effect,per SD of measure (raw sd 0.487); contributing runs 10
september,2-agent mixed,Sonnet+GPT dyads,mixed,"H1 agent FE (investor, trustee within run) + round: moral_cos alignment -> send fraction",-0.0171512529834199,-0.0793128160002624,0.0450103100334225,0.5559914542633815,1.0,12.0,102,no detectable effect,per SD of measure (raw sd 0.103); contributing runs 11
september,2-agent mixed,Sonnet+GPT dyads,mixed,"H1 agent FE (investor, trustee within run) + round: rule_index alignment -> send fraction",0.0141922799485708,-0.0482943934364837,0.0766789533336255,0.626995367040163,1.0,12.0,103,no detectable effect,per SD of measure (raw sd 0.258); contributing runs 11
september,2-agent mixed,Sonnet+GPT dyads,mixed,"H1 agent FE (investor, trustee within run) + round: give_align alignment -> send fraction",-0.0150351470149123,-0.0760177623169939,0.0459474682871692,0.5981941539874367,1.0,12.0,104,no detectable effect,per SD of measure (raw sd 0.186); contributing runs 11
september,2-agent mixed,Sonnet+GPT dyads,mixed,"H1 agent FE (investor, trustee within run) + round: myth_cos alignment -> send fraction",0.003841761793447,-0.0478744655926404,0.0555579891795345,0.8730891775033791,1.0,12.0,104,no detectable effect,per SD of measure (raw sd 0.075); contributing runs 11
september,2-agent mixed,Sonnet+GPT dyads,mixed,H1 DeepSeek labels: same_label alignment -> send fraction,0.0092541904520442,-0.0154800944868816,0.0339884753909702,0.4277247611257986,1.0,12.0,104,no detectable effect,GLM level controls; GLM-label primary +0.0258 (p 0.116); per SD of measure (raw sd 0.487); contributing runs 11
september,2-agent mixed,Sonnet+GPT dyads,mixed,"H1 agent FE (investor, trustee within run) + round: same_label alignment -> return proportion",0.0202700910642029,-0.035153756824212,0.0756939389526179,0.4378939225982003,1.0,12.0,103,no detectable effect,per SD of measure (raw sd 0.487); contributing runs 11
september,2-agent mixed,Sonnet+GPT dyads,mixed,"H1 agent FE (investor, trustee within run) + round: moral_cos alignment -> return proportion",0.0130673457567878,-0.0303370664534767,0.0564717579670524,0.521210161784932,1.0,12.0,101,no detectable effect,per SD of measure (raw sd 0.103); contributing runs 12
september,2-agent mixed,Sonnet+GPT dyads,mixed,"H1 agent FE (investor, trustee within run) + round: rule_index alignment -> return proportion",-0.0020553169993042,-0.0785971485159209,0.0744865145173124,0.9539314484660584,1.0,12.0,102,no detectable effect,per SD of measure (raw sd 0.258); contributing runs 12
september,2-agent mixed,Sonnet+GPT dyads,mixed,"H1 agent FE (investor, trustee within run) + round: give_align alignment -> return proportion",0.0412531876876761,-0.0229987122116484,0.1055050875870006,0.1852780083230724,1.0,12.0,103,no detectable effect,per SD of measure (raw sd 0.186); contributing runs 12
september,2-agent mixed,Sonnet+GPT dyads,mixed,"H1 agent FE (investor, trustee within run) + round: myth_cos alignment -> return proportion",-0.0014068478510009,-0.050318694006906,0.0475049983049041,0.9506579656570436,1.0,12.0,103,no detectable effect,per SD of measure (raw sd 0.075); contributing runs 12
september,2-agent mixed,Sonnet+GPT dyads,mixed,H1 DeepSeek labels: same_label alignment -> return proportion,0.0071093682330469,-0.0135595769723174,0.0277783134384113,0.4649219048697109,1.0,12.0,103,no detectable effect,GLM level controls; GLM-label primary +0.0245 (p 0.218); per SD of measure (raw sd 0.487); contributing runs 12
september,2-agent mixed,Sonnet+GPT dyads,mixed,"H1 agent FE (investor, trustee within run) + round: same_label alignment -> giving gap",0.0422163120080102,-0.0135317994792867,0.0979644234953072,0.1237546813522772,1.0,12.0,103,no detectable effect,per SD of measure (raw sd 0.487); contributing runs 11
september,2-agent mixed,Sonnet+GPT dyads,mixed,"H1 agent FE (investor, trustee within run) + round: moral_cos alignment -> giving gap",-0.0095084280291686,-0.0777396907171267,0.0587228346587893,0.7647842984509226,1.0,12.0,101,no detectable effect,per SD of measure (raw sd 0.103); contributing runs 12
september,2-agent mixed,Sonnet+GPT dyads,mixed,"H1 agent FE (investor, trustee within run) + round: rule_index alignment -> giving gap",0.0150731657521235,-0.0669252528425533,0.0970715843468004,0.6935342125761416,1.0,12.0,102,no detectable effect,per SD of measure (raw sd 0.258); contributing runs 12
september,2-agent mixed,Sonnet+GPT dyads,mixed,"H1 agent FE (investor, trustee within run) + round: give_align alignment -> giving gap",-0.0191845038447646,-0.0832385821956249,0.0448695745060955,0.523324134446203,1.0,12.0,103,no detectable effect,per SD of measure (raw sd 0.186); contributing runs 12
september,2-agent mixed,Sonnet+GPT dyads,mixed,"H1 agent FE (investor, trustee within run) + round: myth_cos alignment -> giving gap",0.0076889772333512,-0.0487189904490211,0.0640969449157237,0.7697580529521815,1.0,12.0,103,no detectable effect,per SD of measure (raw sd 0.075); contributing runs 12
september,2-agent mixed,Sonnet+GPT dyads,mixed,H1 DeepSeek labels: same_label alignment -> giving gap,0.000515547969294,-0.0310570900867021,0.0320881860252901,0.9719742954089944,1.0,12.0,103,no detectable effect,GLM level controls; GLM-label primary +0.0337 (p 0.055); per SD of measure (raw sd 0.487); contributing runs 12
september,2-agent mixed,Sonnet+Gemini dyads,mixed,"H1 agent FE (investor, trustee within run) + round: same_label alignment -> send fraction",0.0004575755754374,-0.0154223318114603,0.0163374829623353,0.9505691926421238,,12.0,108,underpowered,per SD of measure (raw sd 0.499); contributing runs 7
september,2-agent mixed,Sonnet+Gemini dyads,mixed,"H1 agent FE (investor, trustee within run) + round: moral_cos alignment -> send fraction",-0.0045207881538508,-0.0205377806873574,0.0114962043796557,0.5471078375402973,,12.0,108,underpowered,per SD of measure (raw sd 0.097); contributing runs 7
september,2-agent mixed,Sonnet+Gemini dyads,mixed,"H1 agent FE (investor, trustee within run) + round: rule_index alignment -> send fraction",0.0197319958049592,-0.0155917114696655,0.0550557030795839,0.2445412725847666,,12.0,108,underpowered,per SD of measure (raw sd 0.213); contributing runs 7
september,2-agent mixed,Sonnet+Gemini dyads,mixed,"H1 agent FE (investor, trustee within run) + round: give_align alignment -> send fraction",-3.540011330483666e-05,-0.0263689520873527,0.026298151860743,0.9976922177484164,,12.0,108,underpowered,per SD of measure (raw sd 0.108); contributing runs 7
september,2-agent mixed,Sonnet+Gemini dyads,mixed,"H1 agent FE (investor, trustee within run) + round: myth_cos alignment -> send fraction",-0.0089071933428874,-0.0305037265938908,0.012689339908116,0.3834581110851961,,12.0,108,underpowered,per SD of measure (raw sd 0.108); contributing runs 7
september,2-agent mixed,Sonnet+Gemini dyads,mixed,H1 DeepSeek labels: same_label alignment -> send fraction,-0.0002217858256237,-0.0186623472608792,0.0182187756096317,0.9793554875800988,,12.0,108,underpowered,GLM level controls; GLM-label primary -0.0007 (p 0.870); per SD of measure (raw sd 0.499); contributing runs 5
september,2-agent mixed,Sonnet+Gemini dyads,mixed,"H1 agent FE (investor, trustee within run) + round: same_label alignment -> return proportion",-0.0058641531826105,-0.0205588747162272,0.0088305683510062,0.3985404861431504,1.0,12.0,108,no detectable effect,per SD of measure (raw sd 0.499); contributing runs 12
september,2-agent mixed,Sonnet+Gemini dyads,mixed,"H1 agent FE (investor, trustee within run) + round: moral_cos alignment -> return proportion",-0.011387106329519,-0.025867440817967,0.0030932281589288,0.1113990368788291,1.0,12.0,108,no detectable effect,per SD of measure (raw sd 0.097); contributing runs 12
september,2-agent mixed,Sonnet+Gemini dyads,mixed,"H1 agent FE (investor, trustee within run) + round: rule_index alignment -> return proportion",-0.003953031270125,-0.0239471496630944,0.0160410871228442,0.6718638619149478,1.0,12.0,108,no detectable effect,per SD of measure (raw sd 0.213); contributing runs 10
september,2-agent mixed,Sonnet+Gemini dyads,mixed,"H1 agent FE (investor, trustee within run) + round: give_align alignment -> return proportion",-0.0033273897678229,-0.0260220740174307,0.0193672944817849,0.752974417583888,1.0,12.0,108,no detectable effect,per SD of measure (raw sd 0.108); contributing runs 10
september,2-agent mixed,Sonnet+Gemini dyads,mixed,"H1 agent FE (investor, trustee within run) + round: myth_cos alignment -> return proportion",-0.0130589413574903,-0.0336073947383373,0.0074895120233566,0.1894398483514832,1.0,12.0,108,no detectable effect,per SD of measure (raw sd 0.108); contributing runs 12
september,2-agent mixed,Sonnet+Gemini dyads,mixed,H1 DeepSeek labels: same_label alignment -> return proportion,-0.0013057636772431,-0.0136708247794237,0.0110592974249374,0.8204746284489539,1.0,12.0,108,no detectable effect,GLM level controls; GLM-label primary -0.0087 (p 0.044); per SD of measure (raw sd 0.499); contributing runs 10
september,2-agent mixed,Sonnet+Gemini dyads,mixed,"H1 agent FE (investor, trustee within run) + round: same_label alignment -> giving gap",0.006321728758048,-0.0112922602837561,0.0239357177998521,0.446256494354999,1.0,12.0,108,no detectable effect,per SD of measure (raw sd 0.499); contributing runs 12
september,2-agent mixed,Sonnet+Gemini dyads,mixed,"H1 agent FE (investor, trustee within run) + round: moral_cos alignment -> giving gap",0.0068663181756682,-0.0055805766160642,0.0193132129674007,0.2501058925352858,1.0,12.0,108,no detectable effect,per SD of measure (raw sd 0.097); contributing runs 12
september,2-agent mixed,Sonnet+Gemini dyads,mixed,"H1 agent FE (investor, trustee within run) + round: rule_index alignment -> giving gap",0.0236850270750842,0.0013231839422782,0.0460468702078903,0.0397833755277228,0.3978337552772281,12.0,108,suggestive,per SD of measure (raw sd 0.213); contributing runs 10
september,2-agent mixed,Sonnet+Gemini dyads,mixed,"H1 agent FE (investor, trustee within run) + round: give_align alignment -> giving gap",0.003291989654518,-0.0220205110637181,0.0286044903727542,0.7800082712981393,1.0,12.0,108,no detectable effect,per SD of measure (raw sd 0.108); contributing runs 10
september,2-agent mixed,Sonnet+Gemini dyads,mixed,"H1 agent FE (investor, trustee within run) + round: myth_cos alignment -> giving gap",0.0041517480146029,-0.0205904582910242,0.0288939543202301,0.7188958204104404,1.0,12.0,108,no detectable effect,per SD of measure (raw sd 0.108); contributing runs 12
september,2-agent mixed,Sonnet+Gemini dyads,mixed,H1 DeepSeek labels: same_label alignment -> giving gap,0.0010839778516193,-0.0218514043764686,0.0240193600797073,0.919023087397724,1.0,12.0,108,no detectable effect,GLM level controls; GLM-label primary +0.0080 (p 0.116); per SD of measure (raw sd 0.499); contributing runs 10
september,8-agent homogeneous,8 GPT,GPT,"H1 agent FE (investor, trustee within run) + round: same_label alignment -> send fraction",-0.0804678326915686,-0.5881962127943445,0.4272605474112072,0.7282198916407268,1.0,10.0,204,no detectable effect,per SD of measure (raw sd 0.473); contributing runs 10
september,8-agent homogeneous,8 GPT,GPT,H1 vs non-partner placebo: same_label alignment -> send fraction,-0.0565112266724922,-0.2450288272967489,0.1320063739517644,0.5147511801448912,1.0,10.0,204,no detectable effect,partner alignment coef shown; non-partner placebo coef -0.0681 (p 0.678); per SD of measure (raw sd 0.473); contributing runs 10
september,8-agent homogeneous,8 GPT,GPT,H1 first meetings: same_label alignment -> send fraction,-0.0025657941603924,-0.1818270527825485,0.1766954644617637,0.9748768186767844,1.0,10.0,136,no detectable effect,per SD of measure (raw sd 0.478); contributing runs 9
september,8-agent homogeneous,8 GPT,GPT,"H1 agent FE (investor, trustee within run) + round: moral_cos alignment -> send fraction",0.0395860379887912,-0.3014166315860695,0.380588707563652,0.7987655679238814,1.0,10.0,203,no detectable effect,per SD of measure (raw sd 0.089); contributing runs 10
september,8-agent homogeneous,8 GPT,GPT,H1 vs non-partner placebo: moral_cos alignment -> send fraction,0.0065858534606744,-0.0680400975315548,0.0812118044529038,0.8462008168367732,1.0,10.0,203,no detectable effect,partner alignment coef shown; non-partner placebo coef -0.0666 (p 0.222); per SD of measure (raw sd 0.089); contributing runs 10
september,8-agent homogeneous,8 GPT,GPT,H1 first meetings: moral_cos alignment -> send fraction,0.0255377439099752,-0.091337312932645,0.1424128007525956,0.6329400114088242,1.0,10.0,135,no detectable effect,per SD of measure (raw sd 0.085); contributing runs 10
september,8-agent homogeneous,8 GPT,GPT,"H1 agent FE (investor, trustee within run) + round: rule_index alignment -> send fraction",-0.0317215284209204,-0.4812684365594711,0.4178253797176303,0.8767011563977676,1.0,10.0,202,no detectable effect,per SD of measure (raw sd 0.257); contributing runs 10
september,8-agent homogeneous,8 GPT,GPT,H1 vs non-partner placebo: rule_index alignment -> send fraction,-0.0313976438594189,-0.1377465049509804,0.0749512172321425,0.5209780068589009,1.0,10.0,202,no detectable effect,partner alignment coef shown; non-partner placebo coef +0.0042 (p 0.962); per SD of measure (raw sd 0.257); contributing runs 10
september,8-agent homogeneous,8 GPT,GPT,H1 first meetings: rule_index alignment -> send fraction,-0.0327501142994089,-0.2215148608247482,0.1560146322259303,0.7038384874451528,1.0,10.0,135,no detectable effect,per SD of measure (raw sd 0.264); contributing runs 10
september,8-agent homogeneous,8 GPT,GPT,"H1 agent FE (investor, trustee within run) + round: give_align alignment -> send fraction",0.0474973983647669,-0.3835865983050952,0.478581395034629,0.808764608549127,1.0,10.0,204,no detectable effect,per SD of measure (raw sd 0.160); contributing runs 10
september,8-agent homogeneous,8 GPT,GPT,H1 vs non-partner placebo: give_align alignment -> send fraction,-0.020006269742819,-0.1408641345930575,0.1008515951074195,0.7167274590581667,1.0,10.0,204,no detectable effect,partner alignment coef shown; non-partner placebo coef -0.0137 (p 0.857); per SD of measure (raw sd 0.160); contributing runs 10
september,8-agent homogeneous,8 GPT,GPT,H1 first meetings: give_align alignment -> send fraction,-0.0624213188528858,-0.2399115609310348,0.1150689232252631,0.4467531616053953,1.0,10.0,136,no detectable effect,per SD of measure (raw sd 0.161); contributing runs 10
september,8-agent homogeneous,8 GPT,GPT,"H1 agent FE (investor, trustee within run) + round: myth_cos alignment -> send fraction",-0.0316815923123541,-0.2376452720113939,0.1742820873866856,0.735864376355996,1.0,10.0,204,no detectable effect,per SD of measure (raw sd 0.050); contributing runs 10
september,8-agent homogeneous,8 GPT,GPT,H1 vs non-partner placebo: myth_cos alignment -> send fraction,0.0434841872897656,-0.062039269855041,0.1490076444345724,0.3755679460248324,1.0,10.0,204,no detectable effect,partner alignment coef shown; non-partner placebo coef -0.1161 (p 0.064); per SD of measure (raw sd 0.050); contributing runs 10
september,8-agent homogeneous,8 GPT,GPT,H1 first meetings: myth_cos alignment -> send fraction,-0.0082776142034093,-0.1561553285054353,0.1396001000986166,0.9020197194838928,1.0,10.0,136,no detectable effect,per SD of measure (raw sd 0.051); contributing runs 10
september,8-agent homogeneous,8 GPT,GPT,H1 DeepSeek labels: same_label alignment -> send fraction,-0.0457264048379992,-0.2152399786201901,0.1237871689441916,0.5568093977696253,1.0,10.0,204,no detectable effect,GLM level controls; GLM-label primary -0.0455 (p 0.606); per SD of measure (raw sd 0.473); contributing runs 10
september,8-agent homogeneous,8 GPT,GPT,"H1 agent FE (investor, trustee within run) + round: same_label alignment -> return proportion",0.0370597955915577,0.0370597951725811,0.0370597960105343,9.90253767999103e-72,,10.0,121,underpowered,per SD of measure (raw sd 0.473); contributing runs 8; underpowered (fixed effects saturate the data: residual df -20)
september,8-agent homogeneous,8 GPT,GPT,H1 vs non-partner placebo: same_label alignment -> return proportion,0.0194614837599184,-0.0734108519624187,0.1123338194822557,0.6467625414250747,,10.0,121,underpowered,partner alignment coef shown; non-partner placebo coef -0.0152 (p 0.699); per SD of measure (raw sd 0.473); contributing runs 7
september,8-agent homogeneous,8 GPT,GPT,H1 first meetings: same_label alignment -> return proportion,0.0646372135970561,-0.0600976793172214,0.1893721065113337,0.2711939581444262,,10.0,85,underpowered,per SD of measure (raw sd 0.478); contributing runs 6; underpowered (fixed effects saturate the data: residual df 13)
september,8-agent homogeneous,8 GPT,GPT,"H1 agent FE (investor, trustee within run) + round: moral_cos alignment -> return proportion",0.0270479868904059,0.0270479857973763,0.0270479879834354,9.432751907098229e-67,,10.0,120,underpowered,per SD of measure (raw sd 0.089); contributing runs 10; underpowered (fixed effects saturate the data: residual df -21)
september,8-agent homogeneous,8 GPT,GPT,H1 vs non-partner placebo: moral_cos alignment -> return proportion,-0.002169012238843,-0.0379801452770717,0.0336421207993856,0.8940354176640709,1.0,10.0,120,no detectable effect,partner alignment coef shown; non-partner placebo coef -0.0064 (p 0.833); per SD of measure (raw sd 0.089); contributing runs 9
september,8-agent homogeneous,8 GPT,GPT,H1 first meetings: moral_cos alignment -> return proportion,-0.0048372208281481,-0.0615206946581613,0.051846253001865,0.8512086177171863,,10.0,84,underpowered,per SD of measure (raw sd 0.085); contributing runs 7; underpowered (fixed effects saturate the data: residual df 12)
september,8-agent homogeneous,8 GPT,GPT,"H1 agent FE (investor, trustee within run) + round: rule_index alignment -> return proportion",0.0892297319000317,0.0892297313080277,0.0892297324920356,8.17524921834647e-74,,10.0,120,underpowered,per SD of measure (raw sd 0.257); contributing runs 10; underpowered (fixed effects saturate the data: residual df -21)
september,8-agent homogeneous,8 GPT,GPT,H1 vs non-partner placebo: rule_index alignment -> return proportion,-0.0149726385488673,-0.0425106986074955,0.0125654215097608,0.2498958727473175,1.0,10.0,120,no detectable effect,partner alignment coef shown; non-partner placebo coef -0.0131 (p 0.773); per SD of measure (raw sd 0.257); contributing runs 9
september,8-agent homogeneous,8 GPT,GPT,H1 first meetings: rule_index alignment -> return proportion,-0.0454585212852899,-0.0963676381590842,0.0054505955885042,0.0741269267907778,,10.0,84,underpowered,per SD of measure (raw sd 0.264); contributing runs 7; underpowered (fixed effects saturate the data: residual df 12)
september,8-agent homogeneous,8 GPT,GPT,"H1 agent FE (investor, trustee within run) + round: give_align alignment -> return proportion",-0.0458307594354566,-0.045830761270575,-0.0458307576003381,8.684189983173375e-67,,10.0,121,underpowered,per SD of measure (raw sd 0.160); contributing runs 10; underpowered (fixed effects saturate the data: residual df -20)
september,8-agent homogeneous,8 GPT,GPT,H1 vs non-partner placebo: give_align alignment -> return proportion,-0.0046007991015695,-0.0735550441477114,0.0643534459445723,0.8833544784137907,1.0,10.0,121,no detectable effect,partner alignment coef shown; non-partner placebo coef -0.0395 (p 0.464); per SD of measure (raw sd 0.160); contributing runs 9
september,8-agent homogeneous,8 GPT,GPT,H1 first meetings: give_align alignment -> return proportion,-0.0385638142096819,-0.1216070972174161,0.0444794687980522,0.3208740269846765,,10.0,85,underpowered,per SD of measure (raw sd 0.161); contributing runs 7; underpowered (fixed effects saturate the data: residual df 13)
september,8-agent homogeneous,8 GPT,GPT,"H1 agent FE (investor, trustee within run) + round: myth_cos alignment -> return proportion",0.0019033558289118,0.0019033554316296,0.001903356226194,2.4681845288906942e-60,,10.0,121,underpowered,per SD of measure (raw sd 0.050); contributing runs 10; underpowered (fixed effects saturate the data: residual df -20)
september,8-agent homogeneous,8 GPT,GPT,H1 vs non-partner placebo: myth_cos alignment -> return proportion,-0.0175229749087014,-0.0860724747033588,0.0510265248859559,0.5772666830164952,1.0,10.0,121,no detectable effect,partner alignment coef shown; non-partner placebo coef -0.0369 (p 0.155); per SD of measure (raw sd 0.050); contributing runs 9
september,8-agent homogeneous,8 GPT,GPT,H1 first meetings: myth_cos alignment -> return proportion,-0.017398760564856,-0.0998876258063815,0.0650901046766694,0.6446355962755125,,10.0,85,underpowered,per SD of measure (raw sd 0.051); contributing runs 7; underpowered (fixed effects saturate the data: residual df 13)
september,8-agent homogeneous,8 GPT,GPT,H1 DeepSeek labels: same_label alignment -> return proportion,-0.0203227684371706,-0.123022765875763,0.0823772290014217,0.664988682499726,1.0,10.0,121,no detectable effect,GLM level controls; GLM-label primary +0.0212 (p 0.607); per SD of measure (raw sd 0.473); contributing runs 8
september,8-agent homogeneous,8 GPT,GPT,"H1 agent FE (investor, trustee within run) + round: same_label alignment -> giving gap",-0.0801646386853077,-0.0801646434472766,-0.0801646339233389,3.0227292342910657e-65,,10.0,121,underpowered,per SD of measure (raw sd 0.473); contributing runs 8; underpowered (fixed effects saturate the data: residual df -20)
september,8-agent homogeneous,8 GPT,GPT,H1 vs non-partner placebo: same_label alignment -> giving gap,-0.1029828108203271,-0.2419870570326319,0.0360214353919776,0.1280672390666342,,10.0,121,underpowered,partner alignment coef shown; non-partner placebo coef -0.1293 (p 0.055); per SD of measure (raw sd 0.473); contributing runs 7
september,8-agent homogeneous,8 GPT,GPT,H1 first meetings: same_label alignment -> giving gap,-0.0361919577415984,-0.1894856605785934,0.1171017450953965,0.6062210803112215,,10.0,85,underpowered,per SD of measure (raw sd 0.478); contributing runs 6; underpowered (fixed effects saturate the data: residual df 13)
september,8-agent homogeneous,8 GPT,GPT,"H1 agent FE (investor, trustee within run) + round: moral_cos alignment -> giving gap",0.0386579928203199,0.0386579859594087,0.0386579996812312,5.733877013992845e-61,,10.0,120,underpowered,per SD of measure (raw sd 0.089); contributing runs 10; underpowered (fixed effects saturate the data: residual df -21)
september,8-agent homogeneous,8 GPT,GPT,H1 vs non-partner placebo: moral_cos alignment -> giving gap,0.0186120988854588,-0.047462417200756,0.0846866149716737,0.5398555284905118,1.0,10.0,120,no detectable effect,partner alignment coef shown; non-partner placebo coef -0.0482 (p 0.425); per SD of measure (raw sd 0.089); contributing runs 9
september,8-agent homogeneous,8 GPT,GPT,H1 first meetings: moral_cos alignment -> giving gap,0.0163272713287496,-0.0750363303702805,0.1076908730277797,0.6954580992160481,,10.0,84,underpowered,per SD of measure (raw sd 0.085); contributing runs 7; underpowered (fixed effects saturate the data: residual df 12)
september,8-agent homogeneous,8 GPT,GPT,"H1 agent FE (investor, trustee within run) + round: rule_index alignment -> giving gap",-0.0638622337868597,-0.063862237785503,-0.0638622297882164,4.854929166680036e-65,,10.0,120,underpowered,per SD of measure (raw sd 0.257); contributing runs 10; underpowered (fixed effects saturate the data: residual df -21)
september,8-agent homogeneous,8 GPT,GPT,H1 vs non-partner placebo: rule_index alignment -> giving gap,-0.0120148201507894,-0.1266673662535817,0.1026377259520028,0.8179190030121676,1.0,10.0,120,no detectable effect,partner alignment coef shown; non-partner placebo coef -0.0664 (p 0.268); per SD of measure (raw sd 0.257); contributing runs 9
september,8-agent homogeneous,8 GPT,GPT,H1 first meetings: rule_index alignment -> giving gap,-0.0037268236625041,-0.0737023768777745,0.0662487295527663,0.9067496469396824,,10.0,84,underpowered,per SD of measure (raw sd 0.264); contributing runs 7; underpowered (fixed effects saturate the data: residual df 12)
september,8-agent homogeneous,8 GPT,GPT,"H1 agent FE (investor, trustee within run) + round: give_align alignment -> giving gap",0.0408712519894121,0.040871244477321,0.0408712595015032,7.856914071491159e-61,,10.0,121,underpowered,per SD of measure (raw sd 0.160); contributing runs 10; underpowered (fixed effects saturate the data: residual df -20)
september,8-agent homogeneous,8 GPT,GPT,H1 vs non-partner placebo: give_align alignment -> giving gap,-0.0027356476162059,-0.1657200141015478,0.160248718869136,0.9705407393519904,1.0,10.0,121,no detectable effect,partner alignment coef shown; non-partner placebo coef +0.0397 (p 0.690); per SD of measure (raw sd 0.160); contributing runs 9
september,8-agent homogeneous,8 GPT,GPT,H1 first meetings: give_align alignment -> giving gap,0.005531589038043,-0.0647718691685294,0.0758350472446155,0.8626724960739964,,10.0,85,underpowered,per SD of measure (raw sd 0.161); contributing runs 7; underpowered (fixed effects saturate the data: residual df 13)
september,8-agent homogeneous,8 GPT,GPT,"H1 agent FE (investor, trustee within run) + round: myth_cos alignment -> giving gap",-0.0697617110881382,-0.0697617198014348,-0.0697617023748415,2.4280310499530474e-62,,10.0,121,underpowered,per SD of measure (raw sd 0.050); contributing runs 10; underpowered (fixed effects saturate the data: residual df -20)
september,8-agent homogeneous,8 GPT,GPT,H1 vs non-partner placebo: myth_cos alignment -> giving gap,0.0536187163562702,-0.0905315711436102,0.1977690038561506,0.4218947462010618,1.0,10.0,121,no detectable effect,partner alignment coef shown; non-partner placebo coef -0.0005 (p 0.995); per SD of measure (raw sd 0.050); contributing runs 9
september,8-agent homogeneous,8 GPT,GPT,H1 first meetings: myth_cos alignment -> giving gap,0.1054143510299954,-0.1036467280230705,0.3144754300830614,0.2834618369941324,,10.0,85,underpowered,per SD of measure (raw sd 0.051); contributing runs 7; underpowered (fixed effects saturate the data: residual df 13)
september,8-agent homogeneous,8 GPT,GPT,H1 DeepSeek labels: same_label alignment -> giving gap,0.0084605166522955,-0.0988945341645077,0.1158155674690987,0.8624531891233433,1.0,10.0,121,no detectable effect,GLM level controls; GLM-label primary -0.0886 (p 0.138); per SD of measure (raw sd 0.473); contributing runs 8
september,8-agent homogeneous,8 Gemini,Gemini,"H1 agent FE (investor, trustee within run) + round: same_label alignment -> return proportion",-0.0012113397406766,-0.0049681048318092,0.0025454253504559,0.4842973683767924,1.0,10.0,360,no detectable effect,per SD of measure (raw sd 0.499); contributing runs 10
september,8-agent homogeneous,8 Gemini,Gemini,H1 vs non-partner placebo: same_label alignment -> return proportion,-0.0015945167285832,-0.0044324169315178,0.0012433834743512,0.2355858978341494,0.9423435913365976,10.0,360,no detectable effect,partner alignment coef shown; non-partner placebo coef +0.0007 (p 0.778); per SD of measure (raw sd 0.499); contributing runs 10
september,8-agent homogeneous,8 Gemini,Gemini,H1 first meetings: same_label alignment -> return proportion,-0.0040945441330869,-0.0077566550324538,-0.00043243323372,0.0322734978096543,0.1290939912386174,10.0,222,suggestive,per SD of measure (raw sd 0.498); contributing runs 10
september,8-agent homogeneous,8 Gemini,Gemini,"H1 agent FE (investor, trustee within run) + round: moral_cos alignment -> return proportion",-0.0003633110266315,-0.0059955499398365,0.0052689278865735,0.8871991210919439,1.0,10.0,356,no detectable effect,per SD of measure (raw sd 0.090); contributing runs 10
september,8-agent homogeneous,8 Gemini,Gemini,H1 vs non-partner placebo: moral_cos alignment -> return proportion,-0.0007089567795086,-0.006012233964918,0.0045943204059007,0.7692108021552915,1.0,10.0,356,no detectable effect,partner alignment coef shown; non-partner placebo coef +0.0015 (p 0.589); per SD of measure (raw sd 0.090); contributing runs 10
september,8-agent homogeneous,8 Gemini,Gemini,H1 first meetings: moral_cos alignment -> return proportion,-0.0005994652571055,-0.0098881466165371,0.008689216102326,0.8871443626777322,1.0,10.0,219,no detectable effect,per SD of measure (raw sd 0.092); contributing runs 10
september,8-agent homogeneous,8 Gemini,Gemini,"H1 agent FE (investor, trustee within run) + round: rule_index alignment -> return proportion",0.0037169090603405,-0.0055208859689946,0.0129547040896756,0.3864450537005947,1.0,10.0,360,no detectable effect,per SD of measure (raw sd 0.105); contributing runs 10
september,8-agent homogeneous,8 Gemini,Gemini,H1 vs non-partner placebo: rule_index alignment -> return proportion,0.0011030240551658,-0.0040173505789105,0.0062233986892422,0.6376875411775715,1.0,10.0,360,no detectable effect,partner alignment coef shown; non-partner placebo coef +0.0066 (p 0.399); per SD of measure (raw sd 0.105); contributing runs 10
september,8-agent homogeneous,8 Gemini,Gemini,H1 first meetings: rule_index alignment -> return proportion,-4.010612880246148e-05,-0.007897300836768,0.007817088579163,0.9910390083330248,1.0,10.0,222,no detectable effect,per SD of measure (raw sd 0.125); contributing runs 10
september,8-agent homogeneous,8 Gemini,Gemini,"H1 agent FE (investor, trustee within run) + round: give_align alignment -> return proportion",-0.0043979355445279,-0.0085445004129917,-0.0002513706760641,0.0399442042719536,,10.0,360,underpowered,per SD of measure (raw sd 0.025); contributing runs 5
september,8-agent homogeneous,8 Gemini,Gemini,H1 vs non-partner placebo: give_align alignment -> return proportion,0.0051023053934897,0.0010630775243765,0.0091415332626029,0.0188561731344408,,10.0,360,underpowered,partner alignment coef shown; non-partner placebo coef -0.0109 (p 0.002); per SD of measure (raw sd 0.025); contributing runs 5
september,8-agent homogeneous,8 Gemini,Gemini,H1 first meetings: give_align alignment -> return proportion,-0.0053790408904599,-0.0154735490768583,0.0047154672959385,0.2587726156561539,,10.0,222,underpowered,per SD of measure (raw sd 0.029); contributing runs 5
september,8-agent homogeneous,8 Gemini,Gemini,"H1 agent FE (investor, trustee within run) + round: myth_cos alignment -> return proportion",0.001480162682751,-0.004003115696448,0.0069634410619502,0.5565363727895443,1.0,10.0,360,no detectable effect,per SD of measure (raw sd 0.086); contributing runs 10
september,8-agent homogeneous,8 Gemini,Gemini,H1 vs non-partner placebo: myth_cos alignment -> return proportion,0.0006904819645814,-0.0063518893016797,0.0077328532308426,0.829422650820482,1.0,10.0,360,no detectable effect,partner alignment coef shown; non-partner placebo coef -0.0012 (p 0.561); per SD of measure (raw sd 0.086); contributing runs 10
september,8-agent homogeneous,8 Gemini,Gemini,H1 first meetings: myth_cos alignment -> return proportion,0.0008727400623779,-0.0064149747858263,0.0081604549105822,0.7925750722843975,1.0,10.0,222,no detectable effect,per SD of measure (raw sd 0.087); contributing runs 10
september,8-agent homogeneous,8 Gemini,Gemini,H1 DeepSeek labels: same_label alignment -> return proportion,-0.00181679739308,-0.0087034388230038,0.0050698440368436,0.56535551648079,0.56535551648079,10.0,360,no detectable effect,GLM level controls; GLM-label primary -0.0014 (p 0.336); per SD of measure (raw sd 0.499); contributing runs 10
september,8-agent homogeneous,8 Sonnet,Sonnet,"H1 agent FE (investor, trustee within run) + round: same_label alignment -> send fraction",0.003002509366145,-0.0102157495833582,0.0162207683156483,0.6197368803114647,1.0,10.0,360,no detectable effect,per SD of measure (raw sd 0.499); contributing runs 10
september,8-agent homogeneous,8 Sonnet,Sonnet,H1 vs non-partner placebo: same_label alignment -> send fraction,0.0003414582124659,-0.012827805451411,0.0135107218763429,0.9545092546281104,1.0,10.0,360,no detectable effect,partner alignment coef shown; non-partner placebo coef -0.0004 (p 0.946); per SD of measure (raw sd 0.499); contributing runs 10
september,8-agent homogeneous,8 Sonnet,Sonnet,H1 first meetings: same_label alignment -> send fraction,0.0027031987202173,-0.0158214187087827,0.0212278161492175,0.7488750481532177,1.0,10.0,222,no detectable effect,per SD of measure (raw sd 0.500); contributing runs 10
september,8-agent homogeneous,8 Sonnet,Sonnet,"H1 agent FE (investor, trustee within run) + round: moral_cos alignment -> send fraction",-0.0016624290701819,-0.008126863501908,0.0048020053615441,0.575015855158594,1.0,10.0,356,no detectable effect,per SD of measure (raw sd 0.103); contributing runs 10
september,8-agent homogeneous,8 Sonnet,Sonnet,H1 vs non-partner placebo: moral_cos alignment -> send fraction,0.0043590233196686,-0.0043077259143501,0.0130257725536873,0.2845970186014732,1.0,10.0,356,no detectable effect,partner alignment coef shown; non-partner placebo coef -0.0087 (p 0.014); per SD of measure (raw sd 0.103); contributing runs 10
september,8-agent homogeneous,8 Sonnet,Sonnet,H1 first meetings: moral_cos alignment -> send fraction,0.0048925845939349,-0.0197509246250205,0.0295360938128905,0.663967499045163,1.0,10.0,221,no detectable effect,per SD of measure (raw sd 0.096); contributing runs 10
september,8-agent homogeneous,8 Sonnet,Sonnet,"H1 agent FE (investor, trustee within run) + round: rule_index alignment -> send fraction",-0.0043032147722766,-0.0207535078932473,0.0121470783486941,0.5685790054769637,1.0,10.0,360,no detectable effect,per SD of measure (raw sd 0.247); contributing runs 10
september,8-agent homogeneous,8 Sonnet,Sonnet,H1 vs non-partner placebo: rule_index alignment -> send fraction,-0.0006512671107793,-0.0143669588209919,0.0130644245994333,0.9168163045451064,1.0,10.0,360,no detectable effect,partner alignment coef shown; non-partner placebo coef -0.0149 (p 0.036); per SD of measure (raw sd 0.247); contributing runs 10
september,8-agent homogeneous,8 Sonnet,Sonnet,H1 first meetings: rule_index alignment -> send fraction,0.0024609702672866,-0.0100750490924722,0.0149969896270454,0.6674642277925654,1.0,10.0,222,no detectable effect,per SD of measure (raw sd 0.244); contributing runs 10
september,8-agent homogeneous,8 Sonnet,Sonnet,"H1 agent FE (investor, trustee within run) + round: give_align alignment -> send fraction",0.0007447144352003,-0.0124735448739074,0.0139629737443081,0.9013868174824264,1.0,10.0,360,no detectable effect,per SD of measure (raw sd 0.115); contributing runs 10
september,8-agent homogeneous,8 Sonnet,Sonnet,H1 vs non-partner placebo: give_align alignment -> send fraction,-0.0034465760599976,-0.0160109023900557,0.0091177502700603,0.5502894530001052,1.0,10.0,360,no detectable effect,partner alignment coef shown; non-partner placebo coef +0.0011 (p 0.884); per SD of measure (raw sd 0.115); contributing runs 10
september,8-agent homogeneous,8 Sonnet,Sonnet,H1 first meetings: give_align alignment -> send fraction,-0.0004064199386954,-0.0165185407521914,0.0157057008748006,0.955742784260388,1.0,10.0,222,no detectable effect,per SD of measure (raw sd 0.122); contributing runs 10
september,8-agent homogeneous,8 Sonnet,Sonnet,"H1 agent FE (investor, trustee within run) + round: myth_cos alignment -> send fraction",0.0011161730665545,-0.0055739620486234,0.0078063081817324,0.7146111773855507,1.0,10.0,360,no detectable effect,per SD of measure (raw sd 0.085); contributing runs 10
september,8-agent homogeneous,8 Sonnet,Sonnet,H1 vs non-partner placebo: myth_cos alignment -> send fraction,-0.000332466802244,-0.0083203651380657,0.0076554315335776,0.9270497072082564,1.0,10.0,360,no detectable effect,partner alignment coef shown; non-partner placebo coef +0.0007 (p 0.900); per SD of measure (raw sd 0.085); contributing runs 10
september,8-agent homogeneous,8 Sonnet,Sonnet,H1 first meetings: myth_cos alignment -> send fraction,-0.0017515092869168,-0.0083404589326858,0.004837440358852,0.5624526278961756,1.0,10.0,222,no detectable effect,per SD of measure (raw sd 0.083); contributing runs 10
september,8-agent homogeneous,8 Sonnet,Sonnet,H1 DeepSeek labels: same_label alignment -> send fraction,0.0003939181493646,-0.0101405673211681,0.0109284036198974,0.934439659008064,0.934439659008064,10.0,360,no detectable effect,GLM level controls; GLM-label primary +0.0002 (p 0.964); per SD of measure (raw sd 0.499); contributing runs 9
september,8-agent homogeneous,8 Sonnet,Sonnet,"H1 agent FE (investor, trustee within run) + round: same_label alignment -> return proportion",0.003624228193179,-0.0028370669474298,0.010085523333788,0.2363184731410561,1.0,10.0,360,no detectable effect,per SD of measure (raw sd 0.499); contributing runs 10
september,8-agent homogeneous,8 Sonnet,Sonnet,H1 vs non-partner placebo: same_label alignment -> return proportion,-0.0018678157266377,-0.0171389603183977,0.0134033288651223,0.7882714916797076,1.0,10.0,360,no detectable effect,partner alignment coef shown; non-partner placebo coef +0.0036 (p 0.621); per SD of measure (raw sd 0.499); contributing runs 10
september,8-agent homogeneous,8 Sonnet,Sonnet,H1 first meetings: same_label alignment -> return proportion,-0.0067233734486967,-0.0330860418727245,0.019639294975331,0.5781319762888819,1.0,10.0,222,no detectable effect,per SD of measure (raw sd 0.500); contributing runs 10
september,8-agent homogeneous,8 Sonnet,Sonnet,"H1 agent FE (investor, trustee within run) + round: moral_cos alignment -> return proportion",0.0038496313650781,-0.0035894158492805,0.0112886785794367,0.2718043601911061,1.0,10.0,356,no detectable effect,per SD of measure (raw sd 0.103); contributing runs 10
september,8-agent homogeneous,8 Sonnet,Sonnet,H1 vs non-partner placebo: moral_cos alignment -> return proportion,0.0079559717675533,3.859954734688857e-05,0.0158733439877598,0.0491066183225782,0.7365992748386738,10.0,356,suggestive,partner alignment coef shown; non-partner placebo coef +0.0019 (p 0.750); per SD of measure (raw sd 0.103); contributing runs 10
september,8-agent homogeneous,8 Sonnet,Sonnet,H1 first meetings: moral_cos alignment -> return proportion,0.0074610792077626,-0.0051699238341153,0.0200920822496406,0.2142679300327498,1.0,10.0,221,no detectable effect,per SD of measure (raw sd 0.096); contributing runs 10
september,8-agent homogeneous,8 Sonnet,Sonnet,"H1 agent FE (investor, trustee within run) + round: rule_index alignment -> return proportion",-0.0055425467738905,-0.0231201528887736,0.0120350593409926,0.4937394534467235,1.0,10.0,360,no detectable effect,per SD of measure (raw sd 0.247); contributing runs 10
september,8-agent homogeneous,8 Sonnet,Sonnet,H1 vs non-partner placebo: rule_index alignment -> return proportion,-0.006388965634846,-0.0256607934634917,0.0128828621937996,0.4724349705790731,1.0,10.0,360,no detectable effect,partner alignment coef shown; non-partner placebo coef +0.0022 (p 0.827); per SD of measure (raw sd 0.247); contributing runs 10
september,8-agent homogeneous,8 Sonnet,Sonnet,H1 first meetings: rule_index alignment -> return proportion,-0.0114184837024645,-0.0265208713567398,0.0036839039518107,0.1213659942718744,1.0,10.0,222,no detectable effect,per SD of measure (raw sd 0.244); contributing runs 10
september,8-agent homogeneous,8 Sonnet,Sonnet,"H1 agent FE (investor, trustee within run) + round: give_align alignment -> return proportion",0.002602694486996,-0.0066543344808164,0.0118597234548086,0.5405946599201052,1.0,10.0,360,no detectable effect,per SD of measure (raw sd 0.115); contributing runs 10
september,8-agent homogeneous,8 Sonnet,Sonnet,H1 vs non-partner placebo: give_align alignment -> return proportion,0.0046769794792662,-0.0078649847481268,0.0172189437066592,0.4207627440049214,1.0,10.0,360,no detectable effect,partner alignment coef shown; non-partner placebo coef +0.0027 (p 0.693); per SD of measure (raw sd 0.115); contributing runs 10
september,8-agent homogeneous,8 Sonnet,Sonnet,H1 first meetings: give_align alignment -> return proportion,0.0057669642666734,-0.0149722219873119,0.0265061505206588,0.5449560644394127,1.0,10.0,222,no detectable effect,per SD of measure (raw sd 0.122); contributing runs 10
september,8-agent homogeneous,8 Sonnet,Sonnet,"H1 agent FE (investor, trustee within run) + round: myth_cos alignment -> return proportion",0.0001916227657945,-0.0152077675904216,0.0155910131220107,0.9781574457787136,1.0,10.0,360,no detectable effect,per SD of measure (raw sd 0.085); contributing runs 10
september,8-agent homogeneous,8 Sonnet,Sonnet,H1 vs non-partner placebo: myth_cos alignment -> return proportion,-0.0066971271095586,-0.0201419826976154,0.0067477284784982,0.2889640467302964,1.0,10.0,360,no detectable effect,partner alignment coef shown; non-partner placebo coef +0.0054 (p 0.420); per SD of measure (raw sd 0.085); contributing runs 10
september,8-agent homogeneous,8 Sonnet,Sonnet,H1 first meetings: myth_cos alignment -> return proportion,-0.0020526276191806,-0.0214768004631236,0.0173715452247623,0.8164208596333065,1.0,10.0,222,no detectable effect,per SD of measure (raw sd 0.083); contributing runs 10
september,8-agent homogeneous,8 Sonnet,Sonnet,H1 DeepSeek labels: same_label alignment -> return proportion,0.0062565492724378,-0.0010746783671808,0.0135877769120565,0.0855970503822069,0.2567911511466209,10.0,360,no detectable effect,GLM level controls; GLM-label primary -0.0008 (p 0.887); per SD of measure (raw sd 0.499); contributing runs 10
september,8-agent homogeneous,8 Sonnet,Sonnet,"H1 agent FE (investor, trustee within run) + round: same_label alignment -> giving gap",-0.0008233935334268,-0.0131096903905663,0.0114629033237126,0.8828435747536687,1.0,10.0,360,no detectable effect,per SD of measure (raw sd 0.499); contributing runs 10
september,8-agent homogeneous,8 Sonnet,Sonnet,H1 vs non-partner placebo: same_label alignment -> giving gap,0.0020092762642915,-0.0218155610199276,0.0258341135485107,0.8529322471629198,1.0,10.0,360,no detectable effect,partner alignment coef shown; non-partner placebo coef -0.0037 (p 0.759); per SD of measure (raw sd 0.499); contributing runs 10
september,8-agent homogeneous,8 Sonnet,Sonnet,H1 first meetings: same_label alignment -> giving gap,0.0091367360247014,-0.0202420917824051,0.0385155638318079,0.4995232539012787,1.0,10.0,222,no detectable effect,per SD of measure (raw sd 0.500); contributing runs 10
september,8-agent homogeneous,8 Sonnet,Sonnet,"H1 agent FE (investor, trustee within run) + round: moral_cos alignment -> giving gap",-0.0057847107900814,-0.0138336629411588,0.0022642413609959,0.1384385613058385,1.0,10.0,356,no detectable effect,per SD of measure (raw sd 0.103); contributing runs 10
september,8-agent homogeneous,8 Sonnet,Sonnet,H1 vs non-partner placebo: moral_cos alignment -> giving gap,-0.0037546358286734,-0.0163458590516528,0.0088365873943058,0.5169045551832487,1.0,10.0,356,no detectable effect,partner alignment coef shown; non-partner placebo coef -0.0102 (p 0.104); per SD of measure (raw sd 0.103); contributing runs 10
september,8-agent homogeneous,8 Sonnet,Sonnet,H1 first meetings: moral_cos alignment -> giving gap,-0.0027096356725512,-0.0321989094762666,0.026779638131164,0.8399662275671543,1.0,10.0,221,no detectable effect,per SD of measure (raw sd 0.096); contributing runs 10
september,8-agent homogeneous,8 Sonnet,Sonnet,"H1 agent FE (investor, trustee within run) + round: rule_index alignment -> giving gap",0.000650106632417,-0.0183365231409182,0.0196367364057524,0.9399548298820368,1.0,10.0,360,no detectable effect,per SD of measure (raw sd 0.247); contributing runs 10
september,8-agent homogeneous,8 Sonnet,Sonnet,H1 vs non-partner placebo: rule_index alignment -> giving gap,0.0052788253340087,-0.0132000023158494,0.0237576529838669,0.5342613015041899,1.0,10.0,360,no detectable effect,partner alignment coef shown; non-partner placebo coef -0.0167 (p 0.064); per SD of measure (raw sd 0.247); contributing runs 10
september,8-agent homogeneous,8 Sonnet,Sonnet,H1 first meetings: rule_index alignment -> giving gap,0.0132833347977882,-0.0056075782368369,0.0321742478324134,0.1461499283968407,1.0,10.0,222,no detectable effect,per SD of measure (raw sd 0.244); contributing runs 10
september,8-agent homogeneous,8 Sonnet,Sonnet,"H1 agent FE (investor, trustee within run) + round: give_align alignment -> giving gap",-0.001966950043791,-0.0098377487568933,0.0059038486693112,0.5856682596511968,1.0,10.0,360,no detectable effect,per SD of measure (raw sd 0.115); contributing runs 10
september,8-agent homogeneous,8 Sonnet,Sonnet,H1 vs non-partner placebo: give_align alignment -> giving gap,-0.0084031859225014,-0.0284876263663167,0.0116812545213137,0.3686255679533768,1.0,10.0,360,no detectable effect,partner alignment coef shown; non-partner placebo coef -0.0008 (p 0.900); per SD of measure (raw sd 0.115); contributing runs 10
september,8-agent homogeneous,8 Sonnet,Sonnet,H1 first meetings: give_align alignment -> giving gap,-0.0060836978825144,-0.0382462647204885,0.0260788689554597,0.6787826070423872,1.0,10.0,222,no detectable effect,per SD of measure (raw sd 0.122); contributing runs 10
september,8-agent homogeneous,8 Sonnet,Sonnet,"H1 agent FE (investor, trustee within run) + round: myth_cos alignment -> giving gap",0.0013434829554397,-0.0103431546024685,0.0130301205133479,0.8006728986320123,1.0,10.0,360,no detectable effect,per SD of measure (raw sd 0.085); contributing runs 10
september,8-agent homogeneous,8 Sonnet,Sonnet,H1 vs non-partner placebo: myth_cos alignment -> giving gap,0.0062612929891028,-0.0065577968033108,0.0190803827815166,0.297857301557021,1.0,10.0,360,no detectable effect,partner alignment coef shown; non-partner placebo coef -0.0044 (p 0.537); per SD of measure (raw sd 0.085); contributing runs 10
september,8-agent homogeneous,8 Sonnet,Sonnet,H1 first meetings: myth_cos alignment -> giving gap,6.268966538335659e-05,-0.0187656808342499,0.0188910601650166,0.9941547616996164,1.0,10.0,222,no detectable effect,per SD of measure (raw sd 0.083); contributing runs 10
september,8-agent homogeneous,8 Sonnet,Sonnet,H1 DeepSeek labels: same_label alignment -> giving gap,-0.0057368114029625,-0.018644913589257,0.007171290783332,0.3409768293997844,0.6819536587995688,10.0,360,no detectable effect,GLM level controls; GLM-label primary +0.0009 (p 0.915); per SD of measure (raw sd 0.499); contributing runs 10
september,8-agent mixed,1 GPT + 7 Sonnet,mixed,"H1 agent FE (investor, trustee within run) + round: same_label alignment -> send fraction",0.022137791830868,-0.0205203252467093,0.0647959089084454,0.2705374111733892,1.0,10.0,356,no detectable effect,per SD of measure (raw sd 0.485); contributing runs 10
september,8-agent mixed,1 GPT + 7 Sonnet,mixed,H1 vs non-partner placebo: same_label alignment -> send fraction,0.0097790863818699,-0.0264139165059673,0.0459720892697071,0.5561759577511258,1.0,10.0,356,no detectable effect,partner alignment coef shown; non-partner placebo coef +0.0017 (p 0.911); per SD of measure (raw sd 0.485); contributing runs 10
september,8-agent mixed,1 GPT + 7 Sonnet,mixed,H1 first meetings: same_label alignment -> send fraction,0.0028529432091678,-0.0446217428162215,0.0503276292345572,0.8948592027115376,1.0,10.0,218,no detectable effect,per SD of measure (raw sd 0.495); contributing runs 10
september,8-agent mixed,1 GPT + 7 Sonnet,mixed,"H1 agent FE (investor, trustee within run) + round: moral_cos alignment -> send fraction",-0.0032287589749825,-0.0268534339657846,0.0203959160158195,0.7642323878492672,1.0,10.0,353,no detectable effect,per SD of measure (raw sd 0.105); contributing runs 10
september,8-agent mixed,1 GPT + 7 Sonnet,mixed,H1 vs non-partner placebo: moral_cos alignment -> send fraction,0.0029050026031538,-0.0146993436310288,0.0205093488373364,0.7175715302960708,1.0,10.0,353,no detectable effect,partner alignment coef shown; non-partner placebo coef +0.0018 (p 0.868); per SD of measure (raw sd 0.105); contributing runs 10
september,8-agent mixed,1 GPT + 7 Sonnet,mixed,H1 first meetings: moral_cos alignment -> send fraction,0.0051251987412697,-0.0198467138716504,0.0300971113541899,0.653471762921084,1.0,10.0,217,no detectable effect,per SD of measure (raw sd 0.100); contributing runs 10
september,8-agent mixed,1 GPT + 7 Sonnet,mixed,"H1 agent FE (investor, trustee within run) + round: rule_index alignment -> send fraction",-0.0015269697661646,-0.0167546574644105,0.0137007179320813,0.8256168877887498,1.0,10.0,356,no detectable effect,per SD of measure (raw sd 0.247); contributing runs 10
september,8-agent mixed,1 GPT + 7 Sonnet,mixed,H1 vs non-partner placebo: rule_index alignment -> send fraction,0.0063399301702833,-0.0130974294383335,0.0257772897789002,0.4793992798176013,1.0,10.0,356,no detectable effect,partner alignment coef shown; non-partner placebo coef -0.0108 (p 0.654); per SD of measure (raw sd 0.247); contributing runs 10
september,8-agent mixed,1 GPT + 7 Sonnet,mixed,H1 first meetings: rule_index alignment -> send fraction,-0.0104150911734334,-0.0485128793304839,0.0276826969836171,0.5516238998247994,1.0,10.0,218,no detectable effect,per SD of measure (raw sd 0.244); contributing runs 10
september,8-agent mixed,1 GPT + 7 Sonnet,mixed,"H1 agent FE (investor, trustee within run) + round: give_align alignment -> send fraction",-0.0071074133646439,-0.0270813355461847,0.0128665088168969,0.4415916811511087,1.0,10.0,356,no detectable effect,per SD of measure (raw sd 0.118); contributing runs 10
september,8-agent mixed,1 GPT + 7 Sonnet,mixed,H1 vs non-partner placebo: give_align alignment -> send fraction,0.0055881711895622,-0.0180990590484726,0.0292754014275971,0.6064923746691677,1.0,10.0,356,no detectable effect,partner alignment coef shown; non-partner placebo coef -0.0434 (p 0.029); per SD of measure (raw sd 0.118); contributing runs 10
september,8-agent mixed,1 GPT + 7 Sonnet,mixed,H1 first meetings: give_align alignment -> send fraction,-0.0134273015853314,-0.0456839394328423,0.0188293362621794,0.3709556197903078,1.0,10.0,218,no detectable effect,per SD of measure (raw sd 0.121); contributing runs 10
september,8-agent mixed,1 GPT + 7 Sonnet,mixed,"H1 agent FE (investor, trustee within run) + round: myth_cos alignment -> send fraction",-0.0096812687968446,-0.0369051263757772,0.0175425887820879,0.441861529792089,1.0,10.0,356,no detectable effect,per SD of measure (raw sd 0.080); contributing runs 10
september,8-agent mixed,1 GPT + 7 Sonnet,mixed,H1 vs non-partner placebo: myth_cos alignment -> send fraction,-0.0048767265509397,-0.0213619978411123,0.0116085447392328,0.5201641260752231,1.0,10.0,356,no detectable effect,partner alignment coef shown; non-partner placebo coef -0.0035 (p 0.824); per SD of measure (raw sd 0.080); contributing runs 10
september,8-agent mixed,1 GPT + 7 Sonnet,mixed,H1 first meetings: myth_cos alignment -> send fraction,-0.0159662562499618,-0.0524728150042404,0.0205403025043167,0.3483375965418521,1.0,10.0,218,no detectable effect,per SD of measure (raw sd 0.079); contributing runs 10
september,8-agent mixed,1 GPT + 7 Sonnet,mixed,H1 DeepSeek labels: same_label alignment -> send fraction,0.0082458099671875,-0.0194978059252175,0.0359894258595927,0.5182500761538471,1.0,10.0,356,no detectable effect,GLM level controls; GLM-label primary +0.0098 (p 0.550); per SD of measure (raw sd 0.485); contributing runs 10
september,8-agent mixed,1 GPT + 7 Sonnet,mixed,"H1 agent FE (investor, trustee within run) + round: same_label alignment -> return proportion",0.0068359999621652,-0.0129755147333871,0.0266475146577176,0.4550993120043958,1.0,10.0,355,no detectable effect,per SD of measure (raw sd 0.485); contributing runs 10
september,8-agent mixed,1 GPT + 7 Sonnet,mixed,H1 vs non-partner placebo: same_label alignment -> return proportion,0.0097099326820732,-0.0056282816299419,0.0250481469940884,0.1859242512208685,1.0,10.0,355,no detectable effect,partner alignment coef shown; non-partner placebo coef -0.0060 (p 0.497); per SD of measure (raw sd 0.485); contributing runs 10
september,8-agent mixed,1 GPT + 7 Sonnet,mixed,H1 first meetings: same_label alignment -> return proportion,0.0123677245545064,-0.0052331103107571,0.02996855941977,0.1463951637995006,1.0,10.0,217,no detectable effect,per SD of measure (raw sd 0.495); contributing runs 10
september,8-agent mixed,1 GPT + 7 Sonnet,mixed,"H1 agent FE (investor, trustee within run) + round: moral_cos alignment -> return proportion",-0.0027113022319342,-0.0192390866108737,0.0138164821470052,0.7191510341357032,1.0,10.0,352,no detectable effect,per SD of measure (raw sd 0.105); contributing runs 10
september,8-agent mixed,1 GPT + 7 Sonnet,mixed,H1 vs non-partner placebo: moral_cos alignment -> return proportion,-0.0003879768797869,-0.0106168661890257,0.0098409124294518,0.9335018890346064,1.0,10.0,352,no detectable effect,partner alignment coef shown; non-partner placebo coef -0.0027 (p 0.709); per SD of measure (raw sd 0.105); contributing runs 10
september,8-agent mixed,1 GPT + 7 Sonnet,mixed,H1 first meetings: moral_cos alignment -> return proportion,-0.003048585060707,-0.0187618042602393,0.0126646341388252,0.6710885724797351,1.0,10.0,216,no detectable effect,per SD of measure (raw sd 0.100); contributing runs 10
september,8-agent mixed,1 GPT + 7 Sonnet,mixed,"H1 agent FE (investor, trustee within run) + round: rule_index alignment -> return proportion",-0.0025991409588461,-0.0107967001390005,0.0055984182213082,0.4914169907489292,1.0,10.0,355,no detectable effect,per SD of measure (raw sd 0.247); contributing runs 10
september,8-agent mixed,1 GPT + 7 Sonnet,mixed,H1 vs non-partner placebo: rule_index alignment -> return proportion,0.0008018897559551,-0.0114594506568725,0.0130632301687828,0.8856479116347582,1.0,10.0,355,no detectable effect,partner alignment coef shown; non-partner placebo coef +0.0018 (p 0.804); per SD of measure (raw sd 0.247); contributing runs 10
september,8-agent mixed,1 GPT + 7 Sonnet,mixed,H1 first meetings: rule_index alignment -> return proportion,0.0002697973899626,-0.0241959649210823,0.0247355597010075,0.9806423553157804,1.0,10.0,217,no detectable effect,per SD of measure (raw sd 0.244); contributing runs 10
september,8-agent mixed,1 GPT + 7 Sonnet,mixed,"H1 agent FE (investor, trustee within run) + round: give_align alignment -> return proportion",0.0003694170496572,-0.0083006100100097,0.0090394441093242,0.9253252790224854,1.0,10.0,355,no detectable effect,per SD of measure (raw sd 0.118); contributing runs 10
september,8-agent mixed,1 GPT + 7 Sonnet,mixed,H1 vs non-partner placebo: give_align alignment -> return proportion,-0.000223578515818,-0.0145906540124366,0.0141434969808005,0.9726859810087718,1.0,10.0,355,no detectable effect,partner alignment coef shown; non-partner placebo coef +0.0013 (p 0.909); per SD of measure (raw sd 0.118); contributing runs 10
september,8-agent mixed,1 GPT + 7 Sonnet,mixed,H1 first meetings: give_align alignment -> return proportion,-0.0031335115532898,-0.0252985255086243,0.0190315024020446,0.7564148903109772,1.0,10.0,217,no detectable effect,per SD of measure (raw sd 0.121); contributing runs 10
september,8-agent mixed,1 GPT + 7 Sonnet,mixed,"H1 agent FE (investor, trustee within run) + round: myth_cos alignment -> return proportion",-0.0021599090639265,-0.0157116176086737,0.0113917994808205,0.7267538279836416,1.0,10.0,355,no detectable effect,per SD of measure (raw sd 0.080); contributing runs 10
september,8-agent mixed,1 GPT + 7 Sonnet,mixed,H1 vs non-partner placebo: myth_cos alignment -> return proportion,-0.0016857503457933,-0.0118545801252246,0.0084830794336378,0.7163363408421739,1.0,10.0,355,no detectable effect,partner alignment coef shown; non-partner placebo coef +0.0018 (p 0.825); per SD of measure (raw sd 0.080); contributing runs 10
september,8-agent mixed,1 GPT + 7 Sonnet,mixed,H1 first meetings: myth_cos alignment -> return proportion,-0.0068648043956707,-0.0277691168531126,0.0140395080617712,0.4765001012324643,1.0,10.0,217,no detectable effect,per SD of measure (raw sd 0.079); contributing runs 10
september,8-agent mixed,1 GPT + 7 Sonnet,mixed,H1 DeepSeek labels: same_label alignment -> return proportion,-0.0008631056527086,-0.0116773804804651,0.0099511691750478,0.8607235602924278,1.0,10.0,355,no detectable effect,GLM level controls; GLM-label primary +0.0096 (p 0.193); per SD of measure (raw sd 0.485); contributing runs 10
september,8-agent mixed,1 GPT + 7 Sonnet,mixed,"H1 agent FE (investor, trustee within run) + round: same_label alignment -> giving gap",0.0190994955765566,-0.0117027069680243,0.0499016981211375,0.1942493306278627,1.0,10.0,355,no detectable effect,per SD of measure (raw sd 0.485); contributing runs 10
september,8-agent mixed,1 GPT + 7 Sonnet,mixed,H1 vs non-partner placebo: same_label alignment -> giving gap,0.004211476118511,-0.034293621866474,0.0427165741034962,0.8101334740550687,1.0,10.0,355,no detectable effect,partner alignment coef shown; non-partner placebo coef +0.0044 (p 0.819); per SD of measure (raw sd 0.485); contributing runs 10
september,8-agent mixed,1 GPT + 7 Sonnet,mixed,H1 first meetings: same_label alignment -> giving gap,-0.0023634148594508,-0.0538465806092961,0.0491197508903945,0.9195674280086172,1.0,10.0,217,no detectable effect,per SD of measure (raw sd 0.495); contributing runs 10
september,8-agent mixed,1 GPT + 7 Sonnet,mixed,"H1 agent FE (investor, trustee within run) + round: moral_cos alignment -> giving gap",-0.0004473337262898,-0.0221146430901158,0.0212199756375362,0.9637694569965778,1.0,10.0,352,no detectable effect,per SD of measure (raw sd 0.105); contributing runs 10
september,8-agent mixed,1 GPT + 7 Sonnet,mixed,H1 vs non-partner placebo: moral_cos alignment -> giving gap,0.0042701967494737,-0.0103725646645514,0.0189129581634988,0.5259649527188495,1.0,10.0,352,no detectable effect,partner alignment coef shown; non-partner placebo coef +0.0045 (p 0.677); per SD of measure (raw sd 0.105); contributing runs 10
september,8-agent mixed,1 GPT + 7 Sonnet,mixed,H1 first meetings: moral_cos alignment -> giving gap,0.0121589692423306,-0.0207317592028834,0.0450496976875448,0.4246495049049851,1.0,10.0,216,no detectable effect,per SD of measure (raw sd 0.100); contributing runs 10
september,8-agent mixed,1 GPT + 7 Sonnet,mixed,"H1 agent FE (investor, trustee within run) + round: rule_index alignment -> giving gap",0.0019508843050413,-0.013893248633237,0.0177950172433196,0.7868926166601754,1.0,10.0,355,no detectable effect,per SD of measure (raw sd 0.247); contributing runs 10
september,8-agent mixed,1 GPT + 7 Sonnet,mixed,H1 vs non-partner placebo: rule_index alignment -> giving gap,0.0083288394567579,-0.0082711502048614,0.0249288291183773,0.2856941789094858,1.0,10.0,355,no detectable effect,partner alignment coef shown; non-partner placebo coef -0.0127 (p 0.531); per SD of measure (raw sd 0.247); contributing runs 10
september,8-agent mixed,1 GPT + 7 Sonnet,mixed,H1 first meetings: rule_index alignment -> giving gap,-0.0084318434443189,-0.0376916811477412,0.0208279942591033,0.5307663472219109,1.0,10.0,217,no detectable effect,per SD of measure (raw sd 0.244); contributing runs 10
september,8-agent mixed,1 GPT + 7 Sonnet,mixed,"H1 agent FE (investor, trustee within run) + round: give_align alignment -> giving gap",-0.0098452847685281,-0.0291344771248197,0.0094439075877633,0.2779839304182544,1.0,10.0,355,no detectable effect,per SD of measure (raw sd 0.118); contributing runs 10
september,8-agent mixed,1 GPT + 7 Sonnet,mixed,H1 vs non-partner placebo: give_align alignment -> giving gap,0.0036075790926896,-0.0252945007369005,0.0325096589222798,0.7840503303900217,1.0,10.0,355,no detectable effect,partner alignment coef shown; non-partner placebo coef -0.0371 (p 0.031); per SD of measure (raw sd 0.118); contributing runs 10
september,8-agent mixed,1 GPT + 7 Sonnet,mixed,H1 first meetings: give_align alignment -> giving gap,-0.0121496833284477,-0.0445146947438185,0.0202153280869231,0.4177830831191376,1.0,10.0,217,no detectable effect,per SD of measure (raw sd 0.121); contributing runs 10
september,8-agent mixed,1 GPT + 7 Sonnet,mixed,"H1 agent FE (investor, trustee within run) + round: myth_cos alignment -> giving gap",-0.0040676734329971,-0.0308016761082413,0.022666329242247,0.7386049134266233,1.0,10.0,355,no detectable effect,per SD of measure (raw sd 0.080); contributing runs 10
september,8-agent mixed,1 GPT + 7 Sonnet,mixed,H1 vs non-partner placebo: myth_cos alignment -> giving gap,-0.0050789969798894,-0.0203845508775783,0.0102265569177994,0.4720179517230395,1.0,10.0,355,no detectable effect,partner alignment coef shown; non-partner placebo coef -0.0027 (p 0.877); per SD of measure (raw sd 0.080); contributing runs 10
september,8-agent mixed,1 GPT + 7 Sonnet,mixed,H1 first meetings: myth_cos alignment -> giving gap,-0.0131089429602257,-0.0487696935616381,0.0225518076411867,0.4271619016025447,1.0,10.0,217,no detectable effect,per SD of measure (raw sd 0.079); contributing runs 10
september,8-agent mixed,1 GPT + 7 Sonnet,mixed,H1 DeepSeek labels: same_label alignment -> giving gap,0.0119761509159749,-0.0134467962079891,0.0373990980399389,0.3143345535084398,0.9430036605253196,10.0,355,no detectable effect,GLM level controls; GLM-label primary +0.0043 (p 0.804); per SD of measure (raw sd 0.485); contributing runs 10
september,8-agent mixed,1 Gemini + 7 GPT,mixed,"H1 agent FE (investor, trustee within run) + round: same_label alignment -> send fraction",0.0103544419510044,-0.1964858349569182,0.2171947188589271,0.912323098744485,1.0,10.0,247,no detectable effect,per SD of measure (raw sd 0.490); contributing runs 10
september,8-agent mixed,1 Gemini + 7 GPT,mixed,H1 vs non-partner placebo: same_label alignment -> send fraction,-0.0551476573509948,-0.1878502787866893,0.0775549640846995,0.3717150853026705,1.0,10.0,247,no detectable effect,partner alignment coef shown; non-partner placebo coef +0.0307 (p 0.732); per SD of measure (raw sd 0.490); contributing runs 9
september,8-agent mixed,1 Gemini + 7 GPT,mixed,H1 first meetings: same_label alignment -> send fraction,-0.0150860742452205,-0.4147220078938148,0.3845498594033736,0.9338165735652892,1.0,10.0,143,no detectable effect,per SD of measure (raw sd 0.490); contributing runs 8
september,8-agent mixed,1 Gemini + 7 GPT,mixed,"H1 agent FE (investor, trustee within run) + round: moral_cos alignment -> send fraction",0.0118272883574062,-0.1319620312121964,0.1556166079270088,0.8565145371429141,1.0,10.0,241,no detectable effect,per SD of measure (raw sd 0.091); contributing runs 10
september,8-agent mixed,1 Gemini + 7 GPT,mixed,H1 vs non-partner placebo: moral_cos alignment -> send fraction,-0.0174020487191413,-0.1182917562701972,0.0834876588319144,0.7054699850739233,1.0,10.0,241,no detectable effect,partner alignment coef shown; non-partner placebo coef +0.0038 (p 0.931); per SD of measure (raw sd 0.091); contributing runs 10
september,8-agent mixed,1 Gemini + 7 GPT,mixed,H1 first meetings: moral_cos alignment -> send fraction,-0.007453156915215,-0.1871771957010178,0.1722708818705876,0.9273140381988844,1.0,10.0,140,no detectable effect,per SD of measure (raw sd 0.089); contributing runs 9
september,8-agent mixed,1 Gemini + 7 GPT,mixed,"H1 agent FE (investor, trustee within run) + round: rule_index alignment -> send fraction",0.0752207622471257,-0.0849576657894393,0.2353991902836908,0.3157620222032237,1.0,10.0,243,no detectable effect,per SD of measure (raw sd 0.269); contributing runs 10
september,8-agent mixed,1 Gemini + 7 GPT,mixed,H1 vs non-partner placebo: rule_index alignment -> send fraction,-0.0067963112199705,-0.1313326712339391,0.1177400487939979,0.9044618243678816,1.0,10.0,243,no detectable effect,partner alignment coef shown; non-partner placebo coef +0.0198 (p 0.750); per SD of measure (raw sd 0.269); contributing runs 10
september,8-agent mixed,1 Gemini + 7 GPT,mixed,H1 first meetings: rule_index alignment -> send fraction,-0.0775124212084307,-0.715509713968079,0.5604848715512176,0.789646374761449,1.0,10.0,140,no detectable effect,per SD of measure (raw sd 0.269); contributing runs 8
september,8-agent mixed,1 Gemini + 7 GPT,mixed,"H1 agent FE (investor, trustee within run) + round: give_align alignment -> send fraction",-0.0151844823790494,-0.1981284635243436,0.1677594987662446,0.8552292499693257,1.0,10.0,247,no detectable effect,per SD of measure (raw sd 0.240); contributing runs 10
september,8-agent mixed,1 Gemini + 7 GPT,mixed,H1 vs non-partner placebo: give_align alignment -> send fraction,-0.0734463490871168,-0.2037485988657123,0.0568559006914786,0.2342077844509008,1.0,10.0,247,no detectable effect,partner alignment coef shown; non-partner placebo coef -0.1039 (p 0.398); per SD of measure (raw sd 0.240); contributing runs 9
september,8-agent mixed,1 Gemini + 7 GPT,mixed,H1 first meetings: give_align alignment -> send fraction,-0.0653935707212172,-0.4460253972249199,0.3152382557824854,0.7065732381581997,1.0,10.0,143,no detectable effect,per SD of measure (raw sd 0.243); contributing runs 8
september,8-agent mixed,1 Gemini + 7 GPT,mixed,"H1 agent FE (investor, trustee within run) + round: myth_cos alignment -> send fraction",0.1360548534290536,-0.1250336407500736,0.3971433476081809,0.2686931385033996,1.0,10.0,247,no detectable effect,per SD of measure (raw sd 0.093); contributing runs 10
september,8-agent mixed,1 Gemini + 7 GPT,mixed,H1 vs non-partner placebo: myth_cos alignment -> send fraction,0.1066242111849565,-0.0713996115030137,0.2846480338729268,0.2084849562729093,1.0,10.0,247,no detectable effect,partner alignment coef shown; non-partner placebo coef -0.0905 (p 0.225); per SD of measure (raw sd 0.093); contributing runs 10
september,8-agent mixed,1 Gemini + 7 GPT,mixed,H1 first meetings: myth_cos alignment -> send fraction,0.0850972208150057,-0.2204321411809636,0.390626582810975,0.5443149866702721,1.0,10.0,143,no detectable effect,per SD of measure (raw sd 0.097); contributing runs 9
september,8-agent mixed,1 Gemini + 7 GPT,mixed,H1 DeepSeek labels: same_label alignment -> send fraction,-0.0052254031178252,-0.0624121662515592,0.0519613600159087,0.8408424295897915,1.0,10.0,247,no detectable effect,GLM level controls; GLM-label primary -0.0537 (p 0.379); per SD of measure (raw sd 0.490); contributing runs 8
september,8-agent mixed,1 Gemini + 7 GPT,mixed,"H1 agent FE (investor, trustee within run) + round: same_label alignment -> return proportion",0.0140717790453822,-0.061618180773947,0.0897617388647116,0.6839364807671053,,10.0,191,underpowered,per SD of measure (raw sd 0.490); contributing runs 9; underpowered (fixed effects saturate the data: residual df 17)
september,8-agent mixed,1 Gemini + 7 GPT,mixed,H1 vs non-partner placebo: same_label alignment -> return proportion,0.0102970041781376,-0.0274344949500656,0.0480285033063409,0.5523024947245216,1.0,10.0,191,no detectable effect,partner alignment coef shown; non-partner placebo coef +0.0246 (p 0.307); per SD of measure (raw sd 0.490); contributing runs 9
september,8-agent mixed,1 Gemini + 7 GPT,mixed,H1 first meetings: same_label alignment -> return proportion,0.051838947338874,-0.3873068435371972,0.4909847382149452,0.795459344909977,,10.0,108,underpowered,per SD of measure (raw sd 0.490); contributing runs 8; underpowered (fixed effects saturate the data: residual df 2)
september,8-agent mixed,1 Gemini + 7 GPT,mixed,"H1 agent FE (investor, trustee within run) + round: moral_cos alignment -> return proportion",0.0246129010653819,-0.0354175501288528,0.0846433522596167,0.3778694434340648,,10.0,185,underpowered,per SD of measure (raw sd 0.091); contributing runs 10; underpowered (fixed effects saturate the data: residual df 12)
september,8-agent mixed,1 Gemini + 7 GPT,mixed,H1 vs non-partner placebo: moral_cos alignment -> return proportion,-0.0142261779714711,-0.0436598051894213,0.015207449246479,0.3026308819231161,1.0,10.0,185,no detectable effect,partner alignment coef shown; non-partner placebo coef +0.0011 (p 0.958); per SD of measure (raw sd 0.091); contributing runs 10
september,8-agent mixed,1 Gemini + 7 GPT,mixed,H1 first meetings: moral_cos alignment -> return proportion,-0.009173586377724,-0.5265400391988637,0.5081928664434154,0.9688803227007928,,10.0,105,underpowered,per SD of measure (raw sd 0.089); contributing runs 8; underpowered (fixed effects saturate the data: residual df 1)
september,8-agent mixed,1 Gemini + 7 GPT,mixed,"H1 agent FE (investor, trustee within run) + round: rule_index alignment -> return proportion",-0.0018252952486218,-0.0644132451173479,0.0607626546201042,0.9488417021707762,,10.0,189,underpowered,per SD of measure (raw sd 0.269); contributing runs 10; underpowered (fixed effects saturate the data: residual df 15)
september,8-agent mixed,1 Gemini + 7 GPT,mixed,H1 vs non-partner placebo: rule_index alignment -> return proportion,-0.0031456698626722,-0.0308260141119417,0.0245346743865972,0.8028996067773736,1.0,10.0,189,no detectable effect,partner alignment coef shown; non-partner placebo coef -0.0031 (p 0.644); per SD of measure (raw sd 0.269); contributing runs 10
september,8-agent mixed,1 Gemini + 7 GPT,mixed,H1 first meetings: rule_index alignment -> return proportion,-0.006417852170146,-0.2571077912831129,0.2442720869428207,0.9550834147943849,,10.0,107,underpowered,per SD of measure (raw sd 0.269); contributing runs 8; underpowered (fixed effects saturate the data: residual df 2)
september,8-agent mixed,1 Gemini + 7 GPT,mixed,"H1 agent FE (investor, trustee within run) + round: give_align alignment -> return proportion",-0.0140395535000991,-0.1288791813030236,0.1008000743028254,0.7883666917968462,,10.0,191,underpowered,per SD of measure (raw sd 0.240); contributing runs 10; underpowered (fixed effects saturate the data: residual df 17)
september,8-agent mixed,1 Gemini + 7 GPT,mixed,H1 vs non-partner placebo: give_align alignment -> return proportion,-0.0265402950310502,-0.0486950259109472,-0.0043855641511533,0.0239992752765124,0.3599891291476872,10.0,191,suggestive,partner alignment coef shown; non-partner placebo coef +0.0138 (p 0.353); per SD of measure (raw sd 0.240); contributing runs 10
september,8-agent mixed,1 Gemini + 7 GPT,mixed,H1 first meetings: give_align alignment -> return proportion,-0.0739663430945342,-0.3347863473783619,0.1868536611892934,0.5371729188493821,,10.0,108,underpowered,per SD of measure (raw sd 0.243); contributing runs 8; underpowered (fixed effects saturate the data: residual df 2)
september,8-agent mixed,1 Gemini + 7 GPT,mixed,"H1 agent FE (investor, trustee within run) + round: myth_cos alignment -> return proportion",-0.0006889359910141,-0.0602421734546668,0.0588643014726384,0.979693176652183,,10.0,191,underpowered,per SD of measure (raw sd 0.093); contributing runs 10; underpowered (fixed effects saturate the data: residual df 17)
september,8-agent mixed,1 Gemini + 7 GPT,mixed,H1 vs non-partner placebo: myth_cos alignment -> return proportion,0.0039780162345313,-0.0437983768316963,0.051754409300759,0.8547773612164367,1.0,10.0,191,no detectable effect,partner alignment coef shown; non-partner placebo coef -0.0277 (p 0.114); per SD of measure (raw sd 0.093); contributing runs 10
september,8-agent mixed,1 Gemini + 7 GPT,mixed,H1 first meetings: myth_cos alignment -> return proportion,0.0052703651783087,-0.4254270753546068,0.4359678057112243,0.97852019360225,,10.0,108,underpowered,per SD of measure (raw sd 0.097); contributing runs 8; underpowered (fixed effects saturate the data: residual df 2)
september,8-agent mixed,1 Gemini + 7 GPT,mixed,H1 DeepSeek labels: same_label alignment -> return proportion,0.0033046276007264,-0.020235825939172,0.0268450811406249,0.7580600354921169,1.0,10.0,191,no detectable effect,GLM level controls; GLM-label primary +0.0123 (p 0.491); per SD of measure (raw sd 0.490); contributing runs 9
september,8-agent mixed,1 Gemini + 7 GPT,mixed,"H1 agent FE (investor, trustee within run) + round: same_label alignment -> giving gap",0.0208321525745396,-0.1141345414014522,0.1557988465505316,0.7349957904923925,,10.0,191,underpowered,per SD of measure (raw sd 0.490); contributing runs 9; underpowered (fixed effects saturate the data: residual df 17)
september,8-agent mixed,1 Gemini + 7 GPT,mixed,H1 vs non-partner placebo: same_label alignment -> giving gap,-0.0127868815216609,-0.0421445149179429,0.0165707518746209,0.3502246257595608,1.0,10.0,191,no detectable effect,partner alignment coef shown; non-partner placebo coef +0.0068 (p 0.882); per SD of measure (raw sd 0.490); contributing runs 9
september,8-agent mixed,1 Gemini + 7 GPT,mixed,H1 first meetings: same_label alignment -> giving gap,0.0277185224746693,-0.5716056250058151,0.6270426699551538,0.9189687464854848,,10.0,108,underpowered,per SD of measure (raw sd 0.490); contributing runs 8; underpowered (fixed effects saturate the data: residual df 2)
september,8-agent mixed,1 Gemini + 7 GPT,mixed,"H1 agent FE (investor, trustee within run) + round: moral_cos alignment -> giving gap",-0.0375148556885228,-0.1396161731029501,0.0645864617259043,0.4273725434509982,,10.0,185,underpowered,per SD of measure (raw sd 0.091); contributing runs 10; underpowered (fixed effects saturate the data: residual df 12)
september,8-agent mixed,1 Gemini + 7 GPT,mixed,H1 vs non-partner placebo: moral_cos alignment -> giving gap,0.0157740294910059,-0.0287375794588169,0.0602856384408288,0.4433979158146663,1.0,10.0,185,no detectable effect,partner alignment coef shown; non-partner placebo coef +0.0101 (p 0.543); per SD of measure (raw sd 0.091); contributing runs 10
september,8-agent mixed,1 Gemini + 7 GPT,mixed,H1 first meetings: moral_cos alignment -> giving gap,-0.0115301878026576,-0.564616126334036,0.5415557507287206,0.9634162256215582,,10.0,105,underpowered,per SD of measure (raw sd 0.089); contributing runs 8; underpowered (fixed effects saturate the data: residual df 1)
september,8-agent mixed,1 Gemini + 7 GPT,mixed,"H1 agent FE (investor, trustee within run) + round: rule_index alignment -> giving gap",0.0233190684126688,-0.1547093066499573,0.201347443475295,0.7737178566135621,,10.0,189,underpowered,per SD of measure (raw sd 0.269); contributing runs 10; underpowered (fixed effects saturate the data: residual df 15)
september,8-agent mixed,1 Gemini + 7 GPT,mixed,H1 vs non-partner placebo: rule_index alignment -> giving gap,-0.0020197192408055,-0.0492329599679736,0.0451935214863624,0.9250281288400788,1.0,10.0,189,no detectable effect,partner alignment coef shown; non-partner placebo coef +0.0344 (p 0.118); per SD of measure (raw sd 0.269); contributing runs 10
september,8-agent mixed,1 Gemini + 7 GPT,mixed,H1 first meetings: rule_index alignment -> giving gap,0.0099533278287095,-1.1125040390692318,1.132410694726651,0.9844335471293184,,10.0,107,underpowered,per SD of measure (raw sd 0.269); contributing runs 8; underpowered (fixed effects saturate the data: residual df 2)
september,8-agent mixed,1 Gemini + 7 GPT,mixed,"H1 agent FE (investor, trustee within run) + round: give_align alignment -> giving gap",0.0018898302536004,-0.1438203879771355,0.1476000484843364,0.977233979034674,,10.0,191,underpowered,per SD of measure (raw sd 0.240); contributing runs 10; underpowered (fixed effects saturate the data: residual df 17)
september,8-agent mixed,1 Gemini + 7 GPT,mixed,H1 vs non-partner placebo: give_align alignment -> giving gap,-0.011264726743454,-0.103936330271705,0.081406876784797,0.7895420108623296,1.0,10.0,191,no detectable effect,partner alignment coef shown; non-partner placebo coef -0.0482 (p 0.522); per SD of measure (raw sd 0.240); contributing runs 10
september,8-agent mixed,1 Gemini + 7 GPT,mixed,H1 first meetings: give_align alignment -> giving gap,-0.0144763628464605,-1.238970283828773,1.210017558135852,0.9792475739126046,,10.0,108,underpowered,per SD of measure (raw sd 0.243); contributing runs 8; underpowered (fixed effects saturate the data: residual df 2)
september,8-agent mixed,1 Gemini + 7 GPT,mixed,"H1 agent FE (investor, trustee within run) + round: myth_cos alignment -> giving gap",-0.0360297805996207,-0.2948858476130475,0.222826286413806,0.76004076400813,,10.0,191,underpowered,per SD of measure (raw sd 0.093); contributing runs 10; underpowered (fixed effects saturate the data: residual df 17)
september,8-agent mixed,1 Gemini + 7 GPT,mixed,H1 vs non-partner placebo: myth_cos alignment -> giving gap,0.0266994870204616,-0.0848547659908675,0.1382537400317907,0.6013569774581657,1.0,10.0,191,no detectable effect,partner alignment coef shown; non-partner placebo coef -0.0235 (p 0.619); per SD of measure (raw sd 0.093); contributing runs 10
september,8-agent mixed,1 Gemini + 7 GPT,mixed,H1 first meetings: myth_cos alignment -> giving gap,0.0634200837378889,-0.6700597966638862,0.7968999641396641,0.8492706361873597,,10.0,108,underpowered,per SD of measure (raw sd 0.097); contributing runs 8; underpowered (fixed effects saturate the data: residual df 2)
september,8-agent mixed,1 Gemini + 7 GPT,mixed,H1 DeepSeek labels: same_label alignment -> giving gap,-0.0371033020313831,-0.0996443930118815,0.0254377889491153,0.2124511542490655,0.6373534627471965,10.0,191,no detectable effect,GLM level controls; GLM-label primary -0.0122 (p 0.363); per SD of measure (raw sd 0.490); contributing runs 9
september,8-agent mixed,2 GPT + 6 Sonnet,mixed,"H1 agent FE (investor, trustee within run) + round: same_label alignment -> send fraction",0.0057987551009479,-0.0388140676982005,0.0504115779000964,0.7754001890095589,1.0,10.0,352,no detectable effect,per SD of measure (raw sd 0.500); contributing runs 10
september,8-agent mixed,2 GPT + 6 Sonnet,mixed,H1 vs non-partner placebo: same_label alignment -> send fraction,-0.0027509855118,-0.0226142072556807,0.0171122362320805,0.7611912406536852,1.0,10.0,352,no detectable effect,partner alignment coef shown; non-partner placebo coef -0.0313 (p 0.238); per SD of measure (raw sd 0.500); contributing runs 10
september,8-agent mixed,2 GPT + 6 Sonnet,mixed,H1 first meetings: same_label alignment -> send fraction,-0.0076542439225389,-0.0399600749096563,0.0246515870645784,0.6049673017331303,1.0,10.0,215,no detectable effect,per SD of measure (raw sd 0.501); contributing runs 10
september,8-agent mixed,2 GPT + 6 Sonnet,mixed,"H1 agent FE (investor, trustee within run) + round: moral_cos alignment -> send fraction",-0.0018657915084575,-0.0360337364587885,0.0323021534418735,0.904403365496748,1.0,10.0,351,no detectable effect,per SD of measure (raw sd 0.104); contributing runs 10
september,8-agent mixed,2 GPT + 6 Sonnet,mixed,H1 vs non-partner placebo: moral_cos alignment -> send fraction,-0.0132864408607649,-0.040969523944601,0.0143966422230711,0.3058272270751104,1.0,10.0,351,no detectable effect,partner alignment coef shown; non-partner placebo coef +0.0361 (p 0.054); per SD of measure (raw sd 0.104); contributing runs 10
september,8-agent mixed,2 GPT + 6 Sonnet,mixed,H1 first meetings: moral_cos alignment -> send fraction,-0.0135383226629976,-0.0591660837030629,0.0320894383770677,0.5189405155799467,1.0,10.0,214,no detectable effect,per SD of measure (raw sd 0.098); contributing runs 10
september,8-agent mixed,2 GPT + 6 Sonnet,mixed,"H1 agent FE (investor, trustee within run) + round: rule_index alignment -> send fraction",0.0173248516255697,-0.0050819947861681,0.0397316980373077,0.114207546984912,1.0,10.0,351,no detectable effect,per SD of measure (raw sd 0.249); contributing runs 10
september,8-agent mixed,2 GPT + 6 Sonnet,mixed,H1 vs non-partner placebo: rule_index alignment -> send fraction,0.0038754939172793,-0.0253792990857945,0.0331302869203533,0.7712295308186387,1.0,10.0,351,no detectable effect,partner alignment coef shown; non-partner placebo coef -0.0058 (p 0.696); per SD of measure (raw sd 0.249); contributing runs 10
september,8-agent mixed,2 GPT + 6 Sonnet,mixed,H1 first meetings: rule_index alignment -> send fraction,0.007736654077018,-0.0466163815172251,0.0620896896712613,0.7548080790086672,1.0,10.0,215,no detectable effect,per SD of measure (raw sd 0.250); contributing runs 10
september,8-agent mixed,2 GPT + 6 Sonnet,mixed,"H1 agent FE (investor, trustee within run) + round: give_align alignment -> send fraction",-0.0359698736496011,-0.0661126357296583,-0.0058271115695439,0.0244148454590677,0.3418078364269487,10.0,352,suggestive,per SD of measure (raw sd 0.156); contributing runs 10
september,8-agent mixed,2 GPT + 6 Sonnet,mixed,H1 vs non-partner placebo: give_align alignment -> send fraction,-0.0390471675909755,-0.0602907703628044,-0.0178035648191466,0.0024550128532136,0.0368251927982044,10.0,352,yes,partner alignment coef shown; non-partner placebo coef -0.0002 (p 0.991); per SD of measure (raw sd 0.156); contributing runs 10
september,8-agent mixed,2 GPT + 6 Sonnet,mixed,H1 first meetings: give_align alignment -> send fraction,-0.0568877904211884,-0.1044771862474554,-0.0092983945949215,0.0242282615648342,0.3634239234725142,10.0,215,suggestive,per SD of measure (raw sd 0.159); contributing runs 10
september,8-agent mixed,2 GPT + 6 Sonnet,mixed,"H1 agent FE (investor, trustee within run) + round: myth_cos alignment -> send fraction",0.0063456705518224,-0.0289199039926026,0.0416112450962475,0.6934809407668748,1.0,10.0,352,no detectable effect,per SD of measure (raw sd 0.089); contributing runs 10
september,8-agent mixed,2 GPT + 6 Sonnet,mixed,H1 vs non-partner placebo: myth_cos alignment -> send fraction,0.0014185161768339,-0.0382719615216457,0.0411089938753135,0.9373319457588786,1.0,10.0,352,no detectable effect,partner alignment coef shown; non-partner placebo coef +0.0068 (p 0.740); per SD of measure (raw sd 0.089); contributing runs 10
september,8-agent mixed,2 GPT + 6 Sonnet,mixed,H1 first meetings: myth_cos alignment -> send fraction,0.0172785043605938,-0.0497469531029196,0.0843039618241072,0.5741043138435393,1.0,10.0,215,no detectable effect,per SD of measure (raw sd 0.089); contributing runs 10
september,8-agent mixed,2 GPT + 6 Sonnet,mixed,H1 DeepSeek labels: same_label alignment -> send fraction,-0.0024709740487934,-0.0221491082364267,0.0172071601388399,0.7827928112541798,1.0,10.0,352,no detectable effect,GLM level controls; GLM-label primary -0.0043 (p 0.648); per SD of measure (raw sd 0.500); contributing runs 10
september,8-agent mixed,2 GPT + 6 Sonnet,mixed,"H1 agent FE (investor, trustee within run) + round: same_label alignment -> return proportion",0.0016312217112215,-0.0135830818767072,0.0168455252991504,0.8137985173127373,1.0,10.0,350,no detectable effect,per SD of measure (raw sd 0.500); contributing runs 10
september,8-agent mixed,2 GPT + 6 Sonnet,mixed,H1 vs non-partner placebo: same_label alignment -> return proportion,-0.0077201331668124,-0.0179675163495588,0.0025272500159339,0.1225295971678044,1.0,10.0,350,no detectable effect,partner alignment coef shown; non-partner placebo coef -0.0213 (p 0.267); per SD of measure (raw sd 0.500); contributing runs 10
september,8-agent mixed,2 GPT + 6 Sonnet,mixed,H1 first meetings: same_label alignment -> return proportion,-0.0104554601288822,-0.0237954558429602,0.0028845355851957,0.1099837041670674,1.0,10.0,213,no detectable effect,per SD of measure (raw sd 0.501); contributing runs 10
september,8-agent mixed,2 GPT + 6 Sonnet,mixed,"H1 agent FE (investor, trustee within run) + round: moral_cos alignment -> return proportion",0.0060703563589002,-0.009797512737544,0.0219382254553445,0.409292663928107,1.0,10.0,349,no detectable effect,per SD of measure (raw sd 0.104); contributing runs 10
september,8-agent mixed,2 GPT + 6 Sonnet,mixed,H1 vs non-partner placebo: moral_cos alignment -> return proportion,-0.0018350901582659,-0.0160421985395278,0.012372018222996,0.7767604613546926,1.0,10.0,349,no detectable effect,partner alignment coef shown; non-partner placebo coef +0.0107 (p 0.065); per SD of measure (raw sd 0.104); contributing runs 10
september,8-agent mixed,2 GPT + 6 Sonnet,mixed,H1 first meetings: moral_cos alignment -> return proportion,0.005350542900045,-0.0229629948654071,0.0336640806654971,0.6790681972841892,1.0,10.0,212,no detectable effect,per SD of measure (raw sd 0.098); contributing runs 10
september,8-agent mixed,2 GPT + 6 Sonnet,mixed,"H1 agent FE (investor, trustee within run) + round: rule_index alignment -> return proportion",0.0058163449528718,-0.0039950020953231,0.0156276920010668,0.212764871542733,1.0,10.0,349,no detectable effect,per SD of measure (raw sd 0.249); contributing runs 10
september,8-agent mixed,2 GPT + 6 Sonnet,mixed,H1 vs non-partner placebo: rule_index alignment -> return proportion,0.0109714303185876,-0.0020388466571435,0.0239817072943188,0.088794405384174,1.0,10.0,349,no detectable effect,partner alignment coef shown; non-partner placebo coef +0.0020 (p 0.687); per SD of measure (raw sd 0.249); contributing runs 10
september,8-agent mixed,2 GPT + 6 Sonnet,mixed,H1 first meetings: rule_index alignment -> return proportion,0.0182047711395382,-0.0160874323566642,0.0524969746357407,0.2604349424140547,1.0,10.0,213,no detectable effect,per SD of measure (raw sd 0.250); contributing runs 10
september,8-agent mixed,2 GPT + 6 Sonnet,mixed,"H1 agent FE (investor, trustee within run) + round: give_align alignment -> return proportion",-0.0114060650818359,-0.0280810544583705,0.0052689242946986,0.1561800984588804,1.0,10.0,350,no detectable effect,per SD of measure (raw sd 0.156); contributing runs 10
september,8-agent mixed,2 GPT + 6 Sonnet,mixed,H1 vs non-partner placebo: give_align alignment -> return proportion,-0.0084447580938293,-0.0192158373195865,0.0023263211319277,0.1098841688410018,1.0,10.0,350,no detectable effect,partner alignment coef shown; non-partner placebo coef -0.0022 (p 0.863); per SD of measure (raw sd 0.156); contributing runs 10
september,8-agent mixed,2 GPT + 6 Sonnet,mixed,H1 first meetings: give_align alignment -> return proportion,-0.0151138932111216,-0.0475298003109102,0.0173020138886669,0.3190396251838108,1.0,10.0,213,no detectable effect,per SD of measure (raw sd 0.159); contributing runs 10
september,8-agent mixed,2 GPT + 6 Sonnet,mixed,"H1 agent FE (investor, trustee within run) + round: myth_cos alignment -> return proportion",0.0067704863607396,-0.0184653055886639,0.0320062783101432,0.5589069014134402,1.0,10.0,350,no detectable effect,per SD of measure (raw sd 0.089); contributing runs 10
september,8-agent mixed,2 GPT + 6 Sonnet,mixed,H1 vs non-partner placebo: myth_cos alignment -> return proportion,-0.0009406241528745,-0.0146457198562303,0.0127644715504813,0.880043452866662,1.0,10.0,350,no detectable effect,partner alignment coef shown; non-partner placebo coef +0.0101 (p 0.100); per SD of measure (raw sd 0.089); contributing runs 10
september,8-agent mixed,2 GPT + 6 Sonnet,mixed,H1 first meetings: myth_cos alignment -> return proportion,0.0080974718167866,-0.0235328406387304,0.0397277842723037,0.5767132732115119,1.0,10.0,213,no detectable effect,per SD of measure (raw sd 0.089); contributing runs 10
september,8-agent mixed,2 GPT + 6 Sonnet,mixed,H1 DeepSeek labels: same_label alignment -> return proportion,0.0029299537501613,-0.0135657313667617,0.0194256388670844,0.6972033489634295,1.0,10.0,350,no detectable effect,GLM level controls; GLM-label primary -0.0087 (p 0.088); per SD of measure (raw sd 0.500); contributing runs 10
september,8-agent mixed,2 GPT + 6 Sonnet,mixed,"H1 agent FE (investor, trustee within run) + round: same_label alignment -> giving gap",0.0047456133728148,-0.0367305851436102,0.0462218118892398,0.8015881853496838,1.0,10.0,350,no detectable effect,per SD of measure (raw sd 0.500); contributing runs 10
september,8-agent mixed,2 GPT + 6 Sonnet,mixed,H1 vs non-partner placebo: same_label alignment -> giving gap,0.0039008094181035,-0.0109451944718564,0.0187468133080636,0.5668940789151323,1.0,10.0,350,no detectable effect,partner alignment coef shown; non-partner placebo coef -0.0118 (p 0.523); per SD of measure (raw sd 0.500); contributing runs 10
september,8-agent mixed,2 GPT + 6 Sonnet,mixed,H1 first meetings: same_label alignment -> giving gap,0.0024250527654045,-0.0282009134427826,0.0330510189735916,0.8618078564226559,1.0,10.0,213,no detectable effect,per SD of measure (raw sd 0.501); contributing runs 10
september,8-agent mixed,2 GPT + 6 Sonnet,mixed,"H1 agent FE (investor, trustee within run) + round: moral_cos alignment -> giving gap",-0.0061273582581033,-0.0308185913460935,0.0185638748298868,0.5882451081301731,1.0,10.0,349,no detectable effect,per SD of measure (raw sd 0.104); contributing runs 10
september,8-agent mixed,2 GPT + 6 Sonnet,mixed,H1 vs non-partner placebo: moral_cos alignment -> giving gap,-0.0127891296667346,-0.031889704274054,0.0063114449405847,0.1641569576310855,1.0,10.0,349,no detectable effect,partner alignment coef shown; non-partner placebo coef +0.0286 (p 0.093); per SD of measure (raw sd 0.104); contributing runs 10
september,8-agent mixed,2 GPT + 6 Sonnet,mixed,H1 first meetings: moral_cos alignment -> giving gap,-0.016652674302557,-0.0486729660294914,0.0153676174243773,0.2695848912732481,1.0,10.0,212,no detectable effect,per SD of measure (raw sd 0.098); contributing runs 10
september,8-agent mixed,2 GPT + 6 Sonnet,mixed,"H1 agent FE (investor, trustee within run) + round: rule_index alignment -> giving gap",0.0092435072962679,-0.008655599769868,0.0271426143624038,0.2727278311333483,1.0,10.0,349,no detectable effect,per SD of measure (raw sd 0.249); contributing runs 10
september,8-agent mixed,2 GPT + 6 Sonnet,mixed,H1 vs non-partner placebo: rule_index alignment -> giving gap,-0.0081249123676899,-0.0351094343887354,0.0188596096533554,0.5129345663952829,1.0,10.0,349,no detectable effect,partner alignment coef shown; non-partner placebo coef -0.0055 (p 0.712); per SD of measure (raw sd 0.249); contributing runs 10
september,8-agent mixed,2 GPT + 6 Sonnet,mixed,H1 first meetings: rule_index alignment -> giving gap,-0.0085706073276311,-0.0528656996205305,0.0357244849652683,0.6719181517045467,1.0,10.0,213,no detectable effect,per SD of measure (raw sd 0.250); contributing runs 10
september,8-agent mixed,2 GPT + 6 Sonnet,mixed,"H1 agent FE (investor, trustee within run) + round: give_align alignment -> giving gap",-0.0258118001131943,-0.0466332715240447,-0.0049903287023439,0.0205665276897662,0.3084979153464938,10.0,350,suggestive,per SD of measure (raw sd 0.156); contributing runs 10
september,8-agent mixed,2 GPT + 6 Sonnet,mixed,H1 vs non-partner placebo: give_align alignment -> giving gap,-0.031799863665304,-0.0504661436609492,-0.0131335836696588,0.0038836309920627,0.0543708338888784,10.0,350,suggestive,partner alignment coef shown; non-partner placebo coef +0.0035 (p 0.754); per SD of measure (raw sd 0.156); contributing runs 10
september,8-agent mixed,2 GPT + 6 Sonnet,mixed,H1 first meetings: give_align alignment -> giving gap,-0.0379309945341881,-0.0939634028022246,0.0181014137338484,0.1600404697709342,1.0,10.0,213,no detectable effect,per SD of measure (raw sd 0.159); contributing runs 10
september,8-agent mixed,2 GPT + 6 Sonnet,mixed,"H1 agent FE (investor, trustee within run) + round: myth_cos alignment -> giving gap",-0.0033592220728136,-0.0363628320624712,0.029644387916844,0.8230456513803797,1.0,10.0,350,no detectable effect,per SD of measure (raw sd 0.089); contributing runs 10
september,8-agent mixed,2 GPT + 6 Sonnet,mixed,H1 vs non-partner placebo: myth_cos alignment -> giving gap,-0.0045499782550697,-0.0384634870489966,0.029363530538857,0.768407440623841,1.0,10.0,350,no detectable effect,partner alignment coef shown; non-partner placebo coef +0.0007 (p 0.970); per SD of measure (raw sd 0.089); contributing runs 10
september,8-agent mixed,2 GPT + 6 Sonnet,mixed,H1 first meetings: myth_cos alignment -> giving gap,-0.0013002120278143,-0.0542260977017564,0.0516256736461276,0.956895629366768,1.0,10.0,213,no detectable effect,per SD of measure (raw sd 0.089); contributing runs 10
september,8-agent mixed,2 GPT + 6 Sonnet,mixed,H1 DeepSeek labels: same_label alignment -> giving gap,-0.0071565173468645,-0.0293368376514199,0.0150238029576908,0.4840215218323443,1.0,10.0,350,no detectable effect,GLM level controls; GLM-label primary +0.0034 (p 0.610); per SD of measure (raw sd 0.500); contributing runs 10
september,8-agent mixed,2 Gemini + 6 GPT,mixed,"H1 agent FE (investor, trustee within run) + round: same_label alignment -> send fraction",0.0384467067076663,-0.0754020764780419,0.1522954898933746,0.464464417583022,1.0,10.0,298,no detectable effect,per SD of measure (raw sd 0.499); contributing runs 10
september,8-agent mixed,2 Gemini + 6 GPT,mixed,H1 vs non-partner placebo: same_label alignment -> send fraction,-0.0044749073888975,-0.0515774362537156,0.0426276214759204,0.8346260494907876,1.0,10.0,298,no detectable effect,partner alignment coef shown; non-partner placebo coef +0.0162 (p 0.843); per SD of measure (raw sd 0.499); contributing runs 9
september,8-agent mixed,2 Gemini + 6 GPT,mixed,H1 first meetings: same_label alignment -> send fraction,0.0386495814351861,-0.2241146868853669,0.3014138497557393,0.7469522140004923,1.0,10.0,172,no detectable effect,per SD of measure (raw sd 0.501); contributing runs 9
september,8-agent mixed,2 Gemini + 6 GPT,mixed,"H1 agent FE (investor, trustee within run) + round: moral_cos alignment -> send fraction",-0.0214286065893183,-0.090977200081267,0.0481199869026304,0.5034113414098091,1.0,10.0,294,no detectable effect,per SD of measure (raw sd 0.093); contributing runs 10
september,8-agent mixed,2 Gemini + 6 GPT,mixed,H1 vs non-partner placebo: moral_cos alignment -> send fraction,-0.0271120360508229,-0.0687350359690397,0.0145109638673938,0.1747084683423884,1.0,10.0,294,no detectable effect,partner alignment coef shown; non-partner placebo coef +0.0003 (p 0.992); per SD of measure (raw sd 0.093); contributing runs 10
september,8-agent mixed,2 Gemini + 6 GPT,mixed,H1 first meetings: moral_cos alignment -> send fraction,-0.028137785959019,-0.0866813852305794,0.0304058133125413,0.3051811124491285,1.0,10.0,169,no detectable effect,per SD of measure (raw sd 0.097); contributing runs 9
september,8-agent mixed,2 Gemini + 6 GPT,mixed,"H1 agent FE (investor, trustee within run) + round: rule_index alignment -> send fraction",-0.0686655231205341,-0.1582809527612514,0.0209499065201831,0.1170732998409444,1.0,10.0,295,no detectable effect,per SD of measure (raw sd 0.255); contributing runs 10
september,8-agent mixed,2 Gemini + 6 GPT,mixed,H1 vs non-partner placebo: rule_index alignment -> send fraction,-0.0459480564420434,-0.1252400068817318,0.033343893997645,0.222360487004705,1.0,10.0,295,no detectable effect,partner alignment coef shown; non-partner placebo coef +0.0072 (p 0.858); per SD of measure (raw sd 0.255); contributing runs 10
september,8-agent mixed,2 Gemini + 6 GPT,mixed,H1 first meetings: rule_index alignment -> send fraction,-0.0619673163344123,-0.2328713115410436,0.1089366788722189,0.4332732152898275,1.0,10.0,171,no detectable effect,per SD of measure (raw sd 0.267); contributing runs 10
september,8-agent mixed,2 Gemini + 6 GPT,mixed,"H1 agent FE (investor, trustee within run) + round: give_align alignment -> send fraction",-0.0089599647704861,-0.086977452021907,0.0690575224809347,0.8008645081725818,1.0,10.0,298,no detectable effect,per SD of measure (raw sd 0.242); contributing runs 10
september,8-agent mixed,2 Gemini + 6 GPT,mixed,H1 vs non-partner placebo: give_align alignment -> send fraction,-0.0070653496970941,-0.1084193547777982,0.0942886553836099,0.8781791343604919,1.0,10.0,298,no detectable effect,partner alignment coef shown; non-partner placebo coef -0.0342 (p 0.382); per SD of measure (raw sd 0.242); contributing runs 10
september,8-agent mixed,2 Gemini + 6 GPT,mixed,H1 first meetings: give_align alignment -> send fraction,-0.0708948619070376,-0.2340600268186589,0.0922703030045837,0.3513389433164664,1.0,10.0,172,no detectable effect,per SD of measure (raw sd 0.239); contributing runs 10
september,8-agent mixed,2 Gemini + 6 GPT,mixed,"H1 agent FE (investor, trustee within run) + round: myth_cos alignment -> send fraction",-0.0221739599990103,-0.1027426685761809,0.0583947485781602,0.5490038076803803,1.0,10.0,298,no detectable effect,per SD of measure (raw sd 0.110); contributing runs 10
september,8-agent mixed,2 Gemini + 6 GPT,mixed,H1 vs non-partner placebo: myth_cos alignment -> send fraction,-0.0174887034081483,-0.1285967817806029,0.0936193749643063,0.7299924929553929,1.0,10.0,298,no detectable effect,partner alignment coef shown; non-partner placebo coef -0.0435 (p 0.168); per SD of measure (raw sd 0.110); contributing runs 10
september,8-agent mixed,2 Gemini + 6 GPT,mixed,H1 first meetings: myth_cos alignment -> send fraction,-0.0523589708257415,-0.376803933009909,0.2720859913584259,0.7234928519164576,1.0,10.0,172,no detectable effect,per SD of measure (raw sd 0.106); contributing runs 10
september,8-agent mixed,2 Gemini + 6 GPT,mixed,H1 DeepSeek labels: same_label alignment -> send fraction,0.0092636297567092,-0.0397345267245723,0.0582617862379907,0.6789315638734614,1.0,10.0,298,no detectable effect,GLM level controls; GLM-label primary -0.0048 (p 0.831); per SD of measure (raw sd 0.499); contributing runs 10
september,8-agent mixed,2 Gemini + 6 GPT,mixed,"H1 agent FE (investor, trustee within run) + round: same_label alignment -> return proportion",-0.005089394889209,-0.0295976386607442,0.0194188488823261,0.6496995178959946,1.0,10.0,265,no detectable effect,per SD of measure (raw sd 0.499); contributing runs 10
september,8-agent mixed,2 Gemini + 6 GPT,mixed,H1 vs non-partner placebo: same_label alignment -> return proportion,-0.0074692058761913,-0.0188718851661688,0.0039334734137861,0.1725348109498517,1.0,10.0,265,no detectable effect,partner alignment coef shown; non-partner placebo coef +0.0143 (p 0.334); per SD of measure (raw sd 0.499); contributing runs 10
september,8-agent mixed,2 Gemini + 6 GPT,mixed,H1 first meetings: same_label alignment -> return proportion,-0.021041379092522,-0.085563603737466,0.0434808455524219,0.4794802129502548,1.0,10.0,146,no detectable effect,per SD of measure (raw sd 0.501); contributing runs 9
september,8-agent mixed,2 Gemini + 6 GPT,mixed,"H1 agent FE (investor, trustee within run) + round: moral_cos alignment -> return proportion",0.008645454534148,-0.0092072011777207,0.0264981102460169,0.3017507403434475,1.0,10.0,261,no detectable effect,per SD of measure (raw sd 0.093); contributing runs 10
september,8-agent mixed,2 Gemini + 6 GPT,mixed,H1 vs non-partner placebo: moral_cos alignment -> return proportion,0.0011279669814447,-0.015822514148832,0.0180784481117215,0.8836624640223075,1.0,10.0,261,no detectable effect,partner alignment coef shown; non-partner placebo coef -0.0018 (p 0.817); per SD of measure (raw sd 0.093); contributing runs 10
september,8-agent mixed,2 Gemini + 6 GPT,mixed,H1 first meetings: moral_cos alignment -> return proportion,-0.0061294912266071,-0.0428894914338069,0.0306305089805926,0.7147655983958432,1.0,10.0,143,no detectable effect,per SD of measure (raw sd 0.097); contributing runs 9
september,8-agent mixed,2 Gemini + 6 GPT,mixed,"H1 agent FE (investor, trustee within run) + round: rule_index alignment -> return proportion",0.0057223987480731,-0.0080644215253138,0.0195092190214601,0.3722761892124513,1.0,10.0,262,no detectable effect,per SD of measure (raw sd 0.255); contributing runs 10
september,8-agent mixed,2 Gemini + 6 GPT,mixed,H1 vs non-partner placebo: rule_index alignment -> return proportion,-0.0013020443820181,-0.0116958358287485,0.0090917470647122,0.783293481814221,1.0,10.0,262,no detectable effect,partner alignment coef shown; non-partner placebo coef -0.0020 (p 0.715); per SD of measure (raw sd 0.255); contributing runs 10
september,8-agent mixed,2 Gemini + 6 GPT,mixed,H1 first meetings: rule_index alignment -> return proportion,0.0135384410441011,-0.0231966162209462,0.0502734983091485,0.4260215378571352,1.0,10.0,145,no detectable effect,per SD of measure (raw sd 0.267); contributing runs 8
september,8-agent mixed,2 Gemini + 6 GPT,mixed,"H1 agent FE (investor, trustee within run) + round: give_align alignment -> return proportion",0.0047729438207734,-0.0106477892728272,0.0201936769143741,0.5015172793350182,1.0,10.0,265,no detectable effect,per SD of measure (raw sd 0.242); contributing runs 10
september,8-agent mixed,2 Gemini + 6 GPT,mixed,H1 vs non-partner placebo: give_align alignment -> return proportion,0.0016329579193059,-0.0088968775084913,0.0121627933471032,0.7337998941296393,1.0,10.0,265,no detectable effect,partner alignment coef shown; non-partner placebo coef +0.0056 (p 0.405); per SD of measure (raw sd 0.242); contributing runs 10
september,8-agent mixed,2 Gemini + 6 GPT,mixed,H1 first meetings: give_align alignment -> return proportion,0.0153023298167099,-0.0412343926613795,0.0718390522947994,0.5555042653765598,1.0,10.0,146,no detectable effect,per SD of measure (raw sd 0.239); contributing runs 9
september,8-agent mixed,2 Gemini + 6 GPT,mixed,"H1 agent FE (investor, trustee within run) + round: myth_cos alignment -> return proportion",0.006034301922458,-0.0106296810519737,0.0226982848968898,0.4338477970388169,1.0,10.0,265,no detectable effect,per SD of measure (raw sd 0.110); contributing runs 10
september,8-agent mixed,2 Gemini + 6 GPT,mixed,H1 vs non-partner placebo: myth_cos alignment -> return proportion,0.0142893934472319,-0.0078925280338345,0.0364713149282984,0.1790330191732526,1.0,10.0,265,no detectable effect,partner alignment coef shown; non-partner placebo coef -0.0037 (p 0.679); per SD of measure (raw sd 0.110); contributing runs 10
september,8-agent mixed,2 Gemini + 6 GPT,mixed,H1 first meetings: myth_cos alignment -> return proportion,0.0166864919641956,-0.0724750858508019,0.1058480697791931,0.6819698487337488,1.0,10.0,146,no detectable effect,per SD of measure (raw sd 0.106); contributing runs 9
september,8-agent mixed,2 Gemini + 6 GPT,mixed,H1 DeepSeek labels: same_label alignment -> return proportion,-0.0019288639938387,-0.0148561346357483,0.0109984066480709,0.7434533396537022,1.0,10.0,265,no detectable effect,GLM level controls; GLM-label primary -0.0073 (p 0.208); per SD of measure (raw sd 0.499); contributing runs 10
september,8-agent mixed,2 Gemini + 6 GPT,mixed,"H1 agent FE (investor, trustee within run) + round: same_label alignment -> giving gap",0.0088564420321983,-0.0349162526032448,0.0526291366676416,0.6580186801352085,1.0,10.0,265,no detectable effect,per SD of measure (raw sd 0.499); contributing runs 10
september,8-agent mixed,2 Gemini + 6 GPT,mixed,H1 vs non-partner placebo: same_label alignment -> giving gap,0.0063160871320879,-0.0108388950375698,0.0234710693017457,0.4264632011247639,1.0,10.0,265,no detectable effect,partner alignment coef shown; non-partner placebo coef -0.0032 (p 0.933); per SD of measure (raw sd 0.499); contributing runs 10
september,8-agent mixed,2 Gemini + 6 GPT,mixed,H1 first meetings: same_label alignment -> giving gap,0.0238929711676799,-0.0791751240808331,0.1269610664161929,0.6126647266302097,1.0,10.0,146,no detectable effect,per SD of measure (raw sd 0.501); contributing runs 9
september,8-agent mixed,2 Gemini + 6 GPT,mixed,"H1 agent FE (investor, trustee within run) + round: moral_cos alignment -> giving gap",-0.0062589559044042,-0.0427297177206933,0.0302118059118847,0.7068753007010783,1.0,10.0,261,no detectable effect,per SD of measure (raw sd 0.093); contributing runs 10
september,8-agent mixed,2 Gemini + 6 GPT,mixed,H1 vs non-partner placebo: moral_cos alignment -> giving gap,0.0061716055895308,-0.02059614693296,0.0329393581120217,0.6145633757538744,1.0,10.0,261,no detectable effect,partner alignment coef shown; non-partner placebo coef +0.0121 (p 0.185); per SD of measure (raw sd 0.093); contributing runs 10
september,8-agent mixed,2 Gemini + 6 GPT,mixed,H1 first meetings: moral_cos alignment -> giving gap,0.0179769594005997,-0.0373804245571205,0.0733343433583199,0.4812716051944187,1.0,10.0,143,no detectable effect,per SD of measure (raw sd 0.097); contributing runs 9
september,8-agent mixed,2 Gemini + 6 GPT,mixed,"H1 agent FE (investor, trustee within run) + round: rule_index alignment -> giving gap",-0.0227823507010241,-0.0769507787361192,0.0313860773340709,0.3662380878090495,1.0,10.0,262,no detectable effect,per SD of measure (raw sd 0.255); contributing runs 10
september,8-agent mixed,2 Gemini + 6 GPT,mixed,H1 vs non-partner placebo: rule_index alignment -> giving gap,-0.0088559182096965,-0.0377942153115526,0.0200823788921595,0.5062267727601102,1.0,10.0,262,no detectable effect,partner alignment coef shown; non-partner placebo coef +0.0077 (p 0.612); per SD of measure (raw sd 0.255); contributing runs 10
september,8-agent mixed,2 Gemini + 6 GPT,mixed,H1 first meetings: rule_index alignment -> giving gap,-0.0184148997672832,-0.1120127584580417,0.0751829589234752,0.6667823859536368,1.0,10.0,145,no detectable effect,per SD of measure (raw sd 0.267); contributing runs 8
september,8-agent mixed,2 Gemini + 6 GPT,mixed,"H1 agent FE (investor, trustee within run) + round: give_align alignment -> giving gap",-0.0143433158517966,-0.0479883051101012,0.019301673406508,0.3600470682715921,1.0,10.0,265,no detectable effect,per SD of measure (raw sd 0.242); contributing runs 10
september,8-agent mixed,2 Gemini + 6 GPT,mixed,H1 vs non-partner placebo: give_align alignment -> giving gap,-0.0111551424148391,-0.0289735765379567,0.0066632917082784,0.1903791221260271,1.0,10.0,265,no detectable effect,partner alignment coef shown; non-partner placebo coef +0.0067 (p 0.705); per SD of measure (raw sd 0.242); contributing runs 10
september,8-agent mixed,2 Gemini + 6 GPT,mixed,H1 first meetings: give_align alignment -> giving gap,-0.05940333907153,-0.1728335584896553,0.0540268803465951,0.2664799677772375,1.0,10.0,146,no detectable effect,per SD of measure (raw sd 0.239); contributing runs 9
september,8-agent mixed,2 Gemini + 6 GPT,mixed,"H1 agent FE (investor, trustee within run) + round: myth_cos alignment -> giving gap",-0.0117924591906113,-0.0613489061268523,0.0377639877456296,0.6034238394942126,1.0,10.0,265,no detectable effect,per SD of measure (raw sd 0.110); contributing runs 10
september,8-agent mixed,2 Gemini + 6 GPT,mixed,H1 vs non-partner placebo: myth_cos alignment -> giving gap,-0.0238873025442394,-0.0521918751343717,0.0044172700458929,0.0885862364951464,1.0,10.0,265,no detectable effect,partner alignment coef shown; non-partner placebo coef +0.0116 (p 0.647); per SD of measure (raw sd 0.110); contributing runs 10
september,8-agent mixed,2 Gemini + 6 GPT,mixed,H1 first meetings: myth_cos alignment -> giving gap,-0.01141436109797,-0.0739933855776577,0.0511646633817176,0.6895441557794628,1.0,10.0,146,no detectable effect,per SD of measure (raw sd 0.106); contributing runs 9
september,8-agent mixed,2 Gemini + 6 GPT,mixed,H1 DeepSeek labels: same_label alignment -> giving gap,-0.0018675340123074,-0.0282168692812279,0.024481801256613,0.8761600771329515,1.0,10.0,265,no detectable effect,GLM level controls; GLM-label primary +0.0063 (p 0.416); per SD of measure (raw sd 0.499); contributing runs 10
september,8-agent mixed,4 GPT + 4 Sonnet,mixed,"H1 agent FE (investor, trustee within run) + round: same_label alignment -> send fraction",-0.0271563947479331,-0.1019096631777473,0.0475968736818811,0.4324231104358389,1.0,10.0,317,no detectable effect,per SD of measure (raw sd 0.492); contributing runs 10
september,8-agent mixed,4 GPT + 4 Sonnet,mixed,H1 vs non-partner placebo: same_label alignment -> send fraction,-0.0272893934547989,-0.0956947865078293,0.0411159995982314,0.3903276350323001,1.0,10.0,317,no detectable effect,partner alignment coef shown; non-partner placebo coef -0.0782 (p 0.094); per SD of measure (raw sd 0.492); contributing runs 10
september,8-agent mixed,4 GPT + 4 Sonnet,mixed,H1 first meetings: same_label alignment -> send fraction,-0.011121911629275,-0.1469042360113004,0.1246604127527502,0.8571077591986758,1.0,10.0,192,no detectable effect,per SD of measure (raw sd 0.497); contributing runs 10
september,8-agent mixed,4 GPT + 4 Sonnet,mixed,"H1 agent FE (investor, trustee within run) + round: moral_cos alignment -> send fraction",0.0169516065643348,-0.0159608793961428,0.0498640925248125,0.2739188451894744,1.0,10.0,316,no detectable effect,per SD of measure (raw sd 0.108); contributing runs 10
september,8-agent mixed,4 GPT + 4 Sonnet,mixed,H1 vs non-partner placebo: moral_cos alignment -> send fraction,0.0008772142911287,-0.0305385021266717,0.0322929307089291,0.9510151765118994,1.0,10.0,316,no detectable effect,partner alignment coef shown; non-partner placebo coef +0.0289 (p 0.375); per SD of measure (raw sd 0.108); contributing runs 10
september,8-agent mixed,4 GPT + 4 Sonnet,mixed,H1 first meetings: moral_cos alignment -> send fraction,0.0118114382695484,-0.0836570307917196,0.1072799073308165,0.7858987368612562,1.0,10.0,191,no detectable effect,per SD of measure (raw sd 0.098); contributing runs 10
september,8-agent mixed,4 GPT + 4 Sonnet,mixed,"H1 agent FE (investor, trustee within run) + round: rule_index alignment -> send fraction",-0.0459822867774262,-0.0914694831820469,-0.0004950903728055,0.0480270445332422,0.7204056679986337,10.0,314,suggestive,per SD of measure (raw sd 0.268); contributing runs 10
september,8-agent mixed,4 GPT + 4 Sonnet,mixed,H1 vs non-partner placebo: rule_index alignment -> send fraction,-0.0317756096856162,-0.0773723243649164,0.0138211049936839,0.1493740200101296,1.0,10.0,314,no detectable effect,partner alignment coef shown; non-partner placebo coef +0.0252 (p 0.330); per SD of measure (raw sd 0.268); contributing runs 10
september,8-agent mixed,4 GPT + 4 Sonnet,mixed,H1 first meetings: rule_index alignment -> send fraction,-0.0071304923101326,-0.1220929962236445,0.1078320116033792,0.8915057025268003,1.0,10.0,190,no detectable effect,per SD of measure (raw sd 0.261); contributing runs 10
september,8-agent mixed,4 GPT + 4 Sonnet,mixed,"H1 agent FE (investor, trustee within run) + round: give_align alignment -> send fraction",-0.0030562661901024,-0.0554115889083195,0.0492990565281146,0.8978463131325705,1.0,10.0,317,no detectable effect,per SD of measure (raw sd 0.172); contributing runs 10
september,8-agent mixed,4 GPT + 4 Sonnet,mixed,H1 vs non-partner placebo: give_align alignment -> send fraction,-0.0042262120135472,-0.0400267111365105,0.031574287109416,0.7954525790333413,1.0,10.0,317,no detectable effect,partner alignment coef shown; non-partner placebo coef +0.0327 (p 0.334); per SD of measure (raw sd 0.172); contributing runs 10
september,8-agent mixed,4 GPT + 4 Sonnet,mixed,H1 first meetings: give_align alignment -> send fraction,0.0069282618069855,-0.0789005971106733,0.0927571207246443,0.8591547055822494,1.0,10.0,192,no detectable effect,per SD of measure (raw sd 0.163); contributing runs 10
september,8-agent mixed,4 GPT + 4 Sonnet,mixed,"H1 agent FE (investor, trustee within run) + round: myth_cos alignment -> send fraction",0.0083544662370823,-0.0646951052713165,0.0814040377454812,0.8016739057782163,1.0,10.0,317,no detectable effect,per SD of measure (raw sd 0.091); contributing runs 10
september,8-agent mixed,4 GPT + 4 Sonnet,mixed,H1 vs non-partner placebo: myth_cos alignment -> send fraction,0.003730135020061,-0.0608667254514117,0.0683269954915338,0.8989428892377515,1.0,10.0,317,no detectable effect,partner alignment coef shown; non-partner placebo coef +0.0174 (p 0.549); per SD of measure (raw sd 0.091); contributing runs 10
september,8-agent mixed,4 GPT + 4 Sonnet,mixed,H1 first meetings: myth_cos alignment -> send fraction,0.0344492774541471,-0.1071108773211744,0.1760094322294687,0.5953701969825038,1.0,10.0,192,no detectable effect,per SD of measure (raw sd 0.086); contributing runs 10
september,8-agent mixed,4 GPT + 4 Sonnet,mixed,H1 DeepSeek labels: same_label alignment -> send fraction,-0.0021673067131868,-0.0568837418006401,0.0525491283742664,0.9305645922109468,1.0,10.0,317,no detectable effect,GLM level controls; GLM-label primary -0.0299 (p 0.421); per SD of measure (raw sd 0.492); contributing runs 10
september,8-agent mixed,4 GPT + 4 Sonnet,mixed,"H1 agent FE (investor, trustee within run) + round: same_label alignment -> return proportion",-0.0075332289487181,-0.0326317703714052,0.0175653124739689,0.5142316608428552,1.0,10.0,295,no detectable effect,per SD of measure (raw sd 0.492); contributing runs 10
september,8-agent mixed,4 GPT + 4 Sonnet,mixed,H1 vs non-partner placebo: same_label alignment -> return proportion,-0.0097693513433545,-0.0376711908506943,0.0181324881639852,0.4487005050850084,1.0,10.0,295,no detectable effect,partner alignment coef shown; non-partner placebo coef -0.0179 (p 0.206); per SD of measure (raw sd 0.492); contributing runs 10
september,8-agent mixed,4 GPT + 4 Sonnet,mixed,H1 first meetings: same_label alignment -> return proportion,-0.0023174680175246,-0.051392790031168,0.0467578539961187,0.9172710513142552,1.0,10.0,176,no detectable effect,per SD of measure (raw sd 0.497); contributing runs 10
september,8-agent mixed,4 GPT + 4 Sonnet,mixed,"H1 agent FE (investor, trustee within run) + round: moral_cos alignment -> return proportion",0.001140589876871,-0.0147421379919707,0.0170233177457128,0.8745382044689944,1.0,10.0,294,no detectable effect,per SD of measure (raw sd 0.108); contributing runs 10
september,8-agent mixed,4 GPT + 4 Sonnet,mixed,H1 vs non-partner placebo: moral_cos alignment -> return proportion,0.003754302359523,-0.0116900959636421,0.0191987006826882,0.5957708768026587,1.0,10.0,294,no detectable effect,partner alignment coef shown; non-partner placebo coef +0.0100 (p 0.229); per SD of measure (raw sd 0.108); contributing runs 10
september,8-agent mixed,4 GPT + 4 Sonnet,mixed,H1 first meetings: moral_cos alignment -> return proportion,0.0149599238726455,-0.0110005200648241,0.0409203678101151,0.2247314299596063,1.0,10.0,175,no detectable effect,per SD of measure (raw sd 0.098); contributing runs 10
september,8-agent mixed,4 GPT + 4 Sonnet,mixed,"H1 agent FE (investor, trustee within run) + round: rule_index alignment -> return proportion",-0.0121652305583847,-0.0337262880891973,0.0093958269724279,0.233778834166504,1.0,10.0,292,no detectable effect,per SD of measure (raw sd 0.268); contributing runs 10
september,8-agent mixed,4 GPT + 4 Sonnet,mixed,H1 vs non-partner placebo: rule_index alignment -> return proportion,-0.0106051145815481,-0.02342096011874,0.0022107309556437,0.0940080254806415,1.0,10.0,292,no detectable effect,partner alignment coef shown; non-partner placebo coef +0.0034 (p 0.693); per SD of measure (raw sd 0.268); contributing runs 10
september,8-agent mixed,4 GPT + 4 Sonnet,mixed,H1 first meetings: rule_index alignment -> return proportion,-0.00936061864126,-0.0559507235761007,0.0372294862935807,0.6602325919443626,1.0,10.0,174,no detectable effect,per SD of measure (raw sd 0.261); contributing runs 10
september,8-agent mixed,4 GPT + 4 Sonnet,mixed,"H1 agent FE (investor, trustee within run) + round: give_align alignment -> return proportion",-0.011557165039874,-0.0254018539723788,0.0022875238926306,0.0915719374363513,1.0,10.0,295,no detectable effect,per SD of measure (raw sd 0.172); contributing runs 10
september,8-agent mixed,4 GPT + 4 Sonnet,mixed,H1 vs non-partner placebo: give_align alignment -> return proportion,-0.0156826497364784,-0.0304498529949916,-0.0009154464779651,0.0397416834667263,0.5961252520008956,10.0,295,suggestive,partner alignment coef shown; non-partner placebo coef +0.0062 (p 0.595); per SD of measure (raw sd 0.172); contributing runs 10
september,8-agent mixed,4 GPT + 4 Sonnet,mixed,H1 first meetings: give_align alignment -> return proportion,-0.0088471440126223,-0.0442803524424521,0.0265860644172074,0.5859922061067259,1.0,10.0,176,no detectable effect,per SD of measure (raw sd 0.163); contributing runs 10
september,8-agent mixed,4 GPT + 4 Sonnet,mixed,"H1 agent FE (investor, trustee within run) + round: myth_cos alignment -> return proportion",-0.0061334468110305,-0.0314775493590196,0.0192106557369585,0.5973765999769762,1.0,10.0,295,no detectable effect,per SD of measure (raw sd 0.091); contributing runs 10
september,8-agent mixed,4 GPT + 4 Sonnet,mixed,H1 vs non-partner placebo: myth_cos alignment -> return proportion,-0.0127453154468459,-0.0405078117050721,0.0150171808113801,0.3261232094768854,1.0,10.0,295,no detectable effect,partner alignment coef shown; non-partner placebo coef +0.0123 (p 0.198); per SD of measure (raw sd 0.091); contributing runs 10
september,8-agent mixed,4 GPT + 4 Sonnet,mixed,H1 first meetings: myth_cos alignment -> return proportion,-0.0190038501270805,-0.0939555715394002,0.0559478712852391,0.5803098525723648,1.0,10.0,176,no detectable effect,per SD of measure (raw sd 0.086); contributing runs 10
september,8-agent mixed,4 GPT + 4 Sonnet,mixed,H1 DeepSeek labels: same_label alignment -> return proportion,-0.0082436221482574,-0.0296858593498661,0.0131986150533513,0.4070594260402788,1.0,10.0,295,no detectable effect,GLM level controls; GLM-label primary -0.0107 (p 0.430); per SD of measure (raw sd 0.492); contributing runs 10
september,8-agent mixed,4 GPT + 4 Sonnet,mixed,"H1 agent FE (investor, trustee within run) + round: same_label alignment -> giving gap",-0.005517076834653,-0.0419172355174194,0.0308830818481133,0.7395690882360766,1.0,10.0,295,no detectable effect,per SD of measure (raw sd 0.492); contributing runs 10
september,8-agent mixed,4 GPT + 4 Sonnet,mixed,H1 vs non-partner placebo: same_label alignment -> giving gap,-0.0222354922215158,-0.0469428680734936,0.0024718836304619,0.0722497519709361,1.0,10.0,295,no detectable effect,partner alignment coef shown; non-partner placebo coef -0.0478 (p 0.053); per SD of measure (raw sd 0.492); contributing runs 10
september,8-agent mixed,4 GPT + 4 Sonnet,mixed,H1 first meetings: same_label alignment -> giving gap,-0.0197862573768836,-0.1427205795083347,0.1031480647545674,0.7241949028255676,1.0,10.0,176,no detectable effect,per SD of measure (raw sd 0.497); contributing runs 10
september,8-agent mixed,4 GPT + 4 Sonnet,mixed,"H1 agent FE (investor, trustee within run) + round: moral_cos alignment -> giving gap",0.0103809621239512,-0.0118782094211118,0.0326401336690143,0.3189233981912485,1.0,10.0,294,no detectable effect,per SD of measure (raw sd 0.108); contributing runs 10
september,8-agent mixed,4 GPT + 4 Sonnet,mixed,H1 vs non-partner placebo: moral_cos alignment -> giving gap,0.0092718397032326,-0.0266629398712643,0.0452066192777295,0.5737712997500111,1.0,10.0,294,no detectable effect,partner alignment coef shown; non-partner placebo coef +0.0239 (p 0.408); per SD of measure (raw sd 0.108); contributing runs 10
september,8-agent mixed,4 GPT + 4 Sonnet,mixed,H1 first meetings: moral_cos alignment -> giving gap,0.0135964854700873,-0.0772653923370285,0.1044583632772032,0.742744347812613,1.0,10.0,175,no detectable effect,per SD of measure (raw sd 0.098); contributing runs 10
september,8-agent mixed,4 GPT + 4 Sonnet,mixed,"H1 agent FE (investor, trustee within run) + round: rule_index alignment -> giving gap",-0.0145336152132386,-0.055953048133996,0.0268858177075186,0.4477536684271617,1.0,10.0,292,no detectable effect,per SD of measure (raw sd 0.268); contributing runs 10
september,8-agent mixed,4 GPT + 4 Sonnet,mixed,H1 vs non-partner placebo: rule_index alignment -> giving gap,-0.006446996582709,-0.0419053432332996,0.0290113500678815,0.6904720467820771,1.0,10.0,292,no detectable effect,partner alignment coef shown; non-partner placebo coef +0.0328 (p 0.193); per SD of measure (raw sd 0.268); contributing runs 10
september,8-agent mixed,4 GPT + 4 Sonnet,mixed,H1 first meetings: rule_index alignment -> giving gap,0.0027950002082953,-0.1198791416319545,0.1254691420485452,0.9600203673652248,1.0,10.0,174,no detectable effect,per SD of measure (raw sd 0.261); contributing runs 10
september,8-agent mixed,4 GPT + 4 Sonnet,mixed,"H1 agent FE (investor, trustee within run) + round: give_align alignment -> giving gap",0.0207954351283282,-0.0353143640281764,0.0769052342848329,0.4235121829086137,1.0,10.0,295,no detectable effect,per SD of measure (raw sd 0.172); contributing runs 10
september,8-agent mixed,4 GPT + 4 Sonnet,mixed,H1 vs non-partner placebo: give_align alignment -> giving gap,0.0059527163036534,-0.0222871862872712,0.034192618894578,0.6448394739152734,1.0,10.0,295,no detectable effect,partner alignment coef shown; non-partner placebo coef -0.0166 (p 0.354); per SD of measure (raw sd 0.172); contributing runs 10
september,8-agent mixed,4 GPT + 4 Sonnet,mixed,H1 first meetings: give_align alignment -> giving gap,0.0094510286590491,-0.0749865242227585,0.0938885815408568,0.8058013734439289,1.0,10.0,176,no detectable effect,per SD of measure (raw sd 0.163); contributing runs 10
september,8-agent mixed,4 GPT + 4 Sonnet,mixed,"H1 agent FE (investor, trustee within run) + round: myth_cos alignment -> giving gap",0.0003989520465266,-0.0353782668742121,0.0361761709672654,0.98042568764511,1.0,10.0,295,no detectable effect,per SD of measure (raw sd 0.091); contributing runs 10
september,8-agent mixed,4 GPT + 4 Sonnet,mixed,H1 vs non-partner placebo: myth_cos alignment -> giving gap,-0.0032690405573165,-0.0326185508657202,0.0260804697510871,0.8067267860685863,1.0,10.0,295,no detectable effect,partner alignment coef shown; non-partner placebo coef +0.0272 (p 0.110); per SD of measure (raw sd 0.091); contributing runs 10
september,8-agent mixed,4 GPT + 4 Sonnet,mixed,H1 first meetings: myth_cos alignment -> giving gap,0.0597928789351628,-0.0008747501226761,0.1204605079930019,0.0527364016501646,0.7910460247524692,10.0,176,no detectable effect,per SD of measure (raw sd 0.086); contributing runs 10
september,8-agent mixed,4 GPT + 4 Sonnet,mixed,H1 DeepSeek labels: same_label alignment -> giving gap,-0.0043330847042553,-0.0460028945554255,0.0373367251469147,0.8192928894970396,1.0,10.0,295,no detectable effect,GLM level controls; GLM-label primary -0.0248 (p 0.082); per SD of measure (raw sd 0.492); contributing runs 10
september,8-agent mixed,4 Gemini + 4 GPT,mixed,"H1 agent FE (investor, trustee within run) + round: same_label alignment -> send fraction",0.0211483861301433,-0.0566962203145728,0.0989929925748596,0.5540557439018434,1.0,10.0,339,no detectable effect,per SD of measure (raw sd 0.497); contributing runs 8
september,8-agent mixed,4 Gemini + 4 GPT,mixed,H1 vs non-partner placebo: same_label alignment -> send fraction,0.0323550923382378,-0.0260391693553962,0.0907493540318718,0.2416359809041774,1.0,10.0,339,no detectable effect,partner alignment coef shown; non-partner placebo coef +0.0009 (p 0.967); per SD of measure (raw sd 0.497); contributing runs 8
september,8-agent mixed,4 Gemini + 4 GPT,mixed,H1 first meetings: same_label alignment -> send fraction,0.0338988690005542,-0.0741963643228201,0.1419941023239286,0.49603215160929,,10.0,203,underpowered,per SD of measure (raw sd 0.501); contributing runs 7
september,8-agent mixed,4 Gemini + 4 GPT,mixed,"H1 agent FE (investor, trustee within run) + round: moral_cos alignment -> send fraction",-0.0040642953649444,-0.0393576183743096,0.0312290276444207,0.8003368464331103,1.0,10.0,339,no detectable effect,per SD of measure (raw sd 0.101); contributing runs 8
september,8-agent mixed,4 Gemini + 4 GPT,mixed,H1 vs non-partner placebo: moral_cos alignment -> send fraction,-0.0007223499454583,-0.0224293994880815,0.0209846995971649,0.9416400463189212,1.0,10.0,339,no detectable effect,partner alignment coef shown; non-partner placebo coef +0.0084 (p 0.541); per SD of measure (raw sd 0.101); contributing runs 8
september,8-agent mixed,4 Gemini + 4 GPT,mixed,H1 first meetings: moral_cos alignment -> send fraction,0.0075082234640369,-0.0315382598503684,0.0465547067784423,0.6738147116041847,,10.0,203,underpowered,per SD of measure (raw sd 0.107); contributing runs 7
september,8-agent mixed,4 Gemini + 4 GPT,mixed,"H1 agent FE (investor, trustee within run) + round: rule_index alignment -> send fraction",-0.014183928721784,-0.0763974444751906,0.0480295870316225,0.6184624725647538,1.0,10.0,337,no detectable effect,per SD of measure (raw sd 0.268); contributing runs 8
september,8-agent mixed,4 Gemini + 4 GPT,mixed,H1 vs non-partner placebo: rule_index alignment -> send fraction,-0.0066254107413505,-0.0476583635767847,0.0344075420940835,0.7233534274686719,1.0,10.0,337,no detectable effect,partner alignment coef shown; non-partner placebo coef +0.0542 (p 0.237); per SD of measure (raw sd 0.268); contributing runs 8
september,8-agent mixed,4 Gemini + 4 GPT,mixed,H1 first meetings: rule_index alignment -> send fraction,-0.015711542291951,-0.1617645386495989,0.1303414540656968,0.8131903427297318,,10.0,201,underpowered,per SD of measure (raw sd 0.275); contributing runs 7
september,8-agent mixed,4 Gemini + 4 GPT,mixed,"H1 agent FE (investor, trustee within run) + round: give_align alignment -> send fraction",-0.0306801695127098,-0.1116867949785672,0.0503264559531475,0.4138067782655579,1.0,10.0,339,no detectable effect,per SD of measure (raw sd 0.252); contributing runs 8
september,8-agent mixed,4 Gemini + 4 GPT,mixed,H1 vs non-partner placebo: give_align alignment -> send fraction,-0.057775837899442,-0.129741649293679,0.0141899734947949,0.1027346426208934,1.0,10.0,339,no detectable effect,partner alignment coef shown; non-partner placebo coef -0.0128 (p 0.631); per SD of measure (raw sd 0.252); contributing runs 8
september,8-agent mixed,4 Gemini + 4 GPT,mixed,H1 first meetings: give_align alignment -> send fraction,-0.0968967785870929,-0.2019129453116459,0.00811938813746,0.0664783937120716,,10.0,203,underpowered,per SD of measure (raw sd 0.250); contributing runs 7
september,8-agent mixed,4 Gemini + 4 GPT,mixed,"H1 agent FE (investor, trustee within run) + round: myth_cos alignment -> send fraction",-0.014025864085467,-0.0569314210290911,0.028879692858157,0.4784464261434342,1.0,10.0,339,no detectable effect,per SD of measure (raw sd 0.109); contributing runs 8
september,8-agent mixed,4 Gemini + 4 GPT,mixed,H1 vs non-partner placebo: myth_cos alignment -> send fraction,-0.0110820375590766,-0.0471427162843971,0.0249786411662437,0.5044830520092103,1.0,10.0,339,no detectable effect,partner alignment coef shown; non-partner placebo coef +0.0254 (p 0.327); per SD of measure (raw sd 0.109); contributing runs 8
september,8-agent mixed,4 Gemini + 4 GPT,mixed,H1 first meetings: myth_cos alignment -> send fraction,-0.0564902775234081,-0.1339076524801694,0.020927097433353,0.1332040774554246,,10.0,203,underpowered,per SD of measure (raw sd 0.107); contributing runs 7
september,8-agent mixed,4 Gemini + 4 GPT,mixed,H1 DeepSeek labels: same_label alignment -> send fraction,0.0277454445120113,-0.0077827937239708,0.0632736827479935,0.1110987703897519,0.3332963111692557,10.0,339,no detectable effect,GLM level controls; GLM-label primary +0.0324 (p 0.220); per SD of measure (raw sd 0.497); contributing runs 8
september,8-agent mixed,4 Gemini + 4 GPT,mixed,"H1 agent FE (investor, trustee within run) + round: same_label alignment -> return proportion",-0.000394718486918,-0.0122535216615236,0.0114640846876876,0.9416266673326676,1.0,10.0,329,no detectable effect,per SD of measure (raw sd 0.497); contributing runs 10
september,8-agent mixed,4 Gemini + 4 GPT,mixed,H1 vs non-partner placebo: same_label alignment -> return proportion,0.0022821648891174,-0.010903083057792,0.0154674128360269,0.7045035154066767,1.0,10.0,329,no detectable effect,partner alignment coef shown; non-partner placebo coef +0.0085 (p 0.198); per SD of measure (raw sd 0.497); contributing runs 10
september,8-agent mixed,4 Gemini + 4 GPT,mixed,H1 first meetings: same_label alignment -> return proportion,-0.0001261035790696,-0.0299194796870189,0.0296672725288797,0.9925693999114644,1.0,10.0,195,no detectable effect,per SD of measure (raw sd 0.501); contributing runs 10
september,8-agent mixed,4 Gemini + 4 GPT,mixed,"H1 agent FE (investor, trustee within run) + round: moral_cos alignment -> return proportion",2.6737750561435603e-05,-0.0084107467913912,0.008464222292514,0.994436714959912,1.0,10.0,329,no detectable effect,per SD of measure (raw sd 0.101); contributing runs 10
september,8-agent mixed,4 Gemini + 4 GPT,mixed,H1 vs non-partner placebo: moral_cos alignment -> return proportion,0.0025017971142747,-0.0054691365523181,0.0104727307808675,0.4956803302149852,1.0,10.0,329,no detectable effect,partner alignment coef shown; non-partner placebo coef -0.0069 (p 0.241); per SD of measure (raw sd 0.101); contributing runs 10
september,8-agent mixed,4 Gemini + 4 GPT,mixed,H1 first meetings: moral_cos alignment -> return proportion,0.0056297502079463,-0.01265333013622,0.0239128305521127,0.5036658569151204,1.0,10.0,195,no detectable effect,per SD of measure (raw sd 0.107); contributing runs 10
september,8-agent mixed,4 Gemini + 4 GPT,mixed,"H1 agent FE (investor, trustee within run) + round: rule_index alignment -> return proportion",-0.0079713306134345,-0.0296591349157242,0.0137164736888551,0.4272254867291891,1.0,10.0,327,no detectable effect,per SD of measure (raw sd 0.268); contributing runs 10
september,8-agent mixed,4 Gemini + 4 GPT,mixed,H1 vs non-partner placebo: rule_index alignment -> return proportion,0.0001241370169192,-0.013777732582224,0.0140260066160625,0.9843245922338136,1.0,10.0,327,no detectable effect,partner alignment coef shown; non-partner placebo coef -0.0125 (p 0.356); per SD of measure (raw sd 0.268); contributing runs 10
september,8-agent mixed,4 Gemini + 4 GPT,mixed,H1 first meetings: rule_index alignment -> return proportion,0.0001404596362712,-0.0421026879064883,0.0423836071790309,0.994162669447598,1.0,10.0,193,no detectable effect,per SD of measure (raw sd 0.275); contributing runs 10
september,8-agent mixed,4 Gemini + 4 GPT,mixed,"H1 agent FE (investor, trustee within run) + round: give_align alignment -> return proportion",-0.0053313623345472,-0.0355220868191157,0.0248593621500212,0.6988586252703362,1.0,10.0,329,no detectable effect,per SD of measure (raw sd 0.252); contributing runs 10
september,8-agent mixed,4 Gemini + 4 GPT,mixed,H1 vs non-partner placebo: give_align alignment -> return proportion,-0.0011089620312995,-0.0237845621407211,0.0215666380781221,0.914335991559688,1.0,10.0,329,no detectable effect,partner alignment coef shown; non-partner placebo coef -0.0050 (p 0.644); per SD of measure (raw sd 0.252); contributing runs 10
september,8-agent mixed,4 Gemini + 4 GPT,mixed,H1 first meetings: give_align alignment -> return proportion,-0.0040741801441553,-0.0500276774954768,0.041879317207166,0.8455015577886706,1.0,10.0,195,no detectable effect,per SD of measure (raw sd 0.250); contributing runs 10
september,8-agent mixed,4 Gemini + 4 GPT,mixed,"H1 agent FE (investor, trustee within run) + round: myth_cos alignment -> return proportion",-0.0018599406603601,-0.0137753555325111,0.0100554742117909,0.7321337549235424,1.0,10.0,329,no detectable effect,per SD of measure (raw sd 0.109); contributing runs 10
september,8-agent mixed,4 Gemini + 4 GPT,mixed,H1 vs non-partner placebo: myth_cos alignment -> return proportion,0.0004694160945161,-0.0217311764996161,0.0226700086886484,0.9628949501422904,1.0,10.0,329,no detectable effect,partner alignment coef shown; non-partner placebo coef -0.0015 (p 0.879); per SD of measure (raw sd 0.109); contributing runs 10
september,8-agent mixed,4 Gemini + 4 GPT,mixed,H1 first meetings: myth_cos alignment -> return proportion,-0.0095312649818747,-0.0455061454934703,0.0264436155297208,0.563726545661984,1.0,10.0,195,no detectable effect,per SD of measure (raw sd 0.107); contributing runs 10
september,8-agent mixed,4 Gemini + 4 GPT,mixed,H1 DeepSeek labels: same_label alignment -> return proportion,-0.0017850416628372,-0.0152210180659356,0.011650934740261,0.770592197103847,0.8575959520609597,10.0,329,no detectable effect,GLM level controls; GLM-label primary +0.0031 (p 0.602); per SD of measure (raw sd 0.497); contributing runs 10
september,8-agent mixed,4 Gemini + 4 GPT,mixed,"H1 agent FE (investor, trustee within run) + round: same_label alignment -> giving gap",0.0064795589918617,-0.0199960018863052,0.0329551198700288,0.5933146079775149,1.0,10.0,329,no detectable effect,per SD of measure (raw sd 0.497); contributing runs 10
september,8-agent mixed,4 Gemini + 4 GPT,mixed,H1 vs non-partner placebo: same_label alignment -> giving gap,0.0038607701540795,-0.0187492932059695,0.0264708335141285,0.7082673352613782,1.0,10.0,329,no detectable effect,partner alignment coef shown; non-partner placebo coef +0.0055 (p 0.661); per SD of measure (raw sd 0.497); contributing runs 10
september,8-agent mixed,4 Gemini + 4 GPT,mixed,H1 first meetings: same_label alignment -> giving gap,0.0108321471868869,-0.0288116504238135,0.0504759447975875,0.551824919168844,1.0,10.0,195,no detectable effect,per SD of measure (raw sd 0.501); contributing runs 10
september,8-agent mixed,4 Gemini + 4 GPT,mixed,"H1 agent FE (investor, trustee within run) + round: moral_cos alignment -> giving gap",0.0003446950886605,-0.0193710477559294,0.0200604379332505,0.9693154513460628,1.0,10.0,329,no detectable effect,per SD of measure (raw sd 0.101); contributing runs 10
september,8-agent mixed,4 Gemini + 4 GPT,mixed,H1 vs non-partner placebo: moral_cos alignment -> giving gap,-0.0003995499684333,-0.0201963360572129,0.0193972361203463,0.9645813200412268,1.0,10.0,329,no detectable effect,partner alignment coef shown; non-partner placebo coef +0.0078 (p 0.352); per SD of measure (raw sd 0.101); contributing runs 10
september,8-agent mixed,4 Gemini + 4 GPT,mixed,H1 first meetings: moral_cos alignment -> giving gap,-0.0016532517601308,-0.044519299297396,0.0412127957771342,0.9323858755029458,1.0,10.0,195,no detectable effect,per SD of measure (raw sd 0.107); contributing runs 10
september,8-agent mixed,4 Gemini + 4 GPT,mixed,"H1 agent FE (investor, trustee within run) + round: rule_index alignment -> giving gap",-0.00453902325977,-0.0475322730143031,0.0384542264947631,0.8165886099462165,1.0,10.0,327,no detectable effect,per SD of measure (raw sd 0.268); contributing runs 10
september,8-agent mixed,4 Gemini + 4 GPT,mixed,H1 vs non-partner placebo: rule_index alignment -> giving gap,-0.0079826514698244,-0.0356342785663014,0.0196689756266525,0.5300483899856004,1.0,10.0,327,no detectable effect,partner alignment coef shown; non-partner placebo coef +0.0190 (p 0.147); per SD of measure (raw sd 0.268); contributing runs 10
september,8-agent mixed,4 Gemini + 4 GPT,mixed,H1 first meetings: rule_index alignment -> giving gap,0.0059322080112063,-0.0416275449650351,0.0534919609874477,0.7841999444286202,1.0,10.0,193,no detectable effect,per SD of measure (raw sd 0.275); contributing runs 10
september,8-agent mixed,4 Gemini + 4 GPT,mixed,"H1 agent FE (investor, trustee within run) + round: give_align alignment -> giving gap",-0.0165588615685735,-0.0607018462332605,0.0275841230961134,0.418113773464433,1.0,10.0,329,no detectable effect,per SD of measure (raw sd 0.252); contributing runs 10
september,8-agent mixed,4 Gemini + 4 GPT,mixed,H1 vs non-partner placebo: give_align alignment -> giving gap,-0.018332763299946,-0.0572226498209608,0.0205571232210687,0.3140193165010734,1.0,10.0,329,no detectable effect,partner alignment coef shown; non-partner placebo coef +0.0150 (p 0.419); per SD of measure (raw sd 0.252); contributing runs 10
september,8-agent mixed,4 Gemini + 4 GPT,mixed,H1 first meetings: give_align alignment -> giving gap,-0.0435031530894806,-0.1581180202268696,0.0711117140479083,0.4128314503665146,1.0,10.0,195,no detectable effect,per SD of measure (raw sd 0.250); contributing runs 10
september,8-agent mixed,4 Gemini + 4 GPT,mixed,"H1 agent FE (investor, trustee within run) + round: myth_cos alignment -> giving gap",-0.0039146793931871,-0.0212592582162299,0.0134298994298556,0.6219390327387575,1.0,10.0,329,no detectable effect,per SD of measure (raw sd 0.109); contributing runs 10
september,8-agent mixed,4 Gemini + 4 GPT,mixed,H1 vs non-partner placebo: myth_cos alignment -> giving gap,0.0159585012662688,-0.0041364734617167,0.0360534759942545,0.1059758576492903,1.0,10.0,329,no detectable effect,partner alignment coef shown; non-partner placebo coef -0.0091 (p 0.368); per SD of measure (raw sd 0.109); contributing runs 10
september,8-agent mixed,4 Gemini + 4 GPT,mixed,H1 first meetings: myth_cos alignment -> giving gap,0.0173840223042244,-0.0209203455928322,0.0556883902012811,0.3313836939990005,1.0,10.0,195,no detectable effect,per SD of measure (raw sd 0.107); contributing runs 10
september,8-agent mixed,4 Gemini + 4 GPT,mixed,H1 DeepSeek labels: same_label alignment -> giving gap,0.005514285885114,-0.0095416268084557,0.0205701985786838,0.4287979760304798,0.8575959520609597,10.0,329,no detectable effect,GLM level controls; GLM-label primary +0.0044 (p 0.674); per SD of measure (raw sd 0.497); contributing runs 10
september,"2-agent (all, pooled)",all 2-agent runs (pooled),pooled,"H1 R4 round 1 (myth_game, before any play), alone: same_label alignment -> send fraction",-0.0535105230644369,-0.1455434862748135,0.0385224401459396,0.2428195595107172,1.0,33.0,33,no detectable effect,Holm within stratum over R4 tests; per SD of measure (raw sd 0.506); contributing runs 12
september,"2-agent (all, pooled)",all 2-agent runs (pooled),pooled,"H1 R4 round 1 (myth_game, before any play), + own send scores: same_label alignment -> send fraction",-0.0120208747013199,-0.0787283922724619,0.0546866428698219,0.7132160238595513,1.0,33.0,33,no detectable effect,Holm within stratum over R4 tests; per SD of measure (raw sd 0.506); contributing runs 12
september,"2-agent (all, pooled)",all 2-agent runs (pooled),pooled,"H1 R4 round 1 (myth_game, before any play), alone: moral_cos alignment -> send fraction",-0.0282535590863106,-0.092715833561849,0.0362087153892278,0.3758952768916931,1.0,33.0,33,no detectable effect,Holm within stratum over R4 tests; per SD of measure (raw sd 0.104); contributing runs 12
september,"2-agent (all, pooled)",all 2-agent runs (pooled),pooled,"H1 R4 round 1 (myth_game, before any play), + own send scores: moral_cos alignment -> send fraction",0.0172297244157855,-0.0398890663126095,0.0743485151441807,0.5394384548699181,1.0,33.0,33,no detectable effect,Holm within stratum over R4 tests; per SD of measure (raw sd 0.104); contributing runs 12
september,"2-agent (all, pooled)",all 2-agent runs (pooled),pooled,"H1 R4 round 1 (myth_game, before any play), alone: rule_index alignment -> send fraction",0.0405378357230218,-0.0747112738921727,0.1557869453382163,0.4761256533566654,1.0,33.0,33,no detectable effect,Holm within stratum over R4 tests; per SD of measure (raw sd 0.280); contributing runs 12
september,"2-agent (all, pooled)",all 2-agent runs (pooled),pooled,"H1 R4 round 1 (myth_game, before any play), + own send scores: rule_index alignment -> send fraction",-0.0603271948616206,-0.1483176938668541,0.0276633041436129,0.1699045998221877,1.0,33.0,33,no detectable effect,Holm within stratum over R4 tests; per SD of measure (raw sd 0.280); contributing runs 12
september,"2-agent (all, pooled)",all 2-agent runs (pooled),pooled,"H1 R4 round 1 (myth_game, before any play), alone: give_align alignment -> send fraction",0.0941367434832831,0.0108784491223751,0.1773950378441912,0.0282011616637088,0.8178336882475565,33.0,33,suggestive,Holm within stratum over R4 tests; per SD of measure (raw sd 0.201); contributing runs 12
september,"2-agent (all, pooled)",all 2-agent runs (pooled),pooled,"H1 R4 round 1 (myth_game, before any play), + own send scores: give_align alignment -> send fraction",0.0164542339408745,-0.0704392482716043,0.1033477161533535,0.6993767199169347,1.0,33.0,33,no detectable effect,Holm within stratum over R4 tests; per SD of measure (raw sd 0.201); contributing runs 12
september,"2-agent (all, pooled)",all 2-agent runs (pooled),pooled,"H1 R4 round 1 (myth_game, before any play), alone: myth_cos alignment -> send fraction",0.0048994655331937,-0.2012391016532592,0.2110380327196467,0.961407851363222,1.0,33.0,33,no detectable effect,Holm within stratum over R4 tests; per SD of measure (raw sd 0.094); contributing runs 12
september,"2-agent (all, pooled)",all 2-agent runs (pooled),pooled,"H1 R4 round 1 (myth_game, before any play), + own send scores: myth_cos alignment -> send fraction",0.0599597847994965,-0.1215864992196555,0.2415060688186486,0.5019861813779383,1.0,33.0,33,no detectable effect,Holm within stratum over R4 tests; per SD of measure (raw sd 0.094); contributing runs 12
september,"2-agent (all, pooled)",all 2-agent runs (pooled),pooled,"H1 R4 round 1 (myth_game, before any play), alone: same_label alignment -> return proportion",-0.0046884982102131,-0.0332258582093816,0.0238488617889553,0.7379108275985629,1.0,32.0,32,no detectable effect,Holm within stratum over R4 tests; per SD of measure (raw sd 0.506); contributing runs 25
september,"2-agent (all, pooled)",all 2-agent runs (pooled),pooled,"H1 R4 round 1 (myth_game, before any play), + own send scores: same_label alignment -> return proportion",-0.005350425772887,-0.0364460574916207,0.0257452059458465,0.7251290926422265,1.0,32.0,32,no detectable effect,Holm within stratum over R4 tests; per SD of measure (raw sd 0.506); contributing runs 25
september,"2-agent (all, pooled)",all 2-agent runs (pooled),pooled,"H1 R4 round 1 (myth_game, before any play), alone: moral_cos alignment -> return proportion",-0.0067440704998659,-0.0283369900115576,0.0148488490118257,0.5259179351222759,1.0,32.0,32,no detectable effect,Holm within stratum over R4 tests; per SD of measure (raw sd 0.104); contributing runs 25
september,"2-agent (all, pooled)",all 2-agent runs (pooled),pooled,"H1 R4 round 1 (myth_game, before any play), + own send scores: moral_cos alignment -> return proportion",-0.0035108577609911,-0.0293901888839588,0.0223684733619766,0.7814958561719737,1.0,32.0,32,no detectable effect,Holm within stratum over R4 tests; per SD of measure (raw sd 0.104); contributing runs 25
september,"2-agent (all, pooled)",all 2-agent runs (pooled),pooled,"H1 R4 round 1 (myth_game, before any play), alone: rule_index alignment -> return proportion",-0.0244094759599845,-0.0665693149060936,0.0177503629861245,0.2442920296552957,1.0,32.0,32,no detectable effect,Holm within stratum over R4 tests; per SD of measure (raw sd 0.280); contributing runs 25
september,"2-agent (all, pooled)",all 2-agent runs (pooled),pooled,"H1 R4 round 1 (myth_game, before any play), + own send scores: rule_index alignment -> return proportion",-0.0282638866294965,-0.0792557325118754,0.0227279592528824,0.26332757354953,1.0,32.0,32,no detectable effect,Holm within stratum over R4 tests; per SD of measure (raw sd 0.280); contributing runs 25
september,"2-agent (all, pooled)",all 2-agent runs (pooled),pooled,"H1 R4 round 1 (myth_game, before any play), alone: give_align alignment -> return proportion",-0.0075644548490228,-0.0471153314022044,0.0319864217041586,0.6969909657911729,1.0,32.0,32,no detectable effect,Holm within stratum over R4 tests; per SD of measure (raw sd 0.201); contributing runs 25
september,"2-agent (all, pooled)",all 2-agent runs (pooled),pooled,"H1 R4 round 1 (myth_game, before any play), + own send scores: give_align alignment -> return proportion",-0.0019582706626579,-0.0628051262960335,0.0588885849707175,0.947493933302758,1.0,32.0,32,no detectable effect,Holm within stratum over R4 tests; per SD of measure (raw sd 0.201); contributing runs 25
september,"2-agent (all, pooled)",all 2-agent runs (pooled),pooled,"H1 R4 round 1 (myth_game, before any play), alone: myth_cos alignment -> return proportion",-0.0001075164223567,-0.0665955228993218,0.0663804900546083,0.997369133223042,1.0,32.0,32,no detectable effect,Holm within stratum over R4 tests; per SD of measure (raw sd 0.094); contributing runs 25
september,"2-agent (all, pooled)",all 2-agent runs (pooled),pooled,"H1 R4 round 1 (myth_game, before any play), + own send scores: myth_cos alignment -> return proportion",-0.0114486685306877,-0.084967931487425,0.0620705944260494,0.7502576280897032,1.0,32.0,32,no detectable effect,Holm within stratum over R4 tests; per SD of measure (raw sd 0.094); contributing runs 25
september,"2-agent (all, pooled)",all 2-agent runs (pooled),pooled,"H1 R4 round 1 (myth_game, before any play), alone: same_label alignment -> giving gap",-0.0259033205490564,-0.1046177706702525,0.0528111295721396,0.5041536712773674,1.0,32.0,32,no detectable effect,Holm within stratum over R4 tests; per SD of measure (raw sd 0.506); contributing runs 25
september,"2-agent (all, pooled)",all 2-agent runs (pooled),pooled,"H1 R4 round 1 (myth_game, before any play), + own send scores: same_label alignment -> giving gap",0.0187205249933521,-0.0313653342434153,0.0688063842301197,0.4472785733736463,1.0,32.0,32,no detectable effect,Holm within stratum over R4 tests; per SD of measure (raw sd 0.506); contributing runs 25
september,"2-agent (all, pooled)",all 2-agent runs (pooled),pooled,"H1 R4 round 1 (myth_game, before any play), alone: moral_cos alignment -> giving gap",-0.0351937179616948,-0.0907625814624537,0.020375145539064,0.2039860970592034,1.0,32.0,32,no detectable effect,Holm within stratum over R4 tests; per SD of measure (raw sd 0.104); contributing runs 25
september,"2-agent (all, pooled)",all 2-agent runs (pooled),pooled,"H1 R4 round 1 (myth_game, before any play), + own send scores: moral_cos alignment -> giving gap",-0.0023682657356835,-0.0350289786751297,0.0302924472037626,0.8820716929441708,1.0,32.0,32,no detectable effect,Holm within stratum over R4 tests; per SD of measure (raw sd 0.104); contributing runs 25
september,"2-agent (all, pooled)",all 2-agent runs (pooled),pooled,"H1 R4 round 1 (myth_game, before any play), alone: rule_index alignment -> giving gap",0.0983769587737395,0.0234306576368714,0.1733232599106076,0.012161627844955,0.3648488353486518,32.0,32,suggestive,Holm within stratum over R4 tests; per SD of measure (raw sd 0.280); contributing runs 25
september,"2-agent (all, pooled)",all 2-agent runs (pooled),pooled,"H1 R4 round 1 (myth_game, before any play), + own send scores: rule_index alignment -> giving gap",0.0057364801972312,-0.0328428948555078,0.0443158552499703,0.7611588147069095,1.0,32.0,32,no detectable effect,Holm within stratum over R4 tests; per SD of measure (raw sd 0.280); contributing runs 25
september,"2-agent (all, pooled)",all 2-agent runs (pooled),pooled,"H1 R4 round 1 (myth_game, before any play), alone: give_align alignment -> giving gap",0.0800753380486975,0.0011133550392138,0.1590373210581812,0.0470877001446127,1.0,32.0,32,suggestive,Holm within stratum over R4 tests; per SD of measure (raw sd 0.201); contributing runs 25
september,"2-agent (all, pooled)",all 2-agent runs (pooled),pooled,"H1 R4 round 1 (myth_game, before any play), + own send scores: give_align alignment -> giving gap",-0.0181764170809618,-0.0599857821693896,0.023632948007466,0.3777919214061493,1.0,32.0,32,no detectable effect,Holm within stratum over R4 tests; per SD of measure (raw sd 0.201); contributing runs 25
september,"2-agent (all, pooled)",all 2-agent runs (pooled),pooled,"H1 R4 round 1 (myth_game, before any play), alone: myth_cos alignment -> giving gap",-0.0703043927425715,-0.1885038719069642,0.0478950864218211,0.2319915248599891,1.0,32.0,32,no detectable effect,Holm within stratum over R4 tests; per SD of measure (raw sd 0.094); contributing runs 25
september,"2-agent (all, pooled)",all 2-agent runs (pooled),pooled,"H1 R4 round 1 (myth_game, before any play), + own send scores: myth_cos alignment -> giving gap",-0.00132705417853,-0.0826267958866825,0.0799726875296224,0.9733545568955964,1.0,32.0,32,no detectable effect,Holm within stratum over R4 tests; per SD of measure (raw sd 0.094); contributing runs 25
september,"8-agent (all, pooled)",all 8-agent runs (pooled),pooled,"H1 R4 round 1 (myth_game, before any play), alone: same_label alignment -> send fraction",-0.0037138055674299,-0.0530215317445537,0.0455939206096938,0.8800422359569764,1.0,45.0,180,no detectable effect,Holm within stratum over R4 tests; per SD of measure (raw sd 0.501); contributing runs 31
september,"8-agent (all, pooled)",all 8-agent runs (pooled),pooled,"H1 R4 round 1 (myth_game, before any play), + own send scores: same_label alignment -> send fraction",-0.0013476659124599,-0.0388810367173948,0.0361857048924749,0.9426406603612564,1.0,45.0,180,no detectable effect,Holm within stratum over R4 tests; per SD of measure (raw sd 0.501); contributing runs 31
september,"8-agent (all, pooled)",all 8-agent runs (pooled),pooled,"H1 R4 round 1 (myth_game, before any play), alone: moral_cos alignment -> send fraction",-0.0364989888177789,-0.0885867828185629,0.015588805183005,0.1649221962171079,1.0,45.0,179,no detectable effect,Holm within stratum over R4 tests; per SD of measure (raw sd 0.092); contributing runs 36
september,"8-agent (all, pooled)",all 8-agent runs (pooled),pooled,"H1 R4 round 1 (myth_game, before any play), + own send scores: moral_cos alignment -> send fraction",-0.0332965974202653,-0.0752874217065331,0.0086942268660025,0.1171817510660429,1.0,45.0,179,no detectable effect,Holm within stratum over R4 tests; per SD of measure (raw sd 0.092); contributing runs 36
september,"8-agent (all, pooled)",all 8-agent runs (pooled),pooled,"H1 R4 round 1 (myth_game, before any play), alone: rule_index alignment -> send fraction",0.0132927335164714,-0.0407178145739942,0.0673032816069371,0.6223564186233916,1.0,45.0,180,no detectable effect,Holm within stratum over R4 tests; per SD of measure (raw sd 0.293); contributing runs 36
september,"8-agent (all, pooled)",all 8-agent runs (pooled),pooled,"H1 R4 round 1 (myth_game, before any play), + own send scores: rule_index alignment -> send fraction",0.0075636557235048,-0.0328517642666412,0.0479790757136509,0.7078592254080089,1.0,45.0,180,no detectable effect,Holm within stratum over R4 tests; per SD of measure (raw sd 0.293); contributing runs 36
september,"8-agent (all, pooled)",all 8-agent runs (pooled),pooled,"H1 R4 round 1 (myth_game, before any play), alone: give_align alignment -> send fraction",-0.0215040840720355,-0.0682581096607311,0.0252499415166599,0.3590094896306262,1.0,45.0,180,no detectable effect,Holm within stratum over R4 tests; per SD of measure (raw sd 0.228); contributing runs 36
september,"8-agent (all, pooled)",all 8-agent runs (pooled),pooled,"H1 R4 round 1 (myth_game, before any play), + own send scores: give_align alignment -> send fraction",-0.009613937220486,-0.0469241716859571,0.027696297244985,0.6061464261682541,1.0,45.0,180,no detectable effect,Holm within stratum over R4 tests; per SD of measure (raw sd 0.228); contributing runs 36
september,"8-agent (all, pooled)",all 8-agent runs (pooled),pooled,"H1 R4 round 1 (myth_game, before any play), alone: myth_cos alignment -> send fraction",0.0047983599934228,-0.0419822131218034,0.0515789331086491,0.8371825488813003,1.0,45.0,180,no detectable effect,Holm within stratum over R4 tests; per SD of measure (raw sd 0.091); contributing runs 36
september,"8-agent (all, pooled)",all 8-agent runs (pooled),pooled,"H1 R4 round 1 (myth_game, before any play), + own send scores: myth_cos alignment -> send fraction",0.019957789261977,-0.0203521186911507,0.0602676972151048,0.3238197704124532,1.0,45.0,180,no detectable effect,Holm within stratum over R4 tests; per SD of measure (raw sd 0.091); contributing runs 36
september,"8-agent (all, pooled)",all 8-agent runs (pooled),pooled,"H1 R4 round 1 (myth_game, before any play), alone: same_label alignment -> return proportion",-0.0058395555802653,-0.0215440530924909,0.0098649419319601,0.4576080239625412,1.0,45.0,177,no detectable effect,Holm within stratum over R4 tests; per SD of measure (raw sd 0.501); contributing runs 37
september,"8-agent (all, pooled)",all 8-agent runs (pooled),pooled,"H1 R4 round 1 (myth_game, before any play), + own send scores: same_label alignment -> return proportion",-0.0054311730089718,-0.0194356077711957,0.0085732617532521,0.4386376815671028,1.0,45.0,177,no detectable effect,Holm within stratum over R4 tests; per SD of measure (raw sd 0.501); contributing runs 37
september,"8-agent (all, pooled)",all 8-agent runs (pooled),pooled,"H1 R4 round 1 (myth_game, before any play), alone: moral_cos alignment -> return proportion",0.0022434619349751,-0.0174662035553328,0.0219531274252831,0.8196209510084154,1.0,45.0,176,no detectable effect,Holm within stratum over R4 tests; per SD of measure (raw sd 0.092); contributing runs 44
september,"8-agent (all, pooled)",all 8-agent runs (pooled),pooled,"H1 R4 round 1 (myth_game, before any play), + own send scores: moral_cos alignment -> return proportion",0.0014821014001637,-0.0184436142806169,0.0214078170809445,0.8815240438954146,1.0,45.0,176,no detectable effect,Holm within stratum over R4 tests; per SD of measure (raw sd 0.092); contributing runs 44
september,"8-agent (all, pooled)",all 8-agent runs (pooled),pooled,"H1 R4 round 1 (myth_game, before any play), alone: rule_index alignment -> return proportion",0.0049960723521461,-0.0165376590791971,0.0265298037834895,0.6423866599106339,1.0,45.0,177,no detectable effect,Holm within stratum over R4 tests; per SD of measure (raw sd 0.293); contributing runs 44
september,"8-agent (all, pooled)",all 8-agent runs (pooled),pooled,"H1 R4 round 1 (myth_game, before any play), + own send scores: rule_index alignment -> return proportion",0.002771993183484,-0.0179191899517691,0.0234631763187372,0.7884238758858149,1.0,45.0,177,no detectable effect,Holm within stratum over R4 tests; per SD of measure (raw sd 0.293); contributing runs 44
september,"8-agent (all, pooled)",all 8-agent runs (pooled),pooled,"H1 R4 round 1 (myth_game, before any play), alone: give_align alignment -> return proportion",-0.0070139389686857,-0.0286747046605961,0.0146468267232247,0.5174138865436065,1.0,45.0,177,no detectable effect,Holm within stratum over R4 tests; per SD of measure (raw sd 0.228); contributing runs 39
september,"8-agent (all, pooled)",all 8-agent runs (pooled),pooled,"H1 R4 round 1 (myth_game, before any play), + own send scores: give_align alignment -> return proportion",-0.0046124854888932,-0.0272113724752492,0.0179864014974626,0.6828191127750155,1.0,45.0,177,no detectable effect,Holm within stratum over R4 tests; per SD of measure (raw sd 0.228); contributing runs 39
september,"8-agent (all, pooled)",all 8-agent runs (pooled),pooled,"H1 R4 round 1 (myth_game, before any play), alone: myth_cos alignment -> return proportion",0.0006341704187971,-0.0158577037873098,0.0171260446249042,0.9385787682872336,1.0,45.0,177,no detectable effect,Holm within stratum over R4 tests; per SD of measure (raw sd 0.091); contributing runs 44
september,"8-agent (all, pooled)",all 8-agent runs (pooled),pooled,"H1 R4 round 1 (myth_game, before any play), + own send scores: myth_cos alignment -> return proportion",0.0040132085496277,-0.0109237190833761,0.0189501361826317,0.5909062529656486,1.0,45.0,177,no detectable effect,Holm within stratum over R4 tests; per SD of measure (raw sd 0.091); contributing runs 44
september,"8-agent (all, pooled)",all 8-agent runs (pooled),pooled,"H1 R4 round 1 (myth_game, before any play), alone: same_label alignment -> giving gap",0.0236287792304944,-0.0089828585389018,0.0562404169998907,0.1513293126823827,1.0,45.0,177,no detectable effect,Holm within stratum over R4 tests; per SD of measure (raw sd 0.501); contributing runs 38
september,"8-agent (all, pooled)",all 8-agent runs (pooled),pooled,"H1 R4 round 1 (myth_game, before any play), + own send scores: same_label alignment -> giving gap",0.0231259039945714,-0.0036368827027876,0.0498886906919306,0.0885854884675051,1.0,45.0,177,no detectable effect,Holm within stratum over R4 tests; per SD of measure (raw sd 0.501); contributing runs 38
september,"8-agent (all, pooled)",all 8-agent runs (pooled),pooled,"H1 R4 round 1 (myth_game, before any play), alone: moral_cos alignment -> giving gap",-0.0176478371046628,-0.0535062459270474,0.0182105717177217,0.3266844663685351,1.0,45.0,176,no detectable effect,Holm within stratum over R4 tests; per SD of measure (raw sd 0.092); contributing runs 45
september,"8-agent (all, pooled)",all 8-agent runs (pooled),pooled,"H1 R4 round 1 (myth_game, before any play), + own send scores: moral_cos alignment -> giving gap",-0.0192029305007921,-0.0509828558876906,0.0125769948861062,0.2297979756559013,1.0,45.0,176,no detectable effect,Holm within stratum over R4 tests; per SD of measure (raw sd 0.092); contributing runs 45
september,"8-agent (all, pooled)",all 8-agent runs (pooled),pooled,"H1 R4 round 1 (myth_game, before any play), alone: rule_index alignment -> giving gap",0.0148892185323189,-0.0246248575545958,0.0544032946192337,0.4516589389308377,1.0,45.0,177,no detectable effect,Holm within stratum over R4 tests; per SD of measure (raw sd 0.293); contributing runs 45
september,"8-agent (all, pooled)",all 8-agent runs (pooled),pooled,"H1 R4 round 1 (myth_game, before any play), + own send scores: rule_index alignment -> giving gap",0.0095651542668975,-0.021992288481566,0.0411225970153611,0.5444326046562107,1.0,45.0,177,no detectable effect,Holm within stratum over R4 tests; per SD of measure (raw sd 0.293); contributing runs 45
september,"8-agent (all, pooled)",all 8-agent runs (pooled),pooled,"H1 R4 round 1 (myth_game, before any play), alone: give_align alignment -> giving gap",-0.0236177839396617,-0.0618035669626406,0.0145679990833172,0.2191769646712791,1.0,45.0,177,no detectable effect,Holm within stratum over R4 tests; per SD of measure (raw sd 0.228); contributing runs 40
september,"8-agent (all, pooled)",all 8-agent runs (pooled),pooled,"H1 R4 round 1 (myth_game, before any play), + own send scores: give_align alignment -> giving gap",-0.0121164496429624,-0.0435234497966232,0.0192905505106983,0.4410214518139094,1.0,45.0,177,no detectable effect,Holm within stratum over R4 tests; per SD of measure (raw sd 0.228); contributing runs 40
september,"8-agent (all, pooled)",all 8-agent runs (pooled),pooled,"H1 R4 round 1 (myth_game, before any play), alone: myth_cos alignment -> giving gap",-0.0080289969859968,-0.0392253476041285,0.0231673536321348,0.6065727130928745,1.0,45.0,177,no detectable effect,Holm within stratum over R4 tests; per SD of measure (raw sd 0.091); contributing runs 45
september,"8-agent (all, pooled)",all 8-agent runs (pooled),pooled,"H1 R4 round 1 (myth_game, before any play), + own send scores: myth_cos alignment -> giving gap",0.0068639266828949,-0.0262443645041333,0.0399722178699231,0.6781101240115617,1.0,45.0,177,no detectable effect,Holm within stratum over R4 tests; per SD of measure (raw sd 0.091); contributing runs 45
september,2-agent homogeneous,GPT dyads,GPT,"H1 R4 round 1 (myth_game, before any play), alone: same_label alignment -> send fraction",,,,,,5.0,5,not testable by design,Holm within stratum over R4 tests; not testable by design (n=5 round-1 games < 30)
september,2-agent homogeneous,GPT dyads,GPT,"H1 R4 round 1 (myth_game, before any play), + own send scores: same_label alignment -> send fraction",,,,,,5.0,5,not testable by design,Holm within stratum over R4 tests; not testable by design (n=5 round-1 games < 30)
september,2-agent homogeneous,GPT dyads,GPT,"H1 R4 round 1 (myth_game, before any play), alone: moral_cos alignment -> send fraction",,,,,,5.0,5,not testable by design,Holm within stratum over R4 tests; not testable by design (n=5 round-1 games < 30)
september,2-agent homogeneous,GPT dyads,GPT,"H1 R4 round 1 (myth_game, before any play), + own send scores: moral_cos alignment -> send fraction",,,,,,5.0,5,not testable by design,Holm within stratum over R4 tests; not testable by design (n=5 round-1 games < 30)
september,2-agent homogeneous,GPT dyads,GPT,"H1 R4 round 1 (myth_game, before any play), alone: rule_index alignment -> send fraction",,,,,,5.0,5,not testable by design,Holm within stratum over R4 tests; not testable by design (n=5 round-1 games < 30)
september,2-agent homogeneous,GPT dyads,GPT,"H1 R4 round 1 (myth_game, before any play), + own send scores: rule_index alignment -> send fraction",,,,,,5.0,5,not testable by design,Holm within stratum over R4 tests; not testable by design (n=5 round-1 games < 30)
september,2-agent homogeneous,GPT dyads,GPT,"H1 R4 round 1 (myth_game, before any play), alone: give_align alignment -> send fraction",,,,,,5.0,5,not testable by design,Holm within stratum over R4 tests; not testable by design (n=5 round-1 games < 30)
september,2-agent homogeneous,GPT dyads,GPT,"H1 R4 round 1 (myth_game, before any play), + own send scores: give_align alignment -> send fraction",,,,,,5.0,5,not testable by design,Holm within stratum over R4 tests; not testable by design (n=5 round-1 games < 30)
september,2-agent homogeneous,GPT dyads,GPT,"H1 R4 round 1 (myth_game, before any play), alone: myth_cos alignment -> send fraction",,,,,,5.0,5,not testable by design,Holm within stratum over R4 tests; not testable by design (n=5 round-1 games < 30)
september,2-agent homogeneous,GPT dyads,GPT,"H1 R4 round 1 (myth_game, before any play), + own send scores: myth_cos alignment -> send fraction",,,,,,5.0,5,not testable by design,Holm within stratum over R4 tests; not testable by design (n=5 round-1 games < 30)
september,2-agent homogeneous,GPT dyads,GPT,"H1 R4 round 1 (myth_game, before any play), alone: same_label alignment -> return proportion",,,,,,5.0,5,not testable by design,Holm within stratum over R4 tests; not testable by design (n=5 round-1 games < 30)
september,2-agent homogeneous,GPT dyads,GPT,"H1 R4 round 1 (myth_game, before any play), + own send scores: same_label alignment -> return proportion",,,,,,5.0,5,not testable by design,Holm within stratum over R4 tests; not testable by design (n=5 round-1 games < 30)
september,2-agent homogeneous,GPT dyads,GPT,"H1 R4 round 1 (myth_game, before any play), alone: moral_cos alignment -> return proportion",,,,,,5.0,5,not testable by design,Holm within stratum over R4 tests; not testable by design (n=5 round-1 games < 30)
september,2-agent homogeneous,GPT dyads,GPT,"H1 R4 round 1 (myth_game, before any play), + own send scores: moral_cos alignment -> return proportion",,,,,,5.0,5,not testable by design,Holm within stratum over R4 tests; not testable by design (n=5 round-1 games < 30)
september,2-agent homogeneous,GPT dyads,GPT,"H1 R4 round 1 (myth_game, before any play), alone: rule_index alignment -> return proportion",,,,,,5.0,5,not testable by design,Holm within stratum over R4 tests; not testable by design (n=5 round-1 games < 30)
september,2-agent homogeneous,GPT dyads,GPT,"H1 R4 round 1 (myth_game, before any play), + own send scores: rule_index alignment -> return proportion",,,,,,5.0,5,not testable by design,Holm within stratum over R4 tests; not testable by design (n=5 round-1 games < 30)
september,2-agent homogeneous,GPT dyads,GPT,"H1 R4 round 1 (myth_game, before any play), alone: give_align alignment -> return proportion",,,,,,5.0,5,not testable by design,Holm within stratum over R4 tests; not testable by design (n=5 round-1 games < 30)
september,2-agent homogeneous,GPT dyads,GPT,"H1 R4 round 1 (myth_game, before any play), + own send scores: give_align alignment -> return proportion",,,,,,5.0,5,not testable by design,Holm within stratum over R4 tests; not testable by design (n=5 round-1 games < 30)
september,2-agent homogeneous,GPT dyads,GPT,"H1 R4 round 1 (myth_game, before any play), alone: myth_cos alignment -> return proportion",,,,,,5.0,5,not testable by design,Holm within stratum over R4 tests; not testable by design (n=5 round-1 games < 30)
september,2-agent homogeneous,GPT dyads,GPT,"H1 R4 round 1 (myth_game, before any play), + own send scores: myth_cos alignment -> return proportion",,,,,,5.0,5,not testable by design,Holm within stratum over R4 tests; not testable by design (n=5 round-1 games < 30)
september,2-agent homogeneous,GPT dyads,GPT,"H1 R4 round 1 (myth_game, before any play), alone: same_label alignment -> giving gap",,,,,,5.0,5,not testable by design,Holm within stratum over R4 tests; not testable by design (n=5 round-1 games < 30)
september,2-agent homogeneous,GPT dyads,GPT,"H1 R4 round 1 (myth_game, before any play), + own send scores: same_label alignment -> giving gap",,,,,,5.0,5,not testable by design,Holm within stratum over R4 tests; not testable by design (n=5 round-1 games < 30)
september,2-agent homogeneous,GPT dyads,GPT,"H1 R4 round 1 (myth_game, before any play), alone: moral_cos alignment -> giving gap",,,,,,5.0,5,not testable by design,Holm within stratum over R4 tests; not testable by design (n=5 round-1 games < 30)
september,2-agent homogeneous,GPT dyads,GPT,"H1 R4 round 1 (myth_game, before any play), + own send scores: moral_cos alignment -> giving gap",,,,,,5.0,5,not testable by design,Holm within stratum over R4 tests; not testable by design (n=5 round-1 games < 30)
september,2-agent homogeneous,GPT dyads,GPT,"H1 R4 round 1 (myth_game, before any play), alone: rule_index alignment -> giving gap",,,,,,5.0,5,not testable by design,Holm within stratum over R4 tests; not testable by design (n=5 round-1 games < 30)
september,2-agent homogeneous,GPT dyads,GPT,"H1 R4 round 1 (myth_game, before any play), + own send scores: rule_index alignment -> giving gap",,,,,,5.0,5,not testable by design,Holm within stratum over R4 tests; not testable by design (n=5 round-1 games < 30)
september,2-agent homogeneous,GPT dyads,GPT,"H1 R4 round 1 (myth_game, before any play), alone: give_align alignment -> giving gap",,,,,,5.0,5,not testable by design,Holm within stratum over R4 tests; not testable by design (n=5 round-1 games < 30)
september,2-agent homogeneous,GPT dyads,GPT,"H1 R4 round 1 (myth_game, before any play), + own send scores: give_align alignment -> giving gap",,,,,,5.0,5,not testable by design,Holm within stratum over R4 tests; not testable by design (n=5 round-1 games < 30)
september,2-agent homogeneous,GPT dyads,GPT,"H1 R4 round 1 (myth_game, before any play), alone: myth_cos alignment -> giving gap",,,,,,5.0,5,not testable by design,Holm within stratum over R4 tests; not testable by design (n=5 round-1 games < 30)
september,2-agent homogeneous,GPT dyads,GPT,"H1 R4 round 1 (myth_game, before any play), + own send scores: myth_cos alignment -> giving gap",,,,,,5.0,5,not testable by design,Holm within stratum over R4 tests; not testable by design (n=5 round-1 games < 30)
september,2-agent homogeneous,Gemini dyads,Gemini,"H1 R4 round 1 (myth_game, before any play), alone: same_label alignment -> send fraction",,,,,,5.0,5,not testable by design,Holm within stratum over R4 tests; not testable by design (n=5 round-1 games < 30)
september,2-agent homogeneous,Gemini dyads,Gemini,"H1 R4 round 1 (myth_game, before any play), + own send scores: same_label alignment -> send fraction",,,,,,5.0,5,not testable by design,Holm within stratum over R4 tests; not testable by design (n=5 round-1 games < 30)
september,2-agent homogeneous,Gemini dyads,Gemini,"H1 R4 round 1 (myth_game, before any play), alone: moral_cos alignment -> send fraction",,,,,,5.0,5,not testable by design,Holm within stratum over R4 tests; not testable by design (n=5 round-1 games < 30)
september,2-agent homogeneous,Gemini dyads,Gemini,"H1 R4 round 1 (myth_game, before any play), + own send scores: moral_cos alignment -> send fraction",,,,,,5.0,5,not testable by design,Holm within stratum over R4 tests; not testable by design (n=5 round-1 games < 30)
september,2-agent homogeneous,Gemini dyads,Gemini,"H1 R4 round 1 (myth_game, before any play), alone: rule_index alignment -> send fraction",,,,,,5.0,5,not testable by design,Holm within stratum over R4 tests; not testable by design (n=5 round-1 games < 30)
september,2-agent homogeneous,Gemini dyads,Gemini,"H1 R4 round 1 (myth_game, before any play), + own send scores: rule_index alignment -> send fraction",,,,,,5.0,5,not testable by design,Holm within stratum over R4 tests; not testable by design (n=5 round-1 games < 30)
september,2-agent homogeneous,Gemini dyads,Gemini,"H1 R4 round 1 (myth_game, before any play), alone: give_align alignment -> send fraction",,,,,,,5,not estimable: ceiling,Holm within stratum over R4 tests; not estimable: ceiling (measure give_align constant)
september,2-agent homogeneous,Gemini dyads,Gemini,"H1 R4 round 1 (myth_game, before any play), + own send scores: give_align alignment -> send fraction",,,,,,,5,not estimable: ceiling,Holm within stratum over R4 tests; not estimable: ceiling (measure give_align constant)
september,2-agent homogeneous,Gemini dyads,Gemini,"H1 R4 round 1 (myth_game, before any play), alone: myth_cos alignment -> send fraction",,,,,,5.0,5,not testable by design,Holm within stratum over R4 tests; not testable by design (n=5 round-1 games < 30)
september,2-agent homogeneous,Gemini dyads,Gemini,"H1 R4 round 1 (myth_game, before any play), + own send scores: myth_cos alignment -> send fraction",,,,,,5.0,5,not testable by design,Holm within stratum over R4 tests; not testable by design (n=5 round-1 games < 30)
september,2-agent homogeneous,Gemini dyads,Gemini,"H1 R4 round 1 (myth_game, before any play), alone: same_label alignment -> return proportion",,,,,,5.0,5,not testable by design,Holm within stratum over R4 tests; not testable by design (n=5 round-1 games < 30)
september,2-agent homogeneous,Gemini dyads,Gemini,"H1 R4 round 1 (myth_game, before any play), + own send scores: same_label alignment -> return proportion",,,,,,5.0,5,not testable by design,Holm within stratum over R4 tests; not testable by design (n=5 round-1 games < 30)
september,2-agent homogeneous,Gemini dyads,Gemini,"H1 R4 round 1 (myth_game, before any play), alone: moral_cos alignment -> return proportion",,,,,,5.0,5,not testable by design,Holm within stratum over R4 tests; not testable by design (n=5 round-1 games < 30)
september,2-agent homogeneous,Gemini dyads,Gemini,"H1 R4 round 1 (myth_game, before any play), + own send scores: moral_cos alignment -> return proportion",,,,,,5.0,5,not testable by design,Holm within stratum over R4 tests; not testable by design (n=5 round-1 games < 30)
september,2-agent homogeneous,Gemini dyads,Gemini,"H1 R4 round 1 (myth_game, before any play), alone: rule_index alignment -> return proportion",,,,,,5.0,5,not testable by design,Holm within stratum over R4 tests; not testable by design (n=5 round-1 games < 30)
september,2-agent homogeneous,Gemini dyads,Gemini,"H1 R4 round 1 (myth_game, before any play), + own send scores: rule_index alignment -> return proportion",,,,,,5.0,5,not testable by design,Holm within stratum over R4 tests; not testable by design (n=5 round-1 games < 30)
september,2-agent homogeneous,Gemini dyads,Gemini,"H1 R4 round 1 (myth_game, before any play), alone: give_align alignment -> return proportion",,,,,,,5,not estimable: ceiling,Holm within stratum over R4 tests; not estimable: ceiling (measure give_align constant)
september,2-agent homogeneous,Gemini dyads,Gemini,"H1 R4 round 1 (myth_game, before any play), + own send scores: give_align alignment -> return proportion",,,,,,,5,not estimable: ceiling,Holm within stratum over R4 tests; not estimable: ceiling (measure give_align constant)
september,2-agent homogeneous,Gemini dyads,Gemini,"H1 R4 round 1 (myth_game, before any play), alone: myth_cos alignment -> return proportion",,,,,,5.0,5,not testable by design,Holm within stratum over R4 tests; not testable by design (n=5 round-1 games < 30)
september,2-agent homogeneous,Gemini dyads,Gemini,"H1 R4 round 1 (myth_game, before any play), + own send scores: myth_cos alignment -> return proportion",,,,,,5.0,5,not testable by design,Holm within stratum over R4 tests; not testable by design (n=5 round-1 games < 30)
september,2-agent homogeneous,Gemini dyads,Gemini,"H1 R4 round 1 (myth_game, before any play), alone: same_label alignment -> giving gap",,,,,,5.0,5,not testable by design,Holm within stratum over R4 tests; not testable by design (n=5 round-1 games < 30)
september,2-agent homogeneous,Gemini dyads,Gemini,"H1 R4 round 1 (myth_game, before any play), + own send scores: same_label alignment -> giving gap",,,,,,5.0,5,not testable by design,Holm within stratum over R4 tests; not testable by design (n=5 round-1 games < 30)
september,2-agent homogeneous,Gemini dyads,Gemini,"H1 R4 round 1 (myth_game, before any play), alone: moral_cos alignment -> giving gap",,,,,,5.0,5,not testable by design,Holm within stratum over R4 tests; not testable by design (n=5 round-1 games < 30)
september,2-agent homogeneous,Gemini dyads,Gemini,"H1 R4 round 1 (myth_game, before any play), + own send scores: moral_cos alignment -> giving gap",,,,,,5.0,5,not testable by design,Holm within stratum over R4 tests; not testable by design (n=5 round-1 games < 30)
september,2-agent homogeneous,Gemini dyads,Gemini,"H1 R4 round 1 (myth_game, before any play), alone: rule_index alignment -> giving gap",,,,,,5.0,5,not testable by design,Holm within stratum over R4 tests; not testable by design (n=5 round-1 games < 30)
september,2-agent homogeneous,Gemini dyads,Gemini,"H1 R4 round 1 (myth_game, before any play), + own send scores: rule_index alignment -> giving gap",,,,,,5.0,5,not testable by design,Holm within stratum over R4 tests; not testable by design (n=5 round-1 games < 30)
september,2-agent homogeneous,Gemini dyads,Gemini,"H1 R4 round 1 (myth_game, before any play), alone: give_align alignment -> giving gap",,,,,,,5,not estimable: ceiling,Holm within stratum over R4 tests; not estimable: ceiling (measure give_align constant)
september,2-agent homogeneous,Gemini dyads,Gemini,"H1 R4 round 1 (myth_game, before any play), + own send scores: give_align alignment -> giving gap",,,,,,,5,not estimable: ceiling,Holm within stratum over R4 tests; not estimable: ceiling (measure give_align constant)
september,2-agent homogeneous,Gemini dyads,Gemini,"H1 R4 round 1 (myth_game, before any play), alone: myth_cos alignment -> giving gap",,,,,,5.0,5,not testable by design,Holm within stratum over R4 tests; not testable by design (n=5 round-1 games < 30)
september,2-agent homogeneous,Gemini dyads,Gemini,"H1 R4 round 1 (myth_game, before any play), + own send scores: myth_cos alignment -> giving gap",,,,,,5.0,5,not testable by design,Holm within stratum over R4 tests; not testable by design (n=5 round-1 games < 30)
september,2-agent homogeneous,Sonnet dyads,Sonnet,"H1 R4 round 1 (myth_game, before any play), alone: same_label alignment -> send fraction",,,,,,5.0,5,not testable by design,Holm within stratum over R4 tests; not testable by design (n=5 round-1 games < 30)
september,2-agent homogeneous,Sonnet dyads,Sonnet,"H1 R4 round 1 (myth_game, before any play), + own send scores: same_label alignment -> send fraction",,,,,,5.0,5,not testable by design,Holm within stratum over R4 tests; not testable by design (n=5 round-1 games < 30)
september,2-agent homogeneous,Sonnet dyads,Sonnet,"H1 R4 round 1 (myth_game, before any play), alone: moral_cos alignment -> send fraction",,,,,,5.0,5,not testable by design,Holm within stratum over R4 tests; not testable by design (n=5 round-1 games < 30)
september,2-agent homogeneous,Sonnet dyads,Sonnet,"H1 R4 round 1 (myth_game, before any play), + own send scores: moral_cos alignment -> send fraction",,,,,,5.0,5,not testable by design,Holm within stratum over R4 tests; not testable by design (n=5 round-1 games < 30)
september,2-agent homogeneous,Sonnet dyads,Sonnet,"H1 R4 round 1 (myth_game, before any play), alone: rule_index alignment -> send fraction",,,,,,5.0,5,not testable by design,Holm within stratum over R4 tests; not testable by design (n=5 round-1 games < 30)
september,2-agent homogeneous,Sonnet dyads,Sonnet,"H1 R4 round 1 (myth_game, before any play), + own send scores: rule_index alignment -> send fraction",,,,,,5.0,5,not testable by design,Holm within stratum over R4 tests; not testable by design (n=5 round-1 games < 30)
september,2-agent homogeneous,Sonnet dyads,Sonnet,"H1 R4 round 1 (myth_game, before any play), alone: give_align alignment -> send fraction",,,,,,5.0,5,not testable by design,Holm within stratum over R4 tests; not testable by design (n=5 round-1 games < 30)
september,2-agent homogeneous,Sonnet dyads,Sonnet,"H1 R4 round 1 (myth_game, before any play), + own send scores: give_align alignment -> send fraction",,,,,,5.0,5,not testable by design,Holm within stratum over R4 tests; not testable by design (n=5 round-1 games < 30)
september,2-agent homogeneous,Sonnet dyads,Sonnet,"H1 R4 round 1 (myth_game, before any play), alone: myth_cos alignment -> send fraction",,,,,,5.0,5,not testable by design,Holm within stratum over R4 tests; not testable by design (n=5 round-1 games < 30)
september,2-agent homogeneous,Sonnet dyads,Sonnet,"H1 R4 round 1 (myth_game, before any play), + own send scores: myth_cos alignment -> send fraction",,,,,,5.0,5,not testable by design,Holm within stratum over R4 tests; not testable by design (n=5 round-1 games < 30)
september,2-agent homogeneous,Sonnet dyads,Sonnet,"H1 R4 round 1 (myth_game, before any play), alone: same_label alignment -> return proportion",,,,,,5.0,5,not testable by design,Holm within stratum over R4 tests; not testable by design (n=5 round-1 games < 30)
september,2-agent homogeneous,Sonnet dyads,Sonnet,"H1 R4 round 1 (myth_game, before any play), + own send scores: same_label alignment -> return proportion",,,,,,5.0,5,not testable by design,Holm within stratum over R4 tests; not testable by design (n=5 round-1 games < 30)
september,2-agent homogeneous,Sonnet dyads,Sonnet,"H1 R4 round 1 (myth_game, before any play), alone: moral_cos alignment -> return proportion",,,,,,5.0,5,not testable by design,Holm within stratum over R4 tests; not testable by design (n=5 round-1 games < 30)
september,2-agent homogeneous,Sonnet dyads,Sonnet,"H1 R4 round 1 (myth_game, before any play), + own send scores: moral_cos alignment -> return proportion",,,,,,5.0,5,not testable by design,Holm within stratum over R4 tests; not testable by design (n=5 round-1 games < 30)
september,2-agent homogeneous,Sonnet dyads,Sonnet,"H1 R4 round 1 (myth_game, before any play), alone: rule_index alignment -> return proportion",,,,,,5.0,5,not testable by design,Holm within stratum over R4 tests; not testable by design (n=5 round-1 games < 30)
september,2-agent homogeneous,Sonnet dyads,Sonnet,"H1 R4 round 1 (myth_game, before any play), + own send scores: rule_index alignment -> return proportion",,,,,,5.0,5,not testable by design,Holm within stratum over R4 tests; not testable by design (n=5 round-1 games < 30)
september,2-agent homogeneous,Sonnet dyads,Sonnet,"H1 R4 round 1 (myth_game, before any play), alone: give_align alignment -> return proportion",,,,,,5.0,5,not testable by design,Holm within stratum over R4 tests; not testable by design (n=5 round-1 games < 30)
september,2-agent homogeneous,Sonnet dyads,Sonnet,"H1 R4 round 1 (myth_game, before any play), + own send scores: give_align alignment -> return proportion",,,,,,5.0,5,not testable by design,Holm within stratum over R4 tests; not testable by design (n=5 round-1 games < 30)
september,2-agent homogeneous,Sonnet dyads,Sonnet,"H1 R4 round 1 (myth_game, before any play), alone: myth_cos alignment -> return proportion",,,,,,5.0,5,not testable by design,Holm within stratum over R4 tests; not testable by design (n=5 round-1 games < 30)
september,2-agent homogeneous,Sonnet dyads,Sonnet,"H1 R4 round 1 (myth_game, before any play), + own send scores: myth_cos alignment -> return proportion",,,,,,5.0,5,not testable by design,Holm within stratum over R4 tests; not testable by design (n=5 round-1 games < 30)
september,2-agent homogeneous,Sonnet dyads,Sonnet,"H1 R4 round 1 (myth_game, before any play), alone: same_label alignment -> giving gap",,,,,,5.0,5,not testable by design,Holm within stratum over R4 tests; not testable by design (n=5 round-1 games < 30)
september,2-agent homogeneous,Sonnet dyads,Sonnet,"H1 R4 round 1 (myth_game, before any play), + own send scores: same_label alignment -> giving gap",,,,,,5.0,5,not testable by design,Holm within stratum over R4 tests; not testable by design (n=5 round-1 games < 30)
september,2-agent homogeneous,Sonnet dyads,Sonnet,"H1 R4 round 1 (myth_game, before any play), alone: moral_cos alignment -> giving gap",,,,,,5.0,5,not testable by design,Holm within stratum over R4 tests; not testable by design (n=5 round-1 games < 30)
september,2-agent homogeneous,Sonnet dyads,Sonnet,"H1 R4 round 1 (myth_game, before any play), + own send scores: moral_cos alignment -> giving gap",,,,,,5.0,5,not testable by design,Holm within stratum over R4 tests; not testable by design (n=5 round-1 games < 30)
september,2-agent homogeneous,Sonnet dyads,Sonnet,"H1 R4 round 1 (myth_game, before any play), alone: rule_index alignment -> giving gap",,,,,,5.0,5,not testable by design,Holm within stratum over R4 tests; not testable by design (n=5 round-1 games < 30)
september,2-agent homogeneous,Sonnet dyads,Sonnet,"H1 R4 round 1 (myth_game, before any play), + own send scores: rule_index alignment -> giving gap",,,,,,5.0,5,not testable by design,Holm within stratum over R4 tests; not testable by design (n=5 round-1 games < 30)
september,2-agent homogeneous,Sonnet dyads,Sonnet,"H1 R4 round 1 (myth_game, before any play), alone: give_align alignment -> giving gap",,,,,,5.0,5,not testable by design,Holm within stratum over R4 tests; not testable by design (n=5 round-1 games < 30)
september,2-agent homogeneous,Sonnet dyads,Sonnet,"H1 R4 round 1 (myth_game, before any play), + own send scores: give_align alignment -> giving gap",,,,,,5.0,5,not testable by design,Holm within stratum over R4 tests; not testable by design (n=5 round-1 games < 30)
september,2-agent homogeneous,Sonnet dyads,Sonnet,"H1 R4 round 1 (myth_game, before any play), alone: myth_cos alignment -> giving gap",,,,,,5.0,5,not testable by design,Holm within stratum over R4 tests; not testable by design (n=5 round-1 games < 30)
september,2-agent homogeneous,Sonnet dyads,Sonnet,"H1 R4 round 1 (myth_game, before any play), + own send scores: myth_cos alignment -> giving gap",,,,,,5.0,5,not testable by design,Holm within stratum over R4 tests; not testable by design (n=5 round-1 games < 30)
september,2-agent mixed,Gemini+GPT dyads,mixed,"H1 R4 round 1 (myth_game, before any play), alone: same_label alignment -> send fraction",,,,,,6.0,6,not testable by design,Holm within stratum over R4 tests; not testable by design (n=6 round-1 games < 30)
september,2-agent mixed,Gemini+GPT dyads,mixed,"H1 R4 round 1 (myth_game, before any play), + own send scores: same_label alignment -> send fraction",,,,,,6.0,6,not testable by design,Holm within stratum over R4 tests; not testable by design (n=6 round-1 games < 30)
september,2-agent mixed,Gemini+GPT dyads,mixed,"H1 R4 round 1 (myth_game, before any play), alone: moral_cos alignment -> send fraction",,,,,,6.0,6,not testable by design,Holm within stratum over R4 tests; not testable by design (n=6 round-1 games < 30)
september,2-agent mixed,Gemini+GPT dyads,mixed,"H1 R4 round 1 (myth_game, before any play), + own send scores: moral_cos alignment -> send fraction",,,,,,6.0,6,not testable by design,Holm within stratum over R4 tests; not testable by design (n=6 round-1 games < 30)
september,2-agent mixed,Gemini+GPT dyads,mixed,"H1 R4 round 1 (myth_game, before any play), alone: rule_index alignment -> send fraction",,,,,,6.0,6,not testable by design,Holm within stratum over R4 tests; not testable by design (n=6 round-1 games < 30)
september,2-agent mixed,Gemini+GPT dyads,mixed,"H1 R4 round 1 (myth_game, before any play), + own send scores: rule_index alignment -> send fraction",,,,,,6.0,6,not testable by design,Holm within stratum over R4 tests; not testable by design (n=6 round-1 games < 30)
september,2-agent mixed,Gemini+GPT dyads,mixed,"H1 R4 round 1 (myth_game, before any play), alone: give_align alignment -> send fraction",,,,,,6.0,6,not testable by design,Holm within stratum over R4 tests; not testable by design (n=6 round-1 games < 30)
september,2-agent mixed,Gemini+GPT dyads,mixed,"H1 R4 round 1 (myth_game, before any play), + own send scores: give_align alignment -> send fraction",,,,,,6.0,6,not testable by design,Holm within stratum over R4 tests; not testable by design (n=6 round-1 games < 30)
september,2-agent mixed,Gemini+GPT dyads,mixed,"H1 R4 round 1 (myth_game, before any play), alone: myth_cos alignment -> send fraction",,,,,,6.0,6,not testable by design,Holm within stratum over R4 tests; not testable by design (n=6 round-1 games < 30)
september,2-agent mixed,Gemini+GPT dyads,mixed,"H1 R4 round 1 (myth_game, before any play), + own send scores: myth_cos alignment -> send fraction",,,,,,6.0,6,not testable by design,Holm within stratum over R4 tests; not testable by design (n=6 round-1 games < 30)
september,2-agent mixed,Gemini+GPT dyads,mixed,"H1 R4 round 1 (myth_game, before any play), alone: same_label alignment -> return proportion",,,,,,6.0,6,not testable by design,Holm within stratum over R4 tests; not testable by design (n=6 round-1 games < 30)
september,2-agent mixed,Gemini+GPT dyads,mixed,"H1 R4 round 1 (myth_game, before any play), + own send scores: same_label alignment -> return proportion",,,,,,6.0,6,not testable by design,Holm within stratum over R4 tests; not testable by design (n=6 round-1 games < 30)
september,2-agent mixed,Gemini+GPT dyads,mixed,"H1 R4 round 1 (myth_game, before any play), alone: moral_cos alignment -> return proportion",,,,,,6.0,6,not testable by design,Holm within stratum over R4 tests; not testable by design (n=6 round-1 games < 30)
september,2-agent mixed,Gemini+GPT dyads,mixed,"H1 R4 round 1 (myth_game, before any play), + own send scores: moral_cos alignment -> return proportion",,,,,,6.0,6,not testable by design,Holm within stratum over R4 tests; not testable by design (n=6 round-1 games < 30)
september,2-agent mixed,Gemini+GPT dyads,mixed,"H1 R4 round 1 (myth_game, before any play), alone: rule_index alignment -> return proportion",,,,,,6.0,6,not testable by design,Holm within stratum over R4 tests; not testable by design (n=6 round-1 games < 30)
september,2-agent mixed,Gemini+GPT dyads,mixed,"H1 R4 round 1 (myth_game, before any play), + own send scores: rule_index alignment -> return proportion",,,,,,6.0,6,not testable by design,Holm within stratum over R4 tests; not testable by design (n=6 round-1 games < 30)
september,2-agent mixed,Gemini+GPT dyads,mixed,"H1 R4 round 1 (myth_game, before any play), alone: give_align alignment -> return proportion",,,,,,6.0,6,not testable by design,Holm within stratum over R4 tests; not testable by design (n=6 round-1 games < 30)
september,2-agent mixed,Gemini+GPT dyads,mixed,"H1 R4 round 1 (myth_game, before any play), + own send scores: give_align alignment -> return proportion",,,,,,6.0,6,not testable by design,Holm within stratum over R4 tests; not testable by design (n=6 round-1 games < 30)
september,2-agent mixed,Gemini+GPT dyads,mixed,"H1 R4 round 1 (myth_game, before any play), alone: myth_cos alignment -> return proportion",,,,,,6.0,6,not testable by design,Holm within stratum over R4 tests; not testable by design (n=6 round-1 games < 30)
september,2-agent mixed,Gemini+GPT dyads,mixed,"H1 R4 round 1 (myth_game, before any play), + own send scores: myth_cos alignment -> return proportion",,,,,,6.0,6,not testable by design,Holm within stratum over R4 tests; not testable by design (n=6 round-1 games < 30)
september,2-agent mixed,Gemini+GPT dyads,mixed,"H1 R4 round 1 (myth_game, before any play), alone: same_label alignment -> giving gap",,,,,,6.0,6,not testable by design,Holm within stratum over R4 tests; not testable by design (n=6 round-1 games < 30)
september,2-agent mixed,Gemini+GPT dyads,mixed,"H1 R4 round 1 (myth_game, before any play), + own send scores: same_label alignment -> giving gap",,,,,,6.0,6,not testable by design,Holm within stratum over R4 tests; not testable by design (n=6 round-1 games < 30)
september,2-agent mixed,Gemini+GPT dyads,mixed,"H1 R4 round 1 (myth_game, before any play), alone: moral_cos alignment -> giving gap",,,,,,6.0,6,not testable by design,Holm within stratum over R4 tests; not testable by design (n=6 round-1 games < 30)
september,2-agent mixed,Gemini+GPT dyads,mixed,"H1 R4 round 1 (myth_game, before any play), + own send scores: moral_cos alignment -> giving gap",,,,,,6.0,6,not testable by design,Holm within stratum over R4 tests; not testable by design (n=6 round-1 games < 30)
september,2-agent mixed,Gemini+GPT dyads,mixed,"H1 R4 round 1 (myth_game, before any play), alone: rule_index alignment -> giving gap",,,,,,6.0,6,not testable by design,Holm within stratum over R4 tests; not testable by design (n=6 round-1 games < 30)
september,2-agent mixed,Gemini+GPT dyads,mixed,"H1 R4 round 1 (myth_game, before any play), + own send scores: rule_index alignment -> giving gap",,,,,,6.0,6,not testable by design,Holm within stratum over R4 tests; not testable by design (n=6 round-1 games < 30)
september,2-agent mixed,Gemini+GPT dyads,mixed,"H1 R4 round 1 (myth_game, before any play), alone: give_align alignment -> giving gap",,,,,,6.0,6,not testable by design,Holm within stratum over R4 tests; not testable by design (n=6 round-1 games < 30)
september,2-agent mixed,Gemini+GPT dyads,mixed,"H1 R4 round 1 (myth_game, before any play), + own send scores: give_align alignment -> giving gap",,,,,,6.0,6,not testable by design,Holm within stratum over R4 tests; not testable by design (n=6 round-1 games < 30)
september,2-agent mixed,Gemini+GPT dyads,mixed,"H1 R4 round 1 (myth_game, before any play), alone: myth_cos alignment -> giving gap",,,,,,6.0,6,not testable by design,Holm within stratum over R4 tests; not testable by design (n=6 round-1 games < 30)
september,2-agent mixed,Gemini+GPT dyads,mixed,"H1 R4 round 1 (myth_game, before any play), + own send scores: myth_cos alignment -> giving gap",,,,,,6.0,6,not testable by design,Holm within stratum over R4 tests; not testable by design (n=6 round-1 games < 30)
september,2-agent mixed,Sonnet+GPT dyads,mixed,"H1 R4 round 1 (myth_game, before any play), alone: same_label alignment -> send fraction",,,,,,6.0,6,not testable by design,Holm within stratum over R4 tests; not testable by design (n=6 round-1 games < 30)
september,2-agent mixed,Sonnet+GPT dyads,mixed,"H1 R4 round 1 (myth_game, before any play), + own send scores: same_label alignment -> send fraction",,,,,,6.0,6,not testable by design,Holm within stratum over R4 tests; not testable by design (n=6 round-1 games < 30)
september,2-agent mixed,Sonnet+GPT dyads,mixed,"H1 R4 round 1 (myth_game, before any play), alone: moral_cos alignment -> send fraction",,,,,,6.0,6,not testable by design,Holm within stratum over R4 tests; not testable by design (n=6 round-1 games < 30)
september,2-agent mixed,Sonnet+GPT dyads,mixed,"H1 R4 round 1 (myth_game, before any play), + own send scores: moral_cos alignment -> send fraction",,,,,,6.0,6,not testable by design,Holm within stratum over R4 tests; not testable by design (n=6 round-1 games < 30)
september,2-agent mixed,Sonnet+GPT dyads,mixed,"H1 R4 round 1 (myth_game, before any play), alone: rule_index alignment -> send fraction",,,,,,6.0,6,not testable by design,Holm within stratum over R4 tests; not testable by design (n=6 round-1 games < 30)
september,2-agent mixed,Sonnet+GPT dyads,mixed,"H1 R4 round 1 (myth_game, before any play), + own send scores: rule_index alignment -> send fraction",,,,,,6.0,6,not testable by design,Holm within stratum over R4 tests; not testable by design (n=6 round-1 games < 30)
september,2-agent mixed,Sonnet+GPT dyads,mixed,"H1 R4 round 1 (myth_game, before any play), alone: give_align alignment -> send fraction",,,,,,6.0,6,not testable by design,Holm within stratum over R4 tests; not testable by design (n=6 round-1 games < 30)
september,2-agent mixed,Sonnet+GPT dyads,mixed,"H1 R4 round 1 (myth_game, before any play), + own send scores: give_align alignment -> send fraction",,,,,,6.0,6,not testable by design,Holm within stratum over R4 tests; not testable by design (n=6 round-1 games < 30)
september,2-agent mixed,Sonnet+GPT dyads,mixed,"H1 R4 round 1 (myth_game, before any play), alone: myth_cos alignment -> send fraction",,,,,,6.0,6,not testable by design,Holm within stratum over R4 tests; not testable by design (n=6 round-1 games < 30)
september,2-agent mixed,Sonnet+GPT dyads,mixed,"H1 R4 round 1 (myth_game, before any play), + own send scores: myth_cos alignment -> send fraction",,,,,,6.0,6,not testable by design,Holm within stratum over R4 tests; not testable by design (n=6 round-1 games < 30)
september,2-agent mixed,Sonnet+GPT dyads,mixed,"H1 R4 round 1 (myth_game, before any play), alone: same_label alignment -> return proportion",,,,,,6.0,6,not testable by design,Holm within stratum over R4 tests; not testable by design (n=6 round-1 games < 30)
september,2-agent mixed,Sonnet+GPT dyads,mixed,"H1 R4 round 1 (myth_game, before any play), + own send scores: same_label alignment -> return proportion",,,,,,6.0,6,not testable by design,Holm within stratum over R4 tests; not testable by design (n=6 round-1 games < 30)
september,2-agent mixed,Sonnet+GPT dyads,mixed,"H1 R4 round 1 (myth_game, before any play), alone: moral_cos alignment -> return proportion",,,,,,6.0,6,not testable by design,Holm within stratum over R4 tests; not testable by design (n=6 round-1 games < 30)
september,2-agent mixed,Sonnet+GPT dyads,mixed,"H1 R4 round 1 (myth_game, before any play), + own send scores: moral_cos alignment -> return proportion",,,,,,6.0,6,not testable by design,Holm within stratum over R4 tests; not testable by design (n=6 round-1 games < 30)
september,2-agent mixed,Sonnet+GPT dyads,mixed,"H1 R4 round 1 (myth_game, before any play), alone: rule_index alignment -> return proportion",,,,,,6.0,6,not testable by design,Holm within stratum over R4 tests; not testable by design (n=6 round-1 games < 30)
september,2-agent mixed,Sonnet+GPT dyads,mixed,"H1 R4 round 1 (myth_game, before any play), + own send scores: rule_index alignment -> return proportion",,,,,,6.0,6,not testable by design,Holm within stratum over R4 tests; not testable by design (n=6 round-1 games < 30)
september,2-agent mixed,Sonnet+GPT dyads,mixed,"H1 R4 round 1 (myth_game, before any play), alone: give_align alignment -> return proportion",,,,,,6.0,6,not testable by design,Holm within stratum over R4 tests; not testable by design (n=6 round-1 games < 30)
september,2-agent mixed,Sonnet+GPT dyads,mixed,"H1 R4 round 1 (myth_game, before any play), + own send scores: give_align alignment -> return proportion",,,,,,6.0,6,not testable by design,Holm within stratum over R4 tests; not testable by design (n=6 round-1 games < 30)
september,2-agent mixed,Sonnet+GPT dyads,mixed,"H1 R4 round 1 (myth_game, before any play), alone: myth_cos alignment -> return proportion",,,,,,6.0,6,not testable by design,Holm within stratum over R4 tests; not testable by design (n=6 round-1 games < 30)
september,2-agent mixed,Sonnet+GPT dyads,mixed,"H1 R4 round 1 (myth_game, before any play), + own send scores: myth_cos alignment -> return proportion",,,,,,6.0,6,not testable by design,Holm within stratum over R4 tests; not testable by design (n=6 round-1 games < 30)
september,2-agent mixed,Sonnet+GPT dyads,mixed,"H1 R4 round 1 (myth_game, before any play), alone: same_label alignment -> giving gap",,,,,,6.0,6,not testable by design,Holm within stratum over R4 tests; not testable by design (n=6 round-1 games < 30)
september,2-agent mixed,Sonnet+GPT dyads,mixed,"H1 R4 round 1 (myth_game, before any play), + own send scores: same_label alignment -> giving gap",,,,,,6.0,6,not testable by design,Holm within stratum over R4 tests; not testable by design (n=6 round-1 games < 30)
september,2-agent mixed,Sonnet+GPT dyads,mixed,"H1 R4 round 1 (myth_game, before any play), alone: moral_cos alignment -> giving gap",,,,,,6.0,6,not testable by design,Holm within stratum over R4 tests; not testable by design (n=6 round-1 games < 30)
september,2-agent mixed,Sonnet+GPT dyads,mixed,"H1 R4 round 1 (myth_game, before any play), + own send scores: moral_cos alignment -> giving gap",,,,,,6.0,6,not testable by design,Holm within stratum over R4 tests; not testable by design (n=6 round-1 games < 30)
september,2-agent mixed,Sonnet+GPT dyads,mixed,"H1 R4 round 1 (myth_game, before any play), alone: rule_index alignment -> giving gap",,,,,,6.0,6,not testable by design,Holm within stratum over R4 tests; not testable by design (n=6 round-1 games < 30)
september,2-agent mixed,Sonnet+GPT dyads,mixed,"H1 R4 round 1 (myth_game, before any play), + own send scores: rule_index alignment -> giving gap",,,,,,6.0,6,not testable by design,Holm within stratum over R4 tests; not testable by design (n=6 round-1 games < 30)
september,2-agent mixed,Sonnet+GPT dyads,mixed,"H1 R4 round 1 (myth_game, before any play), alone: give_align alignment -> giving gap",,,,,,6.0,6,not testable by design,Holm within stratum over R4 tests; not testable by design (n=6 round-1 games < 30)
september,2-agent mixed,Sonnet+GPT dyads,mixed,"H1 R4 round 1 (myth_game, before any play), + own send scores: give_align alignment -> giving gap",,,,,,6.0,6,not testable by design,Holm within stratum over R4 tests; not testable by design (n=6 round-1 games < 30)
september,2-agent mixed,Sonnet+GPT dyads,mixed,"H1 R4 round 1 (myth_game, before any play), alone: myth_cos alignment -> giving gap",,,,,,6.0,6,not testable by design,Holm within stratum over R4 tests; not testable by design (n=6 round-1 games < 30)
september,2-agent mixed,Sonnet+GPT dyads,mixed,"H1 R4 round 1 (myth_game, before any play), + own send scores: myth_cos alignment -> giving gap",,,,,,6.0,6,not testable by design,Holm within stratum over R4 tests; not testable by design (n=6 round-1 games < 30)
september,2-agent mixed,Sonnet+Gemini dyads,mixed,"H1 R4 round 1 (myth_game, before any play), alone: same_label alignment -> send fraction",,,,,,6.0,6,not testable by design,Holm within stratum over R4 tests; not testable by design (n=6 round-1 games < 30)
september,2-agent mixed,Sonnet+Gemini dyads,mixed,"H1 R4 round 1 (myth_game, before any play), + own send scores: same_label alignment -> send fraction",,,,,,6.0,6,not testable by design,Holm within stratum over R4 tests; not testable by design (n=6 round-1 games < 30)
september,2-agent mixed,Sonnet+Gemini dyads,mixed,"H1 R4 round 1 (myth_game, before any play), alone: moral_cos alignment -> send fraction",,,,,,6.0,6,not testable by design,Holm within stratum over R4 tests; not testable by design (n=6 round-1 games < 30)
september,2-agent mixed,Sonnet+Gemini dyads,mixed,"H1 R4 round 1 (myth_game, before any play), + own send scores: moral_cos alignment -> send fraction",,,,,,6.0,6,not testable by design,Holm within stratum over R4 tests; not testable by design (n=6 round-1 games < 30)
september,2-agent mixed,Sonnet+Gemini dyads,mixed,"H1 R4 round 1 (myth_game, before any play), alone: rule_index alignment -> send fraction",,,,,,6.0,6,not testable by design,Holm within stratum over R4 tests; not testable by design (n=6 round-1 games < 30)
september,2-agent mixed,Sonnet+Gemini dyads,mixed,"H1 R4 round 1 (myth_game, before any play), + own send scores: rule_index alignment -> send fraction",,,,,,6.0,6,not testable by design,Holm within stratum over R4 tests; not testable by design (n=6 round-1 games < 30)
september,2-agent mixed,Sonnet+Gemini dyads,mixed,"H1 R4 round 1 (myth_game, before any play), alone: give_align alignment -> send fraction",,,,,,6.0,6,not testable by design,Holm within stratum over R4 tests; not testable by design (n=6 round-1 games < 30)
september,2-agent mixed,Sonnet+Gemini dyads,mixed,"H1 R4 round 1 (myth_game, before any play), + own send scores: give_align alignment -> send fraction",,,,,,6.0,6,not testable by design,Holm within stratum over R4 tests; not testable by design (n=6 round-1 games < 30)
september,2-agent mixed,Sonnet+Gemini dyads,mixed,"H1 R4 round 1 (myth_game, before any play), alone: myth_cos alignment -> send fraction",,,,,,6.0,6,not testable by design,Holm within stratum over R4 tests; not testable by design (n=6 round-1 games < 30)
september,2-agent mixed,Sonnet+Gemini dyads,mixed,"H1 R4 round 1 (myth_game, before any play), + own send scores: myth_cos alignment -> send fraction",,,,,,6.0,6,not testable by design,Holm within stratum over R4 tests; not testable by design (n=6 round-1 games < 30)
september,2-agent mixed,Sonnet+Gemini dyads,mixed,"H1 R4 round 1 (myth_game, before any play), alone: same_label alignment -> return proportion",,,,,,6.0,6,not testable by design,Holm within stratum over R4 tests; not testable by design (n=6 round-1 games < 30)
september,2-agent mixed,Sonnet+Gemini dyads,mixed,"H1 R4 round 1 (myth_game, before any play), + own send scores: same_label alignment -> return proportion",,,,,,6.0,6,not testable by design,Holm within stratum over R4 tests; not testable by design (n=6 round-1 games < 30)
september,2-agent mixed,Sonnet+Gemini dyads,mixed,"H1 R4 round 1 (myth_game, before any play), alone: moral_cos alignment -> return proportion",,,,,,6.0,6,not testable by design,Holm within stratum over R4 tests; not testable by design (n=6 round-1 games < 30)
september,2-agent mixed,Sonnet+Gemini dyads,mixed,"H1 R4 round 1 (myth_game, before any play), + own send scores: moral_cos alignment -> return proportion",,,,,,6.0,6,not testable by design,Holm within stratum over R4 tests; not testable by design (n=6 round-1 games < 30)
september,2-agent mixed,Sonnet+Gemini dyads,mixed,"H1 R4 round 1 (myth_game, before any play), alone: rule_index alignment -> return proportion",,,,,,6.0,6,not testable by design,Holm within stratum over R4 tests; not testable by design (n=6 round-1 games < 30)
september,2-agent mixed,Sonnet+Gemini dyads,mixed,"H1 R4 round 1 (myth_game, before any play), + own send scores: rule_index alignment -> return proportion",,,,,,6.0,6,not testable by design,Holm within stratum over R4 tests; not testable by design (n=6 round-1 games < 30)
september,2-agent mixed,Sonnet+Gemini dyads,mixed,"H1 R4 round 1 (myth_game, before any play), alone: give_align alignment -> return proportion",,,,,,6.0,6,not testable by design,Holm within stratum over R4 tests; not testable by design (n=6 round-1 games < 30)
september,2-agent mixed,Sonnet+Gemini dyads,mixed,"H1 R4 round 1 (myth_game, before any play), + own send scores: give_align alignment -> return proportion",,,,,,6.0,6,not testable by design,Holm within stratum over R4 tests; not testable by design (n=6 round-1 games < 30)
september,2-agent mixed,Sonnet+Gemini dyads,mixed,"H1 R4 round 1 (myth_game, before any play), alone: myth_cos alignment -> return proportion",,,,,,6.0,6,not testable by design,Holm within stratum over R4 tests; not testable by design (n=6 round-1 games < 30)
september,2-agent mixed,Sonnet+Gemini dyads,mixed,"H1 R4 round 1 (myth_game, before any play), + own send scores: myth_cos alignment -> return proportion",,,,,,6.0,6,not testable by design,Holm within stratum over R4 tests; not testable by design (n=6 round-1 games < 30)
september,2-agent mixed,Sonnet+Gemini dyads,mixed,"H1 R4 round 1 (myth_game, before any play), alone: same_label alignment -> giving gap",,,,,,6.0,6,not testable by design,Holm within stratum over R4 tests; not testable by design (n=6 round-1 games < 30)
september,2-agent mixed,Sonnet+Gemini dyads,mixed,"H1 R4 round 1 (myth_game, before any play), + own send scores: same_label alignment -> giving gap",,,,,,6.0,6,not testable by design,Holm within stratum over R4 tests; not testable by design (n=6 round-1 games < 30)
september,2-agent mixed,Sonnet+Gemini dyads,mixed,"H1 R4 round 1 (myth_game, before any play), alone: moral_cos alignment -> giving gap",,,,,,6.0,6,not testable by design,Holm within stratum over R4 tests; not testable by design (n=6 round-1 games < 30)
september,2-agent mixed,Sonnet+Gemini dyads,mixed,"H1 R4 round 1 (myth_game, before any play), + own send scores: moral_cos alignment -> giving gap",,,,,,6.0,6,not testable by design,Holm within stratum over R4 tests; not testable by design (n=6 round-1 games < 30)
september,2-agent mixed,Sonnet+Gemini dyads,mixed,"H1 R4 round 1 (myth_game, before any play), alone: rule_index alignment -> giving gap",,,,,,6.0,6,not testable by design,Holm within stratum over R4 tests; not testable by design (n=6 round-1 games < 30)
september,2-agent mixed,Sonnet+Gemini dyads,mixed,"H1 R4 round 1 (myth_game, before any play), + own send scores: rule_index alignment -> giving gap",,,,,,6.0,6,not testable by design,Holm within stratum over R4 tests; not testable by design (n=6 round-1 games < 30)
september,2-agent mixed,Sonnet+Gemini dyads,mixed,"H1 R4 round 1 (myth_game, before any play), alone: give_align alignment -> giving gap",,,,,,6.0,6,not testable by design,Holm within stratum over R4 tests; not testable by design (n=6 round-1 games < 30)
september,2-agent mixed,Sonnet+Gemini dyads,mixed,"H1 R4 round 1 (myth_game, before any play), + own send scores: give_align alignment -> giving gap",,,,,,6.0,6,not testable by design,Holm within stratum over R4 tests; not testable by design (n=6 round-1 games < 30)
september,2-agent mixed,Sonnet+Gemini dyads,mixed,"H1 R4 round 1 (myth_game, before any play), alone: myth_cos alignment -> giving gap",,,,,,6.0,6,not testable by design,Holm within stratum over R4 tests; not testable by design (n=6 round-1 games < 30)
september,2-agent mixed,Sonnet+Gemini dyads,mixed,"H1 R4 round 1 (myth_game, before any play), + own send scores: myth_cos alignment -> giving gap",,,,,,6.0,6,not testable by design,Holm within stratum over R4 tests; not testable by design (n=6 round-1 games < 30)
september,8-agent homogeneous,8 GPT,GPT,"H1 R4 round 1 (myth_game, before any play), alone: same_label alignment -> send fraction",,,,,,5.0,20,not testable by design,Holm within stratum over R4 tests; not testable by design (n=20 round-1 games < 30)
september,8-agent homogeneous,8 GPT,GPT,"H1 R4 round 1 (myth_game, before any play), + own send scores: same_label alignment -> send fraction",,,,,,5.0,20,not testable by design,Holm within stratum over R4 tests; not testable by design (n=20 round-1 games < 30)
september,8-agent homogeneous,8 GPT,GPT,"H1 R4 round 1 (myth_game, before any play), alone: moral_cos alignment -> send fraction",,,,,,5.0,20,not testable by design,Holm within stratum over R4 tests; not testable by design (n=20 round-1 games < 30)
september,8-agent homogeneous,8 GPT,GPT,"H1 R4 round 1 (myth_game, before any play), + own send scores: moral_cos alignment -> send fraction",,,,,,5.0,20,not testable by design,Holm within stratum over R4 tests; not testable by design (n=20 round-1 games < 30)
september,8-agent homogeneous,8 GPT,GPT,"H1 R4 round 1 (myth_game, before any play), alone: rule_index alignment -> send fraction",,,,,,5.0,20,not testable by design,Holm within stratum over R4 tests; not testable by design (n=20 round-1 games < 30)
september,8-agent homogeneous,8 GPT,GPT,"H1 R4 round 1 (myth_game, before any play), + own send scores: rule_index alignment -> send fraction",,,,,,5.0,20,not testable by design,Holm within stratum over R4 tests; not testable by design (n=20 round-1 games < 30)
september,8-agent homogeneous,8 GPT,GPT,"H1 R4 round 1 (myth_game, before any play), alone: give_align alignment -> send fraction",,,,,,5.0,20,not testable by design,Holm within stratum over R4 tests; not testable by design (n=20 round-1 games < 30)
september,8-agent homogeneous,8 GPT,GPT,"H1 R4 round 1 (myth_game, before any play), + own send scores: give_align alignment -> send fraction",,,,,,5.0,20,not testable by design,Holm within stratum over R4 tests; not testable by design (n=20 round-1 games < 30)
september,8-agent homogeneous,8 GPT,GPT,"H1 R4 round 1 (myth_game, before any play), alone: myth_cos alignment -> send fraction",,,,,,5.0,20,not testable by design,Holm within stratum over R4 tests; not testable by design (n=20 round-1 games < 30)
september,8-agent homogeneous,8 GPT,GPT,"H1 R4 round 1 (myth_game, before any play), + own send scores: myth_cos alignment -> send fraction",,,,,,5.0,20,not testable by design,Holm within stratum over R4 tests; not testable by design (n=20 round-1 games < 30)
september,8-agent homogeneous,8 GPT,GPT,"H1 R4 round 1 (myth_game, before any play), alone: same_label alignment -> return proportion",,,,,,5.0,20,not testable by design,Holm within stratum over R4 tests; not testable by design (n=20 round-1 games < 30)
september,8-agent homogeneous,8 GPT,GPT,"H1 R4 round 1 (myth_game, before any play), + own send scores: same_label alignment -> return proportion",,,,,,5.0,20,not testable by design,Holm within stratum over R4 tests; not testable by design (n=20 round-1 games < 30)
september,8-agent homogeneous,8 GPT,GPT,"H1 R4 round 1 (myth_game, before any play), alone: moral_cos alignment -> return proportion",,,,,,5.0,20,not testable by design,Holm within stratum over R4 tests; not testable by design (n=20 round-1 games < 30)
september,8-agent homogeneous,8 GPT,GPT,"H1 R4 round 1 (myth_game, before any play), + own send scores: moral_cos alignment -> return proportion",,,,,,5.0,20,not testable by design,Holm within stratum over R4 tests; not testable by design (n=20 round-1 games < 30)
september,8-agent homogeneous,8 GPT,GPT,"H1 R4 round 1 (myth_game, before any play), alone: rule_index alignment -> return proportion",,,,,,5.0,20,not testable by design,Holm within stratum over R4 tests; not testable by design (n=20 round-1 games < 30)
september,8-agent homogeneous,8 GPT,GPT,"H1 R4 round 1 (myth_game, before any play), + own send scores: rule_index alignment -> return proportion",,,,,,5.0,20,not testable by design,Holm within stratum over R4 tests; not testable by design (n=20 round-1 games < 30)
september,8-agent homogeneous,8 GPT,GPT,"H1 R4 round 1 (myth_game, before any play), alone: give_align alignment -> return proportion",,,,,,5.0,20,not testable by design,Holm within stratum over R4 tests; not testable by design (n=20 round-1 games < 30)
september,8-agent homogeneous,8 GPT,GPT,"H1 R4 round 1 (myth_game, before any play), + own send scores: give_align alignment -> return proportion",,,,,,5.0,20,not testable by design,Holm within stratum over R4 tests; not testable by design (n=20 round-1 games < 30)
september,8-agent homogeneous,8 GPT,GPT,"H1 R4 round 1 (myth_game, before any play), alone: myth_cos alignment -> return proportion",,,,,,5.0,20,not testable by design,Holm within stratum over R4 tests; not testable by design (n=20 round-1 games < 30)
september,8-agent homogeneous,8 GPT,GPT,"H1 R4 round 1 (myth_game, before any play), + own send scores: myth_cos alignment -> return proportion",,,,,,5.0,20,not testable by design,Holm within stratum over R4 tests; not testable by design (n=20 round-1 games < 30)
september,8-agent homogeneous,8 GPT,GPT,"H1 R4 round 1 (myth_game, before any play), alone: same_label alignment -> giving gap",,,,,,5.0,20,not testable by design,Holm within stratum over R4 tests; not testable by design (n=20 round-1 games < 30)
september,8-agent homogeneous,8 GPT,GPT,"H1 R4 round 1 (myth_game, before any play), + own send scores: same_label alignment -> giving gap",,,,,,5.0,20,not testable by design,Holm within stratum over R4 tests; not testable by design (n=20 round-1 games < 30)
september,8-agent homogeneous,8 GPT,GPT,"H1 R4 round 1 (myth_game, before any play), alone: moral_cos alignment -> giving gap",,,,,,5.0,20,not testable by design,Holm within stratum over R4 tests; not testable by design (n=20 round-1 games < 30)
september,8-agent homogeneous,8 GPT,GPT,"H1 R4 round 1 (myth_game, before any play), + own send scores: moral_cos alignment -> giving gap",,,,,,5.0,20,not testable by design,Holm within stratum over R4 tests; not testable by design (n=20 round-1 games < 30)
september,8-agent homogeneous,8 GPT,GPT,"H1 R4 round 1 (myth_game, before any play), alone: rule_index alignment -> giving gap",,,,,,5.0,20,not testable by design,Holm within stratum over R4 tests; not testable by design (n=20 round-1 games < 30)
september,8-agent homogeneous,8 GPT,GPT,"H1 R4 round 1 (myth_game, before any play), + own send scores: rule_index alignment -> giving gap",,,,,,5.0,20,not testable by design,Holm within stratum over R4 tests; not testable by design (n=20 round-1 games < 30)
september,8-agent homogeneous,8 GPT,GPT,"H1 R4 round 1 (myth_game, before any play), alone: give_align alignment -> giving gap",,,,,,5.0,20,not testable by design,Holm within stratum over R4 tests; not testable by design (n=20 round-1 games < 30)
september,8-agent homogeneous,8 GPT,GPT,"H1 R4 round 1 (myth_game, before any play), + own send scores: give_align alignment -> giving gap",,,,,,5.0,20,not testable by design,Holm within stratum over R4 tests; not testable by design (n=20 round-1 games < 30)
september,8-agent homogeneous,8 GPT,GPT,"H1 R4 round 1 (myth_game, before any play), alone: myth_cos alignment -> giving gap",,,,,,5.0,20,not testable by design,Holm within stratum over R4 tests; not testable by design (n=20 round-1 games < 30)
september,8-agent homogeneous,8 GPT,GPT,"H1 R4 round 1 (myth_game, before any play), + own send scores: myth_cos alignment -> giving gap",,,,,,5.0,20,not testable by design,Holm within stratum over R4 tests; not testable by design (n=20 round-1 games < 30)
september,8-agent homogeneous,8 Gemini,Gemini,"H1 R4 round 1 (myth_game, before any play), alone: same_label alignment -> send fraction",,,,,,5.0,20,not testable by design,Holm within stratum over R4 tests; not testable by design (n=20 round-1 games < 30)
september,8-agent homogeneous,8 Gemini,Gemini,"H1 R4 round 1 (myth_game, before any play), + own send scores: same_label alignment -> send fraction",,,,,,5.0,20,not testable by design,Holm within stratum over R4 tests; not testable by design (n=20 round-1 games < 30)
september,8-agent homogeneous,8 Gemini,Gemini,"H1 R4 round 1 (myth_game, before any play), alone: moral_cos alignment -> send fraction",,,,,,5.0,20,not testable by design,Holm within stratum over R4 tests; not testable by design (n=20 round-1 games < 30)
september,8-agent homogeneous,8 Gemini,Gemini,"H1 R4 round 1 (myth_game, before any play), + own send scores: moral_cos alignment -> send fraction",,,,,,5.0,20,not testable by design,Holm within stratum over R4 tests; not testable by design (n=20 round-1 games < 30)
september,8-agent homogeneous,8 Gemini,Gemini,"H1 R4 round 1 (myth_game, before any play), alone: rule_index alignment -> send fraction",,,,,,5.0,20,not testable by design,Holm within stratum over R4 tests; not testable by design (n=20 round-1 games < 30)
september,8-agent homogeneous,8 Gemini,Gemini,"H1 R4 round 1 (myth_game, before any play), + own send scores: rule_index alignment -> send fraction",,,,,,5.0,20,not testable by design,Holm within stratum over R4 tests; not testable by design (n=20 round-1 games < 30)
september,8-agent homogeneous,8 Gemini,Gemini,"H1 R4 round 1 (myth_game, before any play), alone: give_align alignment -> send fraction",,,,,,,20,not estimable: ceiling,Holm within stratum over R4 tests; not estimable: ceiling (measure give_align constant)
september,8-agent homogeneous,8 Gemini,Gemini,"H1 R4 round 1 (myth_game, before any play), + own send scores: give_align alignment -> send fraction",,,,,,,20,not estimable: ceiling,Holm within stratum over R4 tests; not estimable: ceiling (measure give_align constant)
september,8-agent homogeneous,8 Gemini,Gemini,"H1 R4 round 1 (myth_game, before any play), alone: myth_cos alignment -> send fraction",,,,,,5.0,20,not testable by design,Holm within stratum over R4 tests; not testable by design (n=20 round-1 games < 30)
september,8-agent homogeneous,8 Gemini,Gemini,"H1 R4 round 1 (myth_game, before any play), + own send scores: myth_cos alignment -> send fraction",,,,,,5.0,20,not testable by design,Holm within stratum over R4 tests; not testable by design (n=20 round-1 games < 30)
september,8-agent homogeneous,8 Gemini,Gemini,"H1 R4 round 1 (myth_game, before any play), alone: same_label alignment -> return proportion",,,,,,5.0,20,not testable by design,Holm within stratum over R4 tests; not testable by design (n=20 round-1 games < 30)
september,8-agent homogeneous,8 Gemini,Gemini,"H1 R4 round 1 (myth_game, before any play), + own send scores: same_label alignment -> return proportion",,,,,,5.0,20,not testable by design,Holm within stratum over R4 tests; not testable by design (n=20 round-1 games < 30)
september,8-agent homogeneous,8 Gemini,Gemini,"H1 R4 round 1 (myth_game, before any play), alone: moral_cos alignment -> return proportion",,,,,,5.0,20,not testable by design,Holm within stratum over R4 tests; not testable by design (n=20 round-1 games < 30)
september,8-agent homogeneous,8 Gemini,Gemini,"H1 R4 round 1 (myth_game, before any play), + own send scores: moral_cos alignment -> return proportion",,,,,,5.0,20,not testable by design,Holm within stratum over R4 tests; not testable by design (n=20 round-1 games < 30)
september,8-agent homogeneous,8 Gemini,Gemini,"H1 R4 round 1 (myth_game, before any play), alone: rule_index alignment -> return proportion",,,,,,5.0,20,not testable by design,Holm within stratum over R4 tests; not testable by design (n=20 round-1 games < 30)
september,8-agent homogeneous,8 Gemini,Gemini,"H1 R4 round 1 (myth_game, before any play), + own send scores: rule_index alignment -> return proportion",,,,,,5.0,20,not testable by design,Holm within stratum over R4 tests; not testable by design (n=20 round-1 games < 30)
september,8-agent homogeneous,8 Gemini,Gemini,"H1 R4 round 1 (myth_game, before any play), alone: give_align alignment -> return proportion",,,,,,,20,not estimable: ceiling,Holm within stratum over R4 tests; not estimable: ceiling (measure give_align constant)
september,8-agent homogeneous,8 Gemini,Gemini,"H1 R4 round 1 (myth_game, before any play), + own send scores: give_align alignment -> return proportion",,,,,,,20,not estimable: ceiling,Holm within stratum over R4 tests; not estimable: ceiling (measure give_align constant)
september,8-agent homogeneous,8 Gemini,Gemini,"H1 R4 round 1 (myth_game, before any play), alone: myth_cos alignment -> return proportion",,,,,,5.0,20,not testable by design,Holm within stratum over R4 tests; not testable by design (n=20 round-1 games < 30)
september,8-agent homogeneous,8 Gemini,Gemini,"H1 R4 round 1 (myth_game, before any play), + own send scores: myth_cos alignment -> return proportion",,,,,,5.0,20,not testable by design,Holm within stratum over R4 tests; not testable by design (n=20 round-1 games < 30)
september,8-agent homogeneous,8 Gemini,Gemini,"H1 R4 round 1 (myth_game, before any play), alone: same_label alignment -> giving gap",,,,,,5.0,20,not testable by design,Holm within stratum over R4 tests; not testable by design (n=20 round-1 games < 30)
september,8-agent homogeneous,8 Gemini,Gemini,"H1 R4 round 1 (myth_game, before any play), + own send scores: same_label alignment -> giving gap",,,,,,5.0,20,not testable by design,Holm within stratum over R4 tests; not testable by design (n=20 round-1 games < 30)
september,8-agent homogeneous,8 Gemini,Gemini,"H1 R4 round 1 (myth_game, before any play), alone: moral_cos alignment -> giving gap",,,,,,5.0,20,not testable by design,Holm within stratum over R4 tests; not testable by design (n=20 round-1 games < 30)
september,8-agent homogeneous,8 Gemini,Gemini,"H1 R4 round 1 (myth_game, before any play), + own send scores: moral_cos alignment -> giving gap",,,,,,5.0,20,not testable by design,Holm within stratum over R4 tests; not testable by design (n=20 round-1 games < 30)
september,8-agent homogeneous,8 Gemini,Gemini,"H1 R4 round 1 (myth_game, before any play), alone: rule_index alignment -> giving gap",,,,,,5.0,20,not testable by design,Holm within stratum over R4 tests; not testable by design (n=20 round-1 games < 30)
september,8-agent homogeneous,8 Gemini,Gemini,"H1 R4 round 1 (myth_game, before any play), + own send scores: rule_index alignment -> giving gap",,,,,,5.0,20,not testable by design,Holm within stratum over R4 tests; not testable by design (n=20 round-1 games < 30)
september,8-agent homogeneous,8 Gemini,Gemini,"H1 R4 round 1 (myth_game, before any play), alone: give_align alignment -> giving gap",,,,,,,20,not estimable: ceiling,Holm within stratum over R4 tests; not estimable: ceiling (measure give_align constant)
september,8-agent homogeneous,8 Gemini,Gemini,"H1 R4 round 1 (myth_game, before any play), + own send scores: give_align alignment -> giving gap",,,,,,,20,not estimable: ceiling,Holm within stratum over R4 tests; not estimable: ceiling (measure give_align constant)
september,8-agent homogeneous,8 Gemini,Gemini,"H1 R4 round 1 (myth_game, before any play), alone: myth_cos alignment -> giving gap",,,,,,5.0,20,not testable by design,Holm within stratum over R4 tests; not testable by design (n=20 round-1 games < 30)
september,8-agent homogeneous,8 Gemini,Gemini,"H1 R4 round 1 (myth_game, before any play), + own send scores: myth_cos alignment -> giving gap",,,,,,5.0,20,not testable by design,Holm within stratum over R4 tests; not testable by design (n=20 round-1 games < 30)
september,8-agent homogeneous,8 Sonnet,Sonnet,"H1 R4 round 1 (myth_game, before any play), alone: same_label alignment -> send fraction",,,,,,5.0,20,not testable by design,Holm within stratum over R4 tests; not testable by design (n=20 round-1 games < 30)
september,8-agent homogeneous,8 Sonnet,Sonnet,"H1 R4 round 1 (myth_game, before any play), + own send scores: same_label alignment -> send fraction",,,,,,5.0,20,not testable by design,Holm within stratum over R4 tests; not testable by design (n=20 round-1 games < 30)
september,8-agent homogeneous,8 Sonnet,Sonnet,"H1 R4 round 1 (myth_game, before any play), alone: moral_cos alignment -> send fraction",,,,,,5.0,20,not testable by design,Holm within stratum over R4 tests; not testable by design (n=20 round-1 games < 30)
september,8-agent homogeneous,8 Sonnet,Sonnet,"H1 R4 round 1 (myth_game, before any play), + own send scores: moral_cos alignment -> send fraction",,,,,,5.0,20,not testable by design,Holm within stratum over R4 tests; not testable by design (n=20 round-1 games < 30)
september,8-agent homogeneous,8 Sonnet,Sonnet,"H1 R4 round 1 (myth_game, before any play), alone: rule_index alignment -> send fraction",,,,,,5.0,20,not testable by design,Holm within stratum over R4 tests; not testable by design (n=20 round-1 games < 30)
september,8-agent homogeneous,8 Sonnet,Sonnet,"H1 R4 round 1 (myth_game, before any play), + own send scores: rule_index alignment -> send fraction",,,,,,5.0,20,not testable by design,Holm within stratum over R4 tests; not testable by design (n=20 round-1 games < 30)
september,8-agent homogeneous,8 Sonnet,Sonnet,"H1 R4 round 1 (myth_game, before any play), alone: give_align alignment -> send fraction",,,,,,5.0,20,not testable by design,Holm within stratum over R4 tests; not testable by design (n=20 round-1 games < 30)
september,8-agent homogeneous,8 Sonnet,Sonnet,"H1 R4 round 1 (myth_game, before any play), + own send scores: give_align alignment -> send fraction",,,,,,5.0,20,not testable by design,Holm within stratum over R4 tests; not testable by design (n=20 round-1 games < 30)
september,8-agent homogeneous,8 Sonnet,Sonnet,"H1 R4 round 1 (myth_game, before any play), alone: myth_cos alignment -> send fraction",,,,,,5.0,20,not testable by design,Holm within stratum over R4 tests; not testable by design (n=20 round-1 games < 30)
september,8-agent homogeneous,8 Sonnet,Sonnet,"H1 R4 round 1 (myth_game, before any play), + own send scores: myth_cos alignment -> send fraction",,,,,,5.0,20,not testable by design,Holm within stratum over R4 tests; not testable by design (n=20 round-1 games < 30)
september,8-agent homogeneous,8 Sonnet,Sonnet,"H1 R4 round 1 (myth_game, before any play), alone: same_label alignment -> return proportion",,,,,,5.0,20,not testable by design,Holm within stratum over R4 tests; not testable by design (n=20 round-1 games < 30)
september,8-agent homogeneous,8 Sonnet,Sonnet,"H1 R4 round 1 (myth_game, before any play), + own send scores: same_label alignment -> return proportion",,,,,,5.0,20,not testable by design,Holm within stratum over R4 tests; not testable by design (n=20 round-1 games < 30)
september,8-agent homogeneous,8 Sonnet,Sonnet,"H1 R4 round 1 (myth_game, before any play), alone: moral_cos alignment -> return proportion",,,,,,5.0,20,not testable by design,Holm within stratum over R4 tests; not testable by design (n=20 round-1 games < 30)
september,8-agent homogeneous,8 Sonnet,Sonnet,"H1 R4 round 1 (myth_game, before any play), + own send scores: moral_cos alignment -> return proportion",,,,,,5.0,20,not testable by design,Holm within stratum over R4 tests; not testable by design (n=20 round-1 games < 30)
september,8-agent homogeneous,8 Sonnet,Sonnet,"H1 R4 round 1 (myth_game, before any play), alone: rule_index alignment -> return proportion",,,,,,5.0,20,not testable by design,Holm within stratum over R4 tests; not testable by design (n=20 round-1 games < 30)
september,8-agent homogeneous,8 Sonnet,Sonnet,"H1 R4 round 1 (myth_game, before any play), + own send scores: rule_index alignment -> return proportion",,,,,,5.0,20,not testable by design,Holm within stratum over R4 tests; not testable by design (n=20 round-1 games < 30)
september,8-agent homogeneous,8 Sonnet,Sonnet,"H1 R4 round 1 (myth_game, before any play), alone: give_align alignment -> return proportion",,,,,,5.0,20,not testable by design,Holm within stratum over R4 tests; not testable by design (n=20 round-1 games < 30)
september,8-agent homogeneous,8 Sonnet,Sonnet,"H1 R4 round 1 (myth_game, before any play), + own send scores: give_align alignment -> return proportion",,,,,,5.0,20,not testable by design,Holm within stratum over R4 tests; not testable by design (n=20 round-1 games < 30)
september,8-agent homogeneous,8 Sonnet,Sonnet,"H1 R4 round 1 (myth_game, before any play), alone: myth_cos alignment -> return proportion",,,,,,5.0,20,not testable by design,Holm within stratum over R4 tests; not testable by design (n=20 round-1 games < 30)
september,8-agent homogeneous,8 Sonnet,Sonnet,"H1 R4 round 1 (myth_game, before any play), + own send scores: myth_cos alignment -> return proportion",,,,,,5.0,20,not testable by design,Holm within stratum over R4 tests; not testable by design (n=20 round-1 games < 30)
september,8-agent homogeneous,8 Sonnet,Sonnet,"H1 R4 round 1 (myth_game, before any play), alone: same_label alignment -> giving gap",,,,,,5.0,20,not testable by design,Holm within stratum over R4 tests; not testable by design (n=20 round-1 games < 30)
september,8-agent homogeneous,8 Sonnet,Sonnet,"H1 R4 round 1 (myth_game, before any play), + own send scores: same_label alignment -> giving gap",,,,,,5.0,20,not testable by design,Holm within stratum over R4 tests; not testable by design (n=20 round-1 games < 30)
september,8-agent homogeneous,8 Sonnet,Sonnet,"H1 R4 round 1 (myth_game, before any play), alone: moral_cos alignment -> giving gap",,,,,,5.0,20,not testable by design,Holm within stratum over R4 tests; not testable by design (n=20 round-1 games < 30)
september,8-agent homogeneous,8 Sonnet,Sonnet,"H1 R4 round 1 (myth_game, before any play), + own send scores: moral_cos alignment -> giving gap",,,,,,5.0,20,not testable by design,Holm within stratum over R4 tests; not testable by design (n=20 round-1 games < 30)
september,8-agent homogeneous,8 Sonnet,Sonnet,"H1 R4 round 1 (myth_game, before any play), alone: rule_index alignment -> giving gap",,,,,,5.0,20,not testable by design,Holm within stratum over R4 tests; not testable by design (n=20 round-1 games < 30)
september,8-agent homogeneous,8 Sonnet,Sonnet,"H1 R4 round 1 (myth_game, before any play), + own send scores: rule_index alignment -> giving gap",,,,,,5.0,20,not testable by design,Holm within stratum over R4 tests; not testable by design (n=20 round-1 games < 30)
september,8-agent homogeneous,8 Sonnet,Sonnet,"H1 R4 round 1 (myth_game, before any play), alone: give_align alignment -> giving gap",,,,,,5.0,20,not testable by design,Holm within stratum over R4 tests; not testable by design (n=20 round-1 games < 30)
september,8-agent homogeneous,8 Sonnet,Sonnet,"H1 R4 round 1 (myth_game, before any play), + own send scores: give_align alignment -> giving gap",,,,,,5.0,20,not testable by design,Holm within stratum over R4 tests; not testable by design (n=20 round-1 games < 30)
september,8-agent homogeneous,8 Sonnet,Sonnet,"H1 R4 round 1 (myth_game, before any play), alone: myth_cos alignment -> giving gap",,,,,,5.0,20,not testable by design,Holm within stratum over R4 tests; not testable by design (n=20 round-1 games < 30)
september,8-agent homogeneous,8 Sonnet,Sonnet,"H1 R4 round 1 (myth_game, before any play), + own send scores: myth_cos alignment -> giving gap",,,,,,5.0,20,not testable by design,Holm within stratum over R4 tests; not testable by design (n=20 round-1 games < 30)
september,8-agent mixed,1 GPT + 7 Sonnet,mixed,"H1 R4 round 1 (myth_game, before any play), alone: same_label alignment -> send fraction",,,,,,5.0,20,not testable by design,Holm within stratum over R4 tests; not testable by design (n=20 round-1 games < 30)
september,8-agent mixed,1 GPT + 7 Sonnet,mixed,"H1 R4 round 1 (myth_game, before any play), + own send scores: same_label alignment -> send fraction",,,,,,5.0,20,not testable by design,Holm within stratum over R4 tests; not testable by design (n=20 round-1 games < 30)
september,8-agent mixed,1 GPT + 7 Sonnet,mixed,"H1 R4 round 1 (myth_game, before any play), alone: moral_cos alignment -> send fraction",,,,,,5.0,20,not testable by design,Holm within stratum over R4 tests; not testable by design (n=20 round-1 games < 30)
september,8-agent mixed,1 GPT + 7 Sonnet,mixed,"H1 R4 round 1 (myth_game, before any play), + own send scores: moral_cos alignment -> send fraction",,,,,,5.0,20,not testable by design,Holm within stratum over R4 tests; not testable by design (n=20 round-1 games < 30)
september,8-agent mixed,1 GPT + 7 Sonnet,mixed,"H1 R4 round 1 (myth_game, before any play), alone: rule_index alignment -> send fraction",,,,,,5.0,20,not testable by design,Holm within stratum over R4 tests; not testable by design (n=20 round-1 games < 30)
september,8-agent mixed,1 GPT + 7 Sonnet,mixed,"H1 R4 round 1 (myth_game, before any play), + own send scores: rule_index alignment -> send fraction",,,,,,5.0,20,not testable by design,Holm within stratum over R4 tests; not testable by design (n=20 round-1 games < 30)
september,8-agent mixed,1 GPT + 7 Sonnet,mixed,"H1 R4 round 1 (myth_game, before any play), alone: give_align alignment -> send fraction",,,,,,5.0,20,not testable by design,Holm within stratum over R4 tests; not testable by design (n=20 round-1 games < 30)
september,8-agent mixed,1 GPT + 7 Sonnet,mixed,"H1 R4 round 1 (myth_game, before any play), + own send scores: give_align alignment -> send fraction",,,,,,5.0,20,not testable by design,Holm within stratum over R4 tests; not testable by design (n=20 round-1 games < 30)
september,8-agent mixed,1 GPT + 7 Sonnet,mixed,"H1 R4 round 1 (myth_game, before any play), alone: myth_cos alignment -> send fraction",,,,,,5.0,20,not testable by design,Holm within stratum over R4 tests; not testable by design (n=20 round-1 games < 30)
september,8-agent mixed,1 GPT + 7 Sonnet,mixed,"H1 R4 round 1 (myth_game, before any play), + own send scores: myth_cos alignment -> send fraction",,,,,,5.0,20,not testable by design,Holm within stratum over R4 tests; not testable by design (n=20 round-1 games < 30)
september,8-agent mixed,1 GPT + 7 Sonnet,mixed,"H1 R4 round 1 (myth_game, before any play), alone: same_label alignment -> return proportion",,,,,,5.0,20,not testable by design,Holm within stratum over R4 tests; not testable by design (n=20 round-1 games < 30)
september,8-agent mixed,1 GPT + 7 Sonnet,mixed,"H1 R4 round 1 (myth_game, before any play), + own send scores: same_label alignment -> return proportion",,,,,,5.0,20,not testable by design,Holm within stratum over R4 tests; not testable by design (n=20 round-1 games < 30)
september,8-agent mixed,1 GPT + 7 Sonnet,mixed,"H1 R4 round 1 (myth_game, before any play), alone: moral_cos alignment -> return proportion",,,,,,5.0,20,not testable by design,Holm within stratum over R4 tests; not testable by design (n=20 round-1 games < 30)
september,8-agent mixed,1 GPT + 7 Sonnet,mixed,"H1 R4 round 1 (myth_game, before any play), + own send scores: moral_cos alignment -> return proportion",,,,,,5.0,20,not testable by design,Holm within stratum over R4 tests; not testable by design (n=20 round-1 games < 30)
september,8-agent mixed,1 GPT + 7 Sonnet,mixed,"H1 R4 round 1 (myth_game, before any play), alone: rule_index alignment -> return proportion",,,,,,5.0,20,not testable by design,Holm within stratum over R4 tests; not testable by design (n=20 round-1 games < 30)
september,8-agent mixed,1 GPT + 7 Sonnet,mixed,"H1 R4 round 1 (myth_game, before any play), + own send scores: rule_index alignment -> return proportion",,,,,,5.0,20,not testable by design,Holm within stratum over R4 tests; not testable by design (n=20 round-1 games < 30)
september,8-agent mixed,1 GPT + 7 Sonnet,mixed,"H1 R4 round 1 (myth_game, before any play), alone: give_align alignment -> return proportion",,,,,,5.0,20,not testable by design,Holm within stratum over R4 tests; not testable by design (n=20 round-1 games < 30)
september,8-agent mixed,1 GPT + 7 Sonnet,mixed,"H1 R4 round 1 (myth_game, before any play), + own send scores: give_align alignment -> return proportion",,,,,,5.0,20,not testable by design,Holm within stratum over R4 tests; not testable by design (n=20 round-1 games < 30)
september,8-agent mixed,1 GPT + 7 Sonnet,mixed,"H1 R4 round 1 (myth_game, before any play), alone: myth_cos alignment -> return proportion",,,,,,5.0,20,not testable by design,Holm within stratum over R4 tests; not testable by design (n=20 round-1 games < 30)
september,8-agent mixed,1 GPT + 7 Sonnet,mixed,"H1 R4 round 1 (myth_game, before any play), + own send scores: myth_cos alignment -> return proportion",,,,,,5.0,20,not testable by design,Holm within stratum over R4 tests; not testable by design (n=20 round-1 games < 30)
september,8-agent mixed,1 GPT + 7 Sonnet,mixed,"H1 R4 round 1 (myth_game, before any play), alone: same_label alignment -> giving gap",,,,,,5.0,20,not testable by design,Holm within stratum over R4 tests; not testable by design (n=20 round-1 games < 30)
september,8-agent mixed,1 GPT + 7 Sonnet,mixed,"H1 R4 round 1 (myth_game, before any play), + own send scores: same_label alignment -> giving gap",,,,,,5.0,20,not testable by design,Holm within stratum over R4 tests; not testable by design (n=20 round-1 games < 30)
september,8-agent mixed,1 GPT + 7 Sonnet,mixed,"H1 R4 round 1 (myth_game, before any play), alone: moral_cos alignment -> giving gap",,,,,,5.0,20,not testable by design,Holm within stratum over R4 tests; not testable by design (n=20 round-1 games < 30)
september,8-agent mixed,1 GPT + 7 Sonnet,mixed,"H1 R4 round 1 (myth_game, before any play), + own send scores: moral_cos alignment -> giving gap",,,,,,5.0,20,not testable by design,Holm within stratum over R4 tests; not testable by design (n=20 round-1 games < 30)
september,8-agent mixed,1 GPT + 7 Sonnet,mixed,"H1 R4 round 1 (myth_game, before any play), alone: rule_index alignment -> giving gap",,,,,,5.0,20,not testable by design,Holm within stratum over R4 tests; not testable by design (n=20 round-1 games < 30)
september,8-agent mixed,1 GPT + 7 Sonnet,mixed,"H1 R4 round 1 (myth_game, before any play), + own send scores: rule_index alignment -> giving gap",,,,,,5.0,20,not testable by design,Holm within stratum over R4 tests; not testable by design (n=20 round-1 games < 30)
september,8-agent mixed,1 GPT + 7 Sonnet,mixed,"H1 R4 round 1 (myth_game, before any play), alone: give_align alignment -> giving gap",,,,,,5.0,20,not testable by design,Holm within stratum over R4 tests; not testable by design (n=20 round-1 games < 30)
september,8-agent mixed,1 GPT + 7 Sonnet,mixed,"H1 R4 round 1 (myth_game, before any play), + own send scores: give_align alignment -> giving gap",,,,,,5.0,20,not testable by design,Holm within stratum over R4 tests; not testable by design (n=20 round-1 games < 30)
september,8-agent mixed,1 GPT + 7 Sonnet,mixed,"H1 R4 round 1 (myth_game, before any play), alone: myth_cos alignment -> giving gap",,,,,,5.0,20,not testable by design,Holm within stratum over R4 tests; not testable by design (n=20 round-1 games < 30)
september,8-agent mixed,1 GPT + 7 Sonnet,mixed,"H1 R4 round 1 (myth_game, before any play), + own send scores: myth_cos alignment -> giving gap",,,,,,5.0,20,not testable by design,Holm within stratum over R4 tests; not testable by design (n=20 round-1 games < 30)
september,8-agent mixed,1 Gemini + 7 GPT,mixed,"H1 R4 round 1 (myth_game, before any play), alone: same_label alignment -> send fraction",,,,,,5.0,20,not testable by design,Holm within stratum over R4 tests; not testable by design (n=20 round-1 games < 30)
september,8-agent mixed,1 Gemini + 7 GPT,mixed,"H1 R4 round 1 (myth_game, before any play), + own send scores: same_label alignment -> send fraction",,,,,,5.0,20,not testable by design,Holm within stratum over R4 tests; not testable by design (n=20 round-1 games < 30)
september,8-agent mixed,1 Gemini + 7 GPT,mixed,"H1 R4 round 1 (myth_game, before any play), alone: moral_cos alignment -> send fraction",,,,,,5.0,20,not testable by design,Holm within stratum over R4 tests; not testable by design (n=20 round-1 games < 30)
september,8-agent mixed,1 Gemini + 7 GPT,mixed,"H1 R4 round 1 (myth_game, before any play), + own send scores: moral_cos alignment -> send fraction",,,,,,5.0,20,not testable by design,Holm within stratum over R4 tests; not testable by design (n=20 round-1 games < 30)
september,8-agent mixed,1 Gemini + 7 GPT,mixed,"H1 R4 round 1 (myth_game, before any play), alone: rule_index alignment -> send fraction",,,,,,5.0,20,not testable by design,Holm within stratum over R4 tests; not testable by design (n=20 round-1 games < 30)
september,8-agent mixed,1 Gemini + 7 GPT,mixed,"H1 R4 round 1 (myth_game, before any play), + own send scores: rule_index alignment -> send fraction",,,,,,5.0,20,not testable by design,Holm within stratum over R4 tests; not testable by design (n=20 round-1 games < 30)
september,8-agent mixed,1 Gemini + 7 GPT,mixed,"H1 R4 round 1 (myth_game, before any play), alone: give_align alignment -> send fraction",,,,,,5.0,20,not testable by design,Holm within stratum over R4 tests; not testable by design (n=20 round-1 games < 30)
september,8-agent mixed,1 Gemini + 7 GPT,mixed,"H1 R4 round 1 (myth_game, before any play), + own send scores: give_align alignment -> send fraction",,,,,,5.0,20,not testable by design,Holm within stratum over R4 tests; not testable by design (n=20 round-1 games < 30)
september,8-agent mixed,1 Gemini + 7 GPT,mixed,"H1 R4 round 1 (myth_game, before any play), alone: myth_cos alignment -> send fraction",,,,,,5.0,20,not testable by design,Holm within stratum over R4 tests; not testable by design (n=20 round-1 games < 30)
september,8-agent mixed,1 Gemini + 7 GPT,mixed,"H1 R4 round 1 (myth_game, before any play), + own send scores: myth_cos alignment -> send fraction",,,,,,5.0,20,not testable by design,Holm within stratum over R4 tests; not testable by design (n=20 round-1 games < 30)
september,8-agent mixed,1 Gemini + 7 GPT,mixed,"H1 R4 round 1 (myth_game, before any play), alone: same_label alignment -> return proportion",,,,,,5.0,20,not testable by design,Holm within stratum over R4 tests; not testable by design (n=20 round-1 games < 30)
september,8-agent mixed,1 Gemini + 7 GPT,mixed,"H1 R4 round 1 (myth_game, before any play), + own send scores: same_label alignment -> return proportion",,,,,,5.0,20,not testable by design,Holm within stratum over R4 tests; not testable by design (n=20 round-1 games < 30)
september,8-agent mixed,1 Gemini + 7 GPT,mixed,"H1 R4 round 1 (myth_game, before any play), alone: moral_cos alignment -> return proportion",,,,,,5.0,20,not testable by design,Holm within stratum over R4 tests; not testable by design (n=20 round-1 games < 30)
september,8-agent mixed,1 Gemini + 7 GPT,mixed,"H1 R4 round 1 (myth_game, before any play), + own send scores: moral_cos alignment -> return proportion",,,,,,5.0,20,not testable by design,Holm within stratum over R4 tests; not testable by design (n=20 round-1 games < 30)
september,8-agent mixed,1 Gemini + 7 GPT,mixed,"H1 R4 round 1 (myth_game, before any play), alone: rule_index alignment -> return proportion",,,,,,5.0,20,not testable by design,Holm within stratum over R4 tests; not testable by design (n=20 round-1 games < 30)
september,8-agent mixed,1 Gemini + 7 GPT,mixed,"H1 R4 round 1 (myth_game, before any play), + own send scores: rule_index alignment -> return proportion",,,,,,5.0,20,not testable by design,Holm within stratum over R4 tests; not testable by design (n=20 round-1 games < 30)
september,8-agent mixed,1 Gemini + 7 GPT,mixed,"H1 R4 round 1 (myth_game, before any play), alone: give_align alignment -> return proportion",,,,,,5.0,20,not testable by design,Holm within stratum over R4 tests; not testable by design (n=20 round-1 games < 30)
september,8-agent mixed,1 Gemini + 7 GPT,mixed,"H1 R4 round 1 (myth_game, before any play), + own send scores: give_align alignment -> return proportion",,,,,,5.0,20,not testable by design,Holm within stratum over R4 tests; not testable by design (n=20 round-1 games < 30)
september,8-agent mixed,1 Gemini + 7 GPT,mixed,"H1 R4 round 1 (myth_game, before any play), alone: myth_cos alignment -> return proportion",,,,,,5.0,20,not testable by design,Holm within stratum over R4 tests; not testable by design (n=20 round-1 games < 30)
september,8-agent mixed,1 Gemini + 7 GPT,mixed,"H1 R4 round 1 (myth_game, before any play), + own send scores: myth_cos alignment -> return proportion",,,,,,5.0,20,not testable by design,Holm within stratum over R4 tests; not testable by design (n=20 round-1 games < 30)
september,8-agent mixed,1 Gemini + 7 GPT,mixed,"H1 R4 round 1 (myth_game, before any play), alone: same_label alignment -> giving gap",,,,,,5.0,20,not testable by design,Holm within stratum over R4 tests; not testable by design (n=20 round-1 games < 30)
september,8-agent mixed,1 Gemini + 7 GPT,mixed,"H1 R4 round 1 (myth_game, before any play), + own send scores: same_label alignment -> giving gap",,,,,,5.0,20,not testable by design,Holm within stratum over R4 tests; not testable by design (n=20 round-1 games < 30)
september,8-agent mixed,1 Gemini + 7 GPT,mixed,"H1 R4 round 1 (myth_game, before any play), alone: moral_cos alignment -> giving gap",,,,,,5.0,20,not testable by design,Holm within stratum over R4 tests; not testable by design (n=20 round-1 games < 30)
september,8-agent mixed,1 Gemini + 7 GPT,mixed,"H1 R4 round 1 (myth_game, before any play), + own send scores: moral_cos alignment -> giving gap",,,,,,5.0,20,not testable by design,Holm within stratum over R4 tests; not testable by design (n=20 round-1 games < 30)
september,8-agent mixed,1 Gemini + 7 GPT,mixed,"H1 R4 round 1 (myth_game, before any play), alone: rule_index alignment -> giving gap",,,,,,5.0,20,not testable by design,Holm within stratum over R4 tests; not testable by design (n=20 round-1 games < 30)
september,8-agent mixed,1 Gemini + 7 GPT,mixed,"H1 R4 round 1 (myth_game, before any play), + own send scores: rule_index alignment -> giving gap",,,,,,5.0,20,not testable by design,Holm within stratum over R4 tests; not testable by design (n=20 round-1 games < 30)
september,8-agent mixed,1 Gemini + 7 GPT,mixed,"H1 R4 round 1 (myth_game, before any play), alone: give_align alignment -> giving gap",,,,,,5.0,20,not testable by design,Holm within stratum over R4 tests; not testable by design (n=20 round-1 games < 30)
september,8-agent mixed,1 Gemini + 7 GPT,mixed,"H1 R4 round 1 (myth_game, before any play), + own send scores: give_align alignment -> giving gap",,,,,,5.0,20,not testable by design,Holm within stratum over R4 tests; not testable by design (n=20 round-1 games < 30)
september,8-agent mixed,1 Gemini + 7 GPT,mixed,"H1 R4 round 1 (myth_game, before any play), alone: myth_cos alignment -> giving gap",,,,,,5.0,20,not testable by design,Holm within stratum over R4 tests; not testable by design (n=20 round-1 games < 30)
september,8-agent mixed,1 Gemini + 7 GPT,mixed,"H1 R4 round 1 (myth_game, before any play), + own send scores: myth_cos alignment -> giving gap",,,,,,5.0,20,not testable by design,Holm within stratum over R4 tests; not testable by design (n=20 round-1 games < 30)
september,8-agent mixed,2 GPT + 6 Sonnet,mixed,"H1 R4 round 1 (myth_game, before any play), alone: same_label alignment -> send fraction",,,,,,5.0,20,not testable by design,Holm within stratum over R4 tests; not testable by design (n=20 round-1 games < 30)
september,8-agent mixed,2 GPT + 6 Sonnet,mixed,"H1 R4 round 1 (myth_game, before any play), + own send scores: same_label alignment -> send fraction",,,,,,5.0,20,not testable by design,Holm within stratum over R4 tests; not testable by design (n=20 round-1 games < 30)
september,8-agent mixed,2 GPT + 6 Sonnet,mixed,"H1 R4 round 1 (myth_game, before any play), alone: moral_cos alignment -> send fraction",,,,,,5.0,20,not testable by design,Holm within stratum over R4 tests; not testable by design (n=20 round-1 games < 30)
september,8-agent mixed,2 GPT + 6 Sonnet,mixed,"H1 R4 round 1 (myth_game, before any play), + own send scores: moral_cos alignment -> send fraction",,,,,,5.0,20,not testable by design,Holm within stratum over R4 tests; not testable by design (n=20 round-1 games < 30)
september,8-agent mixed,2 GPT + 6 Sonnet,mixed,"H1 R4 round 1 (myth_game, before any play), alone: rule_index alignment -> send fraction",,,,,,5.0,20,not testable by design,Holm within stratum over R4 tests; not testable by design (n=20 round-1 games < 30)
september,8-agent mixed,2 GPT + 6 Sonnet,mixed,"H1 R4 round 1 (myth_game, before any play), + own send scores: rule_index alignment -> send fraction",,,,,,5.0,20,not testable by design,Holm within stratum over R4 tests; not testable by design (n=20 round-1 games < 30)
september,8-agent mixed,2 GPT + 6 Sonnet,mixed,"H1 R4 round 1 (myth_game, before any play), alone: give_align alignment -> send fraction",,,,,,5.0,20,not testable by design,Holm within stratum over R4 tests; not testable by design (n=20 round-1 games < 30)
september,8-agent mixed,2 GPT + 6 Sonnet,mixed,"H1 R4 round 1 (myth_game, before any play), + own send scores: give_align alignment -> send fraction",,,,,,5.0,20,not testable by design,Holm within stratum over R4 tests; not testable by design (n=20 round-1 games < 30)
september,8-agent mixed,2 GPT + 6 Sonnet,mixed,"H1 R4 round 1 (myth_game, before any play), alone: myth_cos alignment -> send fraction",,,,,,5.0,20,not testable by design,Holm within stratum over R4 tests; not testable by design (n=20 round-1 games < 30)
september,8-agent mixed,2 GPT + 6 Sonnet,mixed,"H1 R4 round 1 (myth_game, before any play), + own send scores: myth_cos alignment -> send fraction",,,,,,5.0,20,not testable by design,Holm within stratum over R4 tests; not testable by design (n=20 round-1 games < 30)
september,8-agent mixed,2 GPT + 6 Sonnet,mixed,"H1 R4 round 1 (myth_game, before any play), alone: same_label alignment -> return proportion",,,,,,5.0,20,not testable by design,Holm within stratum over R4 tests; not testable by design (n=20 round-1 games < 30)
september,8-agent mixed,2 GPT + 6 Sonnet,mixed,"H1 R4 round 1 (myth_game, before any play), + own send scores: same_label alignment -> return proportion",,,,,,5.0,20,not testable by design,Holm within stratum over R4 tests; not testable by design (n=20 round-1 games < 30)
september,8-agent mixed,2 GPT + 6 Sonnet,mixed,"H1 R4 round 1 (myth_game, before any play), alone: moral_cos alignment -> return proportion",,,,,,5.0,20,not testable by design,Holm within stratum over R4 tests; not testable by design (n=20 round-1 games < 30)
september,8-agent mixed,2 GPT + 6 Sonnet,mixed,"H1 R4 round 1 (myth_game, before any play), + own send scores: moral_cos alignment -> return proportion",,,,,,5.0,20,not testable by design,Holm within stratum over R4 tests; not testable by design (n=20 round-1 games < 30)
september,8-agent mixed,2 GPT + 6 Sonnet,mixed,"H1 R4 round 1 (myth_game, before any play), alone: rule_index alignment -> return proportion",,,,,,5.0,20,not testable by design,Holm within stratum over R4 tests; not testable by design (n=20 round-1 games < 30)
september,8-agent mixed,2 GPT + 6 Sonnet,mixed,"H1 R4 round 1 (myth_game, before any play), + own send scores: rule_index alignment -> return proportion",,,,,,5.0,20,not testable by design,Holm within stratum over R4 tests; not testable by design (n=20 round-1 games < 30)
september,8-agent mixed,2 GPT + 6 Sonnet,mixed,"H1 R4 round 1 (myth_game, before any play), alone: give_align alignment -> return proportion",,,,,,5.0,20,not testable by design,Holm within stratum over R4 tests; not testable by design (n=20 round-1 games < 30)
september,8-agent mixed,2 GPT + 6 Sonnet,mixed,"H1 R4 round 1 (myth_game, before any play), + own send scores: give_align alignment -> return proportion",,,,,,5.0,20,not testable by design,Holm within stratum over R4 tests; not testable by design (n=20 round-1 games < 30)
september,8-agent mixed,2 GPT + 6 Sonnet,mixed,"H1 R4 round 1 (myth_game, before any play), alone: myth_cos alignment -> return proportion",,,,,,5.0,20,not testable by design,Holm within stratum over R4 tests; not testable by design (n=20 round-1 games < 30)
september,8-agent mixed,2 GPT + 6 Sonnet,mixed,"H1 R4 round 1 (myth_game, before any play), + own send scores: myth_cos alignment -> return proportion",,,,,,5.0,20,not testable by design,Holm within stratum over R4 tests; not testable by design (n=20 round-1 games < 30)
september,8-agent mixed,2 GPT + 6 Sonnet,mixed,"H1 R4 round 1 (myth_game, before any play), alone: same_label alignment -> giving gap",,,,,,5.0,20,not testable by design,Holm within stratum over R4 tests; not testable by design (n=20 round-1 games < 30)
september,8-agent mixed,2 GPT + 6 Sonnet,mixed,"H1 R4 round 1 (myth_game, before any play), + own send scores: same_label alignment -> giving gap",,,,,,5.0,20,not testable by design,Holm within stratum over R4 tests; not testable by design (n=20 round-1 games < 30)
september,8-agent mixed,2 GPT + 6 Sonnet,mixed,"H1 R4 round 1 (myth_game, before any play), alone: moral_cos alignment -> giving gap",,,,,,5.0,20,not testable by design,Holm within stratum over R4 tests; not testable by design (n=20 round-1 games < 30)
september,8-agent mixed,2 GPT + 6 Sonnet,mixed,"H1 R4 round 1 (myth_game, before any play), + own send scores: moral_cos alignment -> giving gap",,,,,,5.0,20,not testable by design,Holm within stratum over R4 tests; not testable by design (n=20 round-1 games < 30)
september,8-agent mixed,2 GPT + 6 Sonnet,mixed,"H1 R4 round 1 (myth_game, before any play), alone: rule_index alignment -> giving gap",,,,,,5.0,20,not testable by design,Holm within stratum over R4 tests; not testable by design (n=20 round-1 games < 30)
september,8-agent mixed,2 GPT + 6 Sonnet,mixed,"H1 R4 round 1 (myth_game, before any play), + own send scores: rule_index alignment -> giving gap",,,,,,5.0,20,not testable by design,Holm within stratum over R4 tests; not testable by design (n=20 round-1 games < 30)
september,8-agent mixed,2 GPT + 6 Sonnet,mixed,"H1 R4 round 1 (myth_game, before any play), alone: give_align alignment -> giving gap",,,,,,5.0,20,not testable by design,Holm within stratum over R4 tests; not testable by design (n=20 round-1 games < 30)
september,8-agent mixed,2 GPT + 6 Sonnet,mixed,"H1 R4 round 1 (myth_game, before any play), + own send scores: give_align alignment -> giving gap",,,,,,5.0,20,not testable by design,Holm within stratum over R4 tests; not testable by design (n=20 round-1 games < 30)
september,8-agent mixed,2 GPT + 6 Sonnet,mixed,"H1 R4 round 1 (myth_game, before any play), alone: myth_cos alignment -> giving gap",,,,,,5.0,20,not testable by design,Holm within stratum over R4 tests; not testable by design (n=20 round-1 games < 30)
september,8-agent mixed,2 GPT + 6 Sonnet,mixed,"H1 R4 round 1 (myth_game, before any play), + own send scores: myth_cos alignment -> giving gap",,,,,,5.0,20,not testable by design,Holm within stratum over R4 tests; not testable by design (n=20 round-1 games < 30)
september,8-agent mixed,2 Gemini + 6 GPT,mixed,"H1 R4 round 1 (myth_game, before any play), alone: same_label alignment -> send fraction",,,,,,5.0,20,not testable by design,Holm within stratum over R4 tests; not testable by design (n=20 round-1 games < 30)
september,8-agent mixed,2 Gemini + 6 GPT,mixed,"H1 R4 round 1 (myth_game, before any play), + own send scores: same_label alignment -> send fraction",,,,,,5.0,20,not testable by design,Holm within stratum over R4 tests; not testable by design (n=20 round-1 games < 30)
september,8-agent mixed,2 Gemini + 6 GPT,mixed,"H1 R4 round 1 (myth_game, before any play), alone: moral_cos alignment -> send fraction",,,,,,5.0,20,not testable by design,Holm within stratum over R4 tests; not testable by design (n=20 round-1 games < 30)
september,8-agent mixed,2 Gemini + 6 GPT,mixed,"H1 R4 round 1 (myth_game, before any play), + own send scores: moral_cos alignment -> send fraction",,,,,,5.0,20,not testable by design,Holm within stratum over R4 tests; not testable by design (n=20 round-1 games < 30)
september,8-agent mixed,2 Gemini + 6 GPT,mixed,"H1 R4 round 1 (myth_game, before any play), alone: rule_index alignment -> send fraction",,,,,,5.0,20,not testable by design,Holm within stratum over R4 tests; not testable by design (n=20 round-1 games < 30)
september,8-agent mixed,2 Gemini + 6 GPT,mixed,"H1 R4 round 1 (myth_game, before any play), + own send scores: rule_index alignment -> send fraction",,,,,,5.0,20,not testable by design,Holm within stratum over R4 tests; not testable by design (n=20 round-1 games < 30)
september,8-agent mixed,2 Gemini + 6 GPT,mixed,"H1 R4 round 1 (myth_game, before any play), alone: give_align alignment -> send fraction",,,,,,5.0,20,not testable by design,Holm within stratum over R4 tests; not testable by design (n=20 round-1 games < 30)
september,8-agent mixed,2 Gemini + 6 GPT,mixed,"H1 R4 round 1 (myth_game, before any play), + own send scores: give_align alignment -> send fraction",,,,,,5.0,20,not testable by design,Holm within stratum over R4 tests; not testable by design (n=20 round-1 games < 30)
september,8-agent mixed,2 Gemini + 6 GPT,mixed,"H1 R4 round 1 (myth_game, before any play), alone: myth_cos alignment -> send fraction",,,,,,5.0,20,not testable by design,Holm within stratum over R4 tests; not testable by design (n=20 round-1 games < 30)
september,8-agent mixed,2 Gemini + 6 GPT,mixed,"H1 R4 round 1 (myth_game, before any play), + own send scores: myth_cos alignment -> send fraction",,,,,,5.0,20,not testable by design,Holm within stratum over R4 tests; not testable by design (n=20 round-1 games < 30)
september,8-agent mixed,2 Gemini + 6 GPT,mixed,"H1 R4 round 1 (myth_game, before any play), alone: same_label alignment -> return proportion",,,,,,5.0,20,not testable by design,Holm within stratum over R4 tests; not testable by design (n=20 round-1 games < 30)
september,8-agent mixed,2 Gemini + 6 GPT,mixed,"H1 R4 round 1 (myth_game, before any play), + own send scores: same_label alignment -> return proportion",,,,,,5.0,20,not testable by design,Holm within stratum over R4 tests; not testable by design (n=20 round-1 games < 30)
september,8-agent mixed,2 Gemini + 6 GPT,mixed,"H1 R4 round 1 (myth_game, before any play), alone: moral_cos alignment -> return proportion",,,,,,5.0,20,not testable by design,Holm within stratum over R4 tests; not testable by design (n=20 round-1 games < 30)
september,8-agent mixed,2 Gemini + 6 GPT,mixed,"H1 R4 round 1 (myth_game, before any play), + own send scores: moral_cos alignment -> return proportion",,,,,,5.0,20,not testable by design,Holm within stratum over R4 tests; not testable by design (n=20 round-1 games < 30)
september,8-agent mixed,2 Gemini + 6 GPT,mixed,"H1 R4 round 1 (myth_game, before any play), alone: rule_index alignment -> return proportion",,,,,,5.0,20,not testable by design,Holm within stratum over R4 tests; not testable by design (n=20 round-1 games < 30)
september,8-agent mixed,2 Gemini + 6 GPT,mixed,"H1 R4 round 1 (myth_game, before any play), + own send scores: rule_index alignment -> return proportion",,,,,,5.0,20,not testable by design,Holm within stratum over R4 tests; not testable by design (n=20 round-1 games < 30)
september,8-agent mixed,2 Gemini + 6 GPT,mixed,"H1 R4 round 1 (myth_game, before any play), alone: give_align alignment -> return proportion",,,,,,5.0,20,not testable by design,Holm within stratum over R4 tests; not testable by design (n=20 round-1 games < 30)
september,8-agent mixed,2 Gemini + 6 GPT,mixed,"H1 R4 round 1 (myth_game, before any play), + own send scores: give_align alignment -> return proportion",,,,,,5.0,20,not testable by design,Holm within stratum over R4 tests; not testable by design (n=20 round-1 games < 30)
september,8-agent mixed,2 Gemini + 6 GPT,mixed,"H1 R4 round 1 (myth_game, before any play), alone: myth_cos alignment -> return proportion",,,,,,5.0,20,not testable by design,Holm within stratum over R4 tests; not testable by design (n=20 round-1 games < 30)
september,8-agent mixed,2 Gemini + 6 GPT,mixed,"H1 R4 round 1 (myth_game, before any play), + own send scores: myth_cos alignment -> return proportion",,,,,,5.0,20,not testable by design,Holm within stratum over R4 tests; not testable by design (n=20 round-1 games < 30)
september,8-agent mixed,2 Gemini + 6 GPT,mixed,"H1 R4 round 1 (myth_game, before any play), alone: same_label alignment -> giving gap",,,,,,5.0,20,not testable by design,Holm within stratum over R4 tests; not testable by design (n=20 round-1 games < 30)
september,8-agent mixed,2 Gemini + 6 GPT,mixed,"H1 R4 round 1 (myth_game, before any play), + own send scores: same_label alignment -> giving gap",,,,,,5.0,20,not testable by design,Holm within stratum over R4 tests; not testable by design (n=20 round-1 games < 30)
september,8-agent mixed,2 Gemini + 6 GPT,mixed,"H1 R4 round 1 (myth_game, before any play), alone: moral_cos alignment -> giving gap",,,,,,5.0,20,not testable by design,Holm within stratum over R4 tests; not testable by design (n=20 round-1 games < 30)
september,8-agent mixed,2 Gemini + 6 GPT,mixed,"H1 R4 round 1 (myth_game, before any play), + own send scores: moral_cos alignment -> giving gap",,,,,,5.0,20,not testable by design,Holm within stratum over R4 tests; not testable by design (n=20 round-1 games < 30)
september,8-agent mixed,2 Gemini + 6 GPT,mixed,"H1 R4 round 1 (myth_game, before any play), alone: rule_index alignment -> giving gap",,,,,,5.0,20,not testable by design,Holm within stratum over R4 tests; not testable by design (n=20 round-1 games < 30)
september,8-agent mixed,2 Gemini + 6 GPT,mixed,"H1 R4 round 1 (myth_game, before any play), + own send scores: rule_index alignment -> giving gap",,,,,,5.0,20,not testable by design,Holm within stratum over R4 tests; not testable by design (n=20 round-1 games < 30)
september,8-agent mixed,2 Gemini + 6 GPT,mixed,"H1 R4 round 1 (myth_game, before any play), alone: give_align alignment -> giving gap",,,,,,5.0,20,not testable by design,Holm within stratum over R4 tests; not testable by design (n=20 round-1 games < 30)
september,8-agent mixed,2 Gemini + 6 GPT,mixed,"H1 R4 round 1 (myth_game, before any play), + own send scores: give_align alignment -> giving gap",,,,,,5.0,20,not testable by design,Holm within stratum over R4 tests; not testable by design (n=20 round-1 games < 30)
september,8-agent mixed,2 Gemini + 6 GPT,mixed,"H1 R4 round 1 (myth_game, before any play), alone: myth_cos alignment -> giving gap",,,,,,5.0,20,not testable by design,Holm within stratum over R4 tests; not testable by design (n=20 round-1 games < 30)
september,8-agent mixed,2 Gemini + 6 GPT,mixed,"H1 R4 round 1 (myth_game, before any play), + own send scores: myth_cos alignment -> giving gap",,,,,,5.0,20,not testable by design,Holm within stratum over R4 tests; not testable by design (n=20 round-1 games < 30)
september,8-agent mixed,4 GPT + 4 Sonnet,mixed,"H1 R4 round 1 (myth_game, before any play), alone: same_label alignment -> send fraction",,,,,,5.0,20,not testable by design,Holm within stratum over R4 tests; not testable by design (n=20 round-1 games < 30)
september,8-agent mixed,4 GPT + 4 Sonnet,mixed,"H1 R4 round 1 (myth_game, before any play), + own send scores: same_label alignment -> send fraction",,,,,,5.0,20,not testable by design,Holm within stratum over R4 tests; not testable by design (n=20 round-1 games < 30)
september,8-agent mixed,4 GPT + 4 Sonnet,mixed,"H1 R4 round 1 (myth_game, before any play), alone: moral_cos alignment -> send fraction",,,,,,5.0,19,not testable by design,Holm within stratum over R4 tests; not testable by design (n=19 round-1 games < 30)
september,8-agent mixed,4 GPT + 4 Sonnet,mixed,"H1 R4 round 1 (myth_game, before any play), + own send scores: moral_cos alignment -> send fraction",,,,,,5.0,19,not testable by design,Holm within stratum over R4 tests; not testable by design (n=19 round-1 games < 30)
september,8-agent mixed,4 GPT + 4 Sonnet,mixed,"H1 R4 round 1 (myth_game, before any play), alone: rule_index alignment -> send fraction",,,,,,5.0,20,not testable by design,Holm within stratum over R4 tests; not testable by design (n=20 round-1 games < 30)
september,8-agent mixed,4 GPT + 4 Sonnet,mixed,"H1 R4 round 1 (myth_game, before any play), + own send scores: rule_index alignment -> send fraction",,,,,,5.0,20,not testable by design,Holm within stratum over R4 tests; not testable by design (n=20 round-1 games < 30)
september,8-agent mixed,4 GPT + 4 Sonnet,mixed,"H1 R4 round 1 (myth_game, before any play), alone: give_align alignment -> send fraction",,,,,,5.0,20,not testable by design,Holm within stratum over R4 tests; not testable by design (n=20 round-1 games < 30)
september,8-agent mixed,4 GPT + 4 Sonnet,mixed,"H1 R4 round 1 (myth_game, before any play), + own send scores: give_align alignment -> send fraction",,,,,,5.0,20,not testable by design,Holm within stratum over R4 tests; not testable by design (n=20 round-1 games < 30)
september,8-agent mixed,4 GPT + 4 Sonnet,mixed,"H1 R4 round 1 (myth_game, before any play), alone: myth_cos alignment -> send fraction",,,,,,5.0,20,not testable by design,Holm within stratum over R4 tests; not testable by design (n=20 round-1 games < 30)
september,8-agent mixed,4 GPT + 4 Sonnet,mixed,"H1 R4 round 1 (myth_game, before any play), + own send scores: myth_cos alignment -> send fraction",,,,,,5.0,20,not testable by design,Holm within stratum over R4 tests; not testable by design (n=20 round-1 games < 30)
september,8-agent mixed,4 GPT + 4 Sonnet,mixed,"H1 R4 round 1 (myth_game, before any play), alone: same_label alignment -> return proportion",,,,,,5.0,20,not testable by design,Holm within stratum over R4 tests; not testable by design (n=20 round-1 games < 30)
september,8-agent mixed,4 GPT + 4 Sonnet,mixed,"H1 R4 round 1 (myth_game, before any play), + own send scores: same_label alignment -> return proportion",,,,,,5.0,20,not testable by design,Holm within stratum over R4 tests; not testable by design (n=20 round-1 games < 30)
september,8-agent mixed,4 GPT + 4 Sonnet,mixed,"H1 R4 round 1 (myth_game, before any play), alone: moral_cos alignment -> return proportion",,,,,,5.0,19,not testable by design,Holm within stratum over R4 tests; not testable by design (n=19 round-1 games < 30)
september,8-agent mixed,4 GPT + 4 Sonnet,mixed,"H1 R4 round 1 (myth_game, before any play), + own send scores: moral_cos alignment -> return proportion",,,,,,5.0,19,not testable by design,Holm within stratum over R4 tests; not testable by design (n=19 round-1 games < 30)
september,8-agent mixed,4 GPT + 4 Sonnet,mixed,"H1 R4 round 1 (myth_game, before any play), alone: rule_index alignment -> return proportion",,,,,,5.0,20,not testable by design,Holm within stratum over R4 tests; not testable by design (n=20 round-1 games < 30)
september,8-agent mixed,4 GPT + 4 Sonnet,mixed,"H1 R4 round 1 (myth_game, before any play), + own send scores: rule_index alignment -> return proportion",,,,,,5.0,20,not testable by design,Holm within stratum over R4 tests; not testable by design (n=20 round-1 games < 30)
september,8-agent mixed,4 GPT + 4 Sonnet,mixed,"H1 R4 round 1 (myth_game, before any play), alone: give_align alignment -> return proportion",,,,,,5.0,20,not testable by design,Holm within stratum over R4 tests; not testable by design (n=20 round-1 games < 30)
september,8-agent mixed,4 GPT + 4 Sonnet,mixed,"H1 R4 round 1 (myth_game, before any play), + own send scores: give_align alignment -> return proportion",,,,,,5.0,20,not testable by design,Holm within stratum over R4 tests; not testable by design (n=20 round-1 games < 30)
september,8-agent mixed,4 GPT + 4 Sonnet,mixed,"H1 R4 round 1 (myth_game, before any play), alone: myth_cos alignment -> return proportion",,,,,,5.0,20,not testable by design,Holm within stratum over R4 tests; not testable by design (n=20 round-1 games < 30)
september,8-agent mixed,4 GPT + 4 Sonnet,mixed,"H1 R4 round 1 (myth_game, before any play), + own send scores: myth_cos alignment -> return proportion",,,,,,5.0,20,not testable by design,Holm within stratum over R4 tests; not testable by design (n=20 round-1 games < 30)
september,8-agent mixed,4 GPT + 4 Sonnet,mixed,"H1 R4 round 1 (myth_game, before any play), alone: same_label alignment -> giving gap",,,,,,5.0,20,not testable by design,Holm within stratum over R4 tests; not testable by design (n=20 round-1 games < 30)
september,8-agent mixed,4 GPT + 4 Sonnet,mixed,"H1 R4 round 1 (myth_game, before any play), + own send scores: same_label alignment -> giving gap",,,,,,5.0,20,not testable by design,Holm within stratum over R4 tests; not testable by design (n=20 round-1 games < 30)
september,8-agent mixed,4 GPT + 4 Sonnet,mixed,"H1 R4 round 1 (myth_game, before any play), alone: moral_cos alignment -> giving gap",,,,,,5.0,19,not testable by design,Holm within stratum over R4 tests; not testable by design (n=19 round-1 games < 30)
september,8-agent mixed,4 GPT + 4 Sonnet,mixed,"H1 R4 round 1 (myth_game, before any play), + own send scores: moral_cos alignment -> giving gap",,,,,,5.0,19,not testable by design,Holm within stratum over R4 tests; not testable by design (n=19 round-1 games < 30)
september,8-agent mixed,4 GPT + 4 Sonnet,mixed,"H1 R4 round 1 (myth_game, before any play), alone: rule_index alignment -> giving gap",,,,,,5.0,20,not testable by design,Holm within stratum over R4 tests; not testable by design (n=20 round-1 games < 30)
september,8-agent mixed,4 GPT + 4 Sonnet,mixed,"H1 R4 round 1 (myth_game, before any play), + own send scores: rule_index alignment -> giving gap",,,,,,5.0,20,not testable by design,Holm within stratum over R4 tests; not testable by design (n=20 round-1 games < 30)
september,8-agent mixed,4 GPT + 4 Sonnet,mixed,"H1 R4 round 1 (myth_game, before any play), alone: give_align alignment -> giving gap",,,,,,5.0,20,not testable by design,Holm within stratum over R4 tests; not testable by design (n=20 round-1 games < 30)
september,8-agent mixed,4 GPT + 4 Sonnet,mixed,"H1 R4 round 1 (myth_game, before any play), + own send scores: give_align alignment -> giving gap",,,,,,5.0,20,not testable by design,Holm within stratum over R4 tests; not testable by design (n=20 round-1 games < 30)
september,8-agent mixed,4 GPT + 4 Sonnet,mixed,"H1 R4 round 1 (myth_game, before any play), alone: myth_cos alignment -> giving gap",,,,,,5.0,20,not testable by design,Holm within stratum over R4 tests; not testable by design (n=20 round-1 games < 30)
september,8-agent mixed,4 GPT + 4 Sonnet,mixed,"H1 R4 round 1 (myth_game, before any play), + own send scores: myth_cos alignment -> giving gap",,,,,,5.0,20,not testable by design,Holm within stratum over R4 tests; not testable by design (n=20 round-1 games < 30)
september,8-agent mixed,4 Gemini + 4 GPT,mixed,"H1 R4 round 1 (myth_game, before any play), alone: same_label alignment -> send fraction",,,,,,5.0,20,not testable by design,Holm within stratum over R4 tests; not testable by design (n=20 round-1 games < 30)
september,8-agent mixed,4 Gemini + 4 GPT,mixed,"H1 R4 round 1 (myth_game, before any play), + own send scores: same_label alignment -> send fraction",,,,,,5.0,20,not testable by design,Holm within stratum over R4 tests; not testable by design (n=20 round-1 games < 30)
september,8-agent mixed,4 Gemini + 4 GPT,mixed,"H1 R4 round 1 (myth_game, before any play), alone: moral_cos alignment -> send fraction",,,,,,5.0,20,not testable by design,Holm within stratum over R4 tests; not testable by design (n=20 round-1 games < 30)
september,8-agent mixed,4 Gemini + 4 GPT,mixed,"H1 R4 round 1 (myth_game, before any play), + own send scores: moral_cos alignment -> send fraction",,,,,,5.0,20,not testable by design,Holm within stratum over R4 tests; not testable by design (n=20 round-1 games < 30)
september,8-agent mixed,4 Gemini + 4 GPT,mixed,"H1 R4 round 1 (myth_game, before any play), alone: rule_index alignment -> send fraction",,,,,,5.0,20,not testable by design,Holm within stratum over R4 tests; not testable by design (n=20 round-1 games < 30)
september,8-agent mixed,4 Gemini + 4 GPT,mixed,"H1 R4 round 1 (myth_game, before any play), + own send scores: rule_index alignment -> send fraction",,,,,,5.0,20,not testable by design,Holm within stratum over R4 tests; not testable by design (n=20 round-1 games < 30)
september,8-agent mixed,4 Gemini + 4 GPT,mixed,"H1 R4 round 1 (myth_game, before any play), alone: give_align alignment -> send fraction",,,,,,5.0,20,not testable by design,Holm within stratum over R4 tests; not testable by design (n=20 round-1 games < 30)
september,8-agent mixed,4 Gemini + 4 GPT,mixed,"H1 R4 round 1 (myth_game, before any play), + own send scores: give_align alignment -> send fraction",,,,,,5.0,20,not testable by design,Holm within stratum over R4 tests; not testable by design (n=20 round-1 games < 30)
september,8-agent mixed,4 Gemini + 4 GPT,mixed,"H1 R4 round 1 (myth_game, before any play), alone: myth_cos alignment -> send fraction",,,,,,5.0,20,not testable by design,Holm within stratum over R4 tests; not testable by design (n=20 round-1 games < 30)
september,8-agent mixed,4 Gemini + 4 GPT,mixed,"H1 R4 round 1 (myth_game, before any play), + own send scores: myth_cos alignment -> send fraction",,,,,,5.0,20,not testable by design,Holm within stratum over R4 tests; not testable by design (n=20 round-1 games < 30)
september,8-agent mixed,4 Gemini + 4 GPT,mixed,"H1 R4 round 1 (myth_game, before any play), alone: same_label alignment -> return proportion",,,,,,5.0,20,not testable by design,Holm within stratum over R4 tests; not testable by design (n=20 round-1 games < 30)
september,8-agent mixed,4 Gemini + 4 GPT,mixed,"H1 R4 round 1 (myth_game, before any play), + own send scores: same_label alignment -> return proportion",,,,,,5.0,20,not testable by design,Holm within stratum over R4 tests; not testable by design (n=20 round-1 games < 30)
september,8-agent mixed,4 Gemini + 4 GPT,mixed,"H1 R4 round 1 (myth_game, before any play), alone: moral_cos alignment -> return proportion",,,,,,5.0,20,not testable by design,Holm within stratum over R4 tests; not testable by design (n=20 round-1 games < 30)
september,8-agent mixed,4 Gemini + 4 GPT,mixed,"H1 R4 round 1 (myth_game, before any play), + own send scores: moral_cos alignment -> return proportion",,,,,,5.0,20,not testable by design,Holm within stratum over R4 tests; not testable by design (n=20 round-1 games < 30)
september,8-agent mixed,4 Gemini + 4 GPT,mixed,"H1 R4 round 1 (myth_game, before any play), alone: rule_index alignment -> return proportion",,,,,,5.0,20,not testable by design,Holm within stratum over R4 tests; not testable by design (n=20 round-1 games < 30)
september,8-agent mixed,4 Gemini + 4 GPT,mixed,"H1 R4 round 1 (myth_game, before any play), + own send scores: rule_index alignment -> return proportion",,,,,,5.0,20,not testable by design,Holm within stratum over R4 tests; not testable by design (n=20 round-1 games < 30)
september,8-agent mixed,4 Gemini + 4 GPT,mixed,"H1 R4 round 1 (myth_game, before any play), alone: give_align alignment -> return proportion",,,,,,5.0,20,not testable by design,Holm within stratum over R4 tests; not testable by design (n=20 round-1 games < 30)
september,8-agent mixed,4 Gemini + 4 GPT,mixed,"H1 R4 round 1 (myth_game, before any play), + own send scores: give_align alignment -> return proportion",,,,,,5.0,20,not testable by design,Holm within stratum over R4 tests; not testable by design (n=20 round-1 games < 30)
september,8-agent mixed,4 Gemini + 4 GPT,mixed,"H1 R4 round 1 (myth_game, before any play), alone: myth_cos alignment -> return proportion",,,,,,5.0,20,not testable by design,Holm within stratum over R4 tests; not testable by design (n=20 round-1 games < 30)
september,8-agent mixed,4 Gemini + 4 GPT,mixed,"H1 R4 round 1 (myth_game, before any play), + own send scores: myth_cos alignment -> return proportion",,,,,,5.0,20,not testable by design,Holm within stratum over R4 tests; not testable by design (n=20 round-1 games < 30)
september,8-agent mixed,4 Gemini + 4 GPT,mixed,"H1 R4 round 1 (myth_game, before any play), alone: same_label alignment -> giving gap",,,,,,5.0,20,not testable by design,Holm within stratum over R4 tests; not testable by design (n=20 round-1 games < 30)
september,8-agent mixed,4 Gemini + 4 GPT,mixed,"H1 R4 round 1 (myth_game, before any play), + own send scores: same_label alignment -> giving gap",,,,,,5.0,20,not testable by design,Holm within stratum over R4 tests; not testable by design (n=20 round-1 games < 30)
september,8-agent mixed,4 Gemini + 4 GPT,mixed,"H1 R4 round 1 (myth_game, before any play), alone: moral_cos alignment -> giving gap",,,,,,5.0,20,not testable by design,Holm within stratum over R4 tests; not testable by design (n=20 round-1 games < 30)
september,8-agent mixed,4 Gemini + 4 GPT,mixed,"H1 R4 round 1 (myth_game, before any play), + own send scores: moral_cos alignment -> giving gap",,,,,,5.0,20,not testable by design,Holm within stratum over R4 tests; not testable by design (n=20 round-1 games < 30)
september,8-agent mixed,4 Gemini + 4 GPT,mixed,"H1 R4 round 1 (myth_game, before any play), alone: rule_index alignment -> giving gap",,,,,,5.0,20,not testable by design,Holm within stratum over R4 tests; not testable by design (n=20 round-1 games < 30)
september,8-agent mixed,4 Gemini + 4 GPT,mixed,"H1 R4 round 1 (myth_game, before any play), + own send scores: rule_index alignment -> giving gap",,,,,,5.0,20,not testable by design,Holm within stratum over R4 tests; not testable by design (n=20 round-1 games < 30)
september,8-agent mixed,4 Gemini + 4 GPT,mixed,"H1 R4 round 1 (myth_game, before any play), alone: give_align alignment -> giving gap",,,,,,5.0,20,not testable by design,Holm within stratum over R4 tests; not testable by design (n=20 round-1 games < 30)
september,8-agent mixed,4 Gemini + 4 GPT,mixed,"H1 R4 round 1 (myth_game, before any play), + own send scores: give_align alignment -> giving gap",,,,,,5.0,20,not testable by design,Holm within stratum over R4 tests; not testable by design (n=20 round-1 games < 30)
september,8-agent mixed,4 Gemini + 4 GPT,mixed,"H1 R4 round 1 (myth_game, before any play), alone: myth_cos alignment -> giving gap",,,,,,5.0,20,not testable by design,Holm within stratum over R4 tests; not testable by design (n=20 round-1 games < 30)
september,8-agent mixed,4 Gemini + 4 GPT,mixed,"H1 R4 round 1 (myth_game, before any play), + own send scores: myth_cos alignment -> giving gap",,,,,,5.0,20,not testable by design,Holm within stratum over R4 tests; not testable by design (n=20 round-1 games < 30)
september,"2-agent (all, pooled)",all 2-agent runs (pooled),pooled,H1 reverse (myth_game): sent_frac -> same_label after the game,0.1935676992425617,-0.3416689084041808,0.7288043068893042,0.4666991168680362,1.0,33.0,297,no detectable effect,per unit of predictor; raw sd shown is the after-measure's; per SD of measure (raw sd 0.484); contributing runs 23
september,"2-agent (all, pooled)",all 2-agent runs (pooled),pooled,H1 reverse (myth_game): return_proportion -> same_label after the game,-0.3884694138513793,-1.2346896370875236,0.4577508093847647,0.3567486963097761,1.0,33.0,294,no detectable effect,per unit of predictor; raw sd shown is the after-measure's; per SD of measure (raw sd 0.482); contributing runs 31
september,"2-agent (all, pooled)",all 2-agent runs (pooled),pooled,H1 reverse (myth_game): sent_frac -> moral_cos after the game,-0.059167722434493,-0.1420831258231349,0.0237476809541488,0.1558120689756912,1.0,33.0,297,no detectable effect,per unit of predictor; raw sd shown is the after-measure's; per SD of measure (raw sd 0.089); contributing runs 24
september,"2-agent (all, pooled)",all 2-agent runs (pooled),pooled,H1 reverse (myth_game): return_proportion -> moral_cos after the game,0.0735443879606833,-0.0648714705653035,0.2119602464866702,0.2872156222239918,1.0,33.0,294,no detectable effect,per unit of predictor; raw sd shown is the after-measure's; per SD of measure (raw sd 0.089); contributing runs 33
september,"2-agent (all, pooled)",all 2-agent runs (pooled),pooled,H1 reverse (myth_game): sent_frac -> rule_index after the game,0.164110761831741,-0.0513435242120162,0.3795650478754983,0.1306110460243884,1.0,33.0,297,no detectable effect,per unit of predictor; raw sd shown is the after-measure's; per SD of measure (raw sd 0.257); contributing runs 23
september,"2-agent (all, pooled)",all 2-agent runs (pooled),pooled,H1 reverse (myth_game): return_proportion -> rule_index after the game,0.2457847419180634,-0.0787483048665196,0.5703177887026465,0.1327435186945628,1.0,33.0,294,no detectable effect,per unit of predictor; raw sd shown is the after-measure's; per SD of measure (raw sd 0.255); contributing runs 28
september,"2-agent (all, pooled)",all 2-agent runs (pooled),pooled,H1 reverse (myth_game): sent_frac -> give_align after the game,-0.0450661809523898,-0.3223024640387834,0.2321701021340037,0.7427169767273978,1.0,33.0,297,no detectable effect,per unit of predictor; raw sd shown is the after-measure's; per SD of measure (raw sd 0.173); contributing runs 23
september,"2-agent (all, pooled)",all 2-agent runs (pooled),pooled,H1 reverse (myth_game): return_proportion -> give_align after the game,0.0178672664981814,-0.1905609019728626,0.2262954349692255,0.8624832134309577,1.0,33.0,294,no detectable effect,per unit of predictor; raw sd shown is the after-measure's; per SD of measure (raw sd 0.173); contributing runs 26
september,"2-agent (all, pooled)",all 2-agent runs (pooled),pooled,H1 reverse (myth_game): sent_frac -> myth_cos after the game,0.0113041042013658,-0.0630675724575422,0.085675780860274,0.7588699048797325,1.0,33.0,297,no detectable effect,per unit of predictor; raw sd shown is the after-measure's; per SD of measure (raw sd 0.104); contributing runs 24
september,"2-agent (all, pooled)",all 2-agent runs (pooled),pooled,H1 reverse (myth_game): return_proportion -> myth_cos after the game,0.0757241319891519,-0.0304999141097142,0.1819481780880181,0.1562165561321596,1.0,33.0,294,no detectable effect,per unit of predictor; raw sd shown is the after-measure's; per SD of measure (raw sd 0.103); contributing runs 33
september,"2-agent (all, pooled)",all 2-agent runs (pooled),pooled,H1 reverse (game_myth): sent_frac -> same_label after the game,0.195016457424902,-0.1301229651800183,0.5201558800298225,0.2307305322553931,1.0,33.0,329,no detectable effect,per unit of predictor; raw sd shown is the after-measure's; per SD of measure (raw sd 0.500); contributing runs 26
september,"2-agent (all, pooled)",all 2-agent runs (pooled),pooled,H1 reverse (game_myth): return_proportion -> same_label after the game,0.4368190269713881,-0.3758815429635765,1.2495195969063528,0.281762344195075,1.0,33.0,317,no detectable effect,per unit of predictor; raw sd shown is the after-measure's; per SD of measure (raw sd 0.499); contributing runs 30
september,"2-agent (all, pooled)",all 2-agent runs (pooled),pooled,H1 reverse (game_myth): sent_frac -> moral_cos after the game,0.0054707308579447,-0.0855296104478014,0.096471072163691,0.9033039306422002,1.0,33.0,326,no detectable effect,per unit of predictor; raw sd shown is the after-measure's; per SD of measure (raw sd 0.105); contributing runs 27
september,"2-agent (all, pooled)",all 2-agent runs (pooled),pooled,H1 reverse (game_myth): return_proportion -> moral_cos after the game,0.1434401334505088,0.000210432257448,0.2866698346435696,0.0496839454586752,1.0,33.0,314,suggestive,per unit of predictor; raw sd shown is the after-measure's; per SD of measure (raw sd 0.105); contributing runs 33
september,"2-agent (all, pooled)",all 2-agent runs (pooled),pooled,H1 reverse (game_myth): sent_frac -> rule_index after the game,-0.1086996185898261,-0.3597960566477136,0.1423968194680613,0.3844671209960777,1.0,33.0,326,no detectable effect,per unit of predictor; raw sd shown is the after-measure's; per SD of measure (raw sd 0.265); contributing runs 27
september,"2-agent (all, pooled)",all 2-agent runs (pooled),pooled,H1 reverse (game_myth): return_proportion -> rule_index after the game,0.1740297046868071,-0.2514830316387436,0.5995424410123578,0.4109736576571029,1.0,33.0,314,no detectable effect,per unit of predictor; raw sd shown is the after-measure's; per SD of measure (raw sd 0.259); contributing runs 33
september,"2-agent (all, pooled)",all 2-agent runs (pooled),pooled,H1 reverse (game_myth): sent_frac -> give_align after the game,-0.0593210822830139,-0.2569053870162021,0.1382632224501742,0.5451547237981539,1.0,33.0,329,no detectable effect,per unit of predictor; raw sd shown is the after-measure's; per SD of measure (raw sd 0.191); contributing runs 27
september,"2-agent (all, pooled)",all 2-agent runs (pooled),pooled,H1 reverse (game_myth): return_proportion -> give_align after the game,0.1218906067460837,-0.196994288303633,0.4407755017958004,0.4419364129675567,1.0,33.0,317,no detectable effect,per unit of predictor; raw sd shown is the after-measure's; per SD of measure (raw sd 0.189); contributing runs 28
september,"2-agent (all, pooled)",all 2-agent runs (pooled),pooled,H1 reverse (game_myth): sent_frac -> myth_cos after the game,0.0762372083684106,0.0368712930900766,0.1156031236467446,0.0004089055393811,0.0122671661814354,33.0,329,yes,per unit of predictor; raw sd shown is the after-measure's; per SD of measure (raw sd 0.099); contributing runs 27
september,"2-agent (all, pooled)",all 2-agent runs (pooled),pooled,H1 reverse (game_myth): return_proportion -> myth_cos after the game,-0.0095578976496608,-0.1330995672886817,0.11398377198936,0.8757709205130372,1.0,33.0,317,no detectable effect,per unit of predictor; raw sd shown is the after-measure's; per SD of measure (raw sd 0.099); contributing runs 33
september,"2-agent (all, pooled)",all 2-agent runs (pooled),pooled,H1 reverse (both): sent_frac -> same_label after the game,0.1960846320376828,-0.0720141420514515,0.4641834061268172,0.1489188388577449,1.0,66.0,626,no detectable effect,per unit of predictor; raw sd shown is the after-measure's; per SD of measure (raw sd 0.495); contributing runs 49
september,"2-agent (all, pooled)",all 2-agent runs (pooled),pooled,H1 reverse (both): return_proportion -> same_label after the game,0.1017455433713886,-0.4940793721219457,0.697570458864723,0.7341737204142084,1.0,66.0,611,no detectable effect,per unit of predictor; raw sd shown is the after-measure's; per SD of measure (raw sd 0.493); contributing runs 61
september,"2-agent (all, pooled)",all 2-agent runs (pooled),pooled,H1 reverse (both): sent_frac -> moral_cos after the game,-0.0207960904948104,-0.0850521959802044,0.0434600149905835,0.5203211290084451,1.0,66.0,623,no detectable effect,per unit of predictor; raw sd shown is the after-measure's; per SD of measure (raw sd 0.098); contributing runs 51
september,"2-agent (all, pooled)",all 2-agent runs (pooled),pooled,H1 reverse (both): return_proportion -> moral_cos after the game,0.1072896018475083,0.0093559998727465,0.20522320382227,0.0322756662149007,0.9037186540172208,66.0,608,suggestive,per unit of predictor; raw sd shown is the after-measure's; per SD of measure (raw sd 0.098); contributing runs 66
september,"2-agent (all, pooled)",all 2-agent runs (pooled),pooled,H1 reverse (both): sent_frac -> rule_index after the game,-0.0179649452541299,-0.1999980210547366,0.1640681305464768,0.8443653642819321,1.0,66.0,623,no detectable effect,per unit of predictor; raw sd shown is the after-measure's; per SD of measure (raw sd 0.262); contributing runs 50
september,"2-agent (all, pooled)",all 2-agent runs (pooled),pooled,H1 reverse (both): return_proportion -> rule_index after the game,0.208244877610711,-0.0693575374929084,0.4858472927143304,0.1389318004774501,1.0,66.0,608,no detectable effect,per unit of predictor; raw sd shown is the after-measure's; per SD of measure (raw sd 0.257); contributing runs 61
september,"2-agent (all, pooled)",all 2-agent runs (pooled),pooled,H1 reverse (both): sent_frac -> give_align after the game,-0.0547131357075754,-0.2092256929898319,0.0997994215746809,0.4819764344401854,1.0,66.0,626,no detectable effect,per unit of predictor; raw sd shown is the after-measure's; per SD of measure (raw sd 0.183); contributing runs 50
september,"2-agent (all, pooled)",all 2-agent runs (pooled),pooled,H1 reverse (both): return_proportion -> give_align after the game,0.0746343244186667,-0.1232257728529372,0.2724944216902708,0.4539684009347807,1.0,66.0,611,no detectable effect,per unit of predictor; raw sd shown is the after-measure's; per SD of measure (raw sd 0.181); contributing runs 54
september,"2-agent (all, pooled)",all 2-agent runs (pooled),pooled,H1 reverse (both): sent_frac -> myth_cos after the game,0.0534771150623196,0.0172340746147766,0.0897201555098626,0.0044539703288471,0.1291651395365661,66.0,626,suggestive,per unit of predictor; raw sd shown is the after-measure's; per SD of measure (raw sd 0.102); contributing runs 51
september,"2-agent (all, pooled)",all 2-agent runs (pooled),pooled,H1 reverse (both): return_proportion -> myth_cos after the game,0.0182403423209938,-0.0708299706023692,0.1073106552443569,0.683894665794788,1.0,66.0,611,no detectable effect,per unit of predictor; raw sd shown is the after-measure's; per SD of measure (raw sd 0.102); contributing runs 66
september,"8-agent (all, pooled)",all 8-agent runs (pooled),pooled,H1 reverse (myth_game): sent_frac -> same_label after the game,0.0763568436181257,-0.0908610690604392,0.2435747562966907,0.3624452464334952,1.0,45.0,1620,no detectable effect,per unit of predictor; raw sd shown is the after-measure's; per SD of measure (raw sd 0.490); contributing runs 38
september,"8-agent (all, pooled)",all 8-agent runs (pooled),pooled,H1 reverse (myth_game): return_proportion -> same_label after the game,0.1898083829079417,-0.3759755894460923,0.7555923552619757,0.5025077565249598,1.0,45.0,1487,no detectable effect,per unit of predictor; raw sd shown is the after-measure's; per SD of measure (raw sd 0.491); contributing runs 45
september,"8-agent (all, pooled)",all 8-agent runs (pooled),pooled,H1 reverse (myth_game): sent_frac -> moral_cos after the game,0.0126861929532112,-0.0193285042744269,0.0447008901808495,0.4288047915652804,1.0,45.0,1611,no detectable effect,per unit of predictor; raw sd shown is the after-measure's; per SD of measure (raw sd 0.103); contributing runs 40
september,"8-agent (all, pooled)",all 8-agent runs (pooled),pooled,H1 reverse (myth_game): return_proportion -> moral_cos after the game,0.0501910927875738,-0.0481936389438246,0.1485758245189722,0.3095019549179175,1.0,45.0,1478,no detectable effect,per unit of predictor; raw sd shown is the after-measure's; per SD of measure (raw sd 0.104); contributing runs 45
september,"8-agent (all, pooled)",all 8-agent runs (pooled),pooled,H1 reverse (myth_game): sent_frac -> rule_index after the game,0.030772552668363,-0.0443598316497222,0.1059049369864483,0.4135695183011785,1.0,45.0,1611,no detectable effect,per unit of predictor; raw sd shown is the after-measure's; per SD of measure (raw sd 0.256); contributing runs 40
september,"8-agent (all, pooled)",all 8-agent runs (pooled),pooled,H1 reverse (myth_game): return_proportion -> rule_index after the game,-0.0542740592182846,-0.3959384935366937,0.2873903751001244,0.7503737585259356,1.0,45.0,1478,no detectable effect,per unit of predictor; raw sd shown is the after-measure's; per SD of measure (raw sd 0.256); contributing runs 44
september,"8-agent (all, pooled)",all 8-agent runs (pooled),pooled,H1 reverse (myth_game): sent_frac -> give_align after the game,-0.0217184567092893,-0.0578540529248544,0.0144171395062757,0.2322500467815106,1.0,45.0,1620,no detectable effect,per unit of predictor; raw sd shown is the after-measure's; per SD of measure (raw sd 0.193); contributing runs 40
september,"8-agent (all, pooled)",all 8-agent runs (pooled),pooled,H1 reverse (myth_game): return_proportion -> give_align after the game,-0.0081152744137021,-0.1778862373463968,0.1616556885189926,0.9236902209960136,1.0,45.0,1487,no detectable effect,per unit of predictor; raw sd shown is the after-measure's; per SD of measure (raw sd 0.195); contributing runs 40
september,"8-agent (all, pooled)",all 8-agent runs (pooled),pooled,H1 reverse (myth_game): sent_frac -> myth_cos after the game,-0.0026286780503515,-0.0219636973721431,0.0167063412714401,0.7853685647822815,1.0,45.0,1620,no detectable effect,per unit of predictor; raw sd shown is the after-measure's; per SD of measure (raw sd 0.097); contributing runs 40
september,"8-agent (all, pooled)",all 8-agent runs (pooled),pooled,H1 reverse (myth_game): return_proportion -> myth_cos after the game,0.0066798184268,-0.0660954549458327,0.0794550917994328,0.8540913301528804,1.0,45.0,1487,no detectable effect,per unit of predictor; raw sd shown is the after-measure's; per SD of measure (raw sd 0.095); contributing runs 45
september,"8-agent (all, pooled)",all 8-agent runs (pooled),pooled,H1 reverse (game_myth): sent_frac -> same_label after the game,-0.0283221565968039,-0.162968727326902,0.106324414133294,0.6736885531919725,1.0,45.0,1800,no detectable effect,per unit of predictor; raw sd shown is the after-measure's; per SD of measure (raw sd 0.495); contributing runs 40
september,"8-agent (all, pooled)",all 8-agent runs (pooled),pooled,H1 reverse (game_myth): return_proportion -> same_label after the game,0.2231763445001289,-0.3665509014805462,0.8129035904808041,0.4497146954198727,1.0,45.0,1487,no detectable effect,per unit of predictor; raw sd shown is the after-measure's; per SD of measure (raw sd 0.497); contributing runs 45
september,"8-agent (all, pooled)",all 8-agent runs (pooled),pooled,H1 reverse (game_myth): sent_frac -> moral_cos after the game,0.0286111923130524,0.0010601128152195,0.0561622718108853,0.0421561098158723,1.0,45.0,1780,suggestive,per unit of predictor; raw sd shown is the after-measure's; per SD of measure (raw sd 0.102); contributing runs 40
september,"8-agent (all, pooled)",all 8-agent runs (pooled),pooled,H1 reverse (game_myth): return_proportion -> moral_cos after the game,0.0300934280511359,-0.0887408317989823,0.1489276879012542,0.6123440018017254,1.0,45.0,1472,no detectable effect,per unit of predictor; raw sd shown is the after-measure's; per SD of measure (raw sd 0.101); contributing runs 45
september,"8-agent (all, pooled)",all 8-agent runs (pooled),pooled,H1 reverse (game_myth): sent_frac -> rule_index after the game,-0.0100892833331836,-0.0902101093637919,0.0700315426974245,0.8008424045995574,1.0,45.0,1791,no detectable effect,per unit of predictor; raw sd shown is the after-measure's; per SD of measure (raw sd 0.272); contributing runs 40
september,"8-agent (all, pooled)",all 8-agent runs (pooled),pooled,H1 reverse (game_myth): return_proportion -> rule_index after the game,-0.1103900715053803,-0.3743362572461357,0.153556114235375,0.4038509121103117,1.0,45.0,1479,no detectable effect,per unit of predictor; raw sd shown is the after-measure's; per SD of measure (raw sd 0.271); contributing runs 45
september,"8-agent (all, pooled)",all 8-agent runs (pooled),pooled,H1 reverse (game_myth): sent_frac -> give_align after the game,-0.0542932879402139,-0.0979777236406723,-0.0106088522397555,0.0160294624101784,0.4648544098951743,45.0,1800,suggestive,per unit of predictor; raw sd shown is the after-measure's; per SD of measure (raw sd 0.196); contributing runs 40
september,"8-agent (all, pooled)",all 8-agent runs (pooled),pooled,H1 reverse (game_myth): return_proportion -> give_align after the game,-0.0464919042725591,-0.1945953267768813,0.101611518231763,0.5302336666080689,1.0,45.0,1487,no detectable effect,per unit of predictor; raw sd shown is the after-measure's; per SD of measure (raw sd 0.195); contributing runs 45
september,"8-agent (all, pooled)",all 8-agent runs (pooled),pooled,H1 reverse (game_myth): sent_frac -> myth_cos after the game,0.0123074445670965,-0.0028568293634324,0.0274717184976255,0.1090395004118396,1.0,45.0,1800,no detectable effect,per unit of predictor; raw sd shown is the after-measure's; per SD of measure (raw sd 0.102); contributing runs 40
september,"8-agent (all, pooled)",all 8-agent runs (pooled),pooled,H1 reverse (game_myth): return_proportion -> myth_cos after the game,0.012370895088131,-0.0576512782634411,0.0823930684397032,0.7234993074114575,1.0,45.0,1487,no detectable effect,per unit of predictor; raw sd shown is the after-measure's; per SD of measure (raw sd 0.100); contributing runs 45
september,"8-agent (all, pooled)",all 8-agent runs (pooled),pooled,H1 reverse (both): sent_frac -> same_label after the game,0.0153656833113312,-0.0893592687351596,0.1200906353578221,0.771318431334615,1.0,90.0,3420,no detectable effect,per unit of predictor; raw sd shown is the after-measure's; per SD of measure (raw sd 0.493); contributing runs 78
september,"8-agent (all, pooled)",all 8-agent runs (pooled),pooled,H1 reverse (both): return_proportion -> same_label after the game,0.207991531236153,-0.1955451309426854,0.6115281934149915,0.3085486205659988,1.0,90.0,2974,no detectable effect,per unit of predictor; raw sd shown is the after-measure's; per SD of measure (raw sd 0.494); contributing runs 90
september,"8-agent (all, pooled)",all 8-agent runs (pooled),pooled,H1 reverse (both): sent_frac -> moral_cos after the game,0.0219411698963729,0.0011610021643596,0.0427213376283861,0.0387402669613098,1.0,90.0,3391,suggestive,per unit of predictor; raw sd shown is the after-measure's; per SD of measure (raw sd 0.103); contributing runs 80
september,"8-agent (all, pooled)",all 8-agent runs (pooled),pooled,H1 reverse (both): return_proportion -> moral_cos after the game,0.0395887196283864,-0.0386513274572392,0.117828766714012,0.3174336487353811,1.0,90.0,2950,no detectable effect,per unit of predictor; raw sd shown is the after-measure's; per SD of measure (raw sd 0.103); contributing runs 90
september,"8-agent (all, pooled)",all 8-agent runs (pooled),pooled,H1 reverse (both): sent_frac -> rule_index after the game,0.006888707305574,-0.0483904577966174,0.0621678724077655,0.8050059546250233,1.0,90.0,3402,no detectable effect,per unit of predictor; raw sd shown is the after-measure's; per SD of measure (raw sd 0.266); contributing runs 80
september,"8-agent (all, pooled)",all 8-agent runs (pooled),pooled,H1 reverse (both): return_proportion -> rule_index after the game,-0.0821768639336176,-0.2886521663674579,0.1242984385002226,0.4311545190705019,1.0,90.0,2957,no detectable effect,per unit of predictor; raw sd shown is the after-measure's; per SD of measure (raw sd 0.264); contributing runs 89
september,"8-agent (all, pooled)",all 8-agent runs (pooled),pooled,H1 reverse (both): sent_frac -> give_align after the game,-0.0410089516686011,-0.0716448853658609,-0.0103730179713412,0.0092739856735196,0.2782195702055903,90.0,3420,suggestive,per unit of predictor; raw sd shown is the after-measure's; per SD of measure (raw sd 0.194); contributing runs 80
september,"8-agent (all, pooled)",all 8-agent runs (pooled),pooled,H1 reverse (both): return_proportion -> give_align after the game,-0.0305260375826116,-0.1391487982731143,0.0780967231078911,0.5779756889380303,1.0,90.0,2974,no detectable effect,per unit of predictor; raw sd shown is the after-measure's; per SD of measure (raw sd 0.195); contributing runs 85
september,"8-agent (all, pooled)",all 8-agent runs (pooled),pooled,H1 reverse (both): sent_frac -> myth_cos after the game,0.0063159795628338,-0.0057322692809397,0.0183642284066075,0.3004084074679282,1.0,90.0,3420,no detectable effect,per unit of predictor; raw sd shown is the after-measure's; per SD of measure (raw sd 0.100); contributing runs 80
september,"8-agent (all, pooled)",all 8-agent runs (pooled),pooled,H1 reverse (both): return_proportion -> myth_cos after the game,0.0095489273725429,-0.0400842192167523,0.0591820739618382,0.7031686604327629,1.0,90.0,2974,no detectable effect,per unit of predictor; raw sd shown is the after-measure's; per SD of measure (raw sd 0.098); contributing runs 90
september,2-agent homogeneous,GPT dyads,GPT,H1 reverse (myth_game): sent_frac -> same_label after the game,0.5741194835126536,-0.2971108664432357,1.4453498334685428,0.141291609658476,,5.0,45,underpowered,per unit of predictor; raw sd shown is the after-measure's; per SD of measure (raw sd 0.387); contributing runs 4
september,2-agent homogeneous,GPT dyads,GPT,H1 reverse (myth_game): return_proportion -> same_label after the game,-0.5032685494754997,-2.513404926882251,1.5068678279312515,0.5252438205984881,,5.0,42,underpowered,per unit of predictor; raw sd shown is the after-measure's; per SD of measure (raw sd 0.328); contributing runs 3
september,2-agent homogeneous,GPT dyads,GPT,H1 reverse (myth_game): sent_frac -> moral_cos after the game,-0.024367653856325,-0.1641377444353944,0.1154024367227443,0.6536592427527712,,5.0,45,underpowered,per unit of predictor; raw sd shown is the after-measure's; per SD of measure (raw sd 0.069); contributing runs 5
september,2-agent homogeneous,GPT dyads,GPT,H1 reverse (myth_game): return_proportion -> moral_cos after the game,-0.0693876493686436,-0.898786575885728,0.7600112771484407,0.8277224136745367,,5.0,42,underpowered,per unit of predictor; raw sd shown is the after-measure's; per SD of measure (raw sd 0.070); contributing runs 5
september,2-agent homogeneous,GPT dyads,GPT,H1 reverse (myth_game): sent_frac -> rule_index after the game,0.1949604185132598,-0.0040572836438906,0.3939781206704103,0.0529954563042431,,5.0,45,underpowered,per unit of predictor; raw sd shown is the after-measure's; per SD of measure (raw sd 0.265); contributing runs 5
september,2-agent homogeneous,GPT dyads,GPT,H1 reverse (myth_game): return_proportion -> rule_index after the game,0.4285159731824315,-1.112688757672502,1.969720704037365,0.4832123952261322,,5.0,42,underpowered,per unit of predictor; raw sd shown is the after-measure's; per SD of measure (raw sd 0.251); contributing runs 5
september,2-agent homogeneous,GPT dyads,GPT,H1 reverse (myth_game): sent_frac -> give_align after the game,0.0852889542049119,-0.2904631339321402,0.4610410423419641,0.5627703336466721,,5.0,45,underpowered,per unit of predictor; raw sd shown is the after-measure's; per SD of measure (raw sd 0.109); contributing runs 5
september,2-agent homogeneous,GPT dyads,GPT,H1 reverse (myth_game): return_proportion -> give_align after the game,-0.0956602908195369,-0.2789249425582878,0.0876043609192139,0.2208597011209997,,5.0,42,underpowered,per unit of predictor; raw sd shown is the after-measure's; per SD of measure (raw sd 0.101); contributing runs 5
september,2-agent homogeneous,GPT dyads,GPT,H1 reverse (myth_game): sent_frac -> myth_cos after the game,0.0288192882650141,-0.0141341701237182,0.0717727466537466,0.1359536780530443,,5.0,45,underpowered,per unit of predictor; raw sd shown is the after-measure's; per SD of measure (raw sd 0.053); contributing runs 5
september,2-agent homogeneous,GPT dyads,GPT,H1 reverse (myth_game): return_proportion -> myth_cos after the game,-0.0345229707705981,-0.2521065472294293,0.1830606056882329,0.6823167246305106,,5.0,42,underpowered,per unit of predictor; raw sd shown is the after-measure's; per SD of measure (raw sd 0.053); contributing runs 5
september,2-agent homogeneous,GPT dyads,GPT,H1 reverse (game_myth): sent_frac -> same_label after the game,-0.294921309397857,-0.8208324806207719,0.2309898618250578,0.1944663204603138,,5.0,50,underpowered,per unit of predictor; raw sd shown is the after-measure's; per SD of measure (raw sd 0.463); contributing runs 5
september,2-agent homogeneous,GPT dyads,GPT,H1 reverse (game_myth): return_proportion -> same_label after the game,0.2888574858181678,-1.0849055255077402,1.662620497144076,0.5906932869377184,,5.0,44,underpowered,per unit of predictor; raw sd shown is the after-measure's; per SD of measure (raw sd 0.438); contributing runs 3
september,2-agent homogeneous,GPT dyads,GPT,H1 reverse (game_myth): sent_frac -> moral_cos after the game,-0.0867469480233011,-0.2717192180873424,0.09822532204074,0.2628069038766276,,5.0,50,underpowered,per unit of predictor; raw sd shown is the after-measure's; per SD of measure (raw sd 0.114); contributing runs 5
september,2-agent homogeneous,GPT dyads,GPT,H1 reverse (game_myth): return_proportion -> moral_cos after the game,0.6429902596832288,-0.8427597215263672,2.128740240892825,0.2958072373426526,,5.0,44,underpowered,per unit of predictor; raw sd shown is the after-measure's; per SD of measure (raw sd 0.117); contributing runs 5
september,2-agent homogeneous,GPT dyads,GPT,H1 reverse (game_myth): sent_frac -> rule_index after the game,-0.299294334077307,-0.8764494943723775,0.2778608262177633,0.2233463157817849,,5.0,49,underpowered,per unit of predictor; raw sd shown is the after-measure's; per SD of measure (raw sd 0.269); contributing runs 5
september,2-agent homogeneous,GPT dyads,GPT,H1 reverse (game_myth): return_proportion -> rule_index after the game,-0.3796829964330582,-1.109625308407713,0.3502593155415966,0.2221861414506783,,5.0,43,underpowered,per unit of predictor; raw sd shown is the after-measure's; per SD of measure (raw sd 0.240); contributing runs 5
september,2-agent homogeneous,GPT dyads,GPT,H1 reverse (game_myth): sent_frac -> give_align after the game,-0.3716505007232855,-0.9293973162055724,0.1860963147590014,0.137979274893517,,5.0,50,underpowered,per unit of predictor; raw sd shown is the after-measure's; per SD of measure (raw sd 0.201); contributing runs 5
september,2-agent homogeneous,GPT dyads,GPT,H1 reverse (game_myth): return_proportion -> give_align after the game,-0.2991416830463481,-1.4112324645250125,0.8129490984323162,0.4966689657426579,,5.0,44,underpowered,per unit of predictor; raw sd shown is the after-measure's; per SD of measure (raw sd 0.200); contributing runs 5
september,2-agent homogeneous,GPT dyads,GPT,H1 reverse (game_myth): sent_frac -> myth_cos after the game,-0.0008707135287066,-0.0450716207043586,0.0433301936469452,0.9590056559848252,,5.0,50,underpowered,per unit of predictor; raw sd shown is the after-measure's; per SD of measure (raw sd 0.062); contributing runs 5
september,2-agent homogeneous,GPT dyads,GPT,H1 reverse (game_myth): return_proportion -> myth_cos after the game,0.0106969277610986,-0.1021828531690785,0.1235767086912757,0.8054650383094362,,5.0,44,underpowered,per unit of predictor; raw sd shown is the after-measure's; per SD of measure (raw sd 0.050); contributing runs 5
september,2-agent homogeneous,GPT dyads,GPT,H1 reverse (both): sent_frac -> same_label after the game,0.1378857628024107,-0.488503104242767,0.7642746298475884,0.630449672203552,1.0,10.0,95,no detectable effect,per unit of predictor; raw sd shown is the after-measure's; per SD of measure (raw sd 0.431); contributing runs 9
september,2-agent homogeneous,GPT dyads,GPT,H1 reverse (both): return_proportion -> same_label after the game,0.0286683682499558,-1.3220012651305146,1.3793380016304262,0.9627529366497612,,10.0,86,underpowered,per unit of predictor; raw sd shown is the after-measure's; per SD of measure (raw sd 0.391); contributing runs 6
september,2-agent homogeneous,GPT dyads,GPT,H1 reverse (both): sent_frac -> moral_cos after the game,-0.0659548318770179,-0.1518742356239462,0.0199645718699102,0.1164875931862355,0.931900745489884,10.0,95,no detectable effect,per unit of predictor; raw sd shown is the after-measure's; per SD of measure (raw sd 0.095); contributing runs 10
september,2-agent homogeneous,GPT dyads,GPT,H1 reverse (both): return_proportion -> moral_cos after the game,0.1873520004945596,-0.4659007662789444,0.8406047672680635,0.5326816961102806,1.0,10.0,86,no detectable effect,per unit of predictor; raw sd shown is the after-measure's; per SD of measure (raw sd 0.096); contributing runs 10
september,2-agent homogeneous,GPT dyads,GPT,H1 reverse (both): sent_frac -> rule_index after the game,0.0116095581418889,-0.2998261244631345,0.3230452407469123,0.934641901150274,1.0,10.0,94,no detectable effect,per unit of predictor; raw sd shown is the after-measure's; per SD of measure (raw sd 0.267); contributing runs 10
september,2-agent homogeneous,GPT dyads,GPT,H1 reverse (both): return_proportion -> rule_index after the game,-0.0112691734590231,-0.6674207883348152,0.6448824414167688,0.9698567516976486,1.0,10.0,85,no detectable effect,per unit of predictor; raw sd shown is the after-measure's; per SD of measure (raw sd 0.245); contributing runs 10
september,2-agent homogeneous,GPT dyads,GPT,H1 reverse (both): sent_frac -> give_align after the game,-0.1141235272285995,-0.482661670630876,0.254414616173677,0.501314330918877,1.0,10.0,95,no detectable effect,per unit of predictor; raw sd shown is the after-measure's; per SD of measure (raw sd 0.168); contributing runs 10
september,2-agent homogeneous,GPT dyads,GPT,H1 reverse (both): return_proportion -> give_align after the game,-0.0569160038654171,-0.3425052279521843,0.22867322022135,0.6627755426967995,1.0,10.0,86,no detectable effect,per unit of predictor; raw sd shown is the after-measure's; per SD of measure (raw sd 0.164); contributing runs 10
september,2-agent homogeneous,GPT dyads,GPT,H1 reverse (both): sent_frac -> myth_cos after the game,0.0274238037583001,-0.0013398230286365,0.0561874305452367,0.0593774066102835,0.5343966594925522,10.0,95,no detectable effect,per unit of predictor; raw sd shown is the after-measure's; per SD of measure (raw sd 0.058); contributing runs 10
september,2-agent homogeneous,GPT dyads,GPT,H1 reverse (both): return_proportion -> myth_cos after the game,-0.0054125169988147,-0.0821333767286249,0.0713083427309955,0.8767273870194944,1.0,10.0,86,no detectable effect,per unit of predictor; raw sd shown is the after-measure's; per SD of measure (raw sd 0.051); contributing runs 10
september,2-agent homogeneous,Gemini dyads,Gemini,H1 reverse (myth_game): sent_frac -> same_label after the game,,,,,,5.0,45,not estimable: ceiling,per unit of predictor; raw sd shown is the after-measure's; per SD of measure (raw sd 0.505); contributing runs 0; not estimable: ceiling (sent_frac locked within cells)
september,2-agent homogeneous,Gemini dyads,Gemini,H1 reverse (myth_game): return_proportion -> same_label after the game,-2.415738622916095,-10.709750491670272,5.878273245838082,0.4640542018120405,,5.0,45,underpowered,per unit of predictor; raw sd shown is the after-measure's; per SD of measure (raw sd 0.505); contributing runs 5
september,2-agent homogeneous,Gemini dyads,Gemini,H1 reverse (myth_game): sent_frac -> moral_cos after the game,,,,,,5.0,45,not estimable: ceiling,per unit of predictor; raw sd shown is the after-measure's; per SD of measure (raw sd 0.084); contributing runs 0; not estimable: ceiling (sent_frac locked within cells)
september,2-agent homogeneous,Gemini dyads,Gemini,H1 reverse (myth_game): return_proportion -> moral_cos after the game,0.5873881111020628,-1.123809496614486,2.2985857188186114,0.3945353559120987,,5.0,45,underpowered,per unit of predictor; raw sd shown is the after-measure's; per SD of measure (raw sd 0.084); contributing runs 5
september,2-agent homogeneous,Gemini dyads,Gemini,H1 reverse (myth_game): sent_frac -> rule_index after the game,,,,,,5.0,45,not estimable: ceiling,per unit of predictor; raw sd shown is the after-measure's; per SD of measure (raw sd 0.048); contributing runs 0; not estimable: ceiling (sent_frac locked within cells)
september,2-agent homogeneous,Gemini dyads,Gemini,H1 reverse (myth_game): return_proportion -> rule_index after the game,0.1561084134921157,-0.1952010154152302,0.5074178423994616,0.284834414623082,,5.0,45,underpowered,per unit of predictor; raw sd shown is the after-measure's; per SD of measure (raw sd 0.048); contributing runs 2
september,2-agent homogeneous,Gemini dyads,Gemini,H1 reverse (myth_game): sent_frac -> give_align after the game,,,,,,5.0,45,not estimable: ceiling,per unit of predictor; raw sd shown is the after-measure's; per SD of measure (raw sd 0.000); contributing runs 0; not estimable: ceiling (sent_frac locked within cells)
september,2-agent homogeneous,Gemini dyads,Gemini,H1 reverse (myth_game): return_proportion -> give_align after the game,0.0,0.0,0.0,,,5.0,45,not estimable: ceiling,per unit of predictor; raw sd shown is the after-measure's; per SD of measure (raw sd 0.000); contributing runs 0
september,2-agent homogeneous,Gemini dyads,Gemini,H1 reverse (myth_game): sent_frac -> myth_cos after the game,,,,,,5.0,45,not estimable: ceiling,per unit of predictor; raw sd shown is the after-measure's; per SD of measure (raw sd 0.082); contributing runs 0; not estimable: ceiling (sent_frac locked within cells)
september,2-agent homogeneous,Gemini dyads,Gemini,H1 reverse (myth_game): return_proportion -> myth_cos after the game,0.0632352363976743,-0.106195764218523,0.2326662370138717,0.3586276662733947,,5.0,45,underpowered,per unit of predictor; raw sd shown is the after-measure's; per SD of measure (raw sd 0.082); contributing runs 5
september,2-agent homogeneous,Gemini dyads,Gemini,H1 reverse (game_myth): sent_frac -> same_label after the game,,,,,,5.0,50,not estimable: ceiling,per unit of predictor; raw sd shown is the after-measure's; per SD of measure (raw sd 0.499); contributing runs 0; not estimable: ceiling (sent_frac locked within cells)
september,2-agent homogeneous,Gemini dyads,Gemini,H1 reverse (game_myth): return_proportion -> same_label after the game,-1.5870619396716528,-5.420094224888648,2.2459703455453424,0.3143747468485899,,5.0,50,underpowered,per unit of predictor; raw sd shown is the after-measure's; per SD of measure (raw sd 0.499); contributing runs 5
september,2-agent homogeneous,Gemini dyads,Gemini,H1 reverse (game_myth): sent_frac -> moral_cos after the game,,,,,,5.0,50,not estimable: ceiling,per unit of predictor; raw sd shown is the after-measure's; per SD of measure (raw sd 0.082); contributing runs 0; not estimable: ceiling (sent_frac locked within cells)
september,2-agent homogeneous,Gemini dyads,Gemini,H1 reverse (game_myth): return_proportion -> moral_cos after the game,0.1308949251663278,-0.9523492195001396,1.2141390698327952,0.7541101463014679,,5.0,50,underpowered,per unit of predictor; raw sd shown is the after-measure's; per SD of measure (raw sd 0.082); contributing runs 5
september,2-agent homogeneous,Gemini dyads,Gemini,H1 reverse (game_myth): sent_frac -> rule_index after the game,,,,,,5.0,50,not estimable: ceiling,per unit of predictor; raw sd shown is the after-measure's; per SD of measure (raw sd 0.145); contributing runs 0; not estimable: ceiling (sent_frac locked within cells)
september,2-agent homogeneous,Gemini dyads,Gemini,H1 reverse (game_myth): return_proportion -> rule_index after the game,0.0733577855765277,-1.3161897783729577,1.4629053495260131,0.8905575346487213,,5.0,50,underpowered,per unit of predictor; raw sd shown is the after-measure's; per SD of measure (raw sd 0.145); contributing runs 5
september,2-agent homogeneous,Gemini dyads,Gemini,H1 reverse (game_myth): sent_frac -> give_align after the game,,,,,,5.0,50,not estimable: ceiling,per unit of predictor; raw sd shown is the after-measure's; per SD of measure (raw sd 0.000); contributing runs 0; not estimable: ceiling (sent_frac locked within cells)
september,2-agent homogeneous,Gemini dyads,Gemini,H1 reverse (game_myth): return_proportion -> give_align after the game,0.0,0.0,0.0,,,5.0,50,not estimable: ceiling,per unit of predictor; raw sd shown is the after-measure's; per SD of measure (raw sd 0.000); contributing runs 0
september,2-agent homogeneous,Gemini dyads,Gemini,H1 reverse (game_myth): sent_frac -> myth_cos after the game,,,,,,5.0,50,not estimable: ceiling,per unit of predictor; raw sd shown is the after-measure's; per SD of measure (raw sd 0.072); contributing runs 0; not estimable: ceiling (sent_frac locked within cells)
september,2-agent homogeneous,Gemini dyads,Gemini,H1 reverse (game_myth): return_proportion -> myth_cos after the game,0.3472904293564493,-0.840453986788056,1.5350348455009548,0.462442172837657,,5.0,50,underpowered,per unit of predictor; raw sd shown is the after-measure's; per SD of measure (raw sd 0.072); contributing runs 5
september,2-agent homogeneous,Gemini dyads,Gemini,H1 reverse (both): sent_frac -> same_label after the game,,,,,,10.0,95,not estimable: ceiling,per unit of predictor; raw sd shown is the after-measure's; per SD of measure (raw sd 0.502); contributing runs 0; not estimable: ceiling (sent_frac locked within cells)
september,2-agent homogeneous,Gemini dyads,Gemini,H1 reverse (both): return_proportion -> same_label after the game,-2.325803181759003,-6.103346224394658,1.4517398608766516,0.1971268892087226,0.5913806676261679,10.0,95,no detectable effect,per unit of predictor; raw sd shown is the after-measure's; per SD of measure (raw sd 0.502); contributing runs 10
september,2-agent homogeneous,Gemini dyads,Gemini,H1 reverse (both): sent_frac -> moral_cos after the game,,,,,,10.0,95,not estimable: ceiling,per unit of predictor; raw sd shown is the after-measure's; per SD of measure (raw sd 0.083); contributing runs 0; not estimable: ceiling (sent_frac locked within cells)
september,2-agent homogeneous,Gemini dyads,Gemini,H1 reverse (both): return_proportion -> moral_cos after the game,0.2542989248171868,-0.4339217148222477,0.9425195644566214,0.424861692949201,0.6273644041134144,10.0,95,no detectable effect,per unit of predictor; raw sd shown is the after-measure's; per SD of measure (raw sd 0.083); contributing runs 10
september,2-agent homogeneous,Gemini dyads,Gemini,H1 reverse (both): sent_frac -> rule_index after the game,,,,,,10.0,95,not estimable: ceiling,per unit of predictor; raw sd shown is the after-measure's; per SD of measure (raw sd 0.111); contributing runs 0; not estimable: ceiling (sent_frac locked within cells)
september,2-agent homogeneous,Gemini dyads,Gemini,H1 reverse (both): return_proportion -> rule_index after the game,0.1507186232473705,-0.4207104228593707,0.7221476693541118,0.5654384445129191,,10.0,95,underpowered,per unit of predictor; raw sd shown is the after-measure's; per SD of measure (raw sd 0.111); contributing runs 7
september,2-agent homogeneous,Gemini dyads,Gemini,H1 reverse (both): sent_frac -> give_align after the game,,,,,,10.0,95,not estimable: ceiling,per unit of predictor; raw sd shown is the after-measure's; per SD of measure (raw sd 0.000); contributing runs 0; not estimable: ceiling (sent_frac locked within cells)
september,2-agent homogeneous,Gemini dyads,Gemini,H1 reverse (both): return_proportion -> give_align after the game,0.0,0.0,0.0,,,10.0,95,not estimable: ceiling,per unit of predictor; raw sd shown is the after-measure's; per SD of measure (raw sd 0.000); contributing runs 0
september,2-agent homogeneous,Gemini dyads,Gemini,H1 reverse (both): sent_frac -> myth_cos after the game,,,,,,10.0,95,not estimable: ceiling,per unit of predictor; raw sd shown is the after-measure's; per SD of measure (raw sd 0.082); contributing runs 0; not estimable: ceiling (sent_frac locked within cells)
september,2-agent homogeneous,Gemini dyads,Gemini,H1 reverse (both): return_proportion -> myth_cos after the game,0.2693573121776168,-0.3016172824537473,0.840331906808981,0.3136822020567072,0.6273644041134144,10.0,95,no detectable effect,per unit of predictor; raw sd shown is the after-measure's; per SD of measure (raw sd 0.082); contributing runs 10
september,2-agent homogeneous,Sonnet dyads,Sonnet,H1 reverse (myth_game): sent_frac -> same_label after the game,-0.1071641838797152,-6.790443932909197,6.576115565149767,0.9666242444185068,,5.0,45,underpowered,per unit of predictor; raw sd shown is the after-measure's; per SD of measure (raw sd 0.468); contributing runs 4
september,2-agent homogeneous,Sonnet dyads,Sonnet,H1 reverse (myth_game): return_proportion -> same_label after the game,-2.374827893340892,-5.767411325379902,1.017755538698118,0.1238743624764239,,5.0,45,underpowered,per unit of predictor; raw sd shown is the after-measure's; per SD of measure (raw sd 0.468); contributing runs 5
september,2-agent homogeneous,Sonnet dyads,Sonnet,H1 reverse (myth_game): sent_frac -> moral_cos after the game,-0.7850297123813204,-2.1670064043078767,0.596946979545236,0.1898933618120523,,5.0,45,underpowered,per unit of predictor; raw sd shown is the after-measure's; per SD of measure (raw sd 0.100); contributing runs 4
september,2-agent homogeneous,Sonnet dyads,Sonnet,H1 reverse (myth_game): return_proportion -> moral_cos after the game,0.1265399225121623,-0.7109392819992284,0.9640191270235532,0.6963941552890802,,5.0,45,underpowered,per unit of predictor; raw sd shown is the after-measure's; per SD of measure (raw sd 0.100); contributing runs 5
september,2-agent homogeneous,Sonnet dyads,Sonnet,H1 reverse (myth_game): sent_frac -> rule_index after the game,-1.7885740353484976,-5.103028945013609,1.5258808743166132,0.2084308619590751,,5.0,45,underpowered,per unit of predictor; raw sd shown is the after-measure's; per SD of measure (raw sd 0.220); contributing runs 4
september,2-agent homogeneous,Sonnet dyads,Sonnet,H1 reverse (myth_game): return_proportion -> rule_index after the game,0.9533185213443228,-0.7819706048983035,2.6886076475869496,0.2018758467141666,,5.0,45,underpowered,per unit of predictor; raw sd shown is the after-measure's; per SD of measure (raw sd 0.220); contributing runs 5
september,2-agent homogeneous,Sonnet dyads,Sonnet,H1 reverse (myth_game): sent_frac -> give_align after the game,-0.8036456341135806,-2.1759724286736324,0.5686811604464711,0.1792959185809839,,5.0,45,underpowered,per unit of predictor; raw sd shown is the after-measure's; per SD of measure (raw sd 0.117); contributing runs 4
september,2-agent homogeneous,Sonnet dyads,Sonnet,H1 reverse (myth_game): return_proportion -> give_align after the game,0.4482049775114041,-0.3647773928185434,1.2611873478413518,0.200597250090746,,5.0,45,underpowered,per unit of predictor; raw sd shown is the after-measure's; per SD of measure (raw sd 0.117); contributing runs 5
september,2-agent homogeneous,Sonnet dyads,Sonnet,H1 reverse (myth_game): sent_frac -> myth_cos after the game,0.1017049167250108,-0.0861720426649635,0.2895818761149851,0.2072652862595888,,5.0,45,underpowered,per unit of predictor; raw sd shown is the after-measure's; per SD of measure (raw sd 0.054); contributing runs 4
september,2-agent homogeneous,Sonnet dyads,Sonnet,H1 reverse (myth_game): return_proportion -> myth_cos after the game,0.0228907971662908,-0.2720422856599385,0.3178238799925201,0.8399274065104991,,5.0,45,underpowered,per unit of predictor; raw sd shown is the after-measure's; per SD of measure (raw sd 0.054); contributing runs 5
september,2-agent homogeneous,Sonnet dyads,Sonnet,H1 reverse (game_myth): sent_frac -> same_label after the game,-5.098468212807953,-12.86997001529866,2.6730335896827526,0.1426320525587524,,5.0,50,underpowered,per unit of predictor; raw sd shown is the after-measure's; per SD of measure (raw sd 0.490); contributing runs 4
september,2-agent homogeneous,Sonnet dyads,Sonnet,H1 reverse (game_myth): return_proportion -> same_label after the game,-0.9141128564929806,-4.678076711839599,2.849850998853638,0.5370916909444143,,5.0,50,underpowered,per unit of predictor; raw sd shown is the after-measure's; per SD of measure (raw sd 0.490); contributing runs 5
september,2-agent homogeneous,Sonnet dyads,Sonnet,H1 reverse (game_myth): sent_frac -> moral_cos after the game,0.3850209636998905,-1.3115461309762184,2.0815880583759996,0.5628373722931093,,5.0,50,underpowered,per unit of predictor; raw sd shown is the after-measure's; per SD of measure (raw sd 0.115); contributing runs 4
september,2-agent homogeneous,Sonnet dyads,Sonnet,H1 reverse (game_myth): return_proportion -> moral_cos after the game,-1.007869824829104,-1.635620151524262,-0.3801194981339463,0.0111804798174819,,5.0,50,underpowered,per unit of predictor; raw sd shown is the after-measure's; per SD of measure (raw sd 0.115); contributing runs 5
september,2-agent homogeneous,Sonnet dyads,Sonnet,H1 reverse (game_myth): sent_frac -> rule_index after the game,-0.8167896666351667,-3.688970000751928,2.0553906674815945,0.4739518602023655,,5.0,50,underpowered,per unit of predictor; raw sd shown is the after-measure's; per SD of measure (raw sd 0.240); contributing runs 4
september,2-agent homogeneous,Sonnet dyads,Sonnet,H1 reverse (game_myth): return_proportion -> rule_index after the game,-0.5571998370712797,-2.987142071423501,1.8727423972809416,0.558959979676867,,5.0,50,underpowered,per unit of predictor; raw sd shown is the after-measure's; per SD of measure (raw sd 0.240); contributing runs 5
september,2-agent homogeneous,Sonnet dyads,Sonnet,H1 reverse (game_myth): sent_frac -> give_align after the game,-0.0623741357943981,-0.8061375706395646,0.6813892990507682,0.8273142484465252,,5.0,50,underpowered,per unit of predictor; raw sd shown is the after-measure's; per SD of measure (raw sd 0.069); contributing runs 4
september,2-agent homogeneous,Sonnet dyads,Sonnet,H1 reverse (game_myth): return_proportion -> give_align after the game,0.2370891545079904,-0.0595938909497945,0.5337721999657754,0.0907384612640706,,5.0,50,underpowered,per unit of predictor; raw sd shown is the after-measure's; per SD of measure (raw sd 0.069); contributing runs 5
september,2-agent homogeneous,Sonnet dyads,Sonnet,H1 reverse (game_myth): sent_frac -> myth_cos after the game,-0.0496143669164033,-0.4326297834472512,0.3334010496144445,0.7372925911398001,,5.0,50,underpowered,per unit of predictor; raw sd shown is the after-measure's; per SD of measure (raw sd 0.053); contributing runs 4
september,2-agent homogeneous,Sonnet dyads,Sonnet,H1 reverse (game_myth): return_proportion -> myth_cos after the game,-0.0905158937080383,-0.526277758373246,0.3452459709571692,0.5950294630183108,,5.0,50,underpowered,per unit of predictor; raw sd shown is the after-measure's; per SD of measure (raw sd 0.053); contributing runs 5
september,2-agent homogeneous,Sonnet dyads,Sonnet,H1 reverse (both): sent_frac -> same_label after the game,-1.6402663764681138,-4.573266319425642,1.2927335664894144,0.2376076256475717,1.0,10.0,95,no detectable effect,per unit of predictor; raw sd shown is the after-measure's; per SD of measure (raw sd 0.502); contributing runs 8
september,2-agent homogeneous,Sonnet dyads,Sonnet,H1 reverse (both): return_proportion -> same_label after the game,-1.8135322357035624,-3.7701117272550912,0.1430472558479665,0.0654605967913204,0.6295177611887641,10.0,95,no detectable effect,per unit of predictor; raw sd shown is the after-measure's; per SD of measure (raw sd 0.502); contributing runs 10
september,2-agent homogeneous,Sonnet dyads,Sonnet,H1 reverse (both): sent_frac -> moral_cos after the game,-0.2968002656419681,-1.3775157874265442,0.7839152561426079,0.5498358296225287,1.0,10.0,95,no detectable effect,per unit of predictor; raw sd shown is the after-measure's; per SD of measure (raw sd 0.111); contributing runs 8
september,2-agent homogeneous,Sonnet dyads,Sonnet,H1 reverse (both): return_proportion -> moral_cos after the game,-0.3155272713400758,-0.936710947169586,0.3056564044894344,0.2801545382798114,1.0,10.0,95,no detectable effect,per unit of predictor; raw sd shown is the after-measure's; per SD of measure (raw sd 0.111); contributing runs 10
september,2-agent homogeneous,Sonnet dyads,Sonnet,H1 reverse (both): sent_frac -> rule_index after the game,-1.568130426641554,-3.2407507471916275,0.1044898939085197,0.0629517761188764,0.6295177611887641,10.0,95,no detectable effect,per unit of predictor; raw sd shown is the after-measure's; per SD of measure (raw sd 0.230); contributing runs 8
september,2-agent homogeneous,Sonnet dyads,Sonnet,H1 reverse (both): return_proportion -> rule_index after the game,0.2621439204610074,-0.9904981721543242,1.514786013076339,0.6471942372713886,1.0,10.0,95,no detectable effect,per unit of predictor; raw sd shown is the after-measure's; per SD of measure (raw sd 0.230); contributing runs 10
september,2-agent homogeneous,Sonnet dyads,Sonnet,H1 reverse (both): sent_frac -> give_align after the game,-0.5382671663618691,-1.1485829991095993,0.0720486663858609,0.0771591057820804,0.6295177611887641,10.0,95,no detectable effect,per unit of predictor; raw sd shown is the after-measure's; per SD of measure (raw sd 0.097); contributing runs 8
september,2-agent homogeneous,Sonnet dyads,Sonnet,H1 reverse (both): return_proportion -> give_align after the game,0.3170954444787111,-0.1164272088099,0.7506180977673222,0.1323855203774128,0.9266986426418902,10.0,95,no detectable effect,per unit of predictor; raw sd shown is the after-measure's; per SD of measure (raw sd 0.097); contributing runs 10
september,2-agent homogeneous,Sonnet dyads,Sonnet,H1 reverse (both): sent_frac -> myth_cos after the game,0.0503855158514399,-0.1662397838509799,0.2670108155538598,0.6114939012690375,1.0,10.0,95,no detectable effect,per unit of predictor; raw sd shown is the after-measure's; per SD of measure (raw sd 0.062); contributing runs 8
september,2-agent homogeneous,Sonnet dyads,Sonnet,H1 reverse (both): return_proportion -> myth_cos after the game,-0.0037549752963992,-0.1784938447588798,0.1709838941660813,0.9622904693451196,1.0,10.0,95,no detectable effect,per unit of predictor; raw sd shown is the after-measure's; per SD of measure (raw sd 0.062); contributing runs 10
september,2-agent mixed,Gemini+GPT dyads,mixed,H1 reverse (myth_game): sent_frac -> same_label after the game,-0.8066419110872015,-3.553640359476982,1.9403565373025788,0.4843617697241492,,6.0,54,underpowered,per unit of predictor; raw sd shown is the after-measure's; per SD of measure (raw sd 0.502); contributing runs 4
september,2-agent mixed,Gemini+GPT dyads,mixed,H1 reverse (myth_game): return_proportion -> same_label after the game,3.2165809909429406,-1.305402934350922,7.738564916236803,0.127011180173179,,6.0,54,underpowered,per unit of predictor; raw sd shown is the after-measure's; per SD of measure (raw sd 0.502); contributing runs 6
september,2-agent mixed,Gemini+GPT dyads,mixed,H1 reverse (myth_game): sent_frac -> moral_cos after the game,-0.1085352744400779,-0.3520198613696705,0.1349493124895146,0.3037175795885543,,6.0,54,underpowered,per unit of predictor; raw sd shown is the after-measure's; per SD of measure (raw sd 0.073); contributing runs 4
september,2-agent mixed,Gemini+GPT dyads,mixed,H1 reverse (myth_game): return_proportion -> moral_cos after the game,-0.0638985319309182,-0.6626413723797921,0.5348443085179557,0.7948002193441095,,6.0,54,underpowered,per unit of predictor; raw sd shown is the after-measure's; per SD of measure (raw sd 0.073); contributing runs 6
september,2-agent mixed,Gemini+GPT dyads,mixed,H1 reverse (myth_game): sent_frac -> rule_index after the game,-0.7420292466296414,-1.4393354359050654,-0.0447230573542174,0.0410133544507888,,6.0,54,underpowered,per unit of predictor; raw sd shown is the after-measure's; per SD of measure (raw sd 0.232); contributing runs 4
september,2-agent mixed,Gemini+GPT dyads,mixed,H1 reverse (myth_game): return_proportion -> rule_index after the game,-0.6072523949477626,-2.581276011696896,1.3667712218013708,0.4649174953339073,,6.0,54,underpowered,per unit of predictor; raw sd shown is the after-measure's; per SD of measure (raw sd 0.232); contributing runs 6
september,2-agent mixed,Gemini+GPT dyads,mixed,H1 reverse (myth_game): sent_frac -> give_align after the game,-0.3737263093493553,-1.4804052028910846,0.7329525841923741,0.4250426001020894,,6.0,54,underpowered,per unit of predictor; raw sd shown is the after-measure's; per SD of measure (raw sd 0.255); contributing runs 4
september,2-agent mixed,Gemini+GPT dyads,mixed,H1 reverse (myth_game): return_proportion -> give_align after the game,-0.6099827617494156,-3.0334203720090898,1.8134548485102584,0.5461460009997877,,6.0,54,underpowered,per unit of predictor; raw sd shown is the after-measure's; per SD of measure (raw sd 0.255); contributing runs 6
september,2-agent mixed,Gemini+GPT dyads,mixed,H1 reverse (myth_game): sent_frac -> myth_cos after the game,-0.0994530009721347,-0.3122123245744909,0.1133063226302214,0.2833222663292831,,6.0,54,underpowered,per unit of predictor; raw sd shown is the after-measure's; per SD of measure (raw sd 0.080); contributing runs 4
september,2-agent mixed,Gemini+GPT dyads,mixed,H1 reverse (myth_game): return_proportion -> myth_cos after the game,0.41120195676688,-0.0753614951587223,0.8977654086924822,0.0818907760365853,,6.0,54,underpowered,per unit of predictor; raw sd shown is the after-measure's; per SD of measure (raw sd 0.080); contributing runs 6
september,2-agent mixed,Gemini+GPT dyads,mixed,H1 reverse (game_myth): sent_frac -> same_label after the game,0.1418544567588421,-0.7302952326897358,1.01400414620742,0.6932215231304666,,6.0,59,underpowered,per unit of predictor; raw sd shown is the after-measure's; per SD of measure (raw sd 0.504); contributing runs 6
september,2-agent mixed,Gemini+GPT dyads,mixed,H1 reverse (game_myth): return_proportion -> same_label after the game,0.1166328472503941,-1.469717059410668,1.7029827539114564,0.8575278300111764,,6.0,57,underpowered,per unit of predictor; raw sd shown is the after-measure's; per SD of measure (raw sd 0.503); contributing runs 6
september,2-agent mixed,Gemini+GPT dyads,mixed,H1 reverse (game_myth): sent_frac -> moral_cos after the game,-0.0202343628346119,-0.1322826003686668,0.0918138746994429,0.6620066246440066,,6.0,58,underpowered,per unit of predictor; raw sd shown is the after-measure's; per SD of measure (raw sd 0.087); contributing runs 6
september,2-agent mixed,Gemini+GPT dyads,mixed,H1 reverse (game_myth): return_proportion -> moral_cos after the game,0.253274711070185,-0.1745811156245643,0.6811305377649345,0.1885746363614997,,6.0,56,underpowered,per unit of predictor; raw sd shown is the after-measure's; per SD of measure (raw sd 0.086); contributing runs 6
september,2-agent mixed,Gemini+GPT dyads,mixed,H1 reverse (game_myth): sent_frac -> rule_index after the game,-0.2479412481367884,-0.7711851045115088,0.2753026082379319,0.2775313290608591,,6.0,58,underpowered,per unit of predictor; raw sd shown is the after-measure's; per SD of measure (raw sd 0.291); contributing runs 6
september,2-agent mixed,Gemini+GPT dyads,mixed,H1 reverse (game_myth): return_proportion -> rule_index after the game,0.6347819403156193,-1.4914504742270518,2.7610143548582906,0.4774750327552634,,6.0,56,underpowered,per unit of predictor; raw sd shown is the after-measure's; per SD of measure (raw sd 0.289); contributing runs 6
september,2-agent mixed,Gemini+GPT dyads,mixed,H1 reverse (game_myth): sent_frac -> give_align after the game,-0.0334823532865361,-0.35635954290109,0.2893948363280177,0.8004450583695435,,6.0,59,underpowered,per unit of predictor; raw sd shown is the after-measure's; per SD of measure (raw sd 0.253); contributing runs 6
september,2-agent mixed,Gemini+GPT dyads,mixed,H1 reverse (game_myth): return_proportion -> give_align after the game,0.3928978947947145,-1.5784573318060635,2.3642531213954925,0.6302437507998552,,6.0,57,underpowered,per unit of predictor; raw sd shown is the after-measure's; per SD of measure (raw sd 0.249); contributing runs 6
september,2-agent mixed,Gemini+GPT dyads,mixed,H1 reverse (game_myth): sent_frac -> myth_cos after the game,0.0525115466037101,-0.0385467825172359,0.1435698757246562,0.1983338407703814,,6.0,59,underpowered,per unit of predictor; raw sd shown is the after-measure's; per SD of measure (raw sd 0.096); contributing runs 6
september,2-agent mixed,Gemini+GPT dyads,mixed,H1 reverse (game_myth): return_proportion -> myth_cos after the game,0.0749275076239396,-0.4973162210094074,0.6471712362572867,0.7500985624682568,,6.0,57,underpowered,per unit of predictor; raw sd shown is the after-measure's; per SD of measure (raw sd 0.094); contributing runs 6
september,2-agent mixed,Gemini+GPT dyads,mixed,H1 reverse (both): sent_frac -> same_label after the game,0.113125885215012,-0.5867123450935855,0.8129641155236095,0.7287344579235877,1.0,12.0,113,no detectable effect,per unit of predictor; raw sd shown is the after-measure's; per SD of measure (raw sd 0.502); contributing runs 10
september,2-agent mixed,Gemini+GPT dyads,mixed,H1 reverse (both): return_proportion -> same_label after the game,1.5279981281771584,0.0547202930673744,3.0012759632869423,0.0433275244708456,0.4332752447084564,12.0,111,suggestive,per unit of predictor; raw sd shown is the after-measure's; per SD of measure (raw sd 0.502); contributing runs 12
september,2-agent mixed,Gemini+GPT dyads,mixed,H1 reverse (both): sent_frac -> moral_cos after the game,-0.0161753010318842,-0.0924854313313421,0.0601348292675737,0.6499337601369812,1.0,12.0,112,no detectable effect,per unit of predictor; raw sd shown is the after-measure's; per SD of measure (raw sd 0.081); contributing runs 10
september,2-agent mixed,Gemini+GPT dyads,mixed,H1 reverse (both): return_proportion -> moral_cos after the game,0.1354745939916884,-0.1095101953060997,0.3804593832894767,0.2490238875600352,1.0,12.0,110,no detectable effect,per unit of predictor; raw sd shown is the after-measure's; per SD of measure (raw sd 0.080); contributing runs 12
september,2-agent mixed,Gemini+GPT dyads,mixed,H1 reverse (both): sent_frac -> rule_index after the game,-0.256050980142129,-0.7010318574046486,0.1889298971203906,0.2314986328366906,1.0,12.0,112,no detectable effect,per unit of predictor; raw sd shown is the after-measure's; per SD of measure (raw sd 0.266); contributing runs 10
september,2-agent mixed,Gemini+GPT dyads,mixed,H1 reverse (both): return_proportion -> rule_index after the game,0.3605088889849804,-0.4652450103721292,1.18626278834209,0.3572443203219202,1.0,12.0,110,no detectable effect,per unit of predictor; raw sd shown is the after-measure's; per SD of measure (raw sd 0.264); contributing runs 12
september,2-agent mixed,Gemini+GPT dyads,mixed,H1 reverse (both): sent_frac -> give_align after the game,-0.0738173901455821,-0.3643938800731374,0.2167590997819732,0.5872736964512691,1.0,12.0,113,no detectable effect,per unit of predictor; raw sd shown is the after-measure's; per SD of measure (raw sd 0.253); contributing runs 10
september,2-agent mixed,Gemini+GPT dyads,mixed,H1 reverse (both): return_proportion -> give_align after the game,0.1355821478089329,-0.7270064298307707,0.9981707254486366,0.7359048072833723,1.0,12.0,111,no detectable effect,per unit of predictor; raw sd shown is the after-measure's; per SD of measure (raw sd 0.251); contributing runs 12
september,2-agent mixed,Gemini+GPT dyads,mixed,H1 reverse (both): sent_frac -> myth_cos after the game,0.0069945988058386,-0.0698629866450543,0.0838521842567315,0.8448967561665244,1.0,12.0,113,no detectable effect,per unit of predictor; raw sd shown is the after-measure's; per SD of measure (raw sd 0.088); contributing runs 10
september,2-agent mixed,Gemini+GPT dyads,mixed,H1 reverse (both): return_proportion -> myth_cos after the game,0.039024584684828,-0.3115553270030787,0.3896044963727347,0.8109659310040185,1.0,12.0,111,no detectable effect,per unit of predictor; raw sd shown is the after-measure's; per SD of measure (raw sd 0.087); contributing runs 12
september,2-agent mixed,Sonnet+GPT dyads,mixed,H1 reverse (myth_game): sent_frac -> same_label after the game,0.1578077733297962,-1.0440601425719414,1.3596756892315338,0.7494313023100134,,6.0,54,underpowered,per unit of predictor; raw sd shown is the after-measure's; per SD of measure (raw sd 0.476); contributing runs 6
september,2-agent mixed,Sonnet+GPT dyads,mixed,H1 reverse (myth_game): return_proportion -> same_label after the game,0.1130985073491989,-1.3280189432792142,1.5542159579776125,0.8480720169696473,,6.0,54,underpowered,per unit of predictor; raw sd shown is the after-measure's; per SD of measure (raw sd 0.476); contributing runs 6
september,2-agent mixed,Sonnet+GPT dyads,mixed,H1 reverse (myth_game): sent_frac -> moral_cos after the game,-0.0069956372531494,-0.1862982617984843,0.1723069872921853,0.9240087726680032,,6.0,54,underpowered,per unit of predictor; raw sd shown is the after-measure's; per SD of measure (raw sd 0.099); contributing runs 6
september,2-agent mixed,Sonnet+GPT dyads,mixed,H1 reverse (myth_game): return_proportion -> moral_cos after the game,0.0767219330599482,-0.2928702200816104,0.4463140862015068,0.616467347232386,,6.0,54,underpowered,per unit of predictor; raw sd shown is the after-measure's; per SD of measure (raw sd 0.099); contributing runs 6
september,2-agent mixed,Sonnet+GPT dyads,mixed,H1 reverse (myth_game): sent_frac -> rule_index after the game,0.4890219541505754,0.247434765568723,0.7306091427324278,0.0034572943414187,,6.0,54,underpowered,per unit of predictor; raw sd shown is the after-measure's; per SD of measure (raw sd 0.263); contributing runs 6
september,2-agent mixed,Sonnet+GPT dyads,mixed,H1 reverse (myth_game): return_proportion -> rule_index after the game,0.2881597667475037,-0.3207890238272587,0.8971085573222662,0.2781096629053144,,6.0,54,underpowered,per unit of predictor; raw sd shown is the after-measure's; per SD of measure (raw sd 0.263); contributing runs 6
september,2-agent mixed,Sonnet+GPT dyads,mixed,H1 reverse (myth_game): sent_frac -> give_align after the game,-0.4820276464026314,-0.7795719293028951,-0.1844833635023676,0.0087866029164202,,6.0,54,underpowered,per unit of predictor; raw sd shown is the after-measure's; per SD of measure (raw sd 0.166); contributing runs 6
september,2-agent mixed,Sonnet+GPT dyads,mixed,H1 reverse (myth_game): return_proportion -> give_align after the game,-0.0163511577279264,-0.6737014809893138,0.6409991655334608,0.9514943874618144,,6.0,54,underpowered,per unit of predictor; raw sd shown is the after-measure's; per SD of measure (raw sd 0.166); contributing runs 6
september,2-agent mixed,Sonnet+GPT dyads,mixed,H1 reverse (myth_game): sent_frac -> myth_cos after the game,-0.0025212285080937,-0.2693659146299313,0.2643234576137437,0.9815626837554644,,6.0,54,underpowered,per unit of predictor; raw sd shown is the after-measure's; per SD of measure (raw sd 0.072); contributing runs 6
september,2-agent mixed,Sonnet+GPT dyads,mixed,H1 reverse (myth_game): return_proportion -> myth_cos after the game,0.1330207483894792,-0.0851348187512995,0.3511763155302579,0.1778015127071933,,6.0,54,underpowered,per unit of predictor; raw sd shown is the after-measure's; per SD of measure (raw sd 0.072); contributing runs 6
september,2-agent mixed,Sonnet+GPT dyads,mixed,H1 reverse (game_myth): sent_frac -> same_label after the game,0.2132580742331875,-0.6033766827397943,1.0298928312061697,0.5317961202242731,,6.0,60,underpowered,per unit of predictor; raw sd shown is the after-measure's; per SD of measure (raw sd 0.490); contributing runs 5
september,2-agent mixed,Sonnet+GPT dyads,mixed,H1 reverse (game_myth): return_proportion -> same_label after the game,0.6257330912365964,-2.4636916287631516,3.715157811236344,0.6248386885563242,,6.0,56,underpowered,per unit of predictor; raw sd shown is the after-measure's; per SD of measure (raw sd 0.483); contributing runs 5
september,2-agent mixed,Sonnet+GPT dyads,mixed,H1 reverse (game_myth): sent_frac -> moral_cos after the game,0.0967133158187259,-0.1717240264436283,0.3651506580810801,0.396877690720917,,6.0,58,underpowered,per unit of predictor; raw sd shown is the after-measure's; per SD of measure (raw sd 0.110); contributing runs 6
september,2-agent mixed,Sonnet+GPT dyads,mixed,H1 reverse (game_myth): return_proportion -> moral_cos after the game,0.1366213208434548,0.0136612428803233,0.2595813988065863,0.0355651665436024,,6.0,54,underpowered,per unit of predictor; raw sd shown is the after-measure's; per SD of measure (raw sd 0.110); contributing runs 6
september,2-agent mixed,Sonnet+GPT dyads,mixed,H1 reverse (game_myth): sent_frac -> rule_index after the game,-0.0373575943744552,-0.5553691279983515,0.4806539392494409,0.8602139082251774,,6.0,59,underpowered,per unit of predictor; raw sd shown is the after-measure's; per SD of measure (raw sd 0.258); contributing runs 6
september,2-agent mixed,Sonnet+GPT dyads,mixed,H1 reverse (game_myth): return_proportion -> rule_index after the game,0.3176695986009051,-0.3395068863621381,0.9748460835639484,0.2691176650818984,,6.0,55,underpowered,per unit of predictor; raw sd shown is the after-measure's; per SD of measure (raw sd 0.256); contributing runs 6
september,2-agent mixed,Sonnet+GPT dyads,mixed,H1 reverse (game_myth): sent_frac -> give_align after the game,-0.1604137227762397,-0.4873390266219698,0.1665115810694903,0.2628404504855725,,6.0,60,underpowered,per unit of predictor; raw sd shown is the after-measure's; per SD of measure (raw sd 0.200); contributing runs 6
september,2-agent mixed,Sonnet+GPT dyads,mixed,H1 reverse (game_myth): return_proportion -> give_align after the game,-0.0735487993639753,-0.7709962015776326,0.623898602849682,0.7971656065679553,,6.0,56,underpowered,per unit of predictor; raw sd shown is the after-measure's; per SD of measure (raw sd 0.204); contributing runs 6
september,2-agent mixed,Sonnet+GPT dyads,mixed,H1 reverse (game_myth): sent_frac -> myth_cos after the game,0.1280493866600243,0.0359866847674192,0.2201120885526295,0.0159521884353346,,6.0,60,underpowered,per unit of predictor; raw sd shown is the after-measure's; per SD of measure (raw sd 0.074); contributing runs 6
september,2-agent mixed,Sonnet+GPT dyads,mixed,H1 reverse (game_myth): return_proportion -> myth_cos after the game,-0.1255141404370761,-0.2933131164483795,0.0422848355742271,0.1125235684859955,,6.0,56,underpowered,per unit of predictor; raw sd shown is the after-measure's; per SD of measure (raw sd 0.071); contributing runs 6
september,2-agent mixed,Sonnet+GPT dyads,mixed,H1 reverse (both): sent_frac -> same_label after the game,0.2057722738427443,-0.3130013720644455,0.7245459197499342,0.4013063140325769,1.0,12.0,114,no detectable effect,per unit of predictor; raw sd shown is the after-measure's; per SD of measure (raw sd 0.482); contributing runs 11
september,2-agent mixed,Sonnet+GPT dyads,mixed,H1 reverse (both): return_proportion -> same_label after the game,0.28376825468742,-1.1993414124023138,1.766877921777154,0.6817769613101887,1.0,12.0,110,no detectable effect,per unit of predictor; raw sd shown is the after-measure's; per SD of measure (raw sd 0.478); contributing runs 11
september,2-agent mixed,Sonnet+GPT dyads,mixed,H1 reverse (both): sent_frac -> moral_cos after the game,0.065979655031727,-0.1036252829534481,0.2355845930169021,0.4101368629700216,1.0,12.0,112,no detectable effect,per unit of predictor; raw sd shown is the after-measure's; per SD of measure (raw sd 0.105); contributing runs 12
september,2-agent mixed,Sonnet+GPT dyads,mixed,H1 reverse (both): return_proportion -> moral_cos after the game,0.1443252508552392,0.0251140501174588,0.2635364515930195,0.0220027043207809,0.2200270432078098,12.0,108,suggestive,per unit of predictor; raw sd shown is the after-measure's; per SD of measure (raw sd 0.105); contributing runs 12
september,2-agent mixed,Sonnet+GPT dyads,mixed,H1 reverse (both): sent_frac -> rule_index after the game,0.0831151473387414,-0.238858225820542,0.405088520498025,0.5813329646724745,1.0,12.0,113,no detectable effect,per unit of predictor; raw sd shown is the after-measure's; per SD of measure (raw sd 0.261); contributing runs 12
september,2-agent mixed,Sonnet+GPT dyads,mixed,H1 reverse (both): return_proportion -> rule_index after the game,0.2503157979804455,-0.1037357442457764,0.6043673402066676,0.1479679111294829,1.0,12.0,109,no detectable effect,per unit of predictor; raw sd shown is the after-measure's; per SD of measure (raw sd 0.260); contributing runs 12
september,2-agent mixed,Sonnet+GPT dyads,mixed,H1 reverse (both): sent_frac -> give_align after the game,-0.2501626081097415,-0.5042213169672286,0.0038961007477456,0.0530322044858116,0.4772898403723044,12.0,114,no detectable effect,per unit of predictor; raw sd shown is the after-measure's; per SD of measure (raw sd 0.184); contributing runs 12
september,2-agent mixed,Sonnet+GPT dyads,mixed,H1 reverse (both): return_proportion -> give_align after the game,-0.003545156854848,-0.3184950728638799,0.3114047591541838,0.9806782790670968,1.0,12.0,110,no detectable effect,per unit of predictor; raw sd shown is the after-measure's; per SD of measure (raw sd 0.185); contributing runs 12
september,2-agent mixed,Sonnet+GPT dyads,mixed,H1 reverse (both): sent_frac -> myth_cos after the game,0.0659955764118678,-0.0426023816553992,0.1745935344791348,0.2080408414871935,1.0,12.0,114,no detectable effect,per unit of predictor; raw sd shown is the after-measure's; per SD of measure (raw sd 0.073); contributing runs 12
september,2-agent mixed,Sonnet+GPT dyads,mixed,H1 reverse (both): return_proportion -> myth_cos after the game,-0.0304652908090021,-0.1725152085027728,0.1115846268847685,0.6461217589670053,1.0,12.0,110,no detectable effect,per unit of predictor; raw sd shown is the after-measure's; per SD of measure (raw sd 0.071); contributing runs 12
september,2-agent mixed,Sonnet+Gemini dyads,mixed,H1 reverse (myth_game): sent_frac -> same_label after the game,1.0240985145074073,-2.114040459750492,4.162237488765307,0.4397869729922606,,6.0,54,underpowered,per unit of predictor; raw sd shown is the after-measure's; per SD of measure (raw sd 0.482); contributing runs 5
september,2-agent mixed,Sonnet+Gemini dyads,mixed,H1 reverse (myth_game): return_proportion -> same_label after the game,-0.9112842792716648,-4.863392150293387,3.040823591750057,0.5791519019083784,,6.0,54,underpowered,per unit of predictor; raw sd shown is the after-measure's; per SD of measure (raw sd 0.482); contributing runs 6
september,2-agent mixed,Sonnet+Gemini dyads,mixed,H1 reverse (myth_game): sent_frac -> moral_cos after the game,0.2767557147288914,-0.4233165962100138,0.9768280256677966,0.3561513807061998,,6.0,54,underpowered,per unit of predictor; raw sd shown is the after-measure's; per SD of measure (raw sd 0.084); contributing runs 5
september,2-agent mixed,Sonnet+Gemini dyads,mixed,H1 reverse (myth_game): return_proportion -> moral_cos after the game,0.1860812651459483,-0.3921726020476557,0.7643351323395524,0.4457876491364752,,6.0,54,underpowered,per unit of predictor; raw sd shown is the after-measure's; per SD of measure (raw sd 0.084); contributing runs 6
september,2-agent mixed,Sonnet+Gemini dyads,mixed,H1 reverse (myth_game): sent_frac -> rule_index after the game,0.640036162289429,-0.4087770540998104,1.6888493786786682,0.1775097989168507,,6.0,54,underpowered,per unit of predictor; raw sd shown is the after-measure's; per SD of measure (raw sd 0.149); contributing runs 4
september,2-agent mixed,Sonnet+Gemini dyads,mixed,H1 reverse (myth_game): return_proportion -> rule_index after the game,0.205988950800199,-0.2110582116729592,0.6230361132733573,0.2600857892936746,,6.0,54,underpowered,per unit of predictor; raw sd shown is the after-measure's; per SD of measure (raw sd 0.149); contributing runs 4
september,2-agent mixed,Sonnet+Gemini dyads,mixed,H1 reverse (myth_game): sent_frac -> give_align after the game,0.3796221643272034,0.0781956473185854,0.6810486813358214,0.0230146707737184,,6.0,54,underpowered,per unit of predictor; raw sd shown is the after-measure's; per SD of measure (raw sd 0.057); contributing runs 4
september,2-agent mixed,Sonnet+Gemini dyads,mixed,H1 reverse (myth_game): return_proportion -> give_align after the game,0.1347716261557138,-0.1416877132737442,0.4112309655851719,0.2655646600070836,,6.0,54,underpowered,per unit of predictor; raw sd shown is the after-measure's; per SD of measure (raw sd 0.057); contributing runs 4
september,2-agent mixed,Sonnet+Gemini dyads,mixed,H1 reverse (myth_game): sent_frac -> myth_cos after the game,-0.1505597380699795,-0.7343622291025207,0.4332427529625616,0.5367035819950432,,6.0,54,underpowered,per unit of predictor; raw sd shown is the after-measure's; per SD of measure (raw sd 0.117); contributing runs 5
september,2-agent mixed,Sonnet+Gemini dyads,mixed,H1 reverse (myth_game): return_proportion -> myth_cos after the game,0.130022069520201,-0.1933249923784057,0.4533691314188078,0.3486746488184964,,6.0,54,underpowered,per unit of predictor; raw sd shown is the after-measure's; per SD of measure (raw sd 0.117); contributing runs 6
september,2-agent mixed,Sonnet+Gemini dyads,mixed,H1 reverse (game_myth): sent_frac -> same_label after the game,1.947925869035776,0.2795134840240985,3.616338254047453,0.0300564612540267,,6.0,60,underpowered,per unit of predictor; raw sd shown is the after-measure's; per SD of measure (raw sd 0.504); contributing runs 6
september,2-agent mixed,Sonnet+Gemini dyads,mixed,H1 reverse (game_myth): return_proportion -> same_label after the game,1.262885567930268,0.4927072334357911,2.033063902424745,0.0083673954791013,,6.0,60,underpowered,per unit of predictor; raw sd shown is the after-measure's; per SD of measure (raw sd 0.504); contributing runs 6
september,2-agent mixed,Sonnet+Gemini dyads,mixed,H1 reverse (game_myth): sent_frac -> moral_cos after the game,-0.1891278975956793,-0.4186242737692413,0.0403684785778826,0.0876814398532463,,6.0,60,underpowered,per unit of predictor; raw sd shown is the after-measure's; per SD of measure (raw sd 0.096); contributing runs 6
september,2-agent mixed,Sonnet+Gemini dyads,mixed,H1 reverse (game_myth): return_proportion -> moral_cos after the game,0.040270236002887,-0.4505821704569308,0.5311226424627048,0.8412954955758383,,6.0,60,underpowered,per unit of predictor; raw sd shown is the after-measure's; per SD of measure (raw sd 0.096); contributing runs 6
september,2-agent mixed,Sonnet+Gemini dyads,mixed,H1 reverse (game_myth): sent_frac -> rule_index after the game,0.0156723977033562,-1.4342600364108773,1.4656048318175896,0.9789080897172712,,6.0,60,underpowered,per unit of predictor; raw sd shown is the after-measure's; per SD of measure (raw sd 0.221); contributing runs 6
september,2-agent mixed,Sonnet+Gemini dyads,mixed,H1 reverse (game_myth): return_proportion -> rule_index after the game,-0.0062876244827795,-0.8786947914230718,0.8661195424575125,0.9859352231176292,,6.0,60,underpowered,per unit of predictor; raw sd shown is the after-measure's; per SD of measure (raw sd 0.221); contributing runs 6
september,2-agent mixed,Sonnet+Gemini dyads,mixed,H1 reverse (game_myth): sent_frac -> give_align after the game,0.5307197073938678,0.3593095010636268,0.7021299137241087,0.0005049137793801,,6.0,60,underpowered,per unit of predictor; raw sd shown is the after-measure's; per SD of measure (raw sd 0.113); contributing runs 6
september,2-agent mixed,Sonnet+Gemini dyads,mixed,H1 reverse (game_myth): return_proportion -> give_align after the game,0.2612156140073429,-0.2757374094038345,0.7981686374185204,0.2664381537880921,,6.0,60,underpowered,per unit of predictor; raw sd shown is the after-measure's; per SD of measure (raw sd 0.113); contributing runs 6
september,2-agent mixed,Sonnet+Gemini dyads,mixed,H1 reverse (game_myth): sent_frac -> myth_cos after the game,0.0031881742697681,-0.3768180193243581,0.3831943678638944,0.983627829166054,,6.0,60,underpowered,per unit of predictor; raw sd shown is the after-measure's; per SD of measure (raw sd 0.100); contributing runs 6
september,2-agent mixed,Sonnet+Gemini dyads,mixed,H1 reverse (game_myth): return_proportion -> myth_cos after the game,-0.0278781456441572,-0.5846537297611814,0.5288974384728669,0.9026034956037956,,6.0,60,underpowered,per unit of predictor; raw sd shown is the after-measure's; per SD of measure (raw sd 0.100); contributing runs 6
september,2-agent mixed,Sonnet+Gemini dyads,mixed,H1 reverse (both): sent_frac -> same_label after the game,1.70534503129019,0.4872250864066969,2.9234649761736833,0.0104463284243828,0.0940169558194459,12.0,114,suggestive,per unit of predictor; raw sd shown is the after-measure's; per SD of measure (raw sd 0.497); contributing runs 11
september,2-agent mixed,Sonnet+Gemini dyads,mixed,H1 reverse (both): return_proportion -> same_label after the game,0.4021740356823595,-1.766093904546261,2.57044197591098,0.6909296981658448,1.0,12.0,114,no detectable effect,per unit of predictor; raw sd shown is the after-measure's; per SD of measure (raw sd 0.497); contributing runs 12
september,2-agent mixed,Sonnet+Gemini dyads,mixed,H1 reverse (both): sent_frac -> moral_cos after the game,-0.066010852513384,-0.3062001309374014,0.1741784259106333,0.5575218071727146,1.0,12.0,114,no detectable effect,per unit of predictor; raw sd shown is the after-measure's; per SD of measure (raw sd 0.093); contributing runs 11
september,2-agent mixed,Sonnet+Gemini dyads,mixed,H1 reverse (both): return_proportion -> moral_cos after the game,0.1234476600409735,-0.1809982148254228,0.4278935349073699,0.3912509008682545,1.0,12.0,114,no detectable effect,per unit of predictor; raw sd shown is the after-measure's; per SD of measure (raw sd 0.093); contributing runs 12
september,2-agent mixed,Sonnet+Gemini dyads,mixed,H1 reverse (both): sent_frac -> rule_index after the game,0.1953215618490243,-0.7459621654652862,1.1366052891633347,0.6567614220636855,1.0,12.0,114,no detectable effect,per unit of predictor; raw sd shown is the after-measure's; per SD of measure (raw sd 0.199); contributing runs 10
september,2-agent mixed,Sonnet+Gemini dyads,mixed,H1 reverse (both): return_proportion -> rule_index after the game,0.083773352339185,-0.4999065604961995,0.6674532651745696,0.7579921184292288,1.0,12.0,114,no detectable effect,per unit of predictor; raw sd shown is the after-measure's; per SD of measure (raw sd 0.199); contributing runs 10
september,2-agent mixed,Sonnet+Gemini dyads,mixed,H1 reverse (both): sent_frac -> give_align after the game,0.4870033312916755,0.3416734281342347,0.6323332344491164,1.4023689719437204e-05,0.0001402368971943,12.0,114,yes,per unit of predictor; raw sd shown is the after-measure's; per SD of measure (raw sd 0.094); contributing runs 10
september,2-agent mixed,Sonnet+Gemini dyads,mixed,H1 reverse (both): return_proportion -> give_align after the game,0.1844037784185473,-0.0858453226333558,0.4546528794704505,0.1612896278116024,1.0,12.0,114,no detectable effect,per unit of predictor; raw sd shown is the after-measure's; per SD of measure (raw sd 0.094); contributing runs 10
september,2-agent mixed,Sonnet+Gemini dyads,mixed,H1 reverse (both): sent_frac -> myth_cos after the game,-0.0642324869328496,-0.3244320654145191,0.1959670915488198,0.5977394078245954,1.0,12.0,114,no detectable effect,per unit of predictor; raw sd shown is the after-measure's; per SD of measure (raw sd 0.111); contributing runs 11
september,2-agent mixed,Sonnet+Gemini dyads,mixed,H1 reverse (both): return_proportion -> myth_cos after the game,0.067354971360125,-0.2599750945814787,0.3946850373017288,0.6594244816899478,1.0,12.0,114,no detectable effect,per unit of predictor; raw sd shown is the after-measure's; per SD of measure (raw sd 0.111); contributing runs 12
september,8-agent homogeneous,8 GPT,GPT,H1 reverse (myth_game): sent_frac -> same_label after the game,0.1144003043002434,-0.3217156375839499,0.5505162461844366,0.5067729351160358,,5.0,180,underpowered,per unit of predictor; raw sd shown is the after-measure's; per SD of measure (raw sd 0.464); contributing runs 5
september,8-agent homogeneous,8 GPT,GPT,H1 reverse (myth_game): return_proportion -> same_label after the game,0.5710715612673218,-0.913384362384646,2.0555274849192897,0.3456493972886879,,5.0,117,underpowered,per unit of predictor; raw sd shown is the after-measure's; per SD of measure (raw sd 0.448); contributing runs 5
september,8-agent homogeneous,8 GPT,GPT,H1 reverse (myth_game): sent_frac -> moral_cos after the game,0.0081997995947618,-0.1029434786680407,0.1193430778575644,0.847700280219595,,5.0,179,underpowered,per unit of predictor; raw sd shown is the after-measure's; per SD of measure (raw sd 0.082); contributing runs 5
september,8-agent homogeneous,8 GPT,GPT,H1 reverse (myth_game): return_proportion -> moral_cos after the game,0.0925584444122587,-0.3334073275274765,0.5185242163519939,0.578850543474625,,5.0,116,underpowered,per unit of predictor; raw sd shown is the after-measure's; per SD of measure (raw sd 0.085); contributing runs 5
september,8-agent homogeneous,8 GPT,GPT,H1 reverse (myth_game): sent_frac -> rule_index after the game,0.081078452735596,-0.037984581710584,0.200141487181776,0.1316474366061118,,5.0,178,underpowered,per unit of predictor; raw sd shown is the after-measure's; per SD of measure (raw sd 0.243); contributing runs 5
september,8-agent homogeneous,8 GPT,GPT,H1 reverse (myth_game): return_proportion -> rule_index after the game,-0.0906854822707179,-1.3330390361050568,1.151668071563621,0.8492870282230769,,5.0,115,underpowered,per unit of predictor; raw sd shown is the after-measure's; per SD of measure (raw sd 0.251); contributing runs 5
september,8-agent homogeneous,8 GPT,GPT,H1 reverse (myth_game): sent_frac -> give_align after the game,0.0005809459769899,-0.0929061456003858,0.0940680375543658,0.9870607971255748,,5.0,180,underpowered,per unit of predictor; raw sd shown is the after-measure's; per SD of measure (raw sd 0.137); contributing runs 5
september,8-agent homogeneous,8 GPT,GPT,H1 reverse (myth_game): return_proportion -> give_align after the game,0.0518068888382485,-0.5533171861585815,0.6569309638350787,0.823791648161404,,5.0,117,underpowered,per unit of predictor; raw sd shown is the after-measure's; per SD of measure (raw sd 0.149); contributing runs 5
september,8-agent homogeneous,8 GPT,GPT,H1 reverse (myth_game): sent_frac -> myth_cos after the game,-0.0108899356661515,-0.0297964920050688,0.0080166206727657,0.1850240769307283,,5.0,180,underpowered,per unit of predictor; raw sd shown is the after-measure's; per SD of measure (raw sd 0.046); contributing runs 5
september,8-agent homogeneous,8 GPT,GPT,H1 reverse (myth_game): return_proportion -> myth_cos after the game,-0.0884547235425104,-0.2446671956822669,0.0677577485972461,0.1910170563201366,,5.0,117,underpowered,per unit of predictor; raw sd shown is the after-measure's; per SD of measure (raw sd 0.047); contributing runs 5
september,8-agent homogeneous,8 GPT,GPT,H1 reverse (game_myth): sent_frac -> same_label after the game,-0.0729925236787718,-0.3588299645504381,0.2128449171928944,0.517459629642442,,5.0,200,underpowered,per unit of predictor; raw sd shown is the after-measure's; per SD of measure (raw sd 0.442); contributing runs 5
september,8-agent homogeneous,8 GPT,GPT,H1 reverse (game_myth): return_proportion -> same_label after the game,0.5003122607991463,-2.249973667256261,3.250598188854554,0.6400664995248451,,5.0,82,underpowered,per unit of predictor; raw sd shown is the after-measure's; per SD of measure (raw sd 0.458); contributing runs 5
september,8-agent homogeneous,8 GPT,GPT,H1 reverse (game_myth): sent_frac -> moral_cos after the game,-0.0211572724438051,-0.0820182540611298,0.0397037091735194,0.3891100073296644,,5.0,199,underpowered,per unit of predictor; raw sd shown is the after-measure's; per SD of measure (raw sd 0.094); contributing runs 5
september,8-agent homogeneous,8 GPT,GPT,H1 reverse (game_myth): return_proportion -> moral_cos after the game,0.0078120215354395,-0.3578415836941072,0.3734656267649863,0.9555444741980552,,5.0,82,underpowered,per unit of predictor; raw sd shown is the after-measure's; per SD of measure (raw sd 0.082); contributing runs 5
september,8-agent homogeneous,8 GPT,GPT,H1 reverse (game_myth): sent_frac -> rule_index after the game,-0.0134624063577838,-0.2114254421423163,0.1845006294267487,0.8594336012425706,,5.0,200,underpowered,per unit of predictor; raw sd shown is the after-measure's; per SD of measure (raw sd 0.263); contributing runs 5
september,8-agent homogeneous,8 GPT,GPT,H1 reverse (game_myth): return_proportion -> rule_index after the game,-0.0012534158271149,-0.6234034930257231,0.620896661371493,0.9958048495673144,,5.0,82,underpowered,per unit of predictor; raw sd shown is the after-measure's; per SD of measure (raw sd 0.258); contributing runs 5
september,8-agent homogeneous,8 GPT,GPT,H1 reverse (game_myth): sent_frac -> give_align after the game,-0.0363995042356295,-0.1872634045183439,0.1144643960470849,0.5396180813886978,,5.0,200,underpowered,per unit of predictor; raw sd shown is the after-measure's; per SD of measure (raw sd 0.170); contributing runs 5
september,8-agent homogeneous,8 GPT,GPT,H1 reverse (game_myth): return_proportion -> give_align after the game,-0.237229939026238,-0.9556450804475564,0.4811852023950804,0.411113362346905,,5.0,82,underpowered,per unit of predictor; raw sd shown is the after-measure's; per SD of measure (raw sd 0.172); contributing runs 5
september,8-agent homogeneous,8 GPT,GPT,H1 reverse (game_myth): sent_frac -> myth_cos after the game,0.0113293076172127,-0.0102004195963388,0.0328590348307644,0.2178086623548971,,5.0,200,underpowered,per unit of predictor; raw sd shown is the after-measure's; per SD of measure (raw sd 0.048); contributing runs 5
september,8-agent homogeneous,8 GPT,GPT,H1 reverse (game_myth): return_proportion -> myth_cos after the game,0.0038469206638045,-0.117917118954557,0.1256109602821661,0.9343175683376764,,5.0,82,underpowered,per unit of predictor; raw sd shown is the after-measure's; per SD of measure (raw sd 0.044); contributing runs 5
september,8-agent homogeneous,8 GPT,GPT,H1 reverse (both): sent_frac -> same_label after the game,0.0221646743914895,-0.2093682137413796,0.2536975625243586,0.8333829387729131,1.0,10.0,380,no detectable effect,per unit of predictor; raw sd shown is the after-measure's; per SD of measure (raw sd 0.453); contributing runs 10
september,8-agent homogeneous,8 GPT,GPT,H1 reverse (both): return_proportion -> same_label after the game,0.5519102153471428,-0.5601575781687761,1.6639780088630616,0.2906251616889824,1.0,10.0,199,no detectable effect,per unit of predictor; raw sd shown is the after-measure's; per SD of measure (raw sd 0.451); contributing runs 10
september,8-agent homogeneous,8 GPT,GPT,H1 reverse (both): sent_frac -> moral_cos after the game,-0.0052870782341727,-0.0564897627604736,0.0459156062921281,0.8205332557146899,1.0,10.0,378,no detectable effect,per unit of predictor; raw sd shown is the after-measure's; per SD of measure (raw sd 0.089); contributing runs 10
september,8-agent homogeneous,8 GPT,GPT,H1 reverse (both): return_proportion -> moral_cos after the game,0.0494131317691863,-0.1708661777346661,0.2696924412730388,0.6240413958904627,1.0,10.0,198,no detectable effect,per unit of predictor; raw sd shown is the after-measure's; per SD of measure (raw sd 0.084); contributing runs 10
september,8-agent homogeneous,8 GPT,GPT,H1 reverse (both): sent_frac -> rule_index after the game,0.0319185284379704,-0.0642582544135752,0.128095311289516,0.471974670774015,1.0,10.0,378,no detectable effect,per unit of predictor; raw sd shown is the after-measure's; per SD of measure (raw sd 0.255); contributing runs 10
september,8-agent homogeneous,8 GPT,GPT,H1 reverse (both): return_proportion -> rule_index after the game,-0.0654765797935659,-0.6463344247185826,0.5153812651314508,0.8044551562756994,1.0,10.0,197,no detectable effect,per unit of predictor; raw sd shown is the after-measure's; per SD of measure (raw sd 0.256); contributing runs 10
september,8-agent homogeneous,8 GPT,GPT,H1 reverse (both): sent_frac -> give_align after the game,-0.0243536429067366,-0.098924768440209,0.0502174826267358,0.4788623915949275,1.0,10.0,380,no detectable effect,per unit of predictor; raw sd shown is the after-measure's; per SD of measure (raw sd 0.157); contributing runs 10
september,8-agent homogeneous,8 GPT,GPT,H1 reverse (both): return_proportion -> give_align after the game,-0.0488563390389335,-0.3921094599437829,0.2943967818659158,0.7548205482783965,1.0,10.0,199,no detectable effect,per unit of predictor; raw sd shown is the after-measure's; per SD of measure (raw sd 0.160); contributing runs 10
september,8-agent homogeneous,8 GPT,GPT,H1 reverse (both): sent_frac -> myth_cos after the game,-0.0006156711052497,-0.0157225858020573,0.0144912435915578,0.9285645775487192,1.0,10.0,380,no detectable effect,per unit of predictor; raw sd shown is the after-measure's; per SD of measure (raw sd 0.047); contributing runs 10
september,8-agent homogeneous,8 GPT,GPT,H1 reverse (both): return_proportion -> myth_cos after the game,-0.0429379509008503,-0.128636001689695,0.0427600998879943,0.2863242463272072,1.0,10.0,199,no detectable effect,per unit of predictor; raw sd shown is the after-measure's; per SD of measure (raw sd 0.046); contributing runs 10
september,8-agent homogeneous,8 Gemini,Gemini,H1 reverse (myth_game): sent_frac -> same_label after the game,,,,,,5.0,180,not estimable: ceiling,per unit of predictor; raw sd shown is the after-measure's; per SD of measure (raw sd 0.500); contributing runs 0; not estimable: ceiling (sent_frac locked within cells)
september,8-agent homogeneous,8 Gemini,Gemini,H1 reverse (myth_game): return_proportion -> same_label after the game,-0.7967881737315706,-4.9613535050850235,3.367777157621882,0.6234042819336068,,5.0,180,underpowered,per unit of predictor; raw sd shown is the after-measure's; per SD of measure (raw sd 0.500); contributing runs 5
september,8-agent homogeneous,8 Gemini,Gemini,H1 reverse (myth_game): sent_frac -> moral_cos after the game,,,,,,5.0,179,not estimable: ceiling,per unit of predictor; raw sd shown is the after-measure's; per SD of measure (raw sd 0.090); contributing runs 0; not estimable: ceiling (sent_frac locked within cells)
september,8-agent homogeneous,8 Gemini,Gemini,H1 reverse (myth_game): return_proportion -> moral_cos after the game,0.1108905748390339,-1.1467044787416594,1.368485628419727,0.8186438926033599,,5.0,179,underpowered,per unit of predictor; raw sd shown is the after-measure's; per SD of measure (raw sd 0.090); contributing runs 5
september,8-agent homogeneous,8 Gemini,Gemini,H1 reverse (myth_game): sent_frac -> rule_index after the game,,,,,,5.0,180,not estimable: ceiling,per unit of predictor; raw sd shown is the after-measure's; per SD of measure (raw sd 0.048); contributing runs 0; not estimable: ceiling (sent_frac locked within cells)
september,8-agent homogeneous,8 Gemini,Gemini,H1 reverse (myth_game): return_proportion -> rule_index after the game,-0.0413748914585112,-0.4842831134793501,0.4015333305623277,0.8081547760287306,,5.0,180,underpowered,per unit of predictor; raw sd shown is the after-measure's; per SD of measure (raw sd 0.048); contributing runs 4
september,8-agent homogeneous,8 Gemini,Gemini,H1 reverse (myth_game): sent_frac -> give_align after the game,,,,,,5.0,180,not estimable: ceiling,per unit of predictor; raw sd shown is the after-measure's; per SD of measure (raw sd 0.000); contributing runs 0; not estimable: ceiling (sent_frac locked within cells)
september,8-agent homogeneous,8 Gemini,Gemini,H1 reverse (myth_game): return_proportion -> give_align after the game,0.0,0.0,0.0,,,5.0,180,not estimable: ceiling,per unit of predictor; raw sd shown is the after-measure's; per SD of measure (raw sd 0.000); contributing runs 0
september,8-agent homogeneous,8 Gemini,Gemini,H1 reverse (myth_game): sent_frac -> myth_cos after the game,,,,,,5.0,180,not estimable: ceiling,per unit of predictor; raw sd shown is the after-measure's; per SD of measure (raw sd 0.081); contributing runs 0; not estimable: ceiling (sent_frac locked within cells)
september,8-agent homogeneous,8 Gemini,Gemini,H1 reverse (myth_game): return_proportion -> myth_cos after the game,-0.05208362514109,-0.647201022216174,0.543033771933994,0.8199653399924486,,5.0,180,underpowered,per unit of predictor; raw sd shown is the after-measure's; per SD of measure (raw sd 0.081); contributing runs 5
september,8-agent homogeneous,8 Gemini,Gemini,H1 reverse (game_myth): sent_frac -> same_label after the game,,,,,,5.0,200,not estimable: ceiling,per unit of predictor; raw sd shown is the after-measure's; per SD of measure (raw sd 0.501); contributing runs 0; not estimable: ceiling (sent_frac locked within cells)
september,8-agent homogeneous,8 Gemini,Gemini,H1 reverse (game_myth): return_proportion -> same_label after the game,-1.6477731940445937,-5.406761004557023,2.1112146164678354,0.2904716257287569,,5.0,200,underpowered,per unit of predictor; raw sd shown is the after-measure's; per SD of measure (raw sd 0.501); contributing runs 5
september,8-agent homogeneous,8 Gemini,Gemini,H1 reverse (game_myth): sent_frac -> moral_cos after the game,,,,,,5.0,197,not estimable: ceiling,per unit of predictor; raw sd shown is the after-measure's; per SD of measure (raw sd 0.086); contributing runs 0; not estimable: ceiling (sent_frac locked within cells)
september,8-agent homogeneous,8 Gemini,Gemini,H1 reverse (game_myth): return_proportion -> moral_cos after the game,-0.2683614573230764,-0.8436560430679971,0.3069331284218443,0.2649640296251723,,5.0,197,underpowered,per unit of predictor; raw sd shown is the after-measure's; per SD of measure (raw sd 0.086); contributing runs 5
september,8-agent homogeneous,8 Gemini,Gemini,H1 reverse (game_myth): sent_frac -> rule_index after the game,,,,,,5.0,200,not estimable: ceiling,per unit of predictor; raw sd shown is the after-measure's; per SD of measure (raw sd 0.126); contributing runs 0; not estimable: ceiling (sent_frac locked within cells)
september,8-agent homogeneous,8 Gemini,Gemini,H1 reverse (game_myth): return_proportion -> rule_index after the game,0.0686832601444189,-0.4313712742952079,0.5687377945840458,0.7223352342011841,,5.0,200,underpowered,per unit of predictor; raw sd shown is the after-measure's; per SD of measure (raw sd 0.126); contributing runs 5
september,8-agent homogeneous,8 Gemini,Gemini,H1 reverse (game_myth): sent_frac -> give_align after the game,,,,,,5.0,200,not estimable: ceiling,per unit of predictor; raw sd shown is the after-measure's; per SD of measure (raw sd 0.035); contributing runs 0; not estimable: ceiling (sent_frac locked within cells)
september,8-agent homogeneous,8 Gemini,Gemini,H1 reverse (game_myth): return_proportion -> give_align after the game,0.1702404044684513,-0.3150084471524049,0.6554892560893076,0.3851810967967684,,5.0,200,underpowered,per unit of predictor; raw sd shown is the after-measure's; per SD of measure (raw sd 0.035); contributing runs 5
september,8-agent homogeneous,8 Gemini,Gemini,H1 reverse (game_myth): sent_frac -> myth_cos after the game,,,,,,5.0,200,not estimable: ceiling,per unit of predictor; raw sd shown is the after-measure's; per SD of measure (raw sd 0.083); contributing runs 0; not estimable: ceiling (sent_frac locked within cells)
september,8-agent homogeneous,8 Gemini,Gemini,H1 reverse (game_myth): return_proportion -> myth_cos after the game,-0.0237900080493645,-0.789311387125874,0.741731371027145,0.9353877563289908,,5.0,200,underpowered,per unit of predictor; raw sd shown is the after-measure's; per SD of measure (raw sd 0.083); contributing runs 5
september,8-agent homogeneous,8 Gemini,Gemini,H1 reverse (both): sent_frac -> same_label after the game,,,,,,10.0,380,not estimable: ceiling,per unit of predictor; raw sd shown is the after-measure's; per SD of measure (raw sd 0.500); contributing runs 0; not estimable: ceiling (sent_frac locked within cells)
september,8-agent homogeneous,8 Gemini,Gemini,H1 reverse (both): return_proportion -> same_label after the game,-1.2630427672451845,-3.40475799636639,0.8786724618760213,0.214951760354311,0.8598070414172441,10.0,380,no detectable effect,per unit of predictor; raw sd shown is the after-measure's; per SD of measure (raw sd 0.500); contributing runs 10
september,8-agent homogeneous,8 Gemini,Gemini,H1 reverse (both): sent_frac -> moral_cos after the game,,,,,,10.0,376,not estimable: ceiling,per unit of predictor; raw sd shown is the after-measure's; per SD of measure (raw sd 0.088); contributing runs 0; not estimable: ceiling (sent_frac locked within cells)
september,8-agent homogeneous,8 Gemini,Gemini,H1 reverse (both): return_proportion -> moral_cos after the game,-0.0994654458362085,-0.6162460168734694,0.4173151252010521,0.6735268392773939,1.0,10.0,376,no detectable effect,per unit of predictor; raw sd shown is the after-measure's; per SD of measure (raw sd 0.088); contributing runs 10
september,8-agent homogeneous,8 Gemini,Gemini,H1 reverse (both): sent_frac -> rule_index after the game,,,,,,10.0,380,not estimable: ceiling,per unit of predictor; raw sd shown is the after-measure's; per SD of measure (raw sd 0.099); contributing runs 0; not estimable: ceiling (sent_frac locked within cells)
september,8-agent homogeneous,8 Gemini,Gemini,H1 reverse (both): return_proportion -> rule_index after the game,0.0190578684789685,-0.2497609981037601,0.2878767350616973,0.876127386654509,1.0,10.0,380,no detectable effect,per unit of predictor; raw sd shown is the after-measure's; per SD of measure (raw sd 0.099); contributing runs 9
september,8-agent homogeneous,8 Gemini,Gemini,H1 reverse (both): sent_frac -> give_align after the game,,,,,,10.0,380,not estimable: ceiling,per unit of predictor; raw sd shown is the after-measure's; per SD of measure (raw sd 0.025); contributing runs 0; not estimable: ceiling (sent_frac locked within cells)
september,8-agent homogeneous,8 Gemini,Gemini,H1 reverse (both): return_proportion -> give_align after the game,0.0926236512713756,-0.1271626196837085,0.3124099222264598,0.365323005580643,,10.0,380,underpowered,per unit of predictor; raw sd shown is the after-measure's; per SD of measure (raw sd 0.025); contributing runs 5
september,8-agent homogeneous,8 Gemini,Gemini,H1 reverse (both): sent_frac -> myth_cos after the game,,,,,,10.0,380,not estimable: ceiling,per unit of predictor; raw sd shown is the after-measure's; per SD of measure (raw sd 0.083); contributing runs 0; not estimable: ceiling (sent_frac locked within cells)
september,8-agent homogeneous,8 Gemini,Gemini,H1 reverse (both): return_proportion -> myth_cos after the game,-0.0447561200090428,-0.4273388689146153,0.3378266288965296,0.7972502581794338,1.0,10.0,380,no detectable effect,per unit of predictor; raw sd shown is the after-measure's; per SD of measure (raw sd 0.083); contributing runs 10
september,8-agent homogeneous,8 Sonnet,Sonnet,H1 reverse (myth_game): sent_frac -> same_label after the game,-0.4089748121555304,-1.3471650818706518,0.5292154575595911,0.2927886756829677,,5.0,180,underpowered,per unit of predictor; raw sd shown is the after-measure's; per SD of measure (raw sd 0.478); contributing runs 5
september,8-agent homogeneous,8 Sonnet,Sonnet,H1 reverse (myth_game): return_proportion -> same_label after the game,-0.570907495504315,-2.810161628299913,1.668346637291283,0.5180941053093434,,5.0,180,underpowered,per unit of predictor; raw sd shown is the after-measure's; per SD of measure (raw sd 0.478); contributing runs 5
september,8-agent homogeneous,8 Sonnet,Sonnet,H1 reverse (myth_game): sent_frac -> moral_cos after the game,0.0630188677991433,-0.1753144193106048,0.3013521549088915,0.5035794397927454,,5.0,179,underpowered,per unit of predictor; raw sd shown is the after-measure's; per SD of measure (raw sd 0.108); contributing runs 5
september,8-agent homogeneous,8 Sonnet,Sonnet,H1 reverse (myth_game): return_proportion -> moral_cos after the game,-0.0481619041697181,-0.5224549233830545,0.4261311150436183,0.7919801984509546,,5.0,179,underpowered,per unit of predictor; raw sd shown is the after-measure's; per SD of measure (raw sd 0.108); contributing runs 5
september,8-agent homogeneous,8 Sonnet,Sonnet,H1 reverse (myth_game): sent_frac -> rule_index after the game,-0.0288685919983476,-0.3697863904548045,0.3120492064581091,0.8256714933190786,,5.0,180,underpowered,per unit of predictor; raw sd shown is the after-measure's; per SD of measure (raw sd 0.217); contributing runs 5
september,8-agent homogeneous,8 Sonnet,Sonnet,H1 reverse (myth_game): return_proportion -> rule_index after the game,0.3630602658927967,-1.0128987543630543,1.7390192861486482,0.5044226616470971,,5.0,180,underpowered,per unit of predictor; raw sd shown is the after-measure's; per SD of measure (raw sd 0.217); contributing runs 5
september,8-agent homogeneous,8 Sonnet,Sonnet,H1 reverse (myth_game): sent_frac -> give_align after the game,-0.1070377428703525,-0.4327356267862442,0.2186601410455391,0.4131491200323393,,5.0,180,underpowered,per unit of predictor; raw sd shown is the after-measure's; per SD of measure (raw sd 0.104); contributing runs 5
september,8-agent homogeneous,8 Sonnet,Sonnet,H1 reverse (myth_game): return_proportion -> give_align after the game,0.2307784188332341,-0.3451870046960891,0.8067438423625574,0.3282853916193768,,5.0,180,underpowered,per unit of predictor; raw sd shown is the after-measure's; per SD of measure (raw sd 0.104); contributing runs 5
september,8-agent homogeneous,8 Sonnet,Sonnet,H1 reverse (myth_game): sent_frac -> myth_cos after the game,-0.0390354344482115,-0.0998457321349837,0.0217748632385606,0.1492906474676507,,5.0,180,underpowered,per unit of predictor; raw sd shown is the after-measure's; per SD of measure (raw sd 0.078); contributing runs 5
september,8-agent homogeneous,8 Sonnet,Sonnet,H1 reverse (myth_game): return_proportion -> myth_cos after the game,0.0524041020124516,-0.109843556475847,0.2146517605007504,0.4205406035676577,,5.0,180,underpowered,per unit of predictor; raw sd shown is the after-measure's; per SD of measure (raw sd 0.078); contributing runs 5
september,8-agent homogeneous,8 Sonnet,Sonnet,H1 reverse (game_myth): sent_frac -> same_label after the game,1.4775183578360014,-3.4235081016198814,6.378544817291885,0.4496756734096721,,5.0,200,underpowered,per unit of predictor; raw sd shown is the after-measure's; per SD of measure (raw sd 0.493); contributing runs 5
september,8-agent homogeneous,8 Sonnet,Sonnet,H1 reverse (game_myth): return_proportion -> same_label after the game,0.7702235430045321,-2.1200564235838706,3.660503509592935,0.5004402104832637,,5.0,200,underpowered,per unit of predictor; raw sd shown is the after-measure's; per SD of measure (raw sd 0.493); contributing runs 5
september,8-agent homogeneous,8 Sonnet,Sonnet,H1 reverse (game_myth): sent_frac -> moral_cos after the game,-0.1301172604539975,-0.9599692131387876,0.6997346922307923,0.6857796855672935,,5.0,197,underpowered,per unit of predictor; raw sd shown is the after-measure's; per SD of measure (raw sd 0.111); contributing runs 5
september,8-agent homogeneous,8 Sonnet,Sonnet,H1 reverse (game_myth): return_proportion -> moral_cos after the game,-0.0836465121060323,-0.7873826062069426,0.6200895819948778,0.75795217613598,,5.0,197,underpowered,per unit of predictor; raw sd shown is the after-measure's; per SD of measure (raw sd 0.111); contributing runs 5
september,8-agent homogeneous,8 Sonnet,Sonnet,H1 reverse (game_myth): sent_frac -> rule_index after the game,-0.1356196256010122,-1.342059417975721,1.0708201667736963,0.7705505201189652,,5.0,199,underpowered,per unit of predictor; raw sd shown is the after-measure's; per SD of measure (raw sd 0.243); contributing runs 5
september,8-agent homogeneous,8 Sonnet,Sonnet,H1 reverse (game_myth): return_proportion -> rule_index after the game,-0.2148638090926271,-1.2754570804950107,0.8457294623097564,0.6038201726990404,,5.0,199,underpowered,per unit of predictor; raw sd shown is the after-measure's; per SD of measure (raw sd 0.243); contributing runs 5
september,8-agent homogeneous,8 Sonnet,Sonnet,H1 reverse (game_myth): sent_frac -> give_align after the game,-0.0444135100593418,-0.7078926117068745,0.6190655915881909,0.8616019891916443,,5.0,200,underpowered,per unit of predictor; raw sd shown is the after-measure's; per SD of measure (raw sd 0.092); contributing runs 5
september,8-agent homogeneous,8 Sonnet,Sonnet,H1 reverse (game_myth): return_proportion -> give_align after the game,-0.0516843719077559,-0.568875563818183,0.4655068200026713,0.7951778639337118,,5.0,200,underpowered,per unit of predictor; raw sd shown is the after-measure's; per SD of measure (raw sd 0.092); contributing runs 5
september,8-agent homogeneous,8 Sonnet,Sonnet,H1 reverse (game_myth): sent_frac -> myth_cos after the game,-0.0038767666777844,-0.2382759662631531,0.2305224329075842,0.9655750616637356,,5.0,200,underpowered,per unit of predictor; raw sd shown is the after-measure's; per SD of measure (raw sd 0.093); contributing runs 5
september,8-agent homogeneous,8 Sonnet,Sonnet,H1 reverse (game_myth): return_proportion -> myth_cos after the game,0.0340897086276137,-0.2789724884917048,0.3471519057469322,0.7774689387843016,,5.0,200,underpowered,per unit of predictor; raw sd shown is the after-measure's; per SD of measure (raw sd 0.093); contributing runs 5
september,8-agent homogeneous,8 Sonnet,Sonnet,H1 reverse (both): sent_frac -> same_label after the game,-0.0596074253463354,-1.008798640075885,0.8895837893832141,0.8901624869223788,1.0,10.0,380,no detectable effect,per unit of predictor; raw sd shown is the after-measure's; per SD of measure (raw sd 0.486); contributing runs 10
september,8-agent homogeneous,8 Sonnet,Sonnet,H1 reverse (both): return_proportion -> same_label after the game,0.0077310959601405,-1.463572366031289,1.4790345579515698,0.990775326335872,1.0,10.0,380,no detectable effect,per unit of predictor; raw sd shown is the after-measure's; per SD of measure (raw sd 0.486); contributing runs 10
september,8-agent homogeneous,8 Sonnet,Sonnet,H1 reverse (both): sent_frac -> moral_cos after the game,0.0398674087116493,-0.1608724091809344,0.2406072266042331,0.6638606706440666,1.0,10.0,376,no detectable effect,per unit of predictor; raw sd shown is the after-measure's; per SD of measure (raw sd 0.112); contributing runs 10
september,8-agent homogeneous,8 Sonnet,Sonnet,H1 reverse (both): return_proportion -> moral_cos after the game,-0.0697732025021361,-0.3961919242200312,0.2566455192157589,0.6402561668902765,1.0,10.0,376,no detectable effect,per unit of predictor; raw sd shown is the after-measure's; per SD of measure (raw sd 0.112); contributing runs 10
september,8-agent homogeneous,8 Sonnet,Sonnet,H1 reverse (both): sent_frac -> rule_index after the game,-0.0480153049175206,-0.3099887180742685,0.2139581082392271,0.6881317135439882,1.0,10.0,379,no detectable effect,per unit of predictor; raw sd shown is the after-measure's; per SD of measure (raw sd 0.231); contributing runs 10
september,8-agent homogeneous,8 Sonnet,Sonnet,H1 reverse (both): return_proportion -> rule_index after the game,0.1210782086903396,-0.6445985021197957,0.8867549195004751,0.7287984308613729,1.0,10.0,379,no detectable effect,per unit of predictor; raw sd shown is the after-measure's; per SD of measure (raw sd 0.231); contributing runs 10
september,8-agent homogeneous,8 Sonnet,Sonnet,H1 reverse (both): sent_frac -> give_align after the game,-0.1003152717054093,-0.3311869051879962,0.1305563617771775,0.3513292788923413,1.0,10.0,380,no detectable effect,per unit of predictor; raw sd shown is the after-measure's; per SD of measure (raw sd 0.098); contributing runs 10
september,8-agent homogeneous,8 Sonnet,Sonnet,H1 reverse (both): return_proportion -> give_align after the game,0.1133113545413571,-0.2327502159364912,0.4593729250192054,0.4777535242272006,1.0,10.0,380,no detectable effect,per unit of predictor; raw sd shown is the after-measure's; per SD of measure (raw sd 0.098); contributing runs 10
september,8-agent homogeneous,8 Sonnet,Sonnet,H1 reverse (both): sent_frac -> myth_cos after the game,-0.0314594433090962,-0.0806660269473971,0.0177471403292045,0.1820108115507564,1.0,10.0,380,no detectable effect,per unit of predictor; raw sd shown is the after-measure's; per SD of measure (raw sd 0.090); contributing runs 10
september,8-agent homogeneous,8 Sonnet,Sonnet,H1 reverse (both): return_proportion -> myth_cos after the game,0.0432200759007167,-0.0828996011328169,0.1693397529342505,0.4580929311488866,1.0,10.0,380,no detectable effect,per unit of predictor; raw sd shown is the after-measure's; per SD of measure (raw sd 0.090); contributing runs 10
september,8-agent mixed,1 GPT + 7 Sonnet,mixed,H1 reverse (myth_game): sent_frac -> same_label after the game,0.1419651728335423,-0.7820403918644502,1.0659707375315348,0.6916442153664927,,5.0,180,underpowered,per unit of predictor; raw sd shown is the after-measure's; per SD of measure (raw sd 0.482); contributing runs 5
september,8-agent mixed,1 GPT + 7 Sonnet,mixed,H1 reverse (myth_game): return_proportion -> same_label after the game,0.1259127710990721,-1.7125807742711705,1.9644063164693144,0.8584515214671489,,5.0,180,underpowered,per unit of predictor; raw sd shown is the after-measure's; per SD of measure (raw sd 0.482); contributing runs 5
september,8-agent mixed,1 GPT + 7 Sonnet,mixed,H1 reverse (myth_game): sent_frac -> moral_cos after the game,0.1917295536969977,-0.0593561589369508,0.4428152663309462,0.1013307635278468,,5.0,179,underpowered,per unit of predictor; raw sd shown is the after-measure's; per SD of measure (raw sd 0.091); contributing runs 5
september,8-agent mixed,1 GPT + 7 Sonnet,mixed,H1 reverse (myth_game): return_proportion -> moral_cos after the game,0.0058135661547039,-0.134879876151252,0.1465070084606599,0.914191415350734,,5.0,179,underpowered,per unit of predictor; raw sd shown is the after-measure's; per SD of measure (raw sd 0.091); contributing runs 5
september,8-agent mixed,1 GPT + 7 Sonnet,mixed,H1 reverse (myth_game): sent_frac -> rule_index after the game,-0.1669780366122053,-0.8303594976676357,0.496403424443225,0.5231455126978161,,5.0,180,underpowered,per unit of predictor; raw sd shown is the after-measure's; per SD of measure (raw sd 0.244); contributing runs 5
september,8-agent mixed,1 GPT + 7 Sonnet,mixed,H1 reverse (myth_game): return_proportion -> rule_index after the game,-0.2279576052179145,-1.6096832238784864,1.1537680134426576,0.6706897426533461,,5.0,180,underpowered,per unit of predictor; raw sd shown is the after-measure's; per SD of measure (raw sd 0.244); contributing runs 5
september,8-agent mixed,1 GPT + 7 Sonnet,mixed,H1 reverse (myth_game): sent_frac -> give_align after the game,-0.191605589529895,-0.4502133171193487,0.0670021380595587,0.1088096883147167,,5.0,180,underpowered,per unit of predictor; raw sd shown is the after-measure's; per SD of measure (raw sd 0.120); contributing runs 5
september,8-agent mixed,1 GPT + 7 Sonnet,mixed,H1 reverse (myth_game): return_proportion -> give_align after the game,0.0035864107467207,-0.6986732853896833,0.7058461068831248,0.9893660540735774,,5.0,180,underpowered,per unit of predictor; raw sd shown is the after-measure's; per SD of measure (raw sd 0.120); contributing runs 5
september,8-agent mixed,1 GPT + 7 Sonnet,mixed,H1 reverse (myth_game): sent_frac -> myth_cos after the game,-0.038712046699711,-0.3021374928803172,0.224713399480895,0.7041571294683434,,5.0,180,underpowered,per unit of predictor; raw sd shown is the after-measure's; per SD of measure (raw sd 0.078); contributing runs 5
september,8-agent mixed,1 GPT + 7 Sonnet,mixed,H1 reverse (myth_game): return_proportion -> myth_cos after the game,0.008672285372605,-0.3925049526310246,0.4098495233762347,0.9550197470759658,,5.0,180,underpowered,per unit of predictor; raw sd shown is the after-measure's; per SD of measure (raw sd 0.078); contributing runs 5
september,8-agent mixed,1 GPT + 7 Sonnet,mixed,H1 reverse (game_myth): sent_frac -> same_label after the game,-0.0467655454080555,-0.6799432644063512,0.5864121735902401,0.8475346511527762,,5.0,200,underpowered,per unit of predictor; raw sd shown is the after-measure's; per SD of measure (raw sd 0.477); contributing runs 5
september,8-agent mixed,1 GPT + 7 Sonnet,mixed,H1 reverse (game_myth): return_proportion -> same_label after the game,-0.1579414615701575,-3.3178367215003233,3.0019537983600086,0.8963339305994262,,5.0,196,underpowered,per unit of predictor; raw sd shown is the after-measure's; per SD of measure (raw sd 0.474); contributing runs 5
september,8-agent mixed,1 GPT + 7 Sonnet,mixed,H1 reverse (game_myth): sent_frac -> moral_cos after the game,0.1436946166052125,-0.0879018970958405,0.3752911303062657,0.1600525206319129,,5.0,197,underpowered,per unit of predictor; raw sd shown is the after-measure's; per SD of measure (raw sd 0.100); contributing runs 5
september,8-agent mixed,1 GPT + 7 Sonnet,mixed,H1 reverse (game_myth): return_proportion -> moral_cos after the game,0.2823266359330382,-0.0455178373744304,0.610171109240507,0.0750890965495489,,5.0,194,underpowered,per unit of predictor; raw sd shown is the after-measure's; per SD of measure (raw sd 0.100); contributing runs 5
september,8-agent mixed,1 GPT + 7 Sonnet,mixed,H1 reverse (game_myth): sent_frac -> rule_index after the game,-0.026872333995779,-0.5636369581091194,0.5098922901175613,0.8961685081938205,,5.0,200,underpowered,per unit of predictor; raw sd shown is the after-measure's; per SD of measure (raw sd 0.262); contributing runs 5
september,8-agent mixed,1 GPT + 7 Sonnet,mixed,H1 reverse (game_myth): return_proportion -> rule_index after the game,0.4106734081925883,-0.731839863492697,1.5531866798778735,0.3747665264962453,,5.0,196,underpowered,per unit of predictor; raw sd shown is the after-measure's; per SD of measure (raw sd 0.263); contributing runs 5
september,8-agent mixed,1 GPT + 7 Sonnet,mixed,H1 reverse (game_myth): sent_frac -> give_align after the game,0.0246378235366674,-0.291511671975491,0.340787319048826,0.8392853488196843,,5.0,200,underpowered,per unit of predictor; raw sd shown is the after-measure's; per SD of measure (raw sd 0.120); contributing runs 5
september,8-agent mixed,1 GPT + 7 Sonnet,mixed,H1 reverse (game_myth): return_proportion -> give_align after the game,0.1085835743292457,-0.4406944899824131,0.6578616386409045,0.612299872253893,,5.0,196,underpowered,per unit of predictor; raw sd shown is the after-measure's; per SD of measure (raw sd 0.115); contributing runs 5
september,8-agent mixed,1 GPT + 7 Sonnet,mixed,H1 reverse (game_myth): sent_frac -> myth_cos after the game,0.0773454728075964,-0.0396507642135547,0.1943417098287476,0.140330611203589,,5.0,200,underpowered,per unit of predictor; raw sd shown is the after-measure's; per SD of measure (raw sd 0.077); contributing runs 5
september,8-agent mixed,1 GPT + 7 Sonnet,mixed,H1 reverse (game_myth): return_proportion -> myth_cos after the game,0.0727811975307173,-0.1819256971504692,0.327488092211904,0.4719757957259434,,5.0,196,underpowered,per unit of predictor; raw sd shown is the after-measure's; per SD of measure (raw sd 0.077); contributing runs 5
september,8-agent mixed,1 GPT + 7 Sonnet,mixed,H1 reverse (both): sent_frac -> same_label after the game,0.0135529765286906,-0.4101981210465463,0.4373040741039276,0.9439046770421536,1.0,10.0,380,no detectable effect,per unit of predictor; raw sd shown is the after-measure's; per SD of measure (raw sd 0.478); contributing runs 10
september,8-agent mixed,1 GPT + 7 Sonnet,mixed,H1 reverse (both): return_proportion -> same_label after the game,-0.0223016368707723,-1.4200414555597825,1.3754381818182375,0.9719954105576328,1.0,10.0,376,no detectable effect,per unit of predictor; raw sd shown is the after-measure's; per SD of measure (raw sd 0.477); contributing runs 10
september,8-agent mixed,1 GPT + 7 Sonnet,mixed,H1 reverse (both): sent_frac -> moral_cos after the game,0.1546772359596944,0.0169594533066107,0.2923950186127781,0.0316726291866507,0.316726291866507,10.0,376,suggestive,per unit of predictor; raw sd shown is the after-measure's; per SD of measure (raw sd 0.098); contributing runs 10
september,8-agent mixed,1 GPT + 7 Sonnet,mixed,H1 reverse (both): return_proportion -> moral_cos after the game,0.1394165839597962,-0.0380254646250256,0.3168586325446181,0.1092268379060607,0.9830415411545464,10.0,373,no detectable effect,per unit of predictor; raw sd shown is the after-measure's; per SD of measure (raw sd 0.098); contributing runs 10
september,8-agent mixed,1 GPT + 7 Sonnet,mixed,H1 reverse (both): sent_frac -> rule_index after the game,-0.0663205199668609,-0.3865026520577824,0.2538616121240604,0.6505191108704593,1.0,10.0,380,no detectable effect,per unit of predictor; raw sd shown is the after-measure's; per SD of measure (raw sd 0.255); contributing runs 10
september,8-agent mixed,1 GPT + 7 Sonnet,mixed,H1 reverse (both): return_proportion -> rule_index after the game,0.1000392807174308,-0.6905475382666733,0.890626099701535,0.7811673273035212,1.0,10.0,376,no detectable effect,per unit of predictor; raw sd shown is the after-measure's; per SD of measure (raw sd 0.255); contributing runs 10
september,8-agent mixed,1 GPT + 7 Sonnet,mixed,H1 reverse (both): sent_frac -> give_align after the game,-0.0394500410406609,-0.2309187963183388,0.1520187142370169,0.6522238011646513,1.0,10.0,380,no detectable effect,per unit of predictor; raw sd shown is the after-measure's; per SD of measure (raw sd 0.120); contributing runs 10
september,8-agent mixed,1 GPT + 7 Sonnet,mixed,H1 reverse (both): return_proportion -> give_align after the game,0.0676473714958533,-0.2815921391835145,0.4168868821752211,0.6715860375232963,1.0,10.0,376,no detectable effect,per unit of predictor; raw sd shown is the after-measure's; per SD of measure (raw sd 0.117); contributing runs 10
september,8-agent mixed,1 GPT + 7 Sonnet,mixed,H1 reverse (both): sent_frac -> myth_cos after the game,0.0407898385876294,-0.0683833158151394,0.1499629929903983,0.4199009034711007,1.0,10.0,380,no detectable effect,per unit of predictor; raw sd shown is the after-measure's; per SD of measure (raw sd 0.078); contributing runs 10
september,8-agent mixed,1 GPT + 7 Sonnet,mixed,H1 reverse (both): return_proportion -> myth_cos after the game,0.0428387089809491,-0.1341176547464058,0.2197950727083041,0.5972582404744586,1.0,10.0,376,no detectable effect,per unit of predictor; raw sd shown is the after-measure's; per SD of measure (raw sd 0.078); contributing runs 10
september,8-agent mixed,1 Gemini + 7 GPT,mixed,H1 reverse (myth_game): sent_frac -> same_label after the game,-0.0215264150462126,-0.4013587769800656,0.3583059468876403,0.8825917345338472,,5.0,180,underpowered,per unit of predictor; raw sd shown is the after-measure's; per SD of measure (raw sd 0.489); contributing runs 5
september,8-agent mixed,1 Gemini + 7 GPT,mixed,H1 reverse (myth_game): return_proportion -> same_label after the game,0.3997463768179713,-3.0269744826013967,3.826467236237339,0.7622506827941508,,5.0,139,underpowered,per unit of predictor; raw sd shown is the after-measure's; per SD of measure (raw sd 0.497); contributing runs 5
september,8-agent mixed,1 Gemini + 7 GPT,mixed,H1 reverse (myth_game): sent_frac -> moral_cos after the game,0.0067276808916669,-0.0193397445631253,0.0327951063464593,0.513253169229371,,5.0,177,underpowered,per unit of predictor; raw sd shown is the after-measure's; per SD of measure (raw sd 0.084); contributing runs 5
september,8-agent mixed,1 Gemini + 7 GPT,mixed,H1 reverse (myth_game): return_proportion -> moral_cos after the game,-0.047389897591389,-0.2417712064959613,0.1469914113131833,0.5355983825225693,,5.0,136,underpowered,per unit of predictor; raw sd shown is the after-measure's; per SD of measure (raw sd 0.082); contributing runs 5
september,8-agent mixed,1 Gemini + 7 GPT,mixed,H1 reverse (myth_game): sent_frac -> rule_index after the game,0.0176774545864848,-0.144514854427642,0.1798697636006118,0.7772730587002291,,5.0,177,underpowered,per unit of predictor; raw sd shown is the after-measure's; per SD of measure (raw sd 0.283); contributing runs 5
september,8-agent mixed,1 Gemini + 7 GPT,mixed,H1 reverse (myth_game): return_proportion -> rule_index after the game,-0.1792085264067189,-1.5121742781003036,1.1537572252868658,0.7278838537562173,,5.0,136,underpowered,per unit of predictor; raw sd shown is the after-measure's; per SD of measure (raw sd 0.281); contributing runs 5
september,8-agent mixed,1 Gemini + 7 GPT,mixed,H1 reverse (myth_game): sent_frac -> give_align after the game,0.013795394159842,-0.0257581764498347,0.0533489647695187,0.3876999229353356,,5.0,180,underpowered,per unit of predictor; raw sd shown is the after-measure's; per SD of measure (raw sd 0.239); contributing runs 5
september,8-agent mixed,1 Gemini + 7 GPT,mixed,H1 reverse (myth_game): return_proportion -> give_align after the game,-0.1649467817873932,-1.1441383826634148,0.8142448190886284,0.6643447700359428,,5.0,139,underpowered,per unit of predictor; raw sd shown is the after-measure's; per SD of measure (raw sd 0.248); contributing runs 5
september,8-agent mixed,1 Gemini + 7 GPT,mixed,H1 reverse (myth_game): sent_frac -> myth_cos after the game,-0.0126733844871346,-0.0344539936026103,0.0091072246283411,0.1815020412093599,,5.0,180,underpowered,per unit of predictor; raw sd shown is the after-measure's; per SD of measure (raw sd 0.079); contributing runs 5
september,8-agent mixed,1 Gemini + 7 GPT,mixed,H1 reverse (myth_game): return_proportion -> myth_cos after the game,-0.0257926657226493,-0.1935569158659924,0.1419715844206936,0.6914532938678566,,5.0,139,underpowered,per unit of predictor; raw sd shown is the after-measure's; per SD of measure (raw sd 0.081); contributing runs 5
september,8-agent mixed,1 Gemini + 7 GPT,mixed,H1 reverse (game_myth): sent_frac -> same_label after the game,0.2199673045936451,0.01066392849508,0.4292706806922102,0.0433341606975495,,5.0,200,underpowered,per unit of predictor; raw sd shown is the after-measure's; per SD of measure (raw sd 0.496); contributing runs 5
september,8-agent mixed,1 Gemini + 7 GPT,mixed,H1 reverse (game_myth): return_proportion -> same_label after the game,1.0154753805019288,-1.5067766435231664,3.5377274045270237,0.3262473905383873,,5.0,119,underpowered,per unit of predictor; raw sd shown is the after-measure's; per SD of measure (raw sd 0.498); contributing runs 5
september,8-agent mixed,1 Gemini + 7 GPT,mixed,H1 reverse (game_myth): sent_frac -> moral_cos after the game,0.0397914601764226,-0.0533317127082297,0.1329146330610749,0.3011253741711907,,5.0,195,underpowered,per unit of predictor; raw sd shown is the after-measure's; per SD of measure (raw sd 0.097); contributing runs 5
september,8-agent mixed,1 Gemini + 7 GPT,mixed,H1 reverse (game_myth): return_proportion -> moral_cos after the game,0.1822849417049541,-1.107107317641183,1.4716772010510912,0.7146966965768755,,5.0,116,underpowered,per unit of predictor; raw sd shown is the after-measure's; per SD of measure (raw sd 0.098); contributing runs 5
september,8-agent mixed,1 Gemini + 7 GPT,mixed,H1 reverse (game_myth): sent_frac -> rule_index after the game,0.0337955989210073,-0.2300067284826735,0.2975979263246882,0.7400385236546811,,5.0,198,underpowered,per unit of predictor; raw sd shown is the after-measure's; per SD of measure (raw sd 0.258); contributing runs 5
september,8-agent mixed,1 Gemini + 7 GPT,mixed,H1 reverse (game_myth): return_proportion -> rule_index after the game,0.0520466689981733,-2.0179408414201436,2.1220341794164908,0.9476959911031642,,5.0,117,underpowered,per unit of predictor; raw sd shown is the after-measure's; per SD of measure (raw sd 0.249); contributing runs 5
september,8-agent mixed,1 Gemini + 7 GPT,mixed,H1 reverse (game_myth): sent_frac -> give_align after the game,-0.0711128603126903,-0.1801386889300726,0.037912968304692,0.1443867565225831,,5.0,200,underpowered,per unit of predictor; raw sd shown is the after-measure's; per SD of measure (raw sd 0.244); contributing runs 5
september,8-agent mixed,1 Gemini + 7 GPT,mixed,H1 reverse (game_myth): return_proportion -> give_align after the game,-0.1636386010315046,-1.914909669060174,1.587632466997165,0.8081078306273802,,5.0,119,underpowered,per unit of predictor; raw sd shown is the after-measure's; per SD of measure (raw sd 0.260); contributing runs 5
september,8-agent mixed,1 Gemini + 7 GPT,mixed,H1 reverse (game_myth): sent_frac -> myth_cos after the game,-0.0026622044460846,-0.0385948036594441,0.0332703947672749,0.8470673946674343,,5.0,200,underpowered,per unit of predictor; raw sd shown is the after-measure's; per SD of measure (raw sd 0.102); contributing runs 5
september,8-agent mixed,1 Gemini + 7 GPT,mixed,H1 reverse (game_myth): return_proportion -> myth_cos after the game,0.0003424435048276,-0.2207211098609632,0.2214059968706185,0.9967743260445876,,5.0,119,underpowered,per unit of predictor; raw sd shown is the after-measure's; per SD of measure (raw sd 0.112); contributing runs 5
september,8-agent mixed,1 Gemini + 7 GPT,mixed,H1 reverse (both): sent_frac -> same_label after the game,0.1229130433748431,-0.0607041264313132,0.3065302131809996,0.1642525276675147,1.0,10.0,380,no detectable effect,per unit of predictor; raw sd shown is the after-measure's; per SD of measure (raw sd 0.492); contributing runs 10
september,8-agent mixed,1 Gemini + 7 GPT,mixed,H1 reverse (both): return_proportion -> same_label after the game,0.6908553330236781,-1.0239225650083097,2.4056332310556656,0.3858526617189843,1.0,10.0,258,no detectable effect,per unit of predictor; raw sd shown is the after-measure's; per SD of measure (raw sd 0.497); contributing runs 10
september,8-agent mixed,1 Gemini + 7 GPT,mixed,H1 reverse (both): sent_frac -> moral_cos after the game,0.0238103601383567,-0.0206477661944212,0.0682684864711347,0.2565375999875107,1.0,10.0,372,no detectable effect,per unit of predictor; raw sd shown is the after-measure's; per SD of measure (raw sd 0.092); contributing runs 10
september,8-agent mixed,1 Gemini + 7 GPT,mixed,H1 reverse (both): return_proportion -> moral_cos after the game,0.0675075502925889,-0.3056125825852333,0.4406276831704112,0.691899057239413,1.0,10.0,252,no detectable effect,per unit of predictor; raw sd shown is the after-measure's; per SD of measure (raw sd 0.090); contributing runs 10
september,8-agent mixed,1 Gemini + 7 GPT,mixed,H1 reverse (both): sent_frac -> rule_index after the game,0.0249649764587064,-0.1006107296237308,0.1505406825411436,0.6635436251881244,1.0,10.0,375,no detectable effect,per unit of predictor; raw sd shown is the after-measure's; per SD of measure (raw sd 0.270); contributing runs 10
september,8-agent mixed,1 Gemini + 7 GPT,mixed,H1 reverse (both): return_proportion -> rule_index after the game,-0.0804012771742433,-0.9387416825856713,0.7779391282371844,0.8369078106533139,1.0,10.0,253,no detectable effect,per unit of predictor; raw sd shown is the after-measure's; per SD of measure (raw sd 0.267); contributing runs 10
september,8-agent mixed,1 Gemini + 7 GPT,mixed,H1 reverse (both): sent_frac -> give_align after the game,-0.0335125324925663,-0.0960454309020752,0.0290203659169425,0.256248889658356,1.0,10.0,380,no detectable effect,per unit of predictor; raw sd shown is the after-measure's; per SD of measure (raw sd 0.241); contributing runs 10
september,8-agent mixed,1 Gemini + 7 GPT,mixed,H1 reverse (both): return_proportion -> give_align after the game,-0.1675417513933809,-0.8958877415549554,0.5608042387681934,0.6153665634424692,1.0,10.0,258,no detectable effect,per unit of predictor; raw sd shown is the after-measure's; per SD of measure (raw sd 0.255); contributing runs 10
september,8-agent mixed,1 Gemini + 7 GPT,mixed,H1 reverse (both): sent_frac -> myth_cos after the game,-0.007046186989974,-0.0247740419455806,0.0106816679656324,0.3920061314961215,1.0,10.0,380,no detectable effect,per unit of predictor; raw sd shown is the after-measure's; per SD of measure (raw sd 0.092); contributing runs 10
september,8-agent mixed,1 Gemini + 7 GPT,mixed,H1 reverse (both): return_proportion -> myth_cos after the game,-0.0181672349417197,-0.1238930816261444,0.087558611742705,0.7065235760552403,1.0,10.0,258,no detectable effect,per unit of predictor; raw sd shown is the after-measure's; per SD of measure (raw sd 0.097); contributing runs 10
september,8-agent mixed,2 GPT + 6 Sonnet,mixed,H1 reverse (myth_game): sent_frac -> same_label after the game,0.4298085527198442,-0.8716910232406179,1.7313081286803065,0.4110769959363624,,5.0,180,underpowered,per unit of predictor; raw sd shown is the after-measure's; per SD of measure (raw sd 0.501); contributing runs 5
september,8-agent mixed,2 GPT + 6 Sonnet,mixed,H1 reverse (myth_game): return_proportion -> same_label after the game,-1.033903876029203,-2.4093819967723764,0.3415742447139704,0.105190755469579,,5.0,179,underpowered,per unit of predictor; raw sd shown is the after-measure's; per SD of measure (raw sd 0.501); contributing runs 5
september,8-agent mixed,2 GPT + 6 Sonnet,mixed,H1 reverse (myth_game): sent_frac -> moral_cos after the game,0.015363177605563,-0.3358876980507799,0.366614053261906,0.9092006348082964,,5.0,180,underpowered,per unit of predictor; raw sd shown is the after-measure's; per SD of measure (raw sd 0.106); contributing runs 5
september,8-agent mixed,2 GPT + 6 Sonnet,mixed,H1 reverse (myth_game): return_proportion -> moral_cos after the game,0.0103858088850843,-0.5297759108736949,0.5505475286438636,0.9599862594522104,,5.0,179,underpowered,per unit of predictor; raw sd shown is the after-measure's; per SD of measure (raw sd 0.106); contributing runs 5
september,8-agent mixed,2 GPT + 6 Sonnet,mixed,H1 reverse (myth_game): sent_frac -> rule_index after the game,-0.1814672117636959,-0.5938084098219167,0.230873986294525,0.2888329893877057,,5.0,180,underpowered,per unit of predictor; raw sd shown is the after-measure's; per SD of measure (raw sd 0.253); contributing runs 5
september,8-agent mixed,2 GPT + 6 Sonnet,mixed,H1 reverse (myth_game): return_proportion -> rule_index after the game,0.102847126638127,-2.252492766761101,2.4581870200373555,0.9093511751109362,,5.0,179,underpowered,per unit of predictor; raw sd shown is the after-measure's; per SD of measure (raw sd 0.254); contributing runs 5
september,8-agent mixed,2 GPT + 6 Sonnet,mixed,H1 reverse (myth_game): sent_frac -> give_align after the game,-0.2240759901034834,-0.6022086890590013,0.1540567088520344,0.1752570902256907,,5.0,180,underpowered,per unit of predictor; raw sd shown is the after-measure's; per SD of measure (raw sd 0.157); contributing runs 5
september,8-agent mixed,2 GPT + 6 Sonnet,mixed,H1 reverse (myth_game): return_proportion -> give_align after the game,0.1648257773614465,-0.3500491450624445,0.6797006997853376,0.424322485436036,,5.0,179,underpowered,per unit of predictor; raw sd shown is the after-measure's; per SD of measure (raw sd 0.157); contributing runs 5
september,8-agent mixed,2 GPT + 6 Sonnet,mixed,H1 reverse (myth_game): sent_frac -> myth_cos after the game,-0.0035630756611686,-0.2230730476241862,0.215946896301849,0.9662139485592336,,5.0,180,underpowered,per unit of predictor; raw sd shown is the after-measure's; per SD of measure (raw sd 0.082); contributing runs 5
september,8-agent mixed,2 GPT + 6 Sonnet,mixed,H1 reverse (myth_game): return_proportion -> myth_cos after the game,-0.1208976429754687,-0.5484028688641203,0.3066075829131828,0.476249105512021,,5.0,179,underpowered,per unit of predictor; raw sd shown is the after-measure's; per SD of measure (raw sd 0.082); contributing runs 5
september,8-agent mixed,2 GPT + 6 Sonnet,mixed,H1 reverse (game_myth): sent_frac -> same_label after the game,-0.0766123820302904,-0.8325612904819026,0.6793365264213218,0.7923740171287089,,5.0,200,underpowered,per unit of predictor; raw sd shown is the after-measure's; per SD of measure (raw sd 0.500); contributing runs 5
september,8-agent mixed,2 GPT + 6 Sonnet,mixed,H1 reverse (game_myth): return_proportion -> same_label after the game,0.5544268753148752,-0.9165468145116747,2.025400565141425,0.3544091224508175,,5.0,193,underpowered,per unit of predictor; raw sd shown is the after-measure's; per SD of measure (raw sd 0.500); contributing runs 5
september,8-agent mixed,2 GPT + 6 Sonnet,mixed,H1 reverse (game_myth): sent_frac -> moral_cos after the game,0.0584332471543615,-0.0588135532423845,0.1756800475511077,0.2386495876429138,,5.0,199,underpowered,per unit of predictor; raw sd shown is the after-measure's; per SD of measure (raw sd 0.095); contributing runs 5
september,8-agent mixed,2 GPT + 6 Sonnet,mixed,H1 reverse (game_myth): return_proportion -> moral_cos after the game,0.1258055572127987,-0.2903245744839344,0.541935688909532,0.4484926115020153,,5.0,192,underpowered,per unit of predictor; raw sd shown is the after-measure's; per SD of measure (raw sd 0.093); contributing runs 5
september,8-agent mixed,2 GPT + 6 Sonnet,mixed,H1 reverse (game_myth): sent_frac -> rule_index after the game,-0.0367113126231431,-0.3860138528830775,0.3125912276367913,0.7849464025938119,,5.0,199,underpowered,per unit of predictor; raw sd shown is the after-measure's; per SD of measure (raw sd 0.243); contributing runs 5
september,8-agent mixed,2 GPT + 6 Sonnet,mixed,H1 reverse (game_myth): return_proportion -> rule_index after the game,-0.3187253429641589,-1.104279967519587,0.4668292815912691,0.322963263682136,,5.0,192,underpowered,per unit of predictor; raw sd shown is the after-measure's; per SD of measure (raw sd 0.244); contributing runs 5
september,8-agent mixed,2 GPT + 6 Sonnet,mixed,H1 reverse (game_myth): sent_frac -> give_align after the game,-0.127069591257067,-0.385715640658815,0.1315764581446809,0.2442672669933672,,5.0,200,underpowered,per unit of predictor; raw sd shown is the after-measure's; per SD of measure (raw sd 0.139); contributing runs 5
september,8-agent mixed,2 GPT + 6 Sonnet,mixed,H1 reverse (game_myth): return_proportion -> give_align after the game,0.0228227795528368,-0.222652516137275,0.2682980752429487,0.809038882704421,,5.0,193,underpowered,per unit of predictor; raw sd shown is the after-measure's; per SD of measure (raw sd 0.132); contributing runs 5
september,8-agent mixed,2 GPT + 6 Sonnet,mixed,H1 reverse (game_myth): sent_frac -> myth_cos after the game,-0.0009995472066129,-0.1045848446957408,0.1025857502825149,0.9799095062042228,,5.0,200,underpowered,per unit of predictor; raw sd shown is the after-measure's; per SD of measure (raw sd 0.088); contributing runs 5
september,8-agent mixed,2 GPT + 6 Sonnet,mixed,H1 reverse (game_myth): return_proportion -> myth_cos after the game,-0.0010756149717986,-0.2916084965484345,0.2894572666048371,0.9922909237345084,,5.0,193,underpowered,per unit of predictor; raw sd shown is the after-measure's; per SD of measure (raw sd 0.088); contributing runs 5
september,8-agent mixed,2 GPT + 6 Sonnet,mixed,H1 reverse (both): sent_frac -> same_label after the game,0.0993075256701263,-0.4735663426756904,0.6721813940159431,0.7040760053374892,1.0,10.0,380,no detectable effect,per unit of predictor; raw sd shown is the after-measure's; per SD of measure (raw sd 0.500); contributing runs 10
september,8-agent mixed,2 GPT + 6 Sonnet,mixed,H1 reverse (both): return_proportion -> same_label after the game,0.1928668001236758,-0.8578102888544241,1.2435438891017756,0.6876827081321419,1.0,10.0,372,no detectable effect,per unit of predictor; raw sd shown is the after-measure's; per SD of measure (raw sd 0.500); contributing runs 10
september,8-agent mixed,2 GPT + 6 Sonnet,mixed,H1 reverse (both): sent_frac -> moral_cos after the game,0.0434245502628154,-0.0719367729894851,0.158785873515116,0.4165585906854789,1.0,10.0,379,no detectable effect,per unit of predictor; raw sd shown is the after-measure's; per SD of measure (raw sd 0.101); contributing runs 10
september,8-agent mixed,2 GPT + 6 Sonnet,mixed,H1 reverse (both): return_proportion -> moral_cos after the game,0.0985552108816491,-0.1718402875455185,0.3689507093088169,0.430951483219739,1.0,10.0,371,no detectable effect,per unit of predictor; raw sd shown is the after-measure's; per SD of measure (raw sd 0.099); contributing runs 10
september,8-agent mixed,2 GPT + 6 Sonnet,mixed,H1 reverse (both): sent_frac -> rule_index after the game,-0.0864591386793647,-0.2994499534970849,0.1265316761383554,0.3824247783448264,1.0,10.0,379,no detectable effect,per unit of predictor; raw sd shown is the after-measure's; per SD of measure (raw sd 0.249); contributing runs 10
september,8-agent mixed,2 GPT + 6 Sonnet,mixed,H1 reverse (both): return_proportion -> rule_index after the game,-0.2290578141677184,-0.8748964965432191,0.4167808682077822,0.4430409960097381,1.0,10.0,371,no detectable effect,per unit of predictor; raw sd shown is the after-measure's; per SD of measure (raw sd 0.249); contributing runs 10
september,8-agent mixed,2 GPT + 6 Sonnet,mixed,H1 reverse (both): sent_frac -> give_align after the game,-0.1624596079869646,-0.3298069625871864,0.004887746613257,0.0556949096260122,0.5569490962601223,10.0,380,no detectable effect,per unit of predictor; raw sd shown is the after-measure's; per SD of measure (raw sd 0.148); contributing runs 10
september,8-agent mixed,2 GPT + 6 Sonnet,mixed,H1 reverse (both): return_proportion -> give_align after the game,0.0516583482271023,-0.1251463855153594,0.2284630819695641,0.5251995877093116,1.0,10.0,372,no detectable effect,per unit of predictor; raw sd shown is the after-measure's; per SD of measure (raw sd 0.146); contributing runs 10
september,8-agent mixed,2 GPT + 6 Sonnet,mixed,H1 reverse (both): sent_frac -> myth_cos after the game,-0.0003992070427714,-0.0814477718900004,0.0806493578044575,0.9913529803006084,1.0,10.0,380,no detectable effect,per unit of predictor; raw sd shown is the after-measure's; per SD of measure (raw sd 0.087); contributing runs 10
september,8-agent mixed,2 GPT + 6 Sonnet,mixed,H1 reverse (both): return_proportion -> myth_cos after the game,-0.0201156767719592,-0.2184770486583307,0.1782456951144122,0.8236837016367573,1.0,10.0,372,no detectable effect,per unit of predictor; raw sd shown is the after-measure's; per SD of measure (raw sd 0.087); contributing runs 10
september,8-agent mixed,2 Gemini + 6 GPT,mixed,H1 reverse (myth_game): sent_frac -> same_label after the game,0.3011333864604198,-0.2313816567139506,0.8336484296347904,0.1914888971584017,,5.0,180,underpowered,per unit of predictor; raw sd shown is the after-measure's; per SD of measure (raw sd 0.493); contributing runs 4
september,8-agent mixed,2 Gemini + 6 GPT,mixed,H1 reverse (myth_game): return_proportion -> same_label after the game,1.3086948953243185,-0.795483097909284,3.4128728885579207,0.1592754334153691,,5.0,165,underpowered,per unit of predictor; raw sd shown is the after-measure's; per SD of measure (raw sd 0.493); contributing runs 5
september,8-agent mixed,2 Gemini + 6 GPT,mixed,H1 reverse (myth_game): sent_frac -> moral_cos after the game,0.0336816650633425,-0.0894777088667742,0.1568410389934592,0.4899571632739621,,5.0,179,underpowered,per unit of predictor; raw sd shown is the after-measure's; per SD of measure (raw sd 0.107); contributing runs 5
september,8-agent mixed,2 Gemini + 6 GPT,mixed,H1 reverse (myth_game): return_proportion -> moral_cos after the game,0.1345874922849632,-0.054475756951385,0.3236507415213117,0.1192847284999637,,5.0,164,underpowered,per unit of predictor; raw sd shown is the after-measure's; per SD of measure (raw sd 0.103); contributing runs 5
september,8-agent mixed,2 Gemini + 6 GPT,mixed,H1 reverse (myth_game): sent_frac -> rule_index after the game,0.1743134288295228,-0.0835486312049869,0.4321754888640325,0.1337653957314127,,5.0,179,underpowered,per unit of predictor; raw sd shown is the after-measure's; per SD of measure (raw sd 0.242); contributing runs 5
september,8-agent mixed,2 Gemini + 6 GPT,mixed,H1 reverse (myth_game): return_proportion -> rule_index after the game,0.5700912010203492,-0.4950737607327935,1.6352561627734918,0.211471604145671,,5.0,164,underpowered,per unit of predictor; raw sd shown is the after-measure's; per SD of measure (raw sd 0.240); contributing runs 5
september,8-agent mixed,2 Gemini + 6 GPT,mixed,H1 reverse (myth_game): sent_frac -> give_align after the game,0.038127200418991,-0.0373938974557408,0.1136482982937229,0.2336300422910527,,5.0,180,underpowered,per unit of predictor; raw sd shown is the after-measure's; per SD of measure (raw sd 0.258); contributing runs 5
september,8-agent mixed,2 Gemini + 6 GPT,mixed,H1 reverse (myth_game): return_proportion -> give_align after the game,0.0062097631354996,-0.6058426818382632,0.6182622081092626,0.978876544395716,,5.0,165,underpowered,per unit of predictor; raw sd shown is the after-measure's; per SD of measure (raw sd 0.261); contributing runs 5
september,8-agent mixed,2 Gemini + 6 GPT,mixed,H1 reverse (myth_game): sent_frac -> myth_cos after the game,-0.0176041157688179,-0.0599377086119807,0.0247294770743448,0.3125497265751233,,5.0,180,underpowered,per unit of predictor; raw sd shown is the after-measure's; per SD of measure (raw sd 0.119); contributing runs 5
september,8-agent mixed,2 Gemini + 6 GPT,mixed,H1 reverse (myth_game): return_proportion -> myth_cos after the game,-0.0155421108959462,-0.2472368930133319,0.2161526712214394,0.8613171286623441,,5.0,165,underpowered,per unit of predictor; raw sd shown is the after-measure's; per SD of measure (raw sd 0.120); contributing runs 5
september,8-agent mixed,2 Gemini + 6 GPT,mixed,H1 reverse (game_myth): sent_frac -> same_label after the game,-0.316124851429606,-0.7475643016850331,0.115314598825821,0.1116573900681006,,5.0,200,underpowered,per unit of predictor; raw sd shown is the after-measure's; per SD of measure (raw sd 0.501); contributing runs 5
september,8-agent mixed,2 Gemini + 6 GPT,mixed,H1 reverse (game_myth): return_proportion -> same_label after the game,-0.1687137806414908,-2.139112184909413,1.8016846236264308,0.8237704700121986,,5.0,148,underpowered,per unit of predictor; raw sd shown is the after-measure's; per SD of measure (raw sd 0.499); contributing runs 5
september,8-agent mixed,2 Gemini + 6 GPT,mixed,H1 reverse (game_myth): sent_frac -> moral_cos after the game,-0.0028592919157802,-0.0633466100092626,0.0576280261777022,0.9019177886971946,,5.0,197,underpowered,per unit of predictor; raw sd shown is the after-measure's; per SD of measure (raw sd 0.094); contributing runs 5
september,8-agent mixed,2 Gemini + 6 GPT,mixed,H1 reverse (game_myth): return_proportion -> moral_cos after the game,0.0029777881696386,-0.4433586917839937,0.449314268123271,0.9861084493106952,,5.0,145,underpowered,per unit of predictor; raw sd shown is the after-measure's; per SD of measure (raw sd 0.097); contributing runs 5
september,8-agent mixed,2 Gemini + 6 GPT,mixed,H1 reverse (game_myth): sent_frac -> rule_index after the game,0.0448145637729708,-0.296727770281638,0.3863568978275797,0.7340725781646926,,5.0,198,underpowered,per unit of predictor; raw sd shown is the after-measure's; per SD of measure (raw sd 0.245); contributing runs 5
september,8-agent mixed,2 Gemini + 6 GPT,mixed,H1 reverse (game_myth): return_proportion -> rule_index after the game,0.0729189330667348,-0.9003041291509037,1.0461419952843731,0.845371526405264,,5.0,146,underpowered,per unit of predictor; raw sd shown is the after-measure's; per SD of measure (raw sd 0.231); contributing runs 5
september,8-agent mixed,2 Gemini + 6 GPT,mixed,H1 reverse (game_myth): sent_frac -> give_align after the game,-0.0758369713884487,-0.2228944402628699,0.0712204974859725,0.2254619949528817,,5.0,200,underpowered,per unit of predictor; raw sd shown is the after-measure's; per SD of measure (raw sd 0.223); contributing runs 5
september,8-agent mixed,2 Gemini + 6 GPT,mixed,H1 reverse (game_myth): return_proportion -> give_align after the game,0.0094424040457301,-0.2830202978520524,0.3019051059435126,0.932882410286484,,5.0,148,underpowered,per unit of predictor; raw sd shown is the after-measure's; per SD of measure (raw sd 0.225); contributing runs 5
september,8-agent mixed,2 Gemini + 6 GPT,mixed,H1 reverse (game_myth): sent_frac -> myth_cos after the game,0.0306173054761455,-0.0250829300419078,0.0863175409941988,0.2016718093477616,,5.0,200,underpowered,per unit of predictor; raw sd shown is the after-measure's; per SD of measure (raw sd 0.106); contributing runs 5
september,8-agent mixed,2 Gemini + 6 GPT,mixed,H1 reverse (game_myth): return_proportion -> myth_cos after the game,0.0465687422387785,-0.1291343440669477,0.2222718285445048,0.5026276701156952,,5.0,148,underpowered,per unit of predictor; raw sd shown is the after-measure's; per SD of measure (raw sd 0.108); contributing runs 5
september,8-agent mixed,2 Gemini + 6 GPT,mixed,H1 reverse (both): sent_frac -> same_label after the game,-0.0742389421450821,-0.4906675093227343,0.3421896250325701,0.6961500956561079,1.0,10.0,380,no detectable effect,per unit of predictor; raw sd shown is the after-measure's; per SD of measure (raw sd 0.499); contributing runs 9
september,8-agent mixed,2 Gemini + 6 GPT,mixed,H1 reverse (both): return_proportion -> same_label after the game,0.3508517446062562,-1.018620311667464,1.7203238008799764,0.5764335300774772,1.0,10.0,313,no detectable effect,per unit of predictor; raw sd shown is the after-measure's; per SD of measure (raw sd 0.500); contributing runs 10
september,8-agent mixed,2 Gemini + 6 GPT,mixed,H1 reverse (both): sent_frac -> moral_cos after the game,0.0119654773951741,-0.0390589429762882,0.0629898977666366,0.6086126430268124,1.0,10.0,376,no detectable effect,per unit of predictor; raw sd shown is the after-measure's; per SD of measure (raw sd 0.100); contributing runs 10
september,8-agent mixed,2 Gemini + 6 GPT,mixed,H1 reverse (both): return_proportion -> moral_cos after the game,0.051741857326604,-0.1787224334990123,0.2822061481522204,0.6237501696073795,1.0,10.0,309,no detectable effect,per unit of predictor; raw sd shown is the after-measure's; per SD of measure (raw sd 0.101); contributing runs 10
september,8-agent mixed,2 Gemini + 6 GPT,mixed,H1 reverse (both): sent_frac -> rule_index after the game,0.0957793034089843,-0.082909320694018,0.2744679275119867,0.2561715281811858,1.0,10.0,377,no detectable effect,per unit of predictor; raw sd shown is the after-measure's; per SD of measure (raw sd 0.244); contributing runs 10
september,8-agent mixed,2 Gemini + 6 GPT,mixed,H1 reverse (both): return_proportion -> rule_index after the game,0.2643120107496136,-0.3029467484785154,0.8315707699777426,0.3193369236871973,1.0,10.0,310,no detectable effect,per unit of predictor; raw sd shown is the after-measure's; per SD of measure (raw sd 0.236); contributing runs 10
september,8-agent mixed,2 Gemini + 6 GPT,mixed,H1 reverse (both): sent_frac -> give_align after the game,-0.0299304298793865,-0.1202637765821189,0.0604029168233458,0.4726752424311808,1.0,10.0,380,no detectable effect,per unit of predictor; raw sd shown is the after-measure's; per SD of measure (raw sd 0.240); contributing runs 10
september,8-agent mixed,2 Gemini + 6 GPT,mixed,H1 reverse (both): return_proportion -> give_align after the game,0.003316537879494,-0.2313792478838646,0.2380123236428527,0.9751960377517171,1.0,10.0,313,no detectable effect,per unit of predictor; raw sd shown is the after-measure's; per SD of measure (raw sd 0.244); contributing runs 10
september,8-agent mixed,2 Gemini + 6 GPT,mixed,H1 reverse (both): sent_frac -> myth_cos after the game,0.0116402887226148,-0.0309117029916437,0.0541922804368733,0.5513720614261846,1.0,10.0,380,no detectable effect,per unit of predictor; raw sd shown is the after-measure's; per SD of measure (raw sd 0.112); contributing runs 10
september,8-agent mixed,2 Gemini + 6 GPT,mixed,H1 reverse (both): return_proportion -> myth_cos after the game,0.0311108066451253,-0.0806602659830799,0.1428818792733307,0.544569513411332,1.0,10.0,313,no detectable effect,per unit of predictor; raw sd shown is the after-measure's; per SD of measure (raw sd 0.114); contributing runs 10
september,8-agent mixed,4 GPT + 4 Sonnet,mixed,H1 reverse (myth_game): sent_frac -> same_label after the game,-0.145761650307576,-0.9069001497637108,0.6153768491485587,0.6230897945895064,,5.0,180,underpowered,per unit of predictor; raw sd shown is the after-measure's; per SD of measure (raw sd 0.478); contributing runs 5
september,8-agent mixed,4 GPT + 4 Sonnet,mixed,H1 reverse (myth_game): return_proportion -> same_label after the game,0.1261886351671644,-1.553862695134618,1.8062399654689467,0.8449969753746001,,5.0,170,underpowered,per unit of predictor; raw sd shown is the after-measure's; per SD of measure (raw sd 0.483); contributing runs 5
september,8-agent mixed,4 GPT + 4 Sonnet,mixed,H1 reverse (myth_game): sent_frac -> moral_cos after the game,-0.0163071788959604,-0.1385094617068045,0.1058951039148836,0.7297952381825135,,5.0,179,underpowered,per unit of predictor; raw sd shown is the after-measure's; per SD of measure (raw sd 0.125); contributing runs 5
september,8-agent mixed,4 GPT + 4 Sonnet,mixed,H1 reverse (myth_game): return_proportion -> moral_cos after the game,0.1539910708079961,-0.3193717193298231,0.6273538609458155,0.4174877700630252,,5.0,169,underpowered,per unit of predictor; raw sd shown is the after-measure's; per SD of measure (raw sd 0.125); contributing runs 5
september,8-agent mixed,4 GPT + 4 Sonnet,mixed,H1 reverse (myth_game): sent_frac -> rule_index after the game,-0.1441089238389578,-0.5843130237357574,0.2960951760578419,0.4148038558363748,,5.0,178,underpowered,per unit of predictor; raw sd shown is the after-measure's; per SD of measure (raw sd 0.243); contributing runs 5
september,8-agent mixed,4 GPT + 4 Sonnet,mixed,H1 reverse (myth_game): return_proportion -> rule_index after the game,-0.5737008952854799,-1.8616123466706125,0.7142105560996528,0.2838234744054992,,5.0,168,underpowered,per unit of predictor; raw sd shown is the after-measure's; per SD of measure (raw sd 0.241); contributing runs 5
september,8-agent mixed,4 GPT + 4 Sonnet,mixed,H1 reverse (myth_game): sent_frac -> give_align after the game,-0.0870198815463075,-0.1469702569376775,-0.0270695061549374,0.0157322824408345,,5.0,180,underpowered,per unit of predictor; raw sd shown is the after-measure's; per SD of measure (raw sd 0.162); contributing runs 5
september,8-agent mixed,4 GPT + 4 Sonnet,mixed,H1 reverse (myth_game): return_proportion -> give_align after the game,-0.2790425873232381,-0.7994136895735895,0.2413285149271133,0.2107624973073222,,5.0,170,underpowered,per unit of predictor; raw sd shown is the after-measure's; per SD of measure (raw sd 0.163); contributing runs 5
september,8-agent mixed,4 GPT + 4 Sonnet,mixed,H1 reverse (myth_game): sent_frac -> myth_cos after the game,0.0401464322711683,-0.104008599666147,0.1843014642084836,0.4825428811462609,,5.0,180,underpowered,per unit of predictor; raw sd shown is the after-measure's; per SD of measure (raw sd 0.087); contributing runs 5
september,8-agent mixed,4 GPT + 4 Sonnet,mixed,H1 reverse (myth_game): return_proportion -> myth_cos after the game,0.0695348890867599,-0.2580646932030172,0.3971344713765372,0.5873245522216115,,5.0,170,underpowered,per unit of predictor; raw sd shown is the after-measure's; per SD of measure (raw sd 0.086); contributing runs 5
september,8-agent mixed,4 GPT + 4 Sonnet,mixed,H1 reverse (game_myth): sent_frac -> same_label after the game,0.0753193480228088,-0.4292109673511584,0.5798496633967762,0.6997830430545093,,5.0,200,underpowered,per unit of predictor; raw sd shown is the after-measure's; per SD of measure (raw sd 0.501); contributing runs 5
september,8-agent mixed,4 GPT + 4 Sonnet,mixed,H1 reverse (game_myth): return_proportion -> same_label after the game,-0.4847660156788029,-3.4780115013766837,2.5084794700190773,0.6762494367647736,,5.0,167,underpowered,per unit of predictor; raw sd shown is the after-measure's; per SD of measure (raw sd 0.501); contributing runs 5
september,8-agent mixed,4 GPT + 4 Sonnet,mixed,H1 reverse (game_myth): sent_frac -> moral_cos after the game,0.067528957303576,-0.0317022565780548,0.1667601711852068,0.1318372635890003,,5.0,200,underpowered,per unit of predictor; raw sd shown is the after-measure's; per SD of measure (raw sd 0.102); contributing runs 5
september,8-agent mixed,4 GPT + 4 Sonnet,mixed,H1 reverse (game_myth): return_proportion -> moral_cos after the game,-0.0570530324673111,-0.3992038525710948,0.2850977876364725,0.667454550742217,,5.0,167,underpowered,per unit of predictor; raw sd shown is the after-measure's; per SD of measure (raw sd 0.098); contributing runs 5
september,8-agent mixed,4 GPT + 4 Sonnet,mixed,H1 reverse (game_myth): sent_frac -> rule_index after the game,-0.0508886469287625,-0.3090068787785984,0.2072295849210732,0.6132236762555494,,5.0,198,underpowered,per unit of predictor; raw sd shown is the after-measure's; per SD of measure (raw sd 0.275); contributing runs 5
september,8-agent mixed,4 GPT + 4 Sonnet,mixed,H1 reverse (game_myth): return_proportion -> rule_index after the game,-0.3747606142058312,-1.5528713965367966,0.803350168125134,0.4270163094438955,,5.0,166,underpowered,per unit of predictor; raw sd shown is the after-measure's; per SD of measure (raw sd 0.277); contributing runs 5
september,8-agent mixed,4 GPT + 4 Sonnet,mixed,H1 reverse (game_myth): sent_frac -> give_align after the game,-0.0814381252024735,-0.1564329110665411,-0.006443339338406,0.0393566537796923,,5.0,200,underpowered,per unit of predictor; raw sd shown is the after-measure's; per SD of measure (raw sd 0.192); contributing runs 5
september,8-agent mixed,4 GPT + 4 Sonnet,mixed,H1 reverse (game_myth): return_proportion -> give_align after the game,-0.2491709090828828,-1.239135973401319,0.7407941552355535,0.5231622993123152,,5.0,167,underpowered,per unit of predictor; raw sd shown is the after-measure's; per SD of measure (raw sd 0.187); contributing runs 5
september,8-agent mixed,4 GPT + 4 Sonnet,mixed,H1 reverse (game_myth): sent_frac -> myth_cos after the game,0.0327938165575369,-0.0468890453813842,0.1124766784964582,0.3169286794048024,,5.0,200,underpowered,per unit of predictor; raw sd shown is the after-measure's; per SD of measure (raw sd 0.093); contributing runs 5
september,8-agent mixed,4 GPT + 4 Sonnet,mixed,H1 reverse (game_myth): return_proportion -> myth_cos after the game,-0.017197380854283,-0.346549387664706,0.31215462595614,0.8917427411526587,,5.0,167,underpowered,per unit of predictor; raw sd shown is the after-measure's; per SD of measure (raw sd 0.090); contributing runs 5
september,8-agent mixed,4 GPT + 4 Sonnet,mixed,H1 reverse (both): sent_frac -> same_label after the game,-0.0194584490334982,-0.3738280780034613,0.3349111799364648,0.903874980658668,1.0,10.0,380,no detectable effect,per unit of predictor; raw sd shown is the after-measure's; per SD of measure (raw sd 0.497); contributing runs 10
september,8-agent mixed,4 GPT + 4 Sonnet,mixed,H1 reverse (both): return_proportion -> same_label after the game,-0.1860349602769247,-1.6360747190139049,1.2640047984600555,0.7782188399536607,1.0,10.0,337,no detectable effect,per unit of predictor; raw sd shown is the after-measure's; per SD of measure (raw sd 0.497); contributing runs 10
september,8-agent mixed,4 GPT + 4 Sonnet,mixed,H1 reverse (both): sent_frac -> moral_cos after the game,0.0358961436416171,-0.0367326424510298,0.108524929734264,0.2924992565846738,1.0,10.0,379,no detectable effect,per unit of predictor; raw sd shown is the after-measure's; per SD of measure (raw sd 0.114); contributing runs 10
september,8-agent mixed,4 GPT + 4 Sonnet,mixed,H1 reverse (both): return_proportion -> moral_cos after the game,0.0448881537678813,-0.2036650963915324,0.293441403927295,0.6924264724161019,1.0,10.0,336,no detectable effect,per unit of predictor; raw sd shown is the after-measure's; per SD of measure (raw sd 0.112); contributing runs 10
september,8-agent mixed,4 GPT + 4 Sonnet,mixed,H1 reverse (both): sent_frac -> rule_index after the game,-0.0772239330543245,-0.2652354452056472,0.110787579096998,0.3770542378202733,1.0,10.0,376,no detectable effect,per unit of predictor; raw sd shown is the after-measure's; per SD of measure (raw sd 0.267); contributing runs 10
september,8-agent mixed,4 GPT + 4 Sonnet,mixed,H1 reverse (both): return_proportion -> rule_index after the game,-0.4631736859293649,-1.0732506813959068,0.146903309537177,0.1200258158166305,1.0,10.0,334,no detectable effect,per unit of predictor; raw sd shown is the after-measure's; per SD of measure (raw sd 0.266); contributing runs 10
september,8-agent mixed,4 GPT + 4 Sonnet,mixed,H1 reverse (both): sent_frac -> give_align after the game,-0.0842451704137327,-0.1239564332842811,-0.0445339075431842,0.0009750280671461,0.0097502806714613,10.0,380,yes,per unit of predictor; raw sd shown is the after-measure's; per SD of measure (raw sd 0.179); contributing runs 10
september,8-agent mixed,4 GPT + 4 Sonnet,mixed,H1 reverse (both): return_proportion -> give_align after the game,-0.2627752584274033,-0.6927157479353873,0.1671652310805805,0.2001247705090959,1.0,10.0,337,no detectable effect,per unit of predictor; raw sd shown is the after-measure's; per SD of measure (raw sd 0.175); contributing runs 10
september,8-agent mixed,4 GPT + 4 Sonnet,mixed,H1 reverse (both): sent_frac -> myth_cos after the game,0.0352274812022201,-0.0224625694237049,0.0929175318281452,0.2004978737478339,1.0,10.0,380,no detectable effect,per unit of predictor; raw sd shown is the after-measure's; per SD of measure (raw sd 0.090); contributing runs 10
september,8-agent mixed,4 GPT + 4 Sonnet,mixed,H1 reverse (both): return_proportion -> myth_cos after the game,0.0254451591966907,-0.1613389053614549,0.2122292237548363,0.76496730995465,1.0,10.0,337,no detectable effect,per unit of predictor; raw sd shown is the after-measure's; per SD of measure (raw sd 0.088); contributing runs 10
september,8-agent mixed,4 Gemini + 4 GPT,mixed,H1 reverse (myth_game): sent_frac -> same_label after the game,0.2419654907279097,-0.3819322841004673,0.8658632655562868,0.3421868402934641,,5.0,180,underpowered,per unit of predictor; raw sd shown is the after-measure's; per SD of measure (raw sd 0.500); contributing runs 4
september,8-agent mixed,4 Gemini + 4 GPT,mixed,H1 reverse (myth_game): return_proportion -> same_label after the game,0.8661196141893537,-2.907406851904642,4.639646080283349,0.5586010513436206,,5.0,177,underpowered,per unit of predictor; raw sd shown is the after-measure's; per SD of measure (raw sd 0.500); contributing runs 5
september,8-agent mixed,4 Gemini + 4 GPT,mixed,H1 reverse (myth_game): sent_frac -> moral_cos after the game,-0.0538625081577568,-0.1853187670847454,0.0775937507692319,0.3188011087537046,,5.0,180,underpowered,per unit of predictor; raw sd shown is the after-measure's; per SD of measure (raw sd 0.108); contributing runs 5
september,8-agent mixed,4 Gemini + 4 GPT,mixed,H1 reverse (myth_game): return_proportion -> moral_cos after the game,-0.0205247520988091,-0.4322318826080253,0.391182378410407,0.8966020998264541,,5.0,177,underpowered,per unit of predictor; raw sd shown is the after-measure's; per SD of measure (raw sd 0.108); contributing runs 5
september,8-agent mixed,4 Gemini + 4 GPT,mixed,H1 reverse (myth_game): sent_frac -> rule_index after the game,0.0594370930756329,-0.3040162765728396,0.4228904627241054,0.6733425409670869,,5.0,179,underpowered,per unit of predictor; raw sd shown is the after-measure's; per SD of measure (raw sd 0.234); contributing runs 5
september,8-agent mixed,4 Gemini + 4 GPT,mixed,H1 reverse (myth_game): return_proportion -> rule_index after the game,0.3832369296209005,-0.2128469486469354,0.9793208078887364,0.1488070340226512,,5.0,176,underpowered,per unit of predictor; raw sd shown is the after-measure's; per SD of measure (raw sd 0.235); contributing runs 5
september,8-agent mixed,4 Gemini + 4 GPT,mixed,H1 reverse (myth_game): sent_frac -> give_align after the game,-0.0385019211923825,-0.2955544807620189,0.2185506383772538,0.6988531814909467,,5.0,180,underpowered,per unit of predictor; raw sd shown is the after-measure's; per SD of measure (raw sd 0.241); contributing runs 5
september,8-agent mixed,4 Gemini + 4 GPT,mixed,H1 reverse (myth_game): return_proportion -> give_align after the game,0.0934969025751377,-0.4115531101376003,0.5985469152878758,0.634352452701779,,5.0,177,underpowered,per unit of predictor; raw sd shown is the after-measure's; per SD of measure (raw sd 0.242); contributing runs 5
september,8-agent mixed,4 Gemini + 4 GPT,mixed,H1 reverse (myth_game): sent_frac -> myth_cos after the game,0.055013353666389,-0.1496139422694012,0.2596406496021792,0.4968849744407867,,5.0,180,underpowered,per unit of predictor; raw sd shown is the after-measure's; per SD of measure (raw sd 0.106); contributing runs 5
september,8-agent mixed,4 Gemini + 4 GPT,mixed,H1 reverse (myth_game): return_proportion -> myth_cos after the game,0.1559007535921852,-0.1040201760483137,0.4158216832326842,0.1711804612607976,,5.0,177,underpowered,per unit of predictor; raw sd shown is the after-measure's; per SD of measure (raw sd 0.106); contributing runs 5
september,8-agent mixed,4 Gemini + 4 GPT,mixed,H1 reverse (game_myth): sent_frac -> same_label after the game,-0.2434042065719628,-0.557897313478983,0.0710889003350572,0.0981081501052801,,5.0,200,underpowered,per unit of predictor; raw sd shown is the after-measure's; per SD of measure (raw sd 0.497); contributing runs 5
september,8-agent mixed,4 Gemini + 4 GPT,mixed,H1 reverse (game_myth): return_proportion -> same_label after the game,0.6178299818928907,-1.820644889097337,3.0563048528831187,0.5205585551072723,,5.0,182,underpowered,per unit of predictor; raw sd shown is the after-measure's; per SD of measure (raw sd 0.495); contributing runs 5
september,8-agent mixed,4 Gemini + 4 GPT,mixed,H1 reverse (game_myth): sent_frac -> moral_cos after the game,0.0349574607526131,-0.0775065468646108,0.1474214683698372,0.4368050792233348,,5.0,199,underpowered,per unit of predictor; raw sd shown is the after-measure's; per SD of measure (raw sd 0.091); contributing runs 5
september,8-agent mixed,4 Gemini + 4 GPT,mixed,H1 reverse (game_myth): return_proportion -> moral_cos after the game,-0.219085588519194,-0.6118647040709144,0.1736935270325263,0.196386041000477,,5.0,182,underpowered,per unit of predictor; raw sd shown is the after-measure's; per SD of measure (raw sd 0.091); contributing runs 5
september,8-agent mixed,4 Gemini + 4 GPT,mixed,H1 reverse (game_myth): sent_frac -> rule_index after the game,-0.1222111847955443,-0.4623471132936614,0.2179247437025727,0.3749413849835304,,5.0,199,underpowered,per unit of predictor; raw sd shown is the after-measure's; per SD of measure (raw sd 0.276); contributing runs 5
september,8-agent mixed,4 Gemini + 4 GPT,mixed,H1 reverse (game_myth): return_proportion -> rule_index after the game,-0.0952348468180456,-1.344085984001324,1.1536162903652325,0.8426712210625789,,5.0,181,underpowered,per unit of predictor; raw sd shown is the after-measure's; per SD of measure (raw sd 0.278); contributing runs 5
september,8-agent mixed,4 Gemini + 4 GPT,mixed,H1 reverse (game_myth): sent_frac -> give_align after the game,0.0277349429667486,-0.1174359374618324,0.1729058233953298,0.6238878957117898,,5.0,200,underpowered,per unit of predictor; raw sd shown is the after-measure's; per SD of measure (raw sd 0.250); contributing runs 5
september,8-agent mixed,4 Gemini + 4 GPT,mixed,H1 reverse (game_myth): return_proportion -> give_align after the game,0.005008208451571,-0.3885046236961154,0.3985210405992574,0.9735051842665488,,5.0,182,underpowered,per unit of predictor; raw sd shown is the after-measure's; per SD of measure (raw sd 0.252); contributing runs 5
september,8-agent mixed,4 Gemini + 4 GPT,mixed,H1 reverse (game_myth): sent_frac -> myth_cos after the game,-0.0033020843087037,-0.0319240318125423,0.0253198631951348,0.7647638692613026,,5.0,200,underpowered,per unit of predictor; raw sd shown is the after-measure's; per SD of measure (raw sd 0.104); contributing runs 5
september,8-agent mixed,4 Gemini + 4 GPT,mixed,H1 reverse (game_myth): return_proportion -> myth_cos after the game,-0.001879345006402,-0.3758496497416645,0.3720909597288603,0.9895358938364492,,5.0,182,underpowered,per unit of predictor; raw sd shown is the after-measure's; per SD of measure (raw sd 0.105); contributing runs 5
september,8-agent mixed,4 Gemini + 4 GPT,mixed,H1 reverse (both): sent_frac -> same_label after the game,-0.1269000796373722,-0.4259722814636193,0.1721721221888748,0.3622003167187537,1.0,10.0,380,no detectable effect,per unit of predictor; raw sd shown is the after-measure's; per SD of measure (raw sd 0.498); contributing runs 9
september,8-agent mixed,4 Gemini + 4 GPT,mixed,H1 reverse (both): return_proportion -> same_label after the game,0.7143805318991254,-0.9045488781010091,2.33330994189926,0.3442547214028677,1.0,10.0,359,no detectable effect,per unit of predictor; raw sd shown is the after-measure's; per SD of measure (raw sd 0.497); contributing runs 10
september,8-agent mixed,4 Gemini + 4 GPT,mixed,H1 reverse (both): sent_frac -> moral_cos after the game,0.0130566393444874,-0.0741821328500103,0.1002954115389853,0.7427006741786695,1.0,10.0,379,no detectable effect,per unit of predictor; raw sd shown is the after-measure's; per SD of measure (raw sd 0.099); contributing runs 10
september,8-agent mixed,4 Gemini + 4 GPT,mixed,H1 reverse (both): return_proportion -> moral_cos after the game,-0.1333810467106164,-0.3717906898951862,0.1050285964739533,0.2374401198857528,1.0,10.0,359,no detectable effect,per unit of predictor; raw sd shown is the after-measure's; per SD of measure (raw sd 0.100); contributing runs 10
september,8-agent mixed,4 Gemini + 4 GPT,mixed,H1 reverse (both): sent_frac -> rule_index after the game,-0.0830218207962586,-0.3062943370982388,0.1402506955057215,0.4220429224902261,1.0,10.0,378,no detectable effect,per unit of predictor; raw sd shown is the after-measure's; per SD of measure (raw sd 0.266); contributing runs 10
september,8-agent mixed,4 Gemini + 4 GPT,mixed,H1 reverse (both): return_proportion -> rule_index after the game,0.075243996591805,-0.5995800835006033,0.7500680766842134,0.8065259249535865,1.0,10.0,357,no detectable effect,per unit of predictor; raw sd shown is the after-measure's; per SD of measure (raw sd 0.265); contributing runs 10
september,8-agent mixed,4 Gemini + 4 GPT,mixed,H1 reverse (both): sent_frac -> give_align after the game,0.0101773836214273,-0.0915015783308953,0.1118563455737501,0.8259284167501064,1.0,10.0,380,no detectable effect,per unit of predictor; raw sd shown is the after-measure's; per SD of measure (raw sd 0.246); contributing runs 10
september,8-agent mixed,4 Gemini + 4 GPT,mixed,H1 reverse (both): return_proportion -> give_align after the game,0.0423241082123388,-0.2005489983323635,0.2851972147570413,0.7026014695200613,1.0,10.0,359,no detectable effect,per unit of predictor; raw sd shown is the after-measure's; per SD of measure (raw sd 0.248); contributing runs 10
september,8-agent mixed,4 Gemini + 4 GPT,mixed,H1 reverse (both): sent_frac -> myth_cos after the game,0.0105454102262544,-0.0393073388803837,0.0603981593328925,0.6436928863151582,1.0,10.0,380,no detectable effect,per unit of predictor; raw sd shown is the after-measure's; per SD of measure (raw sd 0.105); contributing runs 10
september,8-agent mixed,4 Gemini + 4 GPT,mixed,H1 reverse (both): return_proportion -> myth_cos after the game,0.0624217601421954,-0.1200356248629785,0.2448791451473694,0.4588227930141927,1.0,10.0,359,no detectable effect,per unit of predictor; raw sd shown is the after-measure's; per SD of measure (raw sd 0.105); contributing runs 10
frontier,"2-agent (all, pooled)",all 2-agent runs (pooled),pooled,H1 primary: same_label alignment -> send fraction (partners' latest myths before the game),0.0007564399152603,-0.0032346447746935,0.0047475246052141,0.7062760960241232,1.0,66.0,594,no detectable effect,Holm over September's pooled 30-test family 1.0000; per SD of measure (raw sd 0.471); contributing runs 14
frontier,"2-agent (all, pooled)",all 2-agent runs (pooled),pooled,H1 primary: moral_cos alignment -> send fraction (partners' latest myths before the game),-0.0005570318713243,-0.0045211561258122,0.0034070923831634,0.7798821657050405,1.0,66.0,594,no detectable effect,Holm over September's pooled 30-test family 1.0000; per SD of measure (raw sd 0.112); contributing runs 18
frontier,"2-agent (all, pooled)",all 2-agent runs (pooled),pooled,H1 primary: rule_index alignment -> send fraction (partners' latest myths before the game),-0.0036526155779964,-0.0125159366435224,0.0052107054875295,0.4135004272684569,1.0,66.0,594,no detectable effect,Holm over September's pooled 30-test family 1.0000; per SD of measure (raw sd 0.217); contributing runs 18
frontier,"2-agent (all, pooled)",all 2-agent runs (pooled),pooled,H1 primary: give_align alignment -> send fraction (partners' latest myths before the game),-0.0029673621470766,-0.0180911772986551,0.0121564530045019,0.6964525689679344,1.0,66.0,594,no detectable effect,Holm over September's pooled 30-test family 1.0000; per SD of measure (raw sd 0.123); contributing runs 17
frontier,"2-agent (all, pooled)",all 2-agent runs (pooled),pooled,H1 primary: myth_cos alignment -> send fraction (partners' latest myths before the game),0.0053942466637743,-0.0029618418808003,0.013750335208349,0.2018816511362062,1.0,66.0,594,no detectable effect,Holm over September's pooled 30-test family 1.0000; per SD of measure (raw sd 0.107); contributing runs 18
frontier,"2-agent (all, pooled)",all 2-agent runs (pooled),pooled,H1 primary: same_label alignment -> return proportion (partners' latest myths before the game),-0.0002552529771169,-0.0041304250840998,0.003619919129866,0.8957472859543933,1.0,66.0,594,no detectable effect,Holm over September's pooled 30-test family 1.0000; per SD of measure (raw sd 0.471); contributing runs 55
frontier,"2-agent (all, pooled)",all 2-agent runs (pooled),pooled,H1 primary: moral_cos alignment -> return proportion (partners' latest myths before the game),0.0021524021040221,-0.000862197948722,0.0051670021567663,0.1586703111095878,1.0,66.0,594,no detectable effect,Holm over September's pooled 30-test family 1.0000; per SD of measure (raw sd 0.112); contributing runs 66
frontier,"2-agent (all, pooled)",all 2-agent runs (pooled),pooled,H1 primary: rule_index alignment -> return proportion (partners' latest myths before the game),-0.0043682030144322,-0.0104412441957505,0.0017048381668861,0.1556569010329372,1.0,66.0,594,no detectable effect,Holm over September's pooled 30-test family 1.0000; per SD of measure (raw sd 0.217); contributing runs 63
frontier,"2-agent (all, pooled)",all 2-agent runs (pooled),pooled,H1 primary: give_align alignment -> return proportion (partners' latest myths before the game),-0.0048852628383906,-0.011421082724061,0.0016505570472796,0.1403329109643915,1.0,66.0,594,no detectable effect,Holm over September's pooled 30-test family 1.0000; per SD of measure (raw sd 0.123); contributing runs 56
frontier,"2-agent (all, pooled)",all 2-agent runs (pooled),pooled,H1 primary: myth_cos alignment -> return proportion (partners' latest myths before the game),-0.0028848742846223,-0.0080248555330625,0.0022551069638178,0.2664475406029167,1.0,66.0,594,no detectable effect,Holm over September's pooled 30-test family 1.0000; per SD of measure (raw sd 0.107); contributing runs 66
frontier,"2-agent (all, pooled)",all 2-agent runs (pooled),pooled,H1 primary: same_label alignment -> giving gap (partners' latest myths before the game),0.001329640675359,-0.0040157816504426,0.0066750630011607,0.6210232924668551,1.0,66.0,594,no detectable effect,"Holm over September's pooled 30-test family 1.0000; corr(gap, send) 0.74, corr(gap, return) -0.11; per SD of measure (raw sd 0.471); contributing runs 55"
frontier,"2-agent (all, pooled)",all 2-agent runs (pooled),pooled,H1 primary: moral_cos alignment -> giving gap (partners' latest myths before the game),-0.0025170980042553,-0.0073738241873804,0.0023396281788697,0.3044775336543187,1.0,66.0,594,no detectable effect,"Holm over September's pooled 30-test family 1.0000; corr(gap, send) 0.74, corr(gap, return) -0.11; per SD of measure (raw sd 0.112); contributing runs 66"
frontier,"2-agent (all, pooled)",all 2-agent runs (pooled),pooled,H1 primary: rule_index alignment -> giving gap (partners' latest myths before the game),0.0004516356775935,-0.008073500787407,0.008976772142594,0.9160650831254908,1.0,66.0,594,no detectable effect,"Holm over September's pooled 30-test family 1.0000; corr(gap, send) 0.74, corr(gap, return) -0.11; per SD of measure (raw sd 0.217); contributing runs 63"
frontier,"2-agent (all, pooled)",all 2-agent runs (pooled),pooled,H1 primary: give_align alignment -> giving gap (partners' latest myths before the game),0.0016299082729595,-0.0138882498227646,0.0171480663686838,0.8345079304147947,1.0,66.0,594,no detectable effect,"Holm over September's pooled 30-test family 1.0000; corr(gap, send) 0.74, corr(gap, return) -0.11; per SD of measure (raw sd 0.123); contributing runs 56"
frontier,"2-agent (all, pooled)",all 2-agent runs (pooled),pooled,H1 primary: myth_cos alignment -> giving gap (partners' latest myths before the game),0.0072663406219074,-0.0015527831267173,0.0160854643705322,0.1046940284329757,1.0,66.0,594,no detectable effect,"Holm over September's pooled 30-test family 1.0000; corr(gap, send) 0.74, corr(gap, return) -0.11; per SD of measure (raw sd 0.107); contributing runs 66"
frontier,"8-agent (all, pooled)",all 8-agent runs (pooled),pooled,H1 primary: same_label alignment -> send fraction (partners' latest myths before the game),-0.0005939039679659,-0.0046343658403691,0.0034465579044371,0.7678050510500599,1.0,40.0,1440,no detectable effect,Holm over September's pooled 30-test family 1.0000; per SD of measure (raw sd 0.473); contributing runs 19
frontier,"8-agent (all, pooled)",all 8-agent runs (pooled),pooled,H1 primary: moral_cos alignment -> send fraction (partners' latest myths before the game),0.0026165290642494,-0.0020519901683051,0.007285048296804,0.2638654933881862,1.0,40.0,1440,no detectable effect,Holm over September's pooled 30-test family 1.0000; per SD of measure (raw sd 0.108); contributing runs 23
frontier,"8-agent (all, pooled)",all 8-agent runs (pooled),pooled,H1 primary: rule_index alignment -> send fraction (partners' latest myths before the game),-0.0086268696666136,-0.0214040339115967,0.0041502945783693,0.1798651416593833,1.0,40.0,1440,no detectable effect,Holm over September's pooled 30-test family 1.0000; per SD of measure (raw sd 0.245); contributing runs 23
frontier,"8-agent (all, pooled)",all 8-agent runs (pooled),pooled,H1 primary: give_align alignment -> send fraction (partners' latest myths before the game),-0.0087392682728571,-0.0203615672690586,0.0028830307233443,0.1363416024927812,1.0,40.0,1440,no detectable effect,Holm over September's pooled 30-test family 1.0000; per SD of measure (raw sd 0.143); contributing runs 23
frontier,"8-agent (all, pooled)",all 8-agent runs (pooled),pooled,H1 primary: myth_cos alignment -> send fraction (partners' latest myths before the game),-0.0028796604463702,-0.0072277657508318,0.0014684448580914,0.1881341186048107,1.0,40.0,1440,no detectable effect,Holm over September's pooled 30-test family 1.0000; per SD of measure (raw sd 0.093); contributing runs 23
frontier,"8-agent (all, pooled)",all 8-agent runs (pooled),pooled,H1 primary: same_label alignment -> return proportion (partners' latest myths before the game),0.0003750709257788,-0.0028756097623115,0.0036257516138692,0.8166849284834862,1.0,40.0,1440,no detectable effect,Holm over September's pooled 30-test family 1.0000; per SD of measure (raw sd 0.473); contributing runs 39
frontier,"8-agent (all, pooled)",all 8-agent runs (pooled),pooled,H1 primary: moral_cos alignment -> return proportion (partners' latest myths before the game),0.0025383912160964,-0.0016370678928763,0.0067138503250692,0.2261925478487393,1.0,40.0,1440,no detectable effect,Holm over September's pooled 30-test family 1.0000; per SD of measure (raw sd 0.108); contributing runs 40
frontier,"8-agent (all, pooled)",all 8-agent runs (pooled),pooled,H1 primary: rule_index alignment -> return proportion (partners' latest myths before the game),-0.0018475019740597,-0.0084728977327005,0.004777893784581,0.5759627903963235,1.0,40.0,1440,no detectable effect,Holm over September's pooled 30-test family 1.0000; per SD of measure (raw sd 0.245); contributing runs 40
frontier,"8-agent (all, pooled)",all 8-agent runs (pooled),pooled,H1 primary: give_align alignment -> return proportion (partners' latest myths before the game),-0.0027982452061633,-0.0100767033937509,0.0044802129814242,0.4414761054135299,1.0,40.0,1440,no detectable effect,Holm over September's pooled 30-test family 1.0000; per SD of measure (raw sd 0.143); contributing runs 40
frontier,"8-agent (all, pooled)",all 8-agent runs (pooled),pooled,H1 primary: myth_cos alignment -> return proportion (partners' latest myths before the game),-0.0003710784605953,-0.003823462124884,0.0030813052036933,0.8290235671062108,1.0,40.0,1440,no detectable effect,Holm over September's pooled 30-test family 1.0000; per SD of measure (raw sd 0.093); contributing runs 40
frontier,"8-agent (all, pooled)",all 8-agent runs (pooled),pooled,H1 primary: same_label alignment -> giving gap (partners' latest myths before the game),-0.000899975532273,-0.0056968554249457,0.0038969043603997,0.7063819379084906,1.0,40.0,1440,no detectable effect,"Holm over September's pooled 30-test family 1.0000; corr(gap, send) 0.75, corr(gap, return) -0.11; per SD of measure (raw sd 0.473); contributing runs 39"
frontier,"8-agent (all, pooled)",all 8-agent runs (pooled),pooled,H1 primary: moral_cos alignment -> giving gap (partners' latest myths before the game),9.535594473196173e-05,-0.0039287868022843,0.0041194986917482,0.9620169501557522,1.0,40.0,1440,no detectable effect,"Holm over September's pooled 30-test family 1.0000; corr(gap, send) 0.75, corr(gap, return) -0.11; per SD of measure (raw sd 0.108); contributing runs 40"
frontier,"8-agent (all, pooled)",all 8-agent runs (pooled),pooled,H1 primary: rule_index alignment -> giving gap (partners' latest myths before the game),-0.0065959277395769,-0.0168442843933692,0.0036524289142153,0.200614806280752,1.0,40.0,1440,no detectable effect,"Holm over September's pooled 30-test family 1.0000; corr(gap, send) 0.75, corr(gap, return) -0.11; per SD of measure (raw sd 0.245); contributing runs 40"
frontier,"8-agent (all, pooled)",all 8-agent runs (pooled),pooled,H1 primary: give_align alignment -> giving gap (partners' latest myths before the game),-0.0061464198547638,-0.0137103459834795,0.0014175062739518,0.108291291321421,1.0,40.0,1440,no detectable effect,"Holm over September's pooled 30-test family 1.0000; corr(gap, send) 0.75, corr(gap, return) -0.11; per SD of measure (raw sd 0.143); contributing runs 40"
frontier,"8-agent (all, pooled)",all 8-agent runs (pooled),pooled,H1 primary: myth_cos alignment -> giving gap (partners' latest myths before the game),-0.0024765894528902,-0.0070888489935521,0.0021356700877717,0.2841024776038195,1.0,40.0,1440,no detectable effect,"Holm over September's pooled 30-test family 1.0000; corr(gap, send) 0.75, corr(gap, return) -0.11; per SD of measure (raw sd 0.093); contributing runs 40"
frontier,2-agent homogeneous,GeminiPro dyads,GeminiPro,H1 primary: same_label alignment -> send fraction (partners' latest myths before the game),-0.001780657182691,-0.0066667321851141,0.0031054178197319,0.4310128530994519,,10.0,90,underpowered,per SD of measure (raw sd 0.492); contributing runs 1
frontier,2-agent homogeneous,GeminiPro dyads,GeminiPro,H1 primary: moral_cos alignment -> send fraction (partners' latest myths before the game),-0.0007822771703293,-0.0029405070036115,0.0013759526629528,0.4334239807962878,,10.0,90,underpowered,per SD of measure (raw sd 0.102); contributing runs 1
frontier,2-agent homogeneous,GeminiPro dyads,GeminiPro,H1 primary: rule_index alignment -> send fraction (partners' latest myths before the game),0.0046994771050971,-0.0072535016169638,0.016652455827158,0.3969388695322829,,10.0,90,underpowered,per SD of measure (raw sd 0.170); contributing runs 1
frontier,2-agent homogeneous,GeminiPro dyads,GeminiPro,H1 primary: give_align alignment -> send fraction (partners' latest myths before the game),-0.0230305591241598,-0.027848939121883,-0.0182121791264367,1.860817982367916e-06,,10.0,90,not estimable: ceiling,per SD of measure (raw sd 0.110); contributing runs 0
frontier,2-agent homogeneous,GeminiPro dyads,GeminiPro,H1 primary: myth_cos alignment -> send fraction (partners' latest myths before the game),0.0050585923170264,-0.0063579909058189,0.0164751755398719,0.3423640045737437,,10.0,90,underpowered,per SD of measure (raw sd 0.070); contributing runs 1
frontier,2-agent homogeneous,GeminiPro dyads,GeminiPro,H1 primary: same_label alignment -> return proportion (partners' latest myths before the game),0.0005232035135717,-0.0098171537872555,0.010863560814399,0.9113851553583034,1.0,10.0,90,no detectable effect,per SD of measure (raw sd 0.492); contributing runs 9
frontier,2-agent homogeneous,GeminiPro dyads,GeminiPro,H1 primary: moral_cos alignment -> return proportion (partners' latest myths before the game),-0.00402664111527,-0.0144213461750766,0.0063680639445365,0.4036486022904439,1.0,10.0,90,no detectable effect,per SD of measure (raw sd 0.102); contributing runs 10
frontier,2-agent homogeneous,GeminiPro dyads,GeminiPro,H1 primary: rule_index alignment -> return proportion (partners' latest myths before the game),-0.0074097067131651,-0.0275302469854079,0.0127108335590775,0.4263568890502019,1.0,10.0,90,no detectable effect,per SD of measure (raw sd 0.170); contributing runs 8
frontier,2-agent homogeneous,GeminiPro dyads,GeminiPro,H1 primary: give_align alignment -> return proportion (partners' latest myths before the game),0.0017589087994238,-0.0110218551253358,0.0145396727241835,0.7626465668966221,,10.0,90,underpowered,per SD of measure (raw sd 0.110); contributing runs 5
frontier,2-agent homogeneous,GeminiPro dyads,GeminiPro,H1 primary: myth_cos alignment -> return proportion (partners' latest myths before the game),-0.0122448872795593,-0.028162381056015,0.0036726064968962,0.1158120980819837,0.463248392327935,10.0,90,no detectable effect,per SD of measure (raw sd 0.070); contributing runs 10
frontier,2-agent homogeneous,GeminiPro dyads,GeminiPro,H1 primary: same_label alignment -> giving gap (partners' latest myths before the game),-0.0023038606962628,-0.0150621499891481,0.0104544285966224,0.6924587879172582,,10.0,90,underpowered,"corr(gap, send) 0.75, corr(gap, return) -0.73; per SD of measure (raw sd 0.492); contributing runs 9; underpowered (send varies in only 1 runs; elsewhere gap = 1 - return, so the gap test restates the return test plus those few runs)"
frontier,2-agent homogeneous,GeminiPro dyads,GeminiPro,H1 primary: moral_cos alignment -> giving gap (partners' latest myths before the game),0.0032443639449406,-0.0081442062495197,0.014632934139401,0.5353673295895072,,10.0,90,underpowered,"corr(gap, send) 0.75, corr(gap, return) -0.73; per SD of measure (raw sd 0.102); contributing runs 10; underpowered (send varies in only 1 runs; elsewhere gap = 1 - return, so the gap test restates the return test plus those few runs)"
frontier,2-agent homogeneous,GeminiPro dyads,GeminiPro,H1 primary: rule_index alignment -> giving gap (partners' latest myths before the game),0.0121091838182623,-0.0160156490124439,0.0402340166489685,0.3555182129272242,,10.0,90,underpowered,"corr(gap, send) 0.75, corr(gap, return) -0.73; per SD of measure (raw sd 0.170); contributing runs 8; underpowered (send varies in only 1 runs; elsewhere gap = 1 - return, so the gap test restates the return test plus those few runs)"
frontier,2-agent homogeneous,GeminiPro dyads,GeminiPro,H1 primary: give_align alignment -> giving gap (partners' latest myths before the game),-0.0247894679235836,-0.0380004817582813,-0.011578454088886,0.002159060810211,,10.0,90,underpowered,"corr(gap, send) 0.75, corr(gap, return) -0.73; per SD of measure (raw sd 0.110); contributing runs 5; underpowered (send varies in only 1 runs; elsewhere gap = 1 - return, so the gap test restates the return test plus those few runs)"
frontier,2-agent homogeneous,GeminiPro dyads,GeminiPro,H1 primary: myth_cos alignment -> giving gap (partners' latest myths before the game),0.0173034795965858,0.00469924014603,0.0299077190471415,0.012608889015954,,10.0,90,underpowered,"corr(gap, send) 0.75, corr(gap, return) -0.73; per SD of measure (raw sd 0.070); contributing runs 10; underpowered (send varies in only 1 runs; elsewhere gap = 1 - return, so the gap test restates the return test plus those few runs)"
frontier,2-agent homogeneous,Opus dyads,Opus,H1 primary: same_label alignment -> send fraction (partners' latest myths before the game),-0.0020037896171608,-0.0107170164381342,0.0067094372038125,0.6154565271799503,,10.0,90,not estimable: ceiling,per SD of measure (raw sd 0.263); contributing runs 0
frontier,2-agent homogeneous,Opus dyads,Opus,H1 primary: moral_cos alignment -> send fraction (partners' latest myths before the game),-0.0047389184765134,-0.0152289548318238,0.0057511178787969,0.3334926656845749,,10.0,90,underpowered,per SD of measure (raw sd 0.107); contributing runs 1
frontier,2-agent homogeneous,Opus dyads,Opus,H1 primary: rule_index alignment -> send fraction (partners' latest myths before the game),0.0011441303601326,-0.0144642691126838,0.0167525298329491,0.8719629078148168,,10.0,90,underpowered,per SD of measure (raw sd 0.175); contributing runs 1
frontier,2-agent homogeneous,Opus dyads,Opus,H1 primary: give_align alignment -> send fraction (partners' latest myths before the game),-0.0157609950597596,-0.037072171746023,0.0055501816265037,0.1286536042013141,,10.0,90,underpowered,per SD of measure (raw sd 0.107); contributing runs 1
frontier,2-agent homogeneous,Opus dyads,Opus,H1 primary: myth_cos alignment -> send fraction (partners' latest myths before the game),-0.0098352784209972,-0.0292097140324348,0.0095391571904402,0.2804230661487371,,10.0,90,underpowered,per SD of measure (raw sd 0.106); contributing runs 1
frontier,2-agent homogeneous,Opus dyads,Opus,H1 primary: same_label alignment -> return proportion (partners' latest myths before the game),-0.0078786726566263,-0.0174737948562293,0.0017164495429766,0.0961979335841848,,10.0,90,underpowered,per SD of measure (raw sd 0.263); contributing runs 4
frontier,2-agent homogeneous,Opus dyads,Opus,H1 primary: moral_cos alignment -> return proportion (partners' latest myths before the game),0.003967611592905,-0.0043004232071707,0.0122356463929809,0.3058978420102805,1.0,10.0,90,no detectable effect,per SD of measure (raw sd 0.107); contributing runs 10
frontier,2-agent homogeneous,Opus dyads,Opus,H1 primary: rule_index alignment -> return proportion (partners' latest myths before the game),0.0022668807601559,-0.0230927277993188,0.0276264893196308,0.844247330339911,1.0,10.0,90,no detectable effect,per SD of measure (raw sd 0.175); contributing runs 9
frontier,2-agent homogeneous,Opus dyads,Opus,H1 primary: give_align alignment -> return proportion (partners' latest myths before the game),0.0094410397334771,-0.0155444300008489,0.0344265094678033,0.4148460405556483,1.0,10.0,90,no detectable effect,per SD of measure (raw sd 0.107); contributing runs 8
frontier,2-agent homogeneous,Opus dyads,Opus,H1 primary: myth_cos alignment -> return proportion (partners' latest myths before the game),0.0052949486283517,-0.0108352359306921,0.0214251331873956,0.4766675456611272,1.0,10.0,90,no detectable effect,per SD of measure (raw sd 0.106); contributing runs 10
frontier,2-agent homogeneous,Opus dyads,Opus,H1 primary: same_label alignment -> giving gap (partners' latest myths before the game),0.0058748830394654,-0.0068858712772384,0.0186356373561693,0.3248263194430436,,10.0,90,underpowered,"corr(gap, send) 0.60, corr(gap, return) -0.84; per SD of measure (raw sd 0.263); contributing runs 4; underpowered (send varies in only 1 runs; elsewhere gap = 1 - return, so the gap test restates the return test plus those few runs)"
frontier,2-agent homogeneous,Opus dyads,Opus,H1 primary: moral_cos alignment -> giving gap (partners' latest myths before the game),-0.0087065300694185,-0.020843947416086,0.0034308872772489,0.1390995756461795,,10.0,90,underpowered,"corr(gap, send) 0.60, corr(gap, return) -0.84; per SD of measure (raw sd 0.107); contributing runs 10; underpowered (send varies in only 1 runs; elsewhere gap = 1 - return, so the gap test restates the return test plus those few runs)"
frontier,2-agent homogeneous,Opus dyads,Opus,H1 primary: rule_index alignment -> giving gap (partners' latest myths before the game),-0.0011227504000233,-0.0386669918968563,0.0364214910968096,0.9475439512114754,,10.0,90,underpowered,"corr(gap, send) 0.60, corr(gap, return) -0.84; per SD of measure (raw sd 0.175); contributing runs 9; underpowered (send varies in only 1 runs; elsewhere gap = 1 - return, so the gap test restates the return test plus those few runs)"
frontier,2-agent homogeneous,Opus dyads,Opus,H1 primary: give_align alignment -> giving gap (partners' latest myths before the game),-0.0252020347932368,-0.0694507200555885,0.0190466504691147,0.2297339749345231,,10.0,90,underpowered,"corr(gap, send) 0.60, corr(gap, return) -0.84; per SD of measure (raw sd 0.107); contributing runs 8; underpowered (send varies in only 1 runs; elsewhere gap = 1 - return, so the gap test restates the return test plus those few runs)"
frontier,2-agent homogeneous,Opus dyads,Opus,H1 primary: myth_cos alignment -> giving gap (partners' latest myths before the game),-0.015130227049349,-0.04417554401584,0.013915089917142,0.2688544443221004,,10.0,90,underpowered,"corr(gap, send) 0.60, corr(gap, return) -0.84; per SD of measure (raw sd 0.106); contributing runs 10; underpowered (send varies in only 1 runs; elsewhere gap = 1 - return, so the gap test restates the return test plus those few runs)"
frontier,2-agent homogeneous,Sol dyads,Sol,H1 primary: same_label alignment -> send fraction (partners' latest myths before the game),-0.0314417094321948,-0.0674459914399405,0.0045625725755509,0.0796356290004081,,10.0,90,underpowered,per SD of measure (raw sd 0.402); contributing runs 3
frontier,2-agent homogeneous,Sol dyads,Sol,H1 primary: moral_cos alignment -> send fraction (partners' latest myths before the game),-0.0068961505066779,-0.0253350683938886,0.0115427673805327,0.4194522240200932,,10.0,90,underpowered,per SD of measure (raw sd 0.094); contributing runs 6
frontier,2-agent homogeneous,Sol dyads,Sol,H1 primary: rule_index alignment -> send fraction (partners' latest myths before the game),0.0070365274314685,-0.0119280370365972,0.0260010918995344,0.4230119599000044,,10.0,90,underpowered,per SD of measure (raw sd 0.204); contributing runs 6
frontier,2-agent homogeneous,Sol dyads,Sol,H1 primary: give_align alignment -> send fraction (partners' latest myths before the game),0.031217425273856,-0.0022581300598156,0.0646929806075277,0.0641154720708125,,10.0,90,underpowered,per SD of measure (raw sd 0.113); contributing runs 6
frontier,2-agent homogeneous,Sol dyads,Sol,H1 primary: myth_cos alignment -> send fraction (partners' latest myths before the game),0.0225646971619687,-0.0080065009672815,0.053135895291219,0.1293177558365939,,10.0,90,underpowered,per SD of measure (raw sd 0.100); contributing runs 6
frontier,2-agent homogeneous,Sol dyads,Sol,H1 primary: same_label alignment -> return proportion (partners' latest myths before the game),-0.0298750515128555,-0.0607804749617695,0.0010303719360584,0.0565501319941181,,10.0,90,underpowered,per SD of measure (raw sd 0.402); contributing runs 6
frontier,2-agent homogeneous,Sol dyads,Sol,H1 primary: moral_cos alignment -> return proportion (partners' latest myths before the game),0.0068444212457764,-0.0073932588985585,0.0210821013901115,0.3050899192516711,0.9152697577550136,10.0,90,no detectable effect,per SD of measure (raw sd 0.094); contributing runs 10
frontier,2-agent homogeneous,Sol dyads,Sol,H1 primary: rule_index alignment -> return proportion (partners' latest myths before the game),-0.0047782875001644,-0.0218633659552312,0.0123067909549022,0.5426862930441543,1.0,10.0,90,no detectable effect,per SD of measure (raw sd 0.204); contributing runs 10
frontier,2-agent homogeneous,Sol dyads,Sol,H1 primary: give_align alignment -> return proportion (partners' latest myths before the game),0.0019344795660287,-0.0271533232127337,0.0310222823447913,0.883731809478949,1.0,10.0,90,no detectable effect,per SD of measure (raw sd 0.113); contributing runs 10
frontier,2-agent homogeneous,Sol dyads,Sol,H1 primary: myth_cos alignment -> return proportion (partners' latest myths before the game),-0.0195097464377363,-0.0491834739909648,0.0101639811154921,0.171104459178335,0.6844178367133401,10.0,90,no detectable effect,per SD of measure (raw sd 0.100); contributing runs 10
frontier,2-agent homogeneous,Sol dyads,Sol,H1 primary: same_label alignment -> giving gap (partners' latest myths before the game),0.0078456131291133,-0.0362134708076998,0.0519046970659266,0.696479296089329,,10.0,90,underpowered,"corr(gap, send) 0.92, corr(gap, return) 0.48; per SD of measure (raw sd 0.402); contributing runs 6; underpowered (send varies in only 6 runs; elsewhere gap = 1 - return, so the gap test restates the return test plus those few runs)"
frontier,2-agent homogeneous,Sol dyads,Sol,H1 primary: moral_cos alignment -> giving gap (partners' latest myths before the game),-0.0152168674945928,-0.0335160796755456,0.0030823446863599,0.0926411123438194,,10.0,90,underpowered,"corr(gap, send) 0.92, corr(gap, return) 0.48; per SD of measure (raw sd 0.094); contributing runs 10; underpowered (send varies in only 6 runs; elsewhere gap = 1 - return, so the gap test restates the return test plus those few runs)"
frontier,2-agent homogeneous,Sol dyads,Sol,H1 primary: rule_index alignment -> giving gap (partners' latest myths before the game),0.0071736469979495,-0.0078190893603943,0.0221663833562934,0.3072274144216977,,10.0,90,underpowered,"corr(gap, send) 0.92, corr(gap, return) 0.48; per SD of measure (raw sd 0.204); contributing runs 10; underpowered (send varies in only 6 runs; elsewhere gap = 1 - return, so the gap test restates the return test plus those few runs)"
frontier,2-agent homogeneous,Sol dyads,Sol,H1 primary: give_align alignment -> giving gap (partners' latest myths before the game),0.0236320649617564,-0.015945578283001,0.0632097082065139,0.2097553437590605,,10.0,90,underpowered,"corr(gap, send) 0.92, corr(gap, return) 0.48; per SD of measure (raw sd 0.113); contributing runs 10; underpowered (send varies in only 6 runs; elsewhere gap = 1 - return, so the gap test restates the return test plus those few runs)"
frontier,2-agent homogeneous,Sol dyads,Sol,H1 primary: myth_cos alignment -> giving gap (partners' latest myths before the game),0.03104092498616,-0.0010836032636732,0.0631654532359932,0.0566318828546777,,10.0,90,underpowered,"corr(gap, send) 0.92, corr(gap, return) 0.48; per SD of measure (raw sd 0.100); contributing runs 10; underpowered (send varies in only 6 runs; elsewhere gap = 1 - return, so the gap test restates the return test plus those few runs)"
frontier,2-agent mixed,GeminiPro+Sol dyads,mixed,H1 primary: same_label alignment -> send fraction (partners' latest myths before the game),0.0057290060438512,-0.0024490106234254,0.013907022711128,0.1513659224719894,,12.0,108,underpowered,per SD of measure (raw sd 0.500); contributing runs 3
frontier,2-agent mixed,GeminiPro+Sol dyads,mixed,H1 primary: moral_cos alignment -> send fraction (partners' latest myths before the game),-5.148085462695183e-06,-0.0055188003437751,0.0055085041728498,0.9983971002798416,,12.0,108,underpowered,per SD of measure (raw sd 0.123); contributing runs 3
frontier,2-agent mixed,GeminiPro+Sol dyads,mixed,H1 primary: rule_index alignment -> send fraction (partners' latest myths before the game),-0.0019219930070782,-0.0164009732803484,0.0125569872661918,0.7755958672447731,,12.0,108,underpowered,per SD of measure (raw sd 0.212); contributing runs 3
frontier,2-agent mixed,GeminiPro+Sol dyads,mixed,H1 primary: give_align alignment -> send fraction (partners' latest myths before the game),0.0466319975435979,0.0212628553291264,0.0720011397580694,0.0019295887809744,,12.0,108,underpowered,per SD of measure (raw sd 0.127); contributing runs 3
frontier,2-agent mixed,GeminiPro+Sol dyads,mixed,H1 primary: myth_cos alignment -> send fraction (partners' latest myths before the game),0.0008726978178661,-0.0085063413819435,0.0102517370176757,0.8414713124865983,,12.0,108,underpowered,per SD of measure (raw sd 0.073); contributing runs 3
frontier,2-agent mixed,GeminiPro+Sol dyads,mixed,H1 primary: same_label alignment -> return proportion (partners' latest myths before the game),-0.0082564521662641,-0.0183736399775777,0.0018607356450495,0.0999501561056673,0.4997507805283369,12.0,108,no detectable effect,per SD of measure (raw sd 0.500); contributing runs 12
frontier,2-agent mixed,GeminiPro+Sol dyads,mixed,H1 primary: moral_cos alignment -> return proportion (partners' latest myths before the game),0.0015751075001016,-0.0073924877457446,0.0105427027459478,0.7064329591775051,1.0,12.0,108,no detectable effect,per SD of measure (raw sd 0.123); contributing runs 12
frontier,2-agent mixed,GeminiPro+Sol dyads,mixed,H1 primary: rule_index alignment -> return proportion (partners' latest myths before the game),0.0002808469783264,-0.0149129113827591,0.015474605339412,0.968277005502439,1.0,12.0,108,no detectable effect,per SD of measure (raw sd 0.212); contributing runs 12
frontier,2-agent mixed,GeminiPro+Sol dyads,mixed,H1 primary: give_align alignment -> return proportion (partners' latest myths before the game),-0.0101887852983982,-0.0240116347167049,0.0036340641199084,0.1330159595353785,0.532063838141514,12.0,108,no detectable effect,per SD of measure (raw sd 0.127); contributing runs 11
frontier,2-agent mixed,GeminiPro+Sol dyads,mixed,H1 primary: myth_cos alignment -> return proportion (partners' latest myths before the game),0.006522468935551,-0.0039680395320043,0.0170129774031065,0.1984671824776195,0.5954015474328586,12.0,108,no detectable effect,per SD of measure (raw sd 0.073); contributing runs 12
frontier,2-agent mixed,GeminiPro+Sol dyads,mixed,H1 primary: same_label alignment -> giving gap (partners' latest myths before the game),0.0139854582101154,-8.82703634029567e-05,0.0280591867836337,0.05121960823771,,12.0,108,underpowered,"corr(gap, send) 0.85, corr(gap, return) -0.48; per SD of measure (raw sd 0.500); contributing runs 12; underpowered (send varies in only 3 runs; elsewhere gap = 1 - return, so the gap test restates the return test plus those few runs)"
frontier,2-agent mixed,GeminiPro+Sol dyads,mixed,H1 primary: moral_cos alignment -> giving gap (partners' latest myths before the game),-0.0015802555855643,-0.0115719112613794,0.0084114000902507,0.7343336748775737,,12.0,108,underpowered,"corr(gap, send) 0.85, corr(gap, return) -0.48; per SD of measure (raw sd 0.123); contributing runs 12; underpowered (send varies in only 3 runs; elsewhere gap = 1 - return, so the gap test restates the return test plus those few runs)"
frontier,2-agent mixed,GeminiPro+Sol dyads,mixed,H1 primary: rule_index alignment -> giving gap (partners' latest myths before the game),-0.0022028399854047,-0.0181599950583739,0.0137543150875644,0.7669201142352172,,12.0,108,underpowered,"corr(gap, send) 0.85, corr(gap, return) -0.48; per SD of measure (raw sd 0.212); contributing runs 12; underpowered (send varies in only 3 runs; elsewhere gap = 1 - return, so the gap test restates the return test plus those few runs)"
frontier,2-agent mixed,GeminiPro+Sol dyads,mixed,H1 primary: give_align alignment -> giving gap (partners' latest myths before the game),0.0568207828419961,0.0298463203881188,0.0837952452958734,0.000720973556003,,12.0,108,underpowered,"corr(gap, send) 0.85, corr(gap, return) -0.48; per SD of measure (raw sd 0.127); contributing runs 11; underpowered (send varies in only 3 runs; elsewhere gap = 1 - return, so the gap test restates the return test plus those few runs)"
frontier,2-agent mixed,GeminiPro+Sol dyads,mixed,H1 primary: myth_cos alignment -> giving gap (partners' latest myths before the game),-0.0056497711176849,-0.0210950154735385,0.0097954732381686,0.4378149117028532,,12.0,108,underpowered,"corr(gap, send) 0.85, corr(gap, return) -0.48; per SD of measure (raw sd 0.073); contributing runs 12; underpowered (send varies in only 3 runs; elsewhere gap = 1 - return, so the gap test restates the return test plus those few runs)"
frontier,2-agent mixed,Opus+GeminiPro dyads,mixed,H1 primary: same_label alignment -> send fraction (partners' latest myths before the game),0.0009477962912596,-0.0024025286717478,0.004298121254267,0.5462046766073433,,12.0,108,underpowered,per SD of measure (raw sd 0.489); contributing runs 2
frontier,2-agent mixed,Opus+GeminiPro dyads,mixed,H1 primary: moral_cos alignment -> send fraction (partners' latest myths before the game),6.522431298451002e-05,-0.0008396921311398,0.0009701407571088,0.8768259961781244,,12.0,108,underpowered,per SD of measure (raw sd 0.116); contributing runs 2
frontier,2-agent mixed,Opus+GeminiPro dyads,mixed,H1 primary: rule_index alignment -> send fraction (partners' latest myths before the game),0.0013560551312088,-0.0056124480279855,0.0083245582904032,0.6766938609847616,,12.0,108,underpowered,per SD of measure (raw sd 0.202); contributing runs 2
frontier,2-agent mixed,Opus+GeminiPro dyads,mixed,H1 primary: give_align alignment -> send fraction (partners' latest myths before the game),-0.0875239605441364,-0.094435561430546,-0.0806123596577267,1.4832784885466618e-11,,12.0,108,underpowered,per SD of measure (raw sd 0.130); contributing runs 2
frontier,2-agent mixed,Opus+GeminiPro dyads,mixed,H1 primary: myth_cos alignment -> send fraction (partners' latest myths before the game),0.0047076065326469,-0.004950710425839,0.0143659234911329,0.306335483713037,,12.0,108,underpowered,per SD of measure (raw sd 0.124); contributing runs 2
frontier,2-agent mixed,Opus+GeminiPro dyads,mixed,H1 primary: same_label alignment -> return proportion (partners' latest myths before the game),0.0015787895193314,-0.0078951418169584,0.0110527208556213,0.7207375631543382,1.0,12.0,108,no detectable effect,per SD of measure (raw sd 0.489); contributing runs 12
frontier,2-agent mixed,Opus+GeminiPro dyads,mixed,H1 primary: moral_cos alignment -> return proportion (partners' latest myths before the game),-0.0004275766781061,-0.00782532779231,0.0069701744360977,0.9010675407442036,1.0,12.0,108,no detectable effect,per SD of measure (raw sd 0.116); contributing runs 12
frontier,2-agent mixed,Opus+GeminiPro dyads,mixed,H1 primary: rule_index alignment -> return proportion (partners' latest myths before the game),0.0039450264700089,-0.0153069546044024,0.0231970075444202,0.6607395634920845,1.0,12.0,108,no detectable effect,per SD of measure (raw sd 0.202); contributing runs 12
frontier,2-agent mixed,Opus+GeminiPro dyads,mixed,H1 primary: give_align alignment -> return proportion (partners' latest myths before the game),-0.0270548575322542,-0.0686355211586899,0.0145258060941813,0.1799149987024016,0.8995749935120083,12.0,108,no detectable effect,per SD of measure (raw sd 0.130); contributing runs 10
frontier,2-agent mixed,Opus+GeminiPro dyads,mixed,H1 primary: myth_cos alignment -> return proportion (partners' latest myths before the game),-0.0054439791364428,-0.0151887977147356,0.00430083944185,0.2445025669473839,0.9780102677895356,12.0,108,no detectable effect,per SD of measure (raw sd 0.124); contributing runs 12
frontier,2-agent mixed,Opus+GeminiPro dyads,mixed,H1 primary: same_label alignment -> giving gap (partners' latest myths before the game),-0.0006309932280718,-0.0099162431234796,0.0086542566673359,0.8838099768419856,,12.0,108,underpowered,"corr(gap, send) 0.64, corr(gap, return) -0.75; per SD of measure (raw sd 0.489); contributing runs 12; underpowered (send varies in only 2 runs; elsewhere gap = 1 - return, so the gap test restates the return test plus those few runs)"
frontier,2-agent mixed,Opus+GeminiPro dyads,mixed,H1 primary: moral_cos alignment -> giving gap (partners' latest myths before the game),0.0004928009910906,-0.0069103557413025,0.0078959577234838,0.8861682039400107,,12.0,108,underpowered,"corr(gap, send) 0.64, corr(gap, return) -0.75; per SD of measure (raw sd 0.116); contributing runs 12; underpowered (send varies in only 2 runs; elsewhere gap = 1 - return, so the gap test restates the return test plus those few runs)"
frontier,2-agent mixed,Opus+GeminiPro dyads,mixed,H1 primary: rule_index alignment -> giving gap (partners' latest myths before the game),-0.0025889713388,-0.0227157108002502,0.0175377681226501,0.7823417811170391,,12.0,108,underpowered,"corr(gap, send) 0.64, corr(gap, return) -0.75; per SD of measure (raw sd 0.202); contributing runs 12; underpowered (send varies in only 2 runs; elsewhere gap = 1 - return, so the gap test restates the return test plus those few runs)"
frontier,2-agent mixed,Opus+GeminiPro dyads,mixed,H1 primary: give_align alignment -> giving gap (partners' latest myths before the game),-0.0604691030118821,-0.1058619729499325,-0.0150762330738317,0.0136416934752157,,12.0,108,underpowered,"corr(gap, send) 0.64, corr(gap, return) -0.75; per SD of measure (raw sd 0.130); contributing runs 10; underpowered (send varies in only 2 runs; elsewhere gap = 1 - return, so the gap test restates the return test plus those few runs)"
frontier,2-agent mixed,Opus+GeminiPro dyads,mixed,H1 primary: myth_cos alignment -> giving gap (partners' latest myths before the game),0.0101515856690897,-0.001489707313309,0.0217928786514885,0.0812450012162313,,12.0,108,underpowered,"corr(gap, send) 0.64, corr(gap, return) -0.75; per SD of measure (raw sd 0.124); contributing runs 12; underpowered (send varies in only 2 runs; elsewhere gap = 1 - return, so the gap test restates the return test plus those few runs)"
frontier,2-agent mixed,Opus+Sol dyads,mixed,H1 primary: same_label alignment -> send fraction (partners' latest myths before the game),0.0036038323710554,-0.0056790111131736,0.0128866758552844,0.4110638215419551,,12.0,108,underpowered,per SD of measure (raw sd 0.494); contributing runs 5
frontier,2-agent mixed,Opus+Sol dyads,mixed,H1 primary: moral_cos alignment -> send fraction (partners' latest myths before the game),-0.0004659435124217,-0.0062456838053264,0.0053137967804829,0.862390938476565,,12.0,108,underpowered,per SD of measure (raw sd 0.094); contributing runs 5
frontier,2-agent mixed,Opus+Sol dyads,mixed,H1 primary: rule_index alignment -> send fraction (partners' latest myths before the game),-0.0082819068559048,-0.0231830928709961,0.0066192791591864,0.246782388175426,,12.0,108,underpowered,per SD of measure (raw sd 0.225); contributing runs 5
frontier,2-agent mixed,Opus+Sol dyads,mixed,H1 primary: give_align alignment -> send fraction (partners' latest myths before the game),0.0032844367829385,-0.0133100486077341,0.0198789221736112,0.6715327716454885,,12.0,108,underpowered,per SD of measure (raw sd 0.110); contributing runs 5
frontier,2-agent mixed,Opus+Sol dyads,mixed,H1 primary: myth_cos alignment -> send fraction (partners' latest myths before the game),-0.0027193636021598,-0.0146114552477516,0.0091727280434319,0.6246795669839598,,12.0,108,underpowered,per SD of measure (raw sd 0.090); contributing runs 5
frontier,2-agent mixed,Opus+Sol dyads,mixed,H1 primary: same_label alignment -> return proportion (partners' latest myths before the game),9.179476813122874e-05,-0.0058415574564341,0.0060251469926966,0.9734462071407824,1.0,12.0,108,no detectable effect,per SD of measure (raw sd 0.494); contributing runs 12
frontier,2-agent mixed,Opus+Sol dyads,mixed,H1 primary: moral_cos alignment -> return proportion (partners' latest myths before the game),0.0052018172325739,-0.0019979000925736,0.0124015345577215,0.1400928769236508,0.5603715076946033,12.0,108,no detectable effect,per SD of measure (raw sd 0.094); contributing runs 12
frontier,2-agent mixed,Opus+Sol dyads,mixed,H1 primary: rule_index alignment -> return proportion (partners' latest myths before the game),-0.0100541071473055,-0.0193856304407986,-0.0007225838538124,0.0370589237249,0.1852946186245,12.0,108,suggestive,per SD of measure (raw sd 0.225); contributing runs 12
frontier,2-agent mixed,Opus+Sol dyads,mixed,H1 primary: give_align alignment -> return proportion (partners' latest myths before the game),-0.0078507860970327,-0.021628744213646,0.0059271720195806,0.235788017882002,0.7073640536460061,12.0,108,no detectable effect,per SD of measure (raw sd 0.110); contributing runs 12
frontier,2-agent mixed,Opus+Sol dyads,mixed,H1 primary: myth_cos alignment -> return proportion (partners' latest myths before the game),-0.0034366101999232,-0.0149126351403586,0.0080394147405121,0.523385118355624,1.0,12.0,108,no detectable effect,per SD of measure (raw sd 0.090); contributing runs 12
frontier,2-agent mixed,Opus+Sol dyads,mixed,H1 primary: same_label alignment -> giving gap (partners' latest myths before the game),0.0035120376029241,-0.0080553459810612,0.0150794211869096,0.5177484374835717,,12.0,108,underpowered,"corr(gap, send) 0.71, corr(gap, return) -0.65; per SD of measure (raw sd 0.494); contributing runs 12; underpowered (send varies in only 5 runs; elsewhere gap = 1 - return, so the gap test restates the return test plus those few runs)"
frontier,2-agent mixed,Opus+Sol dyads,mixed,H1 primary: moral_cos alignment -> giving gap (partners' latest myths before the game),-0.0056677607449956,-0.0157429396738475,0.0044074181838562,0.2414319300555621,,12.0,108,underpowered,"corr(gap, send) 0.71, corr(gap, return) -0.65; per SD of measure (raw sd 0.094); contributing runs 12; underpowered (send varies in only 5 runs; elsewhere gap = 1 - return, so the gap test restates the return test plus those few runs)"
frontier,2-agent mixed,Opus+Sol dyads,mixed,H1 primary: rule_index alignment -> giving gap (partners' latest myths before the game),0.0017722002914006,-0.0145768449023358,0.0181212454851371,0.8158161655513327,,12.0,108,underpowered,"corr(gap, send) 0.71, corr(gap, return) -0.65; per SD of measure (raw sd 0.225); contributing runs 12; underpowered (send varies in only 5 runs; elsewhere gap = 1 - return, so the gap test restates the return test plus those few runs)"
frontier,2-agent mixed,Opus+Sol dyads,mixed,H1 primary: give_align alignment -> giving gap (partners' latest myths before the game),0.0111352228799712,-0.0048593254649725,0.0271297712249149,0.1536890084896038,,12.0,108,underpowered,"corr(gap, send) 0.71, corr(gap, return) -0.65; per SD of measure (raw sd 0.110); contributing runs 12; underpowered (send varies in only 5 runs; elsewhere gap = 1 - return, so the gap test restates the return test plus those few runs)"
frontier,2-agent mixed,Opus+Sol dyads,mixed,H1 primary: myth_cos alignment -> giving gap (partners' latest myths before the game),0.0007172465977633,-0.016158933850774,0.0175934270463008,0.9271542356651366,,12.0,108,underpowered,"corr(gap, send) 0.71, corr(gap, return) -0.65; per SD of measure (raw sd 0.090); contributing runs 12; underpowered (send varies in only 5 runs; elsewhere gap = 1 - return, so the gap test restates the return test plus those few runs)"
frontier,8-agent homogeneous,8 GeminiPro,GeminiPro,H1 primary: same_label alignment -> send fraction (partners' latest myths before the game),-1.6884604663785488e-18,-1.2495427062045449e-17,9.118506129288349e-18,0.731899711642096,,10.0,360,underpowered,per SD of measure (raw sd 0.496); contributing runs 1
frontier,8-agent homogeneous,8 GeminiPro,GeminiPro,H1 primary: moral_cos alignment -> send fraction (partners' latest myths before the game),7.444360434856816e-18,-1.7644084794408013e-17,3.253280566412165e-17,0.518923658536875,,10.0,360,underpowered,per SD of measure (raw sd 0.098); contributing runs 1
frontier,8-agent homogeneous,8 GeminiPro,GeminiPro,H1 primary: rule_index alignment -> send fraction (partners' latest myths before the game),-2.7368660249710218e-17,-6.145538588231883e-17,6.7180653828983984e-18,0.1027017950507174,,10.0,360,underpowered,per SD of measure (raw sd 0.133); contributing runs 1
frontier,8-agent homogeneous,8 GeminiPro,GeminiPro,H1 primary: give_align alignment -> send fraction (partners' latest myths before the game),4.38621120074885e-16,-4.136683330890742e-16,1.2909105732388442e-15,0.2742775578546187,,10.0,360,underpowered,per SD of measure (raw sd 0.113); contributing runs 1
frontier,8-agent homogeneous,8 GeminiPro,GeminiPro,H1 primary: myth_cos alignment -> send fraction (partners' latest myths before the game),1.2829796300971452e-17,-6.364576287957847e-18,3.202416888990075e-17,0.1648086898479537,,10.0,360,underpowered,per SD of measure (raw sd 0.084); contributing runs 1
frontier,8-agent homogeneous,8 GeminiPro,GeminiPro,H1 primary: same_label alignment -> return proportion (partners' latest myths before the game),0.0024902049776513,-0.0042967050946235,0.0092771150499261,0.4279972753678128,1.0,10.0,360,no detectable effect,per SD of measure (raw sd 0.496); contributing runs 10
frontier,8-agent homogeneous,8 GeminiPro,GeminiPro,H1 primary: moral_cos alignment -> return proportion (partners' latest myths before the game),0.0026614718786306,-0.0023263393118887,0.00764928306915,0.2581692195818263,1.0,10.0,360,no detectable effect,per SD of measure (raw sd 0.098); contributing runs 10
frontier,8-agent homogeneous,8 GeminiPro,GeminiPro,H1 primary: rule_index alignment -> return proportion (partners' latest myths before the game),-0.000757926160392,-0.0081353017748762,0.006619449454092,0.8214212975371518,1.0,10.0,360,no detectable effect,per SD of measure (raw sd 0.133); contributing runs 10
frontier,8-agent homogeneous,8 GeminiPro,GeminiPro,H1 primary: give_align alignment -> return proportion (partners' latest myths before the game),0.0038132032648135,-0.0051922116103639,0.0128186181399909,0.3631481056829462,1.0,10.0,360,no detectable effect,per SD of measure (raw sd 0.113); contributing runs 10
frontier,8-agent homogeneous,8 GeminiPro,GeminiPro,H1 primary: myth_cos alignment -> return proportion (partners' latest myths before the game),0.0007138890942786,-0.0026339269535769,0.0040617051421343,0.6410493098302061,1.0,10.0,360,no detectable effect,per SD of measure (raw sd 0.084); contributing runs 10
frontier,8-agent homogeneous,8 GeminiPro,GeminiPro,H1 primary: same_label alignment -> giving gap (partners' latest myths before the game),-0.0024902049776513,-0.0092771150499261,0.0042967050946235,0.4279972753678127,,10.0,360,underpowered,"corr(gap, send) 0.61, corr(gap, return) -0.73; per SD of measure (raw sd 0.496); contributing runs 10; underpowered (send varies in only 1 runs; elsewhere gap = 1 - return, so the gap test restates the return test plus those few runs)"
frontier,8-agent homogeneous,8 GeminiPro,GeminiPro,H1 primary: moral_cos alignment -> giving gap (partners' latest myths before the game),-0.0026614718786306,-0.00764928306915,0.0023263393118887,0.2581692195818266,,10.0,360,underpowered,"corr(gap, send) 0.61, corr(gap, return) -0.73; per SD of measure (raw sd 0.098); contributing runs 10; underpowered (send varies in only 1 runs; elsewhere gap = 1 - return, so the gap test restates the return test plus those few runs)"
frontier,8-agent homogeneous,8 GeminiPro,GeminiPro,H1 primary: rule_index alignment -> giving gap (partners' latest myths before the game),0.000757926160392,-0.0066194494540921,0.0081353017748762,0.8214212975371576,,10.0,360,underpowered,"corr(gap, send) 0.61, corr(gap, return) -0.73; per SD of measure (raw sd 0.133); contributing runs 10; underpowered (send varies in only 1 runs; elsewhere gap = 1 - return, so the gap test restates the return test plus those few runs)"
frontier,8-agent homogeneous,8 GeminiPro,GeminiPro,H1 primary: give_align alignment -> giving gap (partners' latest myths before the game),-0.0038132032648131,-0.0128186181399911,0.0051922116103648,0.3631481056830166,,10.0,360,underpowered,"corr(gap, send) 0.61, corr(gap, return) -0.73; per SD of measure (raw sd 0.113); contributing runs 10; underpowered (send varies in only 1 runs; elsewhere gap = 1 - return, so the gap test restates the return test plus those few runs)"
frontier,8-agent homogeneous,8 GeminiPro,GeminiPro,H1 primary: myth_cos alignment -> giving gap (partners' latest myths before the game),-0.0007138890942786,-0.0040617051421343,0.0026339269535769,0.6410493098302092,,10.0,360,underpowered,"corr(gap, send) 0.61, corr(gap, return) -0.73; per SD of measure (raw sd 0.084); contributing runs 10; underpowered (send varies in only 1 runs; elsewhere gap = 1 - return, so the gap test restates the return test plus those few runs)"
frontier,8-agent homogeneous,8 Opus,Opus,H1 primary: same_label alignment -> send fraction (partners' latest myths before the game),-0.0014035830232028,-0.0276673359352401,0.0248601698888343,0.906431148805252,,10.0,360,underpowered,per SD of measure (raw sd 0.448); contributing runs 6
frontier,8-agent homogeneous,8 Opus,Opus,H1 primary: moral_cos alignment -> send fraction (partners' latest myths before the game),0.0017685458914472,-0.0055754584433745,0.009112550226269,0.5991544123399997,,10.0,360,underpowered,per SD of measure (raw sd 0.113); contributing runs 7
frontier,8-agent homogeneous,8 Opus,Opus,H1 primary: rule_index alignment -> send fraction (partners' latest myths before the game),-0.0055660285787296,-0.0139857110914031,0.0028536539339438,0.1690107246713558,,10.0,360,underpowered,per SD of measure (raw sd 0.188); contributing runs 7
frontier,8-agent homogeneous,8 Opus,Opus,H1 primary: give_align alignment -> send fraction (partners' latest myths before the game),-0.003218427570353,-0.0183514847915059,0.0119146296507998,0.6419225549424821,,10.0,360,underpowered,per SD of measure (raw sd 0.114); contributing runs 7
frontier,8-agent homogeneous,8 Opus,Opus,H1 primary: myth_cos alignment -> send fraction (partners' latest myths before the game),-0.0001992897150329,-0.0085776184442722,0.0081790390142062,0.9582632841986926,,10.0,360,underpowered,per SD of measure (raw sd 0.095); contributing runs 7
frontier,8-agent homogeneous,8 Opus,Opus,H1 primary: same_label alignment -> return proportion (partners' latest myths before the game),0.0023980932780965,-0.0038362058571532,0.0086323924133463,0.4068201688922883,1.0,10.0,360,no detectable effect,per SD of measure (raw sd 0.448); contributing runs 10
frontier,8-agent homogeneous,8 Opus,Opus,H1 primary: moral_cos alignment -> return proportion (partners' latest myths before the game),0.001976093543845,-0.0062372927241904,0.0101894798118804,0.5994838668787716,1.0,10.0,360,no detectable effect,per SD of measure (raw sd 0.113); contributing runs 10
frontier,8-agent homogeneous,8 Opus,Opus,H1 primary: rule_index alignment -> return proportion (partners' latest myths before the game),0.0068987725900614,-0.0014857481880495,0.0152832933681724,0.0956152005739207,0.8605368051652869,10.0,360,no detectable effect,per SD of measure (raw sd 0.188); contributing runs 10
frontier,8-agent homogeneous,8 Opus,Opus,H1 primary: give_align alignment -> return proportion (partners' latest myths before the game),0.0010349972261858,-0.0070119678501196,0.0090819623024913,0.7776774524269205,1.0,10.0,360,no detectable effect,per SD of measure (raw sd 0.114); contributing runs 10
frontier,8-agent homogeneous,8 Opus,Opus,H1 primary: myth_cos alignment -> return proportion (partners' latest myths before the game),-0.0025695831990217,-0.0103104631328246,0.005171296734781,0.4718759083173947,1.0,10.0,360,no detectable effect,per SD of measure (raw sd 0.095); contributing runs 10
frontier,8-agent homogeneous,8 Opus,Opus,H1 primary: same_label alignment -> giving gap (partners' latest myths before the game),-0.0038016763012994,-0.0301607196605081,0.0225573670579092,0.7516839500723267,1.0,10.0,360,no detectable effect,"corr(gap, send) 0.66, corr(gap, return) -0.65; per SD of measure (raw sd 0.448); contributing runs 10"
frontier,8-agent homogeneous,8 Opus,Opus,H1 primary: moral_cos alignment -> giving gap (partners' latest myths before the game),-0.0002075476523978,-0.0102788763667995,0.0098637810620039,0.9638357152378004,1.0,10.0,360,no detectable effect,"corr(gap, send) 0.66, corr(gap, return) -0.65; per SD of measure (raw sd 0.113); contributing runs 10"
frontier,8-agent homogeneous,8 Opus,Opus,H1 primary: rule_index alignment -> giving gap (partners' latest myths before the game),-0.0124648011687911,-0.0232508310217885,-0.0016787713157936,0.0280745738323359,0.2807457383233595,10.0,360,suggestive,"corr(gap, send) 0.66, corr(gap, return) -0.65; per SD of measure (raw sd 0.188); contributing runs 10"
frontier,8-agent homogeneous,8 Opus,Opus,H1 primary: give_align alignment -> giving gap (partners' latest myths before the game),-0.0042534247965388,-0.0210113772997341,0.0125045277066563,0.5799175843975104,1.0,10.0,360,no detectable effect,"corr(gap, send) 0.66, corr(gap, return) -0.65; per SD of measure (raw sd 0.114); contributing runs 10"
frontier,8-agent homogeneous,8 Opus,Opus,H1 primary: myth_cos alignment -> giving gap (partners' latest myths before the game),0.0023702934839887,-0.0079266559071143,0.0126672428750919,0.6151193707854031,1.0,10.0,360,no detectable effect,"corr(gap, send) 0.66, corr(gap, return) -0.65; per SD of measure (raw sd 0.095); contributing runs 10"
frontier,8-agent homogeneous,8 Sol,Sol,H1 primary: same_label alignment -> send fraction (partners' latest myths before the game),0.0075930216157661,-0.0226636279065677,0.0378496711381,0.58412251405628,,10.0,360,underpowered,per SD of measure (raw sd 0.330); contributing runs 7
frontier,8-agent homogeneous,8 Sol,Sol,H1 primary: moral_cos alignment -> send fraction (partners' latest myths before the game),0.0045182245874011,-0.0109916345868313,0.0200280837616335,0.5263976565425801,1.0,10.0,360,no detectable effect,per SD of measure (raw sd 0.091); contributing runs 9
frontier,8-agent homogeneous,8 Sol,Sol,H1 primary: rule_index alignment -> send fraction (partners' latest myths before the game),-0.017636667633299,-0.0365553451250485,0.0012820098584503,0.0641880808554003,0.8986331319756046,10.0,360,no detectable effect,per SD of measure (raw sd 0.224); contributing runs 9
frontier,8-agent homogeneous,8 Sol,Sol,H1 primary: give_align alignment -> send fraction (partners' latest myths before the game),-0.0128869691918819,-0.0308772468044907,0.0051033084207268,0.1395869404054835,1.0,10.0,360,no detectable effect,per SD of measure (raw sd 0.153); contributing runs 9
frontier,8-agent homogeneous,8 Sol,Sol,H1 primary: myth_cos alignment -> send fraction (partners' latest myths before the game),-0.0065773796039557,-0.0160516901586206,0.0028969309507091,0.1507546738625528,1.0,10.0,360,no detectable effect,per SD of measure (raw sd 0.085); contributing runs 9
frontier,8-agent homogeneous,8 Sol,Sol,H1 primary: same_label alignment -> return proportion (partners' latest myths before the game),0.0166010087865358,-0.0093622219833563,0.042564239556428,0.1819672465063114,1.0,10.0,360,no detectable effect,per SD of measure (raw sd 0.330); contributing runs 9
frontier,8-agent homogeneous,8 Sol,Sol,H1 primary: moral_cos alignment -> return proportion (partners' latest myths before the game),0.0039215524491392,-0.0067342237291588,0.0145773286274374,0.4266530395135167,1.0,10.0,360,no detectable effect,per SD of measure (raw sd 0.091); contributing runs 10
frontier,8-agent homogeneous,8 Sol,Sol,H1 primary: rule_index alignment -> return proportion (partners' latest myths before the game),-0.0061597650247103,-0.0166378450129857,0.0043183149635651,0.2162817990610505,1.0,10.0,360,no detectable effect,per SD of measure (raw sd 0.224); contributing runs 10
frontier,8-agent homogeneous,8 Sol,Sol,H1 primary: give_align alignment -> return proportion (partners' latest myths before the game),-0.0072733636047077,-0.0164636491117054,0.00191692190229,0.1070179824797409,1.0,10.0,360,no detectable effect,per SD of measure (raw sd 0.153); contributing runs 10
frontier,8-agent homogeneous,8 Sol,Sol,H1 primary: myth_cos alignment -> return proportion (partners' latest myths before the game),-0.0005450223922511,-0.0078772069203895,0.0067871621358871,0.8701812649749074,1.0,10.0,360,no detectable effect,per SD of measure (raw sd 0.085); contributing runs 10
frontier,8-agent homogeneous,8 Sol,Sol,H1 primary: same_label alignment -> giving gap (partners' latest myths before the game),-0.0091333010014692,-0.0303343567781344,0.0120677547751959,0.355259468837226,1.0,10.0,360,no detectable effect,"corr(gap, send) 0.89, corr(gap, return) 0.35; per SD of measure (raw sd 0.330); contributing runs 9"
frontier,8-agent homogeneous,8 Sol,Sol,H1 primary: moral_cos alignment -> giving gap (partners' latest myths before the game),0.0007225126996954,-0.00682638087132,0.008271406270711,0.8334155446825213,1.0,10.0,360,no detectable effect,"corr(gap, send) 0.89, corr(gap, return) 0.35; per SD of measure (raw sd 0.091); contributing runs 10"
frontier,8-agent homogeneous,8 Sol,Sol,H1 primary: rule_index alignment -> giving gap (partners' latest myths before the game),-0.011326723211623,-0.0266499909194006,0.0039965444961544,0.1288260522123891,1.0,10.0,360,no detectable effect,"corr(gap, send) 0.89, corr(gap, return) 0.35; per SD of measure (raw sd 0.224); contributing runs 10"
frontier,8-agent homogeneous,8 Sol,Sol,H1 primary: give_align alignment -> giving gap (partners' latest myths before the game),-0.0058146562479007,-0.0177948569126919,0.0061655444168903,0.3007302431444015,1.0,10.0,360,no detectable effect,"corr(gap, send) 0.89, corr(gap, return) 0.35; per SD of measure (raw sd 0.153); contributing runs 10"
frontier,8-agent homogeneous,8 Sol,Sol,H1 primary: myth_cos alignment -> giving gap (partners' latest myths before the game),-0.0059076838346423,-0.0188348046606756,0.0070194369913909,0.3282065154276452,1.0,10.0,360,no detectable effect,"corr(gap, send) 0.89, corr(gap, return) 0.35; per SD of measure (raw sd 0.085); contributing runs 10"
frontier,8-agent mixed,2 GeminiPro + 3 Opus + 3 Sol,mixed,H1 primary: same_label alignment -> send fraction (partners' latest myths before the game),0.0041894013001754,-0.0019868451705854,0.0103656477709364,0.1592912275322298,,10.0,360,underpowered,per SD of measure (raw sd 0.500); contributing runs 5
frontier,8-agent mixed,2 GeminiPro + 3 Opus + 3 Sol,mixed,H1 primary: moral_cos alignment -> send fraction (partners' latest myths before the game),0.0023891010100091,-0.0095458468350584,0.0143240488550767,0.661388771518518,,10.0,360,underpowered,per SD of measure (raw sd 0.108); contributing runs 6
frontier,8-agent mixed,2 GeminiPro + 3 Opus + 3 Sol,mixed,H1 primary: rule_index alignment -> send fraction (partners' latest myths before the game),0.0123335084106333,-0.0198831604287759,0.0445501772500426,0.4089707388475079,,10.0,360,underpowered,per SD of measure (raw sd 0.229); contributing runs 6
frontier,8-agent mixed,2 GeminiPro + 3 Opus + 3 Sol,mixed,H1 primary: give_align alignment -> send fraction (partners' latest myths before the game),-0.0015428489204892,-0.0138247682038443,0.0107390703628657,0.7827088643472898,,10.0,360,underpowered,per SD of measure (raw sd 0.149); contributing runs 6
frontier,8-agent mixed,2 GeminiPro + 3 Opus + 3 Sol,mixed,H1 primary: myth_cos alignment -> send fraction (partners' latest myths before the game),-0.0096590314293339,-0.0266588688216755,0.0073408059630075,0.2307681471111592,,10.0,360,underpowered,per SD of measure (raw sd 0.094); contributing runs 6
frontier,8-agent mixed,2 GeminiPro + 3 Opus + 3 Sol,mixed,H1 primary: same_label alignment -> return proportion (partners' latest myths before the game),0.0008298705686347,-0.0049969559432695,0.006656697080539,0.7546727997056553,1.0,10.0,360,no detectable effect,per SD of measure (raw sd 0.500); contributing runs 10
frontier,8-agent mixed,2 GeminiPro + 3 Opus + 3 Sol,mixed,H1 primary: moral_cos alignment -> return proportion (partners' latest myths before the game),-3.1650919903470594e-05,-0.0104009947818473,0.0103376929420404,0.9946413573840928,1.0,10.0,360,no detectable effect,per SD of measure (raw sd 0.108); contributing runs 10
frontier,8-agent mixed,2 GeminiPro + 3 Opus + 3 Sol,mixed,H1 primary: rule_index alignment -> return proportion (partners' latest myths before the game),0.0012073441435694,-0.0141687432877231,0.0165834315748619,0.8629497364551226,1.0,10.0,360,no detectable effect,per SD of measure (raw sd 0.229); contributing runs 10
frontier,8-agent mixed,2 GeminiPro + 3 Opus + 3 Sol,mixed,H1 primary: give_align alignment -> return proportion (partners' latest myths before the game),0.0059305139383204,-0.0029351728173526,0.0147962006939936,0.1645177179863855,0.8225885899319278,10.0,360,no detectable effect,per SD of measure (raw sd 0.149); contributing runs 10
frontier,8-agent mixed,2 GeminiPro + 3 Opus + 3 Sol,mixed,H1 primary: myth_cos alignment -> return proportion (partners' latest myths before the game),-0.0001025789001374,-0.0112663041431882,0.0110611463429133,0.9838698754846196,1.0,10.0,360,no detectable effect,per SD of measure (raw sd 0.094); contributing runs 10
frontier,8-agent mixed,2 GeminiPro + 3 Opus + 3 Sol,mixed,H1 primary: same_label alignment -> giving gap (partners' latest myths before the game),0.0033595307315407,-0.0034263049419235,0.0101453664050049,0.2917316839069026,,10.0,360,underpowered,"corr(gap, send) 0.73, corr(gap, return) -0.34; per SD of measure (raw sd 0.500); contributing runs 10; underpowered (send varies in only 7 runs; elsewhere gap = 1 - return, so the gap test restates the return test plus those few runs)"
frontier,8-agent mixed,2 GeminiPro + 3 Opus + 3 Sol,mixed,H1 primary: moral_cos alignment -> giving gap (partners' latest myths before the game),0.0024207519299126,-0.0133674123330578,0.0182089161928831,0.7366761722519206,,10.0,360,underpowered,"corr(gap, send) 0.73, corr(gap, return) -0.34; per SD of measure (raw sd 0.108); contributing runs 10; underpowered (send varies in only 7 runs; elsewhere gap = 1 - return, so the gap test restates the return test plus those few runs)"
frontier,8-agent mixed,2 GeminiPro + 3 Opus + 3 Sol,mixed,H1 primary: rule_index alignment -> giving gap (partners' latest myths before the game),0.0111261642670639,-0.0080615244417171,0.0303138529758449,0.2220821103246038,,10.0,360,underpowered,"corr(gap, send) 0.73, corr(gap, return) -0.34; per SD of measure (raw sd 0.229); contributing runs 10; underpowered (send varies in only 7 runs; elsewhere gap = 1 - return, so the gap test restates the return test plus those few runs)"
frontier,8-agent mixed,2 GeminiPro + 3 Opus + 3 Sol,mixed,H1 primary: give_align alignment -> giving gap (partners' latest myths before the game),-0.0074733628588097,-0.0247381896039225,0.0097914638863029,0.3530619965406301,,10.0,360,underpowered,"corr(gap, send) 0.73, corr(gap, return) -0.34; per SD of measure (raw sd 0.149); contributing runs 10; underpowered (send varies in only 7 runs; elsewhere gap = 1 - return, so the gap test restates the return test plus those few runs)"
frontier,8-agent mixed,2 GeminiPro + 3 Opus + 3 Sol,mixed,H1 primary: myth_cos alignment -> giving gap (partners' latest myths before the game),-0.0095564525291965,-0.0224570439152232,0.0033441388568301,0.1281054303791877,,10.0,360,underpowered,"corr(gap, send) 0.73, corr(gap, return) -0.34; per SD of measure (raw sd 0.094); contributing runs 10; underpowered (send varies in only 7 runs; elsewhere gap = 1 - return, so the gap test restates the return test plus those few runs)"
frontier,"2-agent (all, pooled)",all 2-agent runs (pooled),pooled,"H1 agent FE (investor, trustee within run) + round: same_label alignment -> send fraction",-0.0001317527299928,-0.005122249918096,0.0048587444581104,0.9581120267387456,1.0,66.0,594,no detectable effect,per SD of measure (raw sd 0.471); contributing runs 14
frontier,"2-agent (all, pooled)",all 2-agent runs (pooled),pooled,"H1 agent FE (investor, trustee within run) + round: moral_cos alignment -> send fraction",-5.194827748076275e-05,-0.0055802571044134,0.0054763605494519,0.9850847412743924,1.0,66.0,594,no detectable effect,per SD of measure (raw sd 0.112); contributing runs 18
frontier,"2-agent (all, pooled)",all 2-agent runs (pooled),pooled,"H1 agent FE (investor, trustee within run) + round: rule_index alignment -> send fraction",-0.0034195582592259,-0.0152966628157019,0.00845754629725,0.5672766696322584,1.0,66.0,594,no detectable effect,per SD of measure (raw sd 0.217); contributing runs 18
frontier,"2-agent (all, pooled)",all 2-agent runs (pooled),pooled,"H1 agent FE (investor, trustee within run) + round: give_align alignment -> send fraction",-0.0020152430407871,-0.022986329204654,0.0189558431230796,0.8484051335794374,1.0,66.0,594,no detectable effect,per SD of measure (raw sd 0.123); contributing runs 17
frontier,"2-agent (all, pooled)",all 2-agent runs (pooled),pooled,"H1 agent FE (investor, trustee within run) + round: myth_cos alignment -> send fraction",0.0062044844082942,-0.0046376681019325,0.017046636918521,0.2572831525267117,1.0,66.0,594,no detectable effect,per SD of measure (raw sd 0.107); contributing runs 18
frontier,"2-agent (all, pooled)",all 2-agent runs (pooled),pooled,H1 DeepSeek labels: same_label alignment -> send fraction,0.0002696443934671,-0.0040481410806522,0.0045874298675864,0.9011296230108864,1.0,66.0,593,no detectable effect,"DeepSeek frontier labels served with hidden reasoning, robustness only; GLM level controls; GLM-label primary +0.0008 (p 0.706); per SD of measure (raw sd 0.471); contributing runs 16"
frontier,"2-agent (all, pooled)",all 2-agent runs (pooled),pooled,"H1 agent FE (investor, trustee within run) + round: same_label alignment -> return proportion",-0.0013011923653012,-0.0059873800493008,0.0033849953186983,0.5811150676887913,1.0,66.0,594,no detectable effect,per SD of measure (raw sd 0.471); contributing runs 55
frontier,"2-agent (all, pooled)",all 2-agent runs (pooled),pooled,"H1 agent FE (investor, trustee within run) + round: moral_cos alignment -> return proportion",0.0018942059027701,-0.0019357397835753,0.0057241515891157,0.3269426671044542,1.0,66.0,594,no detectable effect,per SD of measure (raw sd 0.112); contributing runs 66
frontier,"2-agent (all, pooled)",all 2-agent runs (pooled),pooled,"H1 agent FE (investor, trustee within run) + round: rule_index alignment -> return proportion",-0.0028273085320009,-0.0109919068614645,0.0053372897974626,0.4916600123316494,1.0,66.0,594,no detectable effect,per SD of measure (raw sd 0.217); contributing runs 63
frontier,"2-agent (all, pooled)",all 2-agent runs (pooled),pooled,"H1 agent FE (investor, trustee within run) + round: give_align alignment -> return proportion",-0.0047561862150311,-0.0136241981818851,0.0041118257518227,0.288073838392916,1.0,66.0,594,no detectable effect,per SD of measure (raw sd 0.123); contributing runs 56
frontier,"2-agent (all, pooled)",all 2-agent runs (pooled),pooled,"H1 agent FE (investor, trustee within run) + round: myth_cos alignment -> return proportion",-0.0020168868581533,-0.0088951028166302,0.0048613291003235,0.5601606608946865,1.0,66.0,594,no detectable effect,per SD of measure (raw sd 0.107); contributing runs 66
frontier,"2-agent (all, pooled)",all 2-agent runs (pooled),pooled,H1 DeepSeek labels: same_label alignment -> return proportion,-0.0008567234155933,-0.0037689061933297,0.002055459362143,0.5588833592397375,1.0,66.0,593,no detectable effect,"DeepSeek frontier labels served with hidden reasoning, robustness only; GLM level controls; GLM-label primary -0.0003 (p 0.896); per SD of measure (raw sd 0.471); contributing runs 58"
frontier,"2-agent (all, pooled)",all 2-agent runs (pooled),pooled,"H1 agent FE (investor, trustee within run) + round: same_label alignment -> giving gap",0.0011404726199859,-0.0057648321233062,0.0080457773632781,0.7425776554031442,1.0,66.0,594,no detectable effect,per SD of measure (raw sd 0.471); contributing runs 55
frontier,"2-agent (all, pooled)",all 2-agent runs (pooled),pooled,"H1 agent FE (investor, trustee within run) + round: moral_cos alignment -> giving gap",-0.0018779984661172,-0.0081208124083063,0.0043648154760718,0.550068969619986,1.0,66.0,594,no detectable effect,per SD of measure (raw sd 0.112); contributing runs 66
frontier,"2-agent (all, pooled)",all 2-agent runs (pooled),pooled,"H1 agent FE (investor, trustee within run) + round: rule_index alignment -> giving gap",-0.0002884772037721,-0.0111913200945369,0.0106143656869927,0.958019811459745,1.0,66.0,594,no detectable effect,per SD of measure (raw sd 0.217); contributing runs 63
frontier,"2-agent (all, pooled)",all 2-agent runs (pooled),pooled,"H1 agent FE (investor, trustee within run) + round: give_align alignment -> giving gap",0.0036182525000445,-0.0156275206918099,0.0228640256918991,0.7085358252532231,1.0,66.0,594,no detectable effect,per SD of measure (raw sd 0.123); contributing runs 56
frontier,"2-agent (all, pooled)",all 2-agent runs (pooled),pooled,"H1 agent FE (investor, trustee within run) + round: myth_cos alignment -> giving gap",0.0074767587224825,-0.0046229474186263,0.0195764648635915,0.2216130255417822,1.0,66.0,594,no detectable effect,per SD of measure (raw sd 0.107); contributing runs 66
frontier,"2-agent (all, pooled)",all 2-agent runs (pooled),pooled,H1 DeepSeek labels: same_label alignment -> giving gap,0.000744858354845,-0.0037468113819633,0.0052365280916534,0.7415682244563677,1.0,66.0,593,no detectable effect,"DeepSeek frontier labels served with hidden reasoning, robustness only; GLM level controls; GLM-label primary +0.0013 (p 0.621); per SD of measure (raw sd 0.471); contributing runs 58"
frontier,"8-agent (all, pooled)",all 8-agent runs (pooled),pooled,"H1 agent FE (investor, trustee within run) + round: same_label alignment -> send fraction",-0.000338398474207,-0.0044501510973055,0.0037733541488914,0.868648681843033,1.0,40.0,1440,no detectable effect,per SD of measure (raw sd 0.473); contributing runs 22
frontier,"8-agent (all, pooled)",all 8-agent runs (pooled),pooled,H1 vs non-partner placebo: same_label alignment -> send fraction,-0.0009722612963654,-0.0050033788896938,0.0030588562969629,0.6283869809857019,1.0,40.0,1440,no detectable effect,partner alignment coef shown; non-partner placebo coef +0.0032 (p 0.277); per SD of measure (raw sd 0.473); contributing runs 19
frontier,"8-agent (all, pooled)",all 8-agent runs (pooled),pooled,H1 first meetings: same_label alignment -> send fraction,-0.0012545903424083,-0.0113665133009468,0.00885733261613,0.8031655943600196,1.0,40.0,888,no detectable effect,per SD of measure (raw sd 0.481); contributing runs 19
frontier,"8-agent (all, pooled)",all 8-agent runs (pooled),pooled,"H1 agent FE (investor, trustee within run) + round: moral_cos alignment -> send fraction",0.0024594990890824,-0.0017689776641082,0.0066879758422731,0.2465260621113433,1.0,40.0,1440,no detectable effect,per SD of measure (raw sd 0.108); contributing runs 23
frontier,"8-agent (all, pooled)",all 8-agent runs (pooled),pooled,H1 vs non-partner placebo: moral_cos alignment -> send fraction,0.0015302200576257,-0.0034018100420277,0.0064622501572791,0.5339473221506474,1.0,40.0,1440,no detectable effect,partner alignment coef shown; non-partner placebo coef +0.0038 (p 0.178); per SD of measure (raw sd 0.108); contributing runs 23
frontier,"8-agent (all, pooled)",all 8-agent runs (pooled),pooled,H1 first meetings: moral_cos alignment -> send fraction,0.0031449064544423,-0.0042867087307167,0.0105765216396015,0.3972478968491444,1.0,40.0,888,no detectable effect,per SD of measure (raw sd 0.108); contributing runs 23
frontier,"8-agent (all, pooled)",all 8-agent runs (pooled),pooled,"H1 agent FE (investor, trustee within run) + round: rule_index alignment -> send fraction",-0.0124892255350215,-0.026498047213616,0.0015195961435729,0.079074012784095,1.0,40.0,1440,no detectable effect,per SD of measure (raw sd 0.245); contributing runs 23
frontier,"8-agent (all, pooled)",all 8-agent runs (pooled),pooled,H1 vs non-partner placebo: rule_index alignment -> send fraction,-0.0090605303920617,-0.0213670373959813,0.0032459766118578,0.1444818724531549,1.0,40.0,1440,no detectable effect,partner alignment coef shown; non-partner placebo coef +0.0027 (p 0.651); per SD of measure (raw sd 0.245); contributing runs 23
frontier,"8-agent (all, pooled)",all 8-agent runs (pooled),pooled,H1 first meetings: rule_index alignment -> send fraction,-0.0153319370371158,-0.0337011043441282,0.0030372302698964,0.0993452095717047,1.0,40.0,888,no detectable effect,per SD of measure (raw sd 0.249); contributing runs 23
frontier,"8-agent (all, pooled)",all 8-agent runs (pooled),pooled,"H1 agent FE (investor, trustee within run) + round: give_align alignment -> send fraction",-0.0099266150180015,-0.0249632652110559,0.0051100351750529,0.1895192878368521,1.0,40.0,1440,no detectable effect,per SD of measure (raw sd 0.143); contributing runs 23
frontier,"8-agent (all, pooled)",all 8-agent runs (pooled),pooled,H1 vs non-partner placebo: give_align alignment -> send fraction,-0.009412888409641,-0.021232290664884,0.0024065138456019,0.115276071191663,1.0,40.0,1440,no detectable effect,partner alignment coef shown; non-partner placebo coef +0.0047 (p 0.658); per SD of measure (raw sd 0.143); contributing runs 23
frontier,"8-agent (all, pooled)",all 8-agent runs (pooled),pooled,H1 first meetings: give_align alignment -> send fraction,-0.0112676936090656,-0.0272396952949788,0.0047043080768475,0.1615552647077024,1.0,40.0,888,no detectable effect,per SD of measure (raw sd 0.149); contributing runs 23
frontier,"8-agent (all, pooled)",all 8-agent runs (pooled),pooled,"H1 agent FE (investor, trustee within run) + round: myth_cos alignment -> send fraction",-0.0026543963069907,-0.0065029269083923,0.0011941342944108,0.1708851468643158,1.0,40.0,1440,no detectable effect,per SD of measure (raw sd 0.093); contributing runs 23
frontier,"8-agent (all, pooled)",all 8-agent runs (pooled),pooled,H1 vs non-partner placebo: myth_cos alignment -> send fraction,-0.0041434746548213,-0.0094179574729559,0.0011310081633133,0.1201434063695512,1.0,40.0,1440,no detectable effect,partner alignment coef shown; non-partner placebo coef +0.0056 (p 0.132); per SD of measure (raw sd 0.093); contributing runs 23
frontier,"8-agent (all, pooled)",all 8-agent runs (pooled),pooled,H1 first meetings: myth_cos alignment -> send fraction,-0.0021888014597662,-0.0093456622919811,0.0049680593724486,0.5397732005486662,1.0,40.0,888,no detectable effect,per SD of measure (raw sd 0.094); contributing runs 23
frontier,"8-agent (all, pooled)",all 8-agent runs (pooled),pooled,H1 DeepSeek labels: same_label alignment -> send fraction,-0.0012608551912478,-0.0036481842493429,0.0011264738668472,0.2919651449419804,0.5839302898839609,40.0,1440,no detectable effect,"DeepSeek frontier labels served with hidden reasoning, robustness only; GLM level controls; GLM-label primary -0.0006 (p 0.768); per SD of measure (raw sd 0.473); contributing runs 20"
frontier,"8-agent (all, pooled)",all 8-agent runs (pooled),pooled,"H1 agent FE (investor, trustee within run) + round: same_label alignment -> return proportion",-0.0012712617190781,-0.0051997352940787,0.0026572118559224,0.5166014521620754,1.0,40.0,1440,no detectable effect,per SD of measure (raw sd 0.473); contributing runs 39
frontier,"8-agent (all, pooled)",all 8-agent runs (pooled),pooled,H1 vs non-partner placebo: same_label alignment -> return proportion,0.0001572238004414,-0.003145996342204,0.0034604439430869,0.9237957640799002,1.0,40.0,1440,no detectable effect,partner alignment coef shown; non-partner placebo coef +0.0018 (p 0.310); per SD of measure (raw sd 0.473); contributing runs 39
frontier,"8-agent (all, pooled)",all 8-agent runs (pooled),pooled,H1 first meetings: same_label alignment -> return proportion,0.0038296038408979,-0.0026445551867502,0.0103037628685461,0.2387383123965124,1.0,40.0,888,no detectable effect,per SD of measure (raw sd 0.481); contributing runs 38
frontier,"8-agent (all, pooled)",all 8-agent runs (pooled),pooled,"H1 agent FE (investor, trustee within run) + round: moral_cos alignment -> return proportion",-0.0009901745731029,-0.0047619466393396,0.0027815974931336,0.5984289044132673,1.0,40.0,1440,no detectable effect,per SD of measure (raw sd 0.108); contributing runs 40
frontier,"8-agent (all, pooled)",all 8-agent runs (pooled),pooled,H1 vs non-partner placebo: moral_cos alignment -> return proportion,0.0019499618464105,-0.0025903445565703,0.0064902682493915,0.3903251867737229,1.0,40.0,1440,no detectable effect,partner alignment coef shown; non-partner placebo coef +0.0020 (p 0.471); per SD of measure (raw sd 0.108); contributing runs 40
frontier,"8-agent (all, pooled)",all 8-agent runs (pooled),pooled,H1 first meetings: moral_cos alignment -> return proportion,0.0022329362969064,-0.0061469098084772,0.0106127824022901,0.5929667127723188,1.0,40.0,888,no detectable effect,per SD of measure (raw sd 0.108); contributing runs 40
frontier,"8-agent (all, pooled)",all 8-agent runs (pooled),pooled,"H1 agent FE (investor, trustee within run) + round: rule_index alignment -> return proportion",-0.0062264028939976,-0.0146547638238369,0.0022019580358417,0.143157639739768,1.0,40.0,1440,no detectable effect,per SD of measure (raw sd 0.245); contributing runs 40
frontier,"8-agent (all, pooled)",all 8-agent runs (pooled),pooled,H1 vs non-partner placebo: rule_index alignment -> return proportion,-0.0019791909925418,-0.0090271298190531,0.0050687478339695,0.5732848870155526,1.0,40.0,1440,no detectable effect,partner alignment coef shown; non-partner placebo coef +0.0008 (p 0.829); per SD of measure (raw sd 0.245); contributing runs 40
frontier,"8-agent (all, pooled)",all 8-agent runs (pooled),pooled,H1 first meetings: rule_index alignment -> return proportion,-0.0010940206547826,-0.0110691293167948,0.0088810880072296,0.8255969681841464,1.0,40.0,888,no detectable effect,per SD of measure (raw sd 0.249); contributing runs 40
frontier,"8-agent (all, pooled)",all 8-agent runs (pooled),pooled,"H1 agent FE (investor, trustee within run) + round: give_align alignment -> return proportion",-0.0038094278496138,-0.0151447618597262,0.0075259061604985,0.500672236061904,1.0,40.0,1440,no detectable effect,per SD of measure (raw sd 0.143); contributing runs 40
frontier,"8-agent (all, pooled)",all 8-agent runs (pooled),pooled,H1 vs non-partner placebo: give_align alignment -> return proportion,-0.0027108080881601,-0.0116632286558023,0.0062416124794819,0.5437789470059269,1.0,40.0,1440,no detectable effect,partner alignment coef shown; non-partner placebo coef -0.0006 (p 0.940); per SD of measure (raw sd 0.143); contributing runs 40
frontier,"8-agent (all, pooled)",all 8-agent runs (pooled),pooled,H1 first meetings: give_align alignment -> return proportion,-0.0046613277987701,-0.0150253770819188,0.0057027214843784,0.3685562467717083,1.0,40.0,888,no detectable effect,per SD of measure (raw sd 0.149); contributing runs 40
frontier,"8-agent (all, pooled)",all 8-agent runs (pooled),pooled,"H1 agent FE (investor, trustee within run) + round: myth_cos alignment -> return proportion",0.0010898190916138,-0.0027098680963789,0.0048895062796066,0.5651542805284939,1.0,40.0,1440,no detectable effect,per SD of measure (raw sd 0.093); contributing runs 40
frontier,"8-agent (all, pooled)",all 8-agent runs (pooled),pooled,H1 vs non-partner placebo: myth_cos alignment -> return proportion,4.49638393747579e-05,-0.0038512711219631,0.0039411988007126,0.9814960795761244,1.0,40.0,1440,no detectable effect,partner alignment coef shown; non-partner placebo coef -0.0018 (p 0.450); per SD of measure (raw sd 0.093); contributing runs 40
frontier,"8-agent (all, pooled)",all 8-agent runs (pooled),pooled,H1 first meetings: myth_cos alignment -> return proportion,0.0002453778607197,-0.0049452883599649,0.0054360440814043,0.924313234930728,1.0,40.0,888,no detectable effect,per SD of measure (raw sd 0.094); contributing runs 40
frontier,"8-agent (all, pooled)",all 8-agent runs (pooled),pooled,H1 DeepSeek labels: same_label alignment -> return proportion,0.0015175926035594,-0.0020351235609378,0.0050703087680568,0.3928595502770818,0.5839302898839609,40.0,1440,no detectable effect,"DeepSeek frontier labels served with hidden reasoning, robustness only; GLM level controls; GLM-label primary +0.0004 (p 0.817); per SD of measure (raw sd 0.473); contributing runs 40"
frontier,"8-agent (all, pooled)",all 8-agent runs (pooled),pooled,"H1 agent FE (investor, trustee within run) + round: same_label alignment -> giving gap",0.0010615964914231,-0.0042098599786137,0.0063330529614599,0.6859846760577313,1.0,40.0,1440,no detectable effect,per SD of measure (raw sd 0.473); contributing runs 39
frontier,"8-agent (all, pooled)",all 8-agent runs (pooled),pooled,H1 vs non-partner placebo: same_label alignment -> giving gap,-0.0010425981466825,-0.005847044374285,0.00376184808092,0.6631287774339425,1.0,40.0,1440,no detectable effect,partner alignment coef shown; non-partner placebo coef +0.0012 (p 0.718); per SD of measure (raw sd 0.473); contributing runs 39
frontier,"8-agent (all, pooled)",all 8-agent runs (pooled),pooled,H1 first meetings: same_label alignment -> giving gap,-0.0049344378369029,-0.0157048665663226,0.0058359908925166,0.3597873006586002,1.0,40.0,888,no detectable effect,per SD of measure (raw sd 0.481); contributing runs 38
frontier,"8-agent (all, pooled)",all 8-agent runs (pooled),pooled,"H1 agent FE (investor, trustee within run) + round: moral_cos alignment -> giving gap",0.003415898594294,-0.0016930895108971,0.0085248866994851,0.1840429776874245,1.0,40.0,1440,no detectable effect,per SD of measure (raw sd 0.108); contributing runs 40
frontier,"8-agent (all, pooled)",all 8-agent runs (pooled),pooled,H1 vs non-partner placebo: moral_cos alignment -> giving gap,-0.0003435862764843,-0.0051902450478555,0.0045030724948868,0.8867194676913814,1.0,40.0,1440,no detectable effect,partner alignment coef shown; non-partner placebo coef +0.0015 (p 0.634); per SD of measure (raw sd 0.108); contributing runs 40
frontier,"8-agent (all, pooled)",all 8-agent runs (pooled),pooled,H1 first meetings: moral_cos alignment -> giving gap,0.0008918850076658,-0.0065664845864474,0.0083502546017791,0.8101428700374836,1.0,40.0,888,no detectable effect,per SD of measure (raw sd 0.108); contributing runs 40
frontier,"8-agent (all, pooled)",all 8-agent runs (pooled),pooled,"H1 agent FE (investor, trustee within run) + round: rule_index alignment -> giving gap",-0.0063679091660233,-0.0168584979591055,0.0041226796270588,0.226882318292342,1.0,40.0,1440,no detectable effect,per SD of measure (raw sd 0.245); contributing runs 40
frontier,"8-agent (all, pooled)",all 8-agent runs (pooled),pooled,H1 vs non-partner placebo: rule_index alignment -> giving gap,-0.0068357447278117,-0.0169418410033305,0.003270351547707,0.1790982010514683,1.0,40.0,1440,no detectable effect,partner alignment coef shown; non-partner placebo coef +0.0015 (p 0.744); per SD of measure (raw sd 0.245); contributing runs 40
frontier,"8-agent (all, pooled)",all 8-agent runs (pooled),pooled,H1 first meetings: rule_index alignment -> giving gap,-0.0139867068925904,-0.0285803643004195,0.0006069505152386,0.0598158160949087,0.8972372414236313,40.0,888,no detectable effect,per SD of measure (raw sd 0.249); contributing runs 40
frontier,"8-agent (all, pooled)",all 8-agent runs (pooled),pooled,"H1 agent FE (investor, trustee within run) + round: give_align alignment -> giving gap",-0.0064345878752754,-0.0145296820567736,0.0016605063062228,0.1159488520370841,1.0,40.0,1440,no detectable effect,per SD of measure (raw sd 0.143); contributing runs 40
frontier,"8-agent (all, pooled)",all 8-agent runs (pooled),pooled,H1 vs non-partner placebo: give_align alignment -> giving gap,-0.0068034096260539,-0.0139665477043708,0.0003597284522628,0.0620487487009428,0.930731230514142,40.0,1440,no detectable effect,partner alignment coef shown; non-partner placebo coef +0.0046 (p 0.646); per SD of measure (raw sd 0.143); contributing runs 40
frontier,"8-agent (all, pooled)",all 8-agent runs (pooled),pooled,H1 first meetings: give_align alignment -> giving gap,-0.0069787109351177,-0.0184533002214194,0.0044958783511839,0.2259998316743562,1.0,40.0,888,no detectable effect,per SD of measure (raw sd 0.149); contributing runs 40
frontier,"8-agent (all, pooled)",all 8-agent runs (pooled),pooled,"H1 agent FE (investor, trustee within run) + round: myth_cos alignment -> giving gap",-0.0038853486016492,-0.0086514622646493,0.0008807650613509,0.1072010098168149,1.0,40.0,1440,no detectable effect,per SD of measure (raw sd 0.093); contributing runs 40
frontier,"8-agent (all, pooled)",all 8-agent runs (pooled),pooled,H1 vs non-partner placebo: myth_cos alignment -> giving gap,-0.0040563824021623,-0.0090753996130688,0.0009626348087441,0.1101501118719053,1.0,40.0,1440,no detectable effect,partner alignment coef shown; non-partner placebo coef +0.0070 (p 0.049); per SD of measure (raw sd 0.093); contributing runs 40
frontier,"8-agent (all, pooled)",all 8-agent runs (pooled),pooled,H1 first meetings: myth_cos alignment -> giving gap,-0.0023514680825404,-0.0100462983439898,0.0053433621789089,0.5400924395375162,1.0,40.0,888,no detectable effect,per SD of measure (raw sd 0.094); contributing runs 40
frontier,"8-agent (all, pooled)",all 8-agent runs (pooled),pooled,H1 DeepSeek labels: same_label alignment -> giving gap,-0.0027471418481001,-0.0066114623123248,0.0011171786161245,0.158430474923801,0.4752914247714032,40.0,1440,no detectable effect,"DeepSeek frontier labels served with hidden reasoning, robustness only; GLM level controls; GLM-label primary -0.0009 (p 0.706); per SD of measure (raw sd 0.473); contributing runs 40"
frontier,2-agent homogeneous,GeminiPro dyads,GeminiPro,"H1 agent FE (investor, trustee within run) + round: same_label alignment -> send fraction",-0.0021882978288977,-0.0100888641038276,0.005712268446032,0.5465019900067323,,10.0,90,underpowered,per SD of measure (raw sd 0.492); contributing runs 1
frontier,2-agent homogeneous,GeminiPro dyads,GeminiPro,"H1 agent FE (investor, trustee within run) + round: moral_cos alignment -> send fraction",-0.0002704904244021,-0.0023918853881596,0.0018509045393553,0.7795439070700089,,10.0,90,underpowered,per SD of measure (raw sd 0.102); contributing runs 1
frontier,2-agent homogeneous,GeminiPro dyads,GeminiPro,"H1 agent FE (investor, trustee within run) + round: rule_index alignment -> send fraction",0.0036525024805234,-0.0092215646743654,0.0165265696354123,0.5370065149677539,,10.0,90,underpowered,per SD of measure (raw sd 0.170); contributing runs 1
frontier,2-agent homogeneous,GeminiPro dyads,GeminiPro,"H1 agent FE (investor, trustee within run) + round: give_align alignment -> send fraction",-0.01648171372392,-0.0233367913919773,-0.0096266360558627,0.000411559412617,,10.0,90,not estimable: ceiling,per SD of measure (raw sd 0.110); contributing runs 0
frontier,2-agent homogeneous,GeminiPro dyads,GeminiPro,"H1 agent FE (investor, trustee within run) + round: myth_cos alignment -> send fraction",0.0051528994253695,-0.0100689486780373,0.0203747475287764,0.4634134377716827,,10.0,90,underpowered,per SD of measure (raw sd 0.070); contributing runs 1
frontier,2-agent homogeneous,GeminiPro dyads,GeminiPro,H1 DeepSeek labels: same_label alignment -> send fraction,-0.0012423112313862,-0.0045543985957473,0.0020697761329748,0.4181552107315135,,10.0,90,underpowered,"DeepSeek frontier labels served with hidden reasoning, robustness only; GLM level controls; GLM-label primary -0.0018 (p 0.431); per SD of measure (raw sd 0.492); contributing runs 1"
frontier,2-agent homogeneous,GeminiPro dyads,GeminiPro,"H1 agent FE (investor, trustee within run) + round: same_label alignment -> return proportion",0.003241137976438,-0.0112170568229346,0.0176993327758106,0.624265958318083,1.0,10.0,90,no detectable effect,per SD of measure (raw sd 0.492); contributing runs 9
frontier,2-agent homogeneous,GeminiPro dyads,GeminiPro,"H1 agent FE (investor, trustee within run) + round: moral_cos alignment -> return proportion",-0.0060519582959731,-0.0188883820630563,0.0067844654711101,0.3139555916390028,1.0,10.0,90,no detectable effect,per SD of measure (raw sd 0.102); contributing runs 10
frontier,2-agent homogeneous,GeminiPro dyads,GeminiPro,"H1 agent FE (investor, trustee within run) + round: rule_index alignment -> return proportion",-0.0002652643426144,-0.0296210386374595,0.0290905099522306,0.9841373661691912,1.0,10.0,90,no detectable effect,per SD of measure (raw sd 0.170); contributing runs 8
frontier,2-agent homogeneous,GeminiPro dyads,GeminiPro,"H1 agent FE (investor, trustee within run) + round: give_align alignment -> return proportion",-7.569003267367169e-05,-0.0176774600307224,0.017526079965375,0.9924508455912564,,10.0,90,underpowered,per SD of measure (raw sd 0.110); contributing runs 5
frontier,2-agent homogeneous,GeminiPro dyads,GeminiPro,"H1 agent FE (investor, trustee within run) + round: myth_cos alignment -> return proportion",-0.0106125309495321,-0.0311094049608749,0.0098843430618107,0.2715680197980765,1.0,10.0,90,no detectable effect,per SD of measure (raw sd 0.070); contributing runs 10
frontier,2-agent homogeneous,GeminiPro dyads,GeminiPro,H1 DeepSeek labels: same_label alignment -> return proportion,0.0009088509888137,-0.0079848490247209,0.0098025510023485,0.8223519671043397,0.8223519671043397,10.0,90,no detectable effect,"DeepSeek frontier labels served with hidden reasoning, robustness only; GLM level controls; GLM-label primary +0.0005 (p 0.911); per SD of measure (raw sd 0.492); contributing runs 10"
frontier,2-agent homogeneous,Opus dyads,Opus,"H1 agent FE (investor, trustee within run) + round: same_label alignment -> send fraction",0.0025356740021675,-0.0132253087134195,0.0182966567177547,0.7243039677628328,,10.0,90,not estimable: ceiling,per SD of measure (raw sd 0.263); contributing runs 0
frontier,2-agent homogeneous,Opus dyads,Opus,"H1 agent FE (investor, trustee within run) + round: moral_cos alignment -> send fraction",-0.0039812603402797,-0.018034893196813,0.0100723725162535,0.5375956538290042,,10.0,90,underpowered,per SD of measure (raw sd 0.107); contributing runs 1
frontier,2-agent homogeneous,Opus dyads,Opus,"H1 agent FE (investor, trustee within run) + round: rule_index alignment -> send fraction",0.0105090528607414,-0.0252258752441002,0.0462439809655831,0.52256332970146,,10.0,90,underpowered,per SD of measure (raw sd 0.175); contributing runs 1
frontier,2-agent homogeneous,Opus dyads,Opus,"H1 agent FE (investor, trustee within run) + round: give_align alignment -> send fraction",0.0090824442542827,-0.0673171821446101,0.0854820706531756,0.7940492180597132,,10.0,90,underpowered,per SD of measure (raw sd 0.107); contributing runs 1
frontier,2-agent homogeneous,Opus dyads,Opus,"H1 agent FE (investor, trustee within run) + round: myth_cos alignment -> send fraction",-0.0073709687145197,-0.0332028870061667,0.0184609495771273,0.5347167615226194,,10.0,90,underpowered,per SD of measure (raw sd 0.106); contributing runs 1
frontier,2-agent homogeneous,Opus dyads,Opus,H1 DeepSeek labels: same_label alignment -> send fraction,0.0021122362616584,-0.0061937359172805,0.0104182084405974,0.579202121194347,,10.0,90,underpowered,"DeepSeek frontier labels served with hidden reasoning, robustness only; GLM level controls; GLM-label primary -0.0020 (p 0.615); per SD of measure (raw sd 0.263); contributing runs 1"
frontier,2-agent homogeneous,Opus dyads,Opus,"H1 agent FE (investor, trustee within run) + round: same_label alignment -> return proportion",-0.0078474762432886,-0.0246647498956235,0.0089697974090463,0.3186647194772058,,10.0,90,underpowered,per SD of measure (raw sd 0.263); contributing runs 4
frontier,2-agent homogeneous,Opus dyads,Opus,"H1 agent FE (investor, trustee within run) + round: moral_cos alignment -> return proportion",0.0016540410482844,-0.011823948910452,0.0151320310070208,0.7875791063860795,1.0,10.0,90,no detectable effect,per SD of measure (raw sd 0.107); contributing runs 10
frontier,2-agent homogeneous,Opus dyads,Opus,"H1 agent FE (investor, trustee within run) + round: rule_index alignment -> return proportion",-0.0011573266654775,-0.0370046828359448,0.0346900295049896,0.9433768970191188,1.0,10.0,90,no detectable effect,per SD of measure (raw sd 0.175); contributing runs 9
frontier,2-agent homogeneous,Opus dyads,Opus,"H1 agent FE (investor, trustee within run) + round: give_align alignment -> return proportion",-0.0034976846667245,-0.0457474544833464,0.0387520851498973,0.8555991290752848,1.0,10.0,90,no detectable effect,per SD of measure (raw sd 0.107); contributing runs 8
frontier,2-agent homogeneous,Opus dyads,Opus,"H1 agent FE (investor, trustee within run) + round: myth_cos alignment -> return proportion",0.0062737390292438,-0.0205708475274817,0.0331183255859694,0.6098158176485673,1.0,10.0,90,no detectable effect,per SD of measure (raw sd 0.106); contributing runs 10
frontier,2-agent homogeneous,Opus dyads,Opus,H1 DeepSeek labels: same_label alignment -> return proportion,-0.0075252047862245,-0.0143929989112176,-0.0006574106612313,0.0350661991346825,,10.0,90,underpowered,"DeepSeek frontier labels served with hidden reasoning, robustness only; GLM level controls; GLM-label primary -0.0079 (p 0.096); per SD of measure (raw sd 0.263); contributing runs 5"
frontier,2-agent homogeneous,Sol dyads,Sol,"H1 agent FE (investor, trustee within run) + round: same_label alignment -> send fraction",-0.0333368115364302,-0.0932050091437169,0.0265313860708565,0.2394790625087052,,10.0,90,underpowered,per SD of measure (raw sd 0.402); contributing runs 3
frontier,2-agent homogeneous,Sol dyads,Sol,"H1 agent FE (investor, trustee within run) + round: moral_cos alignment -> send fraction",-0.0108486875344973,-0.0455925106272596,0.0238951355582649,0.4978450115915923,,10.0,90,underpowered,per SD of measure (raw sd 0.094); contributing runs 6
frontier,2-agent homogeneous,Sol dyads,Sol,"H1 agent FE (investor, trustee within run) + round: rule_index alignment -> send fraction",0.0030062693076565,-0.0158551127620385,0.0218676513773517,0.7267460579178086,,10.0,90,underpowered,per SD of measure (raw sd 0.204); contributing runs 6
frontier,2-agent homogeneous,Sol dyads,Sol,"H1 agent FE (investor, trustee within run) + round: give_align alignment -> send fraction",0.0334316351853561,-0.031092217680787,0.0979554880514993,0.2712529862263705,,10.0,90,underpowered,per SD of measure (raw sd 0.113); contributing runs 6
frontier,2-agent homogeneous,Sol dyads,Sol,"H1 agent FE (investor, trustee within run) + round: myth_cos alignment -> send fraction",0.0201572411555905,-0.0223736666080841,0.0626881489192651,0.3115655531449047,,10.0,90,underpowered,per SD of measure (raw sd 0.100); contributing runs 6
frontier,2-agent homogeneous,Sol dyads,Sol,H1 DeepSeek labels: same_label alignment -> send fraction,-0.0283320275561096,-0.0630533051523391,0.0063892500401198,0.0979903004563969,,10.0,90,underpowered,"DeepSeek frontier labels served with hidden reasoning, robustness only; GLM level controls; GLM-label primary -0.0314 (p 0.080); per SD of measure (raw sd 0.402); contributing runs 4"
frontier,2-agent homogeneous,Sol dyads,Sol,"H1 agent FE (investor, trustee within run) + round: same_label alignment -> return proportion",-0.040401813166344,-0.0816281876374288,0.0008245613047408,0.0538346488480841,,10.0,90,underpowered,per SD of measure (raw sd 0.402); contributing runs 6
frontier,2-agent homogeneous,Sol dyads,Sol,"H1 agent FE (investor, trustee within run) + round: moral_cos alignment -> return proportion",0.0046199295401953,-0.0172526060482677,0.0264924651286584,0.6441738789067568,1.0,10.0,90,no detectable effect,per SD of measure (raw sd 0.094); contributing runs 10
frontier,2-agent homogeneous,Sol dyads,Sol,"H1 agent FE (investor, trustee within run) + round: rule_index alignment -> return proportion",-0.0002212035874336,-0.0259281979693183,0.0254857907944511,0.9848945398640064,1.0,10.0,90,no detectable effect,per SD of measure (raw sd 0.204); contributing runs 10
frontier,2-agent homogeneous,Sol dyads,Sol,"H1 agent FE (investor, trustee within run) + round: give_align alignment -> return proportion",0.0022079866864842,-0.0375047789399976,0.0419207523129661,0.9026760326655658,1.0,10.0,90,no detectable effect,per SD of measure (raw sd 0.113); contributing runs 10
frontier,2-agent homogeneous,Sol dyads,Sol,"H1 agent FE (investor, trustee within run) + round: myth_cos alignment -> return proportion",-0.0213453352833816,-0.0547962552961631,0.0121055847293998,0.1827686059019856,0.7310744236079424,10.0,90,no detectable effect,per SD of measure (raw sd 0.100); contributing runs 10
frontier,2-agent homogeneous,Sol dyads,Sol,H1 DeepSeek labels: same_label alignment -> return proportion,-0.0032125368172303,-0.0306010510303243,0.0241759773958636,0.7967252780426063,,10.0,90,underpowered,"DeepSeek frontier labels served with hidden reasoning, robustness only; GLM level controls; GLM-label primary -0.0299 (p 0.057); per SD of measure (raw sd 0.402); contributing runs 7"
frontier,2-agent mixed,GeminiPro+Sol dyads,mixed,"H1 agent FE (investor, trustee within run) + round: same_label alignment -> send fraction",0.0062935990603532,-0.004384587953489,0.0169717860741955,0.2210976933753089,,12.0,108,underpowered,per SD of measure (raw sd 0.500); contributing runs 3
frontier,2-agent mixed,GeminiPro+Sol dyads,mixed,"H1 agent FE (investor, trustee within run) + round: moral_cos alignment -> send fraction",0.0038238495655982,-0.0070795049605197,0.0147272040917163,0.4564402510233796,,12.0,108,underpowered,per SD of measure (raw sd 0.123); contributing runs 3
frontier,2-agent mixed,GeminiPro+Sol dyads,mixed,"H1 agent FE (investor, trustee within run) + round: rule_index alignment -> send fraction",-0.0016695653452764,-0.0185935117835486,0.0152543810929958,0.8320821550432438,,12.0,108,underpowered,per SD of measure (raw sd 0.212); contributing runs 3
frontier,2-agent mixed,GeminiPro+Sol dyads,mixed,"H1 agent FE (investor, trustee within run) + round: give_align alignment -> send fraction",0.0428061168032409,0.0085255716687298,0.0770866619377521,0.0189457860525526,,12.0,108,underpowered,per SD of measure (raw sd 0.127); contributing runs 3
frontier,2-agent mixed,GeminiPro+Sol dyads,mixed,"H1 agent FE (investor, trustee within run) + round: myth_cos alignment -> send fraction",0.001886165738422,-0.0102062149452687,0.0139785464221128,0.7378377101465781,,12.0,108,underpowered,per SD of measure (raw sd 0.073); contributing runs 3
frontier,2-agent mixed,GeminiPro+Sol dyads,mixed,H1 DeepSeek labels: same_label alignment -> send fraction,0.0034809070194665,-0.0077895469290872,0.0147513609680203,0.5106963779735447,,12.0,107,underpowered,"DeepSeek frontier labels served with hidden reasoning, robustness only; GLM level controls; GLM-label primary +0.0057 (p 0.151); per SD of measure (raw sd 0.500); contributing runs 3"
frontier,2-agent mixed,GeminiPro+Sol dyads,mixed,"H1 agent FE (investor, trustee within run) + round: same_label alignment -> return proportion",-0.0097404995002247,-0.0248373732916079,0.0053563742911585,0.1833021012162451,0.9165105060812256,12.0,108,no detectable effect,per SD of measure (raw sd 0.500); contributing runs 12
frontier,2-agent mixed,GeminiPro+Sol dyads,mixed,"H1 agent FE (investor, trustee within run) + round: moral_cos alignment -> return proportion",0.0009844986988936,-0.0139324680084108,0.0159014654061982,0.8871316299497416,1.0,12.0,108,no detectable effect,per SD of measure (raw sd 0.123); contributing runs 12
frontier,2-agent mixed,GeminiPro+Sol dyads,mixed,"H1 agent FE (investor, trustee within run) + round: rule_index alignment -> return proportion",0.0005528755838505,-0.0212957703439132,0.0224015215116144,0.9565831481305112,1.0,12.0,108,no detectable effect,per SD of measure (raw sd 0.212); contributing runs 12
frontier,2-agent mixed,GeminiPro+Sol dyads,mixed,"H1 agent FE (investor, trustee within run) + round: give_align alignment -> return proportion",-0.0087492917837063,-0.0278372205408013,0.0103386369733885,0.334718507983639,1.0,12.0,108,no detectable effect,per SD of measure (raw sd 0.127); contributing runs 11
frontier,2-agent mixed,GeminiPro+Sol dyads,mixed,"H1 agent FE (investor, trustee within run) + round: myth_cos alignment -> return proportion",0.0068215592543973,-0.009072013941795,0.0227151324505898,0.3651160895215459,1.0,12.0,108,no detectable effect,per SD of measure (raw sd 0.073); contributing runs 12
frontier,2-agent mixed,GeminiPro+Sol dyads,mixed,H1 DeepSeek labels: same_label alignment -> return proportion,0.0010920742486856,-0.0184869373850555,0.0206710858824268,0.904506586706934,0.904506586706934,12.0,107,no detectable effect,"DeepSeek frontier labels served with hidden reasoning, robustness only; GLM level controls; GLM-label primary -0.0083 (p 0.100); per SD of measure (raw sd 0.500); contributing runs 12"
frontier,2-agent mixed,Opus+GeminiPro dyads,mixed,"H1 agent FE (investor, trustee within run) + round: same_label alignment -> send fraction",0.0017688785572969,-0.0048197765000807,0.0083575336146747,0.5665267868356217,,12.0,108,underpowered,per SD of measure (raw sd 0.489); contributing runs 2
frontier,2-agent mixed,Opus+GeminiPro dyads,mixed,"H1 agent FE (investor, trustee within run) + round: moral_cos alignment -> send fraction",0.0002487772860506,-0.0014027181259753,0.0019002726980766,0.7464590864757175,,12.0,108,underpowered,per SD of measure (raw sd 0.116); contributing runs 2
frontier,2-agent mixed,Opus+GeminiPro dyads,mixed,"H1 agent FE (investor, trustee within run) + round: rule_index alignment -> send fraction",0.0006199143964354,-0.0084849633128628,0.0097247921057336,0.8835904433605581,,12.0,108,underpowered,per SD of measure (raw sd 0.202); contributing runs 2
frontier,2-agent mixed,Opus+GeminiPro dyads,mixed,"H1 agent FE (investor, trustee within run) + round: give_align alignment -> send fraction",-0.0791050639943134,-0.0959531805479863,-0.0622569474406404,5.318706223671816e-07,,12.0,108,underpowered,per SD of measure (raw sd 0.130); contributing runs 2
frontier,2-agent mixed,Opus+GeminiPro dyads,mixed,"H1 agent FE (investor, trustee within run) + round: myth_cos alignment -> send fraction",0.004210119505696,-0.0084176211438383,0.0168378601552305,0.4784115225862048,,12.0,108,underpowered,per SD of measure (raw sd 0.124); contributing runs 2
frontier,2-agent mixed,Opus+GeminiPro dyads,mixed,H1 DeepSeek labels: same_label alignment -> send fraction,0.0014495858302118,-0.002277453024994,0.0051766246854176,0.4102324348098527,,12.0,108,underpowered,"DeepSeek frontier labels served with hidden reasoning, robustness only; GLM level controls; GLM-label primary +0.0009 (p 0.546); per SD of measure (raw sd 0.489); contributing runs 2"
frontier,2-agent mixed,Opus+GeminiPro dyads,mixed,"H1 agent FE (investor, trustee within run) + round: same_label alignment -> return proportion",-0.0019823160590395,-0.011222291833225,0.0072576597151459,0.6460182235805757,1.0,12.0,108,no detectable effect,per SD of measure (raw sd 0.489); contributing runs 12
frontier,2-agent mixed,Opus+GeminiPro dyads,mixed,"H1 agent FE (investor, trustee within run) + round: moral_cos alignment -> return proportion",0.0012508632444674,-0.0049221055602594,0.0074238320491943,0.6642500373382432,1.0,12.0,108,no detectable effect,per SD of measure (raw sd 0.116); contributing runs 12
frontier,2-agent mixed,Opus+GeminiPro dyads,mixed,"H1 agent FE (investor, trustee within run) + round: rule_index alignment -> return proportion",0.0106138421400072,-0.0085746030313494,0.0298022873113639,0.2489070246685803,1.0,12.0,108,no detectable effect,per SD of measure (raw sd 0.202); contributing runs 12
frontier,2-agent mixed,Opus+GeminiPro dyads,mixed,"H1 agent FE (investor, trustee within run) + round: give_align alignment -> return proportion",-0.0173332708829318,-0.0767064543312914,0.0420399125654278,0.5336792621460088,1.0,12.0,108,no detectable effect,per SD of measure (raw sd 0.130); contributing runs 10
frontier,2-agent mixed,Opus+GeminiPro dyads,mixed,"H1 agent FE (investor, trustee within run) + round: myth_cos alignment -> return proportion",-0.0061655524089697,-0.0174210006782679,0.0050898958603284,0.2532414404543837,1.0,12.0,108,no detectable effect,per SD of measure (raw sd 0.124); contributing runs 12
frontier,2-agent mixed,Opus+GeminiPro dyads,mixed,H1 DeepSeek labels: same_label alignment -> return proportion,-0.005940398829186,-0.0099861114719094,-0.0018946861864625,0.0079903275179617,0.0079903275179617,12.0,108,suggestive,"DeepSeek frontier labels served with hidden reasoning, robustness only; GLM level controls; GLM-label primary +0.0016 (p 0.721); judge-dependent: the GLM-label primary is null; per SD of measure (raw sd 0.489); contributing runs 12"
frontier,2-agent mixed,Opus+Sol dyads,mixed,"H1 agent FE (investor, trustee within run) + round: same_label alignment -> send fraction",0.001955007394593,-0.0141310138053636,0.0180410285945497,0.7940365550391085,,12.0,108,underpowered,per SD of measure (raw sd 0.494); contributing runs 5
frontier,2-agent mixed,Opus+Sol dyads,mixed,"H1 agent FE (investor, trustee within run) + round: moral_cos alignment -> send fraction",-0.0017763606455934,-0.0115121892423769,0.0079594679511899,0.6956827179656351,,12.0,108,underpowered,per SD of measure (raw sd 0.094); contributing runs 5
frontier,2-agent mixed,Opus+Sol dyads,mixed,"H1 agent FE (investor, trustee within run) + round: rule_index alignment -> send fraction",-0.0091521710418862,-0.0279199075265896,0.0096155654428172,0.3061090384745622,,12.0,108,underpowered,per SD of measure (raw sd 0.225); contributing runs 5
frontier,2-agent mixed,Opus+Sol dyads,mixed,"H1 agent FE (investor, trustee within run) + round: give_align alignment -> send fraction",0.0034866303178698,-0.0213226556772393,0.028295916312979,0.7628579827935346,,12.0,108,underpowered,per SD of measure (raw sd 0.110); contributing runs 5
frontier,2-agent mixed,Opus+Sol dyads,mixed,"H1 agent FE (investor, trustee within run) + round: myth_cos alignment -> send fraction",-0.0030804266720523,-0.0244704871943081,0.0183096338502033,0.7572021488416816,,12.0,108,underpowered,per SD of measure (raw sd 0.090); contributing runs 5
frontier,2-agent mixed,Opus+Sol dyads,mixed,H1 DeepSeek labels: same_label alignment -> send fraction,-0.0016301443277742,-0.0111829486669343,0.0079226600113858,0.7143649051871837,,12.0,108,underpowered,"DeepSeek frontier labels served with hidden reasoning, robustness only; GLM level controls; GLM-label primary +0.0036 (p 0.411); per SD of measure (raw sd 0.494); contributing runs 5"
frontier,2-agent mixed,Opus+Sol dyads,mixed,"H1 agent FE (investor, trustee within run) + round: same_label alignment -> return proportion",-0.0003855844665282,-0.0110159287865196,0.0102447598534631,0.9378029824226254,1.0,12.0,108,no detectable effect,per SD of measure (raw sd 0.494); contributing runs 12
frontier,2-agent mixed,Opus+Sol dyads,mixed,"H1 agent FE (investor, trustee within run) + round: moral_cos alignment -> return proportion",0.0039930003703637,-0.0038451117264388,0.0118311124671663,0.2860598500259421,1.0,12.0,108,no detectable effect,per SD of measure (raw sd 0.094); contributing runs 12
frontier,2-agent mixed,Opus+Sol dyads,mixed,"H1 agent FE (investor, trustee within run) + round: rule_index alignment -> return proportion",-0.0061378433494266,-0.0207904289715815,0.0085147422727283,0.3763210256207238,1.0,12.0,108,no detectable effect,per SD of measure (raw sd 0.225); contributing runs 12
frontier,2-agent mixed,Opus+Sol dyads,mixed,"H1 agent FE (investor, trustee within run) + round: give_align alignment -> return proportion",-0.0008534224555899,-0.0197174633393076,0.0180106184281276,0.9224739765308414,1.0,12.0,108,no detectable effect,per SD of measure (raw sd 0.110); contributing runs 12
frontier,2-agent mixed,Opus+Sol dyads,mixed,"H1 agent FE (investor, trustee within run) + round: myth_cos alignment -> return proportion",-0.0012597297722359,-0.0123879177337024,0.0098684581892304,0.8078317495694088,1.0,12.0,108,no detectable effect,per SD of measure (raw sd 0.090); contributing runs 12
frontier,2-agent mixed,Opus+Sol dyads,mixed,H1 DeepSeek labels: same_label alignment -> return proportion,-0.0005867960950506,-0.0122228497937027,0.0110492576036014,0.9136205933418806,0.9136205933418806,12.0,108,no detectable effect,"DeepSeek frontier labels served with hidden reasoning, robustness only; GLM level controls; GLM-label primary +0.0001 (p 0.973); per SD of measure (raw sd 0.494); contributing runs 12"
frontier,8-agent homogeneous,8 GeminiPro,GeminiPro,"H1 agent FE (investor, trustee within run) + round: same_label alignment -> send fraction",-8.490026037866064e-18,-2.7742067759472538e-17,1.0762015683740405e-17,0.3445390613546848,,10.0,360,underpowered,per SD of measure (raw sd 0.496); contributing runs 1
frontier,8-agent homogeneous,8 GeminiPro,GeminiPro,H1 vs non-partner placebo: same_label alignment -> send fraction,5.366337715207742e-18,-1.3481791659465664e-17,2.421446708988115e-17,0.535597622921602,,10.0,360,underpowered,partner alignment coef shown; non-partner placebo coef +0.0000 (p 0.932); per SD of measure (raw sd 0.496); contributing runs 1
frontier,8-agent homogeneous,8 GeminiPro,GeminiPro,H1 first meetings: same_label alignment -> send fraction,-5.183167583074269e-17,-1.527274856683762e-16,4.906413400689085e-17,0.2750827795405332,,10.0,222,underpowered,per SD of measure (raw sd 0.497); contributing runs 1
frontier,8-agent homogeneous,8 GeminiPro,GeminiPro,"H1 agent FE (investor, trustee within run) + round: moral_cos alignment -> send fraction",-1.3876086898615325e-17,-3.7457005113830976e-17,9.704831316600324e-18,0.2158711765040164,,10.0,360,underpowered,per SD of measure (raw sd 0.098); contributing runs 1
frontier,8-agent homogeneous,8 GeminiPro,GeminiPro,H1 vs non-partner placebo: moral_cos alignment -> send fraction,1.0338444916129964e-18,-8.927070877836539e-18,1.0994759861062533e-17,0.8196267545722988,,10.0,360,underpowered,partner alignment coef shown; non-partner placebo coef +0.0000 (p 0.240); per SD of measure (raw sd 0.098); contributing runs 1
frontier,8-agent homogeneous,8 GeminiPro,GeminiPro,H1 first meetings: moral_cos alignment -> send fraction,1.727905671988818e-18,-2.1806272632394017e-17,2.5262083976371652e-17,0.8717573400260518,,10.0,222,underpowered,per SD of measure (raw sd 0.101); contributing runs 1
frontier,8-agent homogeneous,8 GeminiPro,GeminiPro,"H1 agent FE (investor, trustee within run) + round: rule_index alignment -> send fraction",-5.517688121685076e-18,-5.624124553523236e-17,4.520586929186222e-17,0.8111432721440287,,10.0,360,underpowered,per SD of measure (raw sd 0.133); contributing runs 1
frontier,8-agent homogeneous,8 GeminiPro,GeminiPro,H1 vs non-partner placebo: rule_index alignment -> send fraction,-1.2692348654923416e-17,-4.417110281505792e-17,1.878640550521109e-17,0.385491044631475,,10.0,360,underpowered,partner alignment coef shown; non-partner placebo coef +0.0000 (p 0.061); per SD of measure (raw sd 0.133); contributing runs 1
frontier,8-agent homogeneous,8 GeminiPro,GeminiPro,H1 first meetings: rule_index alignment -> send fraction,2.9763253004468724e-17,-3.641020936555166e-17,9.593671537448911e-17,0.3355028420877797,,10.0,222,underpowered,per SD of measure (raw sd 0.156); contributing runs 1
frontier,8-agent homogeneous,8 GeminiPro,GeminiPro,"H1 agent FE (investor, trustee within run) + round: give_align alignment -> send fraction",3.510407985162651e-16,-9.0139376765364e-16,1.6034753646861702e-15,0.5418242266848892,,10.0,360,underpowered,per SD of measure (raw sd 0.113); contributing runs 1
frontier,8-agent homogeneous,8 GeminiPro,GeminiPro,H1 vs non-partner placebo: give_align alignment -> send fraction,-2.1894497914450463e-16,-4.949462861443256e-16,5.705632785531639e-17,0.1063096136804693,,10.0,360,underpowered,partner alignment coef shown; non-partner placebo coef -0.0000 (p 0.106); per SD of measure (raw sd 0.113); contributing runs 1
frontier,8-agent homogeneous,8 GeminiPro,GeminiPro,H1 first meetings: give_align alignment -> send fraction,-2.072268542596503e-16,-7.92470991058582e-16,3.780172825392813e-16,0.4437635540735021,,10.0,222,underpowered,per SD of measure (raw sd 0.120); contributing runs 1
frontier,8-agent homogeneous,8 GeminiPro,GeminiPro,"H1 agent FE (investor, trustee within run) + round: myth_cos alignment -> send fraction",9.286083532907186e-18,-9.153148777832364e-18,2.7725315843646736e-17,0.2840189613303324,,10.0,360,underpowered,per SD of measure (raw sd 0.084); contributing runs 1
frontier,8-agent homogeneous,8 GeminiPro,GeminiPro,H1 vs non-partner placebo: myth_cos alignment -> send fraction,-1.404342150846469e-18,-6.6802965832104596e-18,3.8716122815175216e-18,0.5619444416240273,,10.0,360,underpowered,partner alignment coef shown; non-partner placebo coef +0.0000 (p 0.319); per SD of measure (raw sd 0.084); contributing runs 1
frontier,8-agent homogeneous,8 GeminiPro,GeminiPro,H1 first meetings: myth_cos alignment -> send fraction,-1.1580024178609836e-17,-4.935389576581863e-17,2.6193847408598962e-17,0.5055036371581889,,10.0,222,underpowered,per SD of measure (raw sd 0.085); contributing runs 1
frontier,8-agent homogeneous,8 GeminiPro,GeminiPro,H1 DeepSeek labels: same_label alignment -> send fraction,-1.3348149053219342e-17,-8.791590508422571e-17,6.121960697778703e-17,0.6949760712674532,,10.0,360,underpowered,"DeepSeek frontier labels served with hidden reasoning, robustness only; GLM level controls; GLM-label primary -0.0000 (p 0.732); per SD of measure (raw sd 0.496); contributing runs 1"
frontier,8-agent homogeneous,8 GeminiPro,GeminiPro,"H1 agent FE (investor, trustee within run) + round: same_label alignment -> return proportion",0.0006043246915784,-0.0069340814832773,0.0081427308664341,0.86011255703344,1.0,10.0,360,no detectable effect,per SD of measure (raw sd 0.496); contributing runs 10
frontier,8-agent homogeneous,8 GeminiPro,GeminiPro,H1 vs non-partner placebo: same_label alignment -> return proportion,0.0026427033702465,-0.0038752843320582,0.0091606910725514,0.3829649212779681,1.0,10.0,360,no detectable effect,partner alignment coef shown; non-partner placebo coef -0.0010 (p 0.654); per SD of measure (raw sd 0.496); contributing runs 10
frontier,8-agent homogeneous,8 GeminiPro,GeminiPro,H1 first meetings: same_label alignment -> return proportion,0.0049086917005731,-0.0077660315596367,0.017583414960783,0.4037562065409386,1.0,10.0,222,no detectable effect,per SD of measure (raw sd 0.497); contributing runs 10
frontier,8-agent homogeneous,8 GeminiPro,GeminiPro,"H1 agent FE (investor, trustee within run) + round: moral_cos alignment -> return proportion",0.0018360888377896,-0.0021896801901384,0.0058618578657177,0.329124286817867,1.0,10.0,360,no detectable effect,per SD of measure (raw sd 0.098); contributing runs 10
frontier,8-agent homogeneous,8 GeminiPro,GeminiPro,H1 vs non-partner placebo: moral_cos alignment -> return proportion,0.0046750579038445,-0.001283477067362,0.010633592875051,0.1096580608643098,0.5482903043215493,10.0,360,no detectable effect,partner alignment coef shown; non-partner placebo coef -0.0062 (p 0.044); per SD of measure (raw sd 0.098); contributing runs 10
frontier,8-agent homogeneous,8 GeminiPro,GeminiPro,H1 first meetings: moral_cos alignment -> return proportion,0.0017001737801973,-0.0037324878153361,0.0071328353757307,0.4968989770023955,1.0,10.0,222,no detectable effect,per SD of measure (raw sd 0.101); contributing runs 10
frontier,8-agent homogeneous,8 GeminiPro,GeminiPro,"H1 agent FE (investor, trustee within run) + round: rule_index alignment -> return proportion",0.0002873406316782,-0.0120446777404256,0.0126193590037822,0.9591150874680512,1.0,10.0,360,no detectable effect,per SD of measure (raw sd 0.133); contributing runs 10
frontier,8-agent homogeneous,8 GeminiPro,GeminiPro,H1 vs non-partner placebo: rule_index alignment -> return proportion,-0.0007671108249363,-0.008455542644507,0.0069213209946343,0.8264721817432724,1.0,10.0,360,no detectable effect,partner alignment coef shown; non-partner placebo coef +0.0000 (p 0.992); per SD of measure (raw sd 0.133); contributing runs 10
frontier,8-agent homogeneous,8 GeminiPro,GeminiPro,H1 first meetings: rule_index alignment -> return proportion,-0.0016349166387679,-0.0128408277658071,0.0095709944882712,0.748919638048527,1.0,10.0,222,no detectable effect,per SD of measure (raw sd 0.156); contributing runs 10
frontier,8-agent homogeneous,8 GeminiPro,GeminiPro,"H1 agent FE (investor, trustee within run) + round: give_align alignment -> return proportion",0.006656882979154,-0.0051041024866796,0.0184178684449878,0.2324131127486353,1.0,10.0,360,no detectable effect,per SD of measure (raw sd 0.113); contributing runs 10
frontier,8-agent homogeneous,8 GeminiPro,GeminiPro,H1 vs non-partner placebo: give_align alignment -> return proportion,0.0008962003726103,-0.0078124283110166,0.0096048290562374,0.8211266906962994,1.0,10.0,360,no detectable effect,partner alignment coef shown; non-partner placebo coef -0.0248 (p 0.008); per SD of measure (raw sd 0.113); contributing runs 10
frontier,8-agent homogeneous,8 GeminiPro,GeminiPro,H1 first meetings: give_align alignment -> return proportion,0.0077074855991152,-0.0154418023857642,0.0308567735839946,0.4705850634241607,1.0,10.0,222,no detectable effect,per SD of measure (raw sd 0.120); contributing runs 10
frontier,8-agent homogeneous,8 GeminiPro,GeminiPro,"H1 agent FE (investor, trustee within run) + round: myth_cos alignment -> return proportion",0.0011632096458311,-0.0052660835149181,0.0075925028065804,0.6919049926835235,1.0,10.0,360,no detectable effect,per SD of measure (raw sd 0.084); contributing runs 10
frontier,8-agent homogeneous,8 GeminiPro,GeminiPro,H1 vs non-partner placebo: myth_cos alignment -> return proportion,0.0010843964684236,-0.0029198802016913,0.0050886731385386,0.5552927077358608,1.0,10.0,360,no detectable effect,partner alignment coef shown; non-partner placebo coef -0.0019 (p 0.579); per SD of measure (raw sd 0.084); contributing runs 10
frontier,8-agent homogeneous,8 GeminiPro,GeminiPro,H1 first meetings: myth_cos alignment -> return proportion,0.0010481282381685,-0.0054214016396478,0.0075176581159849,0.7224657874592988,1.0,10.0,222,no detectable effect,per SD of measure (raw sd 0.085); contributing runs 10
frontier,8-agent homogeneous,8 GeminiPro,GeminiPro,H1 DeepSeek labels: same_label alignment -> return proportion,0.0005635610032643,-0.0042793219538878,0.0054064439604165,0.7982895318007288,0.7982895318007288,10.0,360,no detectable effect,"DeepSeek frontier labels served with hidden reasoning, robustness only; GLM level controls; GLM-label primary +0.0025 (p 0.428); per SD of measure (raw sd 0.496); contributing runs 10"
frontier,8-agent homogeneous,8 Opus,Opus,"H1 agent FE (investor, trustee within run) + round: same_label alignment -> send fraction",-0.0009774933980235,-0.0303271728348907,0.0283721860388435,0.9415912651407522,,10.0,360,underpowered,per SD of measure (raw sd 0.448); contributing runs 7
frontier,8-agent homogeneous,8 Opus,Opus,H1 vs non-partner placebo: same_label alignment -> send fraction,-0.0029743226915841,-0.0258106951968123,0.0198620498136441,0.7749560279169497,,10.0,360,underpowered,partner alignment coef shown; non-partner placebo coef -0.0167 (p 0.034); per SD of measure (raw sd 0.448); contributing runs 6
frontier,8-agent homogeneous,8 Opus,Opus,H1 first meetings: same_label alignment -> send fraction,-0.0003067001622186,-0.0405066027707168,0.0398932024462794,0.98660666853124,,10.0,222,underpowered,per SD of measure (raw sd 0.467); contributing runs 6
frontier,8-agent homogeneous,8 Opus,Opus,"H1 agent FE (investor, trustee within run) + round: moral_cos alignment -> send fraction",-0.0001393139360475,-0.0086277965795747,0.0083491687074795,0.9711943802032929,,10.0,360,underpowered,per SD of measure (raw sd 0.113); contributing runs 7
frontier,8-agent homogeneous,8 Opus,Opus,H1 vs non-partner placebo: moral_cos alignment -> send fraction,0.0022902040238846,-0.0049533690482638,0.0095337770960331,0.4926042914342661,,10.0,360,underpowered,partner alignment coef shown; non-partner placebo coef -0.0019 (p 0.386); per SD of measure (raw sd 0.113); contributing runs 7
frontier,8-agent homogeneous,8 Opus,Opus,H1 first meetings: moral_cos alignment -> send fraction,0.000259894649695,-0.0131190273060264,0.0136388166054165,0.9659086254253704,,10.0,222,underpowered,per SD of measure (raw sd 0.113); contributing runs 7
frontier,8-agent homogeneous,8 Opus,Opus,"H1 agent FE (investor, trustee within run) + round: rule_index alignment -> send fraction",-0.0098804611587904,-0.0194853550173444,-0.0002755673002364,0.0449631263463805,,10.0,360,underpowered,per SD of measure (raw sd 0.188); contributing runs 7
frontier,8-agent homogeneous,8 Opus,Opus,H1 vs non-partner placebo: rule_index alignment -> send fraction,-0.0044876851252136,-0.0132189714577065,0.0042436012072793,0.2748536181625887,,10.0,360,underpowered,partner alignment coef shown; non-partner placebo coef -0.0058 (p 0.191); per SD of measure (raw sd 0.188); contributing runs 7
frontier,8-agent homogeneous,8 Opus,Opus,H1 first meetings: rule_index alignment -> send fraction,-0.01026923074343,-0.0241388516564747,0.0036003901696147,0.1282701388981092,,10.0,222,underpowered,per SD of measure (raw sd 0.197); contributing runs 7
frontier,8-agent homogeneous,8 Opus,Opus,"H1 agent FE (investor, trustee within run) + round: give_align alignment -> send fraction",-0.0086396958222433,-0.0251671593043374,0.0078877676598506,0.2672903953378702,,10.0,360,underpowered,per SD of measure (raw sd 0.114); contributing runs 7
frontier,8-agent homogeneous,8 Opus,Opus,H1 vs non-partner placebo: give_align alignment -> send fraction,0.0015558253633965,-0.0110535652579252,0.0141652159847183,0.7864612898965719,,10.0,360,underpowered,partner alignment coef shown; non-partner placebo coef -0.0174 (p 0.144); per SD of measure (raw sd 0.114); contributing runs 7
frontier,8-agent homogeneous,8 Opus,Opus,H1 first meetings: give_align alignment -> send fraction,-0.0013534344013279,-0.0249147100394563,0.0222078412368004,0.8994675199732602,,10.0,222,underpowered,per SD of measure (raw sd 0.123); contributing runs 7
frontier,8-agent homogeneous,8 Opus,Opus,"H1 agent FE (investor, trustee within run) + round: myth_cos alignment -> send fraction",-0.0039330466754837,-0.011626488294916,0.0037603949439484,0.2772661546593272,,10.0,360,underpowered,per SD of measure (raw sd 0.095); contributing runs 7
frontier,8-agent homogeneous,8 Opus,Opus,H1 vs non-partner placebo: myth_cos alignment -> send fraction,1.5919323052224115e-06,-0.0087890432020572,0.0087922270666676,0.9996820726459263,,10.0,360,underpowered,partner alignment coef shown; non-partner placebo coef -0.0007 (p 0.544); per SD of measure (raw sd 0.095); contributing runs 7
frontier,8-agent homogeneous,8 Opus,Opus,H1 first meetings: myth_cos alignment -> send fraction,0.0017919082890034,-0.0118302062271087,0.0154140228051156,0.7727832714586435,,10.0,222,underpowered,per SD of measure (raw sd 0.096); contributing runs 7
frontier,8-agent homogeneous,8 Opus,Opus,H1 DeepSeek labels: same_label alignment -> send fraction,-0.0033495367143164,-0.0228754694909311,0.0161763960622982,0.706992822917564,,10.0,360,underpowered,"DeepSeek frontier labels served with hidden reasoning, robustness only; GLM level controls; GLM-label primary -0.0014 (p 0.906); per SD of measure (raw sd 0.448); contributing runs 5"
frontier,8-agent homogeneous,8 Opus,Opus,"H1 agent FE (investor, trustee within run) + round: same_label alignment -> return proportion",0.0040334608048882,-0.0083061420158262,0.0163730636256027,0.4784852143579773,1.0,10.0,360,no detectable effect,per SD of measure (raw sd 0.448); contributing runs 10
frontier,8-agent homogeneous,8 Opus,Opus,H1 vs non-partner placebo: same_label alignment -> return proportion,0.0036759583540277,-0.0037500817474317,0.0111019984554871,0.2917962954225322,1.0,10.0,360,no detectable effect,partner alignment coef shown; non-partner placebo coef +0.0136 (p 0.020); per SD of measure (raw sd 0.448); contributing runs 10
frontier,8-agent homogeneous,8 Opus,Opus,H1 first meetings: same_label alignment -> return proportion,0.0052325681692408,-0.007691268165376,0.0181564045038577,0.3836059038320621,1.0,10.0,222,no detectable effect,per SD of measure (raw sd 0.467); contributing runs 10
frontier,8-agent homogeneous,8 Opus,Opus,"H1 agent FE (investor, trustee within run) + round: moral_cos alignment -> return proportion",0.0020839563011322,-0.0064276986942525,0.010595611296517,0.5931687211729332,1.0,10.0,360,no detectable effect,per SD of measure (raw sd 0.113); contributing runs 10
frontier,8-agent homogeneous,8 Opus,Opus,H1 vs non-partner placebo: moral_cos alignment -> return proportion,0.0027612053632867,-0.0050877446651838,0.0106101553917573,0.4466229144959937,1.0,10.0,360,no detectable effect,partner alignment coef shown; non-partner placebo coef -0.0029 (p 0.343); per SD of measure (raw sd 0.113); contributing runs 10
frontier,8-agent homogeneous,8 Opus,Opus,H1 first meetings: moral_cos alignment -> return proportion,-0.0006544876676629,-0.00955811631027,0.0082491409749442,0.8716071806639505,1.0,10.0,222,no detectable effect,per SD of measure (raw sd 0.113); contributing runs 10
frontier,8-agent homogeneous,8 Opus,Opus,"H1 agent FE (investor, trustee within run) + round: rule_index alignment -> return proportion",0.0032881702371381,-0.0049881415867002,0.0115644820609765,0.3921947895225252,1.0,10.0,360,no detectable effect,per SD of measure (raw sd 0.188); contributing runs 10
frontier,8-agent homogeneous,8 Opus,Opus,H1 vs non-partner placebo: rule_index alignment -> return proportion,0.0069250442424219,-0.0021721924597586,0.0160222809446026,0.1191692994860258,1.0,10.0,360,no detectable effect,partner alignment coef shown; non-partner placebo coef -0.0001 (p 0.976); per SD of measure (raw sd 0.188); contributing runs 10
frontier,8-agent homogeneous,8 Opus,Opus,H1 first meetings: rule_index alignment -> return proportion,0.0118071503792377,-0.0014047333145836,0.0250190340730592,0.0739263635397465,0.6653372718577186,10.0,222,no detectable effect,per SD of measure (raw sd 0.197); contributing runs 10
frontier,8-agent homogeneous,8 Opus,Opus,"H1 agent FE (investor, trustee within run) + round: give_align alignment -> return proportion",-0.0036621587964627,-0.014563685436914,0.0072393678439885,0.466736372468869,1.0,10.0,360,no detectable effect,per SD of measure (raw sd 0.114); contributing runs 10
frontier,8-agent homogeneous,8 Opus,Opus,H1 vs non-partner placebo: give_align alignment -> return proportion,0.0025506601405855,-0.0069956476062442,0.0120969678874153,0.5604896887557771,1.0,10.0,360,no detectable effect,partner alignment coef shown; non-partner placebo coef -0.0055 (p 0.374); per SD of measure (raw sd 0.114); contributing runs 10
frontier,8-agent homogeneous,8 Opus,Opus,H1 first meetings: give_align alignment -> return proportion,1.3090085808658923e-05,-0.0100312624190391,0.0100574425906565,0.9977120663996074,1.0,10.0,222,no detectable effect,per SD of measure (raw sd 0.123); contributing runs 10
frontier,8-agent homogeneous,8 Opus,Opus,"H1 agent FE (investor, trustee within run) + round: myth_cos alignment -> return proportion",-0.0003166172567593,-0.0086172430405384,0.0079840085270197,0.9331272796575674,1.0,10.0,360,no detectable effect,per SD of measure (raw sd 0.095); contributing runs 10
frontier,8-agent homogeneous,8 Opus,Opus,H1 vs non-partner placebo: myth_cos alignment -> return proportion,-0.0028008308471598,-0.011390529314394,0.0057888676200743,0.4795351617809803,1.0,10.0,360,no detectable effect,partner alignment coef shown; non-partner placebo coef +0.0008 (p 0.830); per SD of measure (raw sd 0.095); contributing runs 10
frontier,8-agent homogeneous,8 Opus,Opus,H1 first meetings: myth_cos alignment -> return proportion,0.0017213777156647,-0.0117998961076649,0.0152426515389944,0.7798743672157528,1.0,10.0,222,no detectable effect,per SD of measure (raw sd 0.096); contributing runs 10
frontier,8-agent homogeneous,8 Opus,Opus,H1 DeepSeek labels: same_label alignment -> return proportion,0.003029052481761,-0.0048633687524819,0.010921473716004,0.4078393729941725,0.815678745988345,10.0,360,no detectable effect,"DeepSeek frontier labels served with hidden reasoning, robustness only; GLM level controls; GLM-label primary +0.0024 (p 0.407); per SD of measure (raw sd 0.448); contributing runs 10"
frontier,8-agent homogeneous,8 Opus,Opus,"H1 agent FE (investor, trustee within run) + round: same_label alignment -> giving gap",-0.0050109542029118,-0.0352879105150387,0.0252660021092149,0.7167788531823444,1.0,10.0,360,no detectable effect,per SD of measure (raw sd 0.448); contributing runs 10
frontier,8-agent homogeneous,8 Opus,Opus,H1 vs non-partner placebo: same_label alignment -> giving gap,-0.0066502810456118,-0.0285839271231697,0.015283365031946,0.5100656241691851,1.0,10.0,360,no detectable effect,partner alignment coef shown; non-partner placebo coef -0.0303 (p 0.006); per SD of measure (raw sd 0.448); contributing runs 10
frontier,8-agent homogeneous,8 Opus,Opus,H1 first meetings: same_label alignment -> giving gap,-0.0055392683314595,-0.0485476062735959,0.0374690696106769,0.7773832126099038,1.0,10.0,222,no detectable effect,per SD of measure (raw sd 0.467); contributing runs 10
frontier,8-agent homogeneous,8 Opus,Opus,"H1 agent FE (investor, trustee within run) + round: moral_cos alignment -> giving gap",-0.0022232702371798,-0.0072954653132645,0.0028489248389049,0.347320367862042,1.0,10.0,360,no detectable effect,per SD of measure (raw sd 0.113); contributing runs 10
frontier,8-agent homogeneous,8 Opus,Opus,H1 vs non-partner placebo: moral_cos alignment -> giving gap,-0.0004710013394021,-0.0103459532271062,0.009403950548302,0.9164443925766796,1.0,10.0,360,no detectable effect,partner alignment coef shown; non-partner placebo coef +0.0010 (p 0.813); per SD of measure (raw sd 0.113); contributing runs 10
frontier,8-agent homogeneous,8 Opus,Opus,H1 first meetings: moral_cos alignment -> giving gap,0.0009143823173579,-0.0171888340410575,0.0190175986757734,0.9115399588795784,1.0,10.0,222,no detectable effect,per SD of measure (raw sd 0.113); contributing runs 10
frontier,8-agent homogeneous,8 Opus,Opus,"H1 agent FE (investor, trustee within run) + round: rule_index alignment -> giving gap",-0.0131686313959286,-0.0227050902775686,-0.0036321725142886,0.0122443940785615,0.1224439407856153,10.0,360,suggestive,per SD of measure (raw sd 0.188); contributing runs 10
frontier,8-agent homogeneous,8 Opus,Opus,H1 vs non-partner placebo: rule_index alignment -> giving gap,-0.0114127293676356,-0.0223065728297693,-0.0005188859055019,0.041915403246527,0.41915403246527,10.0,360,suggestive,partner alignment coef shown; non-partner placebo coef -0.0057 (p 0.297); per SD of measure (raw sd 0.188); contributing runs 10
frontier,8-agent homogeneous,8 Opus,Opus,H1 first meetings: rule_index alignment -> giving gap,-0.0220763811226678,-0.0428252438673663,-0.0013275183779692,0.0394496469195625,0.3944964691956252,10.0,222,suggestive,per SD of measure (raw sd 0.197); contributing runs 10
frontier,8-agent homogeneous,8 Opus,Opus,"H1 agent FE (investor, trustee within run) + round: give_align alignment -> giving gap",-0.0049775370257806,-0.0245950448661625,0.0146399708146012,0.5800436852945962,1.0,10.0,360,no detectable effect,per SD of measure (raw sd 0.114); contributing runs 10
frontier,8-agent homogeneous,8 Opus,Opus,H1 vs non-partner placebo: give_align alignment -> giving gap,-0.000994834777189,-0.0143378097681233,0.0123481402137452,0.8697910169839569,1.0,10.0,360,no detectable effect,partner alignment coef shown; non-partner placebo coef -0.0119 (p 0.326); per SD of measure (raw sd 0.114); contributing runs 10
frontier,8-agent homogeneous,8 Opus,Opus,H1 first meetings: give_align alignment -> giving gap,-0.0013665244871365,-0.028972286292445,0.0262392373181718,0.9132970016529076,1.0,10.0,222,no detectable effect,per SD of measure (raw sd 0.123); contributing runs 10
frontier,8-agent homogeneous,8 Opus,Opus,"H1 agent FE (investor, trustee within run) + round: myth_cos alignment -> giving gap",-0.0036164294187244,-0.010738877456672,0.0035060186192231,0.2803266305917642,1.0,10.0,360,no detectable effect,per SD of measure (raw sd 0.095); contributing runs 10
frontier,8-agent homogeneous,8 Opus,Opus,H1 vs non-partner placebo: myth_cos alignment -> giving gap,0.002802422779465,-0.0072277568016568,0.0128326023605869,0.5430775902123011,1.0,10.0,360,no detectable effect,partner alignment coef shown; non-partner placebo coef -0.0014 (p 0.695); per SD of measure (raw sd 0.095); contributing runs 10
frontier,8-agent homogeneous,8 Opus,Opus,H1 first meetings: myth_cos alignment -> giving gap,7.053057333870453e-05,-0.0199808743419349,0.0201219354886123,0.9938247992220886,1.0,10.0,222,no detectable effect,per SD of measure (raw sd 0.096); contributing runs 10
frontier,8-agent homogeneous,8 Opus,Opus,H1 DeepSeek labels: same_label alignment -> giving gap,-0.0063785891960775,-0.0322886490363768,0.0195314706442217,0.5911716005669365,0.815678745988345,10.0,360,no detectable effect,"DeepSeek frontier labels served with hidden reasoning, robustness only; GLM level controls; GLM-label primary -0.0038 (p 0.752); per SD of measure (raw sd 0.448); contributing runs 10"
frontier,8-agent homogeneous,8 Sol,Sol,"H1 agent FE (investor, trustee within run) + round: same_label alignment -> send fraction",-0.0202743553428683,-0.0770340201759604,0.0364853094902236,0.4399049536442058,1.0,10.0,360,no detectable effect,per SD of measure (raw sd 0.330); contributing runs 8
frontier,8-agent homogeneous,8 Sol,Sol,H1 vs non-partner placebo: same_label alignment -> send fraction,0.0058027095611323,-0.0375310715893556,0.0491364907116203,0.7688360829954514,,10.0,360,underpowered,partner alignment coef shown; non-partner placebo coef -0.0172 (p 0.727); per SD of measure (raw sd 0.330); contributing runs 7
frontier,8-agent homogeneous,8 Sol,Sol,H1 first meetings: same_label alignment -> send fraction,0.021167221360651,-0.0320157295943694,0.0743501723156715,0.391385854440746,,10.0,222,underpowered,per SD of measure (raw sd 0.335); contributing runs 7
frontier,8-agent homogeneous,8 Sol,Sol,"H1 agent FE (investor, trustee within run) + round: moral_cos alignment -> send fraction",0.0049132829821185,-0.0136626621252359,0.023489228089473,0.5643693781158533,1.0,10.0,360,no detectable effect,per SD of measure (raw sd 0.091); contributing runs 9
frontier,8-agent homogeneous,8 Sol,Sol,H1 vs non-partner placebo: moral_cos alignment -> send fraction,0.0039565264742529,-0.0114968713667624,0.0194099243152682,0.5766752401405133,1.0,10.0,360,no detectable effect,partner alignment coef shown; non-partner placebo coef +0.0021 (p 0.743); per SD of measure (raw sd 0.091); contributing runs 9
frontier,8-agent homogeneous,8 Sol,Sol,H1 first meetings: moral_cos alignment -> send fraction,0.008072118757519,-0.0137438827337184,0.0298881202487564,0.424249467260036,1.0,10.0,222,no detectable effect,per SD of measure (raw sd 0.096); contributing runs 9
frontier,8-agent homogeneous,8 Sol,Sol,"H1 agent FE (investor, trustee within run) + round: rule_index alignment -> send fraction",-0.0210171046372903,-0.0438576210221551,0.0018234117475744,0.0670948744325789,1.0,10.0,360,no detectable effect,per SD of measure (raw sd 0.224); contributing runs 9
frontier,8-agent homogeneous,8 Sol,Sol,H1 vs non-partner placebo: rule_index alignment -> send fraction,-0.0171602433026069,-0.034481684132192,0.0001611975269782,0.0517497791765331,0.7244969084714643,10.0,360,no detectable effect,partner alignment coef shown; non-partner placebo coef -0.0044 (p 0.666); per SD of measure (raw sd 0.224); contributing runs 9
frontier,8-agent homogeneous,8 Sol,Sol,H1 first meetings: rule_index alignment -> send fraction,-0.0253460681565563,-0.0595882349351861,0.0088960986220734,0.1283657031406078,1.0,10.0,222,no detectable effect,per SD of measure (raw sd 0.227); contributing runs 9
frontier,8-agent homogeneous,8 Sol,Sol,"H1 agent FE (investor, trustee within run) + round: give_align alignment -> send fraction",-0.0084264276562502,-0.0338555528251518,0.0170026975126512,0.4726285137533655,1.0,10.0,360,no detectable effect,per SD of measure (raw sd 0.153); contributing runs 9
frontier,8-agent homogeneous,8 Sol,Sol,H1 vs non-partner placebo: give_align alignment -> send fraction,-0.0133799007099628,-0.0323675911883833,0.0056077897684577,0.1453877618036234,1.0,10.0,360,no detectable effect,partner alignment coef shown; non-partner placebo coef +0.0032 (p 0.825); per SD of measure (raw sd 0.153); contributing runs 9
frontier,8-agent homogeneous,8 Sol,Sol,H1 first meetings: give_align alignment -> send fraction,-0.0081432884432046,-0.0291824757771497,0.0128958988907404,0.4040228101079927,1.0,10.0,222,no detectable effect,per SD of measure (raw sd 0.163); contributing runs 9
frontier,8-agent homogeneous,8 Sol,Sol,"H1 agent FE (investor, trustee within run) + round: myth_cos alignment -> send fraction",0.0032052073858595,-0.011283681696379,0.017694096468098,0.6287799695236106,1.0,10.0,360,no detectable effect,per SD of measure (raw sd 0.085); contributing runs 9
frontier,8-agent homogeneous,8 Sol,Sol,H1 vs non-partner placebo: myth_cos alignment -> send fraction,-0.0069707203019036,-0.0197822320780527,0.0058407914742454,0.2495802969901791,1.0,10.0,360,no detectable effect,partner alignment coef shown; non-partner placebo coef +0.0020 (p 0.860); per SD of measure (raw sd 0.085); contributing runs 9
frontier,8-agent homogeneous,8 Sol,Sol,H1 first meetings: myth_cos alignment -> send fraction,-0.0098528034154871,-0.0254217370536335,0.0057161302226592,0.1860530627090663,1.0,10.0,222,no detectable effect,per SD of measure (raw sd 0.087); contributing runs 9
frontier,8-agent homogeneous,8 Sol,Sol,H1 DeepSeek labels: same_label alignment -> send fraction,0.0041898328391856,-0.0115269466905598,0.0199066123689311,0.5613601759059154,1.0,10.0,360,no detectable effect,"DeepSeek frontier labels served with hidden reasoning, robustness only; GLM level controls; GLM-label primary +0.0076 (p 0.584); per SD of measure (raw sd 0.330); contributing runs 8"
frontier,8-agent homogeneous,8 Sol,Sol,"H1 agent FE (investor, trustee within run) + round: same_label alignment -> return proportion",0.0057174635473625,-0.0258381715798599,0.0372730986745849,0.6914834244315574,1.0,10.0,360,no detectable effect,per SD of measure (raw sd 0.330); contributing runs 9
frontier,8-agent homogeneous,8 Sol,Sol,H1 vs non-partner placebo: same_label alignment -> return proportion,0.0190085107583571,-0.0023502176512769,0.0403672391679912,0.0749352888895288,0.974158755563875,10.0,360,no detectable effect,partner alignment coef shown; non-partner placebo coef +0.0231 (p 0.443); per SD of measure (raw sd 0.330); contributing runs 9
frontier,8-agent homogeneous,8 Sol,Sol,H1 first meetings: same_label alignment -> return proportion,0.0209467908590026,-0.0153453882797397,0.057238969997745,0.2240575950999909,1.0,10.0,222,no detectable effect,per SD of measure (raw sd 0.335); contributing runs 8
frontier,8-agent homogeneous,8 Sol,Sol,"H1 agent FE (investor, trustee within run) + round: moral_cos alignment -> return proportion",-0.0005988155789262,-0.0112414902501821,0.0100438590923296,0.9015161073852608,1.0,10.0,360,no detectable effect,per SD of measure (raw sd 0.091); contributing runs 10
frontier,8-agent homogeneous,8 Sol,Sol,H1 vs non-partner placebo: moral_cos alignment -> return proportion,0.0011334524603845,-0.0106858871009901,0.0129527920217593,0.8330955994198567,1.0,10.0,360,no detectable effect,partner alignment coef shown; non-partner placebo coef +0.0103 (p 0.129); per SD of measure (raw sd 0.091); contributing runs 10
frontier,8-agent homogeneous,8 Sol,Sol,H1 first meetings: moral_cos alignment -> return proportion,0.0057146911400961,-0.0189532365206413,0.0303826188008336,0.6128950866601296,1.0,10.0,222,no detectable effect,per SD of measure (raw sd 0.096); contributing runs 10
frontier,8-agent homogeneous,8 Sol,Sol,"H1 agent FE (investor, trustee within run) + round: rule_index alignment -> return proportion",-0.0119067405389729,-0.0264549373629358,0.0026414562849898,0.0971302142383608,1.0,10.0,360,no detectable effect,per SD of measure (raw sd 0.224); contributing runs 10
frontier,8-agent homogeneous,8 Sol,Sol,H1 vs non-partner placebo: rule_index alignment -> return proportion,-0.0060573035702954,-0.0165526697615145,0.0044380626209237,0.2240798512153504,1.0,10.0,360,no detectable effect,partner alignment coef shown; non-partner placebo coef -0.0009 (p 0.880); per SD of measure (raw sd 0.224); contributing runs 10
frontier,8-agent homogeneous,8 Sol,Sol,H1 first meetings: rule_index alignment -> return proportion,-0.0085957249137334,-0.0272080940775543,0.0100166442500875,0.3233957527844624,1.0,10.0,222,no detectable effect,per SD of measure (raw sd 0.227); contributing runs 10
frontier,8-agent homogeneous,8 Sol,Sol,"H1 agent FE (investor, trustee within run) + round: give_align alignment -> return proportion",-0.006264027399641,-0.0302412516143909,0.0177131968151089,0.5690721399042661,1.0,10.0,360,no detectable effect,per SD of measure (raw sd 0.153); contributing runs 10
frontier,8-agent homogeneous,8 Sol,Sol,H1 vs non-partner placebo: give_align alignment -> return proportion,-0.0076527012982486,-0.0201519325548821,0.0048465299583848,0.1994128372215865,1.0,10.0,360,no detectable effect,partner alignment coef shown; non-partner placebo coef +0.0024 (p 0.840); per SD of measure (raw sd 0.153); contributing runs 10
frontier,8-agent homogeneous,8 Sol,Sol,H1 first meetings: give_align alignment -> return proportion,-0.0039740977696549,-0.0182760535239535,0.0103278579846436,0.545239221755666,1.0,10.0,222,no detectable effect,per SD of measure (raw sd 0.163); contributing runs 10
frontier,8-agent homogeneous,8 Sol,Sol,"H1 agent FE (investor, trustee within run) + round: myth_cos alignment -> return proportion",0.0030985911739348,-0.008093118768355,0.0142903011162247,0.5466651062858481,1.0,10.0,360,no detectable effect,per SD of measure (raw sd 0.085); contributing runs 10
frontier,8-agent homogeneous,8 Sol,Sol,H1 vs non-partner placebo: myth_cos alignment -> return proportion,-0.0001156364475851,-0.0077021953363451,0.0074709224411747,0.9732466685014473,1.0,10.0,360,no detectable effect,partner alignment coef shown; non-partner placebo coef -0.0022 (p 0.722); per SD of measure (raw sd 0.085); contributing runs 10
frontier,8-agent homogeneous,8 Sol,Sol,H1 first meetings: myth_cos alignment -> return proportion,-0.0058305104294694,-0.018833915631181,0.0071728947722422,0.3369239160355945,1.0,10.0,222,no detectable effect,per SD of measure (raw sd 0.087); contributing runs 10
frontier,8-agent homogeneous,8 Sol,Sol,H1 DeepSeek labels: same_label alignment -> return proportion,0.0102132192250725,-0.0134929555022907,0.0339193939524358,0.3552268924013707,1.0,10.0,360,no detectable effect,"DeepSeek frontier labels served with hidden reasoning, robustness only; GLM level controls; GLM-label primary +0.0166 (p 0.182); per SD of measure (raw sd 0.330); contributing runs 10"
frontier,8-agent homogeneous,8 Sol,Sol,"H1 agent FE (investor, trustee within run) + round: same_label alignment -> giving gap",-0.0252865345036169,-0.0790103865820439,0.0284373175748101,0.3147226808757207,1.0,10.0,360,no detectable effect,per SD of measure (raw sd 0.330); contributing runs 9
frontier,8-agent homogeneous,8 Sol,Sol,H1 vs non-partner placebo: same_label alignment -> giving gap,-0.013388213969947,-0.041084103280298,0.0143076753404039,0.3025650324791507,1.0,10.0,360,no detectable effect,partner alignment coef shown; non-partner placebo coef -0.0409 (p 0.314); per SD of measure (raw sd 0.330); contributing runs 9
frontier,8-agent homogeneous,8 Sol,Sol,H1 first meetings: same_label alignment -> giving gap,-0.0002026308759235,-0.0355436113873578,0.0351383496355107,0.9899344603159196,1.0,10.0,222,no detectable effect,per SD of measure (raw sd 0.335); contributing runs 8
frontier,8-agent homogeneous,8 Sol,Sol,"H1 agent FE (investor, trustee within run) + round: moral_cos alignment -> giving gap",0.0056051490533402,-0.0136085398421859,0.0248188379488664,0.5258238915026836,1.0,10.0,360,no detectable effect,per SD of measure (raw sd 0.091); contributing runs 10
frontier,8-agent homogeneous,8 Sol,Sol,H1 vs non-partner placebo: moral_cos alignment -> giving gap,0.002971531753201,-0.0062746108310942,0.0122176743374963,0.4856970857075166,1.0,10.0,360,no detectable effect,partner alignment coef shown; non-partner placebo coef -0.0083 (p 0.272); per SD of measure (raw sd 0.091); contributing runs 10
frontier,8-agent homogeneous,8 Sol,Sol,H1 first meetings: moral_cos alignment -> giving gap,0.0025033679567946,-0.0140024634018462,0.0190091993154355,0.7394073875501979,1.0,10.0,222,no detectable effect,per SD of measure (raw sd 0.096); contributing runs 10
frontier,8-agent homogeneous,8 Sol,Sol,"H1 agent FE (investor, trustee within run) + round: rule_index alignment -> giving gap",-0.0091886027037234,-0.0272172361170826,0.0088400307096357,0.2786331030302237,1.0,10.0,360,no detectable effect,per SD of measure (raw sd 0.224); contributing runs 10
frontier,8-agent homogeneous,8 Sol,Sol,H1 vs non-partner placebo: rule_index alignment -> giving gap,-0.0109730220640747,-0.025652102035098,0.0037060579069486,0.1250894479711879,1.0,10.0,360,no detectable effect,partner alignment coef shown; non-partner placebo coef -0.0032 (p 0.555); per SD of measure (raw sd 0.224); contributing runs 10
frontier,8-agent homogeneous,8 Sol,Sol,H1 first meetings: rule_index alignment -> giving gap,-0.0164179162676864,-0.0406655052591496,0.0078296727237767,0.1599592042674122,1.0,10.0,222,no detectable effect,per SD of measure (raw sd 0.227); contributing runs 10
frontier,8-agent homogeneous,8 Sol,Sol,"H1 agent FE (investor, trustee within run) + round: give_align alignment -> giving gap",-0.0024955259814376,-0.0160781172196757,0.0110870652568003,0.6874185692630967,1.0,10.0,360,no detectable effect,per SD of measure (raw sd 0.153); contributing runs 10
frontier,8-agent homogeneous,8 Sol,Sol,H1 vs non-partner placebo: give_align alignment -> giving gap,-0.0059091712772881,-0.0165928655121809,0.0047745229576047,0.2424051276183599,1.0,10.0,360,no detectable effect,partner alignment coef shown; non-partner placebo coef +0.0006 (p 0.960); per SD of measure (raw sd 0.153); contributing runs 10
frontier,8-agent homogeneous,8 Sol,Sol,H1 first meetings: give_align alignment -> giving gap,-0.0045970840774014,-0.0204467251652048,0.0112525570104019,0.5281604880982307,1.0,10.0,222,no detectable effect,per SD of measure (raw sd 0.163); contributing runs 10
frontier,8-agent homogeneous,8 Sol,Sol,"H1 agent FE (investor, trustee within run) + round: myth_cos alignment -> giving gap",-0.0001429224569141,-0.015612553402893,0.0153267084890647,0.9837815644329936,1.0,10.0,360,no detectable effect,per SD of measure (raw sd 0.085); contributing runs 10
frontier,8-agent homogeneous,8 Sol,Sol,H1 vs non-partner placebo: myth_cos alignment -> giving gap,-0.0067049531466689,-0.0215795991398233,0.0081696928464854,0.334498012077487,1.0,10.0,360,no detectable effect,partner alignment coef shown; non-partner placebo coef +0.0041 (p 0.678); per SD of measure (raw sd 0.085); contributing runs 10
frontier,8-agent homogeneous,8 Sol,Sol,H1 first meetings: myth_cos alignment -> giving gap,-0.0037409410544951,-0.0213278696338425,0.0138459875248521,0.6418666696326634,1.0,10.0,222,no detectable effect,per SD of measure (raw sd 0.087); contributing runs 10
frontier,8-agent homogeneous,8 Sol,Sol,H1 DeepSeek labels: same_label alignment -> giving gap,-0.0060086380332572,-0.019883602508569,0.0078663264420544,0.3528612531408406,1.0,10.0,360,no detectable effect,"DeepSeek frontier labels served with hidden reasoning, robustness only; GLM level controls; GLM-label primary -0.0091 (p 0.355); per SD of measure (raw sd 0.330); contributing runs 10"
frontier,8-agent mixed,2 GeminiPro + 3 Opus + 3 Sol,mixed,"H1 agent FE (investor, trustee within run) + round: same_label alignment -> send fraction",0.00577689392522,-0.0015390526613944,0.0130928405118345,0.1077044629387208,,10.0,360,underpowered,per SD of measure (raw sd 0.500); contributing runs 6
frontier,8-agent mixed,2 GeminiPro + 3 Opus + 3 Sol,mixed,H1 vs non-partner placebo: same_label alignment -> send fraction,0.0038906202896809,-0.0029590787940381,0.0107403193734,0.2309080540673891,,10.0,360,underpowered,partner alignment coef shown; non-partner placebo coef +0.0049 (p 0.310); per SD of measure (raw sd 0.500); contributing runs 5
frontier,8-agent mixed,2 GeminiPro + 3 Opus + 3 Sol,mixed,H1 first meetings: same_label alignment -> send fraction,0.0055202596860325,-0.0202568422879732,0.0312973616600383,0.6396386865703668,,10.0,222,underpowered,per SD of measure (raw sd 0.495); contributing runs 5
frontier,8-agent mixed,2 GeminiPro + 3 Opus + 3 Sol,mixed,"H1 agent FE (investor, trustee within run) + round: moral_cos alignment -> send fraction",0.0025584928975057,-0.0032660887450335,0.0083830745400449,0.3463462973959974,,10.0,360,underpowered,per SD of measure (raw sd 0.108); contributing runs 6
frontier,8-agent mixed,2 GeminiPro + 3 Opus + 3 Sol,mixed,H1 vs non-partner placebo: moral_cos alignment -> send fraction,0.0017183730579606,-0.0139672597925928,0.017404005908514,0.8098343683791069,,10.0,360,underpowered,partner alignment coef shown; non-partner placebo coef +0.0020 (p 0.750); per SD of measure (raw sd 0.108); contributing runs 6
frontier,8-agent mixed,2 GeminiPro + 3 Opus + 3 Sol,mixed,H1 first meetings: moral_cos alignment -> send fraction,-0.0046991724022114,-0.0297057409647358,0.0203073961603129,0.6807476615954192,,10.0,222,underpowered,per SD of measure (raw sd 0.103); contributing runs 6
frontier,8-agent mixed,2 GeminiPro + 3 Opus + 3 Sol,mixed,"H1 agent FE (investor, trustee within run) + round: rule_index alignment -> send fraction",0.0041914318434541,-0.0174975017960869,0.0258803654829952,0.672292328067071,,10.0,360,underpowered,per SD of measure (raw sd 0.229); contributing runs 6
frontier,8-agent mixed,2 GeminiPro + 3 Opus + 3 Sol,mixed,H1 vs non-partner placebo: rule_index alignment -> send fraction,0.0120490696117486,-0.019273110451066,0.0433712496745632,0.4067961883276964,,10.0,360,underpowered,partner alignment coef shown; non-partner placebo coef +0.0012 (p 0.874); per SD of measure (raw sd 0.229); contributing runs 6
frontier,8-agent mixed,2 GeminiPro + 3 Opus + 3 Sol,mixed,H1 first meetings: rule_index alignment -> send fraction,0.0078217818860434,-0.0185851000325925,0.0342286638046795,0.5196421413063388,,10.0,222,underpowered,per SD of measure (raw sd 0.242); contributing runs 6
frontier,8-agent mixed,2 GeminiPro + 3 Opus + 3 Sol,mixed,"H1 agent FE (investor, trustee within run) + round: give_align alignment -> send fraction",-0.0049079907463416,-0.029989800370982,0.0201738188782986,0.6684611607195486,,10.0,360,underpowered,per SD of measure (raw sd 0.149); contributing runs 6
frontier,8-agent mixed,2 GeminiPro + 3 Opus + 3 Sol,mixed,H1 vs non-partner placebo: give_align alignment -> send fraction,-0.0015072344989969,-0.0143278129671778,0.0113133439691839,0.7962716997287231,,10.0,360,underpowered,partner alignment coef shown; non-partner placebo coef -0.0016 (p 0.895); per SD of measure (raw sd 0.149); contributing runs 6
frontier,8-agent mixed,2 GeminiPro + 3 Opus + 3 Sol,mixed,H1 first meetings: give_align alignment -> send fraction,0.0021944686968764,-0.0219820942324198,0.0263710316261728,0.8418814375714163,,10.0,222,underpowered,per SD of measure (raw sd 0.155); contributing runs 6
frontier,8-agent mixed,2 GeminiPro + 3 Opus + 3 Sol,mixed,"H1 agent FE (investor, trustee within run) + round: myth_cos alignment -> send fraction",-0.0067591720254649,-0.0156441546033495,0.0021258105524196,0.1193739788140105,,10.0,360,underpowered,per SD of measure (raw sd 0.094); contributing runs 6
frontier,8-agent mixed,2 GeminiPro + 3 Opus + 3 Sol,mixed,H1 vs non-partner placebo: myth_cos alignment -> send fraction,-0.0107097291871482,-0.0292324677680958,0.0078130093937993,0.2233044358701267,,10.0,360,underpowered,partner alignment coef shown; non-partner placebo coef +0.0041 (p 0.259); per SD of measure (raw sd 0.094); contributing runs 6
frontier,8-agent mixed,2 GeminiPro + 3 Opus + 3 Sol,mixed,H1 first meetings: myth_cos alignment -> send fraction,-0.0115494892947393,-0.0419085575389846,0.0188095789495059,0.4118017621635493,,10.0,222,underpowered,per SD of measure (raw sd 0.092); contributing runs 6
frontier,8-agent mixed,2 GeminiPro + 3 Opus + 3 Sol,mixed,H1 DeepSeek labels: same_label alignment -> send fraction,-0.0005017578035549,-0.0058980059117216,0.0048944903046117,0.8380860229861944,,10.0,360,underpowered,"DeepSeek frontier labels served with hidden reasoning, robustness only; GLM level controls; GLM-label primary +0.0042 (p 0.159); per SD of measure (raw sd 0.500); contributing runs 6"
frontier,8-agent mixed,2 GeminiPro + 3 Opus + 3 Sol,mixed,"H1 agent FE (investor, trustee within run) + round: same_label alignment -> return proportion",-0.0044966303653497,-0.0094954712158931,0.0005022104851936,0.0723605240599691,0.3618026202998455,10.0,360,no detectable effect,per SD of measure (raw sd 0.500); contributing runs 10
frontier,8-agent mixed,2 GeminiPro + 3 Opus + 3 Sol,mixed,H1 vs non-partner placebo: same_label alignment -> return proportion,0.0006706133206075,-0.0050443567708911,0.0063855834121063,0.7966438269796129,1.0,10.0,360,no detectable effect,partner alignment coef shown; non-partner placebo coef +0.0026 (p 0.389); per SD of measure (raw sd 0.500); contributing runs 10
frontier,8-agent mixed,2 GeminiPro + 3 Opus + 3 Sol,mixed,H1 first meetings: same_label alignment -> return proportion,0.0093287642395582,-0.0114282845255287,0.0300858130046451,0.3358594291096313,1.0,10.0,222,no detectable effect,per SD of measure (raw sd 0.495); contributing runs 10
frontier,8-agent mixed,2 GeminiPro + 3 Opus + 3 Sol,mixed,"H1 agent FE (investor, trustee within run) + round: moral_cos alignment -> return proportion",-0.0069051482860052,-0.0199166677602795,0.0061063711882691,0.2605827824474759,1.0,10.0,360,no detectable effect,per SD of measure (raw sd 0.108); contributing runs 10
frontier,8-agent mixed,2 GeminiPro + 3 Opus + 3 Sol,mixed,H1 vs non-partner placebo: moral_cos alignment -> return proportion,-0.0004486745554139,-0.0123507765607979,0.01145342744997,0.933908297746752,1.0,10.0,360,no detectable effect,partner alignment coef shown; non-partner placebo coef +0.0012 (p 0.865); per SD of measure (raw sd 0.108); contributing runs 10
frontier,8-agent mixed,2 GeminiPro + 3 Opus + 3 Sol,mixed,H1 first meetings: moral_cos alignment -> return proportion,-0.0010185075699339,-0.0264050752321286,0.0243680600922607,0.9296730193754472,1.0,10.0,222,no detectable effect,per SD of measure (raw sd 0.103); contributing runs 10
frontier,8-agent mixed,2 GeminiPro + 3 Opus + 3 Sol,mixed,"H1 agent FE (investor, trustee within run) + round: rule_index alignment -> return proportion",-0.0024437516557615,-0.0155437018582348,0.0106561985467118,0.6829282171562061,1.0,10.0,360,no detectable effect,per SD of measure (raw sd 0.229); contributing runs 10
frontier,8-agent mixed,2 GeminiPro + 3 Opus + 3 Sol,mixed,H1 vs non-partner placebo: rule_index alignment -> return proportion,0.0023788926078392,-0.0134323276777227,0.0181901128934013,0.7413985395200958,1.0,10.0,360,no detectable effect,partner alignment coef shown; non-partner placebo coef -0.0048 (p 0.245); per SD of measure (raw sd 0.229); contributing runs 10
frontier,8-agent mixed,2 GeminiPro + 3 Opus + 3 Sol,mixed,H1 first meetings: rule_index alignment -> return proportion,0.0042935841615343,-0.0069873832119895,0.0155745515350583,0.4115953603642351,1.0,10.0,222,no detectable effect,per SD of measure (raw sd 0.242); contributing runs 10
frontier,8-agent mixed,2 GeminiPro + 3 Opus + 3 Sol,mixed,"H1 agent FE (investor, trustee within run) + round: give_align alignment -> return proportion",0.003492254099438,-0.0070167362012616,0.0140012444001377,0.4714079105669556,1.0,10.0,360,no detectable effect,per SD of measure (raw sd 0.149); contributing runs 10
frontier,8-agent mixed,2 GeminiPro + 3 Opus + 3 Sol,mixed,H1 vs non-partner placebo: give_align alignment -> return proportion,0.0059101938524193,-0.0030320758833025,0.0148524635881413,0.1690950940915878,0.845475470457939,10.0,360,no detectable effect,partner alignment coef shown; non-partner placebo coef +0.0009 (p 0.884); per SD of measure (raw sd 0.149); contributing runs 10
frontier,8-agent mixed,2 GeminiPro + 3 Opus + 3 Sol,mixed,H1 first meetings: give_align alignment -> return proportion,0.0127875210863955,-0.0191688711056568,0.0447439132784478,0.3889415679486669,1.0,10.0,222,no detectable effect,per SD of measure (raw sd 0.155); contributing runs 10
frontier,8-agent mixed,2 GeminiPro + 3 Opus + 3 Sol,mixed,"H1 agent FE (investor, trustee within run) + round: myth_cos alignment -> return proportion",0.0031693795662525,-0.0065107521350083,0.0128495112675133,0.4777801766342691,1.0,10.0,360,no detectable effect,per SD of measure (raw sd 0.094); contributing runs 10
frontier,8-agent mixed,2 GeminiPro + 3 Opus + 3 Sol,mixed,H1 vs non-partner placebo: myth_cos alignment -> return proportion,0.0017068949009478,-0.0104948163979109,0.0139086061998066,0.7588754769193033,1.0,10.0,360,no detectable effect,partner alignment coef shown; non-partner placebo coef -0.0070 (p 0.146); per SD of measure (raw sd 0.094); contributing runs 10
frontier,8-agent mixed,2 GeminiPro + 3 Opus + 3 Sol,mixed,H1 first meetings: myth_cos alignment -> return proportion,0.0032998540795319,-0.0185852905492274,0.0251849987082913,0.7408640980867065,1.0,10.0,222,no detectable effect,per SD of measure (raw sd 0.092); contributing runs 10
frontier,8-agent mixed,2 GeminiPro + 3 Opus + 3 Sol,mixed,H1 DeepSeek labels: same_label alignment -> return proportion,0.0004014038945396,-0.0067475384079259,0.0075503461970052,0.9017193370700284,0.9017193370700284,10.0,360,no detectable effect,"DeepSeek frontier labels served with hidden reasoning, robustness only; GLM level controls; GLM-label primary +0.0008 (p 0.755); per SD of measure (raw sd 0.500); contributing runs 10"
frontier,"2-agent (all, pooled)",all 2-agent runs (pooled),pooled,"H1 R4 round 1 (myth_game, before any play), alone: same_label alignment -> send fraction",0.0,0.0,0.0,,,33.0,33,not estimable: ceiling,Holm within stratum over R4 tests; per SD of measure (raw sd 0.508); contributing runs 3
frontier,"2-agent (all, pooled)",all 2-agent runs (pooled),pooled,"H1 R4 round 1 (myth_game, before any play), + own send scores: same_label alignment -> send fraction",0.0077178857306249,-0.003073736450284,0.0185095079115339,0.1529323876578009,,33.0,33,underpowered,Holm within stratum over R4 tests; per SD of measure (raw sd 0.508); contributing runs 3
frontier,"2-agent (all, pooled)",all 2-agent runs (pooled),pooled,"H1 R4 round 1 (myth_game, before any play), alone: moral_cos alignment -> send fraction",0.0026502702512326,-0.0160239798010923,0.0213245203035576,0.7728133583956618,,33.0,33,underpowered,Holm within stratum over R4 tests; per SD of measure (raw sd 0.091); contributing runs 3
frontier,"2-agent (all, pooled)",all 2-agent runs (pooled),pooled,"H1 R4 round 1 (myth_game, before any play), + own send scores: moral_cos alignment -> send fraction",-0.0203390684874409,-0.042561210893069,0.0018830739181871,0.071033535059845,,33.0,33,underpowered,Holm within stratum over R4 tests; per SD of measure (raw sd 0.091); contributing runs 3
frontier,"2-agent (all, pooled)",all 2-agent runs (pooled),pooled,"H1 R4 round 1 (myth_game, before any play), alone: rule_index alignment -> send fraction",0.0291886396702231,-0.0118077169755804,0.0701849963160268,0.1553168005312936,,33.0,33,underpowered,Holm within stratum over R4 tests; per SD of measure (raw sd 0.231); contributing runs 3
frontier,"2-agent (all, pooled)",all 2-agent runs (pooled),pooled,"H1 R4 round 1 (myth_game, before any play), + own send scores: rule_index alignment -> send fraction",0.0075226405183044,-0.0125210294454335,0.0275663104820424,0.4461366651005947,,33.0,33,underpowered,Holm within stratum over R4 tests; per SD of measure (raw sd 0.231); contributing runs 3
frontier,"2-agent (all, pooled)",all 2-agent runs (pooled),pooled,"H1 R4 round 1 (myth_game, before any play), alone: give_align alignment -> send fraction",0.0479730914251905,0.0030241172280413,0.0929220656223398,0.037383821949572,,33.0,33,underpowered,Holm within stratum over R4 tests; per SD of measure (raw sd 0.182); contributing runs 3
frontier,"2-agent (all, pooled)",all 2-agent runs (pooled),pooled,"H1 R4 round 1 (myth_game, before any play), + own send scores: give_align alignment -> send fraction",0.0216549813390538,-0.0038760689236193,0.0471860316017271,0.0927962448974338,,33.0,33,underpowered,Holm within stratum over R4 tests; per SD of measure (raw sd 0.182); contributing runs 3
frontier,"2-agent (all, pooled)",all 2-agent runs (pooled),pooled,"H1 R4 round 1 (myth_game, before any play), alone: myth_cos alignment -> send fraction",0.0111652588163707,-0.0343760811174996,0.0567065987502411,0.6185408799620145,,33.0,33,underpowered,Holm within stratum over R4 tests; per SD of measure (raw sd 0.121); contributing runs 3
frontier,"2-agent (all, pooled)",all 2-agent runs (pooled),pooled,"H1 R4 round 1 (myth_game, before any play), + own send scores: myth_cos alignment -> send fraction",-0.0001567148180833,-0.0334858032405796,0.0331723736044129,0.9923372379124878,,33.0,33,underpowered,Holm within stratum over R4 tests; per SD of measure (raw sd 0.121); contributing runs 3
frontier,"2-agent (all, pooled)",all 2-agent runs (pooled),pooled,"H1 R4 round 1 (myth_game, before any play), alone: same_label alignment -> return proportion",-0.0134806228486844,-0.0374867264481909,0.0105254807508221,0.258884341972176,1.0,33.0,33,no detectable effect,Holm within stratum over R4 tests; per SD of measure (raw sd 0.508); contributing runs 27
frontier,"2-agent (all, pooled)",all 2-agent runs (pooled),pooled,"H1 R4 round 1 (myth_game, before any play), + own send scores: same_label alignment -> return proportion",-0.0119734201770068,-0.0367339323543376,0.012787092000324,0.3282179863609046,1.0,33.0,33,no detectable effect,Holm within stratum over R4 tests; per SD of measure (raw sd 0.508); contributing runs 27
frontier,"2-agent (all, pooled)",all 2-agent runs (pooled),pooled,"H1 R4 round 1 (myth_game, before any play), alone: moral_cos alignment -> return proportion",-0.0155804957429618,-0.0396782706555024,0.0085172791695787,0.1953906340449556,1.0,33.0,33,no detectable effect,Holm within stratum over R4 tests; per SD of measure (raw sd 0.091); contributing runs 27
frontier,"2-agent (all, pooled)",all 2-agent runs (pooled),pooled,"H1 R4 round 1 (myth_game, before any play), + own send scores: moral_cos alignment -> return proportion",-0.0240960772121567,-0.0494404192583686,0.001248264834055,0.0614292502407049,1.0,33.0,33,no detectable effect,Holm within stratum over R4 tests; per SD of measure (raw sd 0.091); contributing runs 27
frontier,"2-agent (all, pooled)",all 2-agent runs (pooled),pooled,"H1 R4 round 1 (myth_game, before any play), alone: rule_index alignment -> return proportion",-0.0091348709827858,-0.0339723390040453,0.0157025970384737,0.456447709943479,1.0,33.0,33,no detectable effect,Holm within stratum over R4 tests; per SD of measure (raw sd 0.231); contributing runs 27
frontier,"2-agent (all, pooled)",all 2-agent runs (pooled),pooled,"H1 R4 round 1 (myth_game, before any play), + own send scores: rule_index alignment -> return proportion",-0.0198949727905065,-0.0465402612126495,0.0067503156316364,0.1363922868443896,1.0,33.0,33,no detectable effect,Holm within stratum over R4 tests; per SD of measure (raw sd 0.231); contributing runs 27
frontier,"2-agent (all, pooled)",all 2-agent runs (pooled),pooled,"H1 R4 round 1 (myth_game, before any play), alone: give_align alignment -> return proportion",0.0133914496442634,-0.0176501222873945,0.0444330215759214,0.3833357539088152,1.0,33.0,33,no detectable effect,Holm within stratum over R4 tests; per SD of measure (raw sd 0.182); contributing runs 27
frontier,"2-agent (all, pooled)",all 2-agent runs (pooled),pooled,"H1 R4 round 1 (myth_game, before any play), + own send scores: give_align alignment -> return proportion",0.0113946809201271,-0.0452357672002912,0.0680251290405455,0.6816265604372634,1.0,33.0,33,no detectable effect,Holm within stratum over R4 tests; per SD of measure (raw sd 0.182); contributing runs 27
frontier,"2-agent (all, pooled)",all 2-agent runs (pooled),pooled,"H1 R4 round 1 (myth_game, before any play), alone: myth_cos alignment -> return proportion",0.0132179465342386,-0.0337428194903241,0.0601787125588014,0.5678608864336943,1.0,33.0,33,no detectable effect,Holm within stratum over R4 tests; per SD of measure (raw sd 0.121); contributing runs 27
frontier,"2-agent (all, pooled)",all 2-agent runs (pooled),pooled,"H1 R4 round 1 (myth_game, before any play), + own send scores: myth_cos alignment -> return proportion",0.0102701181967465,-0.0422124929156228,0.062752729309116,0.6898799143460648,1.0,33.0,33,no detectable effect,Holm within stratum over R4 tests; per SD of measure (raw sd 0.121); contributing runs 27
frontier,"2-agent (all, pooled)",all 2-agent runs (pooled),pooled,"H1 R4 round 1 (myth_game, before any play), alone: same_label alignment -> giving gap",0.0134806228486844,-0.0105254807508221,0.0374867264481909,0.2588843419721767,1.0,33.0,33,no detectable effect,Holm within stratum over R4 tests; per SD of measure (raw sd 0.508); contributing runs 27
frontier,"2-agent (all, pooled)",all 2-agent runs (pooled),pooled,"H1 R4 round 1 (myth_game, before any play), + own send scores: same_label alignment -> giving gap",0.0196913059076317,-0.0086840578911854,0.0480666697064488,0.1649665373587695,1.0,33.0,33,no detectable effect,Holm within stratum over R4 tests; per SD of measure (raw sd 0.508); contributing runs 27
frontier,"2-agent (all, pooled)",all 2-agent runs (pooled),pooled,"H1 R4 round 1 (myth_game, before any play), alone: moral_cos alignment -> giving gap",0.0182307659941945,-0.0063784814191599,0.0428400134075489,0.1398910010608021,1.0,33.0,33,no detectable effect,Holm within stratum over R4 tests; per SD of measure (raw sd 0.091); contributing runs 27
frontier,"2-agent (all, pooled)",all 2-agent runs (pooled),pooled,"H1 R4 round 1 (myth_game, before any play), + own send scores: moral_cos alignment -> giving gap",0.0037570087247158,-0.0232067396115511,0.0307207570609829,0.7761410702856004,1.0,33.0,33,no detectable effect,Holm within stratum over R4 tests; per SD of measure (raw sd 0.091); contributing runs 27
frontier,"2-agent (all, pooled)",all 2-agent runs (pooled),pooled,"H1 R4 round 1 (myth_game, before any play), alone: rule_index alignment -> giving gap",0.038323510653009,0.0035869091595463,0.0730601121464716,0.0318847660015,0.6376953200300001,33.0,33,suggestive,Holm within stratum over R4 tests; per SD of measure (raw sd 0.231); contributing runs 27
frontier,"2-agent (all, pooled)",all 2-agent runs (pooled),pooled,"H1 R4 round 1 (myth_game, before any play), + own send scores: rule_index alignment -> giving gap",0.027417613308811,-0.0059844306828812,0.0608196573005032,0.1031820870845995,1.0,33.0,33,no detectable effect,Holm within stratum over R4 tests; per SD of measure (raw sd 0.231); contributing runs 27
frontier,"2-agent (all, pooled)",all 2-agent runs (pooled),pooled,"H1 R4 round 1 (myth_game, before any play), alone: give_align alignment -> giving gap",0.0345816417809271,-0.0064743239026962,0.0756376074645505,0.0952352636973117,1.0,33.0,33,no detectable effect,Holm within stratum over R4 tests; per SD of measure (raw sd 0.182); contributing runs 27
frontier,"2-agent (all, pooled)",all 2-agent runs (pooled),pooled,"H1 R4 round 1 (myth_game, before any play), + own send scores: give_align alignment -> giving gap",0.0102603004189267,-0.0316994466597162,0.0522200474975697,0.6183866361543827,1.0,33.0,33,no detectable effect,Holm within stratum over R4 tests; per SD of measure (raw sd 0.182); contributing runs 27
frontier,"2-agent (all, pooled)",all 2-agent runs (pooled),pooled,"H1 R4 round 1 (myth_game, before any play), alone: myth_cos alignment -> giving gap",-0.0020526877178678,-0.0562836721301635,0.0521782966944278,0.9385800456673964,1.0,33.0,33,no detectable effect,Holm within stratum over R4 tests; per SD of measure (raw sd 0.121); contributing runs 27
frontier,"2-agent (all, pooled)",all 2-agent runs (pooled),pooled,"H1 R4 round 1 (myth_game, before any play), + own send scores: myth_cos alignment -> giving gap",-0.0104268330148298,-0.0547983334450946,0.0339446674154349,0.6320778753567962,1.0,33.0,33,no detectable effect,Holm within stratum over R4 tests; per SD of measure (raw sd 0.121); contributing runs 27
frontier,"8-agent (all, pooled)",all 8-agent runs (pooled),pooled,"H1 R4 round 1 (myth_game, before any play), alone: same_label alignment -> send fraction",-0.0021787233516529,-0.0322862065558363,0.0279287598525303,0.8812084086431271,,20.0,80,underpowered,Holm within stratum over R4 tests; per SD of measure (raw sd 0.436); contributing runs 5
frontier,"8-agent (all, pooled)",all 8-agent runs (pooled),pooled,"H1 R4 round 1 (myth_game, before any play), + own send scores: same_label alignment -> send fraction",-0.0003302666667434,-0.0271578578377962,0.0264973245043093,0.979712198314448,,20.0,80,underpowered,Holm within stratum over R4 tests; per SD of measure (raw sd 0.436); contributing runs 5
frontier,"8-agent (all, pooled)",all 8-agent runs (pooled),pooled,"H1 R4 round 1 (myth_game, before any play), alone: moral_cos alignment -> send fraction",-0.0163740218861897,-0.0520258879488625,0.019277844176483,0.3484891547603922,1.0,20.0,80,no detectable effect,Holm within stratum over R4 tests; per SD of measure (raw sd 0.099); contributing runs 10
frontier,"8-agent (all, pooled)",all 8-agent runs (pooled),pooled,"H1 R4 round 1 (myth_game, before any play), + own send scores: moral_cos alignment -> send fraction",-0.0085550461024914,-0.0397226026608425,0.0226125104558597,0.5723661903418662,1.0,20.0,80,no detectable effect,Holm within stratum over R4 tests; per SD of measure (raw sd 0.099); contributing runs 10
frontier,"8-agent (all, pooled)",all 8-agent runs (pooled),pooled,"H1 R4 round 1 (myth_game, before any play), alone: rule_index alignment -> send fraction",-0.0202756446754257,-0.0504439957528476,0.009892706401996,0.1756669117725821,1.0,20.0,80,no detectable effect,Holm within stratum over R4 tests; per SD of measure (raw sd 0.231); contributing runs 10
frontier,"8-agent (all, pooled)",all 8-agent runs (pooled),pooled,"H1 R4 round 1 (myth_game, before any play), + own send scores: rule_index alignment -> send fraction",-0.0346014000414917,-0.0651585536091295,-0.0040442464738539,0.0285249460903954,0.7701735444406779,20.0,80,suggestive,Holm within stratum over R4 tests; per SD of measure (raw sd 0.231); contributing runs 10
frontier,"8-agent (all, pooled)",all 8-agent runs (pooled),pooled,"H1 R4 round 1 (myth_game, before any play), alone: give_align alignment -> send fraction",0.0005082496719222,-0.0260108692921972,0.0270273686360417,0.9684210314376032,1.0,20.0,80,no detectable effect,Holm within stratum over R4 tests; per SD of measure (raw sd 0.165); contributing runs 9
frontier,"8-agent (all, pooled)",all 8-agent runs (pooled),pooled,"H1 R4 round 1 (myth_game, before any play), + own send scores: give_align alignment -> send fraction",-0.0018081683426832,-0.0283641584543568,0.0247478217689903,0.8881762268996528,1.0,20.0,80,no detectable effect,Holm within stratum over R4 tests; per SD of measure (raw sd 0.165); contributing runs 9
frontier,"8-agent (all, pooled)",all 8-agent runs (pooled),pooled,"H1 R4 round 1 (myth_game, before any play), alone: myth_cos alignment -> send fraction",-0.0176043577680757,-0.0463371450504938,0.0111284295143423,0.2151352090703951,1.0,20.0,80,no detectable effect,Holm within stratum over R4 tests; per SD of measure (raw sd 0.097); contributing runs 10
frontier,"8-agent (all, pooled)",all 8-agent runs (pooled),pooled,"H1 R4 round 1 (myth_game, before any play), + own send scores: myth_cos alignment -> send fraction",-0.0078929289053886,-0.0372888495384555,0.0215029917276782,0.5806956233557812,1.0,20.0,80,no detectable effect,Holm within stratum over R4 tests; per SD of measure (raw sd 0.097); contributing runs 10
frontier,"8-agent (all, pooled)",all 8-agent runs (pooled),pooled,"H1 R4 round 1 (myth_game, before any play), alone: same_label alignment -> return proportion",0.0116470919173782,-0.0003994624164362,0.0236936462511926,0.0573052492074132,1.0,20.0,80,no detectable effect,Holm within stratum over R4 tests; per SD of measure (raw sd 0.436); contributing runs 13
frontier,"8-agent (all, pooled)",all 8-agent runs (pooled),pooled,"H1 R4 round 1 (myth_game, before any play), + own send scores: same_label alignment -> return proportion",0.0125253759984992,0.0021102850167111,0.0229404669802873,0.0209694786480813,0.5871454021462782,20.0,80,suggestive,Holm within stratum over R4 tests; per SD of measure (raw sd 0.436); contributing runs 13
frontier,"8-agent (all, pooled)",all 8-agent runs (pooled),pooled,"H1 R4 round 1 (myth_game, before any play), alone: moral_cos alignment -> return proportion",-0.0091948743227827,-0.0276621940009257,0.0092724453553601,0.3104372456928621,1.0,20.0,80,no detectable effect,Holm within stratum over R4 tests; per SD of measure (raw sd 0.099); contributing runs 20
frontier,"8-agent (all, pooled)",all 8-agent runs (pooled),pooled,"H1 R4 round 1 (myth_game, before any play), + own send scores: moral_cos alignment -> return proportion",-0.0084260427420402,-0.0266629150239263,0.0098108295398458,0.3456698116137862,1.0,20.0,80,no detectable effect,Holm within stratum over R4 tests; per SD of measure (raw sd 0.099); contributing runs 20
frontier,"8-agent (all, pooled)",all 8-agent runs (pooled),pooled,"H1 R4 round 1 (myth_game, before any play), alone: rule_index alignment -> return proportion",-0.0091896938910404,-0.0276176575933035,0.0092382698112226,0.3096983760017951,1.0,20.0,80,no detectable effect,Holm within stratum over R4 tests; per SD of measure (raw sd 0.231); contributing runs 20
frontier,"8-agent (all, pooled)",all 8-agent runs (pooled),pooled,"H1 R4 round 1 (myth_game, before any play), + own send scores: rule_index alignment -> return proportion",-0.0133751876367347,-0.031791916319012,0.0050415410455425,0.1449620750667904,1.0,20.0,80,no detectable effect,Holm within stratum over R4 tests; per SD of measure (raw sd 0.231); contributing runs 20
frontier,"8-agent (all, pooled)",all 8-agent runs (pooled),pooled,"H1 R4 round 1 (myth_game, before any play), alone: give_align alignment -> return proportion",0.0046671437928903,-0.0131589688503446,0.0224932564361254,0.5900828365077203,1.0,20.0,80,no detectable effect,Holm within stratum over R4 tests; per SD of measure (raw sd 0.165); contributing runs 15
frontier,"8-agent (all, pooled)",all 8-agent runs (pooled),pooled,"H1 R4 round 1 (myth_game, before any play), + own send scores: give_align alignment -> return proportion",0.0026071437048447,-0.0121381172696494,0.017352404679339,0.7154215913184079,1.0,20.0,80,no detectable effect,Holm within stratum over R4 tests; per SD of measure (raw sd 0.165); contributing runs 15
frontier,"8-agent (all, pooled)",all 8-agent runs (pooled),pooled,"H1 R4 round 1 (myth_game, before any play), alone: myth_cos alignment -> return proportion",-0.0099750848467781,-0.0293722368620618,0.0094220671685055,0.295249353085559,1.0,20.0,80,no detectable effect,Holm within stratum over R4 tests; per SD of measure (raw sd 0.097); contributing runs 20
frontier,"8-agent (all, pooled)",all 8-agent runs (pooled),pooled,"H1 R4 round 1 (myth_game, before any play), + own send scores: myth_cos alignment -> return proportion",-0.0072215677543566,-0.0243740777476144,0.0099309422389011,0.3892172510560904,1.0,20.0,80,no detectable effect,Holm within stratum over R4 tests; per SD of measure (raw sd 0.097); contributing runs 20
frontier,"8-agent (all, pooled)",all 8-agent runs (pooled),pooled,"H1 R4 round 1 (myth_game, before any play), alone: same_label alignment -> giving gap",-0.0138258152690311,-0.0391245426358063,0.011472912097744,0.266896021498928,1.0,20.0,80,no detectable effect,Holm within stratum over R4 tests; per SD of measure (raw sd 0.436); contributing runs 13
frontier,"8-agent (all, pooled)",all 8-agent runs (pooled),pooled,"H1 R4 round 1 (myth_game, before any play), + own send scores: same_label alignment -> giving gap",-0.0128556426652427,-0.0368628270827883,0.0111515417523029,0.2763415567332249,1.0,20.0,80,no detectable effect,Holm within stratum over R4 tests; per SD of measure (raw sd 0.436); contributing runs 13
frontier,"8-agent (all, pooled)",all 8-agent runs (pooled),pooled,"H1 R4 round 1 (myth_game, before any play), alone: moral_cos alignment -> giving gap",-0.0071791475634069,-0.0379752328368693,0.0236169377100554,0.6311870874082681,1.0,20.0,80,no detectable effect,Holm within stratum over R4 tests; per SD of measure (raw sd 0.099); contributing runs 20
frontier,"8-agent (all, pooled)",all 8-agent runs (pooled),pooled,"H1 R4 round 1 (myth_game, before any play), + own send scores: moral_cos alignment -> giving gap",-0.0001290033604511,-0.0284425252528647,0.0281845185319623,0.9924906437197644,1.0,20.0,80,no detectable effect,Holm within stratum over R4 tests; per SD of measure (raw sd 0.099); contributing runs 20
frontier,"8-agent (all, pooled)",all 8-agent runs (pooled),pooled,"H1 R4 round 1 (myth_game, before any play), alone: rule_index alignment -> giving gap",-0.0110859507843853,-0.0486688998618047,0.0264969982930341,0.5443095052954545,1.0,20.0,80,no detectable effect,Holm within stratum over R4 tests; per SD of measure (raw sd 0.231); contributing runs 20
frontier,"8-agent (all, pooled)",all 8-agent runs (pooled),pooled,"H1 R4 round 1 (myth_game, before any play), + own send scores: rule_index alignment -> giving gap",-0.021226212404757,-0.056357641099371,0.0139052162898569,0.2213096231868063,1.0,20.0,80,no detectable effect,Holm within stratum over R4 tests; per SD of measure (raw sd 0.231); contributing runs 20
frontier,"8-agent (all, pooled)",all 8-agent runs (pooled),pooled,"H1 R4 round 1 (myth_game, before any play), alone: give_align alignment -> giving gap",-0.0041588941209681,-0.0359718515502038,0.0276540633082675,0.7873288828153079,1.0,20.0,80,no detectable effect,Holm within stratum over R4 tests; per SD of measure (raw sd 0.165); contributing runs 15
frontier,"8-agent (all, pooled)",all 8-agent runs (pooled),pooled,"H1 R4 round 1 (myth_game, before any play), + own send scores: give_align alignment -> giving gap",-0.004415312047528,-0.0329187634121097,0.0240881393170536,0.7493145216674354,1.0,20.0,80,no detectable effect,Holm within stratum over R4 tests; per SD of measure (raw sd 0.165); contributing runs 15
frontier,"8-agent (all, pooled)",all 8-agent runs (pooled),pooled,"H1 R4 round 1 (myth_game, before any play), alone: myth_cos alignment -> giving gap",-0.0076292729212976,-0.0378521633901264,0.0225936175475312,0.6033740354966939,1.0,20.0,80,no detectable effect,Holm within stratum over R4 tests; per SD of measure (raw sd 0.097); contributing runs 20
frontier,"8-agent (all, pooled)",all 8-agent runs (pooled),pooled,"H1 R4 round 1 (myth_game, before any play), + own send scores: myth_cos alignment -> giving gap",-0.000671361151032,-0.032039427449653,0.030696705147589,0.9647370939636556,1.0,20.0,80,no detectable effect,Holm within stratum over R4 tests; per SD of measure (raw sd 0.097); contributing runs 20
frontier,2-agent homogeneous,GeminiPro dyads,GeminiPro,"H1 R4 round 1 (myth_game, before any play), alone: same_label alignment -> send fraction",,,,,,5.0,5,not testable by design,Holm within stratum over R4 tests; not testable by design (n=5 round-1 games < 30)
frontier,2-agent homogeneous,GeminiPro dyads,GeminiPro,"H1 R4 round 1 (myth_game, before any play), + own send scores: same_label alignment -> send fraction",,,,,,5.0,5,not testable by design,Holm within stratum over R4 tests; not testable by design (n=5 round-1 games < 30)
frontier,2-agent homogeneous,GeminiPro dyads,GeminiPro,"H1 R4 round 1 (myth_game, before any play), alone: moral_cos alignment -> send fraction",,,,,,5.0,5,not testable by design,Holm within stratum over R4 tests; not testable by design (n=5 round-1 games < 30)
frontier,2-agent homogeneous,GeminiPro dyads,GeminiPro,"H1 R4 round 1 (myth_game, before any play), + own send scores: moral_cos alignment -> send fraction",,,,,,5.0,5,not testable by design,Holm within stratum over R4 tests; not testable by design (n=5 round-1 games < 30)
frontier,2-agent homogeneous,GeminiPro dyads,GeminiPro,"H1 R4 round 1 (myth_game, before any play), alone: rule_index alignment -> send fraction",,,,,,5.0,5,not testable by design,Holm within stratum over R4 tests; not testable by design (n=5 round-1 games < 30)
frontier,2-agent homogeneous,GeminiPro dyads,GeminiPro,"H1 R4 round 1 (myth_game, before any play), + own send scores: rule_index alignment -> send fraction",,,,,,5.0,5,not testable by design,Holm within stratum over R4 tests; not testable by design (n=5 round-1 games < 30)
frontier,2-agent homogeneous,GeminiPro dyads,GeminiPro,"H1 R4 round 1 (myth_game, before any play), alone: give_align alignment -> send fraction",,,,,,,5,not estimable: ceiling,Holm within stratum over R4 tests; not estimable: ceiling (measure give_align constant)
frontier,2-agent homogeneous,GeminiPro dyads,GeminiPro,"H1 R4 round 1 (myth_game, before any play), + own send scores: give_align alignment -> send fraction",,,,,,,5,not estimable: ceiling,Holm within stratum over R4 tests; not estimable: ceiling (measure give_align constant)
frontier,2-agent homogeneous,GeminiPro dyads,GeminiPro,"H1 R4 round 1 (myth_game, before any play), alone: myth_cos alignment -> send fraction",,,,,,5.0,5,not testable by design,Holm within stratum over R4 tests; not testable by design (n=5 round-1 games < 30)
frontier,2-agent homogeneous,GeminiPro dyads,GeminiPro,"H1 R4 round 1 (myth_game, before any play), + own send scores: myth_cos alignment -> send fraction",,,,,,5.0,5,not testable by design,Holm within stratum over R4 tests; not testable by design (n=5 round-1 games < 30)
frontier,2-agent homogeneous,GeminiPro dyads,GeminiPro,"H1 R4 round 1 (myth_game, before any play), alone: same_label alignment -> return proportion",,,,,,5.0,5,not testable by design,Holm within stratum over R4 tests; not testable by design (n=5 round-1 games < 30)
frontier,2-agent homogeneous,GeminiPro dyads,GeminiPro,"H1 R4 round 1 (myth_game, before any play), + own send scores: same_label alignment -> return proportion",,,,,,5.0,5,not testable by design,Holm within stratum over R4 tests; not testable by design (n=5 round-1 games < 30)
frontier,2-agent homogeneous,GeminiPro dyads,GeminiPro,"H1 R4 round 1 (myth_game, before any play), alone: moral_cos alignment -> return proportion",,,,,,5.0,5,not testable by design,Holm within stratum over R4 tests; not testable by design (n=5 round-1 games < 30)
frontier,2-agent homogeneous,GeminiPro dyads,GeminiPro,"H1 R4 round 1 (myth_game, before any play), + own send scores: moral_cos alignment -> return proportion",,,,,,5.0,5,not testable by design,Holm within stratum over R4 tests; not testable by design (n=5 round-1 games < 30)
frontier,2-agent homogeneous,GeminiPro dyads,GeminiPro,"H1 R4 round 1 (myth_game, before any play), alone: rule_index alignment -> return proportion",,,,,,5.0,5,not testable by design,Holm within stratum over R4 tests; not testable by design (n=5 round-1 games < 30)
frontier,2-agent homogeneous,GeminiPro dyads,GeminiPro,"H1 R4 round 1 (myth_game, before any play), + own send scores: rule_index alignment -> return proportion",,,,,,5.0,5,not testable by design,Holm within stratum over R4 tests; not testable by design (n=5 round-1 games < 30)
frontier,2-agent homogeneous,GeminiPro dyads,GeminiPro,"H1 R4 round 1 (myth_game, before any play), alone: give_align alignment -> return proportion",,,,,,,5,not estimable: ceiling,Holm within stratum over R4 tests; not estimable: ceiling (measure give_align constant)
frontier,2-agent homogeneous,GeminiPro dyads,GeminiPro,"H1 R4 round 1 (myth_game, before any play), + own send scores: give_align alignment -> return proportion",,,,,,,5,not estimable: ceiling,Holm within stratum over R4 tests; not estimable: ceiling (measure give_align constant)
frontier,2-agent homogeneous,GeminiPro dyads,GeminiPro,"H1 R4 round 1 (myth_game, before any play), alone: myth_cos alignment -> return proportion",,,,,,5.0,5,not testable by design,Holm within stratum over R4 tests; not testable by design (n=5 round-1 games < 30)
frontier,2-agent homogeneous,GeminiPro dyads,GeminiPro,"H1 R4 round 1 (myth_game, before any play), + own send scores: myth_cos alignment -> return proportion",,,,,,5.0,5,not testable by design,Holm within stratum over R4 tests; not testable by design (n=5 round-1 games < 30)
frontier,2-agent homogeneous,GeminiPro dyads,GeminiPro,"H1 R4 round 1 (myth_game, before any play), alone: same_label alignment -> giving gap",,,,,,5.0,5,not testable by design,Holm within stratum over R4 tests; not testable by design (n=5 round-1 games < 30)
frontier,2-agent homogeneous,GeminiPro dyads,GeminiPro,"H1 R4 round 1 (myth_game, before any play), + own send scores: same_label alignment -> giving gap",,,,,,5.0,5,not testable by design,Holm within stratum over R4 tests; not testable by design (n=5 round-1 games < 30)
frontier,2-agent homogeneous,GeminiPro dyads,GeminiPro,"H1 R4 round 1 (myth_game, before any play), alone: moral_cos alignment -> giving gap",,,,,,5.0,5,not testable by design,Holm within stratum over R4 tests; not testable by design (n=5 round-1 games < 30)
frontier,2-agent homogeneous,GeminiPro dyads,GeminiPro,"H1 R4 round 1 (myth_game, before any play), + own send scores: moral_cos alignment -> giving gap",,,,,,5.0,5,not testable by design,Holm within stratum over R4 tests; not testable by design (n=5 round-1 games < 30)
frontier,2-agent homogeneous,GeminiPro dyads,GeminiPro,"H1 R4 round 1 (myth_game, before any play), alone: rule_index alignment -> giving gap",,,,,,5.0,5,not testable by design,Holm within stratum over R4 tests; not testable by design (n=5 round-1 games < 30)
frontier,2-agent homogeneous,GeminiPro dyads,GeminiPro,"H1 R4 round 1 (myth_game, before any play), + own send scores: rule_index alignment -> giving gap",,,,,,5.0,5,not testable by design,Holm within stratum over R4 tests; not testable by design (n=5 round-1 games < 30)
frontier,2-agent homogeneous,GeminiPro dyads,GeminiPro,"H1 R4 round 1 (myth_game, before any play), alone: give_align alignment -> giving gap",,,,,,,5,not estimable: ceiling,Holm within stratum over R4 tests; not estimable: ceiling (measure give_align constant)
frontier,2-agent homogeneous,GeminiPro dyads,GeminiPro,"H1 R4 round 1 (myth_game, before any play), + own send scores: give_align alignment -> giving gap",,,,,,,5,not estimable: ceiling,Holm within stratum over R4 tests; not estimable: ceiling (measure give_align constant)
frontier,2-agent homogeneous,GeminiPro dyads,GeminiPro,"H1 R4 round 1 (myth_game, before any play), alone: myth_cos alignment -> giving gap",,,,,,5.0,5,not testable by design,Holm within stratum over R4 tests; not testable by design (n=5 round-1 games < 30)
frontier,2-agent homogeneous,GeminiPro dyads,GeminiPro,"H1 R4 round 1 (myth_game, before any play), + own send scores: myth_cos alignment -> giving gap",,,,,,5.0,5,not testable by design,Holm within stratum over R4 tests; not testable by design (n=5 round-1 games < 30)
frontier,2-agent homogeneous,Opus dyads,Opus,"H1 R4 round 1 (myth_game, before any play), alone: same_label alignment -> send fraction",,,,,,,5,not estimable: ceiling,Holm within stratum over R4 tests; not estimable: ceiling (measure same_label constant)
frontier,2-agent homogeneous,Opus dyads,Opus,"H1 R4 round 1 (myth_game, before any play), + own send scores: same_label alignment -> send fraction",,,,,,,5,not estimable: ceiling,Holm within stratum over R4 tests; not estimable: ceiling (measure same_label constant)
frontier,2-agent homogeneous,Opus dyads,Opus,"H1 R4 round 1 (myth_game, before any play), alone: moral_cos alignment -> send fraction",,,,,,5.0,5,not testable by design,Holm within stratum over R4 tests; not testable by design (n=5 round-1 games < 30)
frontier,2-agent homogeneous,Opus dyads,Opus,"H1 R4 round 1 (myth_game, before any play), + own send scores: moral_cos alignment -> send fraction",,,,,,5.0,5,not testable by design,Holm within stratum over R4 tests; not testable by design (n=5 round-1 games < 30)
frontier,2-agent homogeneous,Opus dyads,Opus,"H1 R4 round 1 (myth_game, before any play), alone: rule_index alignment -> send fraction",,,,,,5.0,5,not testable by design,Holm within stratum over R4 tests; not testable by design (n=5 round-1 games < 30)
frontier,2-agent homogeneous,Opus dyads,Opus,"H1 R4 round 1 (myth_game, before any play), + own send scores: rule_index alignment -> send fraction",,,,,,5.0,5,not testable by design,Holm within stratum over R4 tests; not testable by design (n=5 round-1 games < 30)
frontier,2-agent homogeneous,Opus dyads,Opus,"H1 R4 round 1 (myth_game, before any play), alone: give_align alignment -> send fraction",,,,,,5.0,5,not testable by design,Holm within stratum over R4 tests; not testable by design (n=5 round-1 games < 30)
frontier,2-agent homogeneous,Opus dyads,Opus,"H1 R4 round 1 (myth_game, before any play), + own send scores: give_align alignment -> send fraction",,,,,,5.0,5,not testable by design,Holm within stratum over R4 tests; not testable by design (n=5 round-1 games < 30)
frontier,2-agent homogeneous,Opus dyads,Opus,"H1 R4 round 1 (myth_game, before any play), alone: myth_cos alignment -> send fraction",,,,,,5.0,5,not testable by design,Holm within stratum over R4 tests; not testable by design (n=5 round-1 games < 30)
frontier,2-agent homogeneous,Opus dyads,Opus,"H1 R4 round 1 (myth_game, before any play), + own send scores: myth_cos alignment -> send fraction",,,,,,5.0,5,not testable by design,Holm within stratum over R4 tests; not testable by design (n=5 round-1 games < 30)
frontier,2-agent homogeneous,Opus dyads,Opus,"H1 R4 round 1 (myth_game, before any play), alone: same_label alignment -> return proportion",,,,,,,5,not estimable: ceiling,Holm within stratum over R4 tests; not estimable: ceiling (measure same_label constant)
frontier,2-agent homogeneous,Opus dyads,Opus,"H1 R4 round 1 (myth_game, before any play), + own send scores: same_label alignment -> return proportion",,,,,,,5,not estimable: ceiling,Holm within stratum over R4 tests; not estimable: ceiling (measure same_label constant)
frontier,2-agent homogeneous,Opus dyads,Opus,"H1 R4 round 1 (myth_game, before any play), alone: moral_cos alignment -> return proportion",,,,,,5.0,5,not testable by design,Holm within stratum over R4 tests; not testable by design (n=5 round-1 games < 30)
frontier,2-agent homogeneous,Opus dyads,Opus,"H1 R4 round 1 (myth_game, before any play), + own send scores: moral_cos alignment -> return proportion",,,,,,5.0,5,not testable by design,Holm within stratum over R4 tests; not testable by design (n=5 round-1 games < 30)
frontier,2-agent homogeneous,Opus dyads,Opus,"H1 R4 round 1 (myth_game, before any play), alone: rule_index alignment -> return proportion",,,,,,5.0,5,not testable by design,Holm within stratum over R4 tests; not testable by design (n=5 round-1 games < 30)
frontier,2-agent homogeneous,Opus dyads,Opus,"H1 R4 round 1 (myth_game, before any play), + own send scores: rule_index alignment -> return proportion",,,,,,5.0,5,not testable by design,Holm within stratum over R4 tests; not testable by design (n=5 round-1 games < 30)
frontier,2-agent homogeneous,Opus dyads,Opus,"H1 R4 round 1 (myth_game, before any play), alone: give_align alignment -> return proportion",,,,,,5.0,5,not testable by design,Holm within stratum over R4 tests; not testable by design (n=5 round-1 games < 30)
frontier,2-agent homogeneous,Opus dyads,Opus,"H1 R4 round 1 (myth_game, before any play), + own send scores: give_align alignment -> return proportion",,,,,,5.0,5,not testable by design,Holm within stratum over R4 tests; not testable by design (n=5 round-1 games < 30)
frontier,2-agent homogeneous,Opus dyads,Opus,"H1 R4 round 1 (myth_game, before any play), alone: myth_cos alignment -> return proportion",,,,,,5.0,5,not testable by design,Holm within stratum over R4 tests; not testable by design (n=5 round-1 games < 30)
frontier,2-agent homogeneous,Opus dyads,Opus,"H1 R4 round 1 (myth_game, before any play), + own send scores: myth_cos alignment -> return proportion",,,,,,5.0,5,not testable by design,Holm within stratum over R4 tests; not testable by design (n=5 round-1 games < 30)
frontier,2-agent homogeneous,Opus dyads,Opus,"H1 R4 round 1 (myth_game, before any play), alone: same_label alignment -> giving gap",,,,,,,5,not estimable: ceiling,Holm within stratum over R4 tests; not estimable: ceiling (measure same_label constant)
frontier,2-agent homogeneous,Opus dyads,Opus,"H1 R4 round 1 (myth_game, before any play), + own send scores: same_label alignment -> giving gap",,,,,,,5,not estimable: ceiling,Holm within stratum over R4 tests; not estimable: ceiling (measure same_label constant)
frontier,2-agent homogeneous,Opus dyads,Opus,"H1 R4 round 1 (myth_game, before any play), alone: moral_cos alignment -> giving gap",,,,,,5.0,5,not testable by design,Holm within stratum over R4 tests; not testable by design (n=5 round-1 games < 30)
frontier,2-agent homogeneous,Opus dyads,Opus,"H1 R4 round 1 (myth_game, before any play), + own send scores: moral_cos alignment -> giving gap",,,,,,5.0,5,not testable by design,Holm within stratum over R4 tests; not testable by design (n=5 round-1 games < 30)
frontier,2-agent homogeneous,Opus dyads,Opus,"H1 R4 round 1 (myth_game, before any play), alone: rule_index alignment -> giving gap",,,,,,5.0,5,not testable by design,Holm within stratum over R4 tests; not testable by design (n=5 round-1 games < 30)
frontier,2-agent homogeneous,Opus dyads,Opus,"H1 R4 round 1 (myth_game, before any play), + own send scores: rule_index alignment -> giving gap",,,,,,5.0,5,not testable by design,Holm within stratum over R4 tests; not testable by design (n=5 round-1 games < 30)
frontier,2-agent homogeneous,Opus dyads,Opus,"H1 R4 round 1 (myth_game, before any play), alone: give_align alignment -> giving gap",,,,,,5.0,5,not testable by design,Holm within stratum over R4 tests; not testable by design (n=5 round-1 games < 30)
frontier,2-agent homogeneous,Opus dyads,Opus,"H1 R4 round 1 (myth_game, before any play), + own send scores: give_align alignment -> giving gap",,,,,,5.0,5,not testable by design,Holm within stratum over R4 tests; not testable by design (n=5 round-1 games < 30)
frontier,2-agent homogeneous,Opus dyads,Opus,"H1 R4 round 1 (myth_game, before any play), alone: myth_cos alignment -> giving gap",,,,,,5.0,5,not testable by design,Holm within stratum over R4 tests; not testable by design (n=5 round-1 games < 30)
frontier,2-agent homogeneous,Opus dyads,Opus,"H1 R4 round 1 (myth_game, before any play), + own send scores: myth_cos alignment -> giving gap",,,,,,5.0,5,not testable by design,Holm within stratum over R4 tests; not testable by design (n=5 round-1 games < 30)
frontier,2-agent homogeneous,Sol dyads,Sol,"H1 R4 round 1 (myth_game, before any play), alone: same_label alignment -> send fraction",,,,,,,5,not estimable: ceiling,Holm within stratum over R4 tests; not estimable: ceiling (measure same_label constant)
frontier,2-agent homogeneous,Sol dyads,Sol,"H1 R4 round 1 (myth_game, before any play), + own send scores: same_label alignment -> send fraction",,,,,,,5,not estimable: ceiling,Holm within stratum over R4 tests; not estimable: ceiling (measure same_label constant)
frontier,2-agent homogeneous,Sol dyads,Sol,"H1 R4 round 1 (myth_game, before any play), alone: moral_cos alignment -> send fraction",,,,,,5.0,5,not testable by design,Holm within stratum over R4 tests; not testable by design (n=5 round-1 games < 30)
frontier,2-agent homogeneous,Sol dyads,Sol,"H1 R4 round 1 (myth_game, before any play), + own send scores: moral_cos alignment -> send fraction",,,,,,5.0,5,not testable by design,Holm within stratum over R4 tests; not testable by design (n=5 round-1 games < 30)
frontier,2-agent homogeneous,Sol dyads,Sol,"H1 R4 round 1 (myth_game, before any play), alone: rule_index alignment -> send fraction",,,,,,5.0,5,not testable by design,Holm within stratum over R4 tests; not testable by design (n=5 round-1 games < 30)
frontier,2-agent homogeneous,Sol dyads,Sol,"H1 R4 round 1 (myth_game, before any play), + own send scores: rule_index alignment -> send fraction",,,,,,5.0,5,not testable by design,Holm within stratum over R4 tests; not testable by design (n=5 round-1 games < 30)
frontier,2-agent homogeneous,Sol dyads,Sol,"H1 R4 round 1 (myth_game, before any play), alone: give_align alignment -> send fraction",,,,,,5.0,5,not testable by design,Holm within stratum over R4 tests; not testable by design (n=5 round-1 games < 30)
frontier,2-agent homogeneous,Sol dyads,Sol,"H1 R4 round 1 (myth_game, before any play), + own send scores: give_align alignment -> send fraction",,,,,,5.0,5,not testable by design,Holm within stratum over R4 tests; not testable by design (n=5 round-1 games < 30)
frontier,2-agent homogeneous,Sol dyads,Sol,"H1 R4 round 1 (myth_game, before any play), alone: myth_cos alignment -> send fraction",,,,,,5.0,5,not testable by design,Holm within stratum over R4 tests; not testable by design (n=5 round-1 games < 30)
frontier,2-agent homogeneous,Sol dyads,Sol,"H1 R4 round 1 (myth_game, before any play), + own send scores: myth_cos alignment -> send fraction",,,,,,5.0,5,not testable by design,Holm within stratum over R4 tests; not testable by design (n=5 round-1 games < 30)
frontier,2-agent homogeneous,Sol dyads,Sol,"H1 R4 round 1 (myth_game, before any play), alone: same_label alignment -> return proportion",,,,,,,5,not estimable: ceiling,Holm within stratum over R4 tests; not estimable: ceiling (measure same_label constant)
frontier,2-agent homogeneous,Sol dyads,Sol,"H1 R4 round 1 (myth_game, before any play), + own send scores: same_label alignment -> return proportion",,,,,,,5,not estimable: ceiling,Holm within stratum over R4 tests; not estimable: ceiling (measure same_label constant)
frontier,2-agent homogeneous,Sol dyads,Sol,"H1 R4 round 1 (myth_game, before any play), alone: moral_cos alignment -> return proportion",,,,,,5.0,5,not testable by design,Holm within stratum over R4 tests; not testable by design (n=5 round-1 games < 30)
frontier,2-agent homogeneous,Sol dyads,Sol,"H1 R4 round 1 (myth_game, before any play), + own send scores: moral_cos alignment -> return proportion",,,,,,5.0,5,not testable by design,Holm within stratum over R4 tests; not testable by design (n=5 round-1 games < 30)
frontier,2-agent homogeneous,Sol dyads,Sol,"H1 R4 round 1 (myth_game, before any play), alone: rule_index alignment -> return proportion",,,,,,5.0,5,not testable by design,Holm within stratum over R4 tests; not testable by design (n=5 round-1 games < 30)
frontier,2-agent homogeneous,Sol dyads,Sol,"H1 R4 round 1 (myth_game, before any play), + own send scores: rule_index alignment -> return proportion",,,,,,5.0,5,not testable by design,Holm within stratum over R4 tests; not testable by design (n=5 round-1 games < 30)
frontier,2-agent homogeneous,Sol dyads,Sol,"H1 R4 round 1 (myth_game, before any play), alone: give_align alignment -> return proportion",,,,,,5.0,5,not testable by design,Holm within stratum over R4 tests; not testable by design (n=5 round-1 games < 30)
frontier,2-agent homogeneous,Sol dyads,Sol,"H1 R4 round 1 (myth_game, before any play), + own send scores: give_align alignment -> return proportion",,,,,,5.0,5,not testable by design,Holm within stratum over R4 tests; not testable by design (n=5 round-1 games < 30)
frontier,2-agent homogeneous,Sol dyads,Sol,"H1 R4 round 1 (myth_game, before any play), alone: myth_cos alignment -> return proportion",,,,,,5.0,5,not testable by design,Holm within stratum over R4 tests; not testable by design (n=5 round-1 games < 30)
frontier,2-agent homogeneous,Sol dyads,Sol,"H1 R4 round 1 (myth_game, before any play), + own send scores: myth_cos alignment -> return proportion",,,,,,5.0,5,not testable by design,Holm within stratum over R4 tests; not testable by design (n=5 round-1 games < 30)
frontier,2-agent homogeneous,Sol dyads,Sol,"H1 R4 round 1 (myth_game, before any play), alone: same_label alignment -> giving gap",,,,,,,5,not estimable: ceiling,Holm within stratum over R4 tests; not estimable: ceiling (measure same_label constant)
frontier,2-agent homogeneous,Sol dyads,Sol,"H1 R4 round 1 (myth_game, before any play), + own send scores: same_label alignment -> giving gap",,,,,,,5,not estimable: ceiling,Holm within stratum over R4 tests; not estimable: ceiling (measure same_label constant)
frontier,2-agent homogeneous,Sol dyads,Sol,"H1 R4 round 1 (myth_game, before any play), alone: moral_cos alignment -> giving gap",,,,,,5.0,5,not testable by design,Holm within stratum over R4 tests; not testable by design (n=5 round-1 games < 30)
frontier,2-agent homogeneous,Sol dyads,Sol,"H1 R4 round 1 (myth_game, before any play), + own send scores: moral_cos alignment -> giving gap",,,,,,5.0,5,not testable by design,Holm within stratum over R4 tests; not testable by design (n=5 round-1 games < 30)
frontier,2-agent homogeneous,Sol dyads,Sol,"H1 R4 round 1 (myth_game, before any play), alone: rule_index alignment -> giving gap",,,,,,5.0,5,not testable by design,Holm within stratum over R4 tests; not testable by design (n=5 round-1 games < 30)
frontier,2-agent homogeneous,Sol dyads,Sol,"H1 R4 round 1 (myth_game, before any play), + own send scores: rule_index alignment -> giving gap",,,,,,5.0,5,not testable by design,Holm within stratum over R4 tests; not testable by design (n=5 round-1 games < 30)
frontier,2-agent homogeneous,Sol dyads,Sol,"H1 R4 round 1 (myth_game, before any play), alone: give_align alignment -> giving gap",,,,,,5.0,5,not testable by design,Holm within stratum over R4 tests; not testable by design (n=5 round-1 games < 30)
frontier,2-agent homogeneous,Sol dyads,Sol,"H1 R4 round 1 (myth_game, before any play), + own send scores: give_align alignment -> giving gap",,,,,,5.0,5,not testable by design,Holm within stratum over R4 tests; not testable by design (n=5 round-1 games < 30)
frontier,2-agent homogeneous,Sol dyads,Sol,"H1 R4 round 1 (myth_game, before any play), alone: myth_cos alignment -> giving gap",,,,,,5.0,5,not testable by design,Holm within stratum over R4 tests; not testable by design (n=5 round-1 games < 30)
frontier,2-agent homogeneous,Sol dyads,Sol,"H1 R4 round 1 (myth_game, before any play), + own send scores: myth_cos alignment -> giving gap",,,,,,5.0,5,not testable by design,Holm within stratum over R4 tests; not testable by design (n=5 round-1 games < 30)
frontier,2-agent mixed,GeminiPro+Sol dyads,mixed,"H1 R4 round 1 (myth_game, before any play), alone: same_label alignment -> send fraction",,,,,,,6,not estimable: ceiling,Holm within stratum over R4 tests; not estimable: ceiling (measure same_label constant)
frontier,2-agent mixed,GeminiPro+Sol dyads,mixed,"H1 R4 round 1 (myth_game, before any play), + own send scores: same_label alignment -> send fraction",,,,,,,6,not estimable: ceiling,Holm within stratum over R4 tests; not estimable: ceiling (measure same_label constant)
frontier,2-agent mixed,GeminiPro+Sol dyads,mixed,"H1 R4 round 1 (myth_game, before any play), alone: moral_cos alignment -> send fraction",,,,,,6.0,6,not testable by design,Holm within stratum over R4 tests; not testable by design (n=6 round-1 games < 30)
frontier,2-agent mixed,GeminiPro+Sol dyads,mixed,"H1 R4 round 1 (myth_game, before any play), + own send scores: moral_cos alignment -> send fraction",,,,,,6.0,6,not testable by design,Holm within stratum over R4 tests; not testable by design (n=6 round-1 games < 30)
frontier,2-agent mixed,GeminiPro+Sol dyads,mixed,"H1 R4 round 1 (myth_game, before any play), alone: rule_index alignment -> send fraction",,,,,,6.0,6,not testable by design,Holm within stratum over R4 tests; not testable by design (n=6 round-1 games < 30)
frontier,2-agent mixed,GeminiPro+Sol dyads,mixed,"H1 R4 round 1 (myth_game, before any play), + own send scores: rule_index alignment -> send fraction",,,,,,6.0,6,not testable by design,Holm within stratum over R4 tests; not testable by design (n=6 round-1 games < 30)
frontier,2-agent mixed,GeminiPro+Sol dyads,mixed,"H1 R4 round 1 (myth_game, before any play), alone: give_align alignment -> send fraction",,,,,,6.0,6,not testable by design,Holm within stratum over R4 tests; not testable by design (n=6 round-1 games < 30)
frontier,2-agent mixed,GeminiPro+Sol dyads,mixed,"H1 R4 round 1 (myth_game, before any play), + own send scores: give_align alignment -> send fraction",,,,,,6.0,6,not testable by design,Holm within stratum over R4 tests; not testable by design (n=6 round-1 games < 30)
frontier,2-agent mixed,GeminiPro+Sol dyads,mixed,"H1 R4 round 1 (myth_game, before any play), alone: myth_cos alignment -> send fraction",,,,,,6.0,6,not testable by design,Holm within stratum over R4 tests; not testable by design (n=6 round-1 games < 30)
frontier,2-agent mixed,GeminiPro+Sol dyads,mixed,"H1 R4 round 1 (myth_game, before any play), + own send scores: myth_cos alignment -> send fraction",,,,,,6.0,6,not testable by design,Holm within stratum over R4 tests; not testable by design (n=6 round-1 games < 30)
frontier,2-agent mixed,GeminiPro+Sol dyads,mixed,"H1 R4 round 1 (myth_game, before any play), alone: same_label alignment -> return proportion",,,,,,,6,not estimable: ceiling,Holm within stratum over R4 tests; not estimable: ceiling (measure same_label constant)
frontier,2-agent mixed,GeminiPro+Sol dyads,mixed,"H1 R4 round 1 (myth_game, before any play), + own send scores: same_label alignment -> return proportion",,,,,,,6,not estimable: ceiling,Holm within stratum over R4 tests; not estimable: ceiling (measure same_label constant)
frontier,2-agent mixed,GeminiPro+Sol dyads,mixed,"H1 R4 round 1 (myth_game, before any play), alone: moral_cos alignment -> return proportion",,,,,,6.0,6,not testable by design,Holm within stratum over R4 tests; not testable by design (n=6 round-1 games < 30)
frontier,2-agent mixed,GeminiPro+Sol dyads,mixed,"H1 R4 round 1 (myth_game, before any play), + own send scores: moral_cos alignment -> return proportion",,,,,,6.0,6,not testable by design,Holm within stratum over R4 tests; not testable by design (n=6 round-1 games < 30)
frontier,2-agent mixed,GeminiPro+Sol dyads,mixed,"H1 R4 round 1 (myth_game, before any play), alone: rule_index alignment -> return proportion",,,,,,6.0,6,not testable by design,Holm within stratum over R4 tests; not testable by design (n=6 round-1 games < 30)
frontier,2-agent mixed,GeminiPro+Sol dyads,mixed,"H1 R4 round 1 (myth_game, before any play), + own send scores: rule_index alignment -> return proportion",,,,,,6.0,6,not testable by design,Holm within stratum over R4 tests; not testable by design (n=6 round-1 games < 30)
frontier,2-agent mixed,GeminiPro+Sol dyads,mixed,"H1 R4 round 1 (myth_game, before any play), alone: give_align alignment -> return proportion",,,,,,6.0,6,not testable by design,Holm within stratum over R4 tests; not testable by design (n=6 round-1 games < 30)
frontier,2-agent mixed,GeminiPro+Sol dyads,mixed,"H1 R4 round 1 (myth_game, before any play), + own send scores: give_align alignment -> return proportion",,,,,,6.0,6,not testable by design,Holm within stratum over R4 tests; not testable by design (n=6 round-1 games < 30)
frontier,2-agent mixed,GeminiPro+Sol dyads,mixed,"H1 R4 round 1 (myth_game, before any play), alone: myth_cos alignment -> return proportion",,,,,,6.0,6,not testable by design,Holm within stratum over R4 tests; not testable by design (n=6 round-1 games < 30)
frontier,2-agent mixed,GeminiPro+Sol dyads,mixed,"H1 R4 round 1 (myth_game, before any play), + own send scores: myth_cos alignment -> return proportion",,,,,,6.0,6,not testable by design,Holm within stratum over R4 tests; not testable by design (n=6 round-1 games < 30)
frontier,2-agent mixed,GeminiPro+Sol dyads,mixed,"H1 R4 round 1 (myth_game, before any play), alone: same_label alignment -> giving gap",,,,,,,6,not estimable: ceiling,Holm within stratum over R4 tests; not estimable: ceiling (measure same_label constant)
frontier,2-agent mixed,GeminiPro+Sol dyads,mixed,"H1 R4 round 1 (myth_game, before any play), + own send scores: same_label alignment -> giving gap",,,,,,,6,not estimable: ceiling,Holm within stratum over R4 tests; not estimable: ceiling (measure same_label constant)
frontier,2-agent mixed,GeminiPro+Sol dyads,mixed,"H1 R4 round 1 (myth_game, before any play), alone: moral_cos alignment -> giving gap",,,,,,6.0,6,not testable by design,Holm within stratum over R4 tests; not testable by design (n=6 round-1 games < 30)
frontier,2-agent mixed,GeminiPro+Sol dyads,mixed,"H1 R4 round 1 (myth_game, before any play), + own send scores: moral_cos alignment -> giving gap",,,,,,6.0,6,not testable by design,Holm within stratum over R4 tests; not testable by design (n=6 round-1 games < 30)
frontier,2-agent mixed,GeminiPro+Sol dyads,mixed,"H1 R4 round 1 (myth_game, before any play), alone: rule_index alignment -> giving gap",,,,,,6.0,6,not testable by design,Holm within stratum over R4 tests; not testable by design (n=6 round-1 games < 30)
frontier,2-agent mixed,GeminiPro+Sol dyads,mixed,"H1 R4 round 1 (myth_game, before any play), + own send scores: rule_index alignment -> giving gap",,,,,,6.0,6,not testable by design,Holm within stratum over R4 tests; not testable by design (n=6 round-1 games < 30)
frontier,2-agent mixed,GeminiPro+Sol dyads,mixed,"H1 R4 round 1 (myth_game, before any play), alone: give_align alignment -> giving gap",,,,,,6.0,6,not testable by design,Holm within stratum over R4 tests; not testable by design (n=6 round-1 games < 30)
frontier,2-agent mixed,GeminiPro+Sol dyads,mixed,"H1 R4 round 1 (myth_game, before any play), + own send scores: give_align alignment -> giving gap",,,,,,6.0,6,not testable by design,Holm within stratum over R4 tests; not testable by design (n=6 round-1 games < 30)
frontier,2-agent mixed,GeminiPro+Sol dyads,mixed,"H1 R4 round 1 (myth_game, before any play), alone: myth_cos alignment -> giving gap",,,,,,6.0,6,not testable by design,Holm within stratum over R4 tests; not testable by design (n=6 round-1 games < 30)
frontier,2-agent mixed,GeminiPro+Sol dyads,mixed,"H1 R4 round 1 (myth_game, before any play), + own send scores: myth_cos alignment -> giving gap",,,,,,6.0,6,not testable by design,Holm within stratum over R4 tests; not testable by design (n=6 round-1 games < 30)
frontier,2-agent mixed,Opus+GeminiPro dyads,mixed,"H1 R4 round 1 (myth_game, before any play), alone: same_label alignment -> send fraction",,,,,,6.0,6,not testable by design,Holm within stratum over R4 tests; not testable by design (n=6 round-1 games < 30)
frontier,2-agent mixed,Opus+GeminiPro dyads,mixed,"H1 R4 round 1 (myth_game, before any play), + own send scores: same_label alignment -> send fraction",,,,,,6.0,6,not testable by design,Holm within stratum over R4 tests; not testable by design (n=6 round-1 games < 30)
frontier,2-agent mixed,Opus+GeminiPro dyads,mixed,"H1 R4 round 1 (myth_game, before any play), alone: moral_cos alignment -> send fraction",,,,,,6.0,6,not testable by design,Holm within stratum over R4 tests; not testable by design (n=6 round-1 games < 30)
frontier,2-agent mixed,Opus+GeminiPro dyads,mixed,"H1 R4 round 1 (myth_game, before any play), + own send scores: moral_cos alignment -> send fraction",,,,,,6.0,6,not testable by design,Holm within stratum over R4 tests; not testable by design (n=6 round-1 games < 30)
frontier,2-agent mixed,Opus+GeminiPro dyads,mixed,"H1 R4 round 1 (myth_game, before any play), alone: rule_index alignment -> send fraction",,,,,,6.0,6,not testable by design,Holm within stratum over R4 tests; not testable by design (n=6 round-1 games < 30)
frontier,2-agent mixed,Opus+GeminiPro dyads,mixed,"H1 R4 round 1 (myth_game, before any play), + own send scores: rule_index alignment -> send fraction",,,,,,6.0,6,not testable by design,Holm within stratum over R4 tests; not testable by design (n=6 round-1 games < 30)
frontier,2-agent mixed,Opus+GeminiPro dyads,mixed,"H1 R4 round 1 (myth_game, before any play), alone: give_align alignment -> send fraction",,,,,,6.0,6,not testable by design,Holm within stratum over R4 tests; not testable by design (n=6 round-1 games < 30)
frontier,2-agent mixed,Opus+GeminiPro dyads,mixed,"H1 R4 round 1 (myth_game, before any play), + own send scores: give_align alignment -> send fraction",,,,,,6.0,6,not testable by design,Holm within stratum over R4 tests; not testable by design (n=6 round-1 games < 30)
frontier,2-agent mixed,Opus+GeminiPro dyads,mixed,"H1 R4 round 1 (myth_game, before any play), alone: myth_cos alignment -> send fraction",,,,,,6.0,6,not testable by design,Holm within stratum over R4 tests; not testable by design (n=6 round-1 games < 30)
frontier,2-agent mixed,Opus+GeminiPro dyads,mixed,"H1 R4 round 1 (myth_game, before any play), + own send scores: myth_cos alignment -> send fraction",,,,,,6.0,6,not testable by design,Holm within stratum over R4 tests; not testable by design (n=6 round-1 games < 30)
frontier,2-agent mixed,Opus+GeminiPro dyads,mixed,"H1 R4 round 1 (myth_game, before any play), alone: same_label alignment -> return proportion",,,,,,6.0,6,not testable by design,Holm within stratum over R4 tests; not testable by design (n=6 round-1 games < 30)
frontier,2-agent mixed,Opus+GeminiPro dyads,mixed,"H1 R4 round 1 (myth_game, before any play), + own send scores: same_label alignment -> return proportion",,,,,,6.0,6,not testable by design,Holm within stratum over R4 tests; not testable by design (n=6 round-1 games < 30)
frontier,2-agent mixed,Opus+GeminiPro dyads,mixed,"H1 R4 round 1 (myth_game, before any play), alone: moral_cos alignment -> return proportion",,,,,,6.0,6,not testable by design,Holm within stratum over R4 tests; not testable by design (n=6 round-1 games < 30)
frontier,2-agent mixed,Opus+GeminiPro dyads,mixed,"H1 R4 round 1 (myth_game, before any play), + own send scores: moral_cos alignment -> return proportion",,,,,,6.0,6,not testable by design,Holm within stratum over R4 tests; not testable by design (n=6 round-1 games < 30)
frontier,2-agent mixed,Opus+GeminiPro dyads,mixed,"H1 R4 round 1 (myth_game, before any play), alone: rule_index alignment -> return proportion",,,,,,6.0,6,not testable by design,Holm within stratum over R4 tests; not testable by design (n=6 round-1 games < 30)
frontier,2-agent mixed,Opus+GeminiPro dyads,mixed,"H1 R4 round 1 (myth_game, before any play), + own send scores: rule_index alignment -> return proportion",,,,,,6.0,6,not testable by design,Holm within stratum over R4 tests; not testable by design (n=6 round-1 games < 30)
frontier,2-agent mixed,Opus+GeminiPro dyads,mixed,"H1 R4 round 1 (myth_game, before any play), alone: give_align alignment -> return proportion",,,,,,6.0,6,not testable by design,Holm within stratum over R4 tests; not testable by design (n=6 round-1 games < 30)
frontier,2-agent mixed,Opus+GeminiPro dyads,mixed,"H1 R4 round 1 (myth_game, before any play), + own send scores: give_align alignment -> return proportion",,,,,,6.0,6,not testable by design,Holm within stratum over R4 tests; not testable by design (n=6 round-1 games < 30)
frontier,2-agent mixed,Opus+GeminiPro dyads,mixed,"H1 R4 round 1 (myth_game, before any play), alone: myth_cos alignment -> return proportion",,,,,,6.0,6,not testable by design,Holm within stratum over R4 tests; not testable by design (n=6 round-1 games < 30)
frontier,2-agent mixed,Opus+GeminiPro dyads,mixed,"H1 R4 round 1 (myth_game, before any play), + own send scores: myth_cos alignment -> return proportion",,,,,,6.0,6,not testable by design,Holm within stratum over R4 tests; not testable by design (n=6 round-1 games < 30)
frontier,2-agent mixed,Opus+GeminiPro dyads,mixed,"H1 R4 round 1 (myth_game, before any play), alone: same_label alignment -> giving gap",,,,,,6.0,6,not testable by design,Holm within stratum over R4 tests; not testable by design (n=6 round-1 games < 30)
frontier,2-agent mixed,Opus+GeminiPro dyads,mixed,"H1 R4 round 1 (myth_game, before any play), + own send scores: same_label alignment -> giving gap",,,,,,6.0,6,not testable by design,Holm within stratum over R4 tests; not testable by design (n=6 round-1 games < 30)
frontier,2-agent mixed,Opus+GeminiPro dyads,mixed,"H1 R4 round 1 (myth_game, before any play), alone: moral_cos alignment -> giving gap",,,,,,6.0,6,not testable by design,Holm within stratum over R4 tests; not testable by design (n=6 round-1 games < 30)
frontier,2-agent mixed,Opus+GeminiPro dyads,mixed,"H1 R4 round 1 (myth_game, before any play), + own send scores: moral_cos alignment -> giving gap",,,,,,6.0,6,not testable by design,Holm within stratum over R4 tests; not testable by design (n=6 round-1 games < 30)
frontier,2-agent mixed,Opus+GeminiPro dyads,mixed,"H1 R4 round 1 (myth_game, before any play), alone: rule_index alignment -> giving gap",,,,,,6.0,6,not testable by design,Holm within stratum over R4 tests; not testable by design (n=6 round-1 games < 30)
frontier,2-agent mixed,Opus+GeminiPro dyads,mixed,"H1 R4 round 1 (myth_game, before any play), + own send scores: rule_index alignment -> giving gap",,,,,,6.0,6,not testable by design,Holm within stratum over R4 tests; not testable by design (n=6 round-1 games < 30)
frontier,2-agent mixed,Opus+GeminiPro dyads,mixed,"H1 R4 round 1 (myth_game, before any play), alone: give_align alignment -> giving gap",,,,,,6.0,6,not testable by design,Holm within stratum over R4 tests; not testable by design (n=6 round-1 games < 30)
frontier,2-agent mixed,Opus+GeminiPro dyads,mixed,"H1 R4 round 1 (myth_game, before any play), + own send scores: give_align alignment -> giving gap",,,,,,6.0,6,not testable by design,Holm within stratum over R4 tests; not testable by design (n=6 round-1 games < 30)
frontier,2-agent mixed,Opus+GeminiPro dyads,mixed,"H1 R4 round 1 (myth_game, before any play), alone: myth_cos alignment -> giving gap",,,,,,6.0,6,not testable by design,Holm within stratum over R4 tests; not testable by design (n=6 round-1 games < 30)
frontier,2-agent mixed,Opus+GeminiPro dyads,mixed,"H1 R4 round 1 (myth_game, before any play), + own send scores: myth_cos alignment -> giving gap",,,,,,6.0,6,not testable by design,Holm within stratum over R4 tests; not testable by design (n=6 round-1 games < 30)
frontier,2-agent mixed,Opus+Sol dyads,mixed,"H1 R4 round 1 (myth_game, before any play), alone: same_label alignment -> send fraction",,,,,,6.0,6,not testable by design,Holm within stratum over R4 tests; not testable by design (n=6 round-1 games < 30)
frontier,2-agent mixed,Opus+Sol dyads,mixed,"H1 R4 round 1 (myth_game, before any play), + own send scores: same_label alignment -> send fraction",,,,,,6.0,6,not testable by design,Holm within stratum over R4 tests; not testable by design (n=6 round-1 games < 30)
frontier,2-agent mixed,Opus+Sol dyads,mixed,"H1 R4 round 1 (myth_game, before any play), alone: moral_cos alignment -> send fraction",,,,,,6.0,6,not testable by design,Holm within stratum over R4 tests; not testable by design (n=6 round-1 games < 30)
frontier,2-agent mixed,Opus+Sol dyads,mixed,"H1 R4 round 1 (myth_game, before any play), + own send scores: moral_cos alignment -> send fraction",,,,,,6.0,6,not testable by design,Holm within stratum over R4 tests; not testable by design (n=6 round-1 games < 30)
frontier,2-agent mixed,Opus+Sol dyads,mixed,"H1 R4 round 1 (myth_game, before any play), alone: rule_index alignment -> send fraction",,,,,,6.0,6,not testable by design,Holm within stratum over R4 tests; not testable by design (n=6 round-1 games < 30)
frontier,2-agent mixed,Opus+Sol dyads,mixed,"H1 R4 round 1 (myth_game, before any play), + own send scores: rule_index alignment -> send fraction",,,,,,6.0,6,not testable by design,Holm within stratum over R4 tests; not testable by design (n=6 round-1 games < 30)
frontier,2-agent mixed,Opus+Sol dyads,mixed,"H1 R4 round 1 (myth_game, before any play), alone: give_align alignment -> send fraction",,,,,,6.0,6,not testable by design,Holm within stratum over R4 tests; not testable by design (n=6 round-1 games < 30)
frontier,2-agent mixed,Opus+Sol dyads,mixed,"H1 R4 round 1 (myth_game, before any play), + own send scores: give_align alignment -> send fraction",,,,,,6.0,6,not testable by design,Holm within stratum over R4 tests; not testable by design (n=6 round-1 games < 30)
frontier,2-agent mixed,Opus+Sol dyads,mixed,"H1 R4 round 1 (myth_game, before any play), alone: myth_cos alignment -> send fraction",,,,,,6.0,6,not testable by design,Holm within stratum over R4 tests; not testable by design (n=6 round-1 games < 30)
frontier,2-agent mixed,Opus+Sol dyads,mixed,"H1 R4 round 1 (myth_game, before any play), + own send scores: myth_cos alignment -> send fraction",,,,,,6.0,6,not testable by design,Holm within stratum over R4 tests; not testable by design (n=6 round-1 games < 30)
frontier,2-agent mixed,Opus+Sol dyads,mixed,"H1 R4 round 1 (myth_game, before any play), alone: same_label alignment -> return proportion",,,,,,6.0,6,not testable by design,Holm within stratum over R4 tests; not testable by design (n=6 round-1 games < 30)
frontier,2-agent mixed,Opus+Sol dyads,mixed,"H1 R4 round 1 (myth_game, before any play), + own send scores: same_label alignment -> return proportion",,,,,,6.0,6,not testable by design,Holm within stratum over R4 tests; not testable by design (n=6 round-1 games < 30)
frontier,2-agent mixed,Opus+Sol dyads,mixed,"H1 R4 round 1 (myth_game, before any play), alone: moral_cos alignment -> return proportion",,,,,,6.0,6,not testable by design,Holm within stratum over R4 tests; not testable by design (n=6 round-1 games < 30)
frontier,2-agent mixed,Opus+Sol dyads,mixed,"H1 R4 round 1 (myth_game, before any play), + own send scores: moral_cos alignment -> return proportion",,,,,,6.0,6,not testable by design,Holm within stratum over R4 tests; not testable by design (n=6 round-1 games < 30)
frontier,2-agent mixed,Opus+Sol dyads,mixed,"H1 R4 round 1 (myth_game, before any play), alone: rule_index alignment -> return proportion",,,,,,6.0,6,not testable by design,Holm within stratum over R4 tests; not testable by design (n=6 round-1 games < 30)
frontier,2-agent mixed,Opus+Sol dyads,mixed,"H1 R4 round 1 (myth_game, before any play), + own send scores: rule_index alignment -> return proportion",,,,,,6.0,6,not testable by design,Holm within stratum over R4 tests; not testable by design (n=6 round-1 games < 30)
frontier,2-agent mixed,Opus+Sol dyads,mixed,"H1 R4 round 1 (myth_game, before any play), alone: give_align alignment -> return proportion",,,,,,6.0,6,not testable by design,Holm within stratum over R4 tests; not testable by design (n=6 round-1 games < 30)
frontier,2-agent mixed,Opus+Sol dyads,mixed,"H1 R4 round 1 (myth_game, before any play), + own send scores: give_align alignment -> return proportion",,,,,,6.0,6,not testable by design,Holm within stratum over R4 tests; not testable by design (n=6 round-1 games < 30)
frontier,2-agent mixed,Opus+Sol dyads,mixed,"H1 R4 round 1 (myth_game, before any play), alone: myth_cos alignment -> return proportion",,,,,,6.0,6,not testable by design,Holm within stratum over R4 tests; not testable by design (n=6 round-1 games < 30)
frontier,2-agent mixed,Opus+Sol dyads,mixed,"H1 R4 round 1 (myth_game, before any play), + own send scores: myth_cos alignment -> return proportion",,,,,,6.0,6,not testable by design,Holm within stratum over R4 tests; not testable by design (n=6 round-1 games < 30)
frontier,2-agent mixed,Opus+Sol dyads,mixed,"H1 R4 round 1 (myth_game, before any play), alone: same_label alignment -> giving gap",,,,,,6.0,6,not testable by design,Holm within stratum over R4 tests; not testable by design (n=6 round-1 games < 30)
frontier,2-agent mixed,Opus+Sol dyads,mixed,"H1 R4 round 1 (myth_game, before any play), + own send scores: same_label alignment -> giving gap",,,,,,6.0,6,not testable by design,Holm within stratum over R4 tests; not testable by design (n=6 round-1 games < 30)
frontier,2-agent mixed,Opus+Sol dyads,mixed,"H1 R4 round 1 (myth_game, before any play), alone: moral_cos alignment -> giving gap",,,,,,6.0,6,not testable by design,Holm within stratum over R4 tests; not testable by design (n=6 round-1 games < 30)
frontier,2-agent mixed,Opus+Sol dyads,mixed,"H1 R4 round 1 (myth_game, before any play), + own send scores: moral_cos alignment -> giving gap",,,,,,6.0,6,not testable by design,Holm within stratum over R4 tests; not testable by design (n=6 round-1 games < 30)
frontier,2-agent mixed,Opus+Sol dyads,mixed,"H1 R4 round 1 (myth_game, before any play), alone: rule_index alignment -> giving gap",,,,,,6.0,6,not testable by design,Holm within stratum over R4 tests; not testable by design (n=6 round-1 games < 30)
frontier,2-agent mixed,Opus+Sol dyads,mixed,"H1 R4 round 1 (myth_game, before any play), + own send scores: rule_index alignment -> giving gap",,,,,,6.0,6,not testable by design,Holm within stratum over R4 tests; not testable by design (n=6 round-1 games < 30)
frontier,2-agent mixed,Opus+Sol dyads,mixed,"H1 R4 round 1 (myth_game, before any play), alone: give_align alignment -> giving gap",,,,,,6.0,6,not testable by design,Holm within stratum over R4 tests; not testable by design (n=6 round-1 games < 30)
frontier,2-agent mixed,Opus+Sol dyads,mixed,"H1 R4 round 1 (myth_game, before any play), + own send scores: give_align alignment -> giving gap",,,,,,6.0,6,not testable by design,Holm within stratum over R4 tests; not testable by design (n=6 round-1 games < 30)
frontier,2-agent mixed,Opus+Sol dyads,mixed,"H1 R4 round 1 (myth_game, before any play), alone: myth_cos alignment -> giving gap",,,,,,6.0,6,not testable by design,Holm within stratum over R4 tests; not testable by design (n=6 round-1 games < 30)
frontier,2-agent mixed,Opus+Sol dyads,mixed,"H1 R4 round 1 (myth_game, before any play), + own send scores: myth_cos alignment -> giving gap",,,,,,6.0,6,not testable by design,Holm within stratum over R4 tests; not testable by design (n=6 round-1 games < 30)
frontier,8-agent homogeneous,8 GeminiPro,GeminiPro,"H1 R4 round 1 (myth_game, before any play), alone: same_label alignment -> send fraction",,,,,,5.0,20,not testable by design,Holm within stratum over R4 tests; not testable by design (n=20 round-1 games < 30)
frontier,8-agent homogeneous,8 GeminiPro,GeminiPro,"H1 R4 round 1 (myth_game, before any play), + own send scores: same_label alignment -> send fraction",,,,,,5.0,20,not testable by design,Holm within stratum over R4 tests; not testable by design (n=20 round-1 games < 30)
frontier,8-agent homogeneous,8 GeminiPro,GeminiPro,"H1 R4 round 1 (myth_game, before any play), alone: moral_cos alignment -> send fraction",,,,,,5.0,20,not testable by design,Holm within stratum over R4 tests; not testable by design (n=20 round-1 games < 30)
frontier,8-agent homogeneous,8 GeminiPro,GeminiPro,"H1 R4 round 1 (myth_game, before any play), + own send scores: moral_cos alignment -> send fraction",,,,,,5.0,20,not testable by design,Holm within stratum over R4 tests; not testable by design (n=20 round-1 games < 30)
frontier,8-agent homogeneous,8 GeminiPro,GeminiPro,"H1 R4 round 1 (myth_game, before any play), alone: rule_index alignment -> send fraction",,,,,,5.0,20,not testable by design,Holm within stratum over R4 tests; not testable by design (n=20 round-1 games < 30)
frontier,8-agent homogeneous,8 GeminiPro,GeminiPro,"H1 R4 round 1 (myth_game, before any play), + own send scores: rule_index alignment -> send fraction",,,,,,5.0,20,not testable by design,Holm within stratum over R4 tests; not testable by design (n=20 round-1 games < 30)
frontier,8-agent homogeneous,8 GeminiPro,GeminiPro,"H1 R4 round 1 (myth_game, before any play), alone: give_align alignment -> send fraction",,,,,,5.0,20,not testable by design,Holm within stratum over R4 tests; not testable by design (n=20 round-1 games < 30)
frontier,8-agent homogeneous,8 GeminiPro,GeminiPro,"H1 R4 round 1 (myth_game, before any play), + own send scores: give_align alignment -> send fraction",,,,,,5.0,20,not testable by design,Holm within stratum over R4 tests; not testable by design (n=20 round-1 games < 30)
frontier,8-agent homogeneous,8 GeminiPro,GeminiPro,"H1 R4 round 1 (myth_game, before any play), alone: myth_cos alignment -> send fraction",,,,,,5.0,20,not testable by design,Holm within stratum over R4 tests; not testable by design (n=20 round-1 games < 30)
frontier,8-agent homogeneous,8 GeminiPro,GeminiPro,"H1 R4 round 1 (myth_game, before any play), + own send scores: myth_cos alignment -> send fraction",,,,,,5.0,20,not testable by design,Holm within stratum over R4 tests; not testable by design (n=20 round-1 games < 30)
frontier,8-agent homogeneous,8 GeminiPro,GeminiPro,"H1 R4 round 1 (myth_game, before any play), alone: same_label alignment -> return proportion",,,,,,5.0,20,not testable by design,Holm within stratum over R4 tests; not testable by design (n=20 round-1 games < 30)
frontier,8-agent homogeneous,8 GeminiPro,GeminiPro,"H1 R4 round 1 (myth_game, before any play), + own send scores: same_label alignment -> return proportion",,,,,,5.0,20,not testable by design,Holm within stratum over R4 tests; not testable by design (n=20 round-1 games < 30)
frontier,8-agent homogeneous,8 GeminiPro,GeminiPro,"H1 R4 round 1 (myth_game, before any play), alone: moral_cos alignment -> return proportion",,,,,,5.0,20,not testable by design,Holm within stratum over R4 tests; not testable by design (n=20 round-1 games < 30)
frontier,8-agent homogeneous,8 GeminiPro,GeminiPro,"H1 R4 round 1 (myth_game, before any play), + own send scores: moral_cos alignment -> return proportion",,,,,,5.0,20,not testable by design,Holm within stratum over R4 tests; not testable by design (n=20 round-1 games < 30)
frontier,8-agent homogeneous,8 GeminiPro,GeminiPro,"H1 R4 round 1 (myth_game, before any play), alone: rule_index alignment -> return proportion",,,,,,5.0,20,not testable by design,Holm within stratum over R4 tests; not testable by design (n=20 round-1 games < 30)
frontier,8-agent homogeneous,8 GeminiPro,GeminiPro,"H1 R4 round 1 (myth_game, before any play), + own send scores: rule_index alignment -> return proportion",,,,,,5.0,20,not testable by design,Holm within stratum over R4 tests; not testable by design (n=20 round-1 games < 30)
frontier,8-agent homogeneous,8 GeminiPro,GeminiPro,"H1 R4 round 1 (myth_game, before any play), alone: give_align alignment -> return proportion",,,,,,5.0,20,not testable by design,Holm within stratum over R4 tests; not testable by design (n=20 round-1 games < 30)
frontier,8-agent homogeneous,8 GeminiPro,GeminiPro,"H1 R4 round 1 (myth_game, before any play), + own send scores: give_align alignment -> return proportion",,,,,,5.0,20,not testable by design,Holm within stratum over R4 tests; not testable by design (n=20 round-1 games < 30)
frontier,8-agent homogeneous,8 GeminiPro,GeminiPro,"H1 R4 round 1 (myth_game, before any play), alone: myth_cos alignment -> return proportion",,,,,,5.0,20,not testable by design,Holm within stratum over R4 tests; not testable by design (n=20 round-1 games < 30)
frontier,8-agent homogeneous,8 GeminiPro,GeminiPro,"H1 R4 round 1 (myth_game, before any play), + own send scores: myth_cos alignment -> return proportion",,,,,,5.0,20,not testable by design,Holm within stratum over R4 tests; not testable by design (n=20 round-1 games < 30)
frontier,8-agent homogeneous,8 GeminiPro,GeminiPro,"H1 R4 round 1 (myth_game, before any play), alone: same_label alignment -> giving gap",,,,,,5.0,20,not testable by design,Holm within stratum over R4 tests; not testable by design (n=20 round-1 games < 30)
frontier,8-agent homogeneous,8 GeminiPro,GeminiPro,"H1 R4 round 1 (myth_game, before any play), + own send scores: same_label alignment -> giving gap",,,,,,5.0,20,not testable by design,Holm within stratum over R4 tests; not testable by design (n=20 round-1 games < 30)
frontier,8-agent homogeneous,8 GeminiPro,GeminiPro,"H1 R4 round 1 (myth_game, before any play), alone: moral_cos alignment -> giving gap",,,,,,5.0,20,not testable by design,Holm within stratum over R4 tests; not testable by design (n=20 round-1 games < 30)
frontier,8-agent homogeneous,8 GeminiPro,GeminiPro,"H1 R4 round 1 (myth_game, before any play), + own send scores: moral_cos alignment -> giving gap",,,,,,5.0,20,not testable by design,Holm within stratum over R4 tests; not testable by design (n=20 round-1 games < 30)
frontier,8-agent homogeneous,8 GeminiPro,GeminiPro,"H1 R4 round 1 (myth_game, before any play), alone: rule_index alignment -> giving gap",,,,,,5.0,20,not testable by design,Holm within stratum over R4 tests; not testable by design (n=20 round-1 games < 30)
frontier,8-agent homogeneous,8 GeminiPro,GeminiPro,"H1 R4 round 1 (myth_game, before any play), + own send scores: rule_index alignment -> giving gap",,,,,,5.0,20,not testable by design,Holm within stratum over R4 tests; not testable by design (n=20 round-1 games < 30)
frontier,8-agent homogeneous,8 GeminiPro,GeminiPro,"H1 R4 round 1 (myth_game, before any play), alone: give_align alignment -> giving gap",,,,,,5.0,20,not testable by design,Holm within stratum over R4 tests; not testable by design (n=20 round-1 games < 30)
frontier,8-agent homogeneous,8 GeminiPro,GeminiPro,"H1 R4 round 1 (myth_game, before any play), + own send scores: give_align alignment -> giving gap",,,,,,5.0,20,not testable by design,Holm within stratum over R4 tests; not testable by design (n=20 round-1 games < 30)
frontier,8-agent homogeneous,8 GeminiPro,GeminiPro,"H1 R4 round 1 (myth_game, before any play), alone: myth_cos alignment -> giving gap",,,,,,5.0,20,not testable by design,Holm within stratum over R4 tests; not testable by design (n=20 round-1 games < 30)
frontier,8-agent homogeneous,8 GeminiPro,GeminiPro,"H1 R4 round 1 (myth_game, before any play), + own send scores: myth_cos alignment -> giving gap",,,,,,5.0,20,not testable by design,Holm within stratum over R4 tests; not testable by design (n=20 round-1 games < 30)
frontier,8-agent homogeneous,8 Opus,Opus,"H1 R4 round 1 (myth_game, before any play), alone: same_label alignment -> send fraction",,,,,,5.0,20,not testable by design,Holm within stratum over R4 tests; not testable by design (n=20 round-1 games < 30)
frontier,8-agent homogeneous,8 Opus,Opus,"H1 R4 round 1 (myth_game, before any play), + own send scores: same_label alignment -> send fraction",,,,,,5.0,20,not testable by design,Holm within stratum over R4 tests; not testable by design (n=20 round-1 games < 30)
frontier,8-agent homogeneous,8 Opus,Opus,"H1 R4 round 1 (myth_game, before any play), alone: moral_cos alignment -> send fraction",,,,,,5.0,20,not testable by design,Holm within stratum over R4 tests; not testable by design (n=20 round-1 games < 30)
frontier,8-agent homogeneous,8 Opus,Opus,"H1 R4 round 1 (myth_game, before any play), + own send scores: moral_cos alignment -> send fraction",,,,,,5.0,20,not testable by design,Holm within stratum over R4 tests; not testable by design (n=20 round-1 games < 30)
frontier,8-agent homogeneous,8 Opus,Opus,"H1 R4 round 1 (myth_game, before any play), alone: rule_index alignment -> send fraction",,,,,,5.0,20,not testable by design,Holm within stratum over R4 tests; not testable by design (n=20 round-1 games < 30)
frontier,8-agent homogeneous,8 Opus,Opus,"H1 R4 round 1 (myth_game, before any play), + own send scores: rule_index alignment -> send fraction",,,,,,5.0,20,not testable by design,Holm within stratum over R4 tests; not testable by design (n=20 round-1 games < 30)
frontier,8-agent homogeneous,8 Opus,Opus,"H1 R4 round 1 (myth_game, before any play), alone: give_align alignment -> send fraction",,,,,,5.0,20,not testable by design,Holm within stratum over R4 tests; not testable by design (n=20 round-1 games < 30)
frontier,8-agent homogeneous,8 Opus,Opus,"H1 R4 round 1 (myth_game, before any play), + own send scores: give_align alignment -> send fraction",,,,,,5.0,20,not testable by design,Holm within stratum over R4 tests; not testable by design (n=20 round-1 games < 30)
frontier,8-agent homogeneous,8 Opus,Opus,"H1 R4 round 1 (myth_game, before any play), alone: myth_cos alignment -> send fraction",,,,,,5.0,20,not testable by design,Holm within stratum over R4 tests; not testable by design (n=20 round-1 games < 30)
frontier,8-agent homogeneous,8 Opus,Opus,"H1 R4 round 1 (myth_game, before any play), + own send scores: myth_cos alignment -> send fraction",,,,,,5.0,20,not testable by design,Holm within stratum over R4 tests; not testable by design (n=20 round-1 games < 30)
frontier,8-agent homogeneous,8 Opus,Opus,"H1 R4 round 1 (myth_game, before any play), alone: same_label alignment -> return proportion",,,,,,5.0,20,not testable by design,Holm within stratum over R4 tests; not testable by design (n=20 round-1 games < 30)
frontier,8-agent homogeneous,8 Opus,Opus,"H1 R4 round 1 (myth_game, before any play), + own send scores: same_label alignment -> return proportion",,,,,,5.0,20,not testable by design,Holm within stratum over R4 tests; not testable by design (n=20 round-1 games < 30)
frontier,8-agent homogeneous,8 Opus,Opus,"H1 R4 round 1 (myth_game, before any play), alone: moral_cos alignment -> return proportion",,,,,,5.0,20,not testable by design,Holm within stratum over R4 tests; not testable by design (n=20 round-1 games < 30)
frontier,8-agent homogeneous,8 Opus,Opus,"H1 R4 round 1 (myth_game, before any play), + own send scores: moral_cos alignment -> return proportion",,,,,,5.0,20,not testable by design,Holm within stratum over R4 tests; not testable by design (n=20 round-1 games < 30)
frontier,8-agent homogeneous,8 Opus,Opus,"H1 R4 round 1 (myth_game, before any play), alone: rule_index alignment -> return proportion",,,,,,5.0,20,not testable by design,Holm within stratum over R4 tests; not testable by design (n=20 round-1 games < 30)
frontier,8-agent homogeneous,8 Opus,Opus,"H1 R4 round 1 (myth_game, before any play), + own send scores: rule_index alignment -> return proportion",,,,,,5.0,20,not testable by design,Holm within stratum over R4 tests; not testable by design (n=20 round-1 games < 30)
frontier,8-agent homogeneous,8 Opus,Opus,"H1 R4 round 1 (myth_game, before any play), alone: give_align alignment -> return proportion",,,,,,5.0,20,not testable by design,Holm within stratum over R4 tests; not testable by design (n=20 round-1 games < 30)
frontier,8-agent homogeneous,8 Opus,Opus,"H1 R4 round 1 (myth_game, before any play), + own send scores: give_align alignment -> return proportion",,,,,,5.0,20,not testable by design,Holm within stratum over R4 tests; not testable by design (n=20 round-1 games < 30)
frontier,8-agent homogeneous,8 Opus,Opus,"H1 R4 round 1 (myth_game, before any play), alone: myth_cos alignment -> return proportion",,,,,,5.0,20,not testable by design,Holm within stratum over R4 tests; not testable by design (n=20 round-1 games < 30)
frontier,8-agent homogeneous,8 Opus,Opus,"H1 R4 round 1 (myth_game, before any play), + own send scores: myth_cos alignment -> return proportion",,,,,,5.0,20,not testable by design,Holm within stratum over R4 tests; not testable by design (n=20 round-1 games < 30)
frontier,8-agent homogeneous,8 Opus,Opus,"H1 R4 round 1 (myth_game, before any play), alone: same_label alignment -> giving gap",,,,,,5.0,20,not testable by design,Holm within stratum over R4 tests; not testable by design (n=20 round-1 games < 30)
frontier,8-agent homogeneous,8 Opus,Opus,"H1 R4 round 1 (myth_game, before any play), + own send scores: same_label alignment -> giving gap",,,,,,5.0,20,not testable by design,Holm within stratum over R4 tests; not testable by design (n=20 round-1 games < 30)
frontier,8-agent homogeneous,8 Opus,Opus,"H1 R4 round 1 (myth_game, before any play), alone: moral_cos alignment -> giving gap",,,,,,5.0,20,not testable by design,Holm within stratum over R4 tests; not testable by design (n=20 round-1 games < 30)
frontier,8-agent homogeneous,8 Opus,Opus,"H1 R4 round 1 (myth_game, before any play), + own send scores: moral_cos alignment -> giving gap",,,,,,5.0,20,not testable by design,Holm within stratum over R4 tests; not testable by design (n=20 round-1 games < 30)
frontier,8-agent homogeneous,8 Opus,Opus,"H1 R4 round 1 (myth_game, before any play), alone: rule_index alignment -> giving gap",,,,,,5.0,20,not testable by design,Holm within stratum over R4 tests; not testable by design (n=20 round-1 games < 30)
frontier,8-agent homogeneous,8 Opus,Opus,"H1 R4 round 1 (myth_game, before any play), + own send scores: rule_index alignment -> giving gap",,,,,,5.0,20,not testable by design,Holm within stratum over R4 tests; not testable by design (n=20 round-1 games < 30)
frontier,8-agent homogeneous,8 Opus,Opus,"H1 R4 round 1 (myth_game, before any play), alone: give_align alignment -> giving gap",,,,,,5.0,20,not testable by design,Holm within stratum over R4 tests; not testable by design (n=20 round-1 games < 30)
frontier,8-agent homogeneous,8 Opus,Opus,"H1 R4 round 1 (myth_game, before any play), + own send scores: give_align alignment -> giving gap",,,,,,5.0,20,not testable by design,Holm within stratum over R4 tests; not testable by design (n=20 round-1 games < 30)
frontier,8-agent homogeneous,8 Opus,Opus,"H1 R4 round 1 (myth_game, before any play), alone: myth_cos alignment -> giving gap",,,,,,5.0,20,not testable by design,Holm within stratum over R4 tests; not testable by design (n=20 round-1 games < 30)
frontier,8-agent homogeneous,8 Opus,Opus,"H1 R4 round 1 (myth_game, before any play), + own send scores: myth_cos alignment -> giving gap",,,,,,5.0,20,not testable by design,Holm within stratum over R4 tests; not testable by design (n=20 round-1 games < 30)
frontier,8-agent homogeneous,8 Sol,Sol,"H1 R4 round 1 (myth_game, before any play), alone: same_label alignment -> send fraction",,,,,,5.0,20,not testable by design,Holm within stratum over R4 tests; not testable by design (n=20 round-1 games < 30)
frontier,8-agent homogeneous,8 Sol,Sol,"H1 R4 round 1 (myth_game, before any play), + own send scores: same_label alignment -> send fraction",,,,,,5.0,20,not testable by design,Holm within stratum over R4 tests; not testable by design (n=20 round-1 games < 30)
frontier,8-agent homogeneous,8 Sol,Sol,"H1 R4 round 1 (myth_game, before any play), alone: moral_cos alignment -> send fraction",,,,,,5.0,20,not testable by design,Holm within stratum over R4 tests; not testable by design (n=20 round-1 games < 30)
frontier,8-agent homogeneous,8 Sol,Sol,"H1 R4 round 1 (myth_game, before any play), + own send scores: moral_cos alignment -> send fraction",,,,,,5.0,20,not testable by design,Holm within stratum over R4 tests; not testable by design (n=20 round-1 games < 30)
frontier,8-agent homogeneous,8 Sol,Sol,"H1 R4 round 1 (myth_game, before any play), alone: rule_index alignment -> send fraction",,,,,,5.0,20,not testable by design,Holm within stratum over R4 tests; not testable by design (n=20 round-1 games < 30)
frontier,8-agent homogeneous,8 Sol,Sol,"H1 R4 round 1 (myth_game, before any play), + own send scores: rule_index alignment -> send fraction",,,,,,5.0,20,not testable by design,Holm within stratum over R4 tests; not testable by design (n=20 round-1 games < 30)
frontier,8-agent homogeneous,8 Sol,Sol,"H1 R4 round 1 (myth_game, before any play), alone: give_align alignment -> send fraction",,,,,,5.0,20,not testable by design,Holm within stratum over R4 tests; not testable by design (n=20 round-1 games < 30)
frontier,8-agent homogeneous,8 Sol,Sol,"H1 R4 round 1 (myth_game, before any play), + own send scores: give_align alignment -> send fraction",,,,,,5.0,20,not testable by design,Holm within stratum over R4 tests; not testable by design (n=20 round-1 games < 30)
frontier,8-agent homogeneous,8 Sol,Sol,"H1 R4 round 1 (myth_game, before any play), alone: myth_cos alignment -> send fraction",,,,,,5.0,20,not testable by design,Holm within stratum over R4 tests; not testable by design (n=20 round-1 games < 30)
frontier,8-agent homogeneous,8 Sol,Sol,"H1 R4 round 1 (myth_game, before any play), + own send scores: myth_cos alignment -> send fraction",,,,,,5.0,20,not testable by design,Holm within stratum over R4 tests; not testable by design (n=20 round-1 games < 30)
frontier,8-agent homogeneous,8 Sol,Sol,"H1 R4 round 1 (myth_game, before any play), alone: same_label alignment -> return proportion",,,,,,5.0,20,not testable by design,Holm within stratum over R4 tests; not testable by design (n=20 round-1 games < 30)
frontier,8-agent homogeneous,8 Sol,Sol,"H1 R4 round 1 (myth_game, before any play), + own send scores: same_label alignment -> return proportion",,,,,,5.0,20,not testable by design,Holm within stratum over R4 tests; not testable by design (n=20 round-1 games < 30)
frontier,8-agent homogeneous,8 Sol,Sol,"H1 R4 round 1 (myth_game, before any play), alone: moral_cos alignment -> return proportion",,,,,,5.0,20,not testable by design,Holm within stratum over R4 tests; not testable by design (n=20 round-1 games < 30)
frontier,8-agent homogeneous,8 Sol,Sol,"H1 R4 round 1 (myth_game, before any play), + own send scores: moral_cos alignment -> return proportion",,,,,,5.0,20,not testable by design,Holm within stratum over R4 tests; not testable by design (n=20 round-1 games < 30)
frontier,8-agent homogeneous,8 Sol,Sol,"H1 R4 round 1 (myth_game, before any play), alone: rule_index alignment -> return proportion",,,,,,5.0,20,not testable by design,Holm within stratum over R4 tests; not testable by design (n=20 round-1 games < 30)
frontier,8-agent homogeneous,8 Sol,Sol,"H1 R4 round 1 (myth_game, before any play), + own send scores: rule_index alignment -> return proportion",,,,,,5.0,20,not testable by design,Holm within stratum over R4 tests; not testable by design (n=20 round-1 games < 30)
frontier,8-agent homogeneous,8 Sol,Sol,"H1 R4 round 1 (myth_game, before any play), alone: give_align alignment -> return proportion",,,,,,5.0,20,not testable by design,Holm within stratum over R4 tests; not testable by design (n=20 round-1 games < 30)
frontier,8-agent homogeneous,8 Sol,Sol,"H1 R4 round 1 (myth_game, before any play), + own send scores: give_align alignment -> return proportion",,,,,,5.0,20,not testable by design,Holm within stratum over R4 tests; not testable by design (n=20 round-1 games < 30)
frontier,8-agent homogeneous,8 Sol,Sol,"H1 R4 round 1 (myth_game, before any play), alone: myth_cos alignment -> return proportion",,,,,,5.0,20,not testable by design,Holm within stratum over R4 tests; not testable by design (n=20 round-1 games < 30)
frontier,8-agent homogeneous,8 Sol,Sol,"H1 R4 round 1 (myth_game, before any play), + own send scores: myth_cos alignment -> return proportion",,,,,,5.0,20,not testable by design,Holm within stratum over R4 tests; not testable by design (n=20 round-1 games < 30)
frontier,8-agent homogeneous,8 Sol,Sol,"H1 R4 round 1 (myth_game, before any play), alone: same_label alignment -> giving gap",,,,,,5.0,20,not testable by design,Holm within stratum over R4 tests; not testable by design (n=20 round-1 games < 30)
frontier,8-agent homogeneous,8 Sol,Sol,"H1 R4 round 1 (myth_game, before any play), + own send scores: same_label alignment -> giving gap",,,,,,5.0,20,not testable by design,Holm within stratum over R4 tests; not testable by design (n=20 round-1 games < 30)
frontier,8-agent homogeneous,8 Sol,Sol,"H1 R4 round 1 (myth_game, before any play), alone: moral_cos alignment -> giving gap",,,,,,5.0,20,not testable by design,Holm within stratum over R4 tests; not testable by design (n=20 round-1 games < 30)
frontier,8-agent homogeneous,8 Sol,Sol,"H1 R4 round 1 (myth_game, before any play), + own send scores: moral_cos alignment -> giving gap",,,,,,5.0,20,not testable by design,Holm within stratum over R4 tests; not testable by design (n=20 round-1 games < 30)
frontier,8-agent homogeneous,8 Sol,Sol,"H1 R4 round 1 (myth_game, before any play), alone: rule_index alignment -> giving gap",,,,,,5.0,20,not testable by design,Holm within stratum over R4 tests; not testable by design (n=20 round-1 games < 30)
frontier,8-agent homogeneous,8 Sol,Sol,"H1 R4 round 1 (myth_game, before any play), + own send scores: rule_index alignment -> giving gap",,,,,,5.0,20,not testable by design,Holm within stratum over R4 tests; not testable by design (n=20 round-1 games < 30)
frontier,8-agent homogeneous,8 Sol,Sol,"H1 R4 round 1 (myth_game, before any play), alone: give_align alignment -> giving gap",,,,,,5.0,20,not testable by design,Holm within stratum over R4 tests; not testable by design (n=20 round-1 games < 30)
frontier,8-agent homogeneous,8 Sol,Sol,"H1 R4 round 1 (myth_game, before any play), + own send scores: give_align alignment -> giving gap",,,,,,5.0,20,not testable by design,Holm within stratum over R4 tests; not testable by design (n=20 round-1 games < 30)
frontier,8-agent homogeneous,8 Sol,Sol,"H1 R4 round 1 (myth_game, before any play), alone: myth_cos alignment -> giving gap",,,,,,5.0,20,not testable by design,Holm within stratum over R4 tests; not testable by design (n=20 round-1 games < 30)
frontier,8-agent homogeneous,8 Sol,Sol,"H1 R4 round 1 (myth_game, before any play), + own send scores: myth_cos alignment -> giving gap",,,,,,5.0,20,not testable by design,Holm within stratum over R4 tests; not testable by design (n=20 round-1 games < 30)
frontier,8-agent mixed,2 GeminiPro + 3 Opus + 3 Sol,mixed,"H1 R4 round 1 (myth_game, before any play), alone: same_label alignment -> send fraction",,,,,,5.0,20,not testable by design,Holm within stratum over R4 tests; not testable by design (n=20 round-1 games < 30)
frontier,8-agent mixed,2 GeminiPro + 3 Opus + 3 Sol,mixed,"H1 R4 round 1 (myth_game, before any play), + own send scores: same_label alignment -> send fraction",,,,,,5.0,20,not testable by design,Holm within stratum over R4 tests; not testable by design (n=20 round-1 games < 30)
frontier,8-agent mixed,2 GeminiPro + 3 Opus + 3 Sol,mixed,"H1 R4 round 1 (myth_game, before any play), alone: moral_cos alignment -> send fraction",,,,,,5.0,20,not testable by design,Holm within stratum over R4 tests; not testable by design (n=20 round-1 games < 30)
frontier,8-agent mixed,2 GeminiPro + 3 Opus + 3 Sol,mixed,"H1 R4 round 1 (myth_game, before any play), + own send scores: moral_cos alignment -> send fraction",,,,,,5.0,20,not testable by design,Holm within stratum over R4 tests; not testable by design (n=20 round-1 games < 30)
frontier,8-agent mixed,2 GeminiPro + 3 Opus + 3 Sol,mixed,"H1 R4 round 1 (myth_game, before any play), alone: rule_index alignment -> send fraction",,,,,,5.0,20,not testable by design,Holm within stratum over R4 tests; not testable by design (n=20 round-1 games < 30)
frontier,8-agent mixed,2 GeminiPro + 3 Opus + 3 Sol,mixed,"H1 R4 round 1 (myth_game, before any play), + own send scores: rule_index alignment -> send fraction",,,,,,5.0,20,not testable by design,Holm within stratum over R4 tests; not testable by design (n=20 round-1 games < 30)
frontier,8-agent mixed,2 GeminiPro + 3 Opus + 3 Sol,mixed,"H1 R4 round 1 (myth_game, before any play), alone: give_align alignment -> send fraction",,,,,,5.0,20,not testable by design,Holm within stratum over R4 tests; not testable by design (n=20 round-1 games < 30)
frontier,8-agent mixed,2 GeminiPro + 3 Opus + 3 Sol,mixed,"H1 R4 round 1 (myth_game, before any play), + own send scores: give_align alignment -> send fraction",,,,,,5.0,20,not testable by design,Holm within stratum over R4 tests; not testable by design (n=20 round-1 games < 30)
frontier,8-agent mixed,2 GeminiPro + 3 Opus + 3 Sol,mixed,"H1 R4 round 1 (myth_game, before any play), alone: myth_cos alignment -> send fraction",,,,,,5.0,20,not testable by design,Holm within stratum over R4 tests; not testable by design (n=20 round-1 games < 30)
frontier,8-agent mixed,2 GeminiPro + 3 Opus + 3 Sol,mixed,"H1 R4 round 1 (myth_game, before any play), + own send scores: myth_cos alignment -> send fraction",,,,,,5.0,20,not testable by design,Holm within stratum over R4 tests; not testable by design (n=20 round-1 games < 30)
frontier,8-agent mixed,2 GeminiPro + 3 Opus + 3 Sol,mixed,"H1 R4 round 1 (myth_game, before any play), alone: same_label alignment -> return proportion",,,,,,5.0,20,not testable by design,Holm within stratum over R4 tests; not testable by design (n=20 round-1 games < 30)
frontier,8-agent mixed,2 GeminiPro + 3 Opus + 3 Sol,mixed,"H1 R4 round 1 (myth_game, before any play), + own send scores: same_label alignment -> return proportion",,,,,,5.0,20,not testable by design,Holm within stratum over R4 tests; not testable by design (n=20 round-1 games < 30)
frontier,8-agent mixed,2 GeminiPro + 3 Opus + 3 Sol,mixed,"H1 R4 round 1 (myth_game, before any play), alone: moral_cos alignment -> return proportion",,,,,,5.0,20,not testable by design,Holm within stratum over R4 tests; not testable by design (n=20 round-1 games < 30)
frontier,8-agent mixed,2 GeminiPro + 3 Opus + 3 Sol,mixed,"H1 R4 round 1 (myth_game, before any play), + own send scores: moral_cos alignment -> return proportion",,,,,,5.0,20,not testable by design,Holm within stratum over R4 tests; not testable by design (n=20 round-1 games < 30)
frontier,8-agent mixed,2 GeminiPro + 3 Opus + 3 Sol,mixed,"H1 R4 round 1 (myth_game, before any play), alone: rule_index alignment -> return proportion",,,,,,5.0,20,not testable by design,Holm within stratum over R4 tests; not testable by design (n=20 round-1 games < 30)
frontier,8-agent mixed,2 GeminiPro + 3 Opus + 3 Sol,mixed,"H1 R4 round 1 (myth_game, before any play), + own send scores: rule_index alignment -> return proportion",,,,,,5.0,20,not testable by design,Holm within stratum over R4 tests; not testable by design (n=20 round-1 games < 30)
frontier,8-agent mixed,2 GeminiPro + 3 Opus + 3 Sol,mixed,"H1 R4 round 1 (myth_game, before any play), alone: give_align alignment -> return proportion",,,,,,5.0,20,not testable by design,Holm within stratum over R4 tests; not testable by design (n=20 round-1 games < 30)
frontier,8-agent mixed,2 GeminiPro + 3 Opus + 3 Sol,mixed,"H1 R4 round 1 (myth_game, before any play), + own send scores: give_align alignment -> return proportion",,,,,,5.0,20,not testable by design,Holm within stratum over R4 tests; not testable by design (n=20 round-1 games < 30)
frontier,8-agent mixed,2 GeminiPro + 3 Opus + 3 Sol,mixed,"H1 R4 round 1 (myth_game, before any play), alone: myth_cos alignment -> return proportion",,,,,,5.0,20,not testable by design,Holm within stratum over R4 tests; not testable by design (n=20 round-1 games < 30)
frontier,8-agent mixed,2 GeminiPro + 3 Opus + 3 Sol,mixed,"H1 R4 round 1 (myth_game, before any play), + own send scores: myth_cos alignment -> return proportion",,,,,,5.0,20,not testable by design,Holm within stratum over R4 tests; not testable by design (n=20 round-1 games < 30)
frontier,8-agent mixed,2 GeminiPro + 3 Opus + 3 Sol,mixed,"H1 R4 round 1 (myth_game, before any play), alone: same_label alignment -> giving gap",,,,,,5.0,20,not testable by design,Holm within stratum over R4 tests; not testable by design (n=20 round-1 games < 30)
frontier,8-agent mixed,2 GeminiPro + 3 Opus + 3 Sol,mixed,"H1 R4 round 1 (myth_game, before any play), + own send scores: same_label alignment -> giving gap",,,,,,5.0,20,not testable by design,Holm within stratum over R4 tests; not testable by design (n=20 round-1 games < 30)
frontier,8-agent mixed,2 GeminiPro + 3 Opus + 3 Sol,mixed,"H1 R4 round 1 (myth_game, before any play), alone: moral_cos alignment -> giving gap",,,,,,5.0,20,not testable by design,Holm within stratum over R4 tests; not testable by design (n=20 round-1 games < 30)
frontier,8-agent mixed,2 GeminiPro + 3 Opus + 3 Sol,mixed,"H1 R4 round 1 (myth_game, before any play), + own send scores: moral_cos alignment -> giving gap",,,,,,5.0,20,not testable by design,Holm within stratum over R4 tests; not testable by design (n=20 round-1 games < 30)
frontier,8-agent mixed,2 GeminiPro + 3 Opus + 3 Sol,mixed,"H1 R4 round 1 (myth_game, before any play), alone: rule_index alignment -> giving gap",,,,,,5.0,20,not testable by design,Holm within stratum over R4 tests; not testable by design (n=20 round-1 games < 30)
frontier,8-agent mixed,2 GeminiPro + 3 Opus + 3 Sol,mixed,"H1 R4 round 1 (myth_game, before any play), + own send scores: rule_index alignment -> giving gap",,,,,,5.0,20,not testable by design,Holm within stratum over R4 tests; not testable by design (n=20 round-1 games < 30)
frontier,8-agent mixed,2 GeminiPro + 3 Opus + 3 Sol,mixed,"H1 R4 round 1 (myth_game, before any play), alone: give_align alignment -> giving gap",,,,,,5.0,20,not testable by design,Holm within stratum over R4 tests; not testable by design (n=20 round-1 games < 30)
frontier,8-agent mixed,2 GeminiPro + 3 Opus + 3 Sol,mixed,"H1 R4 round 1 (myth_game, before any play), + own send scores: give_align alignment -> giving gap",,,,,,5.0,20,not testable by design,Holm within stratum over R4 tests; not testable by design (n=20 round-1 games < 30)
frontier,8-agent mixed,2 GeminiPro + 3 Opus + 3 Sol,mixed,"H1 R4 round 1 (myth_game, before any play), alone: myth_cos alignment -> giving gap",,,,,,5.0,20,not testable by design,Holm within stratum over R4 tests; not testable by design (n=20 round-1 games < 30)
frontier,8-agent mixed,2 GeminiPro + 3 Opus + 3 Sol,mixed,"H1 R4 round 1 (myth_game, before any play), + own send scores: myth_cos alignment -> giving gap",,,,,,5.0,20,not testable by design,Holm within stratum over R4 tests; not testable by design (n=20 round-1 games < 30)
frontier,"2-agent (all, pooled)",all 2-agent runs (pooled),pooled,H1 reverse (myth_game): sent_frac -> same_label after the game,0.2458887304285307,-0.6011762355927931,1.0929536964498547,0.5584818409397982,,33.0,297,underpowered,per unit of predictor; raw sd shown is the after-measure's; per SD of measure (raw sd 0.456); contributing runs 1
frontier,"2-agent (all, pooled)",all 2-agent runs (pooled),pooled,H1 reverse (myth_game): return_proportion -> same_label after the game,-0.8081684068724614,-1.964682763237393,0.3483459494924702,0.1642971014958625,1.0,33.0,297,no detectable effect,per unit of predictor; raw sd shown is the after-measure's; per SD of measure (raw sd 0.456); contributing runs 27
frontier,"2-agent (all, pooled)",all 2-agent runs (pooled),pooled,H1 reverse (myth_game): sent_frac -> moral_cos after the game,-0.1556769249353688,-0.2867125520728865,-0.0246412977978512,0.0213771543189263,,33.0,297,underpowered,per unit of predictor; raw sd shown is the after-measure's; per SD of measure (raw sd 0.116); contributing runs 2
frontier,"2-agent (all, pooled)",all 2-agent runs (pooled),pooled,H1 reverse (myth_game): return_proportion -> moral_cos after the game,-0.0063758406537113,-0.3238796133951646,0.3111279320877418,0.9676266087854136,1.0,33.0,297,no detectable effect,per unit of predictor; raw sd shown is the after-measure's; per SD of measure (raw sd 0.116); contributing runs 33
frontier,"2-agent (all, pooled)",all 2-agent runs (pooled),pooled,H1 reverse (myth_game): sent_frac -> rule_index after the game,-0.0193678178483289,-0.4782698330600412,0.4395341973633834,0.9320273988652342,,33.0,297,underpowered,per unit of predictor; raw sd shown is the after-measure's; per SD of measure (raw sd 0.182); contributing runs 2
frontier,"2-agent (all, pooled)",all 2-agent runs (pooled),pooled,H1 reverse (myth_game): return_proportion -> rule_index after the game,0.1666982921671368,-0.4074407477278744,0.7408373320621481,0.5583987983491203,1.0,33.0,297,no detectable effect,per unit of predictor; raw sd shown is the after-measure's; per SD of measure (raw sd 0.182); contributing runs 30
frontier,"2-agent (all, pooled)",all 2-agent runs (pooled),pooled,H1 reverse (myth_game): sent_frac -> give_align after the game,0.4266685120253331,-0.2185266039357964,1.0718636279864626,0.187433885306284,,33.0,297,underpowered,per unit of predictor; raw sd shown is the after-measure's; per SD of measure (raw sd 0.121); contributing runs 2
frontier,"2-agent (all, pooled)",all 2-agent runs (pooled),pooled,H1 reverse (myth_game): return_proportion -> give_align after the game,0.1878402714363476,-0.2129446093555884,0.5886251522282836,0.346900242695884,1.0,33.0,297,no detectable effect,per unit of predictor; raw sd shown is the after-measure's; per SD of measure (raw sd 0.121); contributing runs 24
frontier,"2-agent (all, pooled)",all 2-agent runs (pooled),pooled,H1 reverse (myth_game): sent_frac -> myth_cos after the game,0.0071279537777201,-0.2538797696335692,0.2681356771890095,0.9559845549775284,,33.0,297,underpowered,per unit of predictor; raw sd shown is the after-measure's; per SD of measure (raw sd 0.110); contributing runs 2
frontier,"2-agent (all, pooled)",all 2-agent runs (pooled),pooled,H1 reverse (myth_game): return_proportion -> myth_cos after the game,-0.0570948336194002,-0.2925541393622605,0.1783644721234601,0.6247351834832005,1.0,33.0,297,no detectable effect,per unit of predictor; raw sd shown is the after-measure's; per SD of measure (raw sd 0.110); contributing runs 33
frontier,"2-agent (all, pooled)",all 2-agent runs (pooled),pooled,H1 reverse (game_myth): sent_frac -> same_label after the game,0.1474751194482886,-0.6885289477020196,0.9834791865985968,0.7217124657641929,1.0,33.0,330,no detectable effect,per unit of predictor; raw sd shown is the after-measure's; per SD of measure (raw sd 0.477); contributing runs 21
frontier,"2-agent (all, pooled)",all 2-agent runs (pooled),pooled,H1 reverse (game_myth): return_proportion -> same_label after the game,-0.0371358323413402,-1.084534800862118,1.0102631361794376,0.9428762961985888,1.0,33.0,330,no detectable effect,per unit of predictor; raw sd shown is the after-measure's; per SD of measure (raw sd 0.477); contributing runs 28
frontier,"2-agent (all, pooled)",all 2-agent runs (pooled),pooled,H1 reverse (game_myth): sent_frac -> moral_cos after the game,0.0486805050372059,-0.0949556921215108,0.1923167021959226,0.4949524918591711,1.0,33.0,330,no detectable effect,per unit of predictor; raw sd shown is the after-measure's; per SD of measure (raw sd 0.110); contributing runs 26
frontier,"2-agent (all, pooled)",all 2-agent runs (pooled),pooled,H1 reverse (game_myth): return_proportion -> moral_cos after the game,0.1568967230975709,-0.0206006813861295,0.3343941275812714,0.0812109214264351,1.0,33.0,330,no detectable effect,per unit of predictor; raw sd shown is the after-measure's; per SD of measure (raw sd 0.110); contributing runs 33
frontier,"2-agent (all, pooled)",all 2-agent runs (pooled),pooled,H1 reverse (game_myth): sent_frac -> rule_index after the game,0.1512129829263734,-0.2438054489998125,0.5462314148525593,0.4412745248157305,1.0,33.0,330,no detectable effect,per unit of predictor; raw sd shown is the after-measure's; per SD of measure (raw sd 0.228); contributing runs 26
frontier,"2-agent (all, pooled)",all 2-agent runs (pooled),pooled,H1 reverse (game_myth): return_proportion -> rule_index after the game,0.4007421213212703,-0.037218611694482,0.8387028543370226,0.071543239786751,1.0,33.0,330,no detectable effect,per unit of predictor; raw sd shown is the after-measure's; per SD of measure (raw sd 0.228); contributing runs 33
frontier,"2-agent (all, pooled)",all 2-agent runs (pooled),pooled,H1 reverse (game_myth): sent_frac -> give_align after the game,-0.1905082104119341,-0.4062671103756156,0.0252506895517472,0.0815297541911526,1.0,33.0,330,no detectable effect,per unit of predictor; raw sd shown is the after-measure's; per SD of measure (raw sd 0.114); contributing runs 25
frontier,"2-agent (all, pooled)",all 2-agent runs (pooled),pooled,H1 reverse (game_myth): return_proportion -> give_align after the game,0.0751653397758441,-0.1360436401201864,0.2863743196718747,0.4737770593137931,1.0,33.0,330,no detectable effect,per unit of predictor; raw sd shown is the after-measure's; per SD of measure (raw sd 0.114); contributing runs 32
frontier,"2-agent (all, pooled)",all 2-agent runs (pooled),pooled,H1 reverse (game_myth): sent_frac -> myth_cos after the game,0.0640256166134257,-0.0925444173190947,0.2205956505459463,0.4110436776835093,1.0,33.0,330,no detectable effect,per unit of predictor; raw sd shown is the after-measure's; per SD of measure (raw sd 0.101); contributing runs 26
frontier,"2-agent (all, pooled)",all 2-agent runs (pooled),pooled,H1 reverse (game_myth): return_proportion -> myth_cos after the game,-0.017847395364338,-0.2442664163282925,0.2085716255996164,0.8734488769457012,1.0,33.0,330,no detectable effect,per unit of predictor; raw sd shown is the after-measure's; per SD of measure (raw sd 0.101); contributing runs 33
frontier,"2-agent (all, pooled)",all 2-agent runs (pooled),pooled,H1 reverse (both): sent_frac -> same_label after the game,0.1328301969611988,-0.5659562783457016,0.8316166722680992,0.7054576937745838,1.0,66.0,627,no detectable effect,per unit of predictor; raw sd shown is the after-measure's; per SD of measure (raw sd 0.468); contributing runs 22
frontier,"2-agent (all, pooled)",all 2-agent runs (pooled),pooled,H1 reverse (both): return_proportion -> same_label after the game,-0.2868038443373905,-1.0481793948557645,0.4745717061809832,0.4545832926262593,1.0,66.0,627,no detectable effect,per unit of predictor; raw sd shown is the after-measure's; per SD of measure (raw sd 0.468); contributing runs 55
frontier,"2-agent (all, pooled)",all 2-agent runs (pooled),pooled,H1 reverse (both): sent_frac -> moral_cos after the game,-0.0012237634736257,-0.1303780499292241,0.1279305229819727,0.9849602657061922,1.0,66.0,627,no detectable effect,per unit of predictor; raw sd shown is the after-measure's; per SD of measure (raw sd 0.113); contributing runs 28
frontier,"2-agent (all, pooled)",all 2-agent runs (pooled),pooled,H1 reverse (both): return_proportion -> moral_cos after the game,0.081197641834364,-0.0663028199924569,0.2286981036611851,0.2756463750670223,1.0,66.0,627,no detectable effect,per unit of predictor; raw sd shown is the after-measure's; per SD of measure (raw sd 0.113); contributing runs 66
frontier,"2-agent (all, pooled)",all 2-agent runs (pooled),pooled,H1 reverse (both): sent_frac -> rule_index after the game,0.1574085793297802,-0.1931073371517053,0.5079244958112659,0.3730989744434047,1.0,66.0,627,no detectable effect,per unit of predictor; raw sd shown is the after-measure's; per SD of measure (raw sd 0.211); contributing runs 28
frontier,"2-agent (all, pooled)",all 2-agent runs (pooled),pooled,H1 reverse (both): return_proportion -> rule_index after the game,0.3308401442986795,-0.0147623080578584,0.6764425966552174,0.0603076653778958,1.0,66.0,627,no detectable effect,per unit of predictor; raw sd shown is the after-measure's; per SD of measure (raw sd 0.211); contributing runs 63
frontier,"2-agent (all, pooled)",all 2-agent runs (pooled),pooled,H1 reverse (both): sent_frac -> give_align after the game,-0.1138565891938694,-0.3117156420382527,0.0840024636505137,0.2546687852335341,1.0,66.0,627,no detectable effect,per unit of predictor; raw sd shown is the after-measure's; per SD of measure (raw sd 0.118); contributing runs 27
frontier,"2-agent (all, pooled)",all 2-agent runs (pooled),pooled,H1 reverse (both): return_proportion -> give_align after the game,0.1027701341346233,-0.0895830984040807,0.2951233666733275,0.289906720830516,1.0,66.0,627,no detectable effect,per unit of predictor; raw sd shown is the after-measure's; per SD of measure (raw sd 0.118); contributing runs 56
frontier,"2-agent (all, pooled)",all 2-agent runs (pooled),pooled,H1 reverse (both): sent_frac -> myth_cos after the game,0.0576513423917991,-0.0833880794013339,0.1986907641849321,0.4172811771887416,1.0,66.0,627,no detectable effect,per unit of predictor; raw sd shown is the after-measure's; per SD of measure (raw sd 0.106); contributing runs 28
frontier,"2-agent (all, pooled)",all 2-agent runs (pooled),pooled,H1 reverse (both): return_proportion -> myth_cos after the game,-0.0244865583223926,-0.1898741548959594,0.140901038251174,0.7684113507850816,1.0,66.0,627,no detectable effect,per unit of predictor; raw sd shown is the after-measure's; per SD of measure (raw sd 0.106); contributing runs 66
frontier,"8-agent (all, pooled)",all 8-agent runs (pooled),pooled,H1 reverse (myth_game): sent_frac -> same_label after the game,-0.2761783849937079,-1.5148337061970611,0.9624769362096453,0.646039875706519,1.0,20.0,720,no detectable effect,per unit of predictor; raw sd shown is the after-measure's; per SD of measure (raw sd 0.451); contributing runs 8
frontier,"8-agent (all, pooled)",all 8-agent runs (pooled),pooled,H1 reverse (myth_game): return_proportion -> same_label after the game,0.0180155241556646,-0.8609328205352278,0.8969638688465571,0.9662288494752108,1.0,20.0,720,no detectable effect,per unit of predictor; raw sd shown is the after-measure's; per SD of measure (raw sd 0.451); contributing runs 19
frontier,"8-agent (all, pooled)",all 8-agent runs (pooled),pooled,H1 reverse (myth_game): sent_frac -> moral_cos after the game,-0.0256899023453822,-0.2780417240975184,0.2266619194067538,0.8335388759282032,1.0,20.0,720,no detectable effect,per unit of predictor; raw sd shown is the after-measure's; per SD of measure (raw sd 0.110); contributing runs 10
frontier,"8-agent (all, pooled)",all 8-agent runs (pooled),pooled,H1 reverse (myth_game): return_proportion -> moral_cos after the game,0.2373668151225852,-0.1478521322026728,0.6225857624478434,0.2126354417309012,1.0,20.0,720,no detectable effect,per unit of predictor; raw sd shown is the after-measure's; per SD of measure (raw sd 0.110); contributing runs 20
frontier,"8-agent (all, pooled)",all 8-agent runs (pooled),pooled,H1 reverse (myth_game): sent_frac -> rule_index after the game,0.0409373377711708,-0.4489209111864559,0.5307955867287976,0.8629980580548565,1.0,20.0,720,no detectable effect,per unit of predictor; raw sd shown is the after-measure's; per SD of measure (raw sd 0.225); contributing runs 10
frontier,"8-agent (all, pooled)",all 8-agent runs (pooled),pooled,H1 reverse (myth_game): return_proportion -> rule_index after the game,0.459329690274767,-0.1419309570533973,1.0605903376029315,0.1263280061363182,1.0,20.0,720,no detectable effect,per unit of predictor; raw sd shown is the after-measure's; per SD of measure (raw sd 0.225); contributing runs 20
frontier,"8-agent (all, pooled)",all 8-agent runs (pooled),pooled,H1 reverse (myth_game): sent_frac -> give_align after the game,-0.1411150363747984,-0.4495363579684525,0.1673062852188555,0.3502713089023698,1.0,20.0,720,no detectable effect,per unit of predictor; raw sd shown is the after-measure's; per SD of measure (raw sd 0.121); contributing runs 10
frontier,"8-agent (all, pooled)",all 8-agent runs (pooled),pooled,H1 reverse (myth_game): return_proportion -> give_align after the game,-0.0739556757330179,-0.3770195983216817,0.2291082468556458,0.6154069316590391,1.0,20.0,720,no detectable effect,per unit of predictor; raw sd shown is the after-measure's; per SD of measure (raw sd 0.121); contributing runs 20
frontier,"8-agent (all, pooled)",all 8-agent runs (pooled),pooled,H1 reverse (myth_game): sent_frac -> myth_cos after the game,-0.0153284307109691,-0.2195428684613796,0.1888860070394413,0.8768208467888445,1.0,20.0,720,no detectable effect,per unit of predictor; raw sd shown is the after-measure's; per SD of measure (raw sd 0.093); contributing runs 10
frontier,"8-agent (all, pooled)",all 8-agent runs (pooled),pooled,H1 reverse (myth_game): return_proportion -> myth_cos after the game,0.0411580412375388,-0.1692882309726276,0.2516043134477053,0.6868655237211225,1.0,20.0,720,no detectable effect,per unit of predictor; raw sd shown is the after-measure's; per SD of measure (raw sd 0.093); contributing runs 20
frontier,"8-agent (all, pooled)",all 8-agent runs (pooled),pooled,H1 reverse (game_myth): sent_frac -> same_label after the game,-0.1772062287655587,-0.6273796293490089,0.2729671718178914,0.4202201068307941,1.0,20.0,800,no detectable effect,per unit of predictor; raw sd shown is the after-measure's; per SD of measure (raw sd 0.487); contributing runs 16
frontier,"8-agent (all, pooled)",all 8-agent runs (pooled),pooled,H1 reverse (game_myth): return_proportion -> same_label after the game,-0.2684412662544956,-0.7885792477379362,0.251696715228945,0.2935738632808111,1.0,20.0,800,no detectable effect,per unit of predictor; raw sd shown is the after-measure's; per SD of measure (raw sd 0.487); contributing runs 20
frontier,"8-agent (all, pooled)",all 8-agent runs (pooled),pooled,H1 reverse (game_myth): sent_frac -> moral_cos after the game,0.0427995020981584,-0.0219731691066875,0.1075721733030043,0.1827043089441073,1.0,20.0,800,no detectable effect,per unit of predictor; raw sd shown is the after-measure's; per SD of measure (raw sd 0.109); contributing runs 17
frontier,"8-agent (all, pooled)",all 8-agent runs (pooled),pooled,H1 reverse (game_myth): return_proportion -> moral_cos after the game,0.0815204541741915,-0.0845085622890062,0.2475494706373893,0.3170078155878493,1.0,20.0,800,no detectable effect,per unit of predictor; raw sd shown is the after-measure's; per SD of measure (raw sd 0.109); contributing runs 20
frontier,"8-agent (all, pooled)",all 8-agent runs (pooled),pooled,H1 reverse (game_myth): sent_frac -> rule_index after the game,-0.1139586047653741,-0.3607675469012952,0.1328503373705469,0.345981128294527,1.0,20.0,800,no detectable effect,per unit of predictor; raw sd shown is the after-measure's; per SD of measure (raw sd 0.253); contributing runs 17
frontier,"8-agent (all, pooled)",all 8-agent runs (pooled),pooled,H1 reverse (game_myth): return_proportion -> rule_index after the game,0.1208432599406095,-0.2932428516604057,0.5349293715416249,0.5485635739186681,1.0,20.0,800,no detectable effect,per unit of predictor; raw sd shown is the after-measure's; per SD of measure (raw sd 0.253); contributing runs 20
frontier,"8-agent (all, pooled)",all 8-agent runs (pooled),pooled,H1 reverse (game_myth): sent_frac -> give_align after the game,-0.0699918400937619,-0.2394254372847274,0.0994417570972035,0.3980358350482067,1.0,20.0,800,no detectable effect,per unit of predictor; raw sd shown is the after-measure's; per SD of measure (raw sd 0.137); contributing runs 17
frontier,"8-agent (all, pooled)",all 8-agent runs (pooled),pooled,H1 reverse (game_myth): return_proportion -> give_align after the game,0.0609482171891097,-0.1651803521859685,0.2870767865641881,0.5792641577628156,1.0,20.0,800,no detectable effect,per unit of predictor; raw sd shown is the after-measure's; per SD of measure (raw sd 0.137); contributing runs 20
frontier,"8-agent (all, pooled)",all 8-agent runs (pooled),pooled,H1 reverse (game_myth): sent_frac -> myth_cos after the game,0.0249385276631783,-0.0448291103031646,0.0947061656295214,0.4635280894465,1.0,20.0,800,no detectable effect,per unit of predictor; raw sd shown is the after-measure's; per SD of measure (raw sd 0.097); contributing runs 17
frontier,"8-agent (all, pooled)",all 8-agent runs (pooled),pooled,H1 reverse (game_myth): return_proportion -> myth_cos after the game,0.0626701438928751,-0.1001949871406938,0.225535274926444,0.430558517840216,1.0,20.0,800,no detectable effect,per unit of predictor; raw sd shown is the after-measure's; per SD of measure (raw sd 0.097); contributing runs 20
frontier,"8-agent (all, pooled)",all 8-agent runs (pooled),pooled,H1 reverse (both): sent_frac -> same_label after the game,-0.2046310901808136,-0.5936122310999026,0.1843500507382752,0.2938384645132786,1.0,40.0,1520,no detectable effect,per unit of predictor; raw sd shown is the after-measure's; per SD of measure (raw sd 0.473); contributing runs 24
frontier,"8-agent (all, pooled)",all 8-agent runs (pooled),pooled,H1 reverse (both): return_proportion -> same_label after the game,-0.2013559296639325,-0.6522255852116408,0.2495137258837757,0.3719005578647512,1.0,40.0,1520,no detectable effect,per unit of predictor; raw sd shown is the after-measure's; per SD of measure (raw sd 0.473); contributing runs 39
frontier,"8-agent (all, pooled)",all 8-agent runs (pooled),pooled,H1 reverse (both): sent_frac -> moral_cos after the game,0.030459103634805,-0.0359968301125774,0.0969150373821876,0.3595917895243429,1.0,40.0,1520,no detectable effect,per unit of predictor; raw sd shown is the after-measure's; per SD of measure (raw sd 0.110); contributing runs 27
frontier,"8-agent (all, pooled)",all 8-agent runs (pooled),pooled,H1 reverse (both): return_proportion -> moral_cos after the game,0.1219103789372415,-0.0444930125989011,0.2883137704733843,0.1464122725109624,1.0,40.0,1520,no detectable effect,per unit of predictor; raw sd shown is the after-measure's; per SD of measure (raw sd 0.110); contributing runs 40
frontier,"8-agent (all, pooled)",all 8-agent runs (pooled),pooled,H1 reverse (both): sent_frac -> rule_index after the game,-0.0864905287450125,-0.2938978811999366,0.1209168237099116,0.4041048725938371,1.0,40.0,1520,no detectable effect,per unit of predictor; raw sd shown is the after-measure's; per SD of measure (raw sd 0.242); contributing runs 27
frontier,"8-agent (all, pooled)",all 8-agent runs (pooled),pooled,H1 reverse (both): return_proportion -> rule_index after the game,0.2143051657432942,-0.1111342654999824,0.5397445969865711,0.1906045497154693,1.0,40.0,1520,no detectable effect,per unit of predictor; raw sd shown is the after-measure's; per SD of measure (raw sd 0.242); contributing runs 40
frontier,"8-agent (all, pooled)",all 8-agent runs (pooled),pooled,H1 reverse (both): sent_frac -> give_align after the game,-0.0770751063466161,-0.2216529908182672,0.067502778125035,0.2875218934271528,1.0,40.0,1520,no detectable effect,per unit of predictor; raw sd shown is the after-measure's; per SD of measure (raw sd 0.130); contributing runs 27
frontier,"8-agent (all, pooled)",all 8-agent runs (pooled),pooled,H1 reverse (both): return_proportion -> give_align after the game,0.0259157219056704,-0.1418444328394081,0.193675876650749,0.7563503965950997,1.0,40.0,1520,no detectable effect,per unit of predictor; raw sd shown is the after-measure's; per SD of measure (raw sd 0.130); contributing runs 40
frontier,"8-agent (all, pooled)",all 8-agent runs (pooled),pooled,H1 reverse (both): sent_frac -> myth_cos after the game,0.0195912149653721,-0.0442829889977856,0.0834654189285298,0.538609113218893,1.0,40.0,1520,no detectable effect,per unit of predictor; raw sd shown is the after-measure's; per SD of measure (raw sd 0.096); contributing runs 27
frontier,"8-agent (all, pooled)",all 8-agent runs (pooled),pooled,H1 reverse (both): return_proportion -> myth_cos after the game,0.0562689341464723,-0.0688506242982964,0.1813884925912411,0.3685962811568739,1.0,40.0,1520,no detectable effect,per unit of predictor; raw sd shown is the after-measure's; per SD of measure (raw sd 0.096); contributing runs 40
frontier,2-agent homogeneous,GeminiPro dyads,GeminiPro,H1 reverse (myth_game): sent_frac -> same_label after the game,,,,,,5.0,45,not estimable: ceiling,per unit of predictor; raw sd shown is the after-measure's; per SD of measure (raw sd 0.458); contributing runs 0; not estimable: ceiling (sent_frac locked within cells)
frontier,2-agent homogeneous,GeminiPro dyads,GeminiPro,H1 reverse (myth_game): return_proportion -> same_label after the game,-2.6976657593610525,-9.592352595556768,4.1970210768346625,0.3384162956716242,,5.0,45,underpowered,per unit of predictor; raw sd shown is the after-measure's; per SD of measure (raw sd 0.458); contributing runs 4
frontier,2-agent homogeneous,GeminiPro dyads,GeminiPro,H1 reverse (myth_game): sent_frac -> moral_cos after the game,,,,,,5.0,45,not estimable: ceiling,per unit of predictor; raw sd shown is the after-measure's; per SD of measure (raw sd 0.081); contributing runs 0; not estimable: ceiling (sent_frac locked within cells)
frontier,2-agent homogeneous,GeminiPro dyads,GeminiPro,H1 reverse (myth_game): return_proportion -> moral_cos after the game,-0.1110023115965642,-0.896025256597609,0.6740206334044805,0.7146449255348151,,5.0,45,underpowered,per unit of predictor; raw sd shown is the after-measure's; per SD of measure (raw sd 0.081); contributing runs 5
frontier,2-agent homogeneous,GeminiPro dyads,GeminiPro,H1 reverse (myth_game): sent_frac -> rule_index after the game,,,,,,5.0,45,not estimable: ceiling,per unit of predictor; raw sd shown is the after-measure's; per SD of measure (raw sd 0.048); contributing runs 0; not estimable: ceiling (sent_frac locked within cells)
frontier,2-agent homogeneous,GeminiPro dyads,GeminiPro,H1 reverse (myth_game): return_proportion -> rule_index after the game,0.2972931577587536,-0.4363784364078205,1.0309647519253278,0.3235074504284246,,5.0,45,underpowered,per unit of predictor; raw sd shown is the after-measure's; per SD of measure (raw sd 0.048); contributing runs 3
frontier,2-agent homogeneous,GeminiPro dyads,GeminiPro,H1 reverse (myth_game): sent_frac -> give_align after the game,,,,,,5.0,45,not estimable: ceiling,per unit of predictor; raw sd shown is the after-measure's; per SD of measure (raw sd 0.089); contributing runs 0; not estimable: ceiling (sent_frac locked within cells)
frontier,2-agent homogeneous,GeminiPro dyads,GeminiPro,H1 reverse (myth_game): return_proportion -> give_align after the game,0.8937204092471007,-1.4747973531296532,3.2622381716238547,0.3539298456460389,,5.0,45,underpowered,per unit of predictor; raw sd shown is the after-measure's; per SD of measure (raw sd 0.089); contributing runs 1
frontier,2-agent homogeneous,GeminiPro dyads,GeminiPro,H1 reverse (myth_game): sent_frac -> myth_cos after the game,,,,,,5.0,45,not estimable: ceiling,per unit of predictor; raw sd shown is the after-measure's; per SD of measure (raw sd 0.058); contributing runs 0; not estimable: ceiling (sent_frac locked within cells)
frontier,2-agent homogeneous,GeminiPro dyads,GeminiPro,H1 reverse (myth_game): return_proportion -> myth_cos after the game,-0.0150824123928402,-0.2281237582507834,0.197958933465103,0.8537544062180895,,5.0,45,underpowered,per unit of predictor; raw sd shown is the after-measure's; per SD of measure (raw sd 0.058); contributing runs 5
frontier,2-agent homogeneous,GeminiPro dyads,GeminiPro,H1 reverse (game_myth): sent_frac -> same_label after the game,2.755328596802846,0.5940999283771258,4.916557265228565,0.0240207240506315,,5.0,50,underpowered,per unit of predictor; raw sd shown is the after-measure's; per SD of measure (raw sd 0.503); contributing runs 2
frontier,2-agent homogeneous,GeminiPro dyads,GeminiPro,H1 reverse (game_myth): return_proportion -> same_label after the game,0.3765606407245366,-5.575964126296537,6.329085407745611,0.869110009429845,,5.0,50,underpowered,per unit of predictor; raw sd shown is the after-measure's; per SD of measure (raw sd 0.503); contributing runs 5
frontier,2-agent homogeneous,GeminiPro dyads,GeminiPro,H1 reverse (game_myth): sent_frac -> moral_cos after the game,-0.1361559396645843,-0.671266048532797,0.3989541692036282,0.5188845594532013,,5.0,50,underpowered,per unit of predictor; raw sd shown is the after-measure's; per SD of measure (raw sd 0.113); contributing runs 2
frontier,2-agent homogeneous,GeminiPro dyads,GeminiPro,H1 reverse (game_myth): return_proportion -> moral_cos after the game,0.1604681148958275,-0.5468812236567878,0.8678174534484427,0.5629735247221614,,5.0,50,underpowered,per unit of predictor; raw sd shown is the after-measure's; per SD of measure (raw sd 0.113); contributing runs 5
frontier,2-agent homogeneous,GeminiPro dyads,GeminiPro,H1 reverse (game_myth): sent_frac -> rule_index after the game,0.1280548389137656,-0.4592467674418307,0.7153564452693618,0.5775977404832597,,5.0,50,underpowered,per unit of predictor; raw sd shown is the after-measure's; per SD of measure (raw sd 0.194); contributing runs 2
frontier,2-agent homogeneous,GeminiPro dyads,GeminiPro,H1 reverse (game_myth): return_proportion -> rule_index after the game,-0.6493877865610934,-2.6990323766917874,1.4002568035696004,0.428717904411207,,5.0,50,underpowered,per unit of predictor; raw sd shown is the after-measure's; per SD of measure (raw sd 0.194); contributing runs 5
frontier,2-agent homogeneous,GeminiPro dyads,GeminiPro,H1 reverse (game_myth): sent_frac -> give_align after the game,-0.0382312298479964,-0.411820912606485,0.335358452910492,0.7904143332329148,,5.0,50,underpowered,per unit of predictor; raw sd shown is the after-measure's; per SD of measure (raw sd 0.115); contributing runs 1
frontier,2-agent homogeneous,GeminiPro dyads,GeminiPro,H1 reverse (game_myth): return_proportion -> give_align after the game,0.2319875118956958,-1.2148883369889223,1.6788633607803138,0.6792286195542441,,5.0,50,underpowered,per unit of predictor; raw sd shown is the after-measure's; per SD of measure (raw sd 0.115); contributing runs 4
frontier,2-agent homogeneous,GeminiPro dyads,GeminiPro,H1 reverse (game_myth): sent_frac -> myth_cos after the game,-0.1309182384793367,-0.3509699418412061,0.0891334648825326,0.1739140337177405,,5.0,50,underpowered,per unit of predictor; raw sd shown is the after-measure's; per SD of measure (raw sd 0.079); contributing runs 2
frontier,2-agent homogeneous,GeminiPro dyads,GeminiPro,H1 reverse (game_myth): return_proportion -> myth_cos after the game,0.2895252472039449,-0.4196317196242047,0.9986822140320946,0.3203236489287498,,5.0,50,underpowered,per unit of predictor; raw sd shown is the after-measure's; per SD of measure (raw sd 0.079); contributing runs 5
frontier,2-agent homogeneous,GeminiPro dyads,GeminiPro,H1 reverse (both): sent_frac -> same_label after the game,2.8869672002523874,1.3350388613160749,4.4388955391886995,0.0022789778624697,,10.0,95,underpowered,per unit of predictor; raw sd shown is the after-measure's; per SD of measure (raw sd 0.496); contributing runs 2
frontier,2-agent homogeneous,GeminiPro dyads,GeminiPro,H1 reverse (both): return_proportion -> same_label after the game,-1.014132126027681,-4.31608985797896,2.287825605923598,0.5047342517377539,1.0,10.0,95,no detectable effect,per unit of predictor; raw sd shown is the after-measure's; per SD of measure (raw sd 0.496); contributing runs 9
frontier,2-agent homogeneous,GeminiPro dyads,GeminiPro,H1 reverse (both): sent_frac -> moral_cos after the game,-0.1533389079192634,-0.5100087505283203,0.2033309346897934,0.3561919808139564,,10.0,95,underpowered,per unit of predictor; raw sd shown is the after-measure's; per SD of measure (raw sd 0.103); contributing runs 2
frontier,2-agent homogeneous,GeminiPro dyads,GeminiPro,H1 reverse (both): return_proportion -> moral_cos after the game,-0.0707763589321193,-0.6348840276934861,0.4933313098292474,0.7829665621194609,1.0,10.0,95,no detectable effect,per unit of predictor; raw sd shown is the after-measure's; per SD of measure (raw sd 0.103); contributing runs 10
frontier,2-agent homogeneous,GeminiPro dyads,GeminiPro,H1 reverse (both): sent_frac -> rule_index after the game,0.1212273995525581,-0.3396568171697652,0.5821116162748815,0.5664875974743779,,10.0,95,underpowered,per unit of predictor; raw sd shown is the after-measure's; per SD of measure (raw sd 0.156); contributing runs 2
frontier,2-agent homogeneous,GeminiPro dyads,GeminiPro,H1 reverse (both): return_proportion -> rule_index after the game,-0.1426652599985358,-1.1658474973234536,0.8805169773263819,0.7596345723154418,1.0,10.0,95,no detectable effect,per unit of predictor; raw sd shown is the after-measure's; per SD of measure (raw sd 0.156); contributing runs 8
frontier,2-agent homogeneous,GeminiPro dyads,GeminiPro,H1 reverse (both): sent_frac -> give_align after the game,-0.0679910167763219,-0.3656562490540915,0.2296742155014477,0.6178154035501712,,10.0,95,underpowered,per unit of predictor; raw sd shown is the after-measure's; per SD of measure (raw sd 0.111); contributing runs 1
frontier,2-agent homogeneous,GeminiPro dyads,GeminiPro,H1 reverse (both): return_proportion -> give_align after the game,0.6738579248368071,-0.8207849332359467,2.168500782909561,0.3344117278627649,,10.0,95,underpowered,per unit of predictor; raw sd shown is the after-measure's; per SD of measure (raw sd 0.111); contributing runs 5
frontier,2-agent homogeneous,GeminiPro dyads,GeminiPro,H1 reverse (both): sent_frac -> myth_cos after the game,-0.1265210128897597,-0.2589462366591384,0.0059042108796188,0.0589427545663648,,10.0,95,underpowered,per unit of predictor; raw sd shown is the after-measure's; per SD of measure (raw sd 0.071); contributing runs 2
frontier,2-agent homogeneous,GeminiPro dyads,GeminiPro,H1 reverse (both): return_proportion -> myth_cos after the game,0.1181686866558762,-0.2063372928684375,0.4426746661801901,0.4313613640946927,1.0,10.0,95,no detectable effect,per unit of predictor; raw sd shown is the after-measure's; per SD of measure (raw sd 0.071); contributing runs 10
frontier,2-agent homogeneous,Opus dyads,Opus,H1 reverse (myth_game): sent_frac -> same_label after the game,,,,,,5.0,45,not estimable: ceiling,per unit of predictor; raw sd shown is the after-measure's; per SD of measure (raw sd 0.288); contributing runs 0; not estimable: ceiling (sent_frac locked within cells)
frontier,2-agent homogeneous,Opus dyads,Opus,H1 reverse (myth_game): return_proportion -> same_label after the game,-1.330371258600231,-5.154803511912642,2.4940609947121803,0.3888283883369105,,5.0,45,underpowered,per unit of predictor; raw sd shown is the after-measure's; per SD of measure (raw sd 0.288); contributing runs 2
frontier,2-agent homogeneous,Opus dyads,Opus,H1 reverse (myth_game): sent_frac -> moral_cos after the game,,,,,,5.0,45,not estimable: ceiling,per unit of predictor; raw sd shown is the after-measure's; per SD of measure (raw sd 0.122); contributing runs 0; not estimable: ceiling (sent_frac locked within cells)
frontier,2-agent homogeneous,Opus dyads,Opus,H1 reverse (myth_game): return_proportion -> moral_cos after the game,0.0125042395216836,-1.1786911769030908,1.203699655946458,0.978145152479486,,5.0,45,underpowered,per unit of predictor; raw sd shown is the after-measure's; per SD of measure (raw sd 0.122); contributing runs 5
frontier,2-agent homogeneous,Opus dyads,Opus,H1 reverse (myth_game): sent_frac -> rule_index after the game,,,,,,5.0,45,not estimable: ceiling,per unit of predictor; raw sd shown is the after-measure's; per SD of measure (raw sd 0.133); contributing runs 0; not estimable: ceiling (sent_frac locked within cells)
frontier,2-agent homogeneous,Opus dyads,Opus,H1 reverse (myth_game): return_proportion -> rule_index after the game,-0.0441920014309269,-1.1658775335144436,1.0774935306525897,0.9181643836281392,,5.0,45,underpowered,per unit of predictor; raw sd shown is the after-measure's; per SD of measure (raw sd 0.133); contributing runs 4
frontier,2-agent homogeneous,Opus dyads,Opus,H1 reverse (myth_game): sent_frac -> give_align after the game,,,,,,5.0,45,not estimable: ceiling,per unit of predictor; raw sd shown is the after-measure's; per SD of measure (raw sd 0.079); contributing runs 0; not estimable: ceiling (sent_frac locked within cells)
frontier,2-agent homogeneous,Opus dyads,Opus,H1 reverse (myth_game): return_proportion -> give_align after the game,-0.2918607896911451,-0.8472066060428873,0.2634850266605972,0.2182875485991385,,5.0,45,underpowered,per unit of predictor; raw sd shown is the after-measure's; per SD of measure (raw sd 0.079); contributing runs 3
frontier,2-agent homogeneous,Opus dyads,Opus,H1 reverse (myth_game): sent_frac -> myth_cos after the game,,,,,,5.0,45,not estimable: ceiling,per unit of predictor; raw sd shown is the after-measure's; per SD of measure (raw sd 0.111); contributing runs 0; not estimable: ceiling (sent_frac locked within cells)
frontier,2-agent homogeneous,Opus dyads,Opus,H1 reverse (myth_game): return_proportion -> myth_cos after the game,0.2164673257190853,-0.5319205171417447,0.9648551685799154,0.4669392347418792,,5.0,45,underpowered,per unit of predictor; raw sd shown is the after-measure's; per SD of measure (raw sd 0.111); contributing runs 5
frontier,2-agent homogeneous,Opus dyads,Opus,H1 reverse (game_myth): sent_frac -> same_label after the game,0.2355435166647043,-0.3276190063477273,0.7987060396771359,0.3101148457793108,,5.0,50,underpowered,per unit of predictor; raw sd shown is the after-measure's; per SD of measure (raw sd 0.240); contributing runs 2
frontier,2-agent homogeneous,Opus dyads,Opus,H1 reverse (game_myth): return_proportion -> same_label after the game,0.7038298785227767,-3.584455924270251,4.992115681315805,0.6722518086921906,,5.0,50,underpowered,per unit of predictor; raw sd shown is the after-measure's; per SD of measure (raw sd 0.240); contributing runs 2
frontier,2-agent homogeneous,Opus dyads,Opus,H1 reverse (game_myth): sent_frac -> moral_cos after the game,0.5787292581408641,0.1316241349702218,1.0258343813115065,0.0228840025037069,,5.0,50,underpowered,per unit of predictor; raw sd shown is the after-measure's; per SD of measure (raw sd 0.099); contributing runs 5
frontier,2-agent homogeneous,Opus dyads,Opus,H1 reverse (game_myth): return_proportion -> moral_cos after the game,0.6258368128014345,-0.418361296370869,1.670034921973738,0.1714339611618131,,5.0,50,underpowered,per unit of predictor; raw sd shown is the after-measure's; per SD of measure (raw sd 0.099); contributing runs 5
frontier,2-agent homogeneous,Opus dyads,Opus,H1 reverse (game_myth): sent_frac -> rule_index after the game,-0.2986896332713059,-1.368603098802683,0.7712238322600713,0.48154860536437,,5.0,50,underpowered,per unit of predictor; raw sd shown is the after-measure's; per SD of measure (raw sd 0.171); contributing runs 5
frontier,2-agent homogeneous,Opus dyads,Opus,H1 reverse (game_myth): return_proportion -> rule_index after the game,0.0377514175471597,-3.479022366423144,3.554525201517463,0.9776509624341668,,5.0,50,underpowered,per unit of predictor; raw sd shown is the after-measure's; per SD of measure (raw sd 0.171); contributing runs 5
frontier,2-agent homogeneous,Opus dyads,Opus,H1 reverse (game_myth): sent_frac -> give_align after the game,-0.6487263664901388,-1.1319708821717926,-0.1654818508084849,0.0203462785236656,,5.0,50,underpowered,per unit of predictor; raw sd shown is the after-measure's; per SD of measure (raw sd 0.121); contributing runs 5
frontier,2-agent homogeneous,Opus dyads,Opus,H1 reverse (game_myth): return_proportion -> give_align after the game,0.2990190843129322,-1.396126590247058,1.9941647588729223,0.6499513938684706,,5.0,50,underpowered,per unit of predictor; raw sd shown is the after-measure's; per SD of measure (raw sd 0.121); contributing runs 5
frontier,2-agent homogeneous,Opus dyads,Opus,H1 reverse (game_myth): sent_frac -> myth_cos after the game,0.2153703715942277,-0.2954466378809802,0.7261873810694357,0.30673973758794,,5.0,50,underpowered,per unit of predictor; raw sd shown is the after-measure's; per SD of measure (raw sd 0.094); contributing runs 5
frontier,2-agent homogeneous,Opus dyads,Opus,H1 reverse (game_myth): return_proportion -> myth_cos after the game,-0.210757035921357,-1.4259642919495046,1.0044502201067904,0.6553003369951859,,5.0,50,underpowered,per unit of predictor; raw sd shown is the after-measure's; per SD of measure (raw sd 0.094); contributing runs 5
frontier,2-agent homogeneous,Opus dyads,Opus,H1 reverse (both): sent_frac -> same_label after the game,-0.2929142678416216,-1.1157886318769137,0.5299600961936701,0.4414303464604381,,10.0,95,underpowered,per unit of predictor; raw sd shown is the after-measure's; per SD of measure (raw sd 0.263); contributing runs 2
frontier,2-agent homogeneous,Opus dyads,Opus,H1 reverse (both): return_proportion -> same_label after the game,0.015507480223409,-2.232351801596513,2.263366762043331,0.9878891089800286,,10.0,95,underpowered,per unit of predictor; raw sd shown is the after-measure's; per SD of measure (raw sd 0.263); contributing runs 4
frontier,2-agent homogeneous,Opus dyads,Opus,H1 reverse (both): sent_frac -> moral_cos after the game,0.5003200716939398,0.224487240965573,0.7761529024223066,0.002663857830311,,10.0,95,underpowered,per unit of predictor; raw sd shown is the after-measure's; per SD of measure (raw sd 0.110); contributing runs 5
frontier,2-agent homogeneous,Opus dyads,Opus,H1 reverse (both): return_proportion -> moral_cos after the game,0.2061222374762263,-0.4515641100452705,0.8638085849977233,0.4962954185978036,1.0,10.0,95,no detectable effect,per unit of predictor; raw sd shown is the after-measure's; per SD of measure (raw sd 0.110); contributing runs 10
frontier,2-agent homogeneous,Opus dyads,Opus,H1 reverse (both): sent_frac -> rule_index after the game,-0.2402603199611383,-0.768834855016736,0.2883142150944594,0.3306731393028556,,10.0,95,underpowered,per unit of predictor; raw sd shown is the after-measure's; per SD of measure (raw sd 0.157); contributing runs 5
frontier,2-agent homogeneous,Opus dyads,Opus,H1 reverse (both): return_proportion -> rule_index after the game,0.1359958789656428,-1.0958287154398392,1.3678204733711248,0.8083903151886376,1.0,10.0,95,no detectable effect,per unit of predictor; raw sd shown is the after-measure's; per SD of measure (raw sd 0.157); contributing runs 9
frontier,2-agent homogeneous,Opus dyads,Opus,H1 reverse (both): sent_frac -> give_align after the game,-0.7036182387618776,-1.0243373464491698,-0.3828991310745852,0.0007774338264739,,10.0,95,underpowered,per unit of predictor; raw sd shown is the after-measure's; per SD of measure (raw sd 0.104); contributing runs 5
frontier,2-agent homogeneous,Opus dyads,Opus,H1 reverse (both): return_proportion -> give_align after the game,0.0727179984039137,-0.6259897562559928,0.7714257530638204,0.8191417099391973,1.0,10.0,95,no detectable effect,per unit of predictor; raw sd shown is the after-measure's; per SD of measure (raw sd 0.104); contributing runs 8
frontier,2-agent homogeneous,Opus dyads,Opus,H1 reverse (both): sent_frac -> myth_cos after the game,0.1897970337217792,-0.0865364426268895,0.466130510070448,0.1546655506222556,,10.0,95,underpowered,per unit of predictor; raw sd shown is the after-measure's; per SD of measure (raw sd 0.102); contributing runs 5
frontier,2-agent homogeneous,Opus dyads,Opus,H1 reverse (both): return_proportion -> myth_cos after the game,-0.1004543978309933,-0.7937824053097438,0.5928736096477571,0.7505906793612322,1.0,10.0,95,no detectable effect,per unit of predictor; raw sd shown is the after-measure's; per SD of measure (raw sd 0.102); contributing runs 10
frontier,2-agent homogeneous,Sol dyads,Sol,H1 reverse (myth_game): sent_frac -> same_label after the game,-0.9488038340023464,-3.741434680320705,1.843827012316012,0.3989365818797271,,5.0,45,not estimable: ceiling,per unit of predictor; raw sd shown is the after-measure's; per SD of measure (raw sd 0.367); contributing runs 0
frontier,2-agent homogeneous,Sol dyads,Sol,H1 reverse (myth_game): return_proportion -> same_label after the game,-0.8489690826200371,-4.235318689263536,2.5373805240234617,0.5247148705081435,,5.0,45,underpowered,per unit of predictor; raw sd shown is the after-measure's; per SD of measure (raw sd 0.367); contributing runs 3
frontier,2-agent homogeneous,Sol dyads,Sol,H1 reverse (myth_game): sent_frac -> moral_cos after the game,-0.2061901435368495,-0.6073394987121323,0.1949592116384331,0.2267220149702969,,5.0,45,underpowered,per unit of predictor; raw sd shown is the after-measure's; per SD of measure (raw sd 0.086); contributing runs 1
frontier,2-agent homogeneous,Sol dyads,Sol,H1 reverse (myth_game): return_proportion -> moral_cos after the game,-0.3750783520454387,-1.2629970064549392,0.5128403023640619,0.3059383094558311,,5.0,45,underpowered,per unit of predictor; raw sd shown is the after-measure's; per SD of measure (raw sd 0.086); contributing runs 5
frontier,2-agent homogeneous,Sol dyads,Sol,H1 reverse (myth_game): sent_frac -> rule_index after the game,-0.3571006855538761,-1.1148862064106966,0.4006848353029443,0.2608602246259937,,5.0,45,underpowered,per unit of predictor; raw sd shown is the after-measure's; per SD of measure (raw sd 0.175); contributing runs 1
frontier,2-agent homogeneous,Sol dyads,Sol,H1 reverse (myth_game): return_proportion -> rule_index after the game,-1.0090961415104571,-2.256449521949923,0.2382572389290087,0.0880231389720687,,5.0,45,underpowered,per unit of predictor; raw sd shown is the after-measure's; per SD of measure (raw sd 0.175); contributing runs 5
frontier,2-agent homogeneous,Sol dyads,Sol,H1 reverse (myth_game): sent_frac -> give_align after the game,-0.018612549064092,-0.5757286738248213,0.5385035756966372,0.9305562650093409,,5.0,45,underpowered,per unit of predictor; raw sd shown is the after-measure's; per SD of measure (raw sd 0.103); contributing runs 1
frontier,2-agent homogeneous,Sol dyads,Sol,H1 reverse (myth_game): return_proportion -> give_align after the game,0.3425088069511109,-0.9160515765239468,1.6010691904261685,0.4919485473727448,,5.0,45,underpowered,per unit of predictor; raw sd shown is the after-measure's; per SD of measure (raw sd 0.103); contributing runs 5
frontier,2-agent homogeneous,Sol dyads,Sol,H1 reverse (myth_game): sent_frac -> myth_cos after the game,-0.0337397012436204,-0.6887557523497007,0.6212763498624597,0.893194143121166,,5.0,45,underpowered,per unit of predictor; raw sd shown is the after-measure's; per SD of measure (raw sd 0.118); contributing runs 1
frontier,2-agent homogeneous,Sol dyads,Sol,H1 reverse (myth_game): return_proportion -> myth_cos after the game,-0.2021751791576572,-0.487849685078658,0.0834993267633435,0.120870638606426,,5.0,45,underpowered,per unit of predictor; raw sd shown is the after-measure's; per SD of measure (raw sd 0.118); contributing runs 5
frontier,2-agent homogeneous,Sol dyads,Sol,H1 reverse (game_myth): sent_frac -> same_label after the game,0.963794822613978,-1.114531027357811,3.042120672585767,0.2673520111609135,,5.0,50,underpowered,per unit of predictor; raw sd shown is the after-measure's; per SD of measure (raw sd 0.370); contributing runs 3
frontier,2-agent homogeneous,Sol dyads,Sol,H1 reverse (game_myth): return_proportion -> same_label after the game,-0.2955590104998353,-3.4238010426581504,2.83268302165848,0.806029729001536,,5.0,50,underpowered,per unit of predictor; raw sd shown is the after-measure's; per SD of measure (raw sd 0.370); contributing runs 3
frontier,2-agent homogeneous,Sol dyads,Sol,H1 reverse (game_myth): sent_frac -> moral_cos after the game,0.0839628564963385,-0.2026709776417124,0.3705966906343894,0.4616856030554312,,5.0,50,underpowered,per unit of predictor; raw sd shown is the after-measure's; per SD of measure (raw sd 0.100); contributing runs 5
frontier,2-agent homogeneous,Sol dyads,Sol,H1 reverse (game_myth): return_proportion -> moral_cos after the game,0.0921885762740202,-0.4788123151354239,0.6631894676834643,0.6771747308246416,,5.0,50,underpowered,per unit of predictor; raw sd shown is the after-measure's; per SD of measure (raw sd 0.100); contributing runs 5
frontier,2-agent homogeneous,Sol dyads,Sol,H1 reverse (game_myth): sent_frac -> rule_index after the game,-0.2690812106443645,-0.830671758672147,0.292509337383418,0.2541942065143056,,5.0,50,underpowered,per unit of predictor; raw sd shown is the after-measure's; per SD of measure (raw sd 0.213); contributing runs 5
frontier,2-agent homogeneous,Sol dyads,Sol,H1 reverse (game_myth): return_proportion -> rule_index after the game,0.5688336946977931,-0.0601814030846897,1.197848792480276,0.0660005073723819,,5.0,50,underpowered,per unit of predictor; raw sd shown is the after-measure's; per SD of measure (raw sd 0.213); contributing runs 5
frontier,2-agent homogeneous,Sol dyads,Sol,H1 reverse (game_myth): sent_frac -> give_align after the game,-0.0366410640324523,-0.4189079799299687,0.3456258518650639,0.8032953612968462,,5.0,50,underpowered,per unit of predictor; raw sd shown is the after-measure's; per SD of measure (raw sd 0.072); contributing runs 5
frontier,2-agent homogeneous,Sol dyads,Sol,H1 reverse (game_myth): return_proportion -> give_align after the game,0.0997606043157727,-0.2172003092763958,0.4167215179079412,0.4315202273443202,,5.0,50,underpowered,per unit of predictor; raw sd shown is the after-measure's; per SD of measure (raw sd 0.072); contributing runs 5
frontier,2-agent homogeneous,Sol dyads,Sol,H1 reverse (game_myth): sent_frac -> myth_cos after the game,0.0732116672535589,-0.2076184742324569,0.3540418087395749,0.5092467370728394,,5.0,50,underpowered,per unit of predictor; raw sd shown is the after-measure's; per SD of measure (raw sd 0.062); contributing runs 5
frontier,2-agent homogeneous,Sol dyads,Sol,H1 reverse (game_myth): return_proportion -> myth_cos after the game,0.2499249260160392,-0.0486561063093288,0.5485059583414074,0.080781382354079,,5.0,50,underpowered,per unit of predictor; raw sd shown is the after-measure's; per SD of measure (raw sd 0.062); contributing runs 5
frontier,2-agent homogeneous,Sol dyads,Sol,H1 reverse (both): sent_frac -> same_label after the game,0.622389245350136,-1.0399596960613162,2.284738186761588,0.4189689607434336,,10.0,95,underpowered,per unit of predictor; raw sd shown is the after-measure's; per SD of measure (raw sd 0.367); contributing runs 3
frontier,2-agent homogeneous,Sol dyads,Sol,H1 reverse (both): return_proportion -> same_label after the game,-0.5239751518819256,-2.1092541245988836,1.0613038208350325,0.4737234569084876,,10.0,95,underpowered,per unit of predictor; raw sd shown is the after-measure's; per SD of measure (raw sd 0.367); contributing runs 6
frontier,2-agent homogeneous,Sol dyads,Sol,H1 reverse (both): sent_frac -> moral_cos after the game,0.0586796979991853,-0.1988869593716166,0.3162463553699872,0.6187122327014778,,10.0,95,underpowered,per unit of predictor; raw sd shown is the after-measure's; per SD of measure (raw sd 0.093); contributing runs 6
frontier,2-agent homogeneous,Sol dyads,Sol,H1 reverse (both): return_proportion -> moral_cos after the game,0.0036340381219182,-0.3180228312068213,0.3252909074506577,0.9801679464283412,1.0,10.0,95,no detectable effect,per unit of predictor; raw sd shown is the after-measure's; per SD of measure (raw sd 0.093); contributing runs 10
frontier,2-agent homogeneous,Sol dyads,Sol,H1 reverse (both): sent_frac -> rule_index after the game,-0.2455739903382235,-0.6880853943053669,0.1969374136289197,0.2409495006576569,,10.0,95,underpowered,per unit of predictor; raw sd shown is the after-measure's; per SD of measure (raw sd 0.197); contributing runs 6
frontier,2-agent homogeneous,Sol dyads,Sol,H1 reverse (both): return_proportion -> rule_index after the game,0.1965158095635676,-0.6394004271746189,1.032432046301754,0.6077318964841721,1.0,10.0,95,no detectable effect,per unit of predictor; raw sd shown is the after-measure's; per SD of measure (raw sd 0.197); contributing runs 10
frontier,2-agent homogeneous,Sol dyads,Sol,H1 reverse (both): sent_frac -> give_align after the game,-0.0228244796954049,-0.2224235285178872,0.1767745691270772,0.8017000180130427,,10.0,95,underpowered,per unit of predictor; raw sd shown is the after-measure's; per SD of measure (raw sd 0.089); contributing runs 6
frontier,2-agent homogeneous,Sol dyads,Sol,H1 reverse (both): return_proportion -> give_align after the game,0.1617566197642065,-0.186756432817643,0.5102696723460561,0.3211187687130087,1.0,10.0,95,no detectable effect,per unit of predictor; raw sd shown is the after-measure's; per SD of measure (raw sd 0.089); contributing runs 10
frontier,2-agent homogeneous,Sol dyads,Sol,H1 reverse (both): sent_frac -> myth_cos after the game,0.0567923355302973,-0.1476771877478574,0.2612618588084521,0.5454040895917458,,10.0,95,underpowered,per unit of predictor; raw sd shown is the after-measure's; per SD of measure (raw sd 0.100); contributing runs 6
frontier,2-agent homogeneous,Sol dyads,Sol,H1 reverse (both): return_proportion -> myth_cos after the game,0.106784642797852,-0.1102921697562982,0.3238614553520023,0.2946312690843422,1.0,10.0,95,no detectable effect,per unit of predictor; raw sd shown is the after-measure's; per SD of measure (raw sd 0.100); contributing runs 10
frontier,2-agent mixed,GeminiPro+Sol dyads,mixed,H1 reverse (myth_game): sent_frac -> same_label after the game,0.684253145633488,-1.4828967838069975,2.8514030750739736,0.4538913638576115,,6.0,54,underpowered,per unit of predictor; raw sd shown is the after-measure's; per SD of measure (raw sd 0.492); contributing runs 1
frontier,2-agent mixed,GeminiPro+Sol dyads,mixed,H1 reverse (myth_game): return_proportion -> same_label after the game,-1.2696350201648472,-5.418093005369208,2.878822965039513,0.4670752195290181,,6.0,54,underpowered,per unit of predictor; raw sd shown is the after-measure's; per SD of measure (raw sd 0.492); contributing runs 6
frontier,2-agent mixed,GeminiPro+Sol dyads,mixed,H1 reverse (myth_game): sent_frac -> moral_cos after the game,0.0535733342771322,-0.6348796684340194,0.7420263369882838,0.8493346300650877,,6.0,54,underpowered,per unit of predictor; raw sd shown is the after-measure's; per SD of measure (raw sd 0.130); contributing runs 1
frontier,2-agent mixed,GeminiPro+Sol dyads,mixed,H1 reverse (myth_game): return_proportion -> moral_cos after the game,0.6163233603343857,-0.255559590603706,1.4882063112724777,0.1288871485554198,,6.0,54,underpowered,per unit of predictor; raw sd shown is the after-measure's; per SD of measure (raw sd 0.130); contributing runs 6
frontier,2-agent mixed,GeminiPro+Sol dyads,mixed,H1 reverse (myth_game): sent_frac -> rule_index after the game,0.2288225505618604,-0.292992491654937,0.7506375927786578,0.3108144788601244,,6.0,54,underpowered,per unit of predictor; raw sd shown is the after-measure's; per SD of measure (raw sd 0.175); contributing runs 1
frontier,2-agent mixed,GeminiPro+Sol dyads,mixed,H1 reverse (myth_game): return_proportion -> rule_index after the game,0.660593459723948,-1.3214398703581178,2.642626789806014,0.430720017309776,,6.0,54,underpowered,per unit of predictor; raw sd shown is the after-measure's; per SD of measure (raw sd 0.175); contributing runs 6
frontier,2-agent mixed,GeminiPro+Sol dyads,mixed,H1 reverse (myth_game): sent_frac -> give_align after the game,0.974629845283647,0.623005575789597,1.3262541147776972,0.0008448747104085,,6.0,54,underpowered,per unit of predictor; raw sd shown is the after-measure's; per SD of measure (raw sd 0.126); contributing runs 1
frontier,2-agent mixed,GeminiPro+Sol dyads,mixed,H1 reverse (myth_game): return_proportion -> give_align after the game,0.8988030675479608,0.2423134793617094,1.5552926557342122,0.0169300220141975,,6.0,54,underpowered,per unit of predictor; raw sd shown is the after-measure's; per SD of measure (raw sd 0.126); contributing runs 5
frontier,2-agent mixed,GeminiPro+Sol dyads,mixed,H1 reverse (myth_game): sent_frac -> myth_cos after the game,-0.1623177789921448,-0.3472059109717808,0.0225703529874911,0.073648623215233,,6.0,54,underpowered,per unit of predictor; raw sd shown is the after-measure's; per SD of measure (raw sd 0.067); contributing runs 1
frontier,2-agent mixed,GeminiPro+Sol dyads,mixed,H1 reverse (myth_game): return_proportion -> myth_cos after the game,0.2277479037034992,-0.1792345146309348,0.6347303220379332,0.2098155353181678,,6.0,54,underpowered,per unit of predictor; raw sd shown is the after-measure's; per SD of measure (raw sd 0.067); contributing runs 6
frontier,2-agent mixed,GeminiPro+Sol dyads,mixed,H1 reverse (game_myth): sent_frac -> same_label after the game,-0.7757939642913577,-3.1864215160925324,1.6348335875098172,0.4457559811795836,,6.0,60,underpowered,per unit of predictor; raw sd shown is the after-measure's; per SD of measure (raw sd 0.503); contributing runs 3
frontier,2-agent mixed,GeminiPro+Sol dyads,mixed,H1 reverse (game_myth): return_proportion -> same_label after the game,0.1061260406202785,-1.1160345919744472,1.328286673215004,0.8322003176197155,,6.0,60,underpowered,per unit of predictor; raw sd shown is the after-measure's; per SD of measure (raw sd 0.503); contributing runs 6
frontier,2-agent mixed,GeminiPro+Sol dyads,mixed,H1 reverse (game_myth): sent_frac -> moral_cos after the game,-0.0352696190994951,-0.3922652172679576,0.3217259790689672,0.8096376161448067,,6.0,60,underpowered,per unit of predictor; raw sd shown is the after-measure's; per SD of measure (raw sd 0.119); contributing runs 3
frontier,2-agent mixed,GeminiPro+Sol dyads,mixed,H1 reverse (game_myth): return_proportion -> moral_cos after the game,-0.0326457313085228,-0.5426257639251089,0.4773343013080631,0.875741682666959,,6.0,60,underpowered,per unit of predictor; raw sd shown is the after-measure's; per SD of measure (raw sd 0.119); contributing runs 6
frontier,2-agent mixed,GeminiPro+Sol dyads,mixed,H1 reverse (game_myth): sent_frac -> rule_index after the game,-0.0476914829883316,-1.147491358325474,1.0521083923488106,0.9155800581135464,,6.0,60,underpowered,per unit of predictor; raw sd shown is the after-measure's; per SD of measure (raw sd 0.226); contributing runs 3
frontier,2-agent mixed,GeminiPro+Sol dyads,mixed,H1 reverse (game_myth): return_proportion -> rule_index after the game,-0.103209566394709,-1.9004898288414735,1.6940706960520555,0.8884132898029982,,6.0,60,underpowered,per unit of predictor; raw sd shown is the after-measure's; per SD of measure (raw sd 0.226); contributing runs 6
frontier,2-agent mixed,GeminiPro+Sol dyads,mixed,H1 reverse (game_myth): sent_frac -> give_align after the game,-0.2148230002714125,-0.7640937850074309,0.3344477844646057,0.36086464971228,,6.0,60,underpowered,per unit of predictor; raw sd shown is the after-measure's; per SD of measure (raw sd 0.107); contributing runs 3
frontier,2-agent mixed,GeminiPro+Sol dyads,mixed,H1 reverse (game_myth): return_proportion -> give_align after the game,0.1487697833789717,-0.8529817836789023,1.1505213504368457,0.7183279599231684,,6.0,60,underpowered,per unit of predictor; raw sd shown is the after-measure's; per SD of measure (raw sd 0.107); contributing runs 6
frontier,2-agent mixed,GeminiPro+Sol dyads,mixed,H1 reverse (game_myth): sent_frac -> myth_cos after the game,-0.1409688744816773,-0.4973300499990178,0.2153923010356632,0.3558690358588055,,6.0,60,underpowered,per unit of predictor; raw sd shown is the after-measure's; per SD of measure (raw sd 0.080); contributing runs 3
frontier,2-agent mixed,GeminiPro+Sol dyads,mixed,H1 reverse (game_myth): return_proportion -> myth_cos after the game,-0.2015321438941352,-0.9561930896887484,0.5531288019004779,0.522946780177044,,6.0,60,underpowered,per unit of predictor; raw sd shown is the after-measure's; per SD of measure (raw sd 0.080); contributing runs 6
frontier,2-agent mixed,GeminiPro+Sol dyads,mixed,H1 reverse (both): sent_frac -> same_label after the game,-0.414239711278743,-1.9762076116076055,1.1477281890501194,0.5711906691830055,,12.0,114,underpowered,per unit of predictor; raw sd shown is the after-measure's; per SD of measure (raw sd 0.497); contributing runs 4
frontier,2-agent mixed,GeminiPro+Sol dyads,mixed,H1 reverse (both): return_proportion -> same_label after the game,-0.5099384554921776,-2.0325301861092897,1.0126532751249346,0.476465003454642,1.0,12.0,114,no detectable effect,per unit of predictor; raw sd shown is the after-measure's; per SD of measure (raw sd 0.497); contributing runs 12
frontier,2-agent mixed,GeminiPro+Sol dyads,mixed,H1 reverse (both): sent_frac -> moral_cos after the game,-0.0094755896668388,-0.2408725818803001,0.2219214025466224,0.929804716556048,,12.0,114,underpowered,per unit of predictor; raw sd shown is the after-measure's; per SD of measure (raw sd 0.125); contributing runs 4
frontier,2-agent mixed,GeminiPro+Sol dyads,mixed,H1 reverse (both): return_proportion -> moral_cos after the game,0.2119869220882482,-0.2796558992758118,0.7036297434523084,0.3629935853602744,1.0,12.0,114,no detectable effect,per unit of predictor; raw sd shown is the after-measure's; per SD of measure (raw sd 0.125); contributing runs 12
frontier,2-agent mixed,GeminiPro+Sol dyads,mixed,H1 reverse (both): sent_frac -> rule_index after the game,0.017231983884331,-0.6578704508427171,0.6923344186113791,0.9562057823502952,,12.0,114,underpowered,per unit of predictor; raw sd shown is the after-measure's; per SD of measure (raw sd 0.205); contributing runs 4
frontier,2-agent mixed,GeminiPro+Sol dyads,mixed,H1 reverse (both): return_proportion -> rule_index after the game,0.2243474227855363,-0.7738157860328675,1.22251063160394,0.630547849856466,1.0,12.0,114,no detectable effect,per unit of predictor; raw sd shown is the after-measure's; per SD of measure (raw sd 0.205); contributing runs 12
frontier,2-agent mixed,GeminiPro+Sol dyads,mixed,H1 reverse (both): sent_frac -> give_align after the game,0.0357224088072481,-0.539561905784467,0.6110067233989634,0.8937604233957361,,12.0,114,underpowered,per unit of predictor; raw sd shown is the after-measure's; per SD of measure (raw sd 0.119); contributing runs 4
frontier,2-agent mixed,GeminiPro+Sol dyads,mixed,H1 reverse (both): return_proportion -> give_align after the game,0.4645041402709829,-0.0797239580013163,1.0087322385432822,0.0870476751005519,0.4352383755027599,12.0,114,no detectable effect,per unit of predictor; raw sd shown is the after-measure's; per SD of measure (raw sd 0.119); contributing runs 11
frontier,2-agent mixed,GeminiPro+Sol dyads,mixed,H1 reverse (both): sent_frac -> myth_cos after the game,-0.1422310390404542,-0.3649474822947257,0.0804854042138172,0.1874557858724671,,12.0,114,underpowered,per unit of predictor; raw sd shown is the after-measure's; per SD of measure (raw sd 0.073); contributing runs 4
frontier,2-agent mixed,GeminiPro+Sol dyads,mixed,H1 reverse (both): return_proportion -> myth_cos after the game,-0.005364424792097,-0.4271938267094902,0.416464977125296,0.978171456096568,1.0,12.0,114,no detectable effect,per unit of predictor; raw sd shown is the after-measure's; per SD of measure (raw sd 0.073); contributing runs 12
frontier,2-agent mixed,Opus+GeminiPro dyads,mixed,H1 reverse (myth_game): sent_frac -> same_label after the game,,,,,,6.0,54,not estimable: ceiling,per unit of predictor; raw sd shown is the after-measure's; per SD of measure (raw sd 0.499); contributing runs 0; not estimable: ceiling (sent_frac locked within cells)
frontier,2-agent mixed,Opus+GeminiPro dyads,mixed,H1 reverse (myth_game): return_proportion -> same_label after the game,-0.2277942979177957,-4.228650553778132,3.7730619579425406,0.889355423241033,,6.0,54,underpowered,per unit of predictor; raw sd shown is the after-measure's; per SD of measure (raw sd 0.499); contributing runs 6
frontier,2-agent mixed,Opus+GeminiPro dyads,mixed,H1 reverse (myth_game): sent_frac -> moral_cos after the game,,,,,,6.0,54,not estimable: ceiling,per unit of predictor; raw sd shown is the after-measure's; per SD of measure (raw sd 0.112); contributing runs 0; not estimable: ceiling (sent_frac locked within cells)
frontier,2-agent mixed,Opus+GeminiPro dyads,mixed,H1 reverse (myth_game): return_proportion -> moral_cos after the game,-0.3929366764019543,-1.1287068923937893,0.3428335395898807,0.228182634622976,,6.0,54,underpowered,per unit of predictor; raw sd shown is the after-measure's; per SD of measure (raw sd 0.112); contributing runs 6
frontier,2-agent mixed,Opus+GeminiPro dyads,mixed,H1 reverse (myth_game): sent_frac -> rule_index after the game,,,,,,6.0,54,not estimable: ceiling,per unit of predictor; raw sd shown is the after-measure's; per SD of measure (raw sd 0.108); contributing runs 0; not estimable: ceiling (sent_frac locked within cells)
frontier,2-agent mixed,Opus+GeminiPro dyads,mixed,H1 reverse (myth_game): return_proportion -> rule_index after the game,0.3844112533663502,-0.8382526980637659,1.6070752047964665,0.4556900599357077,,6.0,54,underpowered,per unit of predictor; raw sd shown is the after-measure's; per SD of measure (raw sd 0.108); contributing runs 6
frontier,2-agent mixed,Opus+GeminiPro dyads,mixed,H1 reverse (myth_game): sent_frac -> give_align after the game,,,,,,6.0,54,not estimable: ceiling,per unit of predictor; raw sd shown is the after-measure's; per SD of measure (raw sd 0.128); contributing runs 0; not estimable: ceiling (sent_frac locked within cells)
frontier,2-agent mixed,Opus+GeminiPro dyads,mixed,H1 reverse (myth_game): return_proportion -> give_align after the game,-0.7251283854970965,-1.6560274650728828,0.2057706940786898,0.1016317909477967,,6.0,54,underpowered,per unit of predictor; raw sd shown is the after-measure's; per SD of measure (raw sd 0.128); contributing runs 4
frontier,2-agent mixed,Opus+GeminiPro dyads,mixed,H1 reverse (myth_game): sent_frac -> myth_cos after the game,,,,,,6.0,54,not estimable: ceiling,per unit of predictor; raw sd shown is the after-measure's; per SD of measure (raw sd 0.125); contributing runs 0; not estimable: ceiling (sent_frac locked within cells)
frontier,2-agent mixed,Opus+GeminiPro dyads,mixed,H1 reverse (myth_game): return_proportion -> myth_cos after the game,-0.5253518081540925,-1.6408207946875546,0.5901171783793694,0.280123962864588,,6.0,54,underpowered,per unit of predictor; raw sd shown is the after-measure's; per SD of measure (raw sd 0.125); contributing runs 6
frontier,2-agent mixed,Opus+GeminiPro dyads,mixed,H1 reverse (game_myth): sent_frac -> same_label after the game,-1.2005791140096873,-2.3577485706478014,-0.0434096573715732,0.0445076537967287,,6.0,60,underpowered,per unit of predictor; raw sd shown is the after-measure's; per SD of measure (raw sd 0.486); contributing runs 5
frontier,2-agent mixed,Opus+GeminiPro dyads,mixed,H1 reverse (game_myth): return_proportion -> same_label after the game,0.7719030238094311,-1.702746839632214,3.2465528872510765,0.4590486305900708,,6.0,60,underpowered,per unit of predictor; raw sd shown is the after-measure's; per SD of measure (raw sd 0.486); contributing runs 6
frontier,2-agent mixed,Opus+GeminiPro dyads,mixed,H1 reverse (game_myth): sent_frac -> moral_cos after the game,-0.2198986770499354,-0.6158330315280529,0.1760356774281821,0.2127416144716886,,6.0,60,underpowered,per unit of predictor; raw sd shown is the after-measure's; per SD of measure (raw sd 0.113); contributing runs 5
frontier,2-agent mixed,Opus+GeminiPro dyads,mixed,H1 reverse (game_myth): return_proportion -> moral_cos after the game,0.1183241746929664,-0.8296654367183096,1.0663137861042424,0.761301147005625,,6.0,60,underpowered,per unit of predictor; raw sd shown is the after-measure's; per SD of measure (raw sd 0.113); contributing runs 6
frontier,2-agent mixed,Opus+GeminiPro dyads,mixed,H1 reverse (game_myth): sent_frac -> rule_index after the game,1.051130777090789,0.461332967971647,1.640928586209931,0.0059406483229023,,6.0,60,underpowered,per unit of predictor; raw sd shown is the after-measure's; per SD of measure (raw sd 0.236); contributing runs 5
frontier,2-agent mixed,Opus+GeminiPro dyads,mixed,H1 reverse (game_myth): return_proportion -> rule_index after the game,-0.2577363866949036,-1.6446627653008483,1.1291899919110413,0.653017429629929,,6.0,60,underpowered,per unit of predictor; raw sd shown is the after-measure's; per SD of measure (raw sd 0.236); contributing runs 6
frontier,2-agent mixed,Opus+GeminiPro dyads,mixed,H1 reverse (game_myth): sent_frac -> give_align after the game,0.088330267138917,-0.3207540102342914,0.4974145445121254,0.6027784277610196,,6.0,60,underpowered,per unit of predictor; raw sd shown is the after-measure's; per SD of measure (raw sd 0.128); contributing runs 5
frontier,2-agent mixed,Opus+GeminiPro dyads,mixed,H1 reverse (game_myth): return_proportion -> give_align after the game,0.0674711387468989,-0.7724652974789907,0.9074075749727886,0.8445519439126726,,6.0,60,underpowered,per unit of predictor; raw sd shown is the after-measure's; per SD of measure (raw sd 0.128); contributing runs 6
frontier,2-agent mixed,Opus+GeminiPro dyads,mixed,H1 reverse (game_myth): sent_frac -> myth_cos after the game,0.3090463941608661,-0.2547125309489199,0.8728053192706522,0.2178384999940293,,6.0,60,underpowered,per unit of predictor; raw sd shown is the after-measure's; per SD of measure (raw sd 0.119); contributing runs 5
frontier,2-agent mixed,Opus+GeminiPro dyads,mixed,H1 reverse (game_myth): return_proportion -> myth_cos after the game,0.0962461870047218,-0.7200613624062927,0.9125537364157364,0.7740317906425568,,6.0,60,underpowered,per unit of predictor; raw sd shown is the after-measure's; per SD of measure (raw sd 0.119); contributing runs 6
frontier,2-agent mixed,Opus+GeminiPro dyads,mixed,H1 reverse (both): sent_frac -> same_label after the game,-1.1430305360544333,-2.000018458170655,-0.2860426139382114,0.0135534335277612,,12.0,114,underpowered,per unit of predictor; raw sd shown is the after-measure's; per SD of measure (raw sd 0.491); contributing runs 5
frontier,2-agent mixed,Opus+GeminiPro dyads,mixed,H1 reverse (both): return_proportion -> same_label after the game,0.2907514903952143,-1.1783207558701003,1.7598237366605294,0.6715457083183605,1.0,12.0,114,no detectable effect,per unit of predictor; raw sd shown is the after-measure's; per SD of measure (raw sd 0.491); contributing runs 12
frontier,2-agent mixed,Opus+GeminiPro dyads,mixed,H1 reverse (both): sent_frac -> moral_cos after the game,-0.2516211715596082,-0.5877769974894886,0.0845346543702722,0.1276964344729798,,12.0,114,underpowered,per unit of predictor; raw sd shown is the after-measure's; per SD of measure (raw sd 0.112); contributing runs 5
frontier,2-agent mixed,Opus+GeminiPro dyads,mixed,H1 reverse (both): return_proportion -> moral_cos after the game,-0.1255326076564084,-0.540928319833583,0.2898631045207661,0.5196644093742644,1.0,12.0,114,no detectable effect,per unit of predictor; raw sd shown is the after-measure's; per SD of measure (raw sd 0.112); contributing runs 12
frontier,2-agent mixed,Opus+GeminiPro dyads,mixed,H1 reverse (both): sent_frac -> rule_index after the game,1.183710667561653,0.7659784336590167,1.60144290146429,6.376924182272602e-05,,12.0,114,underpowered,per unit of predictor; raw sd shown is the after-measure's; per SD of measure (raw sd 0.190); contributing runs 5
frontier,2-agent mixed,Opus+GeminiPro dyads,mixed,H1 reverse (both): return_proportion -> rule_index after the game,0.0079892290511818,-0.8605908722727569,0.8765693303751205,0.984210697472228,1.0,12.0,114,no detectable effect,per unit of predictor; raw sd shown is the after-measure's; per SD of measure (raw sd 0.190); contributing runs 12
frontier,2-agent mixed,Opus+GeminiPro dyads,mixed,H1 reverse (both): sent_frac -> give_align after the game,0.0602838913135198,-0.2395710154023491,0.3601387980293888,0.6667065782143575,,12.0,114,underpowered,per unit of predictor; raw sd shown is the after-measure's; per SD of measure (raw sd 0.128); contributing runs 5
frontier,2-agent mixed,Opus+GeminiPro dyads,mixed,H1 reverse (both): return_proportion -> give_align after the game,-0.2188626365510807,-0.8965891194232289,0.4588638463210674,0.49201743672297,1.0,12.0,114,no detectable effect,per unit of predictor; raw sd shown is the after-measure's; per SD of measure (raw sd 0.128); contributing runs 10
frontier,2-agent mixed,Opus+GeminiPro dyads,mixed,H1 reverse (both): sent_frac -> myth_cos after the game,0.3100994396375383,-0.1144579984402092,0.734656877715286,0.1362204449869167,,12.0,114,underpowered,per unit of predictor; raw sd shown is the after-measure's; per SD of measure (raw sd 0.121); contributing runs 5
frontier,2-agent mixed,Opus+GeminiPro dyads,mixed,H1 reverse (both): return_proportion -> myth_cos after the game,-0.0804621352459536,-0.6339585914755588,0.4730343209836514,0.7549947983445463,1.0,12.0,114,no detectable effect,per unit of predictor; raw sd shown is the after-measure's; per SD of measure (raw sd 0.121); contributing runs 12
frontier,2-agent mixed,Opus+Sol dyads,mixed,H1 reverse (myth_game): sent_frac -> same_label after the game,,,,,,6.0,54,not estimable: ceiling,per unit of predictor; raw sd shown is the after-measure's; per SD of measure (raw sd 0.482); contributing runs 0; not estimable: ceiling (sent_frac locked within cells)
frontier,2-agent mixed,Opus+Sol dyads,mixed,H1 reverse (myth_game): return_proportion -> same_label after the game,-0.7813308431815319,-4.56965438129168,3.0069926949286163,0.618681605135111,,6.0,54,underpowered,per unit of predictor; raw sd shown is the after-measure's; per SD of measure (raw sd 0.482); contributing runs 6
frontier,2-agent mixed,Opus+Sol dyads,mixed,H1 reverse (myth_game): sent_frac -> moral_cos after the game,,,,,,6.0,54,not estimable: ceiling,per unit of predictor; raw sd shown is the after-measure's; per SD of measure (raw sd 0.103); contributing runs 0; not estimable: ceiling (sent_frac locked within cells)
frontier,2-agent mixed,Opus+Sol dyads,mixed,H1 reverse (myth_game): return_proportion -> moral_cos after the game,0.1976415221012192,-0.7303681780430116,1.12565122224545,0.6075990853140958,,6.0,54,underpowered,per unit of predictor; raw sd shown is the after-measure's; per SD of measure (raw sd 0.103); contributing runs 6
frontier,2-agent mixed,Opus+Sol dyads,mixed,H1 reverse (myth_game): sent_frac -> rule_index after the game,,,,,,6.0,54,not estimable: ceiling,per unit of predictor; raw sd shown is the after-measure's; per SD of measure (raw sd 0.221); contributing runs 0; not estimable: ceiling (sent_frac locked within cells)
frontier,2-agent mixed,Opus+Sol dyads,mixed,H1 reverse (myth_game): return_proportion -> rule_index after the game,0.8720460188016731,-1.7273484833643007,3.471440520967647,0.4278938052017201,,6.0,54,underpowered,per unit of predictor; raw sd shown is the after-measure's; per SD of measure (raw sd 0.221); contributing runs 6
frontier,2-agent mixed,Opus+Sol dyads,mixed,H1 reverse (myth_game): sent_frac -> give_align after the game,,,,,,6.0,54,not estimable: ceiling,per unit of predictor; raw sd shown is the after-measure's; per SD of measure (raw sd 0.094); contributing runs 0; not estimable: ceiling (sent_frac locked within cells)
frontier,2-agent mixed,Opus+Sol dyads,mixed,H1 reverse (myth_game): return_proportion -> give_align after the game,-0.1734130127843788,-1.0564817795508932,0.7096557539821355,0.635155751859843,,6.0,54,underpowered,per unit of predictor; raw sd shown is the after-measure's; per SD of measure (raw sd 0.094); contributing runs 6
frontier,2-agent mixed,Opus+Sol dyads,mixed,H1 reverse (myth_game): sent_frac -> myth_cos after the game,,,,,,6.0,54,not estimable: ceiling,per unit of predictor; raw sd shown is the after-measure's; per SD of measure (raw sd 0.099); contributing runs 0; not estimable: ceiling (sent_frac locked within cells)
frontier,2-agent mixed,Opus+Sol dyads,mixed,H1 reverse (myth_game): return_proportion -> myth_cos after the game,0.0817231180384541,-0.5585422438659429,0.7219884799428513,0.7561246056850544,,6.0,54,underpowered,per unit of predictor; raw sd shown is the after-measure's; per SD of measure (raw sd 0.099); contributing runs 6
frontier,2-agent mixed,Opus+Sol dyads,mixed,H1 reverse (game_myth): sent_frac -> same_label after the game,-0.5627534650516423,-2.53619451599724,1.4106875858939554,0.496442079882174,,6.0,60,underpowered,per unit of predictor; raw sd shown is the after-measure's; per SD of measure (raw sd 0.502); contributing runs 6
frontier,2-agent mixed,Opus+Sol dyads,mixed,H1 reverse (game_myth): return_proportion -> same_label after the game,-1.137286948172922,-4.952777054440011,2.678203158094167,0.4781415897925206,,6.0,60,underpowered,per unit of predictor; raw sd shown is the after-measure's; per SD of measure (raw sd 0.502); contributing runs 6
frontier,2-agent mixed,Opus+Sol dyads,mixed,H1 reverse (game_myth): sent_frac -> moral_cos after the game,0.1636120880329317,-0.3726632907449728,0.6998874668108362,0.468396957241835,,6.0,60,underpowered,per unit of predictor; raw sd shown is the after-measure's; per SD of measure (raw sd 0.089); contributing runs 6
frontier,2-agent mixed,Opus+Sol dyads,mixed,H1 reverse (game_myth): return_proportion -> moral_cos after the game,0.1446037511298335,-0.4708077546230427,0.7600152568827097,0.5721912567923657,,6.0,60,underpowered,per unit of predictor; raw sd shown is the after-measure's; per SD of measure (raw sd 0.089); contributing runs 6
frontier,2-agent mixed,Opus+Sol dyads,mixed,H1 reverse (game_myth): sent_frac -> rule_index after the game,0.11727569354171,-0.9890908102879216,1.2236421973713416,0.7961449457640035,,6.0,60,underpowered,per unit of predictor; raw sd shown is the after-measure's; per SD of measure (raw sd 0.224); contributing runs 6
frontier,2-agent mixed,Opus+Sol dyads,mixed,H1 reverse (game_myth): return_proportion -> rule_index after the game,1.080881712355117,0.280776681463283,1.8809867432469516,0.0177983770958753,,6.0,60,underpowered,per unit of predictor; raw sd shown is the after-measure's; per SD of measure (raw sd 0.224); contributing runs 6
frontier,2-agent mixed,Opus+Sol dyads,mixed,H1 reverse (game_myth): sent_frac -> give_align after the game,-0.9038848043771058,-1.319775189114495,-0.4879944196397163,0.0025343630090237,,6.0,60,underpowered,per unit of predictor; raw sd shown is the after-measure's; per SD of measure (raw sd 0.120); contributing runs 6
frontier,2-agent mixed,Opus+Sol dyads,mixed,H1 reverse (game_myth): return_proportion -> give_align after the game,-0.0134667555867659,-0.9723970019436609,0.945463490770129,0.9725995261483442,,6.0,60,underpowered,per unit of predictor; raw sd shown is the after-measure's; per SD of measure (raw sd 0.120); contributing runs 6
frontier,2-agent mixed,Opus+Sol dyads,mixed,H1 reverse (game_myth): sent_frac -> myth_cos after the game,0.1474540658078053,0.1020243085680374,0.1928838230475732,0.0004045224375513,,6.0,60,underpowered,per unit of predictor; raw sd shown is the after-measure's; per SD of measure (raw sd 0.072); contributing runs 6
frontier,2-agent mixed,Opus+Sol dyads,mixed,H1 reverse (game_myth): return_proportion -> myth_cos after the game,-0.1036109667998376,-0.56461873832759,0.3573968047279148,0.5884836053088867,,6.0,60,underpowered,per unit of predictor; raw sd shown is the after-measure's; per SD of measure (raw sd 0.072); contributing runs 6
frontier,2-agent mixed,Opus+Sol dyads,mixed,H1 reverse (both): sent_frac -> same_label after the game,-0.3212086338740412,-1.62597242229449,0.9835551545464076,0.5987314373699101,,12.0,114,underpowered,per unit of predictor; raw sd shown is the after-measure's; per SD of measure (raw sd 0.493); contributing runs 6
frontier,2-agent mixed,Opus+Sol dyads,mixed,H1 reverse (both): return_proportion -> same_label after the game,-0.6525135942145248,-2.9522399105530814,1.647212722124032,0.5450360333164215,1.0,12.0,114,no detectable effect,per unit of predictor; raw sd shown is the after-measure's; per SD of measure (raw sd 0.493); contributing runs 12
frontier,2-agent mixed,Opus+Sol dyads,mixed,H1 reverse (both): sent_frac -> moral_cos after the game,0.0982309905504402,-0.1935116782637962,0.3899736593646766,0.4741681941895702,,12.0,114,underpowered,per unit of predictor; raw sd shown is the after-measure's; per SD of measure (raw sd 0.096); contributing runs 6
frontier,2-agent mixed,Opus+Sol dyads,mixed,H1 reverse (both): return_proportion -> moral_cos after the game,0.133541960889366,-0.3026041220058915,0.5696880437846236,0.5142794390508026,1.0,12.0,114,no detectable effect,per unit of predictor; raw sd shown is the after-measure's; per SD of measure (raw sd 0.096); contributing runs 12
frontier,2-agent mixed,Opus+Sol dyads,mixed,H1 reverse (both): sent_frac -> rule_index after the game,0.1398271923797302,-0.6346783391402635,0.914332723899724,0.6987038361030582,,12.0,114,underpowered,per unit of predictor; raw sd shown is the after-measure's; per SD of measure (raw sd 0.227); contributing runs 6
frontier,2-agent mixed,Opus+Sol dyads,mixed,H1 reverse (both): return_proportion -> rule_index after the game,0.962024459673979,0.224797219488544,1.6992516998594138,0.0151839583486866,0.0759197917434333,12.0,114,suggestive,per unit of predictor; raw sd shown is the after-measure's; per SD of measure (raw sd 0.227); contributing runs 12
frontier,2-agent mixed,Opus+Sol dyads,mixed,H1 reverse (both): sent_frac -> give_align after the game,-0.5997201596353133,-1.1714352759001083,-0.0280050433705182,0.0413861216453951,,12.0,114,underpowered,per unit of predictor; raw sd shown is the after-measure's; per SD of measure (raw sd 0.110); contributing runs 6
frontier,2-agent mixed,Opus+Sol dyads,mixed,H1 reverse (both): return_proportion -> give_align after the game,-0.0997839945656027,-0.6178000290831979,0.4182320399519924,0.679760180639579,1.0,12.0,114,no detectable effect,per unit of predictor; raw sd shown is the after-measure's; per SD of measure (raw sd 0.110); contributing runs 12
frontier,2-agent mixed,Opus+Sol dyads,mixed,H1 reverse (both): sent_frac -> myth_cos after the game,0.124820117972719,-0.0202038412937539,0.2698440772391919,0.0847556687025117,,12.0,114,underpowered,per unit of predictor; raw sd shown is the after-measure's; per SD of measure (raw sd 0.092); contributing runs 6
frontier,2-agent mixed,Opus+Sol dyads,mixed,H1 reverse (both): return_proportion -> myth_cos after the game,-0.0427528273015759,-0.3045938312115649,0.2190881766084131,0.7261203695452039,1.0,12.0,114,no detectable effect,per unit of predictor; raw sd shown is the after-measure's; per SD of measure (raw sd 0.092); contributing runs 12
frontier,8-agent homogeneous,8 GeminiPro,GeminiPro,H1 reverse (myth_game): sent_frac -> same_label after the game,,,,,,5.0,180,not estimable: ceiling,per unit of predictor; raw sd shown is the after-measure's; per SD of measure (raw sd 0.498); contributing runs 0; not estimable: ceiling (sent_frac locked within cells)
frontier,8-agent homogeneous,8 GeminiPro,GeminiPro,H1 reverse (myth_game): return_proportion -> same_label after the game,0.7330453873034982,-1.2048119928210066,2.670902767428003,0.3528602195911812,,5.0,180,underpowered,per unit of predictor; raw sd shown is the after-measure's; per SD of measure (raw sd 0.498); contributing runs 5
frontier,8-agent homogeneous,8 GeminiPro,GeminiPro,H1 reverse (myth_game): sent_frac -> moral_cos after the game,,,,,,5.0,180,not estimable: ceiling,per unit of predictor; raw sd shown is the after-measure's; per SD of measure (raw sd 0.086); contributing runs 0; not estimable: ceiling (sent_frac locked within cells)
frontier,8-agent homogeneous,8 GeminiPro,GeminiPro,H1 reverse (myth_game): return_proportion -> moral_cos after the game,0.3896373160139799,-0.1924441799486445,0.9717188119766044,0.136635327980045,,5.0,180,underpowered,per unit of predictor; raw sd shown is the after-measure's; per SD of measure (raw sd 0.086); contributing runs 5
frontier,8-agent homogeneous,8 GeminiPro,GeminiPro,H1 reverse (myth_game): sent_frac -> rule_index after the game,,,,,,5.0,180,not estimable: ceiling,per unit of predictor; raw sd shown is the after-measure's; per SD of measure (raw sd 0.096); contributing runs 0; not estimable: ceiling (sent_frac locked within cells)
frontier,8-agent homogeneous,8 GeminiPro,GeminiPro,H1 reverse (myth_game): return_proportion -> rule_index after the game,0.1034000166547466,-0.1815063635696215,0.3883063968791148,0.37063133854531,,5.0,180,underpowered,per unit of predictor; raw sd shown is the after-measure's; per SD of measure (raw sd 0.096); contributing runs 5
frontier,8-agent homogeneous,8 GeminiPro,GeminiPro,H1 reverse (myth_game): sent_frac -> give_align after the game,,,,,,5.0,180,not estimable: ceiling,per unit of predictor; raw sd shown is the after-measure's; per SD of measure (raw sd 0.096); contributing runs 0; not estimable: ceiling (sent_frac locked within cells)
frontier,8-agent homogeneous,8 GeminiPro,GeminiPro,H1 reverse (myth_game): return_proportion -> give_align after the game,0.1986861805842257,0.1087290314887103,0.2886433296797411,0.0035838110960455,,5.0,180,underpowered,per unit of predictor; raw sd shown is the after-measure's; per SD of measure (raw sd 0.096); contributing runs 5
frontier,8-agent homogeneous,8 GeminiPro,GeminiPro,H1 reverse (myth_game): sent_frac -> myth_cos after the game,,,,,,5.0,180,not estimable: ceiling,per unit of predictor; raw sd shown is the after-measure's; per SD of measure (raw sd 0.086); contributing runs 0; not estimable: ceiling (sent_frac locked within cells)
frontier,8-agent homogeneous,8 GeminiPro,GeminiPro,H1 reverse (myth_game): return_proportion -> myth_cos after the game,0.0495358886089873,-0.3288644446943127,0.4279362219122874,0.7346554274306534,,5.0,180,underpowered,per unit of predictor; raw sd shown is the after-measure's; per SD of measure (raw sd 0.086); contributing runs 5
frontier,8-agent homogeneous,8 GeminiPro,GeminiPro,H1 reverse (game_myth): sent_frac -> same_label after the game,-0.3792895923021296,-0.6556667484662893,-0.1029124361379699,0.0189354464532652,,5.0,200,underpowered,per unit of predictor; raw sd shown is the after-measure's; per SD of measure (raw sd 0.498); contributing runs 2
frontier,8-agent homogeneous,8 GeminiPro,GeminiPro,H1 reverse (game_myth): return_proportion -> same_label after the game,-0.0169616651455909,-2.1069079392911108,2.072984608999929,0.9831019036578502,,5.0,200,underpowered,per unit of predictor; raw sd shown is the after-measure's; per SD of measure (raw sd 0.498); contributing runs 5
frontier,8-agent homogeneous,8 GeminiPro,GeminiPro,H1 reverse (game_myth): sent_frac -> moral_cos after the game,0.1635094688863936,0.0020277017064799,0.3249912360663073,0.048252645713381,,5.0,200,underpowered,per unit of predictor; raw sd shown is the after-measure's; per SD of measure (raw sd 0.100); contributing runs 2
frontier,8-agent homogeneous,8 GeminiPro,GeminiPro,H1 reverse (game_myth): return_proportion -> moral_cos after the game,0.2520334722669303,-0.2098983752748922,0.7139653198087529,0.2043830059533259,,5.0,200,underpowered,per unit of predictor; raw sd shown is the after-measure's; per SD of measure (raw sd 0.100); contributing runs 5
frontier,8-agent homogeneous,8 GeminiPro,GeminiPro,H1 reverse (game_myth): sent_frac -> rule_index after the game,-0.282534925882414,-0.392656384932572,-0.172413466832256,0.0020529888195408,,5.0,200,underpowered,per unit of predictor; raw sd shown is the after-measure's; per SD of measure (raw sd 0.148); contributing runs 2
frontier,8-agent homogeneous,8 GeminiPro,GeminiPro,H1 reverse (game_myth): return_proportion -> rule_index after the game,-0.2518017169862004,-0.7402326315065857,0.2366291975341848,0.2255835972621541,,5.0,200,underpowered,per unit of predictor; raw sd shown is the after-measure's; per SD of measure (raw sd 0.148); contributing runs 5
frontier,8-agent homogeneous,8 GeminiPro,GeminiPro,H1 reverse (game_myth): sent_frac -> give_align after the game,0.0723925768255739,-0.5781640721575145,0.7229492258086625,0.7727777006403769,,5.0,200,underpowered,per unit of predictor; raw sd shown is the after-measure's; per SD of measure (raw sd 0.127); contributing runs 2
frontier,8-agent homogeneous,8 GeminiPro,GeminiPro,H1 reverse (game_myth): return_proportion -> give_align after the game,0.083960382597657,-0.8229238272378829,0.990844592433197,0.8098236339175174,,5.0,200,underpowered,per unit of predictor; raw sd shown is the after-measure's; per SD of measure (raw sd 0.127); contributing runs 5
frontier,8-agent homogeneous,8 GeminiPro,GeminiPro,H1 reverse (game_myth): sent_frac -> myth_cos after the game,0.0571878340107843,-0.3977429666704735,0.5121186346920421,0.7446740233219468,,5.0,200,underpowered,per unit of predictor; raw sd shown is the after-measure's; per SD of measure (raw sd 0.091); contributing runs 2
frontier,8-agent homogeneous,8 GeminiPro,GeminiPro,H1 reverse (game_myth): return_proportion -> myth_cos after the game,-0.1594141723381312,-0.737617553364213,0.4187892086879504,0.4866556351354636,,5.0,200,underpowered,per unit of predictor; raw sd shown is the after-measure's; per SD of measure (raw sd 0.091); contributing runs 5
frontier,8-agent homogeneous,8 GeminiPro,GeminiPro,H1 reverse (both): sent_frac -> same_label after the game,-0.3712405328732702,-0.5949796002103773,-0.1475014655361631,0.004530169766967,,10.0,380,underpowered,per unit of predictor; raw sd shown is the after-measure's; per SD of measure (raw sd 0.501); contributing runs 2
frontier,8-agent homogeneous,8 GeminiPro,GeminiPro,H1 reverse (both): return_proportion -> same_label after the game,0.2730176744158126,-1.0483149007601724,1.5943502495917976,0.6513142137348185,1.0,10.0,380,no detectable effect,per unit of predictor; raw sd shown is the after-measure's; per SD of measure (raw sd 0.501); contributing runs 10
frontier,8-agent homogeneous,8 GeminiPro,GeminiPro,H1 reverse (both): sent_frac -> moral_cos after the game,0.163205297382779,0.0385032922067069,0.2879073025588511,0.0159432906397126,,10.0,380,underpowered,per unit of predictor; raw sd shown is the after-measure's; per SD of measure (raw sd 0.096); contributing runs 2
frontier,8-agent homogeneous,8 GeminiPro,GeminiPro,H1 reverse (both): return_proportion -> moral_cos after the game,0.3015134888285652,0.0325019849507736,0.5705249927063567,0.0319472948199351,0.1597364740996756,10.0,380,suggestive,per unit of predictor; raw sd shown is the after-measure's; per SD of measure (raw sd 0.096); contributing runs 10
frontier,8-agent homogeneous,8 GeminiPro,GeminiPro,H1 reverse (both): sent_frac -> rule_index after the game,-0.2839648975129356,-0.3689972088978928,-0.1989325861279784,3.488194463128124e-05,,10.0,380,underpowered,per unit of predictor; raw sd shown is the after-measure's; per SD of measure (raw sd 0.127); contributing runs 2
frontier,8-agent homogeneous,8 GeminiPro,GeminiPro,H1 reverse (both): return_proportion -> rule_index after the game,-0.0996258930945496,-0.4317791761091282,0.232527389920029,0.5145142127642915,1.0,10.0,380,no detectable effect,per unit of predictor; raw sd shown is the after-measure's; per SD of measure (raw sd 0.127); contributing runs 10
frontier,8-agent homogeneous,8 GeminiPro,GeminiPro,H1 reverse (both): sent_frac -> give_align after the game,0.0547161496044343,-0.4192117003082335,0.5286439995171023,0.7998383223356,,10.0,380,underpowered,per unit of predictor; raw sd shown is the after-measure's; per SD of measure (raw sd 0.114); contributing runs 2
frontier,8-agent homogeneous,8 GeminiPro,GeminiPro,H1 reverse (both): return_proportion -> give_align after the game,0.1253278519784382,-0.3269449341526946,0.5776006381095711,0.5463220479119573,1.0,10.0,380,no detectable effect,per unit of predictor; raw sd shown is the after-measure's; per SD of measure (raw sd 0.114); contributing runs 10
frontier,8-agent homogeneous,8 GeminiPro,GeminiPro,H1 reverse (both): sent_frac -> myth_cos after the game,0.0573362773089355,-0.292423425040789,0.4070959796586602,0.7193375691577648,,10.0,380,underpowered,per unit of predictor; raw sd shown is the after-measure's; per SD of measure (raw sd 0.089); contributing runs 2
frontier,8-agent homogeneous,8 GeminiPro,GeminiPro,H1 reverse (both): return_proportion -> myth_cos after the game,-0.0752148605000856,-0.4490609326224216,0.2986312116222502,0.6597973460344788,1.0,10.0,380,no detectable effect,per unit of predictor; raw sd shown is the after-measure's; per SD of measure (raw sd 0.089); contributing runs 10
frontier,8-agent homogeneous,8 Opus,Opus,H1 reverse (myth_game): sent_frac -> same_label after the game,1.7216117216117193,-2.989767963965937,6.432991407189375,0.367696931866103,,5.0,180,underpowered,per unit of predictor; raw sd shown is the after-measure's; per SD of measure (raw sd 0.440); contributing runs 3
frontier,8-agent homogeneous,8 Opus,Opus,H1 reverse (myth_game): return_proportion -> same_label after the game,0.1889886405876153,-2.426668559688195,2.8046458408634254,0.8507936978588317,,5.0,180,underpowered,per unit of predictor; raw sd shown is the after-measure's; per SD of measure (raw sd 0.440); contributing runs 5
frontier,8-agent homogeneous,8 Opus,Opus,H1 reverse (myth_game): sent_frac -> moral_cos after the game,-0.1353944474129997,-1.1965609757194045,0.9257720808934048,0.7410393139954455,,5.0,180,underpowered,per unit of predictor; raw sd shown is the after-measure's; per SD of measure (raw sd 0.129); contributing runs 3
frontier,8-agent homogeneous,8 Opus,Opus,H1 reverse (myth_game): return_proportion -> moral_cos after the game,0.4914387813109235,-0.8425107933572309,1.825388355979078,0.3641955501101397,,5.0,180,underpowered,per unit of predictor; raw sd shown is the after-measure's; per SD of measure (raw sd 0.129); contributing runs 5
frontier,8-agent homogeneous,8 Opus,Opus,H1 reverse (myth_game): sent_frac -> rule_index after the game,1.2412373019952758,0.0238348110506196,2.458639792939932,0.0473064821425561,,5.0,180,underpowered,per unit of predictor; raw sd shown is the after-measure's; per SD of measure (raw sd 0.153); contributing runs 3
frontier,8-agent homogeneous,8 Opus,Opus,H1 reverse (myth_game): return_proportion -> rule_index after the game,0.280492969913134,-0.8861071703759744,1.4470931102022424,0.540956175258262,,5.0,180,underpowered,per unit of predictor; raw sd shown is the after-measure's; per SD of measure (raw sd 0.153); contributing runs 5
frontier,8-agent homogeneous,8 Opus,Opus,H1 reverse (myth_game): sent_frac -> give_align after the game,-0.0065226654429836,-1.5327307979288194,1.5196854670428523,0.9911008412170744,,5.0,180,underpowered,per unit of predictor; raw sd shown is the after-measure's; per SD of measure (raw sd 0.084); contributing runs 3
frontier,8-agent homogeneous,8 Opus,Opus,H1 reverse (myth_game): return_proportion -> give_align after the game,-0.0314820972589624,-0.621771126321375,0.5588069318034501,0.8894465598929759,,5.0,180,underpowered,per unit of predictor; raw sd shown is the after-measure's; per SD of measure (raw sd 0.084); contributing runs 5
frontier,8-agent homogeneous,8 Opus,Opus,H1 reverse (myth_game): sent_frac -> myth_cos after the game,-0.36131645346396,-0.6109140044938886,-0.1117189024340315,0.0158753282272375,,5.0,180,underpowered,per unit of predictor; raw sd shown is the after-measure's; per SD of measure (raw sd 0.098); contributing runs 3
frontier,8-agent homogeneous,8 Opus,Opus,H1 reverse (myth_game): return_proportion -> myth_cos after the game,-0.0003957342292232,-0.6116950700560267,0.6109036015975803,0.998651969387408,,5.0,180,underpowered,per unit of predictor; raw sd shown is the after-measure's; per SD of measure (raw sd 0.098); contributing runs 5
frontier,8-agent homogeneous,8 Opus,Opus,H1 reverse (game_myth): sent_frac -> same_label after the game,-1.0439359602310108,-3.381541232698691,1.2936693122366696,0.2827753647112717,,5.0,200,underpowered,per unit of predictor; raw sd shown is the after-measure's; per SD of measure (raw sd 0.434); contributing runs 4
frontier,8-agent homogeneous,8 Opus,Opus,H1 reverse (game_myth): return_proportion -> same_label after the game,-0.5324708715169421,-2.6053491712990327,1.5404074282651483,0.5151225575072621,,5.0,200,underpowered,per unit of predictor; raw sd shown is the after-measure's; per SD of measure (raw sd 0.434); contributing runs 5
frontier,8-agent homogeneous,8 Opus,Opus,H1 reverse (game_myth): sent_frac -> moral_cos after the game,-0.0873214781972625,-0.8953094528451776,0.7206664964506525,0.7790802516489596,,5.0,200,underpowered,per unit of predictor; raw sd shown is the after-measure's; per SD of measure (raw sd 0.113); contributing runs 5
frontier,8-agent homogeneous,8 Opus,Opus,H1 reverse (game_myth): return_proportion -> moral_cos after the game,0.2127549296120058,-0.7074354746787251,1.1329453339027369,0.5558549271817259,,5.0,200,underpowered,per unit of predictor; raw sd shown is the after-measure's; per SD of measure (raw sd 0.113); contributing runs 5
frontier,8-agent homogeneous,8 Opus,Opus,H1 reverse (game_myth): sent_frac -> rule_index after the game,-0.4969226108048035,-1.0507288822668568,0.0568836606572498,0.0673931081452499,,5.0,200,underpowered,per unit of predictor; raw sd shown is the after-measure's; per SD of measure (raw sd 0.202); contributing runs 5
frontier,8-agent homogeneous,8 Opus,Opus,H1 reverse (game_myth): return_proportion -> rule_index after the game,0.6424651805712749,-0.437405944423882,1.7223363055664318,0.1739122861565651,,5.0,200,underpowered,per unit of predictor; raw sd shown is the after-measure's; per SD of measure (raw sd 0.202); contributing runs 5
frontier,8-agent homogeneous,8 Opus,Opus,H1 reverse (game_myth): sent_frac -> give_align after the game,-0.1835212083634035,-0.8186537552367541,0.4516113385099471,0.46736267449616,,5.0,200,underpowered,per unit of predictor; raw sd shown is the after-measure's; per SD of measure (raw sd 0.116); contributing runs 5
frontier,8-agent homogeneous,8 Opus,Opus,H1 reverse (game_myth): return_proportion -> give_align after the game,0.1794100398214515,-0.4962826467943063,0.8551027264372094,0.5019035346780888,,5.0,200,underpowered,per unit of predictor; raw sd shown is the after-measure's; per SD of measure (raw sd 0.116); contributing runs 5
frontier,8-agent homogeneous,8 Opus,Opus,H1 reverse (game_myth): sent_frac -> myth_cos after the game,-0.021597680951962,-0.3098581742709712,0.2666628123670471,0.8453735959801588,,5.0,200,underpowered,per unit of predictor; raw sd shown is the after-measure's; per SD of measure (raw sd 0.096); contributing runs 5
frontier,8-agent homogeneous,8 Opus,Opus,H1 reverse (game_myth): return_proportion -> myth_cos after the game,-0.0310447498205049,-0.7015494925332348,0.6394599928922249,0.9039172591172951,,5.0,200,underpowered,per unit of predictor; raw sd shown is the after-measure's; per SD of measure (raw sd 0.096); contributing runs 5
frontier,8-agent homogeneous,8 Opus,Opus,H1 reverse (both): sent_frac -> same_label after the game,-0.3002621774527393,-2.2419464481079747,1.6414220932024963,0.7345202779751159,,10.0,380,underpowered,per unit of predictor; raw sd shown is the after-measure's; per SD of measure (raw sd 0.437); contributing runs 7
frontier,8-agent homogeneous,8 Opus,Opus,H1 reverse (both): return_proportion -> same_label after the game,-0.1981611184439166,-1.5922789816874678,1.1959567447996344,0.7551395575446612,1.0,10.0,380,no detectable effect,per unit of predictor; raw sd shown is the after-measure's; per SD of measure (raw sd 0.437); contributing runs 10
frontier,8-agent homogeneous,8 Opus,Opus,H1 reverse (both): sent_frac -> moral_cos after the game,-0.1155522615923563,-0.6088318573150366,0.377727334130324,0.6089917512667632,1.0,10.0,380,no detectable effect,per unit of predictor; raw sd shown is the after-measure's; per SD of measure (raw sd 0.121); contributing runs 8
frontier,8-agent homogeneous,8 Opus,Opus,H1 reverse (both): return_proportion -> moral_cos after the game,0.3361707095115699,-0.3220248438272963,0.9943662628504362,0.2776833289158003,1.0,10.0,380,no detectable effect,per unit of predictor; raw sd shown is the after-measure's; per SD of measure (raw sd 0.121); contributing runs 10
frontier,8-agent homogeneous,8 Opus,Opus,H1 reverse (both): sent_frac -> rule_index after the game,-0.0082610575723053,-0.8953984684170473,0.8788763532724366,0.9836532042594232,1.0,10.0,380,no detectable effect,per unit of predictor; raw sd shown is the after-measure's; per SD of measure (raw sd 0.185); contributing runs 8
frontier,8-agent homogeneous,8 Opus,Opus,H1 reverse (both): return_proportion -> rule_index after the game,0.4712093145845725,-0.1591780775421815,1.1015967067113266,0.1251054719072511,1.0,10.0,380,no detectable effect,per unit of predictor; raw sd shown is the after-measure's; per SD of measure (raw sd 0.185); contributing runs 10
frontier,8-agent homogeneous,8 Opus,Opus,H1 reverse (both): sent_frac -> give_align after the game,-0.1616739962884906,-0.6467258987261224,0.3233779061491411,0.4701121428022139,1.0,10.0,380,no detectable effect,per unit of predictor; raw sd shown is the after-measure's; per SD of measure (raw sd 0.104); contributing runs 8
frontier,8-agent homogeneous,8 Opus,Opus,H1 reverse (both): return_proportion -> give_align after the game,0.121934107300633,-0.2395403847720401,0.4834085993733062,0.4649461191318074,1.0,10.0,380,no detectable effect,per unit of predictor; raw sd shown is the after-measure's; per SD of measure (raw sd 0.104); contributing runs 10
frontier,8-agent homogeneous,8 Opus,Opus,H1 reverse (both): sent_frac -> myth_cos after the game,-0.1237692610321394,-0.3653179856708745,0.1177794636065956,0.2762331877511781,1.0,10.0,380,no detectable effect,per unit of predictor; raw sd shown is the after-measure's; per SD of measure (raw sd 0.098); contributing runs 8
frontier,8-agent homogeneous,8 Opus,Opus,H1 reverse (both): return_proportion -> myth_cos after the game,-0.005102913415781,-0.3549877380677667,0.3447819112362045,0.9744006388266224,1.0,10.0,380,no detectable effect,per unit of predictor; raw sd shown is the after-measure's; per SD of measure (raw sd 0.098); contributing runs 10
frontier,8-agent homogeneous,8 Sol,Sol,H1 reverse (myth_game): sent_frac -> same_label after the game,-0.1959200161583519,-1.5200813872951169,1.128241354978413,0.7022751823206022,,5.0,180,underpowered,per unit of predictor; raw sd shown is the after-measure's; per SD of measure (raw sd 0.250); contributing runs 3
frontier,8-agent homogeneous,8 Sol,Sol,H1 reverse (myth_game): return_proportion -> same_label after the game,-0.0968892667326791,-1.5523651078737335,1.3585865744083756,0.8623592942543208,,5.0,180,underpowered,per unit of predictor; raw sd shown is the after-measure's; per SD of measure (raw sd 0.250); contributing runs 4
frontier,8-agent homogeneous,8 Sol,Sol,H1 reverse (myth_game): sent_frac -> moral_cos after the game,0.0275906492246356,-0.56918721701348,0.6243685154627514,0.9040571437971014,,5.0,180,underpowered,per unit of predictor; raw sd shown is the after-measure's; per SD of measure (raw sd 0.084); contributing runs 5
frontier,8-agent homogeneous,8 Sol,Sol,H1 reverse (myth_game): return_proportion -> moral_cos after the game,0.1682261215764969,-0.4052413234752264,0.7416935666282203,0.4610868026055573,,5.0,180,underpowered,per unit of predictor; raw sd shown is the after-measure's; per SD of measure (raw sd 0.084); contributing runs 5
frontier,8-agent homogeneous,8 Sol,Sol,H1 reverse (myth_game): sent_frac -> rule_index after the game,-0.3991363810416986,-0.9121086689340896,0.1138359068506922,0.0968552157650652,,5.0,180,underpowered,per unit of predictor; raw sd shown is the after-measure's; per SD of measure (raw sd 0.213); contributing runs 5
frontier,8-agent homogeneous,8 Sol,Sol,H1 reverse (myth_game): return_proportion -> rule_index after the game,1.1671752097168526,-0.5835014126383509,2.9178518320720563,0.1378209775782706,,5.0,180,underpowered,per unit of predictor; raw sd shown is the after-measure's; per SD of measure (raw sd 0.213); contributing runs 5
frontier,8-agent homogeneous,8 Sol,Sol,H1 reverse (myth_game): sent_frac -> give_align after the game,-0.1729713430104394,-0.6847593906357906,0.3388167046149116,0.4011828524589333,,5.0,180,underpowered,per unit of predictor; raw sd shown is the after-measure's; per SD of measure (raw sd 0.102); contributing runs 5
frontier,8-agent homogeneous,8 Sol,Sol,H1 reverse (myth_game): return_proportion -> give_align after the game,-0.3644933498016192,-1.3164738641923504,0.5874871645891119,0.3476807471683474,,5.0,180,underpowered,per unit of predictor; raw sd shown is the after-measure's; per SD of measure (raw sd 0.102); contributing runs 5
frontier,8-agent homogeneous,8 Sol,Sol,H1 reverse (myth_game): sent_frac -> myth_cos after the game,0.0162066417286797,-0.2143291312463534,0.2467424147037129,0.8547624925897098,,5.0,180,underpowered,per unit of predictor; raw sd shown is the after-measure's; per SD of measure (raw sd 0.092); contributing runs 5
frontier,8-agent homogeneous,8 Sol,Sol,H1 reverse (myth_game): return_proportion -> myth_cos after the game,0.0870717103731254,-0.4020889185693262,0.5762323393155773,0.6470657829764371,,5.0,180,underpowered,per unit of predictor; raw sd shown is the after-measure's; per SD of measure (raw sd 0.092); contributing runs 5
frontier,8-agent homogeneous,8 Sol,Sol,H1 reverse (game_myth): sent_frac -> same_label after the game,-0.1719955196228839,-1.173864425259463,0.8298733860136951,0.65848504397287,,5.0,200,underpowered,per unit of predictor; raw sd shown is the after-measure's; per SD of measure (raw sd 0.381); contributing runs 5
frontier,8-agent homogeneous,8 Sol,Sol,H1 reverse (game_myth): return_proportion -> same_label after the game,-0.3684218637753322,-1.270018280932609,0.5331745533819446,0.319944031815813,,5.0,200,underpowered,per unit of predictor; raw sd shown is the after-measure's; per SD of measure (raw sd 0.381); contributing runs 5
frontier,8-agent homogeneous,8 Sol,Sol,H1 reverse (game_myth): sent_frac -> moral_cos after the game,0.0316805391664672,-0.0494865890128108,0.1128476673457453,0.3394596101142518,,5.0,200,underpowered,per unit of predictor; raw sd shown is the after-measure's; per SD of measure (raw sd 0.096); contributing runs 5
frontier,8-agent homogeneous,8 Sol,Sol,H1 reverse (game_myth): return_proportion -> moral_cos after the game,0.0780770458077171,-0.090193676715806,0.2463477683312404,0.2671241518390462,,5.0,200,underpowered,per unit of predictor; raw sd shown is the after-measure's; per SD of measure (raw sd 0.096); contributing runs 5
frontier,8-agent homogeneous,8 Sol,Sol,H1 reverse (game_myth): sent_frac -> rule_index after the game,-0.1161871829698515,-0.6749271354420981,0.4425527695023951,0.594643621974809,,5.0,200,underpowered,per unit of predictor; raw sd shown is the after-measure's; per SD of measure (raw sd 0.236); contributing runs 5
frontier,8-agent homogeneous,8 Sol,Sol,H1 reverse (game_myth): return_proportion -> rule_index after the game,0.0043027928400107,-0.956454744593898,0.9650603302739192,0.990674481185564,,5.0,200,underpowered,per unit of predictor; raw sd shown is the after-measure's; per SD of measure (raw sd 0.236); contributing runs 5
frontier,8-agent homogeneous,8 Sol,Sol,H1 reverse (game_myth): sent_frac -> give_align after the game,-0.1408549180819397,-0.411391325262963,0.1296814890990834,0.221824894333116,,5.0,200,underpowered,per unit of predictor; raw sd shown is the after-measure's; per SD of measure (raw sd 0.130); contributing runs 5
frontier,8-agent homogeneous,8 Sol,Sol,H1 reverse (game_myth): return_proportion -> give_align after the game,-0.0873073546434547,-0.3422807868819776,0.1676660775950681,0.3955901961906312,,5.0,200,underpowered,per unit of predictor; raw sd shown is the after-measure's; per SD of measure (raw sd 0.130); contributing runs 5
frontier,8-agent homogeneous,8 Sol,Sol,H1 reverse (game_myth): sent_frac -> myth_cos after the game,0.0482911848181648,0.0137915707207628,0.0827907989155667,0.0177453179061025,,5.0,200,underpowered,per unit of predictor; raw sd shown is the after-measure's; per SD of measure (raw sd 0.074); contributing runs 5
frontier,8-agent homogeneous,8 Sol,Sol,H1 reverse (game_myth): return_proportion -> myth_cos after the game,0.1308528913624363,-0.0403615205442233,0.3020673032690961,0.1011214910599327,,5.0,200,underpowered,per unit of predictor; raw sd shown is the after-measure's; per SD of measure (raw sd 0.074); contributing runs 5
frontier,8-agent homogeneous,8 Sol,Sol,H1 reverse (both): sent_frac -> same_label after the game,-0.184743134790928,-0.8217325812284145,0.4522463116465586,0.5281854962165828,1.0,10.0,380,no detectable effect,per unit of predictor; raw sd shown is the after-measure's; per SD of measure (raw sd 0.330); contributing runs 8
frontier,8-agent homogeneous,8 Sol,Sol,H1 reverse (both): return_proportion -> same_label after the game,-0.3402908749477512,-0.8951566418845949,0.2145748919890924,0.1987248128104983,1.0,10.0,380,no detectable effect,per unit of predictor; raw sd shown is the after-measure's; per SD of measure (raw sd 0.330); contributing runs 9
frontier,8-agent homogeneous,8 Sol,Sol,H1 reverse (both): sent_frac -> moral_cos after the game,0.0318163962882461,-0.056558787423333,0.1201915799998253,0.4364279692765083,1.0,10.0,380,no detectable effect,per unit of predictor; raw sd shown is the after-measure's; per SD of measure (raw sd 0.092); contributing runs 10
frontier,8-agent homogeneous,8 Sol,Sol,H1 reverse (both): return_proportion -> moral_cos after the game,0.0965363266918517,-0.0470346639393674,0.2401073173230708,0.162569310000226,1.0,10.0,380,no detectable effect,per unit of predictor; raw sd shown is the after-measure's; per SD of measure (raw sd 0.092); contributing runs 10
frontier,8-agent homogeneous,8 Sol,Sol,H1 reverse (both): sent_frac -> rule_index after the game,-0.1317095896715739,-0.4922832880248849,0.2288641086817371,0.4299855583300093,1.0,10.0,380,no detectable effect,per unit of predictor; raw sd shown is the after-measure's; per SD of measure (raw sd 0.226); contributing runs 10
frontier,8-agent homogeneous,8 Sol,Sol,H1 reverse (both): return_proportion -> rule_index after the game,0.2240923986076927,-0.4330601969924484,0.8812449942078339,0.4602385438658483,1.0,10.0,380,no detectable effect,per unit of predictor; raw sd shown is the after-measure's; per SD of measure (raw sd 0.226); contributing runs 10
frontier,8-agent homogeneous,8 Sol,Sol,H1 reverse (both): sent_frac -> give_align after the game,-0.1465567220143728,-0.3387125309540659,0.0455990869253202,0.1185484724888328,0.9483877799106628,10.0,380,no detectable effect,per unit of predictor; raw sd shown is the after-measure's; per SD of measure (raw sd 0.118); contributing runs 10
frontier,8-agent homogeneous,8 Sol,Sol,H1 reverse (both): return_proportion -> give_align after the game,-0.1422932188045172,-0.3756268088192228,0.0910403712101882,0.2010396312405653,1.0,10.0,380,no detectable effect,per unit of predictor; raw sd shown is the after-measure's; per SD of measure (raw sd 0.118); contributing runs 10
frontier,8-agent homogeneous,8 Sol,Sol,H1 reverse (both): sent_frac -> myth_cos after the game,0.0441137119718354,0.0103348416498136,0.0778925822938572,0.0161085831273688,0.1610858312736884,10.0,380,suggestive,per unit of predictor; raw sd shown is the after-measure's; per SD of measure (raw sd 0.084); contributing runs 10
frontier,8-agent homogeneous,8 Sol,Sol,H1 reverse (both): return_proportion -> myth_cos after the game,0.1260582517194385,-0.0038482914131685,0.2559647948520455,0.0557805018905475,0.5020245170149277,10.0,380,no detectable effect,per unit of predictor; raw sd shown is the after-measure's; per SD of measure (raw sd 0.084); contributing runs 10
frontier,8-agent mixed,2 GeminiPro + 3 Opus + 3 Sol,mixed,H1 reverse (myth_game): sent_frac -> same_label after the game,-2.1830318078389177,-4.120931083497502,-0.2451325321803332,0.0352651769491028,,5.0,180,underpowered,per unit of predictor; raw sd shown is the after-measure's; per SD of measure (raw sd 0.482); contributing runs 2
frontier,8-agent mixed,2 GeminiPro + 3 Opus + 3 Sol,mixed,H1 reverse (myth_game): return_proportion -> same_label after the game,-1.0836872324381313,-4.500623964114892,2.3332494992386295,0.428286864586916,,5.0,180,underpowered,per unit of predictor; raw sd shown is the after-measure's; per SD of measure (raw sd 0.482); contributing runs 5
frontier,8-agent mixed,2 GeminiPro + 3 Opus + 3 Sol,mixed,H1 reverse (myth_game): sent_frac -> moral_cos after the game,-0.0901529616536487,-0.3389294149352828,0.1586234916279854,0.3712716099746923,,5.0,180,underpowered,per unit of predictor; raw sd shown is the after-measure's; per SD of measure (raw sd 0.102); contributing runs 2
frontier,8-agent mixed,2 GeminiPro + 3 Opus + 3 Sol,mixed,H1 reverse (myth_game): return_proportion -> moral_cos after the game,-0.2301113340750352,-1.1624716473510712,0.7022489792010007,0.5308396647225533,,5.0,180,underpowered,per unit of predictor; raw sd shown is the after-measure's; per SD of measure (raw sd 0.102); contributing runs 5
frontier,8-agent mixed,2 GeminiPro + 3 Opus + 3 Sol,mixed,H1 reverse (myth_game): sent_frac -> rule_index after the game,0.4067168436836342,0.0245869516363783,0.7888467357308901,0.0417576958238992,,5.0,180,underpowered,per unit of predictor; raw sd shown is the after-measure's; per SD of measure (raw sd 0.208); contributing runs 2
frontier,8-agent mixed,2 GeminiPro + 3 Opus + 3 Sol,mixed,H1 reverse (myth_game): return_proportion -> rule_index after the game,-0.1025806046403749,-2.412350024834251,2.2071888155535015,0.9078119532593828,,5.0,180,underpowered,per unit of predictor; raw sd shown is the after-measure's; per SD of measure (raw sd 0.208); contributing runs 5
frontier,8-agent mixed,2 GeminiPro + 3 Opus + 3 Sol,mixed,H1 reverse (myth_game): sent_frac -> give_align after the game,-0.089566827236309,-1.1433384841785037,0.9642048297058856,0.8250329583835689,,5.0,180,underpowered,per unit of predictor; raw sd shown is the after-measure's; per SD of measure (raw sd 0.133); contributing runs 2
frontier,8-agent mixed,2 GeminiPro + 3 Opus + 3 Sol,mixed,H1 reverse (myth_game): return_proportion -> give_align after the game,-0.1128200853524338,-1.204261328583955,0.9786211578790874,0.7883687692316773,,5.0,180,underpowered,per unit of predictor; raw sd shown is the after-measure's; per SD of measure (raw sd 0.133); contributing runs 5
frontier,8-agent mixed,2 GeminiPro + 3 Opus + 3 Sol,mixed,H1 reverse (myth_game): sent_frac -> myth_cos after the game,0.129613175281628,-0.4675867299168075,0.7268130804800634,0.5792793979677728,,5.0,180,underpowered,per unit of predictor; raw sd shown is the after-measure's; per SD of measure (raw sd 0.095); contributing runs 2
frontier,8-agent mixed,2 GeminiPro + 3 Opus + 3 Sol,mixed,H1 reverse (myth_game): return_proportion -> myth_cos after the game,-0.0728840694509173,-1.1633883690234117,1.0176202301215769,0.8618162631762867,,5.0,180,underpowered,per unit of predictor; raw sd shown is the after-measure's; per SD of measure (raw sd 0.095); contributing runs 5
frontier,8-agent mixed,2 GeminiPro + 3 Opus + 3 Sol,mixed,H1 reverse (game_myth): sent_frac -> same_label after the game,0.2402366971543061,-0.811404980730313,1.291878375038925,0.5603780668968636,,5.0,200,underpowered,per unit of predictor; raw sd shown is the after-measure's; per SD of measure (raw sd 0.497); contributing runs 5
frontier,8-agent mixed,2 GeminiPro + 3 Opus + 3 Sol,mixed,H1 reverse (game_myth): return_proportion -> same_label after the game,0.0647624995279424,-2.7695761115226953,2.8991011105785804,0.9524600940319894,,5.0,200,underpowered,per unit of predictor; raw sd shown is the after-measure's; per SD of measure (raw sd 0.497); contributing runs 5
frontier,8-agent mixed,2 GeminiPro + 3 Opus + 3 Sol,mixed,H1 reverse (game_myth): sent_frac -> moral_cos after the game,0.0137461949606518,-0.1209069514683254,0.148399341389629,0.7909073467986799,,5.0,200,underpowered,per unit of predictor; raw sd shown is the after-measure's; per SD of measure (raw sd 0.112); contributing runs 5
frontier,8-agent mixed,2 GeminiPro + 3 Opus + 3 Sol,mixed,H1 reverse (game_myth): return_proportion -> moral_cos after the game,-0.1677422811490493,-0.7969015967515053,0.4614170344534066,0.5002500810559398,,5.0,200,underpowered,per unit of predictor; raw sd shown is the after-measure's; per SD of measure (raw sd 0.112); contributing runs 5
frontier,8-agent mixed,2 GeminiPro + 3 Opus + 3 Sol,mixed,H1 reverse (game_myth): sent_frac -> rule_index after the game,0.0526048351348058,-0.5928643931240304,0.6980740633936421,0.8320789641581834,,5.0,200,underpowered,per unit of predictor; raw sd shown is the after-measure's; per SD of measure (raw sd 0.232); contributing runs 5
frontier,8-agent mixed,2 GeminiPro + 3 Opus + 3 Sol,mixed,H1 reverse (game_myth): return_proportion -> rule_index after the game,0.3390483596509431,-0.6279201148372867,1.306016834139173,0.3854269064916382,,5.0,200,underpowered,per unit of predictor; raw sd shown is the after-measure's; per SD of measure (raw sd 0.232); contributing runs 5
frontier,8-agent mixed,2 GeminiPro + 3 Opus + 3 Sol,mixed,H1 reverse (game_myth): sent_frac -> give_align after the game,0.0670144560728159,-0.2677000366405771,0.4017289487862089,0.6079166426451463,,5.0,200,underpowered,per unit of predictor; raw sd shown is the after-measure's; per SD of measure (raw sd 0.145); contributing runs 5
frontier,8-agent mixed,2 GeminiPro + 3 Opus + 3 Sol,mixed,H1 reverse (game_myth): return_proportion -> give_align after the game,0.4853904189342864,-0.0769237670128128,1.0477046048813856,0.0746285543850246,,5.0,200,underpowered,per unit of predictor; raw sd shown is the after-measure's; per SD of measure (raw sd 0.145); contributing runs 5
frontier,8-agent mixed,2 GeminiPro + 3 Opus + 3 Sol,mixed,H1 reverse (game_myth): sent_frac -> myth_cos after the game,-0.0657928121154322,-0.2846395147443183,0.1530538905134539,0.4508410710229791,,5.0,200,underpowered,per unit of predictor; raw sd shown is the after-measure's; per SD of measure (raw sd 0.096); contributing runs 5
frontier,8-agent mixed,2 GeminiPro + 3 Opus + 3 Sol,mixed,H1 reverse (game_myth): return_proportion -> myth_cos after the game,0.1224481552693108,-0.1002411842731992,0.345137494811821,0.2015522497184073,,5.0,200,underpowered,per unit of predictor; raw sd shown is the after-measure's; per SD of measure (raw sd 0.096); contributing runs 5
frontier,8-agent mixed,2 GeminiPro + 3 Opus + 3 Sol,mixed,H1 reverse (both): sent_frac -> same_label after the game,-0.1353177716747593,-1.284799061699452,1.0141635183499331,0.796006603122021,,10.0,380,underpowered,per unit of predictor; raw sd shown is the after-measure's; per SD of measure (raw sd 0.500); contributing runs 7
frontier,8-agent mixed,2 GeminiPro + 3 Opus + 3 Sol,mixed,H1 reverse (both): return_proportion -> same_label after the game,-0.3108062586709398,-2.0148275880912756,1.3932150707493958,0.6895495870136684,1.0,10.0,380,no detectable effect,per unit of predictor; raw sd shown is the after-measure's; per SD of measure (raw sd 0.500); contributing runs 10
frontier,8-agent mixed,2 GeminiPro + 3 Opus + 3 Sol,mixed,H1 reverse (both): sent_frac -> moral_cos after the game,-0.0086560763367268,-0.1101366224913053,0.0928244698178515,0.8512765821594996,,10.0,380,underpowered,per unit of predictor; raw sd shown is the after-measure's; per SD of measure (raw sd 0.108); contributing runs 7
frontier,8-agent mixed,2 GeminiPro + 3 Opus + 3 Sol,mixed,H1 reverse (both): return_proportion -> moral_cos after the game,-0.1992753600178894,-0.5765587681228308,0.1780080480870518,0.2626865686018551,1.0,10.0,380,no detectable effect,per unit of predictor; raw sd shown is the after-measure's; per SD of measure (raw sd 0.108); contributing runs 10
frontier,8-agent mixed,2 GeminiPro + 3 Opus + 3 Sol,mixed,H1 reverse (both): sent_frac -> rule_index after the game,0.0777558919636351,-0.3384083498191527,0.4939201337464231,0.6824622247272844,,10.0,380,underpowered,per unit of predictor; raw sd shown is the after-measure's; per SD of measure (raw sd 0.225); contributing runs 7
frontier,8-agent mixed,2 GeminiPro + 3 Opus + 3 Sol,mixed,H1 reverse (both): return_proportion -> rule_index after the game,0.1609984794132702,-0.6649163078362955,0.986913266662836,0.6696372340406254,1.0,10.0,380,no detectable effect,per unit of predictor; raw sd shown is the after-measure's; per SD of measure (raw sd 0.225); contributing runs 10
frontier,8-agent mixed,2 GeminiPro + 3 Opus + 3 Sol,mixed,H1 reverse (both): sent_frac -> give_align after the game,0.0443428245313078,-0.2207962885566157,0.3094819376192315,0.7139540182321751,,10.0,380,underpowered,per unit of predictor; raw sd shown is the after-measure's; per SD of measure (raw sd 0.141); contributing runs 7
frontier,8-agent mixed,2 GeminiPro + 3 Opus + 3 Sol,mixed,H1 reverse (both): return_proportion -> give_align after the game,0.2918994999911273,-0.1921943428689793,0.7759933428512339,0.2056910774194795,1.0,10.0,380,no detectable effect,per unit of predictor; raw sd shown is the after-measure's; per SD of measure (raw sd 0.141); contributing runs 10
frontier,8-agent mixed,2 GeminiPro + 3 Opus + 3 Sol,mixed,H1 reverse (both): sent_frac -> myth_cos after the game,-0.0339818475189794,-0.2165338775176338,0.1485701824796749,0.6835615534309725,,10.0,380,underpowered,per unit of predictor; raw sd shown is the after-measure's; per SD of measure (raw sd 0.104); contributing runs 7
frontier,8-agent mixed,2 GeminiPro + 3 Opus + 3 Sol,mixed,H1 reverse (both): return_proportion -> myth_cos after the game,0.0604338500969431,-0.2496052008951164,0.3704729010890026,0.6696532856482134,1.0,10.0,380,no detectable effect,per unit of predictor; raw sd shown is the after-measure's; per SD of measure (raw sd 0.104); contributing runs 10
