condition,condition_label,n_simulations,mean_trust_ratio,std_trust_ratio,mean_return_ratio,std_return_ratio,mean_final_balance,std_final_balance
game,Game Only,10,0.9949999999999999,0.015000000000000015,0.5,0.0,74.75,0.75
game_myth,Game → Myth,10,0.9470000000000001,0.14615402833996743,0.5042222222222221,0.009797958971132692,72.35,7.307701416998371
myth_game,Myth → Game,9,1.0,0.0,0.5044444444444444,0.009296222517045257,75.0,0.0
