family,setting,task_order,role,label_source,label,round_bin_mid,coop_mean,coop_sd,n_decisions,n_runs
GPT,2-agent homogeneous,game_myth,investor,own_label,be cautious,3.5,1.0,,1,1
GPT,2-agent homogeneous,game_myth,investor,own_label,be cautious,5.5,1.0,,1,1
GPT,2-agent homogeneous,game_myth,investor,own_label,be cautious,7.5,1.0,,1,1
GPT,2-agent homogeneous,game_myth,investor,own_label,be fair,1.5,0.4,0.282842712474619,5,5
GPT,2-agent homogeneous,game_myth,investor,own_label,be fair,3.5,0.4666666666666666,0.2732520204255893,6,4
GPT,2-agent homogeneous,game_myth,investor,own_label,be fair,5.5,0.55,0.29277002188455997,8,5
GPT,2-agent homogeneous,game_myth,investor,own_label,be fair,7.5,0.625,0.29640705601780615,8,5
GPT,2-agent homogeneous,game_myth,investor,own_label,be fair,9.5,0.8300000000000001,0.2406010991015812,10,5
GPT,2-agent homogeneous,game_myth,investor,own_label,be generous,3.5,0.7333333333333334,0.23094010767585033,3,3
GPT,2-agent homogeneous,game_myth,investor,own_label,be generous,5.5,0.6,,1,1
GPT,2-agent homogeneous,game_myth,investor,own_label,be generous,7.5,0.4,,1,1
GPT,2-agent homogeneous,game_myth,investor,shown_label,be cautious,3.5,1.0,,1,1
GPT,2-agent homogeneous,game_myth,investor,shown_label,be cautious,7.5,1.0,0.0,2,1
GPT,2-agent homogeneous,game_myth,investor,shown_label,be fair,3.5,0.5555555555555556,0.27888667551135854,9,5
GPT,2-agent homogeneous,game_myth,investor,shown_label,be fair,5.5,0.5,0.322490309931942,6,4
GPT,2-agent homogeneous,game_myth,investor,shown_label,be fair,7.5,0.5428571428571428,0.2819996622760558,7,4
GPT,2-agent homogeneous,game_myth,investor,shown_label,be fair,9.5,0.8300000000000001,0.2406010991015812,10,5
GPT,2-agent homogeneous,game_myth,investor,shown_label,be generous,5.5,0.75,0.19148542155126763,4,3
GPT,2-agent homogeneous,game_myth,investor,shown_label,be generous,7.5,0.6,,1,1
GPT,2-agent homogeneous,game_myth,trustee,own_label,be cautious,1.5,0.29000000000000004,0.010999438818457438,2,2
GPT,2-agent homogeneous,game_myth,trustee,own_label,be cautious,3.5,0.2919999999999999,0.03582674358011843,2,1
GPT,2-agent homogeneous,game_myth,trustee,own_label,be cautious,5.5,0.2666666666666666,,1,1
GPT,2-agent homogeneous,game_myth,trustee,own_label,be cautious,7.5,0.4666666666666667,,1,1
GPT,2-agent homogeneous,game_myth,trustee,own_label,be fair,3.5,0.26374999999999993,0.13336862958741344,8,4
GPT,2-agent homogeneous,game_myth,trustee,own_label,be fair,5.5,0.2895833333333333,0.1350679461907355,8,5
GPT,2-agent homogeneous,game_myth,trustee,own_label,be fair,7.5,0.2999135802469135,0.11759151647218313,9,5
GPT,2-agent homogeneous,game_myth,trustee,own_label,be fair,9.5,0.35485416666666664,0.10216930539200958,8,5
GPT,2-agent homogeneous,game_myth,trustee,own_label,be generous,1.5,0.25055555555555553,0.12335084960698665,2,2
GPT,2-agent homogeneous,game_myth,trustee,own_label,be generous,5.5,0.3377777777777778,,1,1
GPT,2-agent homogeneous,game_myth,trustee,own_label,be generous,9.5,0.3819166666666666,0.1281041785249629,2,2
GPT,2-agent homogeneous,game_myth,trustee,shown_label,be cautious,3.5,0.2796666666666667,0.0331377595970384,3,2
GPT,2-agent homogeneous,game_myth,trustee,shown_label,be cautious,5.5,0.29966666666666664,0.04666904755831214,2,1
GPT,2-agent homogeneous,game_myth,trustee,shown_label,be cautious,7.5,0.3133333333333333,,1,1
GPT,2-agent homogeneous,game_myth,trustee,shown_label,be fair,3.5,0.30899999999999994,0.12342739156141282,5,4
GPT,2-agent homogeneous,game_myth,trustee,shown_label,be fair,5.5,0.2902222222222222,0.1353127150869331,8,4
GPT,2-agent homogeneous,game_myth,trustee,shown_label,be fair,7.5,0.32552777777777775,0.1364548073982047,8,5
GPT,2-agent homogeneous,game_myth,trustee,shown_label,be fair,9.5,0.3573333333333333,0.10724356642560218,8,5
GPT,2-agent homogeneous,game_myth,trustee,shown_label,be generous,3.5,0.15499999999999997,0.17206265008872657,2,2
GPT,2-agent homogeneous,game_myth,trustee,shown_label,be generous,7.5,0.2483333333333333,,1,1
GPT,2-agent homogeneous,game_myth,trustee,shown_label,be generous,9.5,0.372,0.09899494936611666,2,2
GPT,2-agent homogeneous,myth_game,investor,own_label,be cautious,1.5,0.24133333333333332,0.26443398672132395,3,3
GPT,2-agent homogeneous,myth_game,investor,own_label,be cautious,5.5,0.506,,1,1
GPT,2-agent homogeneous,myth_game,investor,own_label,be cautious,9.5,0.0,0.0,2,1
GPT,2-agent homogeneous,myth_game,investor,own_label,be fair,1.5,0.6185714285714285,0.3274847869967179,7,5
GPT,2-agent homogeneous,myth_game,investor,own_label,be fair,3.5,0.6653333333333333,0.21500465111248174,9,5
GPT,2-agent homogeneous,myth_game,investor,own_label,be fair,5.5,0.8282222222222223,0.2516315648809673,9,5
GPT,2-agent homogeneous,myth_game,investor,own_label,be fair,7.5,0.7888888888888889,0.25221243250702596,9,5
GPT,2-agent homogeneous,myth_game,investor,own_label,be fair,9.5,0.8795,0.20630559856678637,8,4
GPT,2-agent homogeneous,myth_game,investor,own_label,be generous,3.5,0.6,,1,1
GPT,2-agent homogeneous,myth_game,investor,own_label,be generous,7.5,0.9,,1,1
GPT,2-agent homogeneous,myth_game,investor,shown_label,be cautious,3.5,0.5333333333333333,0.11547005383792514,3,3
GPT,2-agent homogeneous,myth_game,investor,shown_label,be cautious,7.5,0.5,,1,1
GPT,2-agent homogeneous,myth_game,investor,shown_label,be cautious,9.5,0.0,,1,1
GPT,2-agent homogeneous,myth_game,investor,shown_label,be fair,1.5,0.4508,0.3675475479444802,5,5
GPT,2-agent homogeneous,myth_game,investor,shown_label,be fair,3.5,0.747,0.21435577902170028,6,4
GPT,2-agent homogeneous,myth_game,investor,shown_label,be fair,5.5,0.796,0.2581971684154917,10,5
GPT,2-agent homogeneous,myth_game,investor,shown_label,be fair,7.5,0.8333333333333334,0.22912878474779202,9,5
GPT,2-agent homogeneous,myth_game,investor,shown_label,be fair,9.5,0.7545,0.3648745381243101,8,5
GPT,2-agent homogeneous,myth_game,investor,shown_label,be generous,3.5,0.506,,1,1
GPT,2-agent homogeneous,myth_game,investor,shown_label,be generous,9.5,1.0,,1,1
GPT,2-agent homogeneous,myth_game,trustee,own_label,be cautious,1.5,0.32666666666666666,0.050283148884376724,2,2
GPT,2-agent homogeneous,myth_game,trustee,own_label,be fair,1.5,0.25505604543522825,0.05607833129256491,6,5
GPT,2-agent homogeneous,myth_game,trustee,own_label,be fair,3.5,0.2799361394080767,0.11013056600717522,10,5
GPT,2-agent homogeneous,myth_game,trustee,own_label,be fair,5.5,0.37273392193744936,0.07806430160190725,10,5
GPT,2-agent homogeneous,myth_game,trustee,own_label,be fair,7.5,0.37324074074074076,0.09076962881054045,10,5
GPT,2-agent homogeneous,myth_game,trustee,own_label,be fair,9.5,0.3680320512820513,0.07143637890290071,8,4
GPT,2-agent homogeneous,myth_game,trustee,shown_label,be cautious,1.5,0.25565450947130336,0.05747616612698118,2,2
GPT,2-agent homogeneous,myth_game,trustee,shown_label,be fair,1.5,0.2388469601677149,0.08322216917361172,2,2
GPT,2-agent homogeneous,myth_game,trustee,shown_label,be fair,3.5,0.2799361394080767,0.11013056600717522,10,5
GPT,2-agent homogeneous,myth_game,trustee,shown_label,be fair,5.5,0.37273392193744936,0.07806430160190725,10,5
GPT,2-agent homogeneous,myth_game,trustee,shown_label,be fair,7.5,0.37324074074074076,0.09076962881054045,10,5
GPT,2-agent homogeneous,myth_game,trustee,shown_label,be fair,9.5,0.3680320512820513,0.07143637890290071,8,4
GPT,2-agent mixed,game_myth,investor,own_label,be cautious,3.5,0.9333333333333332,0.11547005383792512,3,3
GPT,2-agent mixed,game_myth,investor,own_label,be cautious,5.5,0.1,,1,1
GPT,2-agent mixed,game_myth,investor,own_label,be cautious,7.5,1.0,,1,1
GPT,2-agent mixed,game_myth,investor,own_label,be fair,1.5,0.4928,0.23970648718797744,5,5
GPT,2-agent mixed,game_myth,investor,own_label,be fair,3.5,0.5006666666666667,0.2819976359238968,6,6
GPT,2-agent mixed,game_myth,investor,own_label,be fair,5.5,0.8857142857142856,0.19518001458970666,7,7
GPT,2-agent mixed,game_myth,investor,own_label,be fair,7.5,0.86,0.3228445003845837,8,8
GPT,2-agent mixed,game_myth,investor,own_label,be fair,9.5,0.8755555555555555,0.3014594131517173,9,9
GPT,2-agent mixed,game_myth,investor,own_label,be generous,1.5,0.8,,1,1
GPT,2-agent mixed,game_myth,investor,own_label,be generous,3.5,0.8,0.28284271247461906,2,2
GPT,2-agent mixed,game_myth,investor,own_label,be generous,5.5,1.0,0.0,4,4
GPT,2-agent mixed,game_myth,investor,own_label,be generous,7.5,1.0,0.0,3,3
GPT,2-agent mixed,game_myth,investor,own_label,be generous,9.5,1.0,0.0,3,3
GPT,2-agent mixed,game_myth,investor,shown_label,be cautious,3.5,0.1,,1,1
GPT,2-agent mixed,game_myth,investor,shown_label,be cautious,5.5,0.1,,1,1
GPT,2-agent mixed,game_myth,investor,shown_label,be cautious,7.5,0.08,,1,1
GPT,2-agent mixed,game_myth,investor,shown_label,be fair,3.5,0.78,0.20493901531919198,5,5
GPT,2-agent mixed,game_myth,investor,shown_label,be fair,5.5,0.8857142857142856,0.19518001458970666,7,7
GPT,2-agent mixed,game_myth,investor,shown_label,be fair,7.5,0.9666666666666667,0.08164965809277258,6,6
GPT,2-agent mixed,game_myth,investor,shown_label,be fair,9.5,0.8542857142857143,0.3434558265074342,7,7
GPT,2-agent mixed,game_myth,investor,shown_label,be generous,3.5,0.734,0.29969317643216375,6,6
GPT,2-agent mixed,game_myth,investor,shown_label,be generous,5.5,1.0,0.0,4,4
GPT,2-agent mixed,game_myth,investor,shown_label,be generous,7.5,1.0,0.0,5,5
GPT,2-agent mixed,game_myth,investor,shown_label,be generous,9.5,0.9800000000000001,0.04472135954999579,5,5
GPT,2-agent mixed,game_myth,trustee,own_label,be cautious,1.5,0.30566666666666664,0.008956685895029636,2,2
GPT,2-agent mixed,game_myth,trustee,own_label,be cautious,3.5,0.2693333333333333,,1,1
GPT,2-agent mixed,game_myth,trustee,own_label,be cautious,5.5,0.35285714285714287,0.4990153570087921,2,2
GPT,2-agent mixed,game_myth,trustee,own_label,be cautious,7.5,0.1666666666666666,,1,1
GPT,2-agent mixed,game_myth,trustee,own_label,be fair,1.5,0.3823333333333333,0.14943523309075707,2,2
GPT,2-agent mixed,game_myth,trustee,own_label,be fair,3.5,0.45489583333333333,0.16352357573582035,8,8
GPT,2-agent mixed,game_myth,trustee,own_label,be fair,5.5,0.4061157407407407,0.08683578091066427,8,8
GPT,2-agent mixed,game_myth,trustee,own_label,be fair,7.5,0.5026241830065359,0.11306368169084356,8,8
GPT,2-agent mixed,game_myth,trustee,own_label,be fair,9.5,0.43287804515745687,0.19623065510017415,8,8
GPT,2-agent mixed,game_myth,trustee,own_label,be generous,1.5,0.474,0.008485281374238618,2,2
GPT,2-agent mixed,game_myth,trustee,own_label,be generous,3.5,0.3273333333333333,0.0820243866176395,2,2
GPT,2-agent mixed,game_myth,trustee,own_label,be generous,5.5,0.4285,0.02333452377915609,2,2
GPT,2-agent mixed,game_myth,trustee,own_label,be generous,7.5,0.4533333333333333,0.005131601439446827,3,3
GPT,2-agent mixed,game_myth,trustee,own_label,be generous,9.5,0.47120614035087716,0.06627830150381676,4,4
GPT,2-agent mixed,game_myth,trustee,shown_label,be cautious,5.5,0.0,,1,1
GPT,2-agent mixed,game_myth,trustee,shown_label,be cautious,7.5,0.1666666666666666,,1,1
GPT,2-agent mixed,game_myth,trustee,shown_label,be fair,3.5,0.3996111111111111,0.06735814999219,3,3
GPT,2-agent mixed,game_myth,trustee,shown_label,be fair,5.5,0.4392098765432098,0.04636907859203337,6,6
GPT,2-agent mixed,game_myth,trustee,shown_label,be fair,7.5,0.4928,0.1256330734154127,5,5
GPT,2-agent mixed,game_myth,trustee,shown_label,be fair,9.5,0.4027264239028945,0.19089026306917106,7,7
GPT,2-agent mixed,game_myth,trustee,shown_label,be generous,3.5,0.42054166666666665,0.18252218282231403,8,8
GPT,2-agent mixed,game_myth,trustee,shown_label,be generous,5.5,0.4352761904761905,0.17501115740266251,5,5
GPT,2-agent mixed,game_myth,trustee,shown_label,be generous,7.5,0.4861655773420479,0.07947658707965517,6,6
GPT,2-agent mixed,game_myth,trustee,shown_label,be generous,9.5,0.5057527910685805,0.09623910492480744,5,5
GPT,2-agent mixed,myth_game,investor,own_label,be cautious,1.5,0.724,,1,1
GPT,2-agent mixed,myth_game,investor,own_label,be cautious,5.5,0.8539999999999999,,1,1
GPT,2-agent mixed,myth_game,investor,own_label,be cautious,7.5,1.0,0.0,2,2
GPT,2-agent mixed,myth_game,investor,own_label,be cautious,9.5,1.0,,1,1
GPT,2-agent mixed,myth_game,investor,own_label,be fair,1.5,0.7728888888888888,0.22276245444668435,9,9
GPT,2-agent mixed,myth_game,investor,own_label,be fair,3.5,0.7968888888888889,0.2699761306321563,9,9
GPT,2-agent mixed,myth_game,investor,own_label,be fair,5.5,0.8999999999999999,0.2,9,9
GPT,2-agent mixed,myth_game,investor,own_label,be fair,7.5,0.91475,0.17492181927119002,8,8
GPT,2-agent mixed,myth_game,investor,own_label,be fair,9.5,0.9388888888888888,0.13642254619787417,9,9
GPT,2-agent mixed,myth_game,investor,own_label,be generous,1.5,0.4,0.0,2,2
GPT,2-agent mixed,myth_game,investor,own_label,be generous,3.5,0.7746666666666666,0.20475676626996564,3,3
GPT,2-agent mixed,myth_game,investor,own_label,be generous,5.5,0.7,0.4242640687119285,2,2
GPT,2-agent mixed,myth_game,investor,own_label,be generous,7.5,0.7,0.4242640687119285,2,2
GPT,2-agent mixed,myth_game,investor,own_label,be generous,9.5,0.7,0.4242640687119285,2,2
GPT,2-agent mixed,myth_game,investor,shown_label,be cautious,9.5,1.0,,1,1
GPT,2-agent mixed,myth_game,investor,shown_label,be fair,1.5,0.862,0.19516147160748712,2,2
GPT,2-agent mixed,myth_game,investor,shown_label,be fair,3.5,0.728,0.2282805291740844,7,7
GPT,2-agent mixed,myth_game,investor,shown_label,be fair,5.5,0.8692500000000001,0.20513114272163968,8,8
GPT,2-agent mixed,myth_game,investor,shown_label,be fair,7.5,0.7863333333333332,0.26773245351781066,6,6
GPT,2-agent mixed,myth_game,investor,shown_label,be fair,9.5,0.93125,0.14376940862764534,8,8
GPT,2-agent mixed,myth_game,investor,shown_label,be generous,1.5,0.8390000000000001,0.16074410305409859,4,4
GPT,2-agent mixed,myth_game,investor,shown_label,be generous,3.5,0.8800000000000001,0.2683281572999748,5,5
GPT,2-agent mixed,myth_game,investor,shown_label,be generous,5.5,0.85,0.3,4,4
GPT,2-agent mixed,myth_game,investor,shown_label,be generous,7.5,1.0,0.0,6,6
GPT,2-agent mixed,myth_game,investor,shown_label,be generous,9.5,0.7999999999999999,0.34641016151377546,3,3
GPT,2-agent mixed,myth_game,trustee,own_label,be cautious,3.5,0.2828571428571428,,1,1
GPT,2-agent mixed,myth_game,trustee,own_label,be cautious,5.5,0.5555555555555556,,1,1
GPT,2-agent mixed,myth_game,trustee,own_label,be cautious,7.5,0.5,,1,1
GPT,2-agent mixed,myth_game,trustee,own_label,be cautious,9.5,0.5,,1,1
GPT,2-agent mixed,myth_game,trustee,own_label,be fair,1.5,0.4818571428571428,0.1667878289749582,7,7
GPT,2-agent mixed,myth_game,trustee,own_label,be fair,3.5,0.3781646825396825,0.06748683162425671,8,8
GPT,2-agent mixed,myth_game,trustee,own_label,be fair,5.5,0.3952654320987654,0.07945054258732992,9,9
GPT,2-agent mixed,myth_game,trustee,own_label,be fair,7.5,0.4277631753617416,0.05556978366955459,9,9
GPT,2-agent mixed,myth_game,trustee,own_label,be fair,9.5,0.4081707818930041,0.08038862108115408,9,9
GPT,2-agent mixed,myth_game,trustee,own_label,be generous,1.5,0.3654,0.0865487659582093,5,5
GPT,2-agent mixed,myth_game,trustee,own_label,be generous,3.5,0.38886419753086415,0.09626695659399513,3,3
GPT,2-agent mixed,myth_game,trustee,own_label,be generous,5.5,0.33216666666666667,0.13270037260267542,2,2
GPT,2-agent mixed,myth_game,trustee,own_label,be generous,7.5,0.32469767441860464,0.20266009235681415,2,2
GPT,2-agent mixed,myth_game,trustee,own_label,be generous,9.5,0.5071111111111111,0.05908269993914259,2,2
GPT,2-agent mixed,myth_game,trustee,shown_label,be cautious,3.5,0.3333333333333333,,1,1
GPT,2-agent mixed,myth_game,trustee,shown_label,be cautious,5.5,0.3515277777777778,0.07169277087030275,2,2
GPT,2-agent mixed,myth_game,trustee,shown_label,be cautious,7.5,0.2877777777777777,,1,1
GPT,2-agent mixed,myth_game,trustee,shown_label,be cautious,9.5,0.5,,1,1
GPT,2-agent mixed,myth_game,trustee,shown_label,be fair,1.5,0.45649999999999996,0.01626345596729053,2,2
GPT,2-agent mixed,myth_game,trustee,shown_label,be fair,3.5,0.3652231040564374,0.06364336631879482,6,6
GPT,2-agent mixed,myth_game,trustee,shown_label,be fair,5.5,0.4059814814814815,0.10098787157753807,6,6
GPT,2-agent mixed,myth_game,trustee,shown_label,be fair,7.5,0.42510243533105496,0.10032806049800615,8,8
GPT,2-agent mixed,myth_game,trustee,shown_label,be fair,9.5,0.4045254629629629,0.08514012146985477,8,8
GPT,2-agent mixed,myth_game,trustee,shown_label,be generous,1.5,0.5118333333333334,0.22560166469046972,4,4
GPT,2-agent mixed,myth_game,trustee,shown_label,be generous,3.5,0.3900190476190476,0.09470104291054386,5,5
GPT,2-agent mixed,myth_game,trustee,shown_label,be generous,5.5,0.4095833333333333,0.11589758409906567,4,4
GPT,2-agent mixed,myth_game,trustee,shown_label,be generous,7.5,0.4368888888888889,0.030625576336224668,3,3
GPT,2-agent mixed,myth_game,trustee,shown_label,be generous,9.5,0.4838518518518519,0.05803759247175657,3,3
GPT,8-agent homogeneous,game_myth,investor,own_label,be cautious,1.5,0.2,,1,1
GPT,8-agent homogeneous,game_myth,investor,own_label,be cautious,3.5,0.13333333333333333,0.11547005383792516,3,3
GPT,8-agent homogeneous,game_myth,investor,own_label,be cautious,5.5,0.21542857142857144,0.3414668637622384,7,3
GPT,8-agent homogeneous,game_myth,investor,own_label,be cautious,7.5,0.0,0.0,3,1
GPT,8-agent homogeneous,game_myth,investor,own_label,be cautious,9.5,0.5,0.465985898008574,8,4
GPT,8-agent homogeneous,game_myth,investor,own_label,be fair,1.5,0.25882352941176473,0.22096047024697588,17,5
GPT,8-agent homogeneous,game_myth,investor,own_label,be fair,3.5,0.3305555555555555,0.38973943269423666,36,5
GPT,8-agent homogeneous,game_myth,investor,own_label,be fair,5.5,0.2859375,0.4050556264068813,32,5
GPT,8-agent homogeneous,game_myth,investor,own_label,be fair,7.5,0.2986111111111111,0.38886025971716576,36,5
GPT,8-agent homogeneous,game_myth,investor,own_label,be fair,9.5,0.21935483870967742,0.40449091859497477,31,5
GPT,8-agent homogeneous,game_myth,investor,own_label,be generous,1.5,0.3,0.4242640687119285,2,2
GPT,8-agent homogeneous,game_myth,investor,own_label,be generous,3.5,0.0,,1,1
GPT,8-agent homogeneous,game_myth,investor,own_label,be generous,5.5,0.6,,1,1
GPT,8-agent homogeneous,game_myth,investor,own_label,be generous,7.5,0.6,,1,1
GPT,8-agent homogeneous,game_myth,investor,own_label,be generous,9.5,1.0,,1,1
GPT,8-agent homogeneous,game_myth,investor,shown_label,be cautious,3.5,0.375,0.406201920231798,8,3
GPT,8-agent homogeneous,game_myth,investor,shown_label,be cautious,5.5,0.48600000000000004,0.4573707467689642,3,3
GPT,8-agent homogeneous,game_myth,investor,shown_label,be cautious,7.5,0.48,0.363318042491699,5,3
GPT,8-agent homogeneous,game_myth,investor,shown_label,be cautious,9.5,0.36,0.433589667773576,5,4
GPT,8-agent homogeneous,game_myth,investor,shown_label,be fair,3.5,0.30000000000000004,0.3768288736283354,31,5
GPT,8-agent homogeneous,game_myth,investor,shown_label,be fair,5.5,0.27999999999999997,0.3916781391728193,35,5
GPT,8-agent homogeneous,game_myth,investor,shown_label,be fair,7.5,0.25571428571428567,0.37939026712597146,35,5
GPT,8-agent homogeneous,game_myth,investor,shown_label,be fair,9.5,0.27647058823529413,0.445896321370523,34,5
GPT,8-agent homogeneous,game_myth,investor,shown_label,be generous,3.5,0.0,,1,1
GPT,8-agent homogeneous,game_myth,investor,shown_label,be generous,5.5,0.0,0.0,2,2
GPT,8-agent homogeneous,game_myth,investor,shown_label,be generous,9.5,0.6,,1,1
GPT,8-agent homogeneous,game_myth,trustee,own_label,be cautious,1.5,0.18999999999999997,0.18083141320025126,3,2
GPT,8-agent homogeneous,game_myth,trustee,own_label,be cautious,3.5,0.2541666666666666,0.07341485367921631,4,2
GPT,8-agent homogeneous,game_myth,trustee,own_label,be cautious,5.5,0.3408333333333333,0.07896025723249779,2,2
GPT,8-agent homogeneous,game_myth,trustee,own_label,be cautious,7.5,0.37911111111111107,0.0939666344776789,2,1
GPT,8-agent homogeneous,game_myth,trustee,own_label,be cautious,9.5,0.38399999999999995,0.16310596419369697,2,1
GPT,8-agent homogeneous,game_myth,trustee,own_label,be fair,1.5,0.25520202020202015,0.13647599000323285,11,4
GPT,8-agent homogeneous,game_myth,trustee,own_label,be fair,3.5,0.30703472222222217,0.18895989392552506,16,5
GPT,8-agent homogeneous,game_myth,trustee,own_label,be fair,5.5,0.2815677352505546,0.11325423425454151,14,5
GPT,8-agent homogeneous,game_myth,trustee,own_label,be fair,7.5,0.33799537037037036,0.14741256317333282,12,5
GPT,8-agent homogeneous,game_myth,trustee,own_label,be fair,9.5,0.3090833333333333,0.0969814001513107,12,4
GPT,8-agent homogeneous,game_myth,trustee,own_label,be generous,3.5,0.4633333333333333,,1,1
GPT,8-agent homogeneous,game_myth,trustee,own_label,be generous,5.5,0.4173333333333333,,1,1
GPT,8-agent homogeneous,game_myth,trustee,own_label,be generous,7.5,0.2747348484848485,0.03144482428458361,2,2
GPT,8-agent homogeneous,game_myth,trustee,shown_label,be cautious,3.5,0.2803333333333333,0.0570399470157148,2,2
GPT,8-agent homogeneous,game_myth,trustee,shown_label,be cautious,5.5,0.3763333333333333,0.10606601717798214,2,2
GPT,8-agent homogeneous,game_myth,trustee,shown_label,be cautious,7.5,0.2783333333333333,,1,1
GPT,8-agent homogeneous,game_myth,trustee,shown_label,be cautious,9.5,0.45733333333333337,0.05939696961966993,2,1
GPT,8-agent homogeneous,game_myth,trustee,shown_label,be fair,3.5,0.32348366013071894,0.17700984724114663,17,5
GPT,8-agent homogeneous,game_myth,trustee,shown_label,be fair,5.5,0.2858854417894065,0.10985248113671121,15,5
GPT,8-agent homogeneous,game_myth,trustee,shown_label,be fair,7.5,0.3349335664335664,0.13828084391086273,13,5
GPT,8-agent homogeneous,game_myth,trustee,shown_label,be fair,9.5,0.29576767676767673,0.09584015054071957,11,4
GPT,8-agent homogeneous,game_myth,trustee,shown_label,be generous,3.5,0.16633333333333333,0.19280444900353197,2,2
GPT,8-agent homogeneous,game_myth,trustee,shown_label,be generous,7.5,0.36558333333333326,0.15992398367835745,2,2
GPT,8-agent homogeneous,game_myth,trustee,shown_label,be generous,9.5,0.3088888888888889,,1,1
GPT,8-agent homogeneous,myth_game,investor,own_label,be cautious,1.5,0.36,0.3286335345030996,5,4
GPT,8-agent homogeneous,myth_game,investor,own_label,be cautious,3.5,0.5,0.1095445115010332,6,3
GPT,8-agent homogeneous,myth_game,investor,own_label,be cautious,5.5,0.5599999999999999,0.433589667773576,5,3
GPT,8-agent homogeneous,myth_game,investor,own_label,be cautious,7.5,0.4,0.4381780460041329,11,4
GPT,8-agent homogeneous,myth_game,investor,own_label,be cautious,9.5,0.14285714285714285,0.3631365196012815,14,4
GPT,8-agent homogeneous,myth_game,investor,own_label,be fair,1.5,0.47839999999999994,0.23695679804118525,30,5
GPT,8-agent homogeneous,myth_game,investor,own_label,be fair,3.5,0.4198235294117647,0.312706413825767,34,5
GPT,8-agent homogeneous,myth_game,investor,own_label,be fair,5.5,0.37058823529411766,0.4123321783610187,34,5
GPT,8-agent homogeneous,myth_game,investor,own_label,be fair,7.5,0.35000000000000003,0.437585970389227,28,5
GPT,8-agent homogeneous,myth_game,investor,own_label,be fair,9.5,0.44166666666666665,0.4968742878948502,24,5
GPT,8-agent homogeneous,myth_game,investor,own_label,be generous,1.5,0.48,0.17888543819998315,5,4
GPT,8-agent homogeneous,myth_game,investor,own_label,be generous,5.5,1.0,,1,1
GPT,8-agent homogeneous,myth_game,investor,own_label,be generous,7.5,0.0,,1,1
GPT,8-agent homogeneous,myth_game,investor,own_label,be generous,9.5,0.5,0.7071067811865476,2,2
GPT,8-agent homogeneous,myth_game,investor,shown_label,be cautious,1.5,0.1,0.14142135623730953,2,2
GPT,8-agent homogeneous,myth_game,investor,shown_label,be cautious,3.5,0.23636363636363636,0.23354968324845687,11,4
GPT,8-agent homogeneous,myth_game,investor,shown_label,be cautious,5.5,0.39999999999999997,0.4898979485566356,6,3
GPT,8-agent homogeneous,myth_game,investor,shown_label,be cautious,7.5,0.175,0.36154430670982185,8,4
GPT,8-agent homogeneous,myth_game,investor,shown_label,be cautious,9.5,0.5,0.5270462766947299,10,4
GPT,8-agent homogeneous,myth_game,investor,shown_label,be fair,1.5,0.4066666666666666,0.22824381283013584,15,5
GPT,8-agent homogeneous,myth_game,investor,shown_label,be fair,3.5,0.506,0.27995101612348444,29,5
GPT,8-agent homogeneous,myth_game,investor,shown_label,be fair,5.5,0.40625,0.4079353996928688,32,5
GPT,8-agent homogeneous,myth_game,investor,shown_label,be fair,7.5,0.4,0.43994134506405985,32,5
GPT,8-agent homogeneous,myth_game,investor,shown_label,be fair,9.5,0.296551724137931,0.4555081609906282,29,5
GPT,8-agent homogeneous,myth_game,investor,shown_label,be generous,1.5,0.3506666666666666,0.312572125010106,3,3
GPT,8-agent homogeneous,myth_game,investor,shown_label,be generous,5.5,0.5,0.7071067811865476,2,2
GPT,8-agent homogeneous,myth_game,investor,shown_label,be generous,9.5,0.0,,1,1
GPT,8-agent homogeneous,myth_game,trustee,own_label,be cautious,1.5,0.3162698412698413,0.1645528653735495,7,3
GPT,8-agent homogeneous,myth_game,trustee,own_label,be cautious,3.5,0.39716666666666667,0.03821333876095181,4,3
GPT,8-agent homogeneous,myth_game,trustee,own_label,be cautious,5.5,0.34244444444444444,0.05688281217545111,2,1
GPT,8-agent homogeneous,myth_game,trustee,own_label,be cautious,7.5,0.3153333333333333,0.016825905952165276,3,2
GPT,8-agent homogeneous,myth_game,trustee,own_label,be cautious,9.5,0.4403333333333333,0.02748534963293075,3,2
GPT,8-agent homogeneous,myth_game,trustee,own_label,be fair,1.5,0.2923873729924615,0.11072231525139471,24,5
GPT,8-agent homogeneous,myth_game,trustee,own_label,be fair,3.5,0.3100725203252032,0.08778891987568416,25,5
GPT,8-agent homogeneous,myth_game,trustee,own_label,be fair,5.5,0.2981313131313131,0.11116237778316712,22,5
GPT,8-agent homogeneous,myth_game,trustee,own_label,be fair,7.5,0.31912393162393154,0.10475802058789045,13,4
GPT,8-agent homogeneous,myth_game,trustee,own_label,be fair,9.5,0.31656565656565655,0.09960377620073231,11,4
GPT,8-agent homogeneous,myth_game,trustee,own_label,be generous,1.5,0.34425925925925926,0.013702452395322893,3,3
GPT,8-agent homogeneous,myth_game,trustee,own_label,be generous,3.5,0.2766666666666666,0.0377123616632825,2,2
GPT,8-agent homogeneous,myth_game,trustee,own_label,be generous,7.5,0.27333333333333326,0.004714045207910347,2,2
GPT,8-agent homogeneous,myth_game,trustee,shown_label,be cautious,1.5,0.2833333333333333,0.16348443502005675,3,2
GPT,8-agent homogeneous,myth_game,trustee,shown_label,be cautious,3.5,0.31499999999999995,0.10634465282836361,4,3
GPT,8-agent homogeneous,myth_game,trustee,shown_label,be cautious,5.5,0.33988888888888885,0.07634327931321984,4,2
GPT,8-agent homogeneous,myth_game,trustee,shown_label,be cautious,7.5,0.3044444444444444,,1,1
GPT,8-agent homogeneous,myth_game,trustee,shown_label,be cautious,9.5,0.3835555555555555,0.14626814543970393,3,1
GPT,8-agent homogeneous,myth_game,trustee,shown_label,be fair,1.5,0.34851851851851845,0.14059260600827317,9,5
GPT,8-agent homogeneous,myth_game,trustee,shown_label,be fair,3.5,0.3167551549428538,0.08276603140165706,23,5
GPT,8-agent homogeneous,myth_game,trustee,shown_label,be fair,5.5,0.2935204678362573,0.11588146143256486,19,5
GPT,8-agent homogeneous,myth_game,trustee,shown_label,be fair,7.5,0.3139313725490196,0.09214193193608995,17,4
GPT,8-agent homogeneous,myth_game,trustee,shown_label,be fair,9.5,0.33205050505050504,0.09369421452864188,11,4
GPT,8-agent homogeneous,myth_game,trustee,shown_label,be generous,1.5,0.2851360209767289,0.023948515917613517,3,3
GPT,8-agent homogeneous,myth_game,trustee,shown_label,be generous,3.5,0.3371111111111111,0.1074880412527165,4,3
GPT,8-agent homogeneous,myth_game,trustee,shown_label,be generous,5.5,0.3073333333333333,,1,1
GPT,8-agent mixed,game_myth,investor,own_label,be cautious,1.5,0.13333333333333333,0.23094010767585035,3,3
GPT,8-agent mixed,game_myth,investor,own_label,be cautious,3.5,0.4692307692307693,0.3987158875369264,13,10
GPT,8-agent mixed,game_myth,investor,own_label,be cautious,5.5,0.5058823529411766,0.38966425970842855,17,12
GPT,8-agent mixed,game_myth,investor,own_label,be cautious,7.5,0.7368421052631579,0.3890308846862497,19,14
GPT,8-agent mixed,game_myth,investor,own_label,be cautious,9.5,0.8149999999999998,0.2942877217246665,20,13
GPT,8-agent mixed,game_myth,investor,own_label,be fair,1.5,0.27016,0.3318206646207975,50,23
GPT,8-agent mixed,game_myth,investor,own_label,be fair,3.5,0.5273763440860215,0.4429115112814517,93,28
GPT,8-agent mixed,game_myth,investor,own_label,be fair,5.5,0.6365591397849463,0.43233062685980406,93,27
GPT,8-agent mixed,game_myth,investor,own_label,be fair,7.5,0.8002680412371135,0.3628651757041885,97,30
GPT,8-agent mixed,game_myth,investor,own_label,be fair,9.5,0.8523829787234042,0.3278709786362496,94,30
GPT,8-agent mixed,game_myth,investor,own_label,be generous,1.5,0.2857142857142857,0.30237157840738177,7,7
GPT,8-agent mixed,game_myth,investor,own_label,be generous,3.5,0.6,0.4771711513621792,14,12
GPT,8-agent mixed,game_myth,investor,own_label,be generous,5.5,0.76,0.41952353926806063,10,6
GPT,8-agent mixed,game_myth,investor,own_label,be generous,7.5,0.9,0.2,4,4
GPT,8-agent mixed,game_myth,investor,own_label,be generous,9.5,0.8333333333333334,0.408248290463863,6,4
GPT,8-agent mixed,game_myth,investor,shown_label,be cautious,3.5,0.31,0.3414023367751831,10,9
GPT,8-agent mixed,game_myth,investor,shown_label,be cautious,5.5,0.40769230769230763,0.3925589944232129,13,11
GPT,8-agent mixed,game_myth,investor,shown_label,be cautious,7.5,0.7923076923076923,0.3522819383711917,13,11
GPT,8-agent mixed,game_myth,investor,shown_label,be cautious,9.5,0.6714285714285714,0.4547671786894771,14,11
GPT,8-agent mixed,game_myth,investor,shown_label,be fair,3.5,0.4885757575757576,0.4533428337822546,66,23
GPT,8-agent mixed,game_myth,investor,shown_label,be fair,5.5,0.6414285714285715,0.4206595432719383,70,26
GPT,8-agent mixed,game_myth,investor,shown_label,be fair,7.5,0.8073333333333332,0.34970996729359854,99,30
GPT,8-agent mixed,game_myth,investor,shown_label,be fair,9.5,0.8692413793103447,0.2950811069234892,87,29
GPT,8-agent mixed,game_myth,investor,shown_label,be generous,3.5,0.640909090909091,0.41725469430005635,44,22
GPT,8-agent mixed,game_myth,investor,shown_label,be generous,5.5,0.681081081081081,0.4357865416805686,37,18
GPT,8-agent mixed,game_myth,investor,shown_label,be generous,7.5,0.625,0.5175491695067657,8,6
GPT,8-agent mixed,game_myth,investor,shown_label,be generous,9.5,0.863157894736842,0.3200877072786101,19,14
GPT,8-agent mixed,game_myth,trustee,own_label,be cautious,1.5,0.295,0.11905492041101899,4,4
GPT,8-agent mixed,game_myth,trustee,own_label,be cautious,3.5,0.31989393939393934,0.15637647366260538,11,10
GPT,8-agent mixed,game_myth,trustee,own_label,be cautious,5.5,0.3577666666666667,0.16063140546760019,10,10
GPT,8-agent mixed,game_myth,trustee,own_label,be cautious,7.5,0.4324747474747474,0.06053347387218737,11,9
GPT,8-agent mixed,game_myth,trustee,own_label,be cautious,9.5,0.4076578947368421,0.06382748058771287,19,13
GPT,8-agent mixed,game_myth,trustee,own_label,be fair,1.5,0.3342573532683665,0.10508746930426506,33,23
GPT,8-agent mixed,game_myth,trustee,own_label,be fair,3.5,0.37112233188894234,0.10377009191838017,62,27
GPT,8-agent mixed,game_myth,trustee,own_label,be fair,5.5,0.402392178362573,0.09277385753162612,76,26
GPT,8-agent mixed,game_myth,trustee,own_label,be fair,7.5,0.4099693592980579,0.06878288643522767,87,30
GPT,8-agent mixed,game_myth,trustee,own_label,be fair,9.5,0.43075189745319614,0.06386252983225646,77,30
GPT,8-agent mixed,game_myth,trustee,own_label,be generous,1.5,0.3115,0.128424599581925,6,6
GPT,8-agent mixed,game_myth,trustee,own_label,be generous,3.5,0.3770222222222222,0.08544098148355056,10,9
GPT,8-agent mixed,game_myth,trustee,own_label,be generous,5.5,0.29666666666666663,0.060277137733417065,3,2
GPT,8-agent mixed,game_myth,trustee,own_label,be generous,7.5,0.4421111111111111,0.039414417365937246,6,5
GPT,8-agent mixed,game_myth,trustee,own_label,be generous,9.5,0.4137638888888888,0.06258232793177536,12,9
GPT,8-agent mixed,game_myth,trustee,shown_label,be cautious,3.5,0.3727777777777778,0.09884705731958206,6,5
GPT,8-agent mixed,game_myth,trustee,shown_label,be cautious,5.5,0.3675151515151516,0.09035839850049088,11,9
GPT,8-agent mixed,game_myth,trustee,shown_label,be cautious,7.5,0.38863844797178126,0.06955255157938443,9,8
GPT,8-agent mixed,game_myth,trustee,shown_label,be cautious,9.5,0.41353862433862437,0.05804421618185531,15,11
GPT,8-agent mixed,game_myth,trustee,shown_label,be fair,3.5,0.3649987654320987,0.12688687800734233,45,24
GPT,8-agent mixed,game_myth,trustee,shown_label,be fair,5.5,0.4034242424242424,0.1007268562075587,55,24
GPT,8-agent mixed,game_myth,trustee,shown_label,be fair,7.5,0.40822951909385846,0.06973070420734556,73,26
GPT,8-agent mixed,game_myth,trustee,shown_label,be fair,9.5,0.43224866762866754,0.05985067587400021,75,27
GPT,8-agent mixed,game_myth,trustee,shown_label,be generous,3.5,0.3636571569237147,0.08717101114015625,32,19
GPT,8-agent mixed,game_myth,trustee,shown_label,be generous,5.5,0.3834118357487923,0.11425867739476497,23,18
GPT,8-agent mixed,game_myth,trustee,shown_label,be generous,7.5,0.4444873737373737,0.04563506396238236,22,15
GPT,8-agent mixed,game_myth,trustee,shown_label,be generous,9.5,0.40315740740740735,0.08022302393548668,18,14
GPT,8-agent mixed,myth_game,investor,own_label,be cautious,1.5,0.64,0.41952353926806063,10,6
GPT,8-agent mixed,myth_game,investor,own_label,be cautious,3.5,0.6875,0.36492008257516695,16,10
GPT,8-agent mixed,myth_game,investor,own_label,be cautious,5.5,0.96,0.12649110640673517,10,7
GPT,8-agent mixed,myth_game,investor,own_label,be cautious,7.5,0.875,0.3415650255319866,16,10
GPT,8-agent mixed,myth_game,investor,own_label,be cautious,9.5,0.9833333333333334,0.05773502691896257,12,6
GPT,8-agent mixed,myth_game,investor,own_label,be fair,1.5,0.6236799999999999,0.33806469048023186,100,29
GPT,8-agent mixed,myth_game,investor,own_label,be fair,3.5,0.7338695652173912,0.37414104460931225,92,26
GPT,8-agent mixed,myth_game,investor,own_label,be fair,5.5,0.8169600000000001,0.3536426867602239,100,28
GPT,8-agent mixed,myth_game,investor,own_label,be fair,7.5,0.8542553191489363,0.3346205983855081,94,30
GPT,8-agent mixed,myth_game,investor,own_label,be fair,9.5,0.881919191919192,0.2822239549548563,99,30
GPT,8-agent mixed,myth_game,investor,own_label,be generous,1.5,0.7,0.31622776601683794,10,9
GPT,8-agent mixed,myth_game,investor,own_label,be generous,3.5,0.8166666666666665,0.31285585799020593,12,11
GPT,8-agent mixed,myth_game,investor,own_label,be generous,5.5,0.8800000000000001,0.3155242550986462,10,8
GPT,8-agent mixed,myth_game,investor,own_label,be generous,7.5,0.9,0.31622776601683794,10,7
GPT,8-agent mixed,myth_game,investor,own_label,be generous,9.5,1.0,0.0,9,7
GPT,8-agent mixed,myth_game,investor,shown_label,be cautious,1.5,0.7,0.4242640687119285,2,2
GPT,8-agent mixed,myth_game,investor,shown_label,be cautious,3.5,0.5777777777777777,0.3929942040850532,9,6
GPT,8-agent mixed,myth_game,investor,shown_label,be cautious,5.5,0.8300000000000001,0.33349995835415364,10,7
GPT,8-agent mixed,myth_game,investor,shown_label,be cautious,7.5,0.96,0.08432740427115676,10,7
GPT,8-agent mixed,myth_game,investor,shown_label,be cautious,9.5,0.9777777777777779,0.06666666666666665,9,5
GPT,8-agent mixed,myth_game,investor,shown_label,be fair,1.5,0.567657142857143,0.37745073249655364,35,20
GPT,8-agent mixed,myth_game,investor,shown_label,be fair,3.5,0.7127222222222221,0.3675614817680155,72,21
GPT,8-agent mixed,myth_game,investor,shown_label,be fair,5.5,0.8395348837209302,0.3315841015728418,86,28
GPT,8-agent mixed,myth_game,investor,shown_label,be fair,7.5,0.8511904761904762,0.3510720406690478,84,29
GPT,8-agent mixed,myth_game,investor,shown_label,be fair,9.5,0.8823333333333333,0.2790435107628852,90,28
GPT,8-agent mixed,myth_game,investor,shown_label,be generous,1.5,0.6043478260869566,0.4537502926315762,23,15
GPT,8-agent mixed,myth_game,investor,shown_label,be generous,3.5,0.8153846153846154,0.3475769218449209,39,23
GPT,8-agent mixed,myth_game,investor,shown_label,be generous,5.5,0.8165,0.3772602607588375,24,16
GPT,8-agent mixed,myth_game,investor,shown_label,be generous,7.5,0.8538461538461538,0.32769591908446977,26,14
GPT,8-agent mixed,myth_game,investor,shown_label,be generous,9.5,0.9476190476190476,0.21821789023599236,21,15
GPT,8-agent mixed,myth_game,trustee,own_label,be cautious,1.5,0.3506254223812363,0.08990598300760416,13,9
GPT,8-agent mixed,myth_game,trustee,own_label,be cautious,3.5,0.4377460317460317,0.03838861897775691,7,5
GPT,8-agent mixed,myth_game,trustee,own_label,be cautious,5.5,0.45691666666666664,0.05233674541500379,8,6
GPT,8-agent mixed,myth_game,trustee,own_label,be cautious,7.5,0.416969696969697,0.05382145473599714,11,7
GPT,8-agent mixed,myth_game,trustee,own_label,be cautious,9.5,0.44254166666666667,0.034198553117837226,12,8
GPT,8-agent mixed,myth_game,trustee,own_label,be fair,1.5,0.36633854797739335,0.1177451160387013,81,27
GPT,8-agent mixed,myth_game,trustee,own_label,be fair,3.5,0.3820615733472877,0.09265834487259371,91,29
GPT,8-agent mixed,myth_game,trustee,own_label,be fair,5.5,0.4178082870053478,0.08205768552540149,86,30
GPT,8-agent mixed,myth_game,trustee,own_label,be fair,7.5,0.4392640562248996,0.05501636215609961,83,30
GPT,8-agent mixed,myth_game,trustee,own_label,be fair,9.5,0.4487414644199065,0.05677772843390118,92,29
GPT,8-agent mixed,myth_game,trustee,own_label,be generous,1.5,0.337235294117647,0.11546454670954615,17,14
GPT,8-agent mixed,myth_game,trustee,own_label,be generous,3.5,0.4285661375661376,0.0723954955762954,7,7
GPT,8-agent mixed,myth_game,trustee,own_label,be generous,5.5,0.43901010101010096,0.03604761784035229,11,8
GPT,8-agent mixed,myth_game,trustee,own_label,be generous,7.5,0.43872727272727263,0.03413529232067865,11,5
GPT,8-agent mixed,myth_game,trustee,own_label,be generous,9.5,0.4381111111111111,0.03481179557436115,9,7
GPT,8-agent mixed,myth_game,trustee,shown_label,be cautious,1.5,0.35760416666666667,0.19668972763805778,4,3
GPT,8-agent mixed,myth_game,trustee,shown_label,be cautious,3.5,0.3385079365079365,0.11178734693490254,7,5
GPT,8-agent mixed,myth_game,trustee,shown_label,be cautious,5.5,0.3150238095238095,0.15854519242893506,7,7
GPT,8-agent mixed,myth_game,trustee,shown_label,be cautious,7.5,0.42415151515151517,0.046180229929739816,11,6
GPT,8-agent mixed,myth_game,trustee,shown_label,be cautious,9.5,0.42791851851851853,0.05045690279615388,10,7
GPT,8-agent mixed,myth_game,trustee,shown_label,be fair,1.5,0.3962256379578071,0.13499585587741425,24,17
GPT,8-agent mixed,myth_game,trustee,shown_label,be fair,3.5,0.3864671884185773,0.09155017002662018,72,28
GPT,8-agent mixed,myth_game,trustee,shown_label,be fair,5.5,0.42935541101370245,0.06088931675488209,66,26
GPT,8-agent mixed,myth_game,trustee,shown_label,be fair,7.5,0.43538666666666664,0.05482292105198949,75,29
GPT,8-agent mixed,myth_game,trustee,shown_label,be fair,9.5,0.4474015495086924,0.0483834778302278,84,29
GPT,8-agent mixed,myth_game,trustee,shown_label,be generous,1.5,0.38640332413158496,0.10261728620852914,23,18
GPT,8-agent mixed,myth_game,trustee,shown_label,be generous,3.5,0.4090998168498169,0.07644346806886743,26,16
GPT,8-agent mixed,myth_game,trustee,shown_label,be generous,5.5,0.4335416666666666,0.06701265060047835,32,20
GPT,8-agent mixed,myth_game,trustee,shown_label,be generous,7.5,0.45010087719298236,0.04982173916707675,19,14
GPT,8-agent mixed,myth_game,trustee,shown_label,be generous,9.5,0.4566736517218973,0.07245715127300775,19,15
Gemini,2-agent homogeneous,game_myth,investor,own_label,be fair,1.5,1.0,0.0,5,5
Gemini,2-agent homogeneous,game_myth,investor,own_label,be fair,3.5,1.0,0.0,9,5
Gemini,2-agent homogeneous,game_myth,investor,own_label,be fair,5.5,1.0,0.0,6,4
Gemini,2-agent homogeneous,game_myth,investor,own_label,be fair,7.5,1.0,0.0,2,2
Gemini,2-agent homogeneous,game_myth,investor,own_label,be fair,9.5,1.0,0.0,6,4
Gemini,2-agent homogeneous,game_myth,investor,own_label,be generous,3.5,1.0,,1,1
Gemini,2-agent homogeneous,game_myth,investor,own_label,be generous,5.5,1.0,0.0,4,3
Gemini,2-agent homogeneous,game_myth,investor,own_label,be generous,7.5,1.0,0.0,8,5
Gemini,2-agent homogeneous,game_myth,investor,own_label,be generous,9.5,1.0,0.0,4,3
Gemini,2-agent homogeneous,game_myth,investor,shown_label,be fair,3.5,1.0,0.0,9,5
Gemini,2-agent homogeneous,game_myth,investor,shown_label,be fair,5.5,1.0,0.0,7,5
Gemini,2-agent homogeneous,game_myth,investor,shown_label,be fair,7.5,1.0,0.0,5,4
Gemini,2-agent homogeneous,game_myth,investor,shown_label,be fair,9.5,1.0,0.0,5,4
Gemini,2-agent homogeneous,game_myth,investor,shown_label,be generous,3.5,1.0,,1,1
Gemini,2-agent homogeneous,game_myth,investor,shown_label,be generous,5.5,1.0,0.0,3,3
Gemini,2-agent homogeneous,game_myth,investor,shown_label,be generous,7.5,1.0,0.0,5,4
Gemini,2-agent homogeneous,game_myth,investor,shown_label,be generous,9.5,1.0,0.0,5,4
Gemini,2-agent homogeneous,game_myth,trustee,own_label,be fair,1.5,0.4066666666666666,,1,1
Gemini,2-agent homogeneous,game_myth,trustee,own_label,be fair,3.5,0.4039999999999999,,1,1
Gemini,2-agent homogeneous,game_myth,trustee,own_label,be fair,5.5,0.4740666666666666,0.0357167872139823,5,4
Gemini,2-agent homogeneous,game_myth,trustee,own_label,be fair,7.5,0.4554444444444445,0.032549221985353996,6,3
Gemini,2-agent homogeneous,game_myth,trustee,own_label,be fair,9.5,0.4406,0.0362325820222628,5,4
Gemini,2-agent homogeneous,game_myth,trustee,own_label,be generous,1.5,0.4721666666666666,0.019598752794785502,4,4
Gemini,2-agent homogeneous,game_myth,trustee,own_label,be generous,3.5,0.45855555555555555,0.03304878548785452,9,5
Gemini,2-agent homogeneous,game_myth,trustee,own_label,be generous,5.5,0.45099999999999996,0.03429609631171196,5,4
Gemini,2-agent homogeneous,game_myth,trustee,own_label,be generous,7.5,0.46616666666666673,0.024043941255774,4,2
Gemini,2-agent homogeneous,game_myth,trustee,own_label,be generous,9.5,0.46193333333333336,0.025083637871905443,5,4
Gemini,2-agent homogeneous,game_myth,trustee,shown_label,be fair,3.5,0.4766666666666667,,1,1
Gemini,2-agent homogeneous,game_myth,trustee,shown_label,be fair,5.5,0.48611111111111116,0.013929717765878716,3,3
Gemini,2-agent homogeneous,game_myth,trustee,shown_label,be fair,7.5,0.44988888888888895,0.025506135790490932,6,4
Gemini,2-agent homogeneous,game_myth,trustee,shown_label,be fair,9.5,0.45049999999999996,0.028416544476765646,6,4
Gemini,2-agent homogeneous,game_myth,trustee,shown_label,be generous,3.5,0.4504814814814815,0.03674125410334303,9,5
Gemini,2-agent homogeneous,game_myth,trustee,shown_label,be generous,5.5,0.4524285714285714,0.03734360686308935,7,5
Gemini,2-agent homogeneous,game_myth,trustee,shown_label,be generous,7.5,0.47450000000000003,0.02944486372867091,4,3
Gemini,2-agent homogeneous,game_myth,trustee,shown_label,be generous,9.5,0.4524166666666667,0.04024680801697891,4,3
Gemini,2-agent homogeneous,myth_game,investor,own_label,be fair,1.5,1.0,0.0,3,3
Gemini,2-agent homogeneous,myth_game,investor,own_label,be fair,3.5,1.0,0.0,4,3
Gemini,2-agent homogeneous,myth_game,investor,own_label,be fair,5.5,1.0,0.0,6,4
Gemini,2-agent homogeneous,myth_game,investor,own_label,be fair,7.5,1.0,0.0,6,3
Gemini,2-agent homogeneous,myth_game,investor,own_label,be fair,9.5,1.0,0.0,6,4
Gemini,2-agent homogeneous,myth_game,investor,own_label,be generous,1.5,1.0,0.0,7,5
Gemini,2-agent homogeneous,myth_game,investor,own_label,be generous,3.5,1.0,0.0,6,4
Gemini,2-agent homogeneous,myth_game,investor,own_label,be generous,5.5,1.0,0.0,4,3
Gemini,2-agent homogeneous,myth_game,investor,own_label,be generous,7.5,1.0,0.0,4,2
Gemini,2-agent homogeneous,myth_game,investor,own_label,be generous,9.5,1.0,0.0,4,3
Gemini,2-agent homogeneous,myth_game,investor,shown_label,be fair,3.5,1.0,0.0,6,4
Gemini,2-agent homogeneous,myth_game,investor,shown_label,be fair,5.5,1.0,0.0,4,3
Gemini,2-agent homogeneous,myth_game,investor,shown_label,be fair,7.5,1.0,0.0,6,4
Gemini,2-agent homogeneous,myth_game,investor,shown_label,be fair,9.5,1.0,0.0,6,4
Gemini,2-agent homogeneous,myth_game,investor,shown_label,be generous,1.5,1.0,0.0,5,5
Gemini,2-agent homogeneous,myth_game,investor,shown_label,be generous,3.5,1.0,0.0,4,3
Gemini,2-agent homogeneous,myth_game,investor,shown_label,be generous,5.5,1.0,0.0,6,4
Gemini,2-agent homogeneous,myth_game,investor,shown_label,be generous,7.5,1.0,0.0,4,3
Gemini,2-agent homogeneous,myth_game,investor,shown_label,be generous,9.5,1.0,0.0,4,3
Gemini,2-agent homogeneous,myth_game,trustee,own_label,be fair,1.5,0.4766666666666667,,1,1
Gemini,2-agent homogeneous,myth_game,trustee,own_label,be fair,3.5,0.43566666666666665,0.024984439601924674,2,1
Gemini,2-agent homogeneous,myth_game,trustee,own_label,be fair,5.5,0.4145,0.0035355339059327407,2,1
Gemini,2-agent homogeneous,myth_game,trustee,own_label,be fair,7.5,0.4524444444444444,0.005965952781626117,3,2
Gemini,2-agent homogeneous,myth_game,trustee,own_label,be fair,9.5,0.4666666666666667,,1,1
Gemini,2-agent homogeneous,myth_game,trustee,own_label,be generous,1.5,0.4585925925925925,0.03395330853530813,9,5
Gemini,2-agent homogeneous,myth_game,trustee,own_label,be generous,3.5,0.4544583333333333,0.04562682916533364,8,4
Gemini,2-agent homogeneous,myth_game,trustee,own_label,be generous,5.5,0.48891666666666667,0.03166328302724612,8,4
Gemini,2-agent homogeneous,myth_game,trustee,own_label,be generous,7.5,0.4801428571428571,0.03277411870886627,7,4
Gemini,2-agent homogeneous,myth_game,trustee,own_label,be generous,9.5,0.4682962962962963,0.039199434677203514,9,5
Gemini,2-agent homogeneous,myth_game,trustee,shown_label,be fair,1.5,0.5,,1,1
Gemini,2-agent homogeneous,myth_game,trustee,shown_label,be fair,3.5,0.418,,1,1
Gemini,2-agent homogeneous,myth_game,trustee,shown_label,be fair,5.5,0.4275,0.014849242404917511,2,2
Gemini,2-agent homogeneous,myth_game,trustee,shown_label,be fair,7.5,0.45599999999999996,0.01212435565298212,3,2
Gemini,2-agent homogeneous,myth_game,trustee,shown_label,be fair,9.5,0.4505,0.019091883092036802,2,2
Gemini,2-agent homogeneous,myth_game,trustee,shown_label,be generous,1.5,0.45583333333333326,0.01638766473770912,4,4
Gemini,2-agent homogeneous,myth_game,trustee,shown_label,be generous,3.5,0.45433333333333337,0.042681637998350334,9,5
Gemini,2-agent homogeneous,myth_game,trustee,shown_label,be generous,5.5,0.4856666666666667,0.03827925792516867,8,5
Gemini,2-agent homogeneous,myth_game,trustee,shown_label,be generous,7.5,0.47861904761904756,0.03356278173006997,7,4
Gemini,2-agent homogeneous,myth_game,trustee,shown_label,be generous,9.5,0.4725416666666667,0.039916554826366836,8,5
Gemini,2-agent mixed,game_myth,investor,own_label,be fair,1.5,1.0,,1,1
Gemini,2-agent mixed,game_myth,investor,own_label,be fair,3.5,1.0,0.0,5,5
Gemini,2-agent mixed,game_myth,investor,own_label,be fair,5.5,1.0,0.0,5,5
Gemini,2-agent mixed,game_myth,investor,own_label,be fair,7.5,1.0,0.0,7,7
Gemini,2-agent mixed,game_myth,investor,own_label,be fair,9.5,1.0,0.0,8,8
Gemini,2-agent mixed,game_myth,investor,own_label,be generous,1.5,1.0,0.0,5,5
Gemini,2-agent mixed,game_myth,investor,own_label,be generous,3.5,1.0,0.0,7,7
Gemini,2-agent mixed,game_myth,investor,own_label,be generous,5.5,1.0,0.0,7,7
Gemini,2-agent mixed,game_myth,investor,own_label,be generous,7.5,1.0,0.0,5,5
Gemini,2-agent mixed,game_myth,investor,own_label,be generous,9.5,1.0,0.0,4,4
Gemini,2-agent mixed,game_myth,investor,shown_label,be cautious,3.5,1.0,,1,1
Gemini,2-agent mixed,game_myth,investor,shown_label,be cautious,5.5,1.0,,1,1
Gemini,2-agent mixed,game_myth,investor,shown_label,be cautious,7.5,1.0,,1,1
Gemini,2-agent mixed,game_myth,investor,shown_label,be fair,3.5,1.0,0.0,6,6
Gemini,2-agent mixed,game_myth,investor,shown_label,be fair,5.5,1.0,0.0,8,8
Gemini,2-agent mixed,game_myth,investor,shown_label,be fair,7.5,1.0,0.0,5,5
Gemini,2-agent mixed,game_myth,investor,shown_label,be fair,9.5,1.0,0.0,8,8
Gemini,2-agent mixed,game_myth,investor,shown_label,be generous,3.5,1.0,0.0,5,5
Gemini,2-agent mixed,game_myth,investor,shown_label,be generous,5.5,1.0,0.0,2,2
Gemini,2-agent mixed,game_myth,investor,shown_label,be generous,7.5,1.0,0.0,6,6
Gemini,2-agent mixed,game_myth,investor,shown_label,be generous,9.5,1.0,0.0,4,4
Gemini,2-agent mixed,game_myth,trustee,own_label,be fair,3.5,0.4487460317460318,0.03414702623000624,7,7
Gemini,2-agent mixed,game_myth,trustee,own_label,be fair,5.5,0.4685882352941176,0.03693049677022366,3,3
Gemini,2-agent mixed,game_myth,trustee,own_label,be fair,7.5,0.4328,0.01896575861915364,5,5
Gemini,2-agent mixed,game_myth,trustee,own_label,be fair,9.5,0.46366666666666667,0.02163022576550385,6,6
Gemini,2-agent mixed,game_myth,trustee,own_label,be generous,1.5,0.4374236736736736,0.04841999671667693,6,6
Gemini,2-agent mixed,game_myth,trustee,own_label,be generous,3.5,0.3789045751633987,0.07577285981644268,5,5
Gemini,2-agent mixed,game_myth,trustee,own_label,be generous,5.5,0.4456296296296296,0.03842577420764339,9,9
Gemini,2-agent mixed,game_myth,trustee,own_label,be generous,7.5,0.45269047619047614,0.0344265762665873,7,7
Gemini,2-agent mixed,game_myth,trustee,own_label,be generous,9.5,0.455,0.04537008314345971,6,6
Gemini,2-agent mixed,game_myth,trustee,shown_label,be cautious,3.5,0.37372984749455335,0.10648094360450103,3,3
Gemini,2-agent mixed,game_myth,trustee,shown_label,be cautious,5.5,0.4713333333333333,,1,1
Gemini,2-agent mixed,game_myth,trustee,shown_label,be cautious,9.5,0.5333333333333333,,1,1
Gemini,2-agent mixed,game_myth,trustee,shown_label,be fair,3.5,0.43837037037037035,0.04288270920745558,6,6
Gemini,2-agent mixed,game_myth,trustee,shown_label,be fair,5.5,0.4590616246498599,0.034363658213878295,7,7
Gemini,2-agent mixed,game_myth,trustee,shown_label,be fair,7.5,0.4381666666666667,0.02617674964968384,4,4
Gemini,2-agent mixed,game_myth,trustee,shown_label,be fair,9.5,0.4618571428571428,0.023575612904217863,7,7
Gemini,2-agent mixed,game_myth,trustee,shown_label,be generous,3.5,0.4281111111111111,0.042864558441332044,3,3
Gemini,2-agent mixed,game_myth,trustee,shown_label,be generous,5.5,0.4329166666666666,0.04642586683209173,4,4
Gemini,2-agent mixed,game_myth,trustee,shown_label,be generous,7.5,0.44752083333333326,0.03254635735353689,8,8
Gemini,2-agent mixed,game_myth,trustee,shown_label,be generous,9.5,0.4364166666666667,0.02517108129050747,4,4
Gemini,2-agent mixed,myth_game,investor,own_label,be fair,1.5,1.0,0.0,4,4
Gemini,2-agent mixed,myth_game,investor,own_label,be fair,3.5,1.0,0.0,4,4
Gemini,2-agent mixed,myth_game,investor,own_label,be fair,5.5,1.0,0.0,6,6
Gemini,2-agent mixed,myth_game,investor,own_label,be fair,7.5,1.0,0.0,6,6
Gemini,2-agent mixed,myth_game,investor,own_label,be fair,9.5,1.0,0.0,6,6
Gemini,2-agent mixed,myth_game,investor,own_label,be generous,1.5,1.0,0.0,8,8
Gemini,2-agent mixed,myth_game,investor,own_label,be generous,3.5,1.0,0.0,8,8
Gemini,2-agent mixed,myth_game,investor,own_label,be generous,5.5,1.0,0.0,6,6
Gemini,2-agent mixed,myth_game,investor,own_label,be generous,7.5,1.0,0.0,6,6
Gemini,2-agent mixed,myth_game,investor,own_label,be generous,9.5,1.0,0.0,6,6
Gemini,2-agent mixed,myth_game,investor,shown_label,be fair,1.5,1.0,0.0,5,5
Gemini,2-agent mixed,myth_game,investor,shown_label,be fair,3.5,1.0,0.0,9,9
Gemini,2-agent mixed,myth_game,investor,shown_label,be fair,5.5,1.0,0.0,6,6
Gemini,2-agent mixed,myth_game,investor,shown_label,be fair,7.5,1.0,0.0,7,7
Gemini,2-agent mixed,myth_game,investor,shown_label,be fair,9.5,1.0,0.0,8,8
Gemini,2-agent mixed,myth_game,investor,shown_label,be generous,1.5,1.0,,1,1
Gemini,2-agent mixed,myth_game,investor,shown_label,be generous,3.5,1.0,0.0,3,3
Gemini,2-agent mixed,myth_game,investor,shown_label,be generous,5.5,1.0,0.0,6,6
Gemini,2-agent mixed,myth_game,investor,shown_label,be generous,7.5,1.0,0.0,5,5
Gemini,2-agent mixed,myth_game,investor,shown_label,be generous,9.5,1.0,0.0,4,4
Gemini,2-agent mixed,myth_game,trustee,own_label,be fair,1.5,0.3606666666666666,0.15179225569471216,2,2
Gemini,2-agent mixed,myth_game,trustee,own_label,be fair,3.5,0.42413333333333336,0.025387661044951215,5,5
Gemini,2-agent mixed,myth_game,trustee,own_label,be fair,5.5,0.4608,0.03246074552440224,5,5
Gemini,2-agent mixed,myth_game,trustee,own_label,be fair,7.5,0.45290476190476187,0.02919202978853309,7,7
Gemini,2-agent mixed,myth_game,trustee,own_label,be fair,9.5,0.4646111111111111,0.02337464596681785,6,6
Gemini,2-agent mixed,myth_game,trustee,own_label,be generous,1.5,0.4492933621933622,0.02508442386856503,10,10
Gemini,2-agent mixed,myth_game,trustee,own_label,be generous,3.5,0.45409523809523805,0.027881172650370836,7,7
Gemini,2-agent mixed,myth_game,trustee,own_label,be generous,5.5,0.45395238095238094,0.032142292764004605,7,7
Gemini,2-agent mixed,myth_game,trustee,own_label,be generous,7.5,0.43826666666666664,0.025836451424725893,5,5
Gemini,2-agent mixed,myth_game,trustee,own_label,be generous,9.5,0.4495,0.03905764969887463,6,6
Gemini,2-agent mixed,myth_game,trustee,shown_label,be fair,1.5,0.45443055555555556,0.011682561923072316,4,4
Gemini,2-agent mixed,myth_game,trustee,shown_label,be fair,3.5,0.43811111111111106,0.02908200410843383,6,6
Gemini,2-agent mixed,myth_game,trustee,shown_label,be fair,5.5,0.46919047619047616,0.031616836315867175,7,7
Gemini,2-agent mixed,myth_game,trustee,shown_label,be fair,7.5,0.4477083333333333,0.015858939194692438,8,8
Gemini,2-agent mixed,myth_game,trustee,shown_label,be fair,9.5,0.4663809523809524,0.025991756935063632,7,7
Gemini,2-agent mixed,myth_game,trustee,shown_label,be generous,1.5,0.4431890331890332,0.061486658923955814,2,2
Gemini,2-agent mixed,myth_game,trustee,shown_label,be generous,3.5,0.4451111111111112,0.03312043120134401,6,6
Gemini,2-agent mixed,myth_game,trustee,shown_label,be generous,5.5,0.43946666666666656,0.022224361008186987,5,5
Gemini,2-agent mixed,myth_game,trustee,shown_label,be generous,7.5,0.445,0.047003545965526174,4,4
Gemini,2-agent mixed,myth_game,trustee,shown_label,be generous,9.5,0.44399999999999995,0.03718198488515643,5,5
Gemini,8-agent homogeneous,game_myth,investor,own_label,be fair,1.5,1.0,0.0,15,5
Gemini,8-agent homogeneous,game_myth,investor,own_label,be fair,3.5,1.0,0.0,23,5
Gemini,8-agent homogeneous,game_myth,investor,own_label,be fair,5.5,1.0,0.0,17,5
Gemini,8-agent homogeneous,game_myth,investor,own_label,be fair,7.5,1.0,0.0,28,5
Gemini,8-agent homogeneous,game_myth,investor,own_label,be fair,9.5,1.0,0.0,21,5
Gemini,8-agent homogeneous,game_myth,investor,own_label,be generous,1.5,1.0,0.0,5,3
Gemini,8-agent homogeneous,game_myth,investor,own_label,be generous,3.5,1.0,0.0,17,5
Gemini,8-agent homogeneous,game_myth,investor,own_label,be generous,5.5,1.0,0.0,23,5
Gemini,8-agent homogeneous,game_myth,investor,own_label,be generous,7.5,1.0,0.0,12,5
Gemini,8-agent homogeneous,game_myth,investor,own_label,be generous,9.5,1.0,0.0,19,5
Gemini,8-agent homogeneous,game_myth,investor,shown_label,be fair,3.5,1.0,0.0,21,5
Gemini,8-agent homogeneous,game_myth,investor,shown_label,be fair,5.5,1.0,0.0,17,5
Gemini,8-agent homogeneous,game_myth,investor,shown_label,be fair,7.5,1.0,0.0,22,5
Gemini,8-agent homogeneous,game_myth,investor,shown_label,be fair,9.5,1.0,0.0,27,5
Gemini,8-agent homogeneous,game_myth,investor,shown_label,be generous,3.5,1.0,0.0,19,5
Gemini,8-agent homogeneous,game_myth,investor,shown_label,be generous,5.5,1.0,0.0,23,5
Gemini,8-agent homogeneous,game_myth,investor,shown_label,be generous,7.5,1.0,0.0,18,5
Gemini,8-agent homogeneous,game_myth,investor,shown_label,be generous,9.5,1.0,0.0,13,5
Gemini,8-agent homogeneous,game_myth,trustee,own_label,be fair,1.5,0.485,0.007071067811865481,2,1
Gemini,8-agent homogeneous,game_myth,trustee,own_label,be fair,3.5,0.44324444444444444,0.027361038997568327,15,5
Gemini,8-agent homogeneous,game_myth,trustee,own_label,be fair,5.5,0.45248148148148143,0.029219078336808958,18,5
Gemini,8-agent homogeneous,game_myth,trustee,own_label,be fair,7.5,0.44837499999999997,0.0282089019594605,24,5
Gemini,8-agent homogeneous,game_myth,trustee,own_label,be fair,9.5,0.4536944444444444,0.02870740561033001,24,5
Gemini,8-agent homogeneous,game_myth,trustee,own_label,be generous,1.5,0.45196296296296296,0.024484726168389776,18,5
Gemini,8-agent homogeneous,game_myth,trustee,own_label,be generous,3.5,0.44548000000000004,0.03351313728033188,25,5
Gemini,8-agent homogeneous,game_myth,trustee,own_label,be generous,5.5,0.45681818181818185,0.03150068904474012,22,5
Gemini,8-agent homogeneous,game_myth,trustee,own_label,be generous,7.5,0.44181249999999994,0.024378183552786137,16,4
Gemini,8-agent homogeneous,game_myth,trustee,own_label,be generous,9.5,0.44762499999999994,0.030942688958783156,16,4
Gemini,8-agent homogeneous,game_myth,trustee,shown_label,be fair,3.5,0.4299285714285714,0.024483791453858702,14,5
Gemini,8-agent homogeneous,game_myth,trustee,shown_label,be fair,5.5,0.45395454545454544,0.029907316344793815,22,5
Gemini,8-agent homogeneous,game_myth,trustee,shown_label,be fair,7.5,0.43616666666666665,0.028171675045225855,20,5
Gemini,8-agent homogeneous,game_myth,trustee,shown_label,be fair,9.5,0.44765277777777773,0.029191269816408547,24,5
Gemini,8-agent homogeneous,game_myth,trustee,shown_label,be generous,3.5,0.4525641025641026,0.031640026581077355,26,5
Gemini,8-agent homogeneous,game_myth,trustee,shown_label,be generous,5.5,0.4559814814814815,0.03135574338821744,18,5
Gemini,8-agent homogeneous,game_myth,trustee,shown_label,be generous,7.5,0.45533333333333337,0.021615188508754792,20,5
Gemini,8-agent homogeneous,game_myth,trustee,shown_label,be generous,9.5,0.4566875,0.02976288236489651,16,5
Gemini,8-agent homogeneous,myth_game,investor,own_label,be fair,1.5,1.0,0.0,10,4
Gemini,8-agent homogeneous,myth_game,investor,own_label,be fair,3.5,1.0,0.0,17,5
Gemini,8-agent homogeneous,myth_game,investor,own_label,be fair,5.5,1.0,0.0,19,5
Gemini,8-agent homogeneous,myth_game,investor,own_label,be fair,7.5,1.0,0.0,18,5
Gemini,8-agent homogeneous,myth_game,investor,own_label,be fair,9.5,1.0,0.0,17,5
Gemini,8-agent homogeneous,myth_game,investor,own_label,be generous,1.5,1.0,0.0,30,5
Gemini,8-agent homogeneous,myth_game,investor,own_label,be generous,3.5,1.0,0.0,23,5
Gemini,8-agent homogeneous,myth_game,investor,own_label,be generous,5.5,1.0,0.0,21,5
Gemini,8-agent homogeneous,myth_game,investor,own_label,be generous,7.5,1.0,0.0,22,5
Gemini,8-agent homogeneous,myth_game,investor,own_label,be generous,9.5,1.0,0.0,23,5
Gemini,8-agent homogeneous,myth_game,investor,shown_label,be fair,1.5,1.0,0.0,4,3
Gemini,8-agent homogeneous,myth_game,investor,shown_label,be fair,3.5,1.0,0.0,10,5
Gemini,8-agent homogeneous,myth_game,investor,shown_label,be fair,5.5,1.0,0.0,21,5
Gemini,8-agent homogeneous,myth_game,investor,shown_label,be fair,7.5,1.0,0.0,21,5
Gemini,8-agent homogeneous,myth_game,investor,shown_label,be fair,9.5,1.0,0.0,21,5
Gemini,8-agent homogeneous,myth_game,investor,shown_label,be generous,1.5,1.0,0.0,16,5
Gemini,8-agent homogeneous,myth_game,investor,shown_label,be generous,3.5,1.0,0.0,30,5
Gemini,8-agent homogeneous,myth_game,investor,shown_label,be generous,5.5,1.0,0.0,19,5
Gemini,8-agent homogeneous,myth_game,investor,shown_label,be generous,7.5,1.0,0.0,19,5
Gemini,8-agent homogeneous,myth_game,investor,shown_label,be generous,9.5,1.0,0.0,19,4
Gemini,8-agent homogeneous,myth_game,trustee,own_label,be fair,1.5,0.4540444444444444,0.03086629298001368,15,5
Gemini,8-agent homogeneous,myth_game,trustee,own_label,be fair,3.5,0.43968888888888896,0.029876854838259918,15,5
Gemini,8-agent homogeneous,myth_game,trustee,own_label,be fair,5.5,0.4479666666666667,0.03189711164030612,20,5
Gemini,8-agent homogeneous,myth_game,trustee,own_label,be fair,7.5,0.4390526315789473,0.028302873203598033,19,5
Gemini,8-agent homogeneous,myth_game,trustee,own_label,be fair,9.5,0.4492,0.03252302827876048,20,5
Gemini,8-agent homogeneous,myth_game,trustee,own_label,be generous,1.5,0.44397333333333333,0.03044635841510017,25,5
Gemini,8-agent homogeneous,myth_game,trustee,own_label,be generous,3.5,0.44886666666666664,0.03091850099380149,25,5
Gemini,8-agent homogeneous,myth_game,trustee,own_label,be generous,5.5,0.46273333333333333,0.026197316946677544,20,4
Gemini,8-agent homogeneous,myth_game,trustee,own_label,be generous,7.5,0.4536984126984127,0.023519945380205076,21,5
Gemini,8-agent homogeneous,myth_game,trustee,own_label,be generous,9.5,0.45329999999999987,0.026535400607115713,20,5
Gemini,8-agent homogeneous,myth_game,trustee,shown_label,be fair,1.5,0.4548571428571428,0.02578174572635477,7,5
Gemini,8-agent homogeneous,myth_game,trustee,shown_label,be fair,3.5,0.4535333333333334,0.03305065856750862,15,5
Gemini,8-agent homogeneous,myth_game,trustee,shown_label,be fair,5.5,0.46483333333333327,0.02713612501898073,18,4
Gemini,8-agent homogeneous,myth_game,trustee,shown_label,be fair,7.5,0.44868749999999996,0.02497064016741201,16,5
Gemini,8-agent homogeneous,myth_game,trustee,shown_label,be fair,9.5,0.44874999999999987,0.030561198309380217,20,5
Gemini,8-agent homogeneous,myth_game,trustee,shown_label,be generous,1.5,0.45871794871794874,0.02863106515199691,13,5
Gemini,8-agent homogeneous,myth_game,trustee,shown_label,be generous,3.5,0.44055999999999995,0.028400854186424022,25,5
Gemini,8-agent homogeneous,myth_game,trustee,shown_label,be generous,5.5,0.44759090909090915,0.030150229112501217,22,5
Gemini,8-agent homogeneous,myth_game,trustee,shown_label,be generous,7.5,0.44544444444444437,0.02810567819032023,24,5
Gemini,8-agent homogeneous,myth_game,trustee,shown_label,be generous,9.5,0.45375000000000004,0.028698039748040582,20,5
Gemini,8-agent mixed,game_myth,investor,own_label,be fair,1.5,1.0,0.0,3,3
Gemini,8-agent mixed,game_myth,investor,own_label,be fair,3.5,1.0,0.0,11,7
Gemini,8-agent mixed,game_myth,investor,own_label,be fair,5.5,1.0,0.0,16,10
Gemini,8-agent mixed,game_myth,investor,own_label,be fair,7.5,1.0,0.0,22,9
Gemini,8-agent mixed,game_myth,investor,own_label,be fair,9.5,1.0,0.0,25,10
Gemini,8-agent mixed,game_myth,investor,own_label,be generous,1.5,1.0,0.0,13,9
Gemini,8-agent mixed,game_myth,investor,own_label,be generous,3.5,0.875,0.3378319623460881,24,13
Gemini,8-agent mixed,game_myth,investor,own_label,be generous,5.5,1.0,0.0,19,13
Gemini,8-agent mixed,game_myth,investor,own_label,be generous,7.5,1.0,0.0,13,10
Gemini,8-agent mixed,game_myth,investor,own_label,be generous,9.5,1.0,0.0,10,8
Gemini,8-agent mixed,game_myth,investor,shown_label,be cautious,3.5,0.0,,1,1
Gemini,8-agent mixed,game_myth,investor,shown_label,be cautious,5.5,1.0,0.0,3,3
Gemini,8-agent mixed,game_myth,investor,shown_label,be cautious,7.5,1.0,0.0,3,3
Gemini,8-agent mixed,game_myth,investor,shown_label,be cautious,9.5,1.0,0.0,2,2
Gemini,8-agent mixed,game_myth,investor,shown_label,be fair,3.5,0.9642857142857143,0.18898223650461365,28,15
Gemini,8-agent mixed,game_myth,investor,shown_label,be fair,5.5,1.0,0.0,27,13
Gemini,8-agent mixed,game_myth,investor,shown_label,be fair,7.5,1.0,0.0,23,12
Gemini,8-agent mixed,game_myth,investor,shown_label,be fair,9.5,1.0,0.0,29,13
Gemini,8-agent mixed,game_myth,investor,shown_label,be generous,3.5,0.8333333333333334,0.408248290463863,6,3
Gemini,8-agent mixed,game_myth,investor,shown_label,be generous,5.5,1.0,0.0,5,5
Gemini,8-agent mixed,game_myth,investor,shown_label,be generous,7.5,1.0,0.0,9,8
Gemini,8-agent mixed,game_myth,investor,shown_label,be generous,9.5,1.0,0.0,4,2
Gemini,8-agent mixed,game_myth,trustee,own_label,be fair,1.5,0.4066666666666666,,1,1
Gemini,8-agent mixed,game_myth,trustee,own_label,be fair,3.5,0.43399876543209875,0.05687298852403424,10,6
Gemini,8-agent mixed,game_myth,trustee,own_label,be fair,5.5,0.4139523809523809,0.1072544587675446,14,9
Gemini,8-agent mixed,game_myth,trustee,own_label,be fair,7.5,0.4476583333333334,0.028098015319810057,20,9
Gemini,8-agent mixed,game_myth,trustee,own_label,be fair,9.5,0.4498076923076923,0.030574233607463672,26,11
Gemini,8-agent mixed,game_myth,trustee,own_label,be generous,1.5,0.41125925925925927,0.10062551280445975,9,6
Gemini,8-agent mixed,game_myth,trustee,own_label,be generous,3.5,0.4119,0.11637754149208814,20,10
Gemini,8-agent mixed,game_myth,trustee,own_label,be generous,5.5,0.4465166666666667,0.03876401463225084,20,12
Gemini,8-agent mixed,game_myth,trustee,own_label,be generous,7.5,0.45591851851851845,0.025509602116018534,15,10
Gemini,8-agent mixed,game_myth,trustee,own_label,be generous,9.5,0.43045370370370367,0.031099836746822533,9,9
Gemini,8-agent mixed,game_myth,trustee,shown_label,be cautious,3.5,0.48883333333333334,0.011967548714010847,4,3
Gemini,8-agent mixed,game_myth,trustee,shown_label,be cautious,5.5,0.3705833333333333,0.19365268165225882,4,3
Gemini,8-agent mixed,game_myth,trustee,shown_label,be cautious,7.5,0.4335,0.021920310216782993,2,2
Gemini,8-agent mixed,game_myth,trustee,shown_label,be cautious,9.5,0.4085,0.00353553390593278,2,2
Gemini,8-agent mixed,game_myth,trustee,shown_label,be fair,3.5,0.39315724496426246,0.11490229729407149,19,12
Gemini,8-agent mixed,game_myth,trustee,shown_label,be fair,5.5,0.4362,0.046546173809415274,25,14
Gemini,8-agent mixed,game_myth,trustee,shown_label,be fair,7.5,0.4490644444444444,0.02757669663920724,25,14
Gemini,8-agent mixed,game_myth,trustee,shown_label,be fair,9.5,0.4438027777777778,0.03052161851866187,30,15
Gemini,8-agent mixed,game_myth,trustee,shown_label,be generous,3.5,0.4503809523809524,0.045707373816092516,7,4
Gemini,8-agent mixed,game_myth,trustee,shown_label,be generous,5.5,0.46766666666666656,0.010954451150103323,5,4
Gemini,8-agent mixed,game_myth,trustee,shown_label,be generous,7.5,0.46229166666666666,0.02460832063437983,8,5
Gemini,8-agent mixed,game_myth,trustee,shown_label,be generous,9.5,0.47933333333333333,0.013051181300301298,3,3
Gemini,8-agent mixed,myth_game,investor,own_label,be fair,1.5,1.0,0.0,9,8
Gemini,8-agent mixed,myth_game,investor,own_label,be fair,3.5,1.0,0.0,17,10
Gemini,8-agent mixed,myth_game,investor,own_label,be fair,5.5,1.0,0.0,21,12
Gemini,8-agent mixed,myth_game,investor,own_label,be fair,7.5,1.0,0.0,23,10
Gemini,8-agent mixed,myth_game,investor,own_label,be fair,9.5,1.0,0.0,25,14
Gemini,8-agent mixed,myth_game,investor,own_label,be generous,1.5,1.0,0.0,26,13
Gemini,8-agent mixed,myth_game,investor,own_label,be generous,3.5,1.0,0.0,18,11
Gemini,8-agent mixed,myth_game,investor,own_label,be generous,5.5,1.0,0.0,14,10
Gemini,8-agent mixed,myth_game,investor,own_label,be generous,7.5,1.0,0.0,12,9
Gemini,8-agent mixed,myth_game,investor,own_label,be generous,9.5,1.0,0.0,10,8
Gemini,8-agent mixed,myth_game,investor,shown_label,be cautious,3.5,1.0,0.0,5,5
Gemini,8-agent mixed,myth_game,investor,shown_label,be cautious,5.5,1.0,,1,1
Gemini,8-agent mixed,myth_game,investor,shown_label,be cautious,7.5,1.0,0.0,2,1
Gemini,8-agent mixed,myth_game,investor,shown_label,be cautious,9.5,1.0,,1,1
Gemini,8-agent mixed,myth_game,investor,shown_label,be fair,1.5,1.0,0.0,12,8
Gemini,8-agent mixed,myth_game,investor,shown_label,be fair,3.5,1.0,0.0,24,13
Gemini,8-agent mixed,myth_game,investor,shown_label,be fair,5.5,1.0,0.0,29,14
Gemini,8-agent mixed,myth_game,investor,shown_label,be fair,7.5,1.0,0.0,25,13
Gemini,8-agent mixed,myth_game,investor,shown_label,be fair,9.5,1.0,0.0,29,14
Gemini,8-agent mixed,myth_game,investor,shown_label,be generous,1.5,1.0,0.0,4,4
Gemini,8-agent mixed,myth_game,investor,shown_label,be generous,3.5,1.0,0.0,6,5
Gemini,8-agent mixed,myth_game,investor,shown_label,be generous,5.5,1.0,0.0,5,4
Gemini,8-agent mixed,myth_game,investor,shown_label,be generous,7.5,1.0,0.0,8,6
Gemini,8-agent mixed,myth_game,investor,shown_label,be generous,9.5,1.0,0.0,5,4
Gemini,8-agent mixed,myth_game,trustee,own_label,be fair,1.5,0.42679999999999996,0.046936690863817195,10,9
Gemini,8-agent mixed,myth_game,trustee,own_label,be fair,3.5,0.45118181818181813,0.034154994310695436,11,7
Gemini,8-agent mixed,myth_game,trustee,own_label,be fair,5.5,0.4541,0.03464031736721803,15,8
Gemini,8-agent mixed,myth_game,trustee,own_label,be fair,7.5,0.44925,0.02632053319817547,20,11
Gemini,8-agent mixed,myth_game,trustee,own_label,be fair,9.5,0.4445066666666666,0.03254215499704734,25,12
Gemini,8-agent mixed,myth_game,trustee,own_label,be generous,1.5,0.43681111111111115,0.034306062334964554,20,11
Gemini,8-agent mixed,myth_game,trustee,own_label,be generous,3.5,0.4541515151515151,0.032869748925423735,22,11
Gemini,8-agent mixed,myth_game,trustee,own_label,be generous,5.5,0.44171666666666665,0.02817681743802291,20,12
Gemini,8-agent mixed,myth_game,trustee,own_label,be generous,7.5,0.45735555555555546,0.02295940747350401,15,12
Gemini,8-agent mixed,myth_game,trustee,own_label,be generous,9.5,0.4469999999999999,0.030121974260219633,10,9
Gemini,8-agent mixed,myth_game,trustee,shown_label,be cautious,1.5,0.4373333333333333,0.04336921591277485,2,2
Gemini,8-agent mixed,myth_game,trustee,shown_label,be cautious,3.5,0.43222222222222223,0.022354053406568163,3,3
Gemini,8-agent mixed,myth_game,trustee,shown_label,be cautious,5.5,0.4385,0.03181980515339467,2,2
Gemini,8-agent mixed,myth_game,trustee,shown_label,be cautious,7.5,0.4366666666666666,,1,1
Gemini,8-agent mixed,myth_game,trustee,shown_label,be cautious,9.5,0.44699999999999995,0.06505382386916243,2,2
Gemini,8-agent mixed,myth_game,trustee,shown_label,be fair,1.5,0.4425252525252525,0.04013511411421075,11,7
Gemini,8-agent mixed,myth_game,trustee,shown_label,be fair,3.5,0.45586363636363636,0.03420335375908931,22,14
Gemini,8-agent mixed,myth_game,trustee,shown_label,be fair,5.5,0.44506172839506175,0.03198557861963411,27,13
Gemini,8-agent mixed,myth_game,trustee,shown_label,be fair,7.5,0.4516410256410256,0.026156949036651483,26,13
Gemini,8-agent mixed,myth_game,trustee,shown_label,be fair,9.5,0.4390266666666666,0.029645735437489672,25,14
Gemini,8-agent mixed,myth_game,trustee,shown_label,be generous,1.5,0.46499999999999997,0.029698484809834984,2,2
Gemini,8-agent mixed,myth_game,trustee,shown_label,be generous,3.5,0.45358333333333334,0.03245888730501041,8,6
Gemini,8-agent mixed,myth_game,trustee,shown_label,be generous,5.5,0.45869444444444446,0.03006482194390179,6,5
Gemini,8-agent mixed,myth_game,trustee,shown_label,be generous,7.5,0.45825000000000005,0.02225947274721769,8,5
Gemini,8-agent mixed,myth_game,trustee,shown_label,be generous,9.5,0.464125,0.025289396422781055,8,7
Sonnet,2-agent homogeneous,game_myth,investor,own_label,be fair,1.5,0.5,0.0,2,2
Sonnet,2-agent homogeneous,game_myth,investor,own_label,be fair,3.5,0.6333333333333334,0.10327955589886445,6,5
Sonnet,2-agent homogeneous,game_myth,investor,own_label,be fair,5.5,0.5833333333333334,0.11690451944500123,6,5
Sonnet,2-agent homogeneous,game_myth,investor,own_label,be fair,7.5,0.58,0.08366600265340754,5,4
Sonnet,2-agent homogeneous,game_myth,investor,own_label,be fair,9.5,0.605,0.08336666000266531,6,4
Sonnet,2-agent homogeneous,game_myth,investor,own_label,be generous,1.5,0.6333333333333333,0.05773502691896256,3,3
Sonnet,2-agent homogeneous,game_myth,investor,own_label,be generous,3.5,0.625,0.09574271077563379,4,4
Sonnet,2-agent homogeneous,game_myth,investor,own_label,be generous,5.5,0.6375,0.0478713553878169,4,4
Sonnet,2-agent homogeneous,game_myth,investor,own_label,be generous,7.5,0.64,0.11401754250991382,5,4
Sonnet,2-agent homogeneous,game_myth,investor,own_label,be generous,9.5,0.625,0.1258305739211792,4,3
Sonnet,2-agent homogeneous,game_myth,investor,shown_label,be fair,3.5,0.575,0.09574271077563379,4,3
Sonnet,2-agent homogeneous,game_myth,investor,shown_label,be fair,5.5,0.6416666666666667,0.10206207261596577,6,5
Sonnet,2-agent homogeneous,game_myth,investor,shown_label,be fair,7.5,0.5666666666666667,0.08164965809277258,6,4
Sonnet,2-agent homogeneous,game_myth,investor,shown_label,be fair,9.5,0.6216666666666667,0.11143009766964519,6,4
Sonnet,2-agent homogeneous,game_myth,investor,shown_label,be generous,3.5,0.6666666666666666,0.08164965809277262,6,4
Sonnet,2-agent homogeneous,game_myth,investor,shown_label,be generous,5.5,0.55,0.05773502691896256,4,4
Sonnet,2-agent homogeneous,game_myth,investor,shown_label,be generous,7.5,0.675,0.09574271077563384,4,3
Sonnet,2-agent homogeneous,game_myth,investor,shown_label,be generous,9.5,0.6,0.08164965809277258,4,3
Sonnet,2-agent homogeneous,game_myth,trustee,own_label,be fair,1.5,0.43134920634920637,0.05293716236715015,4,4
Sonnet,2-agent homogeneous,game_myth,trustee,own_label,be fair,3.5,0.4236111111111111,0.0505465841383214,4,3
Sonnet,2-agent homogeneous,game_myth,trustee,own_label,be fair,5.5,0.42749973835688115,0.04603196804461188,7,5
Sonnet,2-agent homogeneous,game_myth,trustee,own_label,be fair,7.5,0.41605442176870744,0.0457152436491554,7,4
Sonnet,2-agent homogeneous,game_myth,trustee,own_label,be fair,9.5,0.4444444444444444,0.03928371006591928,2,2
Sonnet,2-agent homogeneous,game_myth,trustee,own_label,be generous,1.5,0.488,,1,1
Sonnet,2-agent homogeneous,game_myth,trustee,own_label,be generous,3.5,0.41368783068783066,0.05013244405326763,6,4
Sonnet,2-agent homogeneous,game_myth,trustee,own_label,be generous,5.5,0.47851851851851857,0.08321720303313754,3,3
Sonnet,2-agent homogeneous,game_myth,trustee,own_label,be generous,7.5,0.4681481481481482,0.09587371666585742,3,2
Sonnet,2-agent homogeneous,game_myth,trustee,own_label,be generous,9.5,0.414177897574124,0.08314828878782957,8,5
Sonnet,2-agent homogeneous,game_myth,trustee,shown_label,be fair,3.5,0.41284353741496593,0.053986656859687544,7,5
Sonnet,2-agent homogeneous,game_myth,trustee,shown_label,be fair,5.5,0.4695502645502645,0.058832379224514605,6,5
Sonnet,2-agent homogeneous,game_myth,trustee,shown_label,be fair,7.5,0.452989417989418,0.072259743727293,6,4
Sonnet,2-agent homogeneous,game_myth,trustee,shown_label,be fair,9.5,0.44827193770589996,0.0315141719864928,5,3
Sonnet,2-agent homogeneous,game_myth,trustee,shown_label,be generous,3.5,0.4288888888888889,0.03492496365667045,3,3
Sonnet,2-agent homogeneous,game_myth,trustee,shown_label,be generous,5.5,0.4026880341880342,0.03648926162240427,4,4
Sonnet,2-agent homogeneous,game_myth,trustee,shown_label,be generous,7.5,0.3997222222222222,0.03514081022415217,4,3
Sonnet,2-agent homogeneous,game_myth,trustee,shown_label,be generous,9.5,0.39219047619047614,0.09945976522171758,5,3
Sonnet,2-agent homogeneous,myth_game,investor,own_label,be cautious,1.5,0.424,,1,1
Sonnet,2-agent homogeneous,myth_game,investor,own_label,be fair,1.5,0.72,0.1788854381999832,5,3
Sonnet,2-agent homogeneous,myth_game,investor,own_label,be fair,3.5,0.64675,0.17565855678397388,8,4
Sonnet,2-agent homogeneous,myth_game,investor,own_label,be fair,5.5,0.6105714285714285,0.1429998334997366,7,4
Sonnet,2-agent homogeneous,myth_game,investor,own_label,be fair,7.5,0.639142857142857,0.1595571251636109,7,4
Sonnet,2-agent homogeneous,myth_game,investor,own_label,be fair,9.5,0.6916666666666665,0.12006942436218586,6,4
Sonnet,2-agent homogeneous,myth_game,investor,own_label,be generous,1.5,0.75,0.23804761428476168,4,3
Sonnet,2-agent homogeneous,myth_game,investor,own_label,be generous,3.5,0.6,0.0,2,1
Sonnet,2-agent homogeneous,myth_game,investor,own_label,be generous,5.5,0.7333333333333334,0.11547005383792519,3,2
Sonnet,2-agent homogeneous,myth_game,investor,own_label,be generous,7.5,0.6666666666666666,0.11547005383792519,3,2
Sonnet,2-agent homogeneous,myth_game,investor,own_label,be generous,9.5,0.581,0.16282096507104565,4,3
Sonnet,2-agent homogeneous,myth_game,investor,shown_label,be cautious,3.5,0.4,,1,1
Sonnet,2-agent homogeneous,myth_game,investor,shown_label,be fair,1.5,0.7,0.14142135623730953,2,2
Sonnet,2-agent homogeneous,myth_game,investor,shown_label,be fair,3.5,0.6534285714285714,0.14916082723340063,7,5
Sonnet,2-agent homogeneous,myth_game,investor,shown_label,be fair,5.5,0.639142857142857,0.1595571251636109,7,4
Sonnet,2-agent homogeneous,myth_game,investor,shown_label,be fair,7.5,0.6105714285714285,0.1429998334997366,7,4
Sonnet,2-agent homogeneous,myth_game,investor,shown_label,be fair,9.5,0.6928571428571428,0.13671311638052946,7,4
Sonnet,2-agent homogeneous,myth_game,investor,shown_label,be generous,1.5,0.6413333333333333,0.24067682342372176,3,3
Sonnet,2-agent homogeneous,myth_game,investor,shown_label,be generous,3.5,0.7,0.14142135623730953,2,2
Sonnet,2-agent homogeneous,myth_game,investor,shown_label,be generous,5.5,0.6666666666666666,0.11547005383792519,3,2
Sonnet,2-agent homogeneous,myth_game,investor,shown_label,be generous,7.5,0.7333333333333334,0.11547005383792519,3,2
Sonnet,2-agent homogeneous,myth_game,investor,shown_label,be generous,9.5,0.5413333333333333,0.10161364737737413,3,2
Sonnet,2-agent homogeneous,myth_game,trustee,own_label,be fair,1.5,0.48378576420085856,0.13530493736284885,7,5
Sonnet,2-agent homogeneous,myth_game,trustee,own_label,be fair,3.5,0.4507676873557377,0.1048317217328442,9,5
Sonnet,2-agent homogeneous,myth_game,trustee,own_label,be fair,5.5,0.499583857442348,0.08598664601630494,7,4
Sonnet,2-agent homogeneous,myth_game,trustee,own_label,be fair,7.5,0.4920998529772115,0.12167528032051658,7,5
Sonnet,2-agent homogeneous,myth_game,trustee,own_label,be fair,9.5,0.44557874340893205,0.13812737775980857,6,4
Sonnet,2-agent homogeneous,myth_game,trustee,own_label,be generous,1.5,0.48740740740740734,0.09941392041367478,3,3
Sonnet,2-agent homogeneous,myth_game,trustee,own_label,be generous,3.5,0.5,,1,1
Sonnet,2-agent homogeneous,myth_game,trustee,own_label,be generous,5.5,0.499040404040404,0.1961735853893948,3,2
Sonnet,2-agent homogeneous,myth_game,trustee,own_label,be generous,7.5,0.4901851851851852,0.16253236461494402,3,3
Sonnet,2-agent homogeneous,myth_game,trustee,own_label,be generous,9.5,0.5431111111111111,0.04503167609418789,4,3
Sonnet,2-agent homogeneous,myth_game,trustee,shown_label,be fair,1.5,0.5164197530864197,0.1345093881167442,3,3
Sonnet,2-agent homogeneous,myth_game,trustee,shown_label,be fair,3.5,0.4436414260529826,0.10884311547706514,8,5
Sonnet,2-agent homogeneous,myth_game,trustee,shown_label,be fair,5.5,0.48213424602418314,0.10864890656223583,9,5
Sonnet,2-agent homogeneous,myth_game,trustee,shown_label,be fair,7.5,0.5214397274633124,0.11435079167928122,6,4
Sonnet,2-agent homogeneous,myth_game,trustee,shown_label,be fair,9.5,0.4723621933621933,0.12604651571685943,7,5
Sonnet,2-agent homogeneous,myth_game,trustee,shown_label,be generous,1.5,0.4481761006289309,0.23356759841457536,2,2
Sonnet,2-agent homogeneous,myth_game,trustee,shown_label,be generous,3.5,0.5038888888888888,0.03692668746196423,2,2
Sonnet,2-agent homogeneous,myth_game,trustee,shown_label,be generous,5.5,0.655,,1,1
Sonnet,2-agent homogeneous,myth_game,trustee,shown_label,be generous,7.5,0.44665404040404044,0.14476072819204508,4,3
Sonnet,2-agent homogeneous,myth_game,trustee,shown_label,be generous,9.5,0.5131271837875612,0.11290145373116672,3,3
Sonnet,2-agent mixed,game_myth,investor,own_label,be cautious,3.5,0.0,,1,1
Sonnet,2-agent mixed,game_myth,investor,own_label,be cautious,5.5,0.1,,1,1
Sonnet,2-agent mixed,game_myth,investor,own_label,be cautious,7.5,0.16,,1,1
Sonnet,2-agent mixed,game_myth,investor,own_label,be fair,1.5,0.6,,1,1
Sonnet,2-agent mixed,game_myth,investor,own_label,be fair,3.5,0.8075,0.18328354302243596,8,8
Sonnet,2-agent mixed,game_myth,investor,own_label,be fair,5.5,0.85625,0.1498511165886232,8,8
Sonnet,2-agent mixed,game_myth,investor,own_label,be fair,7.5,0.86,0.16733200530681513,5,5
Sonnet,2-agent mixed,game_myth,investor,own_label,be fair,9.5,0.8200000000000001,0.3298484500494129,8,8
Sonnet,2-agent mixed,game_myth,investor,own_label,be generous,1.5,0.8376000000000001,0.1505616152942044,5,5
Sonnet,2-agent mixed,game_myth,investor,own_label,be generous,3.5,0.9666666666666667,0.05773502691896256,3,3
Sonnet,2-agent mixed,game_myth,investor,own_label,be generous,5.5,0.9833333333333334,0.028867513459481315,3,3
Sonnet,2-agent mixed,game_myth,investor,own_label,be generous,7.5,0.9583333333333334,0.0664580067912563,6,6
Sonnet,2-agent mixed,game_myth,investor,own_label,be generous,9.5,0.95,0.07071067811865477,4,4
Sonnet,2-agent mixed,game_myth,investor,shown_label,be cautious,3.5,0.8,,1,1
Sonnet,2-agent mixed,game_myth,investor,shown_label,be cautious,7.5,0.16,,1,1
Sonnet,2-agent mixed,game_myth,investor,shown_label,be fair,3.5,0.55,0.41231056256176607,4,4
Sonnet,2-agent mixed,game_myth,investor,shown_label,be fair,5.5,0.7071428571428571,0.29780946289612126,7,7
Sonnet,2-agent mixed,game_myth,investor,shown_label,be fair,7.5,0.8916666666666666,0.15625833311112297,6,6
Sonnet,2-agent mixed,game_myth,investor,shown_label,be fair,9.5,0.8233333333333334,0.30870698080866266,9,9
Sonnet,2-agent mixed,game_myth,investor,shown_label,be generous,3.5,0.9085714285714285,0.1432280898227918,7,7
Sonnet,2-agent mixed,game_myth,investor,shown_label,be generous,5.5,0.99,0.022360679774997918,5,5
Sonnet,2-agent mixed,game_myth,investor,shown_label,be generous,7.5,0.9399999999999998,0.08944271909999157,5,5
Sonnet,2-agent mixed,game_myth,investor,shown_label,be generous,9.5,0.9833333333333334,0.028867513459481315,3,3
Sonnet,2-agent mixed,game_myth,trustee,own_label,be cautious,1.5,0.4666666666666667,,1,1
Sonnet,2-agent mixed,game_myth,trustee,own_label,be cautious,3.5,0.2333333333333333,,1,1
Sonnet,2-agent mixed,game_myth,trustee,own_label,be cautious,5.5,0.4333333333333333,,1,1
Sonnet,2-agent mixed,game_myth,trustee,own_label,be cautious,9.5,0.3,0.4242640687119285,2,2
Sonnet,2-agent mixed,game_myth,trustee,own_label,be fair,1.5,0.3148148148148148,0.2740490479064582,3,3
Sonnet,2-agent mixed,game_myth,trustee,own_label,be fair,3.5,0.5018888888888889,0.09752165951251074,6,6
Sonnet,2-agent mixed,game_myth,trustee,own_label,be fair,5.5,0.5330740740740741,0.08636419201585481,6,6
Sonnet,2-agent mixed,game_myth,trustee,own_label,be fair,7.5,0.3982,0.2109575523390639,5,5
Sonnet,2-agent mixed,game_myth,trustee,own_label,be fair,9.5,0.5361925925925927,0.08937885947617594,5,5
Sonnet,2-agent mixed,game_myth,trustee,own_label,be generous,1.5,0.4277777777777778,0.05499719409228703,2,2
Sonnet,2-agent mixed,game_myth,trustee,own_label,be generous,3.5,0.47984126984126985,0.057229872020202244,5,5
Sonnet,2-agent mixed,game_myth,trustee,own_label,be generous,5.5,0.5050666666666667,0.03633975478422739,5,5
Sonnet,2-agent mixed,game_myth,trustee,own_label,be generous,7.5,0.5038095238095238,0.05172679552863658,7,7
Sonnet,2-agent mixed,game_myth,trustee,own_label,be generous,9.5,0.5081333333333333,0.05935842166215528,5,5
Sonnet,2-agent mixed,game_myth,trustee,shown_label,be cautious,5.5,0.5,0.09428090415820635,2,2
Sonnet,2-agent mixed,game_myth,trustee,shown_label,be cautious,7.5,0.0416666666666666,,1,1
Sonnet,2-agent mixed,game_myth,trustee,shown_label,be fair,3.5,0.4245714285714286,0.12237202116752771,6,6
Sonnet,2-agent mixed,game_myth,trustee,shown_label,be fair,5.5,0.5263555555555556,0.09478886218887601,5,5
Sonnet,2-agent mixed,game_myth,trustee,shown_label,be fair,7.5,0.4965833333333333,0.06949837271133628,8,8
Sonnet,2-agent mixed,game_myth,trustee,shown_label,be fair,9.5,0.45356613756613756,0.21028094268841083,7,7
Sonnet,2-agent mixed,game_myth,trustee,shown_label,be generous,3.5,0.516074074074074,0.06819994810709684,6,6
Sonnet,2-agent mixed,game_myth,trustee,shown_label,be generous,5.5,0.5050666666666667,0.03633975478422739,5,5
Sonnet,2-agent mixed,game_myth,trustee,shown_label,be generous,7.5,0.5011111111111111,0.03168128317640724,3,3
Sonnet,2-agent mixed,game_myth,trustee,shown_label,be generous,9.5,0.5293333333333333,0.08400132274090821,5,5
Sonnet,2-agent mixed,myth_game,investor,own_label,be cautious,7.5,1.0,,1,1
Sonnet,2-agent mixed,myth_game,investor,own_label,be cautious,9.5,1.0,,1,1
Sonnet,2-agent mixed,myth_game,investor,own_label,be fair,1.5,0.7375,0.19226098333849673,8,8
Sonnet,2-agent mixed,myth_game,investor,own_label,be fair,3.5,0.825,0.19086270308410552,8,8
Sonnet,2-agent mixed,myth_game,investor,own_label,be fair,5.5,0.6833333333333332,0.2562550812504343,6,6
Sonnet,2-agent mixed,myth_game,investor,own_label,be fair,7.5,0.8533333333333334,0.19252705437591536,6,6
Sonnet,2-agent mixed,myth_game,investor,own_label,be fair,9.5,0.8666666666666667,0.19663841605003501,6,6
Sonnet,2-agent mixed,myth_game,investor,own_label,be generous,1.5,0.7649999999999999,0.19209372712298545,4,4
Sonnet,2-agent mixed,myth_game,investor,own_label,be generous,3.5,0.8525,0.2689950433248415,4,4
Sonnet,2-agent mixed,myth_game,investor,own_label,be generous,5.5,0.9833333333333334,0.04082482904638629,6,6
Sonnet,2-agent mixed,myth_game,investor,own_label,be generous,7.5,0.8460000000000001,0.24815317850069943,5,5
Sonnet,2-agent mixed,myth_game,investor,own_label,be generous,9.5,0.8100000000000002,0.26551836094703507,5,5
Sonnet,2-agent mixed,myth_game,investor,shown_label,be cautious,3.5,0.7,,1,1
Sonnet,2-agent mixed,myth_game,investor,shown_label,be cautious,7.5,0.9,0.14142135623730948,2,2
Sonnet,2-agent mixed,myth_game,investor,shown_label,be cautious,9.5,0.9,0.14142135623730948,2,2
Sonnet,2-agent mixed,myth_game,investor,shown_label,be fair,1.5,0.6333333333333333,0.1527525231651947,3,3
Sonnet,2-agent mixed,myth_game,investor,shown_label,be fair,3.5,0.7916666666666666,0.2416954005906332,6,6
Sonnet,2-agent mixed,myth_game,investor,shown_label,be fair,5.5,0.8000000000000002,0.24494897427831783,6,6
Sonnet,2-agent mixed,myth_game,investor,shown_label,be fair,7.5,0.8533333333333334,0.19252705437591536,6,6
Sonnet,2-agent mixed,myth_game,investor,shown_label,be fair,9.5,0.8571428571428571,0.21491969707422395,7,7
Sonnet,2-agent mixed,myth_game,investor,shown_label,be generous,1.5,0.7533333333333333,0.3074627348693388,3,3
Sonnet,2-agent mixed,myth_game,investor,shown_label,be generous,3.5,0.9120000000000001,0.17527121840165316,5,5
Sonnet,2-agent mixed,myth_game,investor,shown_label,be generous,5.5,0.8666666666666667,0.24221202832779934,6,6
Sonnet,2-agent mixed,myth_game,investor,shown_label,be generous,7.5,0.8575,0.28500000000000003,4,4
Sonnet,2-agent mixed,myth_game,investor,shown_label,be generous,9.5,0.8166666666666668,0.31754264805429416,3,3
Sonnet,2-agent mixed,myth_game,trustee,own_label,be cautious,1.5,0.4666666666666667,,1,1
Sonnet,2-agent mixed,myth_game,trustee,own_label,be cautious,3.5,0.43020257826887665,0.042712895806480196,2,2
Sonnet,2-agent mixed,myth_game,trustee,own_label,be cautious,5.5,0.4666666666666667,,1,1
Sonnet,2-agent mixed,myth_game,trustee,own_label,be cautious,9.5,0.6666666666666666,,1,1
Sonnet,2-agent mixed,myth_game,trustee,own_label,be fair,1.5,0.4303314917127071,0.1213500763234636,5,5
Sonnet,2-agent mixed,myth_game,trustee,own_label,be fair,3.5,0.5223667861409796,0.11419239192539056,6,6
Sonnet,2-agent mixed,myth_game,trustee,own_label,be fair,5.5,0.48196467603434817,0.04901934358980644,8,8
Sonnet,2-agent mixed,myth_game,trustee,own_label,be fair,7.5,0.4342024269167126,0.08367909722565574,7,7
Sonnet,2-agent mixed,myth_game,trustee,own_label,be fair,9.5,0.45901525054466225,0.02434638563552896,6,6
Sonnet,2-agent mixed,myth_game,trustee,own_label,be generous,1.5,0.47979231129864036,0.06645843723898148,6,6
Sonnet,2-agent mixed,myth_game,trustee,own_label,be generous,3.5,0.4672222222222222,0.04670421769623477,4,4
Sonnet,2-agent mixed,myth_game,trustee,own_label,be generous,5.5,0.6027777777777777,0.06684005230842201,3,3
Sonnet,2-agent mixed,myth_game,trustee,own_label,be generous,7.5,0.49046666666666666,0.04637384320210406,5,5
Sonnet,2-agent mixed,myth_game,trustee,own_label,be generous,9.5,0.5406000000000001,0.10685514597913486,5,5
Sonnet,2-agent mixed,myth_game,trustee,shown_label,be cautious,3.5,0.4604051565377532,,1,1
Sonnet,2-agent mixed,myth_game,trustee,shown_label,be cautious,7.5,0.6,,1,1
Sonnet,2-agent mixed,myth_game,trustee,shown_label,be cautious,9.5,0.6666666666666666,,1,1
Sonnet,2-agent mixed,myth_game,trustee,shown_label,be fair,1.5,0.41793248945147676,0.0689205343688154,2,2
Sonnet,2-agent mixed,myth_game,trustee,shown_label,be fair,3.5,0.43021792114695334,0.050324934744639234,5,5
Sonnet,2-agent mixed,myth_game,trustee,shown_label,be fair,5.5,0.4834646760343482,0.0525266494528884,8,8
Sonnet,2-agent mixed,myth_game,trustee,shown_label,be fair,7.5,0.41823616473616476,0.05119852282683305,6,6
Sonnet,2-agent mixed,myth_game,trustee,shown_label,be fair,9.5,0.4590152505446623,0.02434638563552896,6,6
Sonnet,2-agent mixed,myth_game,trustee,shown_label,be generous,1.5,0.43891436464088396,0.047437463499172786,4,4
Sonnet,2-agent mixed,myth_game,trustee,shown_label,be generous,3.5,0.5419999999999999,0.09378746658743316,6,6
Sonnet,2-agent mixed,myth_game,trustee,shown_label,be generous,5.5,0.56575,0.08634357511108143,4,4
Sonnet,2-agent mixed,myth_game,trustee,shown_label,be generous,7.5,0.4764666666666666,0.062023113971056545,5,5
Sonnet,2-agent mixed,myth_game,trustee,shown_label,be generous,9.5,0.5406000000000001,0.10685514597913486,5,5
Sonnet,8-agent homogeneous,game_myth,investor,own_label,be cautious,5.5,0.6,0.0,2,2
Sonnet,8-agent homogeneous,game_myth,investor,own_label,be cautious,7.5,0.55,0.07071067811865474,2,2
Sonnet,8-agent homogeneous,game_myth,investor,own_label,be cautious,9.5,0.6,,1,1
Sonnet,8-agent homogeneous,game_myth,investor,own_label,be fair,1.5,0.5527777777777777,0.049918233796474365,18,5
Sonnet,8-agent homogeneous,game_myth,investor,own_label,be fair,3.5,0.5848484848484848,0.0565752381856018,33,5
Sonnet,8-agent homogeneous,game_myth,investor,own_label,be fair,5.5,0.5892857142857143,0.0497347461393438,28,5
Sonnet,8-agent homogeneous,game_myth,investor,own_label,be fair,7.5,0.5884615384615384,0.043145549730400475,26,5
Sonnet,8-agent homogeneous,game_myth,investor,own_label,be fair,9.5,0.5807692307692307,0.04019184762342501,26,5
Sonnet,8-agent homogeneous,game_myth,investor,own_label,be generous,1.5,0.6,0.0,2,2
Sonnet,8-agent homogeneous,game_myth,investor,own_label,be generous,3.5,0.5714285714285714,0.04879500364742665,7,4
Sonnet,8-agent homogeneous,game_myth,investor,own_label,be generous,5.5,0.5599999999999999,0.05163977794943222,10,5
Sonnet,8-agent homogeneous,game_myth,investor,own_label,be generous,7.5,0.5749999999999998,0.04522670168666454,12,5
Sonnet,8-agent homogeneous,game_myth,investor,own_label,be generous,9.5,0.5923076923076921,0.027735009811261452,13,5
Sonnet,8-agent homogeneous,game_myth,investor,shown_label,be cautious,3.5,0.5333333333333333,0.05773502691896256,3,3
Sonnet,8-agent homogeneous,game_myth,investor,shown_label,be cautious,7.5,0.6,0.0,2,2
Sonnet,8-agent homogeneous,game_myth,investor,shown_label,be cautious,9.5,0.6,0.0,2,1
Sonnet,8-agent homogeneous,game_myth,investor,shown_label,be fair,3.5,0.5766666666666668,0.04301830671520762,30,5
Sonnet,8-agent homogeneous,game_myth,investor,shown_label,be fair,5.5,0.590625,0.04655468515281161,32,5
Sonnet,8-agent homogeneous,game_myth,investor,shown_label,be fair,7.5,0.5821428571428572,0.04755948656056708,28,5
Sonnet,8-agent homogeneous,game_myth,investor,shown_label,be fair,9.5,0.5821428571428572,0.03900210277874797,28,5
Sonnet,8-agent homogeneous,game_myth,investor,shown_label,be generous,3.5,0.6285714285714287,0.07559289460184548,7,4
Sonnet,8-agent homogeneous,game_myth,investor,shown_label,be generous,5.5,0.55,0.053452248382484864,8,4
Sonnet,8-agent homogeneous,game_myth,investor,shown_label,be generous,7.5,0.5799999999999998,0.04216370213557838,10,4
Sonnet,8-agent homogeneous,game_myth,investor,shown_label,be generous,9.5,0.5899999999999999,0.03162277660168379,10,4
Sonnet,8-agent homogeneous,game_myth,trustee,own_label,be cautious,1.5,0.45111111111111113,0.051878300133016676,5,4
Sonnet,8-agent homogeneous,game_myth,trustee,own_label,be cautious,3.5,0.4155,0.05350908541754593,4,3
Sonnet,8-agent homogeneous,game_myth,trustee,own_label,be cautious,5.5,0.36592592592592593,0.0683250521931864,3,3
Sonnet,8-agent homogeneous,game_myth,trustee,own_label,be cautious,9.5,0.3516666666666667,,1,1
Sonnet,8-agent homogeneous,game_myth,trustee,own_label,be fair,1.5,0.41282828282828293,0.0379854390824632,12,5
Sonnet,8-agent homogeneous,game_myth,trustee,own_label,be fair,3.5,0.3987164750957854,0.05387602191509552,29,5
Sonnet,8-agent homogeneous,game_myth,trustee,own_label,be fair,5.5,0.42022607022607017,0.04753890462143803,33,5
Sonnet,8-agent homogeneous,game_myth,trustee,own_label,be fair,7.5,0.40458024691358024,0.04777304599020709,36,5
Sonnet,8-agent homogeneous,game_myth,trustee,own_label,be fair,9.5,0.42135632183908045,0.04849863522244165,29,5
Sonnet,8-agent homogeneous,game_myth,trustee,own_label,be generous,1.5,0.41,0.07218802609235907,3,2
Sonnet,8-agent homogeneous,game_myth,trustee,own_label,be generous,3.5,0.4142857142857143,0.06373630272096514,7,4
Sonnet,8-agent homogeneous,game_myth,trustee,own_label,be generous,5.5,0.4186111111111111,0.06449152175752111,4,3
Sonnet,8-agent homogeneous,game_myth,trustee,own_label,be generous,7.5,0.4062301587301587,0.05231330809407576,4,3
Sonnet,8-agent homogeneous,game_myth,trustee,own_label,be generous,9.5,0.4004888888888888,0.05723350482081342,10,4
Sonnet,8-agent homogeneous,game_myth,trustee,shown_label,be cautious,3.5,0.43083333333333335,0.06517071598672386,4,3
Sonnet,8-agent homogeneous,game_myth,trustee,shown_label,be cautious,5.5,0.41962962962962963,0.06948369261268897,6,4
Sonnet,8-agent homogeneous,game_myth,trustee,shown_label,be fair,3.5,0.3976481481481482,0.05444711920346052,30,5
Sonnet,8-agent homogeneous,game_myth,trustee,shown_label,be fair,5.5,0.41652841781874045,0.04951064371758302,31,5
Sonnet,8-agent homogeneous,game_myth,trustee,shown_label,be fair,7.5,0.40514574314574314,0.049212958058257504,33,5
Sonnet,8-agent homogeneous,game_myth,trustee,shown_label,be fair,9.5,0.41700326797385623,0.053936464023525914,34,5
Sonnet,8-agent homogeneous,game_myth,trustee,shown_label,be generous,3.5,0.4119999999999999,0.05124427098361315,6,4
Sonnet,8-agent homogeneous,game_myth,trustee,shown_label,be generous,5.5,0.40317460317460313,0.04478328882433615,3,3
Sonnet,8-agent homogeneous,game_myth,trustee,shown_label,be generous,7.5,0.40285714285714286,0.041967345442382994,7,4
Sonnet,8-agent homogeneous,game_myth,trustee,shown_label,be generous,9.5,0.39962962962962956,0.03185357445815646,6,5
Sonnet,8-agent homogeneous,myth_game,investor,own_label,be fair,1.5,0.8254545454545457,0.16494522244347185,22,5
Sonnet,8-agent homogeneous,myth_game,investor,own_label,be fair,3.5,0.8315789473684211,0.11081832770072812,19,5
Sonnet,8-agent homogeneous,myth_game,investor,own_label,be fair,5.5,0.8363636363636364,0.0902137912878521,22,5
Sonnet,8-agent homogeneous,myth_game,investor,own_label,be fair,7.5,0.8447368421052633,0.08315770967482551,19,5
Sonnet,8-agent homogeneous,myth_game,investor,own_label,be fair,9.5,0.8826086956521741,0.0984062724952183,23,5
Sonnet,8-agent homogeneous,myth_game,investor,own_label,be generous,1.5,0.7888888888888889,0.1567646752259348,18,5
Sonnet,8-agent homogeneous,myth_game,investor,own_label,be generous,3.5,0.9023809523809524,0.09939339826692524,21,5
Sonnet,8-agent homogeneous,myth_game,investor,own_label,be generous,5.5,0.9422222222222223,0.09123696074802111,18,5
Sonnet,8-agent homogeneous,myth_game,investor,own_label,be generous,7.5,0.96,0.07999999999999997,21,5
Sonnet,8-agent homogeneous,myth_game,investor,own_label,be generous,9.5,0.9388235294117646,0.09286296038660787,17,4
Sonnet,8-agent homogeneous,myth_game,investor,shown_label,be fair,1.5,0.8099999999999999,0.1286683937707919,10,5
Sonnet,8-agent homogeneous,myth_game,investor,shown_label,be fair,3.5,0.8545454545454544,0.10357254813546264,11,4
Sonnet,8-agent homogeneous,myth_game,investor,shown_label,be fair,5.5,0.8363636363636366,0.09534625892455922,22,4
Sonnet,8-agent homogeneous,myth_game,investor,shown_label,be fair,7.5,0.8475000000000001,0.08544003745317529,16,5
Sonnet,8-agent homogeneous,myth_game,investor,shown_label,be fair,9.5,0.8526315789473685,0.0904827856717728,19,4
Sonnet,8-agent homogeneous,myth_game,investor,shown_label,be generous,1.5,0.7659999999999999,0.1350061726983869,10,4
Sonnet,8-agent homogeneous,myth_game,investor,shown_label,be generous,3.5,0.8741379310344827,0.11312184459306668,29,5
Sonnet,8-agent homogeneous,myth_game,investor,shown_label,be generous,5.5,0.9422222222222223,0.08454414479016657,18,5
Sonnet,8-agent homogeneous,myth_game,investor,shown_label,be generous,7.5,0.94375,0.09006338347784996,24,5
Sonnet,8-agent homogeneous,myth_game,investor,shown_label,be generous,9.5,0.9552380952380952,0.08047478161629563,21,5
Sonnet,8-agent homogeneous,myth_game,trustee,own_label,be fair,1.5,0.4798156288156287,0.053456880685782325,13,4
Sonnet,8-agent homogeneous,myth_game,trustee,own_label,be fair,3.5,0.47998571369321646,0.06963885311018383,20,5
Sonnet,8-agent homogeneous,myth_game,trustee,own_label,be fair,5.5,0.4877389770723104,0.06420875959558929,18,5
Sonnet,8-agent homogeneous,myth_game,trustee,own_label,be fair,7.5,0.49533394607843134,0.061122916318296625,16,4
Sonnet,8-agent homogeneous,myth_game,trustee,own_label,be fair,9.5,0.502925505050505,0.06469640547526594,22,5
Sonnet,8-agent homogeneous,myth_game,trustee,own_label,be generous,1.5,0.4669581618655692,0.06350681412749973,27,5
Sonnet,8-agent homogeneous,myth_game,trustee,own_label,be generous,3.5,0.5193585978835978,0.06129312062817705,20,5
Sonnet,8-agent homogeneous,myth_game,trustee,own_label,be generous,5.5,0.5328602693602694,0.06799453868304611,22,5
Sonnet,8-agent homogeneous,myth_game,trustee,own_label,be generous,7.5,0.5310462962962963,0.06531693997776293,24,5
Sonnet,8-agent homogeneous,myth_game,trustee,own_label,be generous,9.5,0.5392592592592593,0.04932108427100314,18,5
Sonnet,8-agent homogeneous,myth_game,trustee,shown_label,be fair,1.5,0.48459939531368107,0.035882731734887346,7,3
Sonnet,8-agent homogeneous,myth_game,trustee,shown_label,be fair,3.5,0.4874066661926685,0.06744839872451451,25,5
Sonnet,8-agent homogeneous,myth_game,trustee,shown_label,be fair,5.5,0.49678525419829767,0.0656889246238118,23,5
Sonnet,8-agent homogeneous,myth_game,trustee,shown_label,be fair,7.5,0.5013110342176086,0.06158291221071992,17,5
Sonnet,8-agent homogeneous,myth_game,trustee,shown_label,be fair,9.5,0.5022880116959064,0.06400225396470245,19,4
Sonnet,8-agent homogeneous,myth_game,trustee,shown_label,be generous,1.5,0.5040042735042736,0.06647893435595577,13,5
Sonnet,8-agent homogeneous,myth_game,trustee,shown_label,be generous,3.5,0.5201146384479718,0.06536261243783777,15,5
Sonnet,8-agent homogeneous,myth_game,trustee,shown_label,be generous,5.5,0.5338921568627452,0.0702410764690392,17,5
Sonnet,8-agent homogeneous,myth_game,trustee,shown_label,be generous,7.5,0.5281811594202898,0.06697076312650288,23,5
Sonnet,8-agent homogeneous,myth_game,trustee,shown_label,be generous,9.5,0.5346455026455027,0.05391850983222668,21,5
Sonnet,8-agent mixed,game_myth,investor,own_label,be cautious,3.5,0.5545454545454546,0.18635254955935732,11,8
Sonnet,8-agent mixed,game_myth,investor,own_label,be cautious,5.5,0.5299999999999999,0.1946506842754191,10,7
Sonnet,8-agent mixed,game_myth,investor,own_label,be cautious,7.5,0.7,0.11952286093343939,8,6
Sonnet,8-agent mixed,game_myth,investor,own_label,be cautious,9.5,0.6857142857142858,0.13451854182690987,7,5
Sonnet,8-agent mixed,game_myth,investor,own_label,be fair,1.5,0.5260000000000001,0.08793937305515279,25,13
Sonnet,8-agent mixed,game_myth,investor,own_label,be fair,3.5,0.578936170212766,0.1758981182704944,47,14
Sonnet,8-agent mixed,game_myth,investor,own_label,be fair,5.5,0.6376923076923078,0.1268706185298781,65,15
Sonnet,8-agent mixed,game_myth,investor,own_label,be fair,7.5,0.646875,0.14138627714555385,64,15
Sonnet,8-agent mixed,game_myth,investor,own_label,be fair,9.5,0.6914285714285712,0.14520635705217727,70,15
Sonnet,8-agent mixed,game_myth,investor,own_label,be generous,1.5,0.6105263157894737,0.14489358870144542,19,12
Sonnet,8-agent mixed,game_myth,investor,own_label,be generous,3.5,0.5555555555555556,0.16251232694862383,27,15
Sonnet,8-agent mixed,game_myth,investor,own_label,be generous,5.5,0.6399999999999999,0.06992058987801009,10,6
Sonnet,8-agent mixed,game_myth,investor,own_label,be generous,7.5,0.7461538461538461,0.15607361839521236,13,9
Sonnet,8-agent mixed,game_myth,investor,own_label,be generous,9.5,0.6625,0.18468119248354137,8,6
Sonnet,8-agent mixed,game_myth,investor,shown_label,be cautious,3.5,0.6142857142857142,0.12149857925879118,7,6
Sonnet,8-agent mixed,game_myth,investor,shown_label,be cautious,5.5,0.6066666666666667,0.10327955589886446,15,8
Sonnet,8-agent mixed,game_myth,investor,shown_label,be cautious,7.5,0.6285714285714287,0.13827826698682308,14,9
Sonnet,8-agent mixed,game_myth,investor,shown_label,be cautious,9.5,0.6666666666666666,0.16583123951777,9,6
Sonnet,8-agent mixed,game_myth,investor,shown_label,be fair,3.5,0.567741935483871,0.17060566510724165,62,15
Sonnet,8-agent mixed,game_myth,investor,shown_label,be fair,5.5,0.6254385964912281,0.14914123430300408,57,15
Sonnet,8-agent mixed,game_myth,investor,shown_label,be fair,7.5,0.6646153846153845,0.14408197453052685,65,14
Sonnet,8-agent mixed,game_myth,investor,shown_label,be fair,9.5,0.6901408450704224,0.14258323842330015,71,15
Sonnet,8-agent mixed,game_myth,investor,shown_label,be generous,3.5,0.550625,0.1975,16,11
Sonnet,8-agent mixed,game_myth,investor,shown_label,be generous,5.5,0.6461538461538461,0.09674179220468453,13,8
Sonnet,8-agent mixed,game_myth,investor,shown_label,be generous,7.5,0.7833333333333333,0.1329160135825126,6,3
Sonnet,8-agent mixed,game_myth,investor,shown_label,be generous,9.5,0.7,0.2,5,5
Sonnet,8-agent mixed,game_myth,trustee,own_label,be cautious,1.5,0.4191111111111111,0.03765819854554215,4,4
Sonnet,8-agent mixed,game_myth,trustee,own_label,be cautious,3.5,0.3926767676767677,0.05730943633211573,11,10
Sonnet,8-agent mixed,game_myth,trustee,own_label,be cautious,5.5,0.44513227513227516,0.05614697884260708,15,9
Sonnet,8-agent mixed,game_myth,trustee,own_label,be cautious,7.5,0.41991666666666666,0.0641380073350493,10,6
Sonnet,8-agent mixed,game_myth,trustee,own_label,be cautious,9.5,0.3897742504409171,0.08615982621688466,6,4
Sonnet,8-agent mixed,game_myth,trustee,own_label,be fair,1.5,0.3833333333333333,0.11345898988987729,25,12
Sonnet,8-agent mixed,game_myth,trustee,own_label,be fair,3.5,0.40040200138026216,0.08406028503331975,46,14
Sonnet,8-agent mixed,game_myth,trustee,own_label,be fair,5.5,0.44703829503829506,0.07242717142392043,55,15
Sonnet,8-agent mixed,game_myth,trustee,own_label,be fair,7.5,0.42979542762378575,0.05892459902137647,67,15
Sonnet,8-agent mixed,game_myth,trustee,own_label,be fair,9.5,0.45015284687672746,0.060655870434517256,67,15
Sonnet,8-agent mixed,game_myth,trustee,own_label,be generous,1.5,0.42366161616161613,0.07215434402937893,8,7
Sonnet,8-agent mixed,game_myth,trustee,own_label,be generous,3.5,0.44521206349206344,0.0697101156822814,25,12
Sonnet,8-agent mixed,game_myth,trustee,own_label,be generous,5.5,0.47277210884353743,0.05614180014254319,14,9
Sonnet,8-agent mixed,game_myth,trustee,own_label,be generous,7.5,0.4892857142857142,0.07433568221785317,7,5
Sonnet,8-agent mixed,game_myth,trustee,own_label,be generous,9.5,0.4747626262626262,0.04248386833213758,11,8
Sonnet,8-agent mixed,game_myth,trustee,shown_label,be cautious,3.5,0.4125,0.06645137193806837,8,8
Sonnet,8-agent mixed,game_myth,trustee,shown_label,be cautious,5.5,0.4749605949605949,0.062396582080363,11,8
Sonnet,8-agent mixed,game_myth,trustee,shown_label,be cautious,7.5,0.426847442680776,0.041904964408815394,9,6
Sonnet,8-agent mixed,game_myth,trustee,shown_label,be cautious,9.5,0.4633128306878307,0.07169817435191347,8,6
Sonnet,8-agent mixed,game_myth,trustee,shown_label,be fair,3.5,0.40334025974025967,0.08124857932365273,55,14
Sonnet,8-agent mixed,game_myth,trustee,shown_label,be fair,5.5,0.4456444991789819,0.06717837963729063,58,15
Sonnet,8-agent mixed,game_myth,trustee,shown_label,be fair,7.5,0.43097312925170056,0.06511198047498266,70,15
Sonnet,8-agent mixed,game_myth,trustee,shown_label,be fair,9.5,0.44615083313590775,0.06319408750675176,67,15
Sonnet,8-agent mixed,game_myth,trustee,shown_label,be generous,3.5,0.4412907268170426,0.07360127285427148,19,10
Sonnet,8-agent mixed,game_myth,trustee,shown_label,be generous,5.5,0.454063492063492,0.07176496248553313,15,8
Sonnet,8-agent mixed,game_myth,trustee,shown_label,be generous,7.5,0.4821428571428571,0.034027633161801074,5,4
Sonnet,8-agent mixed,game_myth,trustee,shown_label,be generous,9.5,0.45807407407407413,0.05471125101525574,9,5
Sonnet,8-agent mixed,myth_game,investor,own_label,be cautious,1.5,0.5,,1,1
Sonnet,8-agent mixed,myth_game,investor,own_label,be cautious,5.5,0.8,,1,1
Sonnet,8-agent mixed,myth_game,investor,own_label,be cautious,7.5,0.9333333333333332,0.11547005383792512,3,2
Sonnet,8-agent mixed,myth_game,investor,own_label,be cautious,9.5,1.0,,1,1
Sonnet,8-agent mixed,myth_game,investor,own_label,be fair,1.5,0.7585416666666666,0.15612310450047184,48,15
Sonnet,8-agent mixed,myth_game,investor,own_label,be fair,3.5,0.7737704918032785,0.15984538294266565,61,15
Sonnet,8-agent mixed,myth_game,investor,own_label,be fair,5.5,0.7892307692307692,0.14829560525673557,65,15
Sonnet,8-agent mixed,myth_game,investor,own_label,be fair,7.5,0.8095238095238093,0.14420447592074265,63,15
Sonnet,8-agent mixed,myth_game,investor,own_label,be fair,9.5,0.8310606060606059,0.1323646337599144,66,15
Sonnet,8-agent mixed,myth_game,investor,own_label,be generous,1.5,0.7916666666666667,0.17627089541790095,36,14
Sonnet,8-agent mixed,myth_game,investor,own_label,be generous,3.5,0.8250000000000001,0.1452134860188238,24,14
Sonnet,8-agent mixed,myth_game,investor,own_label,be generous,5.5,0.8894736842105264,0.11969747440993464,19,12
Sonnet,8-agent mixed,myth_game,investor,own_label,be generous,7.5,0.9157894736842105,0.10678721258619792,19,12
Sonnet,8-agent mixed,myth_game,investor,own_label,be generous,9.5,0.825,0.1374665734770799,18,11
Sonnet,8-agent mixed,myth_game,investor,shown_label,be cautious,3.5,0.7,0.14142135623730953,2,2
Sonnet,8-agent mixed,myth_game,investor,shown_label,be cautious,5.5,0.95,0.07071067811865474,2,2
Sonnet,8-agent mixed,myth_game,investor,shown_label,be cautious,7.5,0.875,0.09574271077563379,4,3
Sonnet,8-agent mixed,myth_game,investor,shown_label,be cautious,9.5,0.8583333333333333,0.15625833311112294,6,5
Sonnet,8-agent mixed,myth_game,investor,shown_label,be fair,1.5,0.7503703703703706,0.16041967751642233,27,12
Sonnet,8-agent mixed,myth_game,investor,shown_label,be fair,3.5,0.7711538461538461,0.16219878684967184,52,15
Sonnet,8-agent mixed,myth_game,investor,shown_label,be fair,5.5,0.7999999999999999,0.14590366269521404,67,15
Sonnet,8-agent mixed,myth_game,investor,shown_label,be fair,7.5,0.8266129032258064,0.14813533409631394,62,15
Sonnet,8-agent mixed,myth_game,investor,shown_label,be fair,9.5,0.8305970149253731,0.13594652020037395,67,15
Sonnet,8-agent mixed,myth_game,investor,shown_label,be generous,1.5,0.7676470588235295,0.11311108542958478,17,12
Sonnet,8-agent mixed,myth_game,investor,shown_label,be generous,3.5,0.8225806451612905,0.14539527140260292,31,13
Sonnet,8-agent mixed,myth_game,investor,shown_label,be generous,5.5,0.84375,0.15041608956491323,16,9
Sonnet,8-agent mixed,myth_game,investor,shown_label,be generous,7.5,0.8657894736842104,0.13338814662787213,19,11
Sonnet,8-agent mixed,myth_game,investor,shown_label,be generous,9.5,0.8250000000000001,0.11381803659589923,12,9
Sonnet,8-agent mixed,myth_game,trustee,own_label,be cautious,1.5,0.46296296296296297,0.03902093982538051,3,3
Sonnet,8-agent mixed,myth_game,trustee,own_label,be cautious,3.5,0.4285383597883598,0.04091853234364155,6,6
Sonnet,8-agent mixed,myth_game,trustee,own_label,be cautious,5.5,0.46437830687830683,0.04342288363009622,10,6
Sonnet,8-agent mixed,myth_game,trustee,own_label,be cautious,7.5,0.5283333333333333,0.0628637562658473,4,3
Sonnet,8-agent mixed,myth_game,trustee,own_label,be cautious,9.5,0.48333333333333334,0.06009252125773314,3,3
Sonnet,8-agent mixed,myth_game,trustee,own_label,be fair,1.5,0.4272385620915033,0.08098057450603388,34,14
Sonnet,8-agent mixed,myth_game,trustee,own_label,be fair,3.5,0.4484619341563786,0.08746995157079822,54,15
Sonnet,8-agent mixed,myth_game,trustee,own_label,be fair,5.5,0.4902541762159408,0.08181617612230932,55,15
Sonnet,8-agent mixed,myth_game,trustee,own_label,be fair,7.5,0.47335222294045826,0.06771344851160076,65,15
Sonnet,8-agent mixed,myth_game,trustee,own_label,be fair,9.5,0.4919688381335439,0.06994458799220696,65,15
Sonnet,8-agent mixed,myth_game,trustee,own_label,be generous,1.5,0.453683414600408,0.08139775134695561,45,14
Sonnet,8-agent mixed,myth_game,trustee,own_label,be generous,3.5,0.47980302028218696,0.06452059055753626,24,12
Sonnet,8-agent mixed,myth_game,trustee,own_label,be generous,5.5,0.49548611111111107,0.0439361295258108,20,11
Sonnet,8-agent mixed,myth_game,trustee,own_label,be generous,7.5,0.49671643518518516,0.08918884952039852,16,12
Sonnet,8-agent mixed,myth_game,trustee,own_label,be generous,9.5,0.49671363304093563,0.08970527990460056,16,11
Sonnet,8-agent mixed,myth_game,trustee,shown_label,be cautious,3.5,0.4454365079365079,0.05338370990994402,6,5
Sonnet,8-agent mixed,myth_game,trustee,shown_label,be cautious,5.5,0.4796018518518518,0.07463703322342778,10,8
Sonnet,8-agent mixed,myth_game,trustee,shown_label,be cautious,7.5,0.5116666666666666,0.07110243002567179,5,4
Sonnet,8-agent mixed,myth_game,trustee,shown_label,be cautious,9.5,0.5075,0.039358278342352226,4,3
Sonnet,8-agent mixed,myth_game,trustee,shown_label,be fair,1.5,0.4735725512427193,0.07498190254455277,28,15
Sonnet,8-agent mixed,myth_game,trustee,shown_label,be fair,3.5,0.45658159560120337,0.0896989567629946,51,15
Sonnet,8-agent mixed,myth_game,trustee,shown_label,be fair,5.5,0.4889968864650237,0.06994518041487188,66,15
Sonnet,8-agent mixed,myth_game,trustee,shown_label,be fair,7.5,0.4750389417112697,0.07324993119163088,71,15
Sonnet,8-agent mixed,myth_game,trustee,shown_label,be fair,9.5,0.4941153125472936,0.07509456136006541,67,15
Sonnet,8-agent mixed,myth_game,trustee,shown_label,be generous,1.5,0.482550505050505,0.06345915340261055,11,8
Sonnet,8-agent mixed,myth_game,trustee,shown_label,be generous,3.5,0.45722839506172835,0.06608287128311899,27,11
Sonnet,8-agent mixed,myth_game,trustee,shown_label,be generous,5.5,0.49418577307466194,0.08127458914721745,9,7
Sonnet,8-agent mixed,myth_game,trustee,shown_label,be generous,7.5,0.5047325102880659,0.06445243346015833,9,8
Sonnet,8-agent mixed,myth_game,trustee,shown_label,be generous,9.5,0.47997435897435897,0.07166914873459765,13,9
