dataset,setting,population,family,finding,effect,ci_low,ci_high,p,holm_p,n_runs,n_obs,status,note,holm_p_lens
september,2-agent homogeneous,GPT dyads,GPT,drift: keyword round 1 -> rounds 8-10 (task orders pooled),0.2833,0.15,0.4333,0.0078,0.0391,10.0,,yes,"round 1 0.00 (±0.00) -> rounds 8-10 0.28 (±0.25); 8 of 10 runs rose; Wilcoxon, CI bootstrap over runs",
september,2-agent homogeneous,Gemini dyads,Gemini,drift: keyword round 1 -> rounds 8-10 (task orders pooled),0.2167,0.0667,0.3833,0.0625,0.1875,10.0,,no detectable effect,"round 1 0.05 (±0.16) -> rounds 8-10 0.27 (±0.32); 5 of 10 runs rose; Wilcoxon, CI bootstrap over runs",
september,2-agent homogeneous,Sonnet dyads,Sonnet,drift: keyword round 1 -> rounds 8-10 (task orders pooled),0.6667,0.45,0.8667,0.0039,0.0117,10.0,,yes,"round 1 0.05 (±0.16) -> rounds 8-10 0.72 (±0.35); 9 of 10 runs rose; Wilcoxon, CI bootstrap over runs",
september,2-agent mixed,"mixed dyads, GPT members",GPT,drift: keyword round 1 -> rounds 8-10 (task orders pooled),0.4028,0.2083,0.5698,0.003,0.0118,24.0,,yes,"round 1 0.04 (±0.20) -> rounds 8-10 0.44 (±0.39); 16 of 24 runs rose; Wilcoxon, CI bootstrap over runs",
september,2-agent mixed,"mixed dyads, Gemini members",Gemini,drift: keyword round 1 -> rounds 8-10 (task orders pooled),0.1944,0.0972,0.3056,0.0062,0.0185,24.0,,yes,"round 1 0.00 (±0.00) -> rounds 8-10 0.19 (±0.28); 9 of 24 runs rose; Wilcoxon, CI bootstrap over runs",
september,2-agent mixed,"mixed dyads, Sonnet members",Sonnet,drift: keyword round 1 -> rounds 8-10 (task orders pooled),0.4306,0.2639,0.6111,0.0011,0.0022,24.0,,yes,"round 1 0.00 (±0.00) -> rounds 8-10 0.43 (±0.46); 13 of 24 runs rose; Wilcoxon, CI bootstrap over runs",
september,8-agent homogeneous,8 GPT,GPT,drift: keyword round 1 -> rounds 8-10 (task orders pooled),0.1667,0.0875,0.2375,0.0078,0.0312,10.0,,yes,"round 1 0.09 (±0.12) -> rounds 8-10 0.25 (±0.10); 8 of 10 runs rose; Wilcoxon, CI bootstrap over runs",
september,8-agent homogeneous,8 Gemini,Gemini,drift: keyword round 1 -> rounds 8-10 (task orders pooled),0.075,-0.0042,0.1625,0.2285,0.457,10.0,,no detectable effect,"round 1 0.07 (±0.09) -> rounds 8-10 0.15 (±0.13); 7 of 10 runs rose; Wilcoxon, CI bootstrap over runs",
september,8-agent homogeneous,8 Sonnet,Sonnet,drift: keyword round 1 -> rounds 8-10 (task orders pooled),0.8542,0.7624,0.9375,0.002,0.0098,10.0,,yes,"round 1 0.04 (±0.06) -> rounds 8-10 0.89 (±0.11); 10 of 10 runs rose; Wilcoxon, CI bootstrap over runs",
september,8-agent mixed,"8-agent mixed populations, GPT members",GPT,drift: keyword round 1 -> rounds 8-10 (task orders pooled),0.3475,0.2717,0.4302,0.0,0.0,60.0,,yes,"round 1 0.03 (±0.08) -> rounds 8-10 0.38 (±0.30); 51 of 60 runs rose; Wilcoxon, CI bootstrap over runs",
september,8-agent mixed,"8-agent mixed populations, Gemini members",Gemini,drift: keyword round 1 -> rounds 8-10 (task orders pooled),0.1944,0.0944,0.3028,0.0022,0.0066,30.0,,yes,"round 1 0.07 (±0.21) -> rounds 8-10 0.27 (±0.21); 21 of 30 runs rose; Wilcoxon, CI bootstrap over runs",
september,8-agent mixed,"8-agent mixed populations, Sonnet members",Sonnet,drift: keyword round 1 -> rounds 8-10 (task orders pooled),0.7745,0.6823,0.8536,0.0,0.0,30.0,,yes,"round 1 0.02 (±0.07) -> rounds 8-10 0.80 (±0.23); 30 of 30 runs rose; Wilcoxon, CI bootstrap over runs",
september,all settings,all GPT runs,GPT,drift: keyword round 1 -> rounds 8-10 (task orders pooled),0.3367,0.2662,0.3984,0.0,0.0,104.0,,yes,"round 1 0.04 (±0.12) -> rounds 8-10 0.37 (±0.31); 83 of 104 runs rose; Wilcoxon, CI bootstrap over runs",
september,all settings,all Gemini runs,Gemini,drift: keyword round 1 -> rounds 8-10 (task orders pooled),0.1813,0.1211,0.2399,0.0,0.0,74.0,,yes,"round 1 0.05 (±0.15) -> rounds 8-10 0.23 (±0.24); 42 of 74 runs rose; Wilcoxon, CI bootstrap over runs",
september,all settings,all Sonnet runs,Sonnet,drift: keyword round 1 -> rounds 8-10 (task orders pooled),0.6591,0.5744,0.7435,0.0,0.0,74.0,,yes,"round 1 0.02 (±0.08) -> rounds 8-10 0.68 (±0.37); 62 of 74 runs rose; Wilcoxon, CI bootstrap over runs",
september,2-agent homogeneous,GPT dyads,GPT,drift: GLM judge flag round 1 -> rounds 8-10 (task orders pooled),0.5467,0.33,0.7633,0.0078,0.0391,10.0,,suggestive,"round 1 0.30 (±0.35) -> rounds 8-10 0.85 (±0.20); 8 of 10 runs rose; Wilcoxon, CI bootstrap over runs; only one judge rises Holm-significantly",
september,2-agent homogeneous,Gemini dyads,Gemini,drift: GLM judge flag round 1 -> rounds 8-10 (task orders pooled),0.25,0.05,0.45,0.125,0.25,10.0,,no detectable effect,"round 1 0.75 (±0.35) -> rounds 8-10 1.00 (±0.00); 4 of 10 runs rose; Wilcoxon, CI bootstrap over runs",
september,2-agent homogeneous,Sonnet dyads,Sonnet,drift: GLM judge flag round 1 -> rounds 8-10 (task orders pooled),0.4833,0.2333,0.75,0.0312,0.0312,10.0,,suggestive,"round 1 0.50 (±0.47) -> rounds 8-10 0.98 (±0.05); 6 of 10 runs rose; Wilcoxon, CI bootstrap over runs; only one judge rises Holm-significantly",
september,2-agent mixed,"mixed dyads, GPT members",GPT,drift: GLM judge flag round 1 -> rounds 8-10 (task orders pooled),0.6667,0.4722,0.8472,0.0001,0.0004,24.0,,suggestive,"round 1 0.29 (±0.46) -> rounds 8-10 0.96 (±0.11); 17 of 24 runs rose; Wilcoxon, CI bootstrap over runs; only one judge rises Holm-significantly",
september,2-agent mixed,"mixed dyads, Gemini members",Gemini,drift: GLM judge flag round 1 -> rounds 8-10 (task orders pooled),0.1944,0.0556,0.3611,0.0339,0.0678,24.0,,suggestive,"round 1 0.79 (±0.41) -> rounds 8-10 0.99 (±0.07); 5 of 24 runs rose; Wilcoxon, CI bootstrap over runs",
september,2-agent mixed,"mixed dyads, Sonnet members",Sonnet,drift: GLM judge flag round 1 -> rounds 8-10 (task orders pooled),0.5972,0.3472,0.8194,0.0004,0.0013,24.0,,suggestive,"round 1 0.33 (±0.48) -> rounds 8-10 0.93 (±0.22); 16 of 24 runs rose; Wilcoxon, CI bootstrap over runs; only one judge rises Holm-significantly",
september,8-agent homogeneous,8 GPT,GPT,drift: GLM judge flag round 1 -> rounds 8-10 (task orders pooled),0.5667,0.4542,0.6708,0.002,0.0098,10.0,,yes,"round 1 0.30 (±0.20) -> rounds 8-10 0.87 (±0.10); 10 of 10 runs rose; Wilcoxon, CI bootstrap over runs",
september,8-agent homogeneous,8 Gemini,Gemini,drift: GLM judge flag round 1 -> rounds 8-10 (task orders pooled),0.2875,0.2,0.375,0.002,0.0098,10.0,,suggestive,"round 1 0.71 (±0.14) -> rounds 8-10 1.00 (±0.00); 10 of 10 runs rose; Wilcoxon, CI bootstrap over runs; only one judge rises Holm-significantly",
september,8-agent homogeneous,8 Sonnet,Sonnet,drift: GLM judge flag round 1 -> rounds 8-10 (task orders pooled),0.5542,0.4583,0.65,0.002,0.0098,10.0,,suggestive,"round 1 0.42 (±0.16) -> rounds 8-10 0.98 (±0.04); 10 of 10 runs rose; Wilcoxon, CI bootstrap over runs; only one judge rises Holm-significantly",
september,8-agent mixed,"8-agent mixed populations, GPT members",GPT,drift: GLM judge flag round 1 -> rounds 8-10 (task orders pooled),0.5266,0.4404,0.6105,0.0,0.0,60.0,,yes,"round 1 0.30 (±0.28) -> rounds 8-10 0.83 (±0.18); 54 of 60 runs rose; Wilcoxon, CI bootstrap over runs",
september,8-agent mixed,"8-agent mixed populations, Gemini members",Gemini,drift: GLM judge flag round 1 -> rounds 8-10 (task orders pooled),0.2667,0.15,0.3806,0.0006,0.0022,30.0,,yes,"round 1 0.67 (±0.34) -> rounds 8-10 0.93 (±0.16); 18 of 30 runs rose; Wilcoxon, CI bootstrap over runs",
september,8-agent mixed,"8-agent mixed populations, Sonnet members",Sonnet,drift: GLM judge flag round 1 -> rounds 8-10 (task orders pooled),0.5094,0.4208,0.59,0.0,0.0,30.0,,yes,"round 1 0.36 (±0.27) -> rounds 8-10 0.87 (±0.17); 29 of 30 runs rose; Wilcoxon, CI bootstrap over runs",
september,all settings,all GPT runs,GPT,drift: GLM judge flag round 1 -> rounds 8-10 (task orders pooled),0.5647,0.4995,0.6342,0.0,0.0,104.0,,yes,"round 1 0.30 (±0.33) -> rounds 8-10 0.86 (±0.17); 89 of 104 runs rose; Wilcoxon, CI bootstrap over runs",
september,all settings,all Gemini runs,Gemini,drift: GLM judge flag round 1 -> rounds 8-10 (task orders pooled),0.2438,0.1661,0.3193,0.0,0.0,74.0,,yes,"round 1 0.72 (±0.35) -> rounds 8-10 0.97 (±0.11); 37 of 74 runs rose; Wilcoxon, CI bootstrap over runs",
september,all settings,all Sonnet runs,Sonnet,drift: GLM judge flag round 1 -> rounds 8-10 (task orders pooled),0.5404,0.4496,0.6258,0.0,0.0,74.0,,yes,"round 1 0.38 (±0.37) -> rounds 8-10 0.92 (±0.17); 61 of 74 runs rose; Wilcoxon, CI bootstrap over runs",
september,2-agent homogeneous,GPT dyads,GPT,drift: DeepSeek judge flag round 1 -> rounds 8-10 (task orders pooled),0.3333,0.0,0.5,0.5,1.0,3.0,,underpowered,"round 1 0.00 (±0.00) -> rounds 8-10 0.33 (±0.29); 2 of 3 runs rose; Wilcoxon, CI bootstrap over runs; DeepSeek labels only on a 1,000-myth sample",
september,2-agent mixed,"mixed dyads, GPT members",GPT,drift: DeepSeek judge flag round 1 -> rounds 8-10 (task orders pooled),1.0,1.0,1.0,0.25,0.25,3.0,,underpowered,"round 1 0.00 (±0.00) -> rounds 8-10 1.00 (±0.00); 3 of 3 runs rose; Wilcoxon, CI bootstrap over runs; DeepSeek labels only on a 1,000-myth sample",
september,8-agent homogeneous,8 GPT,GPT,drift: DeepSeek judge flag round 1 -> rounds 8-10 (task orders pooled),0.4881,0.3568,0.6786,0.0156,0.0469,7.0,,underpowered,"round 1 0.00 (±0.00) -> rounds 8-10 0.49 (±0.25); 7 of 7 runs rose; Wilcoxon, CI bootstrap over runs; DeepSeek labels only on a 1,000-myth sample",
september,8-agent homogeneous,8 Gemini,Gemini,drift: DeepSeek judge flag round 1 -> rounds 8-10 (task orders pooled),0.7143,0.4286,0.9286,0.0312,0.0938,7.0,,underpowered,"round 1 0.29 (±0.39) -> rounds 8-10 1.00 (±0.00); 6 of 7 runs rose; Wilcoxon, CI bootstrap over runs; DeepSeek labels only on a 1,000-myth sample",
september,8-agent homogeneous,8 Sonnet,Sonnet,drift: DeepSeek judge flag round 1 -> rounds 8-10 (task orders pooled),0.75,0.4167,1.0,0.0625,0.0625,6.0,,underpowered,"round 1 0.17 (±0.41) -> rounds 8-10 0.92 (±0.20); 5 of 6 runs rose; Wilcoxon, CI bootstrap over runs; DeepSeek labels only on a 1,000-myth sample",
september,8-agent mixed,"8-agent mixed populations, GPT members",GPT,drift: DeepSeek judge flag round 1 -> rounds 8-10 (task orders pooled),0.4286,0.1786,0.6786,0.0149,0.0149,14.0,,yes,"round 1 0.14 (±0.31) -> rounds 8-10 0.57 (±0.47); 8 of 14 runs rose; Wilcoxon, CI bootstrap over runs; DeepSeek labels only on a 1,000-myth sample",
september,8-agent mixed,"8-agent mixed populations, Gemini members",Gemini,drift: DeepSeek judge flag round 1 -> rounds 8-10 (task orders pooled),0.6875,0.4375,0.875,0.0156,0.0312,8.0,,underpowered,"round 1 0.19 (±0.37) -> rounds 8-10 0.88 (±0.23); 7 of 8 runs rose; Wilcoxon, CI bootstrap over runs; DeepSeek labels only on a 1,000-myth sample",
september,8-agent mixed,"8-agent mixed populations, Sonnet members",Sonnet,drift: DeepSeek judge flag round 1 -> rounds 8-10 (task orders pooled),0.6591,0.4318,0.8642,0.0039,0.0039,11.0,,yes,"round 1 0.23 (±0.34) -> rounds 8-10 0.89 (±0.30); 9 of 11 runs rose; Wilcoxon, CI bootstrap over runs; DeepSeek labels only on a 1,000-myth sample",
september,all settings,all GPT runs,GPT,drift: DeepSeek judge flag round 1 -> rounds 8-10 (task orders pooled),0.4969,0.3364,0.6574,0.0001,0.0001,27.0,,yes,"round 1 0.07 (±0.23) -> rounds 8-10 0.57 (±0.40); 20 of 27 runs rose; Wilcoxon, CI bootstrap over runs; DeepSeek labels only on a 1,000-myth sample",
september,all settings,all Gemini runs,Gemini,drift: DeepSeek judge flag round 1 -> rounds 8-10 (task orders pooled),0.6389,0.4444,0.8056,0.0006,0.0013,18.0,,yes,"round 1 0.31 (±0.42) -> rounds 8-10 0.94 (±0.16); 14 of 18 runs rose; Wilcoxon, CI bootstrap over runs; DeepSeek labels only on a 1,000-myth sample",
september,all settings,all Sonnet runs,Sonnet,drift: DeepSeek judge flag round 1 -> rounds 8-10 (task orders pooled),0.7375,0.575,0.8875,0.0002,0.0002,20.0,,yes,"round 1 0.17 (±0.34) -> rounds 8-10 0.91 (±0.25); 17 of 20 runs rose; Wilcoxon, CI bootstrap over runs; DeepSeek labels only on a 1,000-myth sample",
september,2-agent homogeneous,GPT dyads,GPT,drift: embedding difference score (consistency minus generosity anchors) round 1 -> rounds 8-10,-0.0051,-0.0222,0.0069,0.9219,1.0,10.0,,no detectable effect,"round 1 -0.14 (±0.02) -> rounds 8-10 -0.14 (±0.02); 6 of 10 runs rose; Wilcoxon, CI bootstrap over runs",
september,2-agent homogeneous,Gemini dyads,Gemini,drift: embedding difference score (consistency minus generosity anchors) round 1 -> rounds 8-10,0.0727,0.0624,0.0833,0.002,0.0078,10.0,,yes,"round 1 -0.10 (±0.02) -> rounds 8-10 -0.03 (±0.02); 10 of 10 runs rose; Wilcoxon, CI bootstrap over runs",
september,2-agent homogeneous,Sonnet dyads,Sonnet,drift: embedding difference score (consistency minus generosity anchors) round 1 -> rounds 8-10,0.1137,0.0978,0.1294,0.002,0.0078,10.0,,yes,"round 1 -0.14 (±0.02) -> rounds 8-10 -0.03 (±0.02); 10 of 10 runs rose; Wilcoxon, CI bootstrap over runs",
september,2-agent mixed,"mixed dyads, GPT members",GPT,drift: embedding difference score (consistency minus generosity anchors) round 1 -> rounds 8-10,0.0291,0.0049,0.0504,0.0194,0.0583,24.0,,suggestive,"round 1 -0.14 (±0.04) -> rounds 8-10 -0.11 (±0.03); 18 of 24 runs rose; Wilcoxon, CI bootstrap over runs",
september,2-agent mixed,"mixed dyads, Gemini members",Gemini,drift: embedding difference score (consistency minus generosity anchors) round 1 -> rounds 8-10,0.0331,0.0169,0.0483,0.0008,0.0034,24.0,,yes,"round 1 -0.10 (±0.03) -> rounds 8-10 -0.07 (±0.03); 18 of 24 runs rose; Wilcoxon, CI bootstrap over runs",
september,2-agent mixed,"mixed dyads, Sonnet members",Sonnet,drift: embedding difference score (consistency minus generosity anchors) round 1 -> rounds 8-10,0.1057,0.0875,0.1237,0.0,0.0,24.0,,yes,"round 1 -0.15 (±0.04) -> rounds 8-10 -0.04 (±0.04); 23 of 24 runs rose; Wilcoxon, CI bootstrap over runs",
september,8-agent homogeneous,8 GPT,GPT,drift: embedding difference score (consistency minus generosity anchors) round 1 -> rounds 8-10,0.0032,-0.0088,0.0155,0.7695,1.0,10.0,,no detectable effect,"round 1 -0.14 (±0.02) -> rounds 8-10 -0.14 (±0.02); 7 of 10 runs rose; Wilcoxon, CI bootstrap over runs",
september,8-agent homogeneous,8 Gemini,Gemini,drift: embedding difference score (consistency minus generosity anchors) round 1 -> rounds 8-10,0.0929,0.0843,0.1032,0.002,0.0098,10.0,,yes,"round 1 -0.12 (±0.01) -> rounds 8-10 -0.02 (±0.01); 10 of 10 runs rose; Wilcoxon, CI bootstrap over runs",
september,8-agent homogeneous,8 Sonnet,Sonnet,drift: embedding difference score (consistency minus generosity anchors) round 1 -> rounds 8-10,0.1339,0.1108,0.1571,0.002,0.0098,10.0,,yes,"round 1 -0.13 (±0.02) -> rounds 8-10 0.01 (±0.02); 10 of 10 runs rose; Wilcoxon, CI bootstrap over runs",
september,8-agent mixed,"8-agent mixed populations, GPT members",GPT,drift: embedding difference score (consistency minus generosity anchors) round 1 -> rounds 8-10,0.0256,0.0178,0.033,0.0,0.0,60.0,,yes,"round 1 -0.14 (±0.02) -> rounds 8-10 -0.12 (±0.03); 46 of 60 runs rose; Wilcoxon, CI bootstrap over runs",
september,8-agent mixed,"8-agent mixed populations, Gemini members",Gemini,drift: embedding difference score (consistency minus generosity anchors) round 1 -> rounds 8-10,0.0413,0.0269,0.0551,0.0,0.0,30.0,,yes,"round 1 -0.11 (±0.02) -> rounds 8-10 -0.07 (±0.03); 24 of 30 runs rose; Wilcoxon, CI bootstrap over runs",
september,8-agent mixed,"8-agent mixed populations, Sonnet members",Sonnet,drift: embedding difference score (consistency minus generosity anchors) round 1 -> rounds 8-10,0.1101,0.0966,0.1234,0.0,0.0,30.0,,yes,"round 1 -0.13 (±0.02) -> rounds 8-10 -0.02 (±0.04); 30 of 30 runs rose; Wilcoxon, CI bootstrap over runs",
september,all settings,all GPT runs,GPT,drift: embedding difference score (consistency minus generosity anchors) round 1 -> rounds 8-10,0.0213,0.014,0.0288,0.0,0.0,104.0,,yes,"round 1 -0.14 (±0.03) -> rounds 8-10 -0.12 (±0.03); 77 of 104 runs rose; Wilcoxon, CI bootstrap over runs",
september,all settings,all Gemini runs,Gemini,drift: embedding difference score (consistency minus generosity anchors) round 1 -> rounds 8-10,0.0498,0.0406,0.059,0.0,0.0,74.0,,yes,"round 1 -0.11 (±0.02) -> rounds 8-10 -0.06 (±0.03); 62 of 74 runs rose; Wilcoxon, CI bootstrap over runs",
september,all settings,all Sonnet runs,Sonnet,drift: embedding difference score (consistency minus generosity anchors) round 1 -> rounds 8-10,0.1124,0.1027,0.1208,0.0,0.0,74.0,,yes,"round 1 -0.14 (±0.03) -> rounds 8-10 -0.02 (±0.04); 73 of 74 runs rose; Wilcoxon, CI bootstrap over runs",
september,2-agent homogeneous,GPT dyads,GPT,"drift: consistency-anchors-only embedding projection, round 1 -> rounds 8-10 (sd)",-0.15,,,,,10.0,,no detectable effect,share of 40 random directions moving more: 0.82; generosity-anchor projection -0.06 sd; the difference score moves -0.08 sd. Negative = myths move away from the consistency anchors,
september,2-agent homogeneous,Gemini dyads,Gemini,"drift: consistency-anchors-only embedding projection, round 1 -> rounds 8-10 (sd)",-0.928,,,,,10.0,,no detectable effect,share of 40 random directions moving more: 0.20; generosity-anchor projection -1.29 sd; the difference score moves +1.08 sd. Negative = myths move away from the consistency anchors,
september,2-agent homogeneous,Sonnet dyads,Sonnet,"drift: consistency-anchors-only embedding projection, round 1 -> rounds 8-10 (sd)",0.654,,,,,10.0,,no detectable effect,share of 40 random directions moving more: 0.40; generosity-anchor projection -0.50 sd; the difference score moves +1.70 sd. Negative = myths move away from the consistency anchors,
september,2-agent mixed,"mixed dyads, GPT members",GPT,"drift: consistency-anchors-only embedding projection, round 1 -> rounds 8-10 (sd)",-0.34,,,,,24.0,,no detectable effect,share of 40 random directions moving more: 0.42; generosity-anchor projection -0.49 sd; the difference score moves +0.43 sd. Negative = myths move away from the consistency anchors,
september,2-agent mixed,"mixed dyads, Gemini members",Gemini,"drift: consistency-anchors-only embedding projection, round 1 -> rounds 8-10 (sd)",-0.195,,,,,24.0,,no detectable effect,share of 40 random directions moving more: 0.78; generosity-anchor projection -0.42 sd; the difference score moves +0.49 sd. Negative = myths move away from the consistency anchors,
september,2-agent mixed,"mixed dyads, Sonnet members",Sonnet,"drift: consistency-anchors-only embedding projection, round 1 -> rounds 8-10 (sd)",0.559,,,,,24.0,,no detectable effect,share of 40 random directions moving more: 0.62; generosity-anchor projection -0.50 sd; the difference score moves +1.58 sd. Negative = myths move away from the consistency anchors,
september,8-agent homogeneous,8 GPT,GPT,"drift: consistency-anchors-only embedding projection, round 1 -> rounds 8-10 (sd)",-0.515,,,,,10.0,,no detectable effect,share of 40 random directions moving more: 0.17; generosity-anchor projection -0.40 sd; the difference score moves +0.05 sd. Negative = myths move away from the consistency anchors,
september,8-agent homogeneous,8 Gemini,Gemini,"drift: consistency-anchors-only embedding projection, round 1 -> rounds 8-10 (sd)",-0.939,,,,,10.0,,no detectable effect,share of 40 random directions moving more: 0.33; generosity-anchor projection -1.47 sd; the difference score moves +1.39 sd. Negative = myths move away from the consistency anchors,
september,8-agent homogeneous,8 Sonnet,Sonnet,"drift: consistency-anchors-only embedding projection, round 1 -> rounds 8-10 (sd)",1.021,,,,,10.0,,no detectable effect,share of 40 random directions moving more: 0.28; generosity-anchor projection -0.41 sd; the difference score moves +2.00 sd. Negative = myths move away from the consistency anchors,
september,8-agent mixed,"8-agent mixed populations, GPT members",GPT,"drift: consistency-anchors-only embedding projection, round 1 -> rounds 8-10 (sd)",-0.16,,,,,60.0,,no detectable effect,share of 40 random directions moving more: 0.62; generosity-anchor projection -0.33 sd; the difference score moves +0.38 sd. Negative = myths move away from the consistency anchors,
september,8-agent mixed,"8-agent mixed populations, Gemini members",Gemini,"drift: consistency-anchors-only embedding projection, round 1 -> rounds 8-10 (sd)",-0.144,,,,,30.0,,no detectable effect,share of 40 random directions moving more: 0.93; generosity-anchor projection -0.46 sd; the difference score moves +0.62 sd. Negative = myths move away from the consistency anchors,
september,8-agent mixed,"8-agent mixed populations, Sonnet members",Sonnet,"drift: consistency-anchors-only embedding projection, round 1 -> rounds 8-10 (sd)",1.111,,,,,30.0,,suggestive,share of 40 random directions moving more: 0.15; generosity-anchor projection -0.14 sd; the difference score moves +1.64 sd. Negative = myths move away from the consistency anchors,
september,all settings,all GPT runs,GPT,"drift: consistency-anchors-only embedding projection, round 1 -> rounds 8-10 (sd)",-0.235,,,,,104.0,,no detectable effect,share of 40 random directions moving more: 0.45; generosity-anchor projection -0.35 sd; the difference score moves +0.32 sd. Negative = myths move away from the consistency anchors,
september,all settings,all Gemini runs,Gemini,"drift: consistency-anchors-only embedding projection, round 1 -> rounds 8-10 (sd)",-0.374,,,,,74.0,,no detectable effect,share of 40 random directions moving more: 0.68; generosity-anchor projection -0.69 sd; the difference score moves +0.74 sd. Negative = myths move away from the consistency anchors,
september,all settings,all Sonnet runs,Sonnet,"drift: consistency-anchors-only embedding projection, round 1 -> rounds 8-10 (sd)",0.858,,,,,74.0,,no detectable effect,share of 40 random directions moving more: 0.28; generosity-anchor projection -0.34 sd; the difference score moves +1.68 sd. Negative = myths move away from the consistency anchors,
september,all settings,all GPT runs,GPT,self-copying ratchet: P(keyword | own previous had it) - P(... | not),0.1428,0.0961,0.1896,0.0,0.0,104.0,3275.0,yes,"raw run-level means 0.34 vs 0.22; 628 myths follow a flagged myth, 2647 an unflagged one; effect = LPM coefficient, cell + round FE",
september,all settings,all Gemini runs,Gemini,self-copying ratchet: P(keyword | own previous had it) - P(... | not),0.0735,0.016,0.1309,0.01218,0.01218,74.0,1746.0,yes,"raw run-level means 0.21 vs 0.22; 335 myths follow a flagged myth, 1411 an unflagged one; effect = LPM coefficient, cell + round FE",
september,all settings,all Sonnet runs,Sonnet,self-copying ratchet: P(keyword | own previous had it) - P(... | not),0.2573,0.1973,0.3173,0.0,0.0,74.0,2646.0,yes,"raw run-level means 0.72 vs 0.34; 1295 myths follow a flagged myth, 1351 an unflagged one; effect = LPM coefficient, cell + round FE",
september,all settings,all GPT runs,GPT,self-copying ratchet: P(GLM judge flag | own previous had it) - P(... | not),0.1409,0.0915,0.1903,0.0,0.0,104.0,3238.0,yes,"raw run-level means 0.81 vs 0.67; 2235 myths follow a flagged myth, 1003 an unflagged one; effect = LPM coefficient, cell + round FE",
september,all settings,all Gemini runs,Gemini,self-copying ratchet: P(GLM judge flag | own previous had it) - P(... | not),0.1352,0.0395,0.2308,0.0056,0.01121,74.0,1746.0,yes,"raw run-level means 0.94 vs 0.89; 1616 myths follow a flagged myth, 130 an unflagged one; effect = LPM coefficient, cell + round FE",
september,all settings,all Sonnet runs,Sonnet,self-copying ratchet: P(GLM judge flag | own previous had it) - P(... | not),0.1466,0.1073,0.1859,0.0,0.0,74.0,2645.0,yes,"raw run-level means 0.87 vs 0.68; 1970 myths follow a flagged myth, 675 an unflagged one; effect = LPM coefficient, cell + round FE",
september,2-agent homogeneous,GPT dyads,GPT,self-copying (embedding): own previous myth minus unseen previous myths,0.8586,0.2775,1.4396,0.0038,0.0454,10.0,180.0,no detectable effect,"own previous +0.23, shown previous +0.12 (shared history, not causal), per sd; cell + round FE; NOT specific: 20 random embedding directions self-copy with own-previous coefficient median 0.33 vs 0.32 for consistency (all settings)",
september,2-agent homogeneous,Gemini dyads,Gemini,self-copying (embedding): own previous myth minus unseen previous myths,0.3861,-0.5167,1.2889,0.4019,1.0,10.0,180.0,no detectable effect,"own previous +0.02, shown previous +0.12 (shared history, not causal), per sd; cell + round FE; NOT specific: 20 random embedding directions self-copy with own-previous coefficient median 0.09 vs 0.15 for consistency (all settings)",
september,2-agent homogeneous,Sonnet dyads,Sonnet,self-copying (embedding): own previous myth minus unseen previous myths,0.6568,-0.2999,1.6136,0.1785,0.8923,10.0,180.0,no detectable effect,"own previous +0.44, shown previous +0.06 (shared history, not causal), per sd; cell + round FE; NOT specific: 20 random embedding directions self-copy with own-previous coefficient median 0.50 vs 0.39 for consistency (all settings)",
september,2-agent mixed,"mixed dyads, GPT members",GPT,self-copying (embedding): own previous myth minus unseen previous myths,0.7027,0.319,1.0865,0.0003,0.0033,24.0,214.0,no detectable effect,"own previous +0.33, shown previous +0.11 (shared history, not causal), per sd; cell + round FE; NOT specific: 20 random embedding directions self-copy with own-previous coefficient median 0.33 vs 0.32 for consistency (all settings)",
september,2-agent mixed,"mixed dyads, Gemini members",Gemini,self-copying (embedding): own previous myth minus unseen previous myths,0.5456,0.1371,0.9542,0.0089,0.1063,24.0,215.0,no detectable effect,"own previous +0.16, shown previous +0.13 (shared history, not causal), per sd; cell + round FE; NOT specific: 20 random embedding directions self-copy with own-previous coefficient median 0.09 vs 0.15 for consistency (all settings)",
september,2-agent mixed,"mixed dyads, Sonnet members",Sonnet,self-copying (embedding): own previous myth minus unseen previous myths,0.9775,0.6155,1.3395,0.0,0.0,24.0,216.0,no detectable effect,"own previous +0.45, shown previous -0.05 (shared history, not causal), per sd; cell + round FE; NOT specific: 20 random embedding directions self-copy with own-previous coefficient median 0.50 vs 0.39 for consistency (all settings)",
september,8-agent homogeneous,8 GPT,GPT,self-copying (embedding): own previous myth minus unseen previous myths,0.0123,-0.23,0.2545,0.9208,1.0,10.0,720.0,no detectable effect,"own previous +0.27, shown previous +0.16 (shared history, not causal), per sd; cell + round FE; NOT specific: 20 random embedding directions self-copy with own-previous coefficient median 0.33 vs 0.32 for consistency (all settings)",
september,8-agent homogeneous,8 Gemini,Gemini,self-copying (embedding): own previous myth minus unseen previous myths,-0.0314,-0.2955,0.2328,0.8159,1.0,10.0,720.0,no detectable effect,"own previous +0.13, shown previous +0.04 (shared history, not causal), per sd; cell + round FE; NOT specific: 20 random embedding directions self-copy with own-previous coefficient median 0.09 vs 0.15 for consistency (all settings)",
september,8-agent homogeneous,8 Sonnet,Sonnet,self-copying (embedding): own previous myth minus unseen previous myths,0.2161,0.0041,0.4281,0.0457,0.2743,10.0,720.0,no detectable effect,"own previous +0.26, shown previous +0.18 (shared history, not causal), per sd; cell + round FE; NOT specific: 20 random embedding directions self-copy with own-previous coefficient median 0.50 vs 0.39 for consistency (all settings)",
september,8-agent mixed,"8-agent mixed populations, GPT members",GPT,self-copying (embedding): own previous myth minus unseen previous myths,0.1799,0.0808,0.2789,0.0004,0.0026,50.0,2042.0,no detectable effect,"own previous +0.33, shown previous +0.07 (shared history, not causal), per sd; cell + round FE; NOT specific: 20 random embedding directions self-copy with own-previous coefficient median 0.33 vs 0.32 for consistency (all settings)",
september,8-agent mixed,"8-agent mixed populations, Gemini members",Gemini,self-copying (embedding): own previous myth minus unseen previous myths,0.1648,0.0172,0.3124,0.0286,0.2576,20.0,512.0,no detectable effect,"own previous +0.14, shown previous +0.18 (shared history, not causal), per sd; cell + round FE; NOT specific: 20 random embedding directions self-copy with own-previous coefficient median 0.09 vs 0.15 for consistency (all settings)",
september,8-agent mixed,"8-agent mixed populations, Sonnet members",Sonnet,self-copying (embedding): own previous myth minus unseen previous myths,0.4007,0.3114,0.4901,0.0,0.0,30.0,1530.0,no detectable effect,"own previous +0.42, shown previous +0.19 (shared history, not causal), per sd; cell + round FE; NOT specific: 20 random embedding directions self-copy with own-previous coefficient median 0.50 vs 0.39 for consistency (all settings)",
september,all settings,all GPT runs,GPT,self-copying (embedding): own previous myth minus unseen previous myths,0.1816,0.0949,0.2684,0.0,0.0002,94.0,3156.0,no detectable effect,"own previous +0.32, shown previous +0.09 (shared history, not causal), per sd; cell + round FE; NOT specific: 20 random embedding directions self-copy with own-previous coefficient median 0.33 vs 0.32 for consistency (all settings)",
september,all settings,all Gemini runs,Gemini,self-copying (embedding): own previous myth minus unseen previous myths,0.1358,0.0227,0.249,0.0186,0.1125,64.0,1627.0,no detectable effect,"own previous +0.15, shown previous +0.12 (shared history, not causal), per sd; cell + round FE; NOT specific: 20 random embedding directions self-copy with own-previous coefficient median 0.09 vs 0.15 for consistency (all settings)",
september,all settings,all Sonnet runs,Sonnet,self-copying (embedding): own previous myth minus unseen previous myths,0.3712,0.2864,0.456,0.0,0.0,74.0,2646.0,no detectable effect,"own previous +0.39, shown previous +0.17 (shared history, not causal), per sd; cell + round FE; NOT specific: 20 random embedding directions self-copy with own-previous coefficient median 0.50 vs 0.39 for consistency (all settings)",
september,all settings,all GPT runs,GPT,describes play: own recent instability -> keyword in next myth,-0.0317,-0.1007,0.0372,0.3671,1.0,104.0,2612.0,no detectable effect,"negative = steadier play, more consistency language; agent FE + round FE; per unit mean |change| in coop",
september,all settings,all GPT runs,GPT,describes play: own recent instability -> GLM judge flag in next myth,0.0037,-0.0636,0.071,0.9148,1.0,104.0,2594.0,no detectable effect,"negative = steadier play, more consistency language; agent FE + round FE; per unit mean |change| in coop",
september,all settings,all GPT runs,GPT,describes play: own recent instability -> embedding score in next myth,0.0022,-0.0047,0.009,0.5337,1.0,104.0,2612.0,no detectable effect,"negative = steadier play, more consistency language; agent FE + round FE; per unit mean |change| in coop",
september,all settings,all Gemini runs,Gemini,describes play: own recent instability -> keyword in next myth,-0.273,-0.5816,0.0356,0.0829,0.1658,74.0,1433.0,no detectable effect,"negative = steadier play, more consistency language; agent FE + round FE; per unit mean |change| in coop",
september,all settings,all Gemini runs,Gemini,describes play: own recent instability -> GLM judge flag in next myth,-0.4507,-0.8091,-0.0924,0.0137,0.0411,74.0,1433.0,yes,"negative = steadier play, more consistency language; agent FE + round FE; per unit mean |change| in coop",
september,all settings,all Gemini runs,Gemini,describes play: own recent instability -> embedding score in next myth,-0.0067,-0.0296,0.0162,0.5665,0.5665,74.0,1433.0,no detectable effect,"negative = steadier play, more consistency language; agent FE + round FE; per unit mean |change| in coop",
september,all settings,all Sonnet runs,Sonnet,describes play: own recent instability -> keyword in next myth,-0.2641,-0.5918,0.0635,0.1141,0.1141,74.0,2189.0,no detectable effect,"negative = steadier play, more consistency language; agent FE + round FE; per unit mean |change| in coop",
september,all settings,all Sonnet runs,Sonnet,describes play: own recent instability -> GLM judge flag in next myth,-0.3254,-0.5661,-0.0846,0.0081,0.0243,74.0,2188.0,yes,"negative = steadier play, more consistency language; agent FE + round FE; per unit mean |change| in coop",
september,all settings,all Sonnet runs,Sonnet,describes play: own recent instability -> embedding score in next myth,-0.0495,-0.0922,-0.0067,0.0233,0.0466,74.0,2189.0,yes,"negative = steadier play, more consistency language; agent FE + round FE; per unit mean |change| in coop",
september,all settings,all runs,all,describes play: own recent instability -> keyword in next myth,-0.0428,-0.1077,0.0222,0.1967,0.5901,156.0,6234.0,no detectable effect,"negative = steadier play, more consistency language; agent FE + round FE; per unit mean |change| in coop",
september,all settings,all runs,all,describes play: own recent instability -> GLM judge flag in next myth,-0.0213,-0.0811,0.0386,0.4861,0.6252,156.0,6215.0,no detectable effect,"negative = steadier play, more consistency language; agent FE + round FE; per unit mean |change| in coop",
september,all settings,all runs,all,describes play: own recent instability -> embedding score in next myth,0.0036,-0.0033,0.0105,0.3126,0.6252,156.0,6234.0,no detectable effect,"negative = steadier play, more consistency language; agent FE + round FE; per unit mean |change| in coop",
september,all settings,all Sonnet runs,Sonnet,"R2 own consistency -> send level (agent FE, lagged coop): GLM judge flag",0.0029,-0.0161,0.0218,0.7665,1.0,74.0,1176.0,no detectable effect,"outcome sd 0.182, modal share 0.31; feature mean 0.74",1.0
september,all settings,all GPT runs,GPT,"R2 own consistency -> send level (agent FE, lagged coop): GLM judge flag",-0.0231,-0.0775,0.0313,0.4052,1.0,104.0,1444.0,no detectable effect,"outcome sd 0.409, modal share 0.49; feature mean 0.69",1.0
september,all settings,all runs,all,"R2 own consistency -> send level (agent FE, lagged coop): GLM judge flag",-0.0063,-0.0398,0.0273,0.7142,1.0,156.0,3396.0,no detectable effect,"outcome sd 0.319, modal share 0.50; feature mean 0.77",1.0
september,2-agent homogeneous,GPT dyads,GPT,"R2 own consistency -> send level (agent FE, lagged coop): GLM judge flag",0.1346,0.0285,0.2407,0.0129,0.413,10.0,79.0,suggestive,"outcome sd 0.303, modal share 0.32; feature mean 0.62",1.0
september,2-agent homogeneous,Sonnet dyads,Sonnet,"R2 own consistency -> send level (agent FE, lagged coop): GLM judge flag",0.0082,-0.0122,0.0286,0.4304,1.0,10.0,80.0,no detectable effect,"outcome sd 0.130, modal share 0.36; feature mean 0.86",1.0
september,2-agent mixed,"mixed dyads, GPT members",GPT,"R2 own consistency -> send level (agent FE, lagged coop): GLM judge flag",-0.0272,-0.1049,0.0505,0.4921,1.0,24.0,95.0,no detectable effect,"outcome sd 0.262, modal share 0.58; feature mean 0.70",1.0
september,2-agent mixed,"mixed dyads, Sonnet members",Sonnet,"R2 own consistency -> send level (agent FE, lagged coop): GLM judge flag",0.0632,-0.0063,0.1326,0.0747,1.0,24.0,96.0,no detectable effect,"outcome sd 0.229, modal share 0.44; feature mean 0.74",1.0
september,8-agent homogeneous,8 GPT,GPT,"R2 own consistency -> send level (agent FE, lagged coop): GLM judge flag",0.043,-0.0941,0.1802,0.5386,1.0,10.0,319.0,no detectable effect,"outcome sd 0.384, modal share 0.47; feature mean 0.72",1.0
september,8-agent homogeneous,8 Sonnet,Sonnet,"R2 own consistency -> send level (agent FE, lagged coop): GLM judge flag",-0.0256,-0.0438,-0.0075,0.0056,0.1789,10.0,320.0,suggestive,"outcome sd 0.174, modal share 0.38; feature mean 0.82",1.0
september,8-agent mixed,"8-agent mixed populations, GPT members",GPT,"R2 own consistency -> send level (agent FE, lagged coop): GLM judge flag",-0.0388,-0.1064,0.0288,0.2607,1.0,60.0,951.0,no detectable effect,"outcome sd 0.389, modal share 0.59; feature mean 0.69",1.0
september,8-agent mixed,"8-agent mixed populations, Sonnet members",Sonnet,"R2 own consistency -> send level (agent FE, lagged coop): GLM judge flag",0.0007,-0.0267,0.0281,0.96,1.0,30.0,680.0,no detectable effect,"outcome sd 0.177, modal share 0.30; feature mean 0.69",1.0
september,all settings,all Gemini runs,Gemini,"R2 own consistency -> send level (agent FE, lagged coop): GLM judge flag",,,,,,,,not estimable: ceiling,sends $5 almost always,
september,2-agent homogeneous,Gemini dyads,Gemini,"R2 own consistency -> send level (agent FE, lagged coop): GLM judge flag",,,,,,,,not estimable: ceiling,sends $5 almost always,
september,2-agent mixed,"mixed dyads, Gemini members",Gemini,"R2 own consistency -> send level (agent FE, lagged coop): GLM judge flag",,,,,,,,not estimable: ceiling,sends $5 almost always,
september,8-agent homogeneous,8 Gemini,Gemini,"R2 own consistency -> send level (agent FE, lagged coop): GLM judge flag",,,,,,,,not estimable: ceiling,sends $5 almost always,
september,8-agent mixed,"8-agent mixed populations, Gemini members",Gemini,"R2 own consistency -> send level (agent FE, lagged coop): GLM judge flag",,,,,,,,not estimable: ceiling,sends $5 almost always,
september,all settings,all Sonnet runs,Sonnet,"R2 own consistency -> send level (agent FE, lagged coop): keyword",-0.0055,-0.0248,0.0138,0.575,1.0,74.0,1176.0,no detectable effect,"outcome sd 0.182, modal share 0.31; feature mean 0.51",1.0
september,all settings,all GPT runs,GPT,"R2 own consistency -> send level (agent FE, lagged coop): keyword",-0.0137,-0.0607,0.0332,0.5662,1.0,104.0,1455.0,no detectable effect,"outcome sd 0.409, modal share 0.49; feature mean 0.20",1.0
september,all settings,all runs,all,"R2 own consistency -> send level (agent FE, lagged coop): keyword",-0.0082,-0.0312,0.0148,0.4848,1.0,156.0,3407.0,no detectable effect,"outcome sd 0.320, modal share 0.50; feature mean 0.30",1.0
september,2-agent homogeneous,GPT dyads,GPT,"R2 own consistency -> send level (agent FE, lagged coop): keyword",0.0243,-0.052,0.1006,0.5321,1.0,10.0,80.0,no detectable effect,"outcome sd 0.304, modal share 0.33; feature mean 0.25",1.0
september,2-agent homogeneous,Sonnet dyads,Sonnet,"R2 own consistency -> send level (agent FE, lagged coop): keyword",-0.0034,-0.0193,0.0125,0.6765,1.0,10.0,80.0,no detectable effect,"outcome sd 0.130, modal share 0.36; feature mean 0.49",1.0
september,2-agent mixed,"mixed dyads, GPT members",GPT,"R2 own consistency -> send level (agent FE, lagged coop): keyword",0.0085,-0.0399,0.0569,0.7304,1.0,24.0,95.0,no detectable effect,"outcome sd 0.262, modal share 0.58; feature mean 0.30",1.0
september,2-agent mixed,"mixed dyads, Sonnet members",Sonnet,"R2 own consistency -> send level (agent FE, lagged coop): keyword",0.0639,0.0127,0.115,0.0144,0.3885,24.0,96.0,suggestive,"outcome sd 0.229, modal share 0.44; feature mean 0.32",1.0
september,8-agent homogeneous,8 GPT,GPT,"R2 own consistency -> send level (agent FE, lagged coop): keyword",0.0508,-0.0726,0.1741,0.4197,1.0,10.0,320.0,no detectable effect,"outcome sd 0.383, modal share 0.47; feature mean 0.22",1.0
september,8-agent homogeneous,8 Sonnet,Sonnet,"R2 own consistency -> send level (agent FE, lagged coop): keyword",-0.0157,-0.035,0.0036,0.1108,1.0,10.0,320.0,no detectable effect,"outcome sd 0.174, modal share 0.38; feature mean 0.59",1.0
september,8-agent mixed,"8-agent mixed populations, GPT members",GPT,"R2 own consistency -> send level (agent FE, lagged coop): keyword",-0.0417,-0.1037,0.0204,0.1881,1.0,60.0,960.0,no detectable effect,"outcome sd 0.389, modal share 0.59; feature mean 0.18",1.0
september,8-agent mixed,"8-agent mixed populations, Sonnet members",Sonnet,"R2 own consistency -> send level (agent FE, lagged coop): keyword",-0.0149,-0.045,0.0153,0.3332,1.0,30.0,680.0,no detectable effect,"outcome sd 0.177, modal share 0.30; feature mean 0.50",1.0
september,all settings,all Gemini runs,Gemini,"R2 own consistency -> send level (agent FE, lagged coop): keyword",,,,,,,,not estimable: ceiling,sends $5 almost always,
september,2-agent homogeneous,Gemini dyads,Gemini,"R2 own consistency -> send level (agent FE, lagged coop): keyword",,,,,,,,not estimable: ceiling,sends $5 almost always,
september,2-agent mixed,"mixed dyads, Gemini members",Gemini,"R2 own consistency -> send level (agent FE, lagged coop): keyword",,,,,,,,not estimable: ceiling,sends $5 almost always,
september,8-agent homogeneous,8 Gemini,Gemini,"R2 own consistency -> send level (agent FE, lagged coop): keyword",,,,,,,,not estimable: ceiling,sends $5 almost always,
september,8-agent mixed,"8-agent mixed populations, Gemini members",Gemini,"R2 own consistency -> send level (agent FE, lagged coop): keyword",,,,,,,,not estimable: ceiling,sends $5 almost always,
september,all settings,all Sonnet runs,Sonnet,"R2 own consistency -> send level (agent FE, lagged coop): embedding score (sd)",-0.0084,-0.0175,0.0008,0.0745,1.0,74.0,1176.0,no detectable effect,"outcome sd 0.182, modal share 0.31; feature mean -0.87",1.0
september,all settings,all GPT runs,GPT,"R2 own consistency -> send level (agent FE, lagged coop): embedding score (sd)",-0.0011,-0.0374,0.0351,0.9518,1.0,104.0,1455.0,no detectable effect,"outcome sd 0.409, modal share 0.49; feature mean -2.06",1.0
september,all settings,all runs,all,"R2 own consistency -> send level (agent FE, lagged coop): embedding score (sd)",-0.0127,-0.0263,0.0008,0.0657,1.0,156.0,3407.0,no detectable effect,"outcome sd 0.320, modal share 0.50; feature mean -1.37",1.0
september,2-agent homogeneous,GPT dyads,GPT,"R2 own consistency -> send level (agent FE, lagged coop): embedding score (sd)",0.0385,-0.0535,0.1305,0.4122,1.0,10.0,80.0,no detectable effect,"outcome sd 0.304, modal share 0.33; feature mean -2.06",1.0
september,2-agent homogeneous,Sonnet dyads,Sonnet,"R2 own consistency -> send level (agent FE, lagged coop): embedding score (sd)",-0.0042,-0.011,0.0025,0.2205,1.0,10.0,80.0,no detectable effect,"outcome sd 0.130, modal share 0.36; feature mean -0.96",1.0
september,2-agent mixed,"mixed dyads, GPT members",GPT,"R2 own consistency -> send level (agent FE, lagged coop): embedding score (sd)",0.006,-0.045,0.057,0.8174,1.0,24.0,95.0,no detectable effect,"outcome sd 0.262, modal share 0.58; feature mean -1.96",1.0
september,2-agent mixed,"mixed dyads, Sonnet members",Sonnet,"R2 own consistency -> send level (agent FE, lagged coop): embedding score (sd)",-0.0183,-0.0403,0.0037,0.1028,1.0,24.0,96.0,no detectable effect,"outcome sd 0.229, modal share 0.44; feature mean -1.22",1.0
september,8-agent homogeneous,8 GPT,GPT,"R2 own consistency -> send level (agent FE, lagged coop): embedding score (sd)",0.0464,-0.0812,0.1739,0.4761,1.0,10.0,320.0,no detectable effect,"outcome sd 0.383, modal share 0.47; feature mean -2.14",1.0
september,8-agent homogeneous,8 Sonnet,Sonnet,"R2 own consistency -> send level (agent FE, lagged coop): embedding score (sd)",-0.0061,-0.0151,0.0029,0.1867,1.0,10.0,320.0,no detectable effect,"outcome sd 0.174, modal share 0.38; feature mean -0.70",1.0
september,8-agent mixed,"8-agent mixed populations, GPT members",GPT,"R2 own consistency -> send level (agent FE, lagged coop): embedding score (sd)",-0.019,-0.0542,0.0162,0.29,1.0,60.0,960.0,no detectable effect,"outcome sd 0.389, modal share 0.59; feature mean -2.05",1.0
september,8-agent mixed,"8-agent mixed populations, Sonnet members",Sonnet,"R2 own consistency -> send level (agent FE, lagged coop): embedding score (sd)",-0.0048,-0.0182,0.0085,0.4776,1.0,30.0,680.0,no detectable effect,"outcome sd 0.177, modal share 0.30; feature mean -0.89",1.0
september,all settings,all Gemini runs,Gemini,"R2 own consistency -> send level (agent FE, lagged coop): embedding score (sd)",,,,,,,,not estimable: ceiling,sends $5 almost always,
september,2-agent homogeneous,Gemini dyads,Gemini,"R2 own consistency -> send level (agent FE, lagged coop): embedding score (sd)",,,,,,,,not estimable: ceiling,sends $5 almost always,
september,2-agent mixed,"mixed dyads, Gemini members",Gemini,"R2 own consistency -> send level (agent FE, lagged coop): embedding score (sd)",,,,,,,,not estimable: ceiling,sends $5 almost always,
september,8-agent homogeneous,8 Gemini,Gemini,"R2 own consistency -> send level (agent FE, lagged coop): embedding score (sd)",,,,,,,,not estimable: ceiling,sends $5 almost always,
september,8-agent mixed,"8-agent mixed populations, Gemini members",Gemini,"R2 own consistency -> send level (agent FE, lagged coop): embedding score (sd)",,,,,,,,not estimable: ceiling,sends $5 almost always,
september,all settings,all Sonnet runs,Sonnet,"R2 own consistency -> return proportion (agent FE, lagged coop): GLM judge flag",0.0027,-0.0104,0.0159,0.6828,1.0,74.0,1141.0,no detectable effect,"outcome sd 0.082, modal share 0.10; feature mean 0.78",1.0
september,all settings,all GPT runs,GPT,"R2 own consistency -> return proportion (agent FE, lagged coop): GLM judge flag",-0.0134,-0.0273,0.0006,0.0615,1.0,104.0,974.0,no detectable effect,"outcome sd 0.105, modal share 0.02; feature mean 0.70",1.0
september,all settings,all Gemini runs,Gemini,"R2 own consistency -> return proportion (agent FE, lagged coop): GLM judge flag",0.0024,-0.0083,0.0131,0.6576,1.0,74.0,739.0,no detectable effect,"outcome sd 0.041, modal share 0.04; feature mean 0.92",1.0
september,all settings,all runs,all,"R2 own consistency -> return proportion (agent FE, lagged coop): GLM judge flag",-0.0046,-0.0135,0.0042,0.3078,1.0,156.0,2854.0,no detectable effect,"outcome sd 0.091, modal share 0.05; feature mean 0.78",1.0
september,2-agent homogeneous,GPT dyads,GPT,"R2 own consistency -> return proportion (agent FE, lagged coop): GLM judge flag",-0.0137,-0.0592,0.0318,0.5546,1.0,10.0,70.0,no detectable effect,"outcome sd 0.104, modal share 0.03; feature mean 0.72",1.0
september,2-agent homogeneous,Gemini dyads,Gemini,"R2 own consistency -> return proportion (agent FE, lagged coop): GLM judge flag",-0.0142,-0.0337,0.0052,0.1515,1.0,10.0,80.0,no detectable effect,"outcome sd 0.034, modal share 0.18; feature mean 0.95",1.0
september,2-agent homogeneous,Sonnet dyads,Sonnet,"R2 own consistency -> return proportion (agent FE, lagged coop): GLM judge flag",-0.011,-0.0575,0.0355,0.6429,1.0,10.0,80.0,no detectable effect,"outcome sd 0.095, modal share 0.06; feature mean 0.91",1.0
september,2-agent mixed,"mixed dyads, GPT members",GPT,"R2 own consistency -> return proportion (agent FE, lagged coop): GLM judge flag",0.0003,-0.0429,0.0434,0.9904,1.0,24.0,92.0,no detectable effect,"outcome sd 0.118, modal share 0.05; feature mean 0.77",1.0
september,2-agent mixed,"mixed dyads, Gemini members",Gemini,"R2 own consistency -> return proportion (agent FE, lagged coop): GLM judge flag",0.0156,-0.0109,0.0422,0.2485,1.0,24.0,94.0,no detectable effect,"outcome sd 0.041, modal share 0.04; feature mean 0.94",1.0
september,2-agent mixed,"mixed dyads, Sonnet members",Sonnet,"R2 own consistency -> return proportion (agent FE, lagged coop): GLM judge flag",0.0458,-0.0359,0.1275,0.2721,1.0,24.0,93.0,no detectable effect,"outcome sd 0.111, modal share 0.11; feature mean 0.82",1.0
september,8-agent homogeneous,8 GPT,GPT,"R2 own consistency -> return proportion (agent FE, lagged coop): GLM judge flag",-0.0362,-0.1093,0.0368,0.3305,1.0,10.0,114.0,no detectable effect,"outcome sd 0.117, modal share 0.03; feature mean 0.65",1.0
september,8-agent homogeneous,8 Gemini,Gemini,"R2 own consistency -> return proportion (agent FE, lagged coop): GLM judge flag",-0.0099,-0.0329,0.0131,0.3971,1.0,10.0,320.0,no detectable effect,"outcome sd 0.029, modal share 0.03; feature mean 0.93",1.0
september,8-agent homogeneous,8 Sonnet,Sonnet,"R2 own consistency -> return proportion (agent FE, lagged coop): GLM judge flag",-0.0142,-0.0475,0.0191,0.402,1.0,10.0,320.0,no detectable effect,"outcome sd 0.075, modal share 0.09; feature mean 0.83",1.0
september,8-agent mixed,"8-agent mixed populations, GPT members",GPT,"R2 own consistency -> return proportion (agent FE, lagged coop): GLM judge flag",-0.0081,-0.023,0.0068,0.2874,1.0,60.0,698.0,no detectable effect,"outcome sd 0.090, modal share 0.02; feature mean 0.70",1.0
september,8-agent mixed,"8-agent mixed populations, Gemini members",Gemini,"R2 own consistency -> return proportion (agent FE, lagged coop): GLM judge flag",0.0144,-0.0023,0.0312,0.091,1.0,30.0,245.0,no detectable effect,"outcome sd 0.051, modal share 0.04; feature mean 0.88",1.0
september,8-agent mixed,"8-agent mixed populations, Sonnet members",Sonnet,"R2 own consistency -> return proportion (agent FE, lagged coop): GLM judge flag",0.0044,-0.0101,0.0189,0.5514,1.0,30.0,648.0,no detectable effect,"outcome sd 0.078, modal share 0.11; feature mean 0.73",1.0
september,all settings,all Sonnet runs,Sonnet,"R2 own consistency -> return proportion (agent FE, lagged coop): keyword",0.002,-0.0074,0.0114,0.6749,1.0,74.0,1141.0,no detectable effect,"outcome sd 0.082, modal share 0.10; feature mean 0.51",1.0
september,all settings,all GPT runs,GPT,"R2 own consistency -> return proportion (agent FE, lagged coop): keyword",-0.0027,-0.0167,0.0113,0.7074,1.0,104.0,981.0,no detectable effect,"outcome sd 0.106, modal share 0.02; feature mean 0.19",1.0
september,all settings,all Gemini runs,Gemini,"R2 own consistency -> return proportion (agent FE, lagged coop): keyword",0.0019,-0.0045,0.0084,0.552,1.0,74.0,739.0,no detectable effect,"outcome sd 0.041, modal share 0.04; feature mean 0.19",1.0
september,all settings,all runs,all,"R2 own consistency -> return proportion (agent FE, lagged coop): keyword",0.0003,-0.0055,0.0061,0.9252,1.0,156.0,2861.0,no detectable effect,"outcome sd 0.091, modal share 0.05; feature mean 0.31",1.0
september,2-agent homogeneous,GPT dyads,GPT,"R2 own consistency -> return proportion (agent FE, lagged coop): keyword",0.0204,-0.0188,0.0596,0.3076,1.0,10.0,70.0,no detectable effect,"outcome sd 0.104, modal share 0.03; feature mean 0.13",1.0
september,2-agent homogeneous,Gemini dyads,Gemini,"R2 own consistency -> return proportion (agent FE, lagged coop): keyword",0.0098,-0.0069,0.0264,0.2502,1.0,10.0,80.0,no detectable effect,"outcome sd 0.034, modal share 0.18; feature mean 0.20",1.0
september,2-agent homogeneous,Sonnet dyads,Sonnet,"R2 own consistency -> return proportion (agent FE, lagged coop): keyword",-0.0073,-0.046,0.0314,0.7106,1.0,10.0,80.0,no detectable effect,"outcome sd 0.095, modal share 0.06; feature mean 0.51",1.0
september,2-agent mixed,"mixed dyads, GPT members",GPT,"R2 own consistency -> return proportion (agent FE, lagged coop): keyword",0.0316,-0.0186,0.0818,0.2177,1.0,24.0,94.0,no detectable effect,"outcome sd 0.124, modal share 0.05; feature mean 0.22",1.0
september,2-agent mixed,"mixed dyads, Gemini members",Gemini,"R2 own consistency -> return proportion (agent FE, lagged coop): keyword",0.0176,-0.0033,0.0385,0.0997,1.0,24.0,94.0,no detectable effect,"outcome sd 0.041, modal share 0.04; feature mean 0.15",1.0
september,2-agent mixed,"mixed dyads, Sonnet members",Sonnet,"R2 own consistency -> return proportion (agent FE, lagged coop): keyword",0.052,0.0188,0.0853,0.0021,0.0619,24.0,93.0,suggestive,"outcome sd 0.111, modal share 0.11; feature mean 0.32",0.6005999999999999
september,8-agent homogeneous,8 GPT,GPT,"R2 own consistency -> return proportion (agent FE, lagged coop): keyword",0.0247,-0.0571,0.1066,0.5534,1.0,10.0,114.0,no detectable effect,"outcome sd 0.117, modal share 0.03; feature mean 0.13",1.0
september,8-agent homogeneous,8 Gemini,Gemini,"R2 own consistency -> return proportion (agent FE, lagged coop): keyword",0.0013,-0.0039,0.0064,0.6281,1.0,10.0,320.0,no detectable effect,"outcome sd 0.029, modal share 0.03; feature mean 0.15",1.0
september,8-agent homogeneous,8 Sonnet,Sonnet,"R2 own consistency -> return proportion (agent FE, lagged coop): keyword",0.0005,-0.013,0.014,0.9413,1.0,10.0,320.0,no detectable effect,"outcome sd 0.075, modal share 0.09; feature mean 0.58",1.0
september,8-agent mixed,"8-agent mixed populations, GPT members",GPT,"R2 own consistency -> return proportion (agent FE, lagged coop): keyword",-0.0102,-0.0251,0.0048,0.1814,1.0,60.0,703.0,no detectable effect,"outcome sd 0.090, modal share 0.02; feature mean 0.21",1.0
september,8-agent mixed,"8-agent mixed populations, Gemini members",Gemini,"R2 own consistency -> return proportion (agent FE, lagged coop): keyword",-0.0024,-0.0139,0.0091,0.6795,1.0,30.0,245.0,no detectable effect,"outcome sd 0.051, modal share 0.04; feature mean 0.25",1.0
september,8-agent mixed,"8-agent mixed populations, Sonnet members",Sonnet,"R2 own consistency -> return proportion (agent FE, lagged coop): keyword",-0.0026,-0.0155,0.0103,0.6957,1.0,30.0,648.0,no detectable effect,"outcome sd 0.078, modal share 0.11; feature mean 0.51",1.0
september,all settings,all Sonnet runs,Sonnet,"R2 own consistency -> return proportion (agent FE, lagged coop): embedding score (sd)",-0.0022,-0.0068,0.0023,0.3388,1.0,74.0,1141.0,no detectable effect,"outcome sd 0.082, modal share 0.10; feature mean -0.83",1.0
september,all settings,all GPT runs,GPT,"R2 own consistency -> return proportion (agent FE, lagged coop): embedding score (sd)",0.0041,-0.0056,0.0137,0.4081,1.0,104.0,981.0,no detectable effect,"outcome sd 0.106, modal share 0.02; feature mean -2.03",1.0
september,all settings,all Gemini runs,Gemini,"R2 own consistency -> return proportion (agent FE, lagged coop): embedding score (sd)",0.0066,0.0028,0.0105,0.0006,0.0073,74.0,739.0,yes,"outcome sd 0.041, modal share 0.04; feature mean -0.84",0.17459999999999998
september,all settings,all runs,all,"R2 own consistency -> return proportion (agent FE, lagged coop): embedding score (sd)",0.0006,-0.0027,0.004,0.7209,1.0,156.0,2861.0,no detectable effect,"outcome sd 0.091, modal share 0.05; feature mean -1.28",1.0
september,2-agent homogeneous,GPT dyads,GPT,"R2 own consistency -> return proportion (agent FE, lagged coop): embedding score (sd)",-0.0138,-0.0553,0.0278,0.5165,1.0,10.0,70.0,no detectable effect,"outcome sd 0.104, modal share 0.03; feature mean -1.94",1.0
september,2-agent homogeneous,Gemini dyads,Gemini,"R2 own consistency -> return proportion (agent FE, lagged coop): embedding score (sd)",0.0031,-0.0058,0.012,0.4984,1.0,10.0,80.0,no detectable effect,"outcome sd 0.034, modal share 0.18; feature mean -0.61",1.0
september,2-agent homogeneous,Sonnet dyads,Sonnet,"R2 own consistency -> return proportion (agent FE, lagged coop): embedding score (sd)",-0.011,-0.0263,0.0044,0.1612,1.0,10.0,80.0,no detectable effect,"outcome sd 0.095, modal share 0.06; feature mean -0.92",1.0
september,2-agent mixed,"mixed dyads, GPT members",GPT,"R2 own consistency -> return proportion (agent FE, lagged coop): embedding score (sd)",-0.0065,-0.0295,0.0165,0.5776,1.0,24.0,94.0,no detectable effect,"outcome sd 0.124, modal share 0.05; feature mean -1.95",1.0
september,2-agent mixed,"mixed dyads, Gemini members",Gemini,"R2 own consistency -> return proportion (agent FE, lagged coop): embedding score (sd)",0.0077,-0.002,0.0174,0.1194,1.0,24.0,94.0,no detectable effect,"outcome sd 0.041, modal share 0.04; feature mean -1.16",1.0
september,2-agent mixed,"mixed dyads, Sonnet members",Sonnet,"R2 own consistency -> return proportion (agent FE, lagged coop): embedding score (sd)",-0.003,-0.0281,0.0222,0.8181,1.0,24.0,93.0,no detectable effect,"outcome sd 0.111, modal share 0.11; feature mean -1.10",1.0
september,8-agent homogeneous,8 GPT,GPT,"R2 own consistency -> return proportion (agent FE, lagged coop): embedding score (sd)",-0.0321,-0.0895,0.0254,0.2745,1.0,10.0,114.0,no detectable effect,"outcome sd 0.117, modal share 0.03; feature mean -2.15",1.0
september,8-agent homogeneous,8 Gemini,Gemini,"R2 own consistency -> return proportion (agent FE, lagged coop): embedding score (sd)",0.009,0.0032,0.0148,0.0024,0.024,10.0,320.0,yes,"outcome sd 0.029, modal share 0.03; feature mean -0.67",0.6816
september,8-agent homogeneous,8 Sonnet,Sonnet,"R2 own consistency -> return proportion (agent FE, lagged coop): embedding score (sd)",0.0005,-0.0071,0.008,0.9067,1.0,10.0,320.0,no detectable effect,"outcome sd 0.075, modal share 0.09; feature mean -0.75",1.0
september,8-agent mixed,"8-agent mixed populations, GPT members",GPT,"R2 own consistency -> return proportion (agent FE, lagged coop): embedding score (sd)",0.0096,-0.0009,0.0202,0.0722,1.0,60.0,703.0,no detectable effect,"outcome sd 0.090, modal share 0.02; feature mean -2.02",1.0
september,8-agent mixed,"8-agent mixed populations, Gemini members",Gemini,"R2 own consistency -> return proportion (agent FE, lagged coop): embedding score (sd)",0.0026,-0.0055,0.0107,0.5311,1.0,30.0,245.0,no detectable effect,"outcome sd 0.051, modal share 0.04; feature mean -1.00",1.0
september,8-agent mixed,"8-agent mixed populations, Sonnet members",Sonnet,"R2 own consistency -> return proportion (agent FE, lagged coop): embedding score (sd)",-0.002,-0.0086,0.0046,0.5494,1.0,30.0,648.0,no detectable effect,"outcome sd 0.078, modal share 0.11; feature mean -0.81",1.0
september,all settings,all Sonnet runs,Sonnet,R2 own consistency -> |change in send| (stability): GLM judge flag,-0.0285,-0.0444,-0.0126,0.0004,0.0152,74.0,1176.0,yes,"outcome sd 0.105, modal share 0.65; feature mean 0.81",0.1168
september,all settings,all GPT runs,GPT,R2 own consistency -> |change in send| (stability): GLM judge flag,0.0156,-0.0299,0.0611,0.5012,1.0,104.0,1444.0,no detectable effect,"outcome sd 0.367, modal share 0.50; feature mean 0.75",1.0
september,all settings,all runs,all,R2 own consistency -> |change in send| (stability): GLM judge flag,-0.0038,-0.0321,0.0245,0.794,1.0,156.0,3396.0,no detectable effect,"outcome sd 0.279, modal share 0.67; feature mean 0.82",1.0
september,2-agent homogeneous,GPT dyads,GPT,R2 own consistency -> |change in send| (stability): GLM judge flag,-0.0219,-0.0894,0.0456,0.5244,1.0,10.0,79.0,no detectable effect,"outcome sd 0.245, modal share 0.49; feature mean 0.66",1.0
september,2-agent homogeneous,Sonnet dyads,Sonnet,R2 own consistency -> |change in send| (stability): GLM judge flag,0.0327,0.0101,0.0554,0.0046,0.1557,10.0,80.0,underpowered,"outcome sd 0.043, modal share 0.82; feature mean 0.95",1.0
september,2-agent mixed,"mixed dyads, GPT members",GPT,R2 own consistency -> |change in send| (stability): GLM judge flag,-0.0738,-0.1593,0.0117,0.0907,1.0,24.0,95.0,no detectable effect,"outcome sd 0.221, modal share 0.62; feature mean 0.78",1.0
september,2-agent mixed,"mixed dyads, Sonnet members",Sonnet,R2 own consistency -> |change in send| (stability): GLM judge flag,-0.117,-0.1883,-0.0457,0.0013,0.0402,24.0,96.0,yes,"outcome sd 0.123, modal share 0.49; feature mean 0.82",0.37439999999999996
september,8-agent homogeneous,8 GPT,GPT,R2 own consistency -> |change in send| (stability): GLM judge flag,0.0394,-0.077,0.1557,0.5072,1.0,10.0,319.0,no detectable effect,"outcome sd 0.362, modal share 0.41; feature mean 0.79",1.0
september,8-agent homogeneous,8 Sonnet,Sonnet,R2 own consistency -> |change in send| (stability): GLM judge flag,-0.0135,-0.0542,0.0271,0.5143,1.0,10.0,320.0,no detectable effect,"outcome sd 0.063, modal share 0.81; feature mean 0.89",1.0
september,8-agent mixed,"8-agent mixed populations, GPT members",GPT,R2 own consistency -> |change in send| (stability): GLM judge flag,0.0289,-0.0259,0.0836,0.302,1.0,60.0,951.0,no detectable effect,"outcome sd 0.383, modal share 0.52; feature mean 0.74",1.0
september,8-agent mixed,"8-agent mixed populations, Sonnet members",Sonnet,R2 own consistency -> |change in send| (stability): GLM judge flag,-0.0261,-0.0432,-0.009,0.0027,0.0906,30.0,680.0,suggestive,"outcome sd 0.117, modal share 0.59; feature mean 0.75",0.7641
september,all settings,all Gemini runs,Gemini,R2 own consistency -> |change in send| (stability): GLM judge flag,,,,,,,,not estimable: ceiling,sends $5 almost always,
september,2-agent homogeneous,Gemini dyads,Gemini,R2 own consistency -> |change in send| (stability): GLM judge flag,,,,,,,,not estimable: ceiling,sends $5 almost always,
september,2-agent mixed,"mixed dyads, Gemini members",Gemini,R2 own consistency -> |change in send| (stability): GLM judge flag,,,,,,,,not estimable: ceiling,sends $5 almost always,
september,8-agent homogeneous,8 Gemini,Gemini,R2 own consistency -> |change in send| (stability): GLM judge flag,,,,,,,,not estimable: ceiling,sends $5 almost always,
september,8-agent mixed,"8-agent mixed populations, Gemini members",Gemini,R2 own consistency -> |change in send| (stability): GLM judge flag,,,,,,,,not estimable: ceiling,sends $5 almost always,
september,all settings,all Sonnet runs,Sonnet,R2 own consistency -> |change in send| (stability): keyword,-0.0053,-0.0176,0.007,0.3986,1.0,74.0,1176.0,no detectable effect,"outcome sd 0.105, modal share 0.65; feature mean 0.60",1.0
september,all settings,all GPT runs,GPT,R2 own consistency -> |change in send| (stability): keyword,0.0099,-0.0358,0.0555,0.6723,1.0,104.0,1455.0,no detectable effect,"outcome sd 0.367, modal share 0.50; feature mean 0.22",1.0
september,all settings,all runs,all,R2 own consistency -> |change in send| (stability): keyword,-0.0023,-0.0206,0.0161,0.8075,1.0,156.0,3407.0,no detectable effect,"outcome sd 0.280, modal share 0.67; feature mean 0.35",1.0
september,2-agent homogeneous,GPT dyads,GPT,R2 own consistency -> |change in send| (stability): keyword,-0.048,-0.1071,0.0111,0.1113,1.0,10.0,80.0,no detectable effect,"outcome sd 0.244, modal share 0.50; feature mean 0.30",1.0
september,2-agent homogeneous,Sonnet dyads,Sonnet,R2 own consistency -> |change in send| (stability): keyword,0.0032,-0.0087,0.0151,0.6022,1.0,10.0,80.0,no detectable effect,"outcome sd 0.043, modal share 0.82; feature mean 0.57",1.0
september,2-agent mixed,"mixed dyads, GPT members",GPT,R2 own consistency -> |change in send| (stability): keyword,0.0317,-0.0501,0.1134,0.4481,1.0,24.0,95.0,no detectable effect,"outcome sd 0.221, modal share 0.62; feature mean 0.35",1.0
september,2-agent mixed,"mixed dyads, Sonnet members",Sonnet,R2 own consistency -> |change in send| (stability): keyword,-0.0346,-0.1021,0.0329,0.3149,1.0,24.0,96.0,no detectable effect,"outcome sd 0.123, modal share 0.49; feature mean 0.38",1.0
september,8-agent homogeneous,8 GPT,GPT,R2 own consistency -> |change in send| (stability): keyword,-0.0154,-0.0856,0.0549,0.6683,1.0,10.0,320.0,no detectable effect,"outcome sd 0.362, modal share 0.41; feature mean 0.24",1.0
september,8-agent homogeneous,8 Sonnet,Sonnet,R2 own consistency -> |change in send| (stability): keyword,-0.0034,-0.0187,0.0119,0.6665,1.0,10.0,320.0,no detectable effect,"outcome sd 0.063, modal share 0.81; feature mean 0.70",1.0
september,8-agent mixed,"8-agent mixed populations, GPT members",GPT,R2 own consistency -> |change in send| (stability): keyword,0.0344,-0.0252,0.0941,0.2581,1.0,60.0,960.0,no detectable effect,"outcome sd 0.383, modal share 0.52; feature mean 0.20",1.0
september,8-agent mixed,"8-agent mixed populations, Sonnet members",Sonnet,R2 own consistency -> |change in send| (stability): keyword,-0.0122,-0.0282,0.0038,0.1351,1.0,30.0,680.0,no detectable effect,"outcome sd 0.117, modal share 0.59; feature mean 0.59",1.0
september,all settings,all Gemini runs,Gemini,R2 own consistency -> |change in send| (stability): keyword,,,,,,,,not estimable: ceiling,sends $5 almost always,
september,2-agent homogeneous,Gemini dyads,Gemini,R2 own consistency -> |change in send| (stability): keyword,,,,,,,,not estimable: ceiling,sends $5 almost always,
september,2-agent mixed,"mixed dyads, Gemini members",Gemini,R2 own consistency -> |change in send| (stability): keyword,,,,,,,,not estimable: ceiling,sends $5 almost always,
september,8-agent homogeneous,8 Gemini,Gemini,R2 own consistency -> |change in send| (stability): keyword,,,,,,,,not estimable: ceiling,sends $5 almost always,
september,8-agent mixed,"8-agent mixed populations, Gemini members",Gemini,R2 own consistency -> |change in send| (stability): keyword,,,,,,,,not estimable: ceiling,sends $5 almost always,
september,all settings,all Sonnet runs,Sonnet,R2 own consistency -> |change in send| (stability): embedding score (sd),-0.0081,-0.0163,0.0001,0.0534,1.0,74.0,1176.0,no detectable effect,"outcome sd 0.105, modal share 0.65; feature mean -0.69",1.0
september,all settings,all GPT runs,GPT,R2 own consistency -> |change in send| (stability): embedding score (sd),-0.0048,-0.0373,0.0277,0.773,1.0,104.0,1455.0,no detectable effect,"outcome sd 0.367, modal share 0.50; feature mean -2.06",1.0
september,all settings,all runs,all,R2 own consistency -> |change in send| (stability): embedding score (sd),-0.0057,-0.0182,0.0068,0.3723,1.0,156.0,3407.0,no detectable effect,"outcome sd 0.280, modal share 0.67; feature mean -1.28",1.0
september,2-agent homogeneous,GPT dyads,GPT,R2 own consistency -> |change in send| (stability): embedding score (sd),-0.0788,-0.1436,-0.0139,0.0172,0.5345,10.0,80.0,suggestive,"outcome sd 0.244, modal share 0.50; feature mean -2.09",1.0
september,2-agent homogeneous,Sonnet dyads,Sonnet,R2 own consistency -> |change in send| (stability): embedding score (sd),0.0014,-0.0082,0.011,0.7722,1.0,10.0,80.0,no detectable effect,"outcome sd 0.043, modal share 0.82; feature mean -0.76",1.0
september,2-agent mixed,"mixed dyads, GPT members",GPT,R2 own consistency -> |change in send| (stability): embedding score (sd),0.0056,-0.0488,0.0599,0.8413,1.0,24.0,95.0,no detectable effect,"outcome sd 0.221, modal share 0.62; feature mean -1.92",1.0
september,2-agent mixed,"mixed dyads, Sonnet members",Sonnet,R2 own consistency -> |change in send| (stability): embedding score (sd),-0.0278,-0.0607,0.0051,0.098,1.0,24.0,96.0,no detectable effect,"outcome sd 0.123, modal share 0.49; feature mean -1.04",1.0
september,8-agent homogeneous,8 GPT,GPT,R2 own consistency -> |change in send| (stability): embedding score (sd),-0.0357,-0.1012,0.0298,0.2857,1.0,10.0,320.0,no detectable effect,"outcome sd 0.362, modal share 0.41; feature mean -2.15",1.0
september,8-agent homogeneous,8 Sonnet,Sonnet,R2 own consistency -> |change in send| (stability): embedding score (sd),-0.0014,-0.0082,0.0054,0.6843,1.0,10.0,320.0,no detectable effect,"outcome sd 0.063, modal share 0.81; feature mean -0.50",1.0
september,8-agent mixed,"8-agent mixed populations, GPT members",GPT,R2 own consistency -> |change in send| (stability): embedding score (sd),0.0073,-0.0326,0.0471,0.721,1.0,60.0,960.0,no detectable effect,"outcome sd 0.383, modal share 0.52; feature mean -2.04",1.0
september,8-agent mixed,"8-agent mixed populations, Sonnet members",Sonnet,R2 own consistency -> |change in send| (stability): embedding score (sd),-0.0083,-0.0211,0.0046,0.2069,1.0,30.0,680.0,no detectable effect,"outcome sd 0.117, modal share 0.59; feature mean -0.72",1.0
september,all settings,all Gemini runs,Gemini,R2 own consistency -> |change in send| (stability): embedding score (sd),,,,,,,,not estimable: ceiling,sends $5 almost always,
september,2-agent homogeneous,Gemini dyads,Gemini,R2 own consistency -> |change in send| (stability): embedding score (sd),,,,,,,,not estimable: ceiling,sends $5 almost always,
september,2-agent mixed,"mixed dyads, Gemini members",Gemini,R2 own consistency -> |change in send| (stability): embedding score (sd),,,,,,,,not estimable: ceiling,sends $5 almost always,
september,8-agent homogeneous,8 Gemini,Gemini,R2 own consistency -> |change in send| (stability): embedding score (sd),,,,,,,,not estimable: ceiling,sends $5 almost always,
september,8-agent mixed,"8-agent mixed populations, Gemini members",Gemini,R2 own consistency -> |change in send| (stability): embedding score (sd),,,,,,,,not estimable: ceiling,sends $5 almost always,
september,all settings,all Sonnet runs,Sonnet,R2 own consistency -> |change in return| (stability): GLM judge flag,-0.0055,-0.0156,0.0047,0.2914,1.0,74.0,1141.0,no detectable effect,"outcome sd 0.051, modal share 0.08; feature mean 0.83",1.0
september,all settings,all GPT runs,GPT,R2 own consistency -> |change in return| (stability): GLM judge flag,0.0043,-0.0113,0.02,0.5864,1.0,104.0,974.0,no detectable effect,"outcome sd 0.087, modal share 0.03; feature mean 0.77",1.0
september,all settings,all Gemini runs,Gemini,R2 own consistency -> |change in return| (stability): GLM judge flag,-0.0112,-0.0229,0.0005,0.0615,0.6147,74.0,739.0,no detectable effect,"outcome sd 0.038, modal share 0.03; feature mean 0.96",1.0
september,all settings,all runs,all,R2 own consistency -> |change in return| (stability): GLM judge flag,-0.0001,-0.0088,0.0085,0.9779,1.0,156.0,2854.0,no detectable effect,"outcome sd 0.065, modal share 0.05; feature mean 0.84",1.0
september,2-agent homogeneous,GPT dyads,GPT,R2 own consistency -> |change in return| (stability): GLM judge flag,-0.0281,-0.0631,0.0068,0.1148,1.0,10.0,70.0,no detectable effect,"outcome sd 0.076, modal share 0.06; feature mean 0.79",1.0
september,2-agent homogeneous,Gemini dyads,Gemini,R2 own consistency -> |change in return| (stability): GLM judge flag,-0.0665,-0.0959,-0.0371,0.0,0.0001,10.0,80.0,underpowered,"outcome sd 0.024, modal share 0.20; feature mean 0.99",0.0
september,2-agent homogeneous,Sonnet dyads,Sonnet,R2 own consistency -> |change in return| (stability): GLM judge flag,0.0008,-0.0383,0.0399,0.9695,1.0,10.0,80.0,no detectable effect,"outcome sd 0.040, modal share 0.07; feature mean 0.94",1.0
september,2-agent mixed,"mixed dyads, GPT members",GPT,R2 own consistency -> |change in return| (stability): GLM judge flag,0.0063,-0.0566,0.0692,0.8444,1.0,24.0,92.0,no detectable effect,"outcome sd 0.114, modal share 0.03; feature mean 0.84",1.0
september,2-agent mixed,"mixed dyads, Gemini members",Gemini,R2 own consistency -> |change in return| (stability): GLM judge flag,-0.0161,-0.06,0.0278,0.4724,1.0,24.0,94.0,underpowered,"outcome sd 0.038, modal share 0.04; feature mean 0.97",1.0
september,2-agent mixed,"mixed dyads, Sonnet members",Sonnet,R2 own consistency -> |change in return| (stability): GLM judge flag,0.0078,-0.0503,0.0659,0.7927,1.0,24.0,93.0,no detectable effect,"outcome sd 0.063, modal share 0.11; feature mean 0.91",1.0
september,8-agent homogeneous,8 GPT,GPT,R2 own consistency -> |change in return| (stability): GLM judge flag,0.017,-0.0198,0.0538,0.3657,1.0,10.0,114.0,no detectable effect,"outcome sd 0.111, modal share 0.04; feature mean 0.75",1.0
september,8-agent homogeneous,8 Gemini,Gemini,R2 own consistency -> |change in return| (stability): GLM judge flag,-0.0141,-0.0213,-0.0069,0.0001,0.0014,10.0,320.0,underpowered,"outcome sd 0.024, modal share 0.03; feature mean 0.97",0.029500000000000002
september,8-agent homogeneous,8 Sonnet,Sonnet,R2 own consistency -> |change in return| (stability): GLM judge flag,-0.0077,-0.0304,0.015,0.5058,1.0,10.0,320.0,no detectable effect,"outcome sd 0.048, modal share 0.12; feature mean 0.88",1.0
september,8-agent mixed,"8-agent mixed populations, GPT members",GPT,R2 own consistency -> |change in return| (stability): GLM judge flag,0.0041,-0.0146,0.0227,0.6693,1.0,60.0,698.0,no detectable effect,"outcome sd 0.078, modal share 0.03; feature mean 0.76",1.0
september,8-agent mixed,"8-agent mixed populations, Gemini members",Gemini,R2 own consistency -> |change in return| (stability): GLM judge flag,-0.0122,-0.0322,0.0078,0.2305,1.0,30.0,245.0,no detectable effect,"outcome sd 0.052, modal share 0.04; feature mean 0.93",1.0
september,8-agent mixed,"8-agent mixed populations, Sonnet members",Sonnet,R2 own consistency -> |change in return| (stability): GLM judge flag,-0.0046,-0.0158,0.0066,0.4188,1.0,30.0,648.0,no detectable effect,"outcome sd 0.051, modal share 0.07; feature mean 0.78",1.0
september,all settings,all Sonnet runs,Sonnet,R2 own consistency -> |change in return| (stability): keyword,-0.0032,-0.0117,0.0053,0.4573,1.0,74.0,1141.0,no detectable effect,"outcome sd 0.051, modal share 0.08; feature mean 0.60",1.0
september,all settings,all GPT runs,GPT,R2 own consistency -> |change in return| (stability): keyword,0.0049,-0.0094,0.0192,0.503,1.0,104.0,981.0,no detectable effect,"outcome sd 0.087, modal share 0.03; feature mean 0.23",1.0
september,all settings,all Gemini runs,Gemini,R2 own consistency -> |change in return| (stability): keyword,0.0028,-0.0057,0.0113,0.5186,1.0,74.0,739.0,no detectable effect,"outcome sd 0.038, modal share 0.03; feature mean 0.20",1.0
september,all settings,all runs,all,R2 own consistency -> |change in return| (stability): keyword,0.0029,-0.0034,0.0092,0.3702,1.0,156.0,2861.0,no detectable effect,"outcome sd 0.065, modal share 0.05; feature mean 0.37",1.0
september,2-agent homogeneous,GPT dyads,GPT,R2 own consistency -> |change in return| (stability): keyword,0.037,0.0093,0.0647,0.0089,0.2952,10.0,70.0,suggestive,"outcome sd 0.076, modal share 0.06; feature mean 0.16",1.0
september,2-agent homogeneous,Gemini dyads,Gemini,R2 own consistency -> |change in return| (stability): keyword,0.0067,-0.0133,0.0268,0.511,1.0,10.0,80.0,no detectable effect,"outcome sd 0.024, modal share 0.20; feature mean 0.23",1.0
september,2-agent homogeneous,Sonnet dyads,Sonnet,R2 own consistency -> |change in return| (stability): keyword,-0.0046,-0.0298,0.0206,0.7211,1.0,10.0,80.0,no detectable effect,"outcome sd 0.040, modal share 0.07; feature mean 0.56",1.0
september,2-agent mixed,"mixed dyads, GPT members",GPT,R2 own consistency -> |change in return| (stability): keyword,0.0433,-0.0107,0.0973,0.1163,1.0,24.0,94.0,no detectable effect,"outcome sd 0.113, modal share 0.03; feature mean 0.27",1.0
september,2-agent mixed,"mixed dyads, Gemini members",Gemini,R2 own consistency -> |change in return| (stability): keyword,0.0074,-0.0153,0.0301,0.5231,1.0,24.0,94.0,no detectable effect,"outcome sd 0.038, modal share 0.04; feature mean 0.16",1.0
september,2-agent mixed,"mixed dyads, Sonnet members",Sonnet,R2 own consistency -> |change in return| (stability): keyword,0.0086,-0.0328,0.0501,0.6831,1.0,24.0,93.0,no detectable effect,"outcome sd 0.063, modal share 0.11; feature mean 0.39",1.0
september,8-agent homogeneous,8 GPT,GPT,R2 own consistency -> |change in return| (stability): keyword,0.0109,-0.0789,0.1006,0.8122,1.0,10.0,114.0,no detectable effect,"outcome sd 0.111, modal share 0.04; feature mean 0.14",1.0
september,8-agent homogeneous,8 Gemini,Gemini,R2 own consistency -> |change in return| (stability): keyword,0.0007,-0.0066,0.0079,0.8558,1.0,10.0,320.0,no detectable effect,"outcome sd 0.024, modal share 0.03; feature mean 0.16",1.0
september,8-agent homogeneous,8 Sonnet,Sonnet,R2 own consistency -> |change in return| (stability): keyword,-0.0079,-0.0225,0.0067,0.2885,1.0,10.0,320.0,no detectable effect,"outcome sd 0.048, modal share 0.12; feature mean 0.67",1.0
september,8-agent mixed,"8-agent mixed populations, GPT members",GPT,R2 own consistency -> |change in return| (stability): keyword,0.0014,-0.0138,0.0165,0.8576,1.0,60.0,703.0,no detectable effect,"outcome sd 0.078, modal share 0.03; feature mean 0.24",1.0
september,8-agent mixed,"8-agent mixed populations, Gemini members",Gemini,R2 own consistency -> |change in return| (stability): keyword,0.0024,-0.0115,0.0162,0.7397,1.0,30.0,245.0,no detectable effect,"outcome sd 0.052, modal share 0.04; feature mean 0.25",1.0
september,8-agent mixed,"8-agent mixed populations, Sonnet members",Sonnet,R2 own consistency -> |change in return| (stability): keyword,-0.0033,-0.0136,0.0071,0.5368,1.0,30.0,648.0,no detectable effect,"outcome sd 0.051, modal share 0.07; feature mean 0.60",1.0
september,all settings,all Sonnet runs,Sonnet,R2 own consistency -> |change in return| (stability): embedding score (sd),0.0012,-0.0028,0.0052,0.5456,1.0,74.0,1141.0,no detectable effect,"outcome sd 0.051, modal share 0.08; feature mean -0.64",1.0
september,all settings,all GPT runs,GPT,R2 own consistency -> |change in return| (stability): embedding score (sd),-0.0096,-0.0189,-0.0003,0.0424,1.0,104.0,981.0,suggestive,"outcome sd 0.087, modal share 0.03; feature mean -2.00",1.0
september,all settings,all Gemini runs,Gemini,R2 own consistency -> |change in return| (stability): embedding score (sd),-0.0016,-0.0062,0.003,0.4908,1.0,74.0,739.0,no detectable effect,"outcome sd 0.038, modal share 0.03; feature mean -0.71",1.0
september,all settings,all runs,all,R2 own consistency -> |change in return| (stability): embedding score (sd),-0.0015,-0.0048,0.0018,0.3616,1.0,156.0,2861.0,no detectable effect,"outcome sd 0.065, modal share 0.05; feature mean -1.13",1.0
september,2-agent homogeneous,GPT dyads,GPT,R2 own consistency -> |change in return| (stability): embedding score (sd),0.0067,-0.018,0.0315,0.5937,1.0,10.0,70.0,no detectable effect,"outcome sd 0.076, modal share 0.06; feature mean -1.90",1.0
september,2-agent homogeneous,Gemini dyads,Gemini,R2 own consistency -> |change in return| (stability): embedding score (sd),0.0126,0.0023,0.023,0.0166,0.1498,10.0,80.0,suggestive,"outcome sd 0.024, modal share 0.20; feature mean -0.48",1.0
september,2-agent homogeneous,Sonnet dyads,Sonnet,R2 own consistency -> |change in return| (stability): embedding score (sd),0.0024,-0.0075,0.0122,0.6394,1.0,10.0,80.0,no detectable effect,"outcome sd 0.040, modal share 0.07; feature mean -0.71",1.0
september,2-agent mixed,"mixed dyads, GPT members",GPT,R2 own consistency -> |change in return| (stability): embedding score (sd),-0.0308,-0.0722,0.0105,0.1438,1.0,24.0,94.0,no detectable effect,"outcome sd 0.113, modal share 0.03; feature mean -1.94",1.0
september,2-agent mixed,"mixed dyads, Gemini members",Gemini,R2 own consistency -> |change in return| (stability): embedding score (sd),0.0,-0.0097,0.0098,0.9969,1.0,24.0,94.0,no detectable effect,"outcome sd 0.038, modal share 0.04; feature mean -1.12",1.0
september,2-agent mixed,"mixed dyads, Sonnet members",Sonnet,R2 own consistency -> |change in return| (stability): embedding score (sd),-0.0011,-0.0226,0.0203,0.9164,1.0,24.0,93.0,no detectable effect,"outcome sd 0.063, modal share 0.11; feature mean -0.91",1.0
september,8-agent homogeneous,8 GPT,GPT,R2 own consistency -> |change in return| (stability): embedding score (sd),0.0074,-0.0205,0.0354,0.6016,1.0,10.0,114.0,no detectable effect,"outcome sd 0.111, modal share 0.04; feature mean -2.18",1.0
september,8-agent homogeneous,8 Gemini,Gemini,R2 own consistency -> |change in return| (stability): embedding score (sd),-0.0057,-0.0112,-0.0001,0.0456,0.3651,10.0,320.0,suggestive,"outcome sd 0.024, modal share 0.03; feature mean -0.52",1.0
september,8-agent homogeneous,8 Sonnet,Sonnet,R2 own consistency -> |change in return| (stability): embedding score (sd),0.0043,-0.0031,0.0117,0.2573,1.0,10.0,320.0,no detectable effect,"outcome sd 0.048, modal share 0.12; feature mean -0.56",1.0
september,8-agent mixed,"8-agent mixed populations, GPT members",GPT,R2 own consistency -> |change in return| (stability): embedding score (sd),-0.0066,-0.0159,0.0027,0.1629,1.0,60.0,703.0,no detectable effect,"outcome sd 0.078, modal share 0.03; feature mean -1.99",1.0
september,8-agent mixed,"8-agent mixed populations, Gemini members",Gemini,R2 own consistency -> |change in return| (stability): embedding score (sd),0.0007,-0.0085,0.0099,0.8845,1.0,30.0,245.0,no detectable effect,"outcome sd 0.052, modal share 0.04; feature mean -0.89",1.0
september,8-agent mixed,"8-agent mixed populations, Sonnet members",Sonnet,R2 own consistency -> |change in return| (stability): embedding score (sd),0.0001,-0.0054,0.0056,0.9649,1.0,30.0,648.0,no detectable effect,"outcome sd 0.051, modal share 0.07; feature mean -0.63",1.0
september,all settings,all Sonnet runs,Sonnet,R2 own consistency -> cut after a letdown: GLM judge flag,-0.3204,-0.6408,0.0,0.05,1.0,39.0,94.0,no detectable effect,"outcome sd 0.411, modal share 0.79; feature mean 0.62",1.0
september,all settings,all GPT runs,GPT,R2 own consistency -> cut after a letdown: GLM judge flag,-0.1227,-0.4195,0.174,0.4176,1.0,63.0,299.0,no detectable effect,"outcome sd 0.481, modal share 0.64; feature mean 0.74",1.0
september,all settings,all runs,all,R2 own consistency -> cut after a letdown: GLM judge flag,-0.1809,-0.4235,0.0617,0.1439,1.0,96.0,445.0,no detectable effect,"outcome sd 0.455, modal share 0.71; feature mean 0.73",1.0
september,2-agent homogeneous,GPT dyads,GPT,R2 own consistency -> cut after a letdown: GLM judge flag,-0.3599,-0.8908,0.171,0.1839,1.0,9.0,44.0,underpowered,"outcome sd 0.408, modal share 0.80; feature mean 0.66",1.0
september,2-agent mixed,"mixed dyads, Sonnet members",Sonnet,R2 own consistency -> cut after a letdown: GLM judge flag,-0.4536,-0.6156,-0.2917,0.0,0.0,7.0,19.0,underpowered,"outcome sd 0.507, modal share 0.58; feature mean 0.63",0.0
september,8-agent homogeneous,8 GPT,GPT,R2 own consistency -> cut after a letdown: GLM judge flag,0.3021,-0.1503,0.7545,0.1906,1.0,10.0,106.0,no detectable effect,"outcome sd 0.495, modal share 0.58; feature mean 0.76",1.0
september,8-agent mixed,"8-agent mixed populations, GPT members",GPT,R2 own consistency -> cut after a letdown: GLM judge flag,-0.1614,-0.4777,0.1549,0.3172,1.0,39.0,142.0,no detectable effect,"outcome sd 0.441, modal share 0.74; feature mean 0.74",1.0
september,8-agent mixed,"8-agent mixed populations, Sonnet members",Sonnet,R2 own consistency -> cut after a letdown: GLM judge flag,-0.0,-0.0,0.0,0.4583,1.0,25.0,62.0,underpowered,"outcome sd 0.385, modal share 0.82; feature mean 0.55",1.0
september,all settings,all Gemini runs,Gemini,R2 own consistency -> cut after a letdown: GLM judge flag,,,,,,,,not estimable: ceiling,sends $5 almost always,
september,2-agent homogeneous,Gemini dyads,Gemini,R2 own consistency -> cut after a letdown: GLM judge flag,,,,,,,,not estimable: ceiling,sends $5 almost always,
september,2-agent mixed,"mixed dyads, Gemini members",Gemini,R2 own consistency -> cut after a letdown: GLM judge flag,,,,,,,,not estimable: ceiling,sends $5 almost always,
september,8-agent homogeneous,8 Gemini,Gemini,R2 own consistency -> cut after a letdown: GLM judge flag,,,,,,,,not estimable: ceiling,sends $5 almost always,
september,8-agent mixed,"8-agent mixed populations, Gemini members",Gemini,R2 own consistency -> cut after a letdown: GLM judge flag,,,,,,,,not estimable: ceiling,sends $5 almost always,
september,all settings,all Sonnet runs,Sonnet,R2 own consistency -> cut after a letdown: keyword,-0.2413,-0.5792,0.0967,0.1617,1.0,39.0,94.0,no detectable effect,"outcome sd 0.411, modal share 0.79; feature mean 0.48",1.0
september,all settings,all GPT runs,GPT,R2 own consistency -> cut after a letdown: keyword,-0.2676,-0.4607,-0.0745,0.0066,0.2377,63.0,303.0,suggestive,"outcome sd 0.482, modal share 0.64; feature mean 0.23",1.0
september,all settings,all runs,all,R2 own consistency -> cut after a letdown: keyword,-0.2496,-0.4001,-0.099,0.0012,0.0394,96.0,449.0,yes,"outcome sd 0.456, modal share 0.71; feature mean 0.28",0.3468
september,2-agent homogeneous,GPT dyads,GPT,R2 own consistency -> cut after a letdown: keyword,-0.4008,-0.6091,-0.1925,0.0002,0.0058,9.0,45.0,underpowered,"outcome sd 0.405, modal share 0.80; feature mean 0.38",0.058800000000000005
september,2-agent homogeneous,Sonnet dyads,Sonnet,R2 own consistency -> cut after a letdown: keyword,0.0,0.0,0.0,,1.0,3.0,6.0,not estimable: ceiling,"outcome sd 0.000, modal share 1.00; feature mean 0.33",
september,2-agent mixed,"mixed dyads, GPT members",GPT,R2 own consistency -> cut after a letdown: keyword,0.0,0.0,0.0,,1.0,5.0,7.0,not estimable: ceiling,"outcome sd 0.000, modal share 1.00; feature mean 0.57",
september,2-agent mixed,"mixed dyads, Sonnet members",Sonnet,R2 own consistency -> cut after a letdown: keyword,-0.4408,-0.5818,-0.2999,0.0,0.0,7.0,19.0,underpowered,"outcome sd 0.507, modal share 0.58; feature mean 0.63",0.0
september,8-agent homogeneous,8 GPT,GPT,R2 own consistency -> cut after a letdown: keyword,-0.0783,-0.3461,0.1894,0.5662,1.0,10.0,107.0,no detectable effect,"outcome sd 0.494, modal share 0.59; feature mean 0.23",1.0
september,8-agent mixed,"8-agent mixed populations, GPT members",GPT,R2 own consistency -> cut after a letdown: keyword,-0.6303,-0.9722,-0.2885,0.0003,0.0109,39.0,144.0,yes,"outcome sd 0.442, modal share 0.74; feature mean 0.17",0.08789999999999999
september,8-agent mixed,"8-agent mixed populations, Sonnet members",Sonnet,R2 own consistency -> cut after a letdown: keyword,-0.25,-0.25,-0.25,0.0,0.0,25.0,62.0,underpowered,"outcome sd 0.385, modal share 0.82; feature mean 0.40",0.0
september,all settings,all Gemini runs,Gemini,R2 own consistency -> cut after a letdown: keyword,,,,,,,,not estimable: ceiling,sends $5 almost always,
september,2-agent homogeneous,Gemini dyads,Gemini,R2 own consistency -> cut after a letdown: keyword,,,,,,,,not estimable: ceiling,sends $5 almost always,
september,2-agent mixed,"mixed dyads, Gemini members",Gemini,R2 own consistency -> cut after a letdown: keyword,,,,,,,,not estimable: ceiling,sends $5 almost always,
september,8-agent homogeneous,8 Gemini,Gemini,R2 own consistency -> cut after a letdown: keyword,,,,,,,,not estimable: ceiling,sends $5 almost always,
september,8-agent mixed,"8-agent mixed populations, Gemini members",Gemini,R2 own consistency -> cut after a letdown: keyword,,,,,,,,not estimable: ceiling,sends $5 almost always,
september,all settings,all Sonnet runs,Sonnet,R2 own consistency -> cut after a letdown: embedding score (sd),-0.076,-0.3724,0.2204,0.6153,1.0,39.0,94.0,no detectable effect,"outcome sd 0.411, modal share 0.79; feature mean -1.22",1.0
september,all settings,all GPT runs,GPT,R2 own consistency -> cut after a letdown: embedding score (sd),-0.1367,-0.3217,0.0484,0.1478,1.0,63.0,303.0,no detectable effect,"outcome sd 0.482, modal share 0.64; feature mean -2.02",1.0
september,all settings,all runs,all,R2 own consistency -> cut after a letdown: embedding score (sd),-0.1481,-0.2683,-0.0279,0.0158,0.504,96.0,449.0,suggestive,"outcome sd 0.456, modal share 0.71; feature mean -1.76",1.0
september,2-agent homogeneous,GPT dyads,GPT,R2 own consistency -> cut after a letdown: embedding score (sd),-0.5168,-0.814,-0.2195,0.0007,0.0229,9.0,45.0,underpowered,"outcome sd 0.405, modal share 0.80; feature mean -2.07",0.20299999999999999
september,2-agent homogeneous,Sonnet dyads,Sonnet,R2 own consistency -> cut after a letdown: embedding score (sd),0.0,0.0,0.0,,1.0,3.0,6.0,not estimable: ceiling,"outcome sd 0.000, modal share 1.00; feature mean -0.63",
september,2-agent mixed,"mixed dyads, GPT members",GPT,R2 own consistency -> cut after a letdown: embedding score (sd),0.0,0.0,0.0,,1.0,5.0,7.0,not estimable: ceiling,"outcome sd 0.000, modal share 1.00; feature mean -1.62",
september,2-agent mixed,"mixed dyads, Sonnet members",Sonnet,R2 own consistency -> cut after a letdown: embedding score (sd),0.3802,0.0916,0.6687,0.0098,0.2747,7.0,19.0,underpowered,"outcome sd 0.507, modal share 0.58; feature mean -1.54",1.0
september,8-agent homogeneous,8 GPT,GPT,R2 own consistency -> cut after a letdown: embedding score (sd),0.0096,-0.4008,0.4201,0.9633,1.0,10.0,107.0,no detectable effect,"outcome sd 0.494, modal share 0.59; feature mean -2.06",1.0
september,8-agent homogeneous,8 Sonnet,Sonnet,R2 own consistency -> cut after a letdown: embedding score (sd),0.0,0.0,0.0,,1.0,4.0,7.0,not estimable: ceiling,"outcome sd 0.378, modal share 0.86; feature mean -0.39",
september,8-agent mixed,"8-agent mixed populations, GPT members",GPT,R2 own consistency -> cut after a letdown: embedding score (sd),-0.2169,-0.388,-0.0457,0.013,0.4556,39.0,144.0,suggestive,"outcome sd 0.442, modal share 0.74; feature mean -1.99",1.0
september,8-agent mixed,"8-agent mixed populations, Sonnet members",Sonnet,R2 own consistency -> cut after a letdown: embedding score (sd),-0.0,-0.0,0.0,0.6175,1.0,25.0,62.0,no detectable effect,"outcome sd 0.385, modal share 0.82; feature mean -1.27",1.0
september,all settings,all Gemini runs,Gemini,R2 own consistency -> cut after a letdown: embedding score (sd),,,,,,,,not estimable: ceiling,sends $5 almost always,
september,2-agent homogeneous,Gemini dyads,Gemini,R2 own consistency -> cut after a letdown: embedding score (sd),,,,,,,,not estimable: ceiling,sends $5 almost always,
september,2-agent mixed,"mixed dyads, Gemini members",Gemini,R2 own consistency -> cut after a letdown: embedding score (sd),,,,,,,,not estimable: ceiling,sends $5 almost always,
september,8-agent homogeneous,8 Gemini,Gemini,R2 own consistency -> cut after a letdown: embedding score (sd),,,,,,,,not estimable: ceiling,sends $5 almost always,
september,8-agent mixed,"8-agent mixed populations, Gemini members",Gemini,R2 own consistency -> cut after a letdown: embedding score (sd),,,,,,,,not estimable: ceiling,sends $5 almost always,
september,all settings,all Sonnet runs,Sonnet,"R3 shown myth's consistency -> reader's send (8-agent myth_game, author != partner): GLM judge flag",0.0197,0.0053,0.034,0.0074,0.2209,20.0,412.0,suggestive,"controls: unseen same-family placebo, own myth, lagged coop, author's last move toward reader",1.0
september,all settings,all GPT runs,GPT,"R3 shown myth's consistency -> reader's send (8-agent myth_game, author != partner): GLM judge flag",0.043,-0.0225,0.1085,0.1979,1.0,35.0,488.0,no detectable effect,"controls: unseen same-family placebo, own myth, lagged coop, author's last move toward reader",1.0
september,all settings,all runs,all,"R3 shown myth's consistency -> reader's send (8-agent myth_game, author != partner): GLM judge flag",0.0309,-0.0027,0.0645,0.0717,1.0,45.0,1159.0,no detectable effect,"controls: unseen same-family placebo, own myth, lagged coop, author's last move toward reader",1.0
september,8-agent homogeneous,8 GPT,GPT,"R3 shown myth's consistency -> reader's send (8-agent myth_game, author != partner): GLM judge flag",0.0502,-0.1956,0.296,0.6888,1.0,5.0,125.0,underpowered,"controls: unseen same-family placebo, own myth, lagged coop, author's last move toward reader",1.0
september,8-agent homogeneous,8 Sonnet,Sonnet,"R3 shown myth's consistency -> reader's send (8-agent myth_game, author != partner): GLM judge flag",0.0057,-0.0055,0.017,0.3197,1.0,5.0,141.0,underpowered,"controls: unseen same-family placebo, own myth, lagged coop, author's last move toward reader",1.0
september,8-agent mixed,"8-agent mixed populations, GPT members",GPT,"R3 shown myth's consistency -> reader's send (8-agent myth_game, author != partner): GLM judge flag",0.034,-0.0447,0.1128,0.3969,1.0,30.0,363.0,no detectable effect,"controls: unseen same-family placebo, own myth, lagged coop, author's last move toward reader",1.0
september,8-agent mixed,"8-agent mixed populations, Sonnet members",Sonnet,"R3 shown myth's consistency -> reader's send (8-agent myth_game, author != partner): GLM judge flag",0.0247,0.0012,0.0481,0.0395,1.0,15.0,271.0,suggestive,"controls: unseen same-family placebo, own myth, lagged coop, author's last move toward reader",1.0
september,all settings,all Sonnet runs,Sonnet,"R3 shown myth's consistency -> reader's return (8-agent myth_game, author != partner): GLM judge flag",0.0106,-0.0053,0.0265,0.1924,1.0,20.0,404.0,no detectable effect,"controls: unseen same-family placebo, own myth, lagged coop, author's last move toward reader",1.0
september,all settings,all GPT runs,GPT,"R3 shown myth's consistency -> reader's return (8-agent myth_game, author != partner): GLM judge flag",-0.0016,-0.0214,0.0183,0.8767,1.0,35.0,350.0,no detectable effect,"controls: unseen same-family placebo, own myth, lagged coop, author's last move toward reader",1.0
september,all settings,all Gemini runs,Gemini,"R3 shown myth's consistency -> reader's return (8-agent myth_game, author != partner): GLM judge flag",0.0021,-0.0143,0.0185,0.8036,1.0,20.0,260.0,no detectable effect,"controls: unseen same-family placebo, own myth, lagged coop, author's last move toward reader",1.0
september,all settings,all runs,all,"R3 shown myth's consistency -> reader's return (8-agent myth_game, author != partner): GLM judge flag",0.0055,-0.0053,0.0163,0.3173,1.0,45.0,1014.0,no detectable effect,"controls: unseen same-family placebo, own myth, lagged coop, author's last move toward reader",1.0
september,8-agent homogeneous,8 GPT,GPT,"R3 shown myth's consistency -> reader's return (8-agent myth_game, author != partner): GLM judge flag",-0.0593,-0.2297,0.1111,0.4949,1.0,5.0,54.0,underpowered,"controls: unseen same-family placebo, own myth, lagged coop, author's last move toward reader",1.0
september,8-agent homogeneous,8 Sonnet,Sonnet,"R3 shown myth's consistency -> reader's return (8-agent myth_game, author != partner): GLM judge flag",-0.0009,-0.0353,0.0336,0.9605,1.0,5.0,141.0,underpowered,"controls: unseen same-family placebo, own myth, lagged coop, author's last move toward reader",1.0
september,8-agent mixed,"8-agent mixed populations, GPT members",GPT,"R3 shown myth's consistency -> reader's return (8-agent myth_game, author != partner): GLM judge flag",0.0036,-0.0172,0.0244,0.735,1.0,30.0,296.0,no detectable effect,"controls: unseen same-family placebo, own myth, lagged coop, author's last move toward reader",1.0
september,8-agent mixed,"8-agent mixed populations, Gemini members",Gemini,"R3 shown myth's consistency -> reader's return (8-agent myth_game, author != partner): GLM judge flag",0.0016,-0.0145,0.0177,0.8457,1.0,15.0,119.0,no detectable effect,"controls: unseen same-family placebo, own myth, lagged coop, author's last move toward reader",1.0
september,8-agent mixed,"8-agent mixed populations, Sonnet members",Sonnet,"R3 shown myth's consistency -> reader's return (8-agent myth_game, author != partner): GLM judge flag",0.0132,-0.0051,0.0314,0.1578,1.0,15.0,263.0,no detectable effect,"controls: unseen same-family placebo, own myth, lagged coop, author's last move toward reader",1.0
september,all settings,all Sonnet runs,Sonnet,"R3 shown myth's consistency -> reader's send (8-agent myth_game, author != partner): keyword",0.0006,-0.015,0.0161,0.9411,1.0,20.0,412.0,no detectable effect,"controls: unseen same-family placebo, own myth, lagged coop, author's last move toward reader",1.0
september,all settings,all GPT runs,GPT,"R3 shown myth's consistency -> reader's send (8-agent myth_game, author != partner): keyword",0.0104,-0.0599,0.0807,0.7722,1.0,35.0,496.0,no detectable effect,"controls: unseen same-family placebo, own myth, lagged coop, author's last move toward reader",1.0
september,all settings,all runs,all,"R3 shown myth's consistency -> reader's send (8-agent myth_game, author != partner): keyword",0.0084,-0.0241,0.0409,0.6135,1.0,45.0,1167.0,no detectable effect,"controls: unseen same-family placebo, own myth, lagged coop, author's last move toward reader",1.0
september,8-agent homogeneous,8 GPT,GPT,"R3 shown myth's consistency -> reader's send (8-agent myth_game, author != partner): keyword",0.0459,-0.0455,0.1374,0.3249,1.0,5.0,126.0,underpowered,"controls: unseen same-family placebo, own myth, lagged coop, author's last move toward reader",1.0
september,8-agent homogeneous,8 Sonnet,Sonnet,"R3 shown myth's consistency -> reader's send (8-agent myth_game, author != partner): keyword",0.0206,0.0077,0.0335,0.0017,0.0502,5.0,141.0,underpowered,"controls: unseen same-family placebo, own myth, lagged coop, author's last move toward reader",0.4879
september,8-agent mixed,"8-agent mixed populations, GPT members",GPT,"R3 shown myth's consistency -> reader's send (8-agent myth_game, author != partner): keyword",-0.0047,-0.0931,0.0838,0.9174,1.0,30.0,370.0,no detectable effect,"controls: unseen same-family placebo, own myth, lagged coop, author's last move toward reader",1.0
september,8-agent mixed,"8-agent mixed populations, Sonnet members",Sonnet,"R3 shown myth's consistency -> reader's send (8-agent myth_game, author != partner): keyword",-0.0056,-0.027,0.0158,0.6087,1.0,15.0,271.0,no detectable effect,"controls: unseen same-family placebo, own myth, lagged coop, author's last move toward reader",1.0
september,all settings,all Sonnet runs,Sonnet,"R3 shown myth's consistency -> reader's return (8-agent myth_game, author != partner): keyword",-0.0003,-0.0164,0.0158,0.9726,1.0,20.0,405.0,no detectable effect,"controls: unseen same-family placebo, own myth, lagged coop, author's last move toward reader",1.0
september,all settings,all GPT runs,GPT,"R3 shown myth's consistency -> reader's return (8-agent myth_game, author != partner): keyword",-0.0005,-0.0174,0.0163,0.9512,1.0,35.0,354.0,no detectable effect,"controls: unseen same-family placebo, own myth, lagged coop, author's last move toward reader",1.0
september,all settings,all Gemini runs,Gemini,"R3 shown myth's consistency -> reader's return (8-agent myth_game, author != partner): keyword",0.0087,-0.0022,0.0197,0.1183,1.0,20.0,260.0,no detectable effect,"controls: unseen same-family placebo, own myth, lagged coop, author's last move toward reader",1.0
september,all settings,all runs,all,"R3 shown myth's consistency -> reader's return (8-agent myth_game, author != partner): keyword",0.0049,-0.0047,0.0146,0.3171,1.0,45.0,1019.0,no detectable effect,"controls: unseen same-family placebo, own myth, lagged coop, author's last move toward reader",1.0
september,8-agent homogeneous,8 GPT,GPT,"R3 shown myth's consistency -> reader's return (8-agent myth_game, author != partner): keyword",0.1554,0.0899,0.2208,0.0,0.0001,5.0,55.0,underpowered,"controls: unseen same-family placebo, own myth, lagged coop, author's last move toward reader",0.0
september,8-agent homogeneous,8 Gemini,Gemini,"R3 shown myth's consistency -> reader's return (8-agent myth_game, author != partner): keyword",-0.0044,-0.0109,0.0022,0.1912,0.9559,5.0,141.0,underpowered,"controls: unseen same-family placebo, own myth, lagged coop, author's last move toward reader",1.0
september,8-agent homogeneous,8 Sonnet,Sonnet,"R3 shown myth's consistency -> reader's return (8-agent myth_game, author != partner): keyword",-0.0037,-0.0382,0.0308,0.8337,1.0,5.0,141.0,underpowered,"controls: unseen same-family placebo, own myth, lagged coop, author's last move toward reader",1.0
september,8-agent mixed,"8-agent mixed populations, GPT members",GPT,"R3 shown myth's consistency -> reader's return (8-agent myth_game, author != partner): keyword",-0.0064,-0.0207,0.0079,0.3792,1.0,30.0,299.0,no detectable effect,"controls: unseen same-family placebo, own myth, lagged coop, author's last move toward reader",1.0
september,8-agent mixed,"8-agent mixed populations, Gemini members",Gemini,"R3 shown myth's consistency -> reader's return (8-agent myth_game, author != partner): keyword",0.0189,0.004,0.0337,0.0128,0.1531,15.0,119.0,suggestive,"controls: unseen same-family placebo, own myth, lagged coop, author's last move toward reader",1.0
september,8-agent mixed,"8-agent mixed populations, Sonnet members",Sonnet,"R3 shown myth's consistency -> reader's return (8-agent myth_game, author != partner): keyword",0.0006,-0.0192,0.0203,0.9532,1.0,15.0,264.0,no detectable effect,"controls: unseen same-family placebo, own myth, lagged coop, author's last move toward reader",1.0
september,all settings,all Sonnet runs,Sonnet,"R3 shown myth's consistency -> reader's send (8-agent myth_game, author != partner): embedding score (sd)",-0.0015,-0.0123,0.0093,0.7831,1.0,20.0,412.0,no detectable effect,"controls: unseen same-family placebo, own myth, lagged coop, author's last move toward reader",1.0
september,all settings,all GPT runs,GPT,"R3 shown myth's consistency -> reader's send (8-agent myth_game, author != partner): embedding score (sd)",0.0253,-0.0221,0.0727,0.2952,1.0,35.0,496.0,no detectable effect,"controls: unseen same-family placebo, own myth, lagged coop, author's last move toward reader",1.0
september,all settings,all runs,all,"R3 shown myth's consistency -> reader's send (8-agent myth_game, author != partner): embedding score (sd)",0.0108,-0.0079,0.0295,0.2556,1.0,45.0,1167.0,no detectable effect,"controls: unseen same-family placebo, own myth, lagged coop, author's last move toward reader",1.0
september,8-agent homogeneous,8 GPT,GPT,"R3 shown myth's consistency -> reader's send (8-agent myth_game, author != partner): embedding score (sd)",0.0005,-0.1998,0.2008,0.996,1.0,5.0,126.0,underpowered,"controls: unseen same-family placebo, own myth, lagged coop, author's last move toward reader",1.0
september,8-agent homogeneous,8 Sonnet,Sonnet,"R3 shown myth's consistency -> reader's send (8-agent myth_game, author != partner): embedding score (sd)",0.0039,-0.0064,0.0143,0.4562,1.0,5.0,141.0,underpowered,"controls: unseen same-family placebo, own myth, lagged coop, author's last move toward reader",1.0
september,8-agent mixed,"8-agent mixed populations, GPT members",GPT,"R3 shown myth's consistency -> reader's send (8-agent myth_game, author != partner): embedding score (sd)",0.0202,-0.0192,0.0595,0.3154,1.0,30.0,370.0,no detectable effect,"controls: unseen same-family placebo, own myth, lagged coop, author's last move toward reader",1.0
september,8-agent mixed,"8-agent mixed populations, Sonnet members",Sonnet,"R3 shown myth's consistency -> reader's send (8-agent myth_game, author != partner): embedding score (sd)",-0.0053,-0.0217,0.011,0.5232,1.0,15.0,271.0,no detectable effect,"controls: unseen same-family placebo, own myth, lagged coop, author's last move toward reader",1.0
september,all settings,all Sonnet runs,Sonnet,"R3 shown myth's consistency -> reader's return (8-agent myth_game, author != partner): embedding score (sd)",-0.0028,-0.0091,0.0036,0.393,1.0,20.0,405.0,no detectable effect,"controls: unseen same-family placebo, own myth, lagged coop, author's last move toward reader",1.0
september,all settings,all GPT runs,GPT,"R3 shown myth's consistency -> reader's return (8-agent myth_game, author != partner): embedding score (sd)",-0.0025,-0.0136,0.0085,0.6518,1.0,35.0,354.0,no detectable effect,"controls: unseen same-family placebo, own myth, lagged coop, author's last move toward reader",1.0
september,all settings,all Gemini runs,Gemini,"R3 shown myth's consistency -> reader's return (8-agent myth_game, author != partner): embedding score (sd)",-0.0018,-0.0077,0.0041,0.5524,1.0,20.0,260.0,no detectable effect,"controls: unseen same-family placebo, own myth, lagged coop, author's last move toward reader",1.0
september,all settings,all runs,all,"R3 shown myth's consistency -> reader's return (8-agent myth_game, author != partner): embedding score (sd)",-0.0017,-0.0066,0.0032,0.4991,1.0,45.0,1019.0,no detectable effect,"controls: unseen same-family placebo, own myth, lagged coop, author's last move toward reader",1.0
september,8-agent homogeneous,8 GPT,GPT,"R3 shown myth's consistency -> reader's return (8-agent myth_game, author != partner): embedding score (sd)",-0.0167,-0.0559,0.0224,0.402,1.0,5.0,55.0,underpowered,"controls: unseen same-family placebo, own myth, lagged coop, author's last move toward reader",1.0
september,8-agent homogeneous,8 Gemini,Gemini,"R3 shown myth's consistency -> reader's return (8-agent myth_game, author != partner): embedding score (sd)",-0.0019,-0.0107,0.0069,0.6724,1.0,5.0,141.0,underpowered,"controls: unseen same-family placebo, own myth, lagged coop, author's last move toward reader",1.0
september,8-agent homogeneous,8 Sonnet,Sonnet,"R3 shown myth's consistency -> reader's return (8-agent myth_game, author != partner): embedding score (sd)",0.0044,-0.0091,0.0179,0.5262,1.0,5.0,141.0,underpowered,"controls: unseen same-family placebo, own myth, lagged coop, author's last move toward reader",1.0
september,8-agent mixed,"8-agent mixed populations, GPT members",GPT,"R3 shown myth's consistency -> reader's return (8-agent myth_game, author != partner): embedding score (sd)",-0.0014,-0.0127,0.0099,0.8069,1.0,30.0,299.0,no detectable effect,"controls: unseen same-family placebo, own myth, lagged coop, author's last move toward reader",1.0
september,8-agent mixed,"8-agent mixed populations, Gemini members",Gemini,"R3 shown myth's consistency -> reader's return (8-agent myth_game, author != partner): embedding score (sd)",-0.0044,-0.0151,0.0063,0.4247,1.0,15.0,119.0,no detectable effect,"controls: unseen same-family placebo, own myth, lagged coop, author's last move toward reader",1.0
september,8-agent mixed,"8-agent mixed populations, Sonnet members",Sonnet,"R3 shown myth's consistency -> reader's return (8-agent myth_game, author != partner): embedding score (sd)",-0.0029,-0.0098,0.004,0.4159,1.0,15.0,264.0,no detectable effect,"controls: unseen same-family placebo, own myth, lagged coop, author's last move toward reader",1.0
september,all settings,all Sonnet runs,Sonnet,R4 own round-1 consistency -> round-1 send (senders): GLM judge flag,0.0144,-0.0602,0.0889,0.706,1.0,31.0,72.0,no detectable effect,myth_game only; cell FE,1.0
september,all settings,all GPT runs,GPT,R4 own round-1 consistency -> round-1 send (senders): GLM judge flag,0.0058,-0.1101,0.1217,0.9217,1.0,42.0,91.0,no detectable effect,myth_game only; cell FE,1.0
september,all settings,all runs,all,R4 own round-1 consistency -> round-1 send (senders): GLM judge flag,0.012,-0.0495,0.0734,0.7027,1.0,78.0,213.0,no detectable effect,myth_game only; cell FE,1.0
september,2-agent homogeneous,GPT dyads,GPT,R4 own round-1 consistency -> round-1 send (senders): GLM judge flag,-0.4333,-0.9558,0.0892,0.104,1.0,5.0,5.0,underpowered,myth_game only; cell FE,1.0
september,2-agent homogeneous,Sonnet dyads,Sonnet,R4 own round-1 consistency -> round-1 send (senders): GLM judge flag,-0.0167,-0.4716,0.4383,0.9428,1.0,5.0,5.0,underpowered,myth_game only; cell FE,1.0
september,2-agent mixed,"mixed dyads, Sonnet members",Sonnet,R4 own round-1 consistency -> round-1 send (senders): GLM judge flag,0.0,-0.1518,0.1518,1.0,1.0,6.0,6.0,underpowered,myth_game only; cell FE,1.0
september,8-agent homogeneous,8 GPT,GPT,R4 own round-1 consistency -> round-1 send (senders): GLM judge flag,-0.0583,-0.3163,0.1996,0.6576,1.0,5.0,20.0,underpowered,myth_game only; cell FE,1.0
september,8-agent homogeneous,8 Sonnet,Sonnet,R4 own round-1 consistency -> round-1 send (senders): GLM judge flag,-0.0083,-0.193,0.1764,0.9295,1.0,5.0,20.0,underpowered,myth_game only; cell FE,1.0
september,8-agent mixed,"8-agent mixed populations, GPT members",GPT,R4 own round-1 consistency -> round-1 send (senders): GLM judge flag,0.0665,-0.0637,0.1968,0.3165,1.0,26.0,60.0,no detectable effect,myth_game only; cell FE,1.0
september,8-agent mixed,"8-agent mixed populations, Sonnet members",Sonnet,R4 own round-1 consistency -> round-1 send (senders): GLM judge flag,0.0322,-0.0514,0.1159,0.4502,1.0,15.0,41.0,no detectable effect,myth_game only; cell FE,1.0
september,all settings,all Sonnet runs,Sonnet,R4 own round-1 consistency -> round-1 send (senders): keyword,0.2143,0.1415,0.2872,0.0,0.0,31.0,72.0,underpowered,myth_game only; cell FE,0.0
september,all settings,all GPT runs,GPT,R4 own round-1 consistency -> round-1 send (senders): keyword,0.0952,-0.0429,0.2334,0.1768,1.0,42.0,91.0,no detectable effect,myth_game only; cell FE,1.0
september,all settings,all runs,all,R4 own round-1 consistency -> round-1 send (senders): keyword,0.1047,0.01,0.1994,0.0302,0.6034,78.0,213.0,suggestive,myth_game only; cell FE,1.0
september,8-agent homogeneous,8 GPT,GPT,R4 own round-1 consistency -> round-1 send (senders): keyword,0.0471,-0.0456,0.1397,0.3193,1.0,5.0,20.0,underpowered,myth_game only; cell FE,1.0
september,8-agent homogeneous,8 Sonnet,Sonnet,R4 own round-1 consistency -> round-1 send (senders): keyword,0.1789,0.102,0.2559,0.0,0.0001,5.0,20.0,underpowered,myth_game only; cell FE,0.0
september,8-agent mixed,"8-agent mixed populations, GPT members",GPT,R4 own round-1 consistency -> round-1 send (senders): keyword,0.1413,-0.0963,0.3789,0.2438,1.0,26.0,60.0,no detectable effect,myth_game only; cell FE,1.0
september,8-agent mixed,"8-agent mixed populations, Sonnet members",Sonnet,R4 own round-1 consistency -> round-1 send (senders): keyword,0.25,0.149,0.351,0.0,0.0,15.0,41.0,underpowered,myth_game only; cell FE,0.0
september,all settings,all Sonnet runs,Sonnet,R4 own round-1 consistency -> round-1 send (senders): embedding score (sd),-0.0315,-0.0837,0.0207,0.2369,1.0,31.0,72.0,no detectable effect,myth_game only; cell FE,1.0
september,all settings,all GPT runs,GPT,R4 own round-1 consistency -> round-1 send (senders): embedding score (sd),-0.0004,-0.0918,0.091,0.9928,1.0,42.0,91.0,no detectable effect,myth_game only; cell FE,1.0
september,all settings,all runs,all,R4 own round-1 consistency -> round-1 send (senders): embedding score (sd),-0.0065,-0.0552,0.0422,0.7942,1.0,78.0,213.0,no detectable effect,myth_game only; cell FE,1.0
september,2-agent homogeneous,GPT dyads,GPT,R4 own round-1 consistency -> round-1 send (senders): embedding score (sd),-0.1961,-0.8496,0.4574,0.5564,1.0,5.0,5.0,underpowered,myth_game only; cell FE,1.0
september,2-agent homogeneous,Sonnet dyads,Sonnet,R4 own round-1 consistency -> round-1 send (senders): embedding score (sd),0.4823,-0.1856,1.1503,0.157,1.0,5.0,5.0,underpowered,myth_game only; cell FE,1.0
september,2-agent mixed,"mixed dyads, GPT members",GPT,R4 own round-1 consistency -> round-1 send (senders): embedding score (sd),-0.0369,-0.1358,0.062,0.4644,1.0,6.0,6.0,underpowered,myth_game only; cell FE,1.0
september,2-agent mixed,"mixed dyads, Sonnet members",Sonnet,R4 own round-1 consistency -> round-1 send (senders): embedding score (sd),-0.2141,-0.3966,-0.0316,0.0215,0.279,6.0,6.0,underpowered,myth_game only; cell FE,1.0
september,8-agent homogeneous,8 GPT,GPT,R4 own round-1 consistency -> round-1 send (senders): embedding score (sd),0.0968,0.0061,0.1875,0.0365,0.7306,5.0,20.0,underpowered,myth_game only; cell FE,1.0
september,8-agent homogeneous,8 Sonnet,Sonnet,R4 own round-1 consistency -> round-1 send (senders): embedding score (sd),-0.0273,-0.1242,0.0697,0.5816,1.0,5.0,20.0,underpowered,myth_game only; cell FE,1.0
september,8-agent mixed,"8-agent mixed populations, GPT members",GPT,R4 own round-1 consistency -> round-1 send (senders): embedding score (sd),-0.0737,-0.2221,0.0748,0.3307,1.0,26.0,60.0,no detectable effect,myth_game only; cell FE,1.0
september,8-agent mixed,"8-agent mixed populations, Sonnet members",Sonnet,R4 own round-1 consistency -> round-1 send (senders): embedding score (sd),-0.0304,-0.0985,0.0376,0.3809,1.0,15.0,41.0,no detectable effect,myth_game only; cell FE,1.0
september,all settings,all Sonnet runs,Sonnet,R4 own round-1 consistency -> mean cooperation rounds 2-10: GLM judge flag,-0.0022,-0.0291,0.0247,0.8699,1.0,37.0,147.0,no detectable effect,myth_game only; cell FE,1.0
september,all settings,all GPT runs,GPT,R4 own round-1 consistency -> mean cooperation rounds 2-10: GLM judge flag,0.01,-0.0136,0.0335,0.4077,1.0,52.0,182.0,no detectable effect,myth_game only; cell FE,1.0
september,all settings,all Gemini runs,Gemini,R4 own round-1 consistency -> mean cooperation rounds 2-10: GLM judge flag,0.0009,-0.0057,0.0074,0.7996,1.0,37.0,97.0,no detectable effect,myth_game only; cell FE,1.0
september,all settings,all runs,all,R4 own round-1 consistency -> mean cooperation rounds 2-10: GLM judge flag,0.0031,-0.0117,0.0178,0.683,1.0,78.0,426.0,no detectable effect,myth_game only; cell FE,1.0
september,2-agent homogeneous,GPT dyads,GPT,R4 own round-1 consistency -> mean cooperation rounds 2-10: GLM judge flag,0.1661,0.0235,0.3087,0.0224,0.3135,5.0,10.0,underpowered,myth_game only; cell FE,1.0
september,2-agent homogeneous,Sonnet dyads,Sonnet,R4 own round-1 consistency -> mean cooperation rounds 2-10: GLM judge flag,0.0674,-0.1436,0.2784,0.5314,1.0,5.0,10.0,underpowered,myth_game only; cell FE,1.0
september,2-agent mixed,"mixed dyads, GPT members",GPT,R4 own round-1 consistency -> mean cooperation rounds 2-10: GLM judge flag,-0.0753,-0.2327,0.0821,0.3482,1.0,12.0,12.0,no detectable effect,myth_game only; cell FE,1.0
september,2-agent mixed,"mixed dyads, Sonnet members",Sonnet,R4 own round-1 consistency -> mean cooperation rounds 2-10: GLM judge flag,-0.0526,-0.1227,0.0175,0.1414,1.0,12.0,12.0,no detectable effect,myth_game only; cell FE,1.0
september,8-agent homogeneous,8 GPT,GPT,R4 own round-1 consistency -> mean cooperation rounds 2-10: GLM judge flag,0.0158,-0.0555,0.087,0.6645,1.0,5.0,40.0,underpowered,myth_game only; cell FE,1.0
september,8-agent homogeneous,8 Gemini,Gemini,R4 own round-1 consistency -> mean cooperation rounds 2-10: GLM judge flag,-0.0016,-0.0078,0.0045,0.6069,1.0,5.0,40.0,underpowered,myth_game only; cell FE,1.0
september,8-agent homogeneous,8 Sonnet,Sonnet,R4 own round-1 consistency -> mean cooperation rounds 2-10: GLM judge flag,0.006,-0.0053,0.0173,0.3008,1.0,5.0,40.0,underpowered,myth_game only; cell FE,1.0
september,8-agent mixed,"8-agent mixed populations, GPT members",GPT,R4 own round-1 consistency -> mean cooperation rounds 2-10: GLM judge flag,-0.0049,-0.0265,0.0168,0.6585,1.0,30.0,120.0,no detectable effect,myth_game only; cell FE,1.0
september,8-agent mixed,"8-agent mixed populations, Gemini members",Gemini,R4 own round-1 consistency -> mean cooperation rounds 2-10: GLM judge flag,0.0035,-0.0072,0.0141,0.5253,1.0,15.0,35.0,no detectable effect,myth_game only; cell FE,1.0
september,8-agent mixed,"8-agent mixed populations, Sonnet members",Sonnet,R4 own round-1 consistency -> mean cooperation rounds 2-10: GLM judge flag,-0.0056,-0.0464,0.0352,0.7877,1.0,15.0,85.0,no detectable effect,myth_game only; cell FE,1.0
september,all settings,all Sonnet runs,Sonnet,R4 own round-1 consistency -> mean cooperation rounds 2-10: keyword,0.0953,0.0579,0.1327,0.0,0.0,37.0,147.0,yes,myth_game only; cell FE,0.0
september,all settings,all GPT runs,GPT,R4 own round-1 consistency -> mean cooperation rounds 2-10: keyword,0.0609,-0.0108,0.1326,0.096,1.0,52.0,182.0,no detectable effect,myth_game only; cell FE,1.0
september,all settings,all Gemini runs,Gemini,R4 own round-1 consistency -> mean cooperation rounds 2-10: keyword,-0.0057,-0.0199,0.0085,0.4293,1.0,37.0,97.0,no detectable effect,myth_game only; cell FE,1.0
september,all settings,all runs,all,R4 own round-1 consistency -> mean cooperation rounds 2-10: keyword,0.0616,0.0224,0.1008,0.0021,0.0437,78.0,426.0,yes,myth_game only; cell FE,0.6005999999999999
september,2-agent homogeneous,Sonnet dyads,Sonnet,R4 own round-1 consistency -> mean cooperation rounds 2-10: keyword,0.1561,0.0398,0.2724,0.0085,0.1622,5.0,10.0,underpowered,myth_game only; cell FE,1.0
september,8-agent homogeneous,8 GPT,GPT,R4 own round-1 consistency -> mean cooperation rounds 2-10: keyword,0.078,-0.0703,0.2263,0.3028,1.0,5.0,40.0,underpowered,myth_game only; cell FE,1.0
september,8-agent homogeneous,8 Gemini,Gemini,R4 own round-1 consistency -> mean cooperation rounds 2-10: keyword,0.0001,-0.0225,0.0227,0.9915,1.0,5.0,40.0,underpowered,myth_game only; cell FE,1.0
september,8-agent homogeneous,8 Sonnet,Sonnet,R4 own round-1 consistency -> mean cooperation rounds 2-10: keyword,0.049,-0.0058,0.1037,0.0798,1.0,5.0,40.0,underpowered,myth_game only; cell FE,1.0
september,8-agent mixed,"8-agent mixed populations, GPT members",GPT,R4 own round-1 consistency -> mean cooperation rounds 2-10: keyword,0.045,-0.0236,0.1137,0.1986,1.0,30.0,120.0,no detectable effect,myth_game only; cell FE,1.0
september,8-agent mixed,"8-agent mixed populations, Gemini members",Gemini,R4 own round-1 consistency -> mean cooperation rounds 2-10: keyword,-0.0095,-0.0297,0.0107,0.3566,1.0,15.0,35.0,no detectable effect,myth_game only; cell FE,1.0
september,8-agent mixed,"8-agent mixed populations, Sonnet members",Sonnet,R4 own round-1 consistency -> mean cooperation rounds 2-10: keyword,0.1101,0.0644,0.1559,0.0,0.0,15.0,85.0,yes,myth_game only; cell FE,0.0
september,all settings,all Sonnet runs,Sonnet,R4 own round-1 consistency -> mean cooperation rounds 2-10: embedding score (sd),-0.0056,-0.0272,0.016,0.6128,1.0,37.0,147.0,no detectable effect,myth_game only; cell FE,1.0
september,all settings,all GPT runs,GPT,R4 own round-1 consistency -> mean cooperation rounds 2-10: embedding score (sd),0.0018,-0.0314,0.035,0.916,1.0,52.0,182.0,no detectable effect,myth_game only; cell FE,1.0
september,all settings,all Gemini runs,Gemini,R4 own round-1 consistency -> mean cooperation rounds 2-10: embedding score (sd),-0.0028,-0.0073,0.0017,0.2205,1.0,37.0,97.0,no detectable effect,myth_game only; cell FE,1.0
september,all settings,all runs,all,R4 own round-1 consistency -> mean cooperation rounds 2-10: embedding score (sd),-0.0014,-0.0198,0.0169,0.8777,1.0,78.0,426.0,no detectable effect,myth_game only; cell FE,1.0
september,2-agent homogeneous,GPT dyads,GPT,R4 own round-1 consistency -> mean cooperation rounds 2-10: embedding score (sd),0.1158,-0.2261,0.4576,0.5069,1.0,5.0,10.0,underpowered,myth_game only; cell FE,1.0
september,2-agent homogeneous,Gemini dyads,Gemini,R4 own round-1 consistency -> mean cooperation rounds 2-10: embedding score (sd),-0.002,-0.0075,0.0036,0.4907,1.0,5.0,10.0,underpowered,myth_game only; cell FE,1.0
september,2-agent homogeneous,Sonnet dyads,Sonnet,R4 own round-1 consistency -> mean cooperation rounds 2-10: embedding score (sd),0.1549,-0.1181,0.4279,0.2662,1.0,5.0,10.0,underpowered,myth_game only; cell FE,1.0
september,2-agent mixed,"mixed dyads, GPT members",GPT,R4 own round-1 consistency -> mean cooperation rounds 2-10: embedding score (sd),-0.0704,-0.1282,-0.0125,0.0171,0.2055,12.0,12.0,suggestive,myth_game only; cell FE,1.0
september,2-agent mixed,"mixed dyads, Gemini members",Gemini,R4 own round-1 consistency -> mean cooperation rounds 2-10: embedding score (sd),0.0103,0.0002,0.0204,0.0464,0.2782,12.0,12.0,suggestive,myth_game only; cell FE,1.0
september,2-agent mixed,"mixed dyads, Sonnet members",Sonnet,R4 own round-1 consistency -> mean cooperation rounds 2-10: embedding score (sd),0.0474,-0.0672,0.162,0.4177,1.0,12.0,12.0,no detectable effect,myth_game only; cell FE,1.0
september,8-agent homogeneous,8 GPT,GPT,R4 own round-1 consistency -> mean cooperation rounds 2-10: embedding score (sd),0.0401,-0.0646,0.1449,0.4526,1.0,5.0,40.0,underpowered,myth_game only; cell FE,1.0
september,8-agent homogeneous,8 Gemini,Gemini,R4 own round-1 consistency -> mean cooperation rounds 2-10: embedding score (sd),-0.0009,-0.0044,0.0026,0.5999,1.0,5.0,40.0,underpowered,myth_game only; cell FE,1.0
september,8-agent homogeneous,8 Sonnet,Sonnet,R4 own round-1 consistency -> mean cooperation rounds 2-10: embedding score (sd),-0.0049,-0.0258,0.016,0.6437,1.0,5.0,40.0,underpowered,myth_game only; cell FE,1.0
september,8-agent mixed,"8-agent mixed populations, GPT members",GPT,R4 own round-1 consistency -> mean cooperation rounds 2-10: embedding score (sd),-0.0082,-0.0322,0.0158,0.5021,1.0,30.0,120.0,no detectable effect,myth_game only; cell FE,1.0
september,8-agent mixed,"8-agent mixed populations, Gemini members",Gemini,R4 own round-1 consistency -> mean cooperation rounds 2-10: embedding score (sd),-0.0089,-0.0207,0.0029,0.1395,1.0,15.0,35.0,no detectable effect,myth_game only; cell FE,1.0
september,8-agent mixed,"8-agent mixed populations, Sonnet members",Sonnet,R4 own round-1 consistency -> mean cooperation rounds 2-10: embedding score (sd),-0.0131,-0.0445,0.0182,0.411,1.0,15.0,85.0,no detectable effect,myth_game only; cell FE,1.0
september,2-agent homogeneous,2-agent homogeneous,all,"spread from the shown myth, shown (no future term): keyword",0.1901,0.0458,0.3344,0.0098,,30.0,244.0,suggestive,new use (never before); future-myth placebo = shown author's next myth,
september,2-agent homogeneous,2-agent homogeneous,all,"spread from the shown myth, shown minus future: keyword",0.1372,-0.0809,0.3554,0.2175,,30.0,244.0,no detectable effect,new use (never before); future-myth placebo = shown author's next myth,
september,2-agent homogeneous,2-agent homogeneous,all,"spread from the shown myth, shown (no future term): GLM judge flag",0.1395,0.0125,0.2665,0.0314,,30.0,536.0,suggestive,"any use, own previous as control; future-myth placebo = shown author's next myth",
september,2-agent homogeneous,2-agent homogeneous,all,"spread from the shown myth, shown minus future: GLM judge flag",-0.1272,-0.3177,0.0632,0.1905,,30.0,536.0,no detectable effect,"any use, own previous as control; future-myth placebo = shown author's next myth",
september,2-agent homogeneous,2-agent homogeneous,all,"spread from the shown myth, shown (no future term): embedding score (sd)",0.2062,0.1023,0.3101,0.0001,,30.0,540.0,no detectable effect,"any use, own previous as control; future-myth placebo = shown author's next myth; share of 40 random embedding directions with a larger coefficient: 0.33 (not specific to consistency: generic copying of the shown myth)",
september,2-agent homogeneous,2-agent homogeneous,all,"spread from the shown myth, shown minus future: embedding score (sd)",0.0897,-0.0882,0.2675,0.3231,,30.0,540.0,no detectable effect,"any use, own previous as control; future-myth placebo = shown author's next myth; share of 40 random embedding directions with a larger coefficient: 0.28",
september,"2-agent mixed, other family","2-agent mixed, other family",all,"spread from the shown myth, shown (no future term): keyword",0.0691,-0.0549,0.1931,0.2748,,36.0,328.0,no detectable effect,new use (never before); future-myth placebo = shown author's next myth,
september,"2-agent mixed, other family","2-agent mixed, other family",all,"spread from the shown myth, shown minus future: keyword",0.0393,-0.141,0.2197,0.6692,,36.0,328.0,no detectable effect,new use (never before); future-myth placebo = shown author's next myth,
september,"2-agent mixed, other family","2-agent mixed, other family",all,"spread from the shown myth, shown (no future term): GLM judge flag",-0.0244,-0.0873,0.0385,0.4477,,36.0,636.0,no detectable effect,"any use, own previous as control; future-myth placebo = shown author's next myth",
september,"2-agent mixed, other family","2-agent mixed, other family",all,"spread from the shown myth, shown minus future: GLM judge flag",0.0041,-0.134,0.1423,0.9533,,36.0,636.0,no detectable effect,"any use, own previous as control; future-myth placebo = shown author's next myth",
september,"2-agent mixed, other family","2-agent mixed, other family",all,"spread from the shown myth, shown (no future term): embedding score (sd)",0.0629,-0.0362,0.1619,0.2135,,36.0,645.0,no detectable effect,"any use, own previous as control; future-myth placebo = shown author's next myth; share of 40 random embedding directions with a larger coefficient: 0.90",
september,"2-agent mixed, other family","2-agent mixed, other family",all,"spread from the shown myth, shown minus future: embedding score (sd)",-0.1425,-0.3002,0.0152,0.0766,,36.0,645.0,no detectable effect,"any use, own previous as control; future-myth placebo = shown author's next myth; share of 40 random embedding directions with a larger coefficient: 1.00",
september,8-agent homogeneous,8-agent homogeneous,all,"spread from the shown myth, shown (no future term): keyword",0.093,0.0008,0.1852,0.0482,,30.0,961.0,suggestive,new use (never before); future-myth placebo = shown author's next myth,
september,8-agent homogeneous,8-agent homogeneous,all,"spread from the shown myth, shown minus future: keyword",-0.1152,-0.2426,0.0122,0.0763,,30.0,961.0,no detectable effect,new use (never before); future-myth placebo = shown author's next myth,
september,8-agent homogeneous,8-agent homogeneous,all,"spread from the shown myth, shown (no future term): GLM judge flag",0.106,0.0566,0.1554,0.0,,30.0,2150.0,suggestive,"any use, own previous as control; future-myth placebo = shown author's next myth",
september,8-agent homogeneous,8-agent homogeneous,all,"spread from the shown myth, shown minus future: GLM judge flag",0.0526,-0.0533,0.1584,0.3302,,30.0,2150.0,no detectable effect,"any use, own previous as control; future-myth placebo = shown author's next myth",
september,8-agent homogeneous,8-agent homogeneous,all,"spread from the shown myth, shown (no future term): embedding score (sd)",0.2145,0.1713,0.2577,0.0,,30.0,2160.0,suggestive,"any use, own previous as control; future-myth placebo = shown author's next myth; share of 40 random embedding directions with a larger coefficient: 0.00",
september,8-agent homogeneous,8-agent homogeneous,all,"spread from the shown myth, shown minus future: embedding score (sd)",-0.0017,-0.1305,0.1272,0.9798,,30.0,2160.0,no detectable effect,"any use, own previous as control; future-myth placebo = shown author's next myth; share of 40 random embedding directions with a larger coefficient: 0.38",
september,"8-agent mixed, other family","8-agent mixed, other family",all,"spread from the shown myth, shown (no future term): keyword",0.0205,-0.047,0.0879,0.5525,,59.0,828.0,no detectable effect,new use (never before); future-myth placebo = shown author's next myth,
september,"8-agent mixed, other family","8-agent mixed, other family",all,"spread from the shown myth, shown minus future: keyword",-0.0305,-0.1605,0.0995,0.6453,,59.0,828.0,no detectable effect,new use (never before); future-myth placebo = shown author's next myth,
september,"8-agent mixed, other family","8-agent mixed, other family",all,"spread from the shown myth, shown (no future term): GLM judge flag",0.0714,0.0212,0.1217,0.0054,,60.0,1567.0,suggestive,"any use, own previous as control; future-myth placebo = shown author's next myth",
september,"8-agent mixed, other family","8-agent mixed, other family",all,"spread from the shown myth, shown minus future: GLM judge flag",0.0322,-0.0451,0.1094,0.4146,,60.0,1567.0,no detectable effect,"any use, own previous as control; future-myth placebo = shown author's next myth",
september,"8-agent mixed, other family","8-agent mixed, other family",all,"spread from the shown myth, shown (no future term): embedding score (sd)",0.0587,0.0181,0.0993,0.0046,,60.0,1588.0,no detectable effect,"any use, own previous as control; future-myth placebo = shown author's next myth; share of 40 random embedding directions with a larger coefficient: 0.72 (not specific to consistency: generic copying of the shown myth)",
september,"8-agent mixed, other family","8-agent mixed, other family",all,"spread from the shown myth, shown minus future: embedding score (sd)",0.0005,-0.0878,0.0888,0.991,,60.0,1588.0,no detectable effect,"any use, own previous as control; future-myth placebo = shown author's next myth; share of 40 random embedding directions with a larger coefficient: 0.82",
september,"8-agent mixed, same family","8-agent mixed, same family",all,"spread from the shown myth, shown (no future term): keyword",0.1209,0.0399,0.2019,0.0034,,60.0,1166.0,suggestive,new use (never before); future-myth placebo = shown author's next myth,
september,"8-agent mixed, same family","8-agent mixed, same family",all,"spread from the shown myth, shown minus future: keyword",0.0358,-0.0753,0.1468,0.5278,,60.0,1166.0,no detectable effect,new use (never before); future-myth placebo = shown author's next myth,
september,"8-agent mixed, same family","8-agent mixed, same family",all,"spread from the shown myth, shown (no future term): GLM judge flag",0.1313,0.0841,0.1784,0.0,,60.0,2464.0,suggestive,"any use, own previous as control; future-myth placebo = shown author's next myth",
september,"8-agent mixed, same family","8-agent mixed, same family",all,"spread from the shown myth, shown minus future: GLM judge flag",0.0443,-0.0342,0.1229,0.2686,,60.0,2464.0,no detectable effect,"any use, own previous as control; future-myth placebo = shown author's next myth",
september,"8-agent mixed, same family","8-agent mixed, same family",all,"spread from the shown myth, shown (no future term): embedding score (sd)",0.2145,0.1711,0.258,0.0,,60.0,2496.0,suggestive,"any use, own previous as control; future-myth placebo = shown author's next myth; share of 40 random embedding directions with a larger coefficient: 0.03",
september,"8-agent mixed, same family","8-agent mixed, same family",all,"spread from the shown myth, shown minus future: embedding score (sd)",0.1452,0.036,0.2543,0.0092,,60.0,2496.0,no detectable effect,"any use, own previous as control; future-myth placebo = shown author's next myth; share of 40 random embedding directions with a larger coefficient: 0.10 (not specific to consistency: generic copying of the shown myth)",
september,"cross-family, Sonnet parent -> other-family child","cross-family, Sonnet parent -> other-family child",Sonnet parent,"spread from the shown myth, shown (no future term): keyword",0.0889,-0.0593,0.237,0.2397,,54.0,320.0,no detectable effect,new use (never before); future-myth placebo = shown author's next myth,
september,"cross-family, Sonnet parent -> other-family child","cross-family, Sonnet parent -> other-family child",Sonnet parent,"spread from the shown myth, shown minus future: keyword",-0.0322,-0.1929,0.1285,0.6945,,54.0,320.0,no detectable effect,new use (never before); future-myth placebo = shown author's next myth,
september,"cross-family, Sonnet parent -> other-family child","cross-family, Sonnet parent -> other-family child",Sonnet parent,"spread from the shown myth, shown (no future term): GLM judge flag",0.0968,0.0291,0.1644,0.0051,,54.0,652.0,suggestive,"any use, own previous as control; future-myth placebo = shown author's next myth",
september,"cross-family, Sonnet parent -> other-family child","cross-family, Sonnet parent -> other-family child",Sonnet parent,"spread from the shown myth, shown minus future: GLM judge flag",0.0413,-0.0422,0.1248,0.332,,54.0,652.0,no detectable effect,"any use, own previous as control; future-myth placebo = shown author's next myth",
september,"cross-family, Sonnet parent -> other-family child","cross-family, Sonnet parent -> other-family child",Sonnet parent,"spread from the shown myth, shown (no future term): embedding score (sd)",0.0678,0.0073,0.1284,0.0282,,54.0,658.0,no detectable effect,"any use, own previous as control; future-myth placebo = shown author's next myth; share of 40 random embedding directions with a larger coefficient: 0.62 (not specific to consistency: generic copying of the shown myth)",
september,"cross-family, Sonnet parent -> other-family child","cross-family, Sonnet parent -> other-family child",Sonnet parent,"spread from the shown myth, shown minus future: embedding score (sd)",-0.0286,-0.1331,0.0759,0.5913,,54.0,658.0,no detectable effect,"any use, own previous as control; future-myth placebo = shown author's next myth; share of 40 random embedding directions with a larger coefficient: 0.75",
september,"cross-family, GPT parent -> other-family child","cross-family, GPT parent -> other-family child",GPT parent,"spread from the shown myth, shown (no future term): keyword",0.0206,-0.0936,0.1348,0.7237,,73.0,489.0,no detectable effect,new use (never before); future-myth placebo = shown author's next myth,
september,"cross-family, GPT parent -> other-family child","cross-family, GPT parent -> other-family child",GPT parent,"spread from the shown myth, shown minus future: keyword",0.0463,-0.1391,0.2316,0.6247,,73.0,489.0,no detectable effect,new use (never before); future-myth placebo = shown author's next myth,
september,"cross-family, GPT parent -> other-family child","cross-family, GPT parent -> other-family child",GPT parent,"spread from the shown myth, shown (no future term): GLM judge flag",0.0438,-0.0142,0.1019,0.139,,74.0,992.0,no detectable effect,"any use, own previous as control; future-myth placebo = shown author's next myth",
september,"cross-family, GPT parent -> other-family child","cross-family, GPT parent -> other-family child",GPT parent,"spread from the shown myth, shown minus future: GLM judge flag",0.0118,-0.0656,0.0892,0.7646,,74.0,992.0,no detectable effect,"any use, own previous as control; future-myth placebo = shown author's next myth",
september,"cross-family, GPT parent -> other-family child","cross-family, GPT parent -> other-family child",GPT parent,"spread from the shown myth, shown (no future term): embedding score (sd)",0.0275,-0.0367,0.0918,0.4014,,74.0,1008.0,no detectable effect,"any use, own previous as control; future-myth placebo = shown author's next myth; share of 40 random embedding directions with a larger coefficient: 0.93",
september,"cross-family, GPT parent -> other-family child","cross-family, GPT parent -> other-family child",GPT parent,"spread from the shown myth, shown minus future: embedding score (sd)",-0.0741,-0.1821,0.0339,0.1788,,74.0,1008.0,no detectable effect,"any use, own previous as control; future-myth placebo = shown author's next myth; share of 40 random embedding directions with a larger coefficient: 0.95",
september,"cross-family, Gemini parent -> other-family child","cross-family, Gemini parent -> other-family child",Gemini parent,"spread from the shown myth, shown (no future term): keyword",-0.053,-0.1389,0.0329,0.2263,,43.0,347.0,no detectable effect,new use (never before); future-myth placebo = shown author's next myth,
september,"cross-family, Gemini parent -> other-family child","cross-family, Gemini parent -> other-family child",Gemini parent,"spread from the shown myth, shown minus future: keyword",-0.1404,-0.2586,-0.0222,0.0199,,43.0,347.0,suggestive,new use (never before); future-myth placebo = shown author's next myth,
september,"cross-family, Gemini parent -> other-family child","cross-family, Gemini parent -> other-family child",Gemini parent,"spread from the shown myth, shown (no future term): GLM judge flag",-0.0066,-0.1896,0.1764,0.9436,,44.0,559.0,no detectable effect,"any use, own previous as control; future-myth placebo = shown author's next myth",
september,"cross-family, Gemini parent -> other-family child","cross-family, Gemini parent -> other-family child",Gemini parent,"spread from the shown myth, shown minus future: GLM judge flag",-0.0347,-0.249,0.1796,0.7509,,44.0,559.0,no detectable effect,"any use, own previous as control; future-myth placebo = shown author's next myth",
september,"cross-family, Gemini parent -> other-family child","cross-family, Gemini parent -> other-family child",Gemini parent,"spread from the shown myth, shown (no future term): embedding score (sd)",0.063,-0.0343,0.1603,0.2046,,44.0,567.0,no detectable effect,"any use, own previous as control; future-myth placebo = shown author's next myth; share of 40 random embedding directions with a larger coefficient: 0.60",
september,"cross-family, Gemini parent -> other-family child","cross-family, Gemini parent -> other-family child",Gemini parent,"spread from the shown myth, shown minus future: embedding score (sd)",-0.0513,-0.1774,0.0748,0.4255,,44.0,567.0,no detectable effect,"any use, own previous as control; future-myth placebo = shown author's next myth; share of 40 random embedding directions with a larger coefficient: 0.97",
frontier,2-agent homogeneous,GeminiPro dyads,GeminiPro,drift: keyword round 1 -> rounds 8-10 (task orders pooled),0.1,0.0,0.25,0.5,1.0,10.0,,no detectable effect,"round 1 0.00 (±0.00) -> rounds 8-10 0.10 (±0.21); 2 of 10 runs rose; Wilcoxon, CI bootstrap over runs",
frontier,2-agent homogeneous,Opus dyads,Opus,drift: keyword round 1 -> rounds 8-10 (task orders pooled),0.0,0.0,0.0,1.0,1.0,10.0,,underpowered,"round 1 0.00 (±0.00) -> rounds 8-10 0.00 (±0.00); 0 of 10 runs rose; Wilcoxon, CI bootstrap over runs; keyword almost never used",
frontier,2-agent homogeneous,Sol dyads,Sol,drift: keyword round 1 -> rounds 8-10 (task orders pooled),0.0,-0.1833,0.1667,1.0,1.0,10.0,,no detectable effect,"round 1 0.10 (±0.21) -> rounds 8-10 0.10 (±0.16); 4 of 10 runs rose; Wilcoxon, CI bootstrap over runs",
frontier,2-agent mixed,"mixed dyads, GeminiPro members",GeminiPro,drift: keyword round 1 -> rounds 8-10 (task orders pooled),0.0278,0.0,0.0694,0.1573,0.3146,24.0,,underpowered,"round 1 0.00 (±0.00) -> rounds 8-10 0.03 (±0.09); 2 of 24 runs rose; Wilcoxon, CI bootstrap over runs; keyword almost never used",
frontier,2-agent mixed,"mixed dyads, Opus members",Opus,drift: keyword round 1 -> rounds 8-10 (task orders pooled),-0.0278,-0.125,0.0417,0.6547,1.0,24.0,,underpowered,"round 1 0.04 (±0.20) -> rounds 8-10 0.01 (±0.07); 1 of 24 runs rose; Wilcoxon, CI bootstrap over runs; keyword almost never used",
frontier,2-agent mixed,"mixed dyads, Sol members",Sol,drift: keyword round 1 -> rounds 8-10 (task orders pooled),-0.0833,-0.2361,0.0417,0.3346,0.6346,24.0,,no detectable effect,"round 1 0.12 (±0.34) -> rounds 8-10 0.04 (±0.11); 3 of 24 runs rose; Wilcoxon, CI bootstrap over runs",
frontier,8-agent homogeneous,8 GeminiPro,GeminiPro,drift: keyword round 1 -> rounds 8-10 (task orders pooled),-0.0167,-0.05,0.0083,0.5,1.0,10.0,,underpowered,"round 1 0.03 (±0.05) -> rounds 8-10 0.01 (±0.02); 1 of 10 runs rose; Wilcoxon, CI bootstrap over runs; keyword almost never used",
frontier,8-agent homogeneous,8 Opus,Opus,drift: keyword round 1 -> rounds 8-10 (task orders pooled),0.0167,0.0,0.0333,0.25,0.5,10.0,,underpowered,"round 1 0.00 (±0.00) -> rounds 8-10 0.02 (±0.03); 3 of 10 runs rose; Wilcoxon, CI bootstrap over runs; keyword almost never used",
frontier,8-agent homogeneous,8 Sol,Sol,drift: keyword round 1 -> rounds 8-10 (task orders pooled),0.1208,0.0542,0.1833,0.0117,0.0234,10.0,,yes,"round 1 0.05 (±0.09) -> rounds 8-10 0.17 (±0.10); 9 of 10 runs rose; Wilcoxon, CI bootstrap over runs",
frontier,8-agent mixed,2 GeminiPro + 3 Opus + 3 Sol,GeminiPro,drift: keyword round 1 -> rounds 8-10 (task orders pooled),0.0667,0.0167,0.1167,0.125,0.25,10.0,,no detectable effect,"round 1 0.00 (±0.00) -> rounds 8-10 0.07 (±0.09); 4 of 10 runs rose; Wilcoxon, CI bootstrap over runs",
frontier,8-agent mixed,2 GeminiPro + 3 Opus + 3 Sol,Opus,drift: keyword round 1 -> rounds 8-10 (task orders pooled),0.0111,0.0,0.0333,1.0,1.0,10.0,,underpowered,"round 1 0.00 (±0.00) -> rounds 8-10 0.01 (±0.04); 1 of 10 runs rose; Wilcoxon, CI bootstrap over runs; keyword almost never used",
frontier,8-agent mixed,2 GeminiPro + 3 Opus + 3 Sol,Sol,drift: keyword round 1 -> rounds 8-10 (task orders pooled),0.0333,0.0,0.0667,0.25,0.5,10.0,,underpowered,"round 1 0.00 (±0.00) -> rounds 8-10 0.03 (±0.05); 3 of 10 runs rose; Wilcoxon, CI bootstrap over runs; keyword almost never used",
frontier,all settings,all GeminiPro runs,GeminiPro,drift: keyword round 1 -> rounds 8-10 (task orders pooled),0.0401,0.0116,0.0764,0.0123,0.0245,54.0,,underpowered,"round 1 0.00 (±0.02) -> rounds 8-10 0.04 (±0.12); 9 of 54 runs rose; Wilcoxon, CI bootstrap over runs; keyword almost never used",
frontier,all settings,all Opus runs,Opus,drift: keyword round 1 -> rounds 8-10 (task orders pooled),-0.0072,-0.0517,0.0224,0.3441,0.6882,54.0,,underpowered,"round 1 0.02 (±0.14) -> rounds 8-10 0.01 (±0.05); 5 of 54 runs rose; Wilcoxon, CI bootstrap over runs; keyword almost never used",
frontier,all settings,all Sol runs,Sol,drift: keyword round 1 -> rounds 8-10 (task orders pooled),-0.0085,-0.0874,0.0604,0.2252,0.2252,54.0,,no detectable effect,"round 1 0.08 (±0.25) -> rounds 8-10 0.07 (±0.12); 19 of 54 runs rose; Wilcoxon, CI bootstrap over runs",
frontier,2-agent homogeneous,GeminiPro dyads,GeminiPro,drift: GLM judge flag round 1 -> rounds 8-10 (task orders pooled),0.55,0.3333,0.7667,0.0078,0.0234,10.0,,yes,"round 1 0.35 (±0.41) -> rounds 8-10 0.90 (±0.22); 8 of 10 runs rose; Wilcoxon, CI bootstrap over runs",
frontier,2-agent homogeneous,Opus dyads,Opus,drift: GLM judge flag round 1 -> rounds 8-10 (task orders pooled),0.3,0.1167,0.4833,0.0312,0.0938,10.0,,suggestive,"round 1 0.60 (±0.39) -> rounds 8-10 0.90 (±0.14); 6 of 10 runs rose; Wilcoxon, CI bootstrap over runs",
frontier,2-agent homogeneous,Sol dyads,Sol,drift: GLM judge flag round 1 -> rounds 8-10 (task orders pooled),0.0667,-0.1833,0.3667,0.9375,1.0,10.0,,no detectable effect,"round 1 0.75 (±0.42) -> rounds 8-10 0.82 (±0.31); 2 of 10 runs rose; Wilcoxon, CI bootstrap over runs",
frontier,2-agent mixed,"mixed dyads, GeminiPro members",GeminiPro,drift: GLM judge flag round 1 -> rounds 8-10 (task orders pooled),0.5833,0.3889,0.75,0.0002,0.0011,24.0,,yes,"round 1 0.38 (±0.49) -> rounds 8-10 0.96 (±0.15); 15 of 24 runs rose; Wilcoxon, CI bootstrap over runs",
frontier,2-agent mixed,"mixed dyads, Opus members",Opus,drift: GLM judge flag round 1 -> rounds 8-10 (task orders pooled),0.1528,-0.0556,0.3611,0.143,0.4291,24.0,,no detectable effect,"round 1 0.75 (±0.44) -> rounds 8-10 0.90 (±0.23); 6 of 24 runs rose; Wilcoxon, CI bootstrap over runs",
frontier,2-agent mixed,"mixed dyads, Sol members",Sol,drift: GLM judge flag round 1 -> rounds 8-10 (task orders pooled),0.2917,0.0556,0.5278,0.0255,0.1019,24.0,,suggestive,"round 1 0.58 (±0.50) -> rounds 8-10 0.88 (±0.26); 10 of 24 runs rose; Wilcoxon, CI bootstrap over runs",
frontier,8-agent homogeneous,8 GeminiPro,GeminiPro,drift: GLM judge flag round 1 -> rounds 8-10 (task orders pooled),0.7417,0.6125,0.85,0.002,0.0098,10.0,,yes,"round 1 0.25 (±0.20) -> rounds 8-10 0.99 (±0.02); 10 of 10 runs rose; Wilcoxon, CI bootstrap over runs",
frontier,8-agent homogeneous,8 Opus,Opus,drift: GLM judge flag round 1 -> rounds 8-10 (task orders pooled),0.2667,0.15,0.3792,0.0039,0.0156,10.0,,yes,"round 1 0.62 (±0.18) -> rounds 8-10 0.89 (±0.07); 9 of 10 runs rose; Wilcoxon, CI bootstrap over runs",
frontier,8-agent homogeneous,8 Sol,Sol,drift: GLM judge flag round 1 -> rounds 8-10 (task orders pooled),0.35,0.225,0.4917,0.002,0.0098,10.0,,yes,"round 1 0.45 (±0.19) -> rounds 8-10 0.80 (±0.10); 10 of 10 runs rose; Wilcoxon, CI bootstrap over runs",
frontier,8-agent mixed,2 GeminiPro + 3 Opus + 3 Sol,GeminiPro,drift: GLM judge flag round 1 -> rounds 8-10 (task orders pooled),0.4667,0.2,0.7333,0.0391,0.1562,10.0,,suggestive,"round 1 0.25 (±0.35) -> rounds 8-10 0.72 (±0.32); 7 of 10 runs rose; Wilcoxon, CI bootstrap over runs",
frontier,8-agent mixed,2 GeminiPro + 3 Opus + 3 Sol,Opus,drift: GLM judge flag round 1 -> rounds 8-10 (task orders pooled),0.3667,0.1889,0.5556,0.0078,0.0312,10.0,,suggestive,"round 1 0.43 (±0.27) -> rounds 8-10 0.80 (±0.18); 8 of 10 runs rose; Wilcoxon, CI bootstrap over runs; only one judge rises Holm-significantly",
frontier,8-agent mixed,2 GeminiPro + 3 Opus + 3 Sol,Sol,drift: GLM judge flag round 1 -> rounds 8-10 (task orders pooled),0.3222,0.1333,0.5447,0.0078,0.0312,10.0,,suggestive,"round 1 0.40 (±0.26) -> rounds 8-10 0.72 (±0.18); 8 of 10 runs rose; Wilcoxon, CI bootstrap over runs; only one judge rises Holm-significantly",
frontier,all settings,all GeminiPro runs,GeminiPro,drift: GLM judge flag round 1 -> rounds 8-10 (task orders pooled),0.5849,0.4745,0.6944,0.0,0.0,54.0,,yes,"round 1 0.32 (±0.41) -> rounds 8-10 0.91 (±0.21); 40 of 54 runs rose; Wilcoxon, CI bootstrap over runs",
frontier,all settings,all Opus runs,Opus,drift: GLM judge flag round 1 -> rounds 8-10 (task orders pooled),0.2407,0.1345,0.3516,0.0001,0.0003,54.0,,yes,"round 1 0.64 (±0.38) -> rounds 8-10 0.88 (±0.18); 29 of 54 runs rose; Wilcoxon, CI bootstrap over runs",
frontier,all settings,all Sol runs,Sol,drift: GLM judge flag round 1 -> rounds 8-10 (task orders pooled),0.2665,0.1353,0.3953,0.0005,0.0014,54.0,,yes,"round 1 0.56 (±0.42) -> rounds 8-10 0.82 (±0.24); 30 of 54 runs rose; Wilcoxon, CI bootstrap over runs",
frontier,2-agent homogeneous,GeminiPro dyads,GeminiPro,drift: DeepSeek judge flag round 1 -> rounds 8-10 (task orders pooled),0.5333,0.3,0.7667,0.0039,0.0195,10.0,,yes,"round 1 0.15 (±0.24) -> rounds 8-10 0.68 (±0.41); 9 of 10 runs rose; Wilcoxon, CI bootstrap over runs",
frontier,2-agent homogeneous,Opus dyads,Opus,drift: DeepSeek judge flag round 1 -> rounds 8-10 (task orders pooled),0.6,0.4333,0.75,0.0039,0.0156,10.0,,suggestive,"round 1 0.25 (±0.26) -> rounds 8-10 0.85 (±0.17); 9 of 10 runs rose; Wilcoxon, CI bootstrap over runs; only one judge rises Holm-significantly",
frontier,2-agent homogeneous,Sol dyads,Sol,drift: DeepSeek judge flag round 1 -> rounds 8-10 (task orders pooled),0.15,-0.0667,0.3667,0.3008,1.0,10.0,,no detectable effect,"round 1 0.30 (±0.35) -> rounds 8-10 0.45 (±0.26); 7 of 10 runs rose; Wilcoxon, CI bootstrap over runs",
frontier,2-agent mixed,"mixed dyads, GeminiPro members",GeminiPro,drift: DeepSeek judge flag round 1 -> rounds 8-10 (task orders pooled),0.6111,0.4167,0.7917,0.0003,0.0011,24.0,,yes,"round 1 0.12 (±0.34) -> rounds 8-10 0.74 (±0.34); 18 of 24 runs rose; Wilcoxon, CI bootstrap over runs",
frontier,2-agent mixed,"mixed dyads, Opus members",Opus,drift: DeepSeek judge flag round 1 -> rounds 8-10 (task orders pooled),0.4167,0.1667,0.6806,0.0104,0.0416,24.0,,suggestive,"round 1 0.33 (±0.48) -> rounds 8-10 0.75 (±0.28); 16 of 24 runs rose; Wilcoxon, CI bootstrap over runs; only one judge rises Holm-significantly",
frontier,2-agent mixed,"mixed dyads, Sol members",Sol,drift: DeepSeek judge flag round 1 -> rounds 8-10 (task orders pooled),0.25,0.0694,0.4306,0.0962,0.2887,24.0,,no detectable effect,"round 1 0.25 (±0.44) -> rounds 8-10 0.50 (±0.33); 14 of 24 runs rose; Wilcoxon, CI bootstrap over runs",
frontier,8-agent homogeneous,8 GeminiPro,GeminiPro,drift: DeepSeek judge flag round 1 -> rounds 8-10 (task orders pooled),0.675,0.5833,0.7625,0.002,0.0098,10.0,,yes,"round 1 0.12 (±0.13) -> rounds 8-10 0.80 (±0.13); 10 of 10 runs rose; Wilcoxon, CI bootstrap over runs",
frontier,8-agent homogeneous,8 Opus,Opus,drift: DeepSeek judge flag round 1 -> rounds 8-10 (task orders pooled),0.4542,0.3292,0.5625,0.0039,0.0156,10.0,,yes,"round 1 0.21 (±0.10) -> rounds 8-10 0.67 (±0.15); 9 of 10 runs rose; Wilcoxon, CI bootstrap over runs",
frontier,8-agent homogeneous,8 Sol,Sol,drift: DeepSeek judge flag round 1 -> rounds 8-10 (task orders pooled),0.35,0.3,0.4083,0.002,0.0098,10.0,,yes,"round 1 0.05 (±0.09) -> rounds 8-10 0.40 (±0.11); 10 of 10 runs rose; Wilcoxon, CI bootstrap over runs",
frontier,8-agent mixed,2 GeminiPro + 3 Opus + 3 Sol,GeminiPro,drift: DeepSeek judge flag round 1 -> rounds 8-10 (task orders pooled),0.35,0.1162,0.5833,0.0391,0.1562,10.0,,suggestive,"round 1 0.10 (±0.21) -> rounds 8-10 0.45 (±0.29); 7 of 10 runs rose; Wilcoxon, CI bootstrap over runs",
frontier,8-agent mixed,2 GeminiPro + 3 Opus + 3 Sol,Opus,drift: DeepSeek judge flag round 1 -> rounds 8-10 (task orders pooled),0.1222,-0.0667,0.3222,0.3164,0.9492,10.0,,no detectable effect,"round 1 0.27 (±0.26) -> rounds 8-10 0.39 (±0.20); 6 of 10 runs rose; Wilcoxon, CI bootstrap over runs",
frontier,8-agent mixed,2 GeminiPro + 3 Opus + 3 Sol,Sol,drift: DeepSeek judge flag round 1 -> rounds 8-10 (task orders pooled),0.2222,0.0667,0.3667,0.0352,0.1055,10.0,,suggestive,"round 1 0.10 (±0.16) -> rounds 8-10 0.32 (±0.15); 8 of 10 runs rose; Wilcoxon, CI bootstrap over runs",
frontier,all settings,all GeminiPro runs,GeminiPro,drift: DeepSeek judge flag round 1 -> rounds 8-10 (task orders pooled),0.5602,0.446,0.6674,0.0,0.0,54.0,,yes,"round 1 0.12 (±0.26) -> rounds 8-10 0.69 (±0.33); 44 of 54 runs rose; Wilcoxon, CI bootstrap over runs",
frontier,all settings,all Opus runs,Opus,drift: DeepSeek judge flag round 1 -> rounds 8-10 (task orders pooled),0.403,0.2667,0.534,0.0,0.0,54.0,,yes,"round 1 0.28 (±0.36) -> rounds 8-10 0.69 (±0.27); 40 of 54 runs rose; Wilcoxon, CI bootstrap over runs",
frontier,all settings,all Sol runs,Sol,drift: DeepSeek judge flag round 1 -> rounds 8-10 (task orders pooled),0.2449,0.1489,0.3462,0.0002,0.0009,54.0,,yes,"round 1 0.19 (±0.35) -> rounds 8-10 0.44 (±0.26); 39 of 54 runs rose; Wilcoxon, CI bootstrap over runs",
frontier,2-agent homogeneous,GeminiPro dyads,GeminiPro,drift: embedding difference score (consistency minus generosity anchors) round 1 -> rounds 8-10,0.0431,0.0243,0.0628,0.0039,0.0195,10.0,,no detectable effect,"round 1 -0.10 (±0.03) -> rounds 8-10 -0.06 (±0.03); 9 of 10 runs rose; Wilcoxon, CI bootstrap over runs; the difference rises because myths move AWAY from the generosity anchors; the consistency-anchors projection falls (see anchors-only row): not a drift toward consistency",
frontier,2-agent homogeneous,Opus dyads,Opus,drift: embedding difference score (consistency minus generosity anchors) round 1 -> rounds 8-10,0.0842,0.0623,0.1039,0.002,0.0098,10.0,,no detectable effect,"round 1 -0.09 (±0.02) -> rounds 8-10 -0.00 (±0.04); 10 of 10 runs rose; Wilcoxon, CI bootstrap over runs; the difference rises because myths move AWAY from the generosity anchors; the consistency-anchors projection falls (see anchors-only row): not a drift toward consistency",
frontier,2-agent homogeneous,Sol dyads,Sol,drift: embedding difference score (consistency minus generosity anchors) round 1 -> rounds 8-10,0.0224,0.0047,0.0397,0.0645,0.3223,10.0,,no detectable effect,"round 1 -0.11 (±0.03) -> rounds 8-10 -0.09 (±0.02); 8 of 10 runs rose; Wilcoxon, CI bootstrap over runs; the difference rises because myths move AWAY from the generosity anchors; the consistency-anchors projection falls (see anchors-only row): not a drift toward consistency",
frontier,2-agent mixed,"mixed dyads, GeminiPro members",GeminiPro,drift: embedding difference score (consistency minus generosity anchors) round 1 -> rounds 8-10,0.0339,0.0143,0.0548,0.0053,0.016,24.0,,no detectable effect,"round 1 -0.09 (±0.04) -> rounds 8-10 -0.05 (±0.03); 18 of 24 runs rose; Wilcoxon, CI bootstrap over runs; the difference rises because myths move AWAY from the generosity anchors; the consistency-anchors projection falls (see anchors-only row): not a drift toward consistency",
frontier,2-agent mixed,"mixed dyads, Opus members",Opus,drift: embedding difference score (consistency minus generosity anchors) round 1 -> rounds 8-10,0.0585,0.0397,0.0783,0.0,0.0001,24.0,,no detectable effect,"round 1 -0.07 (±0.03) -> rounds 8-10 -0.01 (±0.04); 20 of 24 runs rose; Wilcoxon, CI bootstrap over runs; the difference rises because myths move AWAY from the generosity anchors; the consistency-anchors projection falls (see anchors-only row): not a drift toward consistency",
frontier,2-agent mixed,"mixed dyads, Sol members",Sol,drift: embedding difference score (consistency minus generosity anchors) round 1 -> rounds 8-10,0.0656,0.0456,0.0854,0.0,0.0,24.0,,no detectable effect,"round 1 -0.13 (±0.04) -> rounds 8-10 -0.06 (±0.04); 21 of 24 runs rose; Wilcoxon, CI bootstrap over runs; the difference rises because myths move AWAY from the generosity anchors; the consistency-anchors projection falls (see anchors-only row): not a drift toward consistency",
frontier,8-agent homogeneous,8 GeminiPro,GeminiPro,drift: embedding difference score (consistency minus generosity anchors) round 1 -> rounds 8-10,0.0594,0.0511,0.0677,0.002,0.0098,10.0,,no detectable effect,"round 1 -0.11 (±0.01) -> rounds 8-10 -0.05 (±0.01); 10 of 10 runs rose; Wilcoxon, CI bootstrap over runs; the difference rises because myths move AWAY from the generosity anchors; the consistency-anchors projection falls (see anchors-only row): not a drift toward consistency",
frontier,8-agent homogeneous,8 Opus,Opus,drift: embedding difference score (consistency minus generosity anchors) round 1 -> rounds 8-10,0.077,0.0626,0.0895,0.002,0.0098,10.0,,no detectable effect,"round 1 -0.07 (±0.02) -> rounds 8-10 0.01 (±0.02); 10 of 10 runs rose; Wilcoxon, CI bootstrap over runs; the difference rises because myths move AWAY from the generosity anchors; the consistency-anchors projection falls (see anchors-only row): not a drift toward consistency",
frontier,8-agent homogeneous,8 Sol,Sol,drift: embedding difference score (consistency minus generosity anchors) round 1 -> rounds 8-10,0.0377,0.0237,0.0514,0.0039,0.0117,10.0,,no detectable effect,"round 1 -0.13 (±0.02) -> rounds 8-10 -0.09 (±0.01); 9 of 10 runs rose; Wilcoxon, CI bootstrap over runs; the difference rises because myths move AWAY from the generosity anchors; the consistency-anchors projection falls (see anchors-only row): not a drift toward consistency",
frontier,8-agent mixed,2 GeminiPro + 3 Opus + 3 Sol,GeminiPro,drift: embedding difference score (consistency minus generosity anchors) round 1 -> rounds 8-10,0.084,0.0622,0.1056,0.002,0.0098,10.0,,no detectable effect,"round 1 -0.12 (±0.02) -> rounds 8-10 -0.04 (±0.04); 10 of 10 runs rose; Wilcoxon, CI bootstrap over runs; the difference rises because myths move AWAY from the generosity anchors; the consistency-anchors projection falls (see anchors-only row): not a drift toward consistency",
frontier,8-agent mixed,2 GeminiPro + 3 Opus + 3 Sol,Opus,drift: embedding difference score (consistency minus generosity anchors) round 1 -> rounds 8-10,0.058,0.037,0.0795,0.002,0.0098,10.0,,no detectable effect,"round 1 -0.07 (±0.02) -> rounds 8-10 -0.01 (±0.02); 10 of 10 runs rose; Wilcoxon, CI bootstrap over runs; the difference rises because myths move AWAY from the generosity anchors; the consistency-anchors projection falls (see anchors-only row): not a drift toward consistency",
frontier,8-agent mixed,2 GeminiPro + 3 Opus + 3 Sol,Sol,drift: embedding difference score (consistency minus generosity anchors) round 1 -> rounds 8-10,0.0527,0.0372,0.0684,0.002,0.0098,10.0,,no detectable effect,"round 1 -0.13 (±0.02) -> rounds 8-10 -0.07 (±0.03); 10 of 10 runs rose; Wilcoxon, CI bootstrap over runs; the difference rises because myths move AWAY from the generosity anchors; the consistency-anchors projection falls (see anchors-only row): not a drift toward consistency",
frontier,all settings,all GeminiPro runs,GeminiPro,drift: embedding difference score (consistency minus generosity anchors) round 1 -> rounds 8-10,0.0496,0.0378,0.0615,0.0,0.0,54.0,,no detectable effect,"round 1 -0.10 (±0.03) -> rounds 8-10 -0.05 (±0.03); 47 of 54 runs rose; Wilcoxon, CI bootstrap over runs; the difference rises because myths move AWAY from the generosity anchors; the consistency-anchors projection falls (see anchors-only row): not a drift toward consistency",
frontier,all settings,all Opus runs,Opus,drift: embedding difference score (consistency minus generosity anchors) round 1 -> rounds 8-10,0.0666,0.0554,0.0778,0.0,0.0,54.0,,no detectable effect,"round 1 -0.07 (±0.03) -> rounds 8-10 -0.01 (±0.03); 50 of 54 runs rose; Wilcoxon, CI bootstrap over runs; the difference rises because myths move AWAY from the generosity anchors; the consistency-anchors projection falls (see anchors-only row): not a drift toward consistency",
frontier,all settings,all Sol runs,Sol,drift: embedding difference score (consistency minus generosity anchors) round 1 -> rounds 8-10,0.05,0.0389,0.0613,0.0,0.0,54.0,,no detectable effect,"round 1 -0.13 (±0.03) -> rounds 8-10 -0.08 (±0.03); 48 of 54 runs rose; Wilcoxon, CI bootstrap over runs; the difference rises because myths move AWAY from the generosity anchors; the consistency-anchors projection falls (see anchors-only row): not a drift toward consistency",
frontier,2-agent homogeneous,GeminiPro dyads,GeminiPro,"drift: consistency-anchors-only embedding projection, round 1 -> rounds 8-10 (sd)",-0.803,,,,,10.0,,no detectable effect,share of 40 random directions moving more: 0.10; generosity-anchor projection -0.99 sd; the difference score moves +0.80 sd. Negative = myths move away from the consistency anchors,
frontier,2-agent homogeneous,Opus dyads,Opus,"drift: consistency-anchors-only embedding projection, round 1 -> rounds 8-10 (sd)",-0.316,,,,,10.0,,no detectable effect,share of 40 random directions moving more: 0.55; generosity-anchor projection -1.15 sd; the difference score moves +1.55 sd. Negative = myths move away from the consistency anchors,
frontier,2-agent homogeneous,Sol dyads,Sol,"drift: consistency-anchors-only embedding projection, round 1 -> rounds 8-10 (sd)",-1.113,,,,,10.0,,no detectable effect,share of 40 random directions moving more: 0.05; generosity-anchor projection -0.94 sd; the difference score moves +0.41 sd. Negative = myths move away from the consistency anchors,
frontier,2-agent mixed,"mixed dyads, GeminiPro members",GeminiPro,"drift: consistency-anchors-only embedding projection, round 1 -> rounds 8-10 (sd)",-0.214,,,,,24.0,,no detectable effect,share of 40 random directions moving more: 0.53; generosity-anchor projection -0.52 sd; the difference score moves +0.62 sd. Negative = myths move away from the consistency anchors,
frontier,2-agent mixed,"mixed dyads, Opus members",Opus,"drift: consistency-anchors-only embedding projection, round 1 -> rounds 8-10 (sd)",-0.587,,,,,24.0,,no detectable effect,share of 40 random directions moving more: 0.40; generosity-anchor projection -1.03 sd; the difference score moves +1.08 sd. Negative = myths move away from the consistency anchors,
frontier,2-agent mixed,"mixed dyads, Sol members",Sol,"drift: consistency-anchors-only embedding projection, round 1 -> rounds 8-10 (sd)",-1.073,,,,,24.0,,no detectable effect,share of 40 random directions moving more: 0.03; generosity-anchor projection -1.41 sd; the difference score moves +1.21 sd. Negative = myths move away from the consistency anchors,
frontier,8-agent homogeneous,8 GeminiPro,GeminiPro,"drift: consistency-anchors-only embedding projection, round 1 -> rounds 8-10 (sd)",-0.794,,,,,10.0,,no detectable effect,share of 40 random directions moving more: 0.10; generosity-anchor projection -1.17 sd; the difference score moves +1.09 sd. Negative = myths move away from the consistency anchors,
frontier,8-agent homogeneous,8 Opus,Opus,"drift: consistency-anchors-only embedding projection, round 1 -> rounds 8-10 (sd)",-0.57,,,,,10.0,,no detectable effect,share of 40 random directions moving more: 0.40; generosity-anchor projection -1.23 sd; the difference score moves +1.42 sd. Negative = myths move away from the consistency anchors,
frontier,8-agent homogeneous,8 Sol,Sol,"drift: consistency-anchors-only embedding projection, round 1 -> rounds 8-10 (sd)",-1.133,,,,,10.0,,no detectable effect,share of 40 random directions moving more: 0.03; generosity-anchor projection -1.13 sd; the difference score moves +0.69 sd. Negative = myths move away from the consistency anchors,
frontier,8-agent mixed,2 GeminiPro + 3 Opus + 3 Sol,GeminiPro,"drift: consistency-anchors-only embedding projection, round 1 -> rounds 8-10 (sd)",-0.614,,,,,10.0,,no detectable effect,share of 40 random directions moving more: 0.30; generosity-anchor projection -1.33 sd; the difference score moves +1.55 sd. Negative = myths move away from the consistency anchors,
frontier,8-agent mixed,2 GeminiPro + 3 Opus + 3 Sol,Opus,"drift: consistency-anchors-only embedding projection, round 1 -> rounds 8-10 (sd)",-0.737,,,,,10.0,,no detectable effect,share of 40 random directions moving more: 0.25; generosity-anchor projection -1.11 sd; the difference score moves +1.07 sd. Negative = myths move away from the consistency anchors,
frontier,8-agent mixed,2 GeminiPro + 3 Opus + 3 Sol,Sol,"drift: consistency-anchors-only embedding projection, round 1 -> rounds 8-10 (sd)",-0.955,,,,,10.0,,no detectable effect,share of 40 random directions moving more: 0.05; generosity-anchor projection -1.19 sd; the difference score moves +0.97 sd. Negative = myths move away from the consistency anchors,
frontier,all settings,all GeminiPro runs,GeminiPro,"drift: consistency-anchors-only embedding projection, round 1 -> rounds 8-10 (sd)",-0.505,,,,,54.0,,no detectable effect,share of 40 random directions moving more: 0.25; generosity-anchor projection -0.88 sd; the difference score moves +0.92 sd. Negative = myths move away from the consistency anchors,
frontier,all settings,all Opus runs,Opus,"drift: consistency-anchors-only embedding projection, round 1 -> rounds 8-10 (sd)",-0.561,,,,,54.0,,no detectable effect,share of 40 random directions moving more: 0.35; generosity-anchor projection -1.10 sd; the difference score moves +1.23 sd. Negative = myths move away from the consistency anchors,
frontier,all settings,all Sol runs,Sol,"drift: consistency-anchors-only embedding projection, round 1 -> rounds 8-10 (sd)",-1.07,,,,,54.0,,no detectable effect,share of 40 random directions moving more: 0.03; generosity-anchor projection -1.23 sd; the difference score moves +0.92 sd. Negative = myths move away from the consistency anchors,
frontier,all settings,all GeminiPro runs,GeminiPro,self-copying ratchet: P(keyword | own previous had it) - P(... | not),0.1089,-0.0299,0.2478,0.12418,0.12418,54.0,1296.0,underpowered,"raw run-level means 0.12 vs 0.05; 45 myths follow a flagged myth, 1251 an unflagged one; effect = LPM coefficient, cell + round FE",
frontier,all settings,all Opus runs,Opus,self-copying ratchet: P(keyword | own previous had it) - P(... | not),0.0871,-0.0249,0.1991,0.12737,0.12737,54.0,1386.0,underpowered,"raw run-level means 0.07 vs 0.01; 19 myths follow a flagged myth, 1367 an unflagged one; effect = LPM coefficient, cell + round FE",
frontier,all settings,all Sol runs,Sol,self-copying ratchet: P(keyword | own previous had it) - P(... | not),0.0244,-0.0386,0.0874,0.4477,0.4477,54.0,1386.0,no detectable effect,"raw run-level means 0.08 vs 0.07; 111 myths follow a flagged myth, 1275 an unflagged one; effect = LPM coefficient, cell + round FE",
frontier,all settings,all GeminiPro runs,GeminiPro,self-copying ratchet: P(GLM judge flag | own previous had it) - P(... | not),0.0762,-0.0002,0.1525,0.05046,0.10092,54.0,1296.0,no detectable effect,"raw run-level means 0.90 vs 0.86; 1081 myths follow a flagged myth, 215 an unflagged one; effect = LPM coefficient, cell + round FE",
frontier,all settings,all Opus runs,Opus,self-copying ratchet: P(GLM judge flag | own previous had it) - P(... | not),0.0958,0.032,0.1597,0.00327,0.00654,54.0,1386.0,yes,"raw run-level means 0.82 vs 0.74; 998 myths follow a flagged myth, 388 an unflagged one; effect = LPM coefficient, cell + round FE",
frontier,all settings,all Sol runs,Sol,self-copying ratchet: P(GLM judge flag | own previous had it) - P(... | not),0.0513,-0.0209,0.1235,0.16375,0.32749,54.0,1386.0,no detectable effect,"raw run-level means 0.78 vs 0.75; 926 myths follow a flagged myth, 460 an unflagged one; effect = LPM coefficient, cell + round FE",
frontier,2-agent homogeneous,GeminiPro dyads,GeminiPro,self-copying (embedding): own previous myth minus unseen previous myths,0.8631,0.4291,1.297,0.0001,0.0011,10.0,180.0,no detectable effect,"own previous +0.53, shown previous +0.17 (shared history, not causal), per sd; cell + round FE; NOT specific: 20 random embedding directions self-copy with own-previous coefficient median 0.70 vs 0.40 for consistency (all settings)",
frontier,2-agent homogeneous,Opus dyads,Opus,self-copying (embedding): own previous myth minus unseen previous myths,0.2346,-0.4338,0.903,0.4916,1.0,10.0,180.0,no detectable effect,"own previous +0.08, shown previous +0.29 (shared history, not causal), per sd; cell + round FE; NOT specific: 20 random embedding directions self-copy with own-previous coefficient median 0.25 vs 0.11 for consistency (all settings)",
frontier,2-agent homogeneous,Sol dyads,Sol,self-copying (embedding): own previous myth minus unseen previous myths,0.4255,-0.5029,1.354,0.369,1.0,10.0,180.0,no detectable effect,"own previous +0.22, shown previous +0.06 (shared history, not causal), per sd; cell + round FE; NOT specific: 20 random embedding directions self-copy with own-previous coefficient median 0.29 vs 0.22 for consistency (all settings)",
frontier,2-agent mixed,"mixed dyads, GeminiPro members",GeminiPro,self-copying (embedding): own previous myth minus unseen previous myths,0.3378,-0.0688,0.7444,0.1034,0.8829,24.0,216.0,no detectable effect,"own previous +0.19, shown previous +0.13 (shared history, not causal), per sd; cell + round FE; NOT specific: 20 random embedding directions self-copy with own-previous coefficient median 0.70 vs 0.40 for consistency (all settings)",
frontier,2-agent mixed,"mixed dyads, Opus members",Opus,self-copying (embedding): own previous myth minus unseen previous myths,0.4411,-0.011,0.8932,0.0558,0.614,24.0,216.0,no detectable effect,"own previous +0.16, shown previous +0.24 (shared history, not causal), per sd; cell + round FE; NOT specific: 20 random embedding directions self-copy with own-previous coefficient median 0.25 vs 0.11 for consistency (all settings)",
frontier,2-agent mixed,"mixed dyads, Sol members",Sol,self-copying (embedding): own previous myth minus unseen previous myths,0.42,0.095,0.745,0.0113,0.1244,24.0,216.0,no detectable effect,"own previous +0.25, shown previous +0.32 (shared history, not causal), per sd; cell + round FE; NOT specific: 20 random embedding directions self-copy with own-previous coefficient median 0.29 vs 0.22 for consistency (all settings)",
frontier,8-agent homogeneous,8 GeminiPro,GeminiPro,self-copying (embedding): own previous myth minus unseen previous myths,0.4709,0.2803,0.6614,0.0,0.0,10.0,720.0,no detectable effect,"own previous +0.39, shown previous +0.10 (shared history, not causal), per sd; cell + round FE; NOT specific: 20 random embedding directions self-copy with own-previous coefficient median 0.70 vs 0.40 for consistency (all settings)",
frontier,8-agent homogeneous,8 Opus,Opus,self-copying (embedding): own previous myth minus unseen previous myths,0.016,-0.1805,0.2125,0.8734,1.0,10.0,720.0,no detectable effect,"own previous +0.09, shown previous +0.27 (shared history, not causal), per sd; cell + round FE; NOT specific: 20 random embedding directions self-copy with own-previous coefficient median 0.25 vs 0.11 for consistency (all settings)",
frontier,8-agent homogeneous,8 Sol,Sol,self-copying (embedding): own previous myth minus unseen previous myths,0.1586,-0.0726,0.3898,0.1788,1.0,10.0,720.0,no detectable effect,"own previous +0.16, shown previous +0.18 (shared history, not causal), per sd; cell + round FE; NOT specific: 20 random embedding directions self-copy with own-previous coefficient median 0.29 vs 0.22 for consistency (all settings)",
frontier,8-agent mixed,2 GeminiPro + 3 Opus + 3 Sol,GeminiPro,self-copying (embedding): own previous myth minus unseen previous myths,0.3337,0.0403,0.6271,0.0258,0.2324,10.0,152.0,no detectable effect,"own previous +0.43, shown previous +0.26 (shared history, not causal), per sd; cell + round FE; NOT specific: 20 random embedding directions self-copy with own-previous coefficient median 0.70 vs 0.40 for consistency (all settings)",
frontier,8-agent mixed,2 GeminiPro + 3 Opus + 3 Sol,Opus,self-copying (embedding): own previous myth minus unseen previous myths,0.2099,-0.0211,0.441,0.0749,0.2617,10.0,270.0,no detectable effect,"own previous +0.16, shown previous +0.18 (shared history, not causal), per sd; cell + round FE; NOT specific: 20 random embedding directions self-copy with own-previous coefficient median 0.25 vs 0.11 for consistency (all settings)",
frontier,8-agent mixed,2 GeminiPro + 3 Opus + 3 Sol,Sol,self-copying (embedding): own previous myth minus unseen previous myths,0.1216,-0.0146,0.2577,0.0801,0.4806,10.0,270.0,no detectable effect,"own previous +0.28, shown previous +0.27 (shared history, not causal), per sd; cell + round FE; NOT specific: 20 random embedding directions self-copy with own-previous coefficient median 0.29 vs 0.22 for consistency (all settings)",
frontier,all settings,all GeminiPro runs,GeminiPro,self-copying (embedding): own previous myth minus unseen previous myths,0.3897,0.255,0.5245,0.0,0.0,54.0,1268.0,no detectable effect,"own previous +0.39, shown previous +0.15 (shared history, not causal), per sd; cell + round FE; NOT specific: 20 random embedding directions self-copy with own-previous coefficient median 0.70 vs 0.40 for consistency (all settings)",
frontier,all settings,all Opus runs,Opus,self-copying (embedding): own previous myth minus unseen previous myths,0.1484,0.0175,0.2794,0.0263,0.1054,54.0,1386.0,no detectable effect,"own previous +0.11, shown previous +0.25 (shared history, not causal), per sd; cell + round FE; NOT specific: 20 random embedding directions self-copy with own-previous coefficient median 0.25 vs 0.11 for consistency (all settings)",
frontier,all settings,all Sol runs,Sol,self-copying (embedding): own previous myth minus unseen previous myths,0.1536,0.0253,0.282,0.019,0.1901,54.0,1386.0,no detectable effect,"own previous +0.22, shown previous +0.22 (shared history, not causal), per sd; cell + round FE; NOT specific: 20 random embedding directions self-copy with own-previous coefficient median 0.29 vs 0.22 for consistency (all settings)",
frontier,all settings,all GeminiPro runs,GeminiPro,describes play: own recent instability -> keyword in next myth,0.0958,-0.303,0.4946,0.6377,1.0,54.0,1080.0,not estimable: ceiling,"negative = steadier play, more consistency language; agent FE + round FE; per unit mean |change| in coop; GeminiPro play barely varies",
frontier,all settings,all GeminiPro runs,GeminiPro,describes play: own recent instability -> GLM judge flag in next myth,-0.4397,-1.1006,0.2212,0.1922,0.5766,54.0,1080.0,not estimable: ceiling,"negative = steadier play, more consistency language; agent FE + round FE; per unit mean |change| in coop; GeminiPro play barely varies",
frontier,all settings,all GeminiPro runs,GeminiPro,describes play: own recent instability -> embedding score in next myth,0.0086,-0.0257,0.0428,0.6244,1.0,54.0,1080.0,not estimable: ceiling,"negative = steadier play, more consistency language; agent FE + round FE; per unit mean |change| in coop; GeminiPro play barely varies",
frontier,all settings,all Opus runs,Opus,describes play: own recent instability -> keyword in next myth,-0.0471,-0.1623,0.0681,0.4227,0.4227,54.0,1155.0,no detectable effect,"negative = steadier play, more consistency language; agent FE + round FE; per unit mean |change| in coop",
frontier,all settings,all Opus runs,Opus,describes play: own recent instability -> GLM judge flag in next myth,-1.4063,-2.1067,-0.7059,0.0001,0.0003,54.0,1155.0,yes,"negative = steadier play, more consistency language; agent FE + round FE; per unit mean |change| in coop",
frontier,all settings,all Opus runs,Opus,describes play: own recent instability -> embedding score in next myth,-0.0559,-0.1215,0.0097,0.0949,0.1898,54.0,1155.0,no detectable effect,"negative = steadier play, more consistency language; agent FE + round FE; per unit mean |change| in coop",
frontier,all settings,all Sol runs,Sol,describes play: own recent instability -> keyword in next myth,-0.2943,-0.5021,-0.0864,0.0055,0.011,54.0,1155.0,yes,"negative = steadier play, more consistency language; agent FE + round FE; per unit mean |change| in coop",
frontier,all settings,all Sol runs,Sol,describes play: own recent instability -> GLM judge flag in next myth,-0.5627,-0.9231,-0.2024,0.0022,0.0066,54.0,1155.0,yes,"negative = steadier play, more consistency language; agent FE + round FE; per unit mean |change| in coop",
frontier,all settings,all Sol runs,Sol,describes play: own recent instability -> embedding score in next myth,-0.0106,-0.041,0.0198,0.4943,0.4943,54.0,1155.0,no detectable effect,"negative = steadier play, more consistency language; agent FE + round FE; per unit mean |change| in coop",
frontier,all settings,all runs,all,describes play: own recent instability -> keyword in next myth,-0.1811,-0.3558,-0.0065,0.0421,0.0842,106.0,3390.0,suggestive,"negative = steadier play, more consistency language; agent FE + round FE; per unit mean |change| in coop",
frontier,all settings,all runs,all,describes play: own recent instability -> GLM judge flag in next myth,-0.756,-1.0594,-0.4527,0.0,0.0,106.0,3390.0,yes,"negative = steadier play, more consistency language; agent FE + round FE; per unit mean |change| in coop",
frontier,all settings,all runs,all,describes play: own recent instability -> embedding score in next myth,-0.0155,-0.0395,0.0084,0.203,0.203,106.0,3390.0,no detectable effect,"negative = steadier play, more consistency language; agent FE + round FE; per unit mean |change| in coop",
frontier,all settings,all Opus runs,Opus,"R2 own consistency -> send level (agent FE, lagged coop): GLM judge flag",-0.0046,-0.0112,0.002,0.1726,1.0,54.0,616.0,not estimable: ceiling,"outcome sd 0.046, modal share 0.93; feature mean 0.71",1.0
frontier,all settings,all Sol runs,Sol,"R2 own consistency -> send level (agent FE, lagged coop): GLM judge flag",-0.0029,-0.0223,0.0164,0.766,1.0,54.0,616.0,no detectable effect,"outcome sd 0.163, modal share 0.77; feature mean 0.69",1.0
frontier,all settings,all runs,all,"R2 own consistency -> send level (agent FE, lagged coop): GLM judge flag",-0.0034,-0.0125,0.0058,0.4722,1.0,106.0,1808.0,no detectable effect,"outcome sd 0.106, modal share 0.89; feature mean 0.74",1.0
frontier,2-agent homogeneous,Opus dyads,Opus,"R2 own consistency -> send level (agent FE, lagged coop): GLM judge flag",-0.0116,-0.0306,0.0073,0.2289,1.0,10.0,80.0,not estimable: ceiling,"outcome sd 0.037, modal share 0.98; feature mean 0.80",1.0
frontier,2-agent homogeneous,Sol dyads,Sol,"R2 own consistency -> send level (agent FE, lagged coop): GLM judge flag",0.091,-0.0691,0.251,0.2653,1.0,10.0,80.0,no detectable effect,"outcome sd 0.205, modal share 0.33; feature mean 0.78",1.0
frontier,2-agent mixed,"mixed dyads, Opus members",Opus,"R2 own consistency -> send level (agent FE, lagged coop): GLM judge flag",-0.0071,-0.0197,0.0055,0.2687,1.0,24.0,96.0,not estimable: ceiling,"outcome sd 0.052, modal share 0.93; feature mean 0.82",1.0
frontier,2-agent mixed,"mixed dyads, Sol members",Sol,"R2 own consistency -> send level (agent FE, lagged coop): GLM judge flag",0.0018,-0.0269,0.0305,0.903,1.0,24.0,96.0,no detectable effect,"outcome sd 0.074, modal share 0.87; feature mean 0.79",1.0
frontier,8-agent homogeneous,8 Opus,Opus,"R2 own consistency -> send level (agent FE, lagged coop): GLM judge flag",-0.0004,-0.0069,0.0061,0.9024,1.0,10.0,320.0,not estimable: ceiling,"outcome sd 0.042, modal share 0.94; feature mean 0.69",1.0
frontier,8-agent homogeneous,8 Sol,Sol,"R2 own consistency -> send level (agent FE, lagged coop): GLM judge flag",-0.0114,-0.0324,0.0096,0.288,1.0,10.0,320.0,no detectable effect,"outcome sd 0.171, modal share 0.78; feature mean 0.63",1.0
frontier,8-agent mixed,2 GeminiPro + 3 Opus + 3 Sol,Opus,"R2 own consistency -> send level (agent FE, lagged coop): GLM judge flag",-0.0097,-0.0328,0.0134,0.41,1.0,10.0,120.0,no detectable effect,"outcome sd 0.057, modal share 0.90; feature mean 0.63",1.0
frontier,8-agent mixed,2 GeminiPro + 3 Opus + 3 Sol,Sol,"R2 own consistency -> send level (agent FE, lagged coop): GLM judge flag",-0.018,-0.0576,0.0217,0.3746,1.0,10.0,120.0,not estimable: ceiling,"outcome sd 0.093, modal share 0.94; feature mean 0.68",1.0
frontier,all settings,all GeminiPro runs,GeminiPro,"R2 own consistency -> send level (agent FE, lagged coop): GLM judge flag",,,,,,,,not estimable: ceiling,sends $5 almost always,
frontier,2-agent homogeneous,GeminiPro dyads,GeminiPro,"R2 own consistency -> send level (agent FE, lagged coop): GLM judge flag",,,,,,,,not estimable: ceiling,sends $5 almost always,
frontier,2-agent mixed,"mixed dyads, GeminiPro members",GeminiPro,"R2 own consistency -> send level (agent FE, lagged coop): GLM judge flag",,,,,,,,not estimable: ceiling,sends $5 almost always,
frontier,8-agent homogeneous,8 GeminiPro,GeminiPro,"R2 own consistency -> send level (agent FE, lagged coop): GLM judge flag",,,,,,,,not estimable: ceiling,sends $5 almost always,
frontier,8-agent mixed,2 GeminiPro + 3 Opus + 3 Sol,GeminiPro,"R2 own consistency -> send level (agent FE, lagged coop): GLM judge flag",,,,,,,,not estimable: ceiling,sends $5 almost always,
frontier,all settings,all Opus runs,Opus,"R2 own consistency -> send level (agent FE, lagged coop): keyword",0.0059,-0.0008,0.0127,0.0837,1.0,54.0,616.0,not estimable: ceiling,"outcome sd 0.046, modal share 0.93; feature mean 0.01",1.0
frontier,all settings,all Sol runs,Sol,"R2 own consistency -> send level (agent FE, lagged coop): keyword",0.0034,-0.0336,0.0403,0.8583,1.0,54.0,616.0,no detectable effect,"outcome sd 0.163, modal share 0.77; feature mean 0.08",1.0
frontier,all settings,all runs,all,"R2 own consistency -> send level (agent FE, lagged coop): keyword",0.0029,-0.0194,0.0253,0.7961,1.0,106.0,1808.0,no detectable effect,"outcome sd 0.106, modal share 0.89; feature mean 0.04",1.0
frontier,2-agent homogeneous,Sol dyads,Sol,"R2 own consistency -> send level (agent FE, lagged coop): keyword",0.0591,-0.048,0.1662,0.2792,1.0,10.0,80.0,no detectable effect,"outcome sd 0.205, modal share 0.33; feature mean 0.13",1.0
frontier,2-agent mixed,"mixed dyads, Opus members",Opus,"R2 own consistency -> send level (agent FE, lagged coop): keyword",0.0005,-0.001,0.002,0.5426,1.0,24.0,96.0,not estimable: ceiling,"outcome sd 0.052, modal share 0.93; feature mean 0.03",1.0
frontier,2-agent mixed,"mixed dyads, Sol members",Sol,"R2 own consistency -> send level (agent FE, lagged coop): keyword",-0.0168,-0.0359,0.0024,0.0856,1.0,24.0,96.0,no detectable effect,"outcome sd 0.074, modal share 0.87; feature mean 0.05",1.0
frontier,8-agent homogeneous,8 Opus,Opus,"R2 own consistency -> send level (agent FE, lagged coop): keyword",0.0093,-0.0016,0.0203,0.0953,1.0,10.0,320.0,not estimable: ceiling,"outcome sd 0.042, modal share 0.94; feature mean 0.02",1.0
frontier,8-agent homogeneous,8 Sol,Sol,"R2 own consistency -> send level (agent FE, lagged coop): keyword",-0.0104,-0.0449,0.024,0.5534,1.0,10.0,320.0,no detectable effect,"outcome sd 0.171, modal share 0.78; feature mean 0.10",1.0
frontier,8-agent mixed,2 GeminiPro + 3 Opus + 3 Sol,Opus,"R2 own consistency -> send level (agent FE, lagged coop): keyword",-0.0079,-0.027,0.0111,0.4149,1.0,10.0,120.0,underpowered,"outcome sd 0.057, modal share 0.90; feature mean 0.01",1.0
frontier,8-agent mixed,2 GeminiPro + 3 Opus + 3 Sol,Sol,"R2 own consistency -> send level (agent FE, lagged coop): keyword",-0.0188,-0.0412,0.0037,0.1015,1.0,10.0,120.0,not estimable: ceiling,"outcome sd 0.093, modal share 0.94; feature mean 0.04",1.0
frontier,all settings,all GeminiPro runs,GeminiPro,"R2 own consistency -> send level (agent FE, lagged coop): keyword",,,,,,,,not estimable: ceiling,sends $5 almost always,
frontier,2-agent homogeneous,GeminiPro dyads,GeminiPro,"R2 own consistency -> send level (agent FE, lagged coop): keyword",,,,,,,,not estimable: ceiling,sends $5 almost always,
frontier,2-agent mixed,"mixed dyads, GeminiPro members",GeminiPro,"R2 own consistency -> send level (agent FE, lagged coop): keyword",,,,,,,,not estimable: ceiling,sends $5 almost always,
frontier,8-agent homogeneous,8 GeminiPro,GeminiPro,"R2 own consistency -> send level (agent FE, lagged coop): keyword",,,,,,,,not estimable: ceiling,sends $5 almost always,
frontier,8-agent mixed,2 GeminiPro + 3 Opus + 3 Sol,GeminiPro,"R2 own consistency -> send level (agent FE, lagged coop): keyword",,,,,,,,not estimable: ceiling,sends $5 almost always,
frontier,all settings,all Opus runs,Opus,"R2 own consistency -> send level (agent FE, lagged coop): embedding score (sd)",0.0007,-0.0008,0.0022,0.3598,1.0,54.0,616.0,not estimable: ceiling,"outcome sd 0.046, modal share 0.93; feature mean -0.40",1.0
frontier,all settings,all Sol runs,Sol,"R2 own consistency -> send level (agent FE, lagged coop): embedding score (sd)",-0.0032,-0.0128,0.0065,0.5242,1.0,54.0,616.0,no detectable effect,"outcome sd 0.163, modal share 0.77; feature mean -1.74",1.0
frontier,all settings,all runs,all,"R2 own consistency -> send level (agent FE, lagged coop): embedding score (sd)",-0.0016,-0.0052,0.002,0.3937,1.0,106.0,1808.0,no detectable effect,"outcome sd 0.106, modal share 0.89; feature mean -1.11",1.0
frontier,2-agent homogeneous,Opus dyads,Opus,"R2 own consistency -> send level (agent FE, lagged coop): embedding score (sd)",-0.0017,-0.0053,0.0018,0.3378,1.0,10.0,80.0,not estimable: ceiling,"outcome sd 0.037, modal share 0.98; feature mean -0.52",1.0
frontier,2-agent homogeneous,Sol dyads,Sol,"R2 own consistency -> send level (agent FE, lagged coop): embedding score (sd)",0.0031,-0.0213,0.0276,0.8007,1.0,10.0,80.0,no detectable effect,"outcome sd 0.205, modal share 0.33; feature mean -1.67",1.0
frontier,2-agent mixed,"mixed dyads, Opus members",Opus,"R2 own consistency -> send level (agent FE, lagged coop): embedding score (sd)",0.0021,-0.0021,0.0064,0.3256,1.0,24.0,96.0,not estimable: ceiling,"outcome sd 0.052, modal share 0.93; feature mean -0.40",1.0
frontier,2-agent mixed,"mixed dyads, Sol members",Sol,"R2 own consistency -> send level (agent FE, lagged coop): embedding score (sd)",0.001,-0.0132,0.0152,0.8939,1.0,24.0,96.0,no detectable effect,"outcome sd 0.074, modal share 0.87; feature mean -1.40",1.0
frontier,8-agent homogeneous,8 Opus,Opus,"R2 own consistency -> send level (agent FE, lagged coop): embedding score (sd)",0.0002,-0.0012,0.0015,0.7796,1.0,10.0,320.0,not estimable: ceiling,"outcome sd 0.042, modal share 0.94; feature mean -0.32",1.0
frontier,8-agent homogeneous,8 Sol,Sol,"R2 own consistency -> send level (agent FE, lagged coop): embedding score (sd)",-0.0099,-0.0203,0.0006,0.0635,1.0,10.0,320.0,no detectable effect,"outcome sd 0.171, modal share 0.78; feature mean -1.91",1.0
frontier,8-agent mixed,2 GeminiPro + 3 Opus + 3 Sol,Opus,"R2 own consistency -> send level (agent FE, lagged coop): embedding score (sd)",0.0011,-0.0091,0.0113,0.8343,1.0,10.0,120.0,no detectable effect,"outcome sd 0.057, modal share 0.90; feature mean -0.54",1.0
frontier,8-agent mixed,2 GeminiPro + 3 Opus + 3 Sol,Sol,"R2 own consistency -> send level (agent FE, lagged coop): embedding score (sd)",0.0151,-0.017,0.0472,0.3579,1.0,10.0,120.0,not estimable: ceiling,"outcome sd 0.093, modal share 0.94; feature mean -1.61",1.0
frontier,all settings,all GeminiPro runs,GeminiPro,"R2 own consistency -> send level (agent FE, lagged coop): embedding score (sd)",,,,,,,,not estimable: ceiling,sends $5 almost always,
frontier,2-agent homogeneous,GeminiPro dyads,GeminiPro,"R2 own consistency -> send level (agent FE, lagged coop): embedding score (sd)",,,,,,,,not estimable: ceiling,sends $5 almost always,
frontier,2-agent mixed,"mixed dyads, GeminiPro members",GeminiPro,"R2 own consistency -> send level (agent FE, lagged coop): embedding score (sd)",,,,,,,,not estimable: ceiling,sends $5 almost always,
frontier,8-agent homogeneous,8 GeminiPro,GeminiPro,"R2 own consistency -> send level (agent FE, lagged coop): embedding score (sd)",,,,,,,,not estimable: ceiling,sends $5 almost always,
frontier,8-agent mixed,2 GeminiPro + 3 Opus + 3 Sol,GeminiPro,"R2 own consistency -> send level (agent FE, lagged coop): embedding score (sd)",,,,,,,,not estimable: ceiling,sends $5 almost always,
frontier,all settings,all Opus runs,Opus,"R2 own consistency -> return proportion (agent FE, lagged coop): GLM judge flag",-0.0082,-0.016,-0.0003,0.0408,1.0,54.0,616.0,suggestive,"outcome sd 0.048, modal share 0.11; feature mean 0.75",1.0
frontier,all settings,all Sol runs,Sol,"R2 own consistency -> return proportion (agent FE, lagged coop): GLM judge flag",-0.0038,-0.0126,0.005,0.3986,1.0,54.0,616.0,no detectable effect,"outcome sd 0.081, modal share 0.03; feature mean 0.67",1.0
frontier,all settings,all GeminiPro runs,GeminiPro,"R2 own consistency -> return proportion (agent FE, lagged coop): GLM judge flag",-0.0125,-0.0269,0.0019,0.0891,0.9801,54.0,576.0,no detectable effect,"outcome sd 0.035, modal share 0.03; feature mean 0.86",1.0
frontier,all settings,all runs,all,"R2 own consistency -> return proportion (agent FE, lagged coop): GLM judge flag",-0.0051,-0.0106,0.0003,0.0665,1.0,106.0,1808.0,no detectable effect,"outcome sd 0.070, modal share 0.04; feature mean 0.76",1.0
frontier,2-agent homogeneous,GeminiPro dyads,GeminiPro,"R2 own consistency -> return proportion (agent FE, lagged coop): GLM judge flag",0.0383,0.0146,0.062,0.0015,0.0184,10.0,80.0,yes,"outcome sd 0.030, modal share 0.05; feature mean 0.93",0.393
frontier,2-agent homogeneous,Opus dyads,Opus,"R2 own consistency -> return proportion (agent FE, lagged coop): GLM judge flag",0.0018,-0.0343,0.0378,0.9234,1.0,10.0,80.0,no detectable effect,"outcome sd 0.054, modal share 0.19; feature mean 0.78",1.0
frontier,2-agent homogeneous,Sol dyads,Sol,"R2 own consistency -> return proportion (agent FE, lagged coop): GLM judge flag",0.0163,-0.0323,0.065,0.5107,1.0,10.0,80.0,no detectable effect,"outcome sd 0.093, modal share 0.03; feature mean 0.80",1.0
frontier,2-agent mixed,"mixed dyads, GeminiPro members",GeminiPro,"R2 own consistency -> return proportion (agent FE, lagged coop): GLM judge flag",0.0196,-0.0193,0.0586,0.3224,1.0,24.0,96.0,no detectable effect,"outcome sd 0.034, modal share 0.05; feature mean 0.90",1.0
frontier,2-agent mixed,"mixed dyads, Opus members",Opus,"R2 own consistency -> return proportion (agent FE, lagged coop): GLM judge flag",-0.0036,-0.0254,0.0182,0.7461,1.0,24.0,96.0,no detectable effect,"outcome sd 0.059, modal share 0.11; feature mean 0.86",1.0
frontier,2-agent mixed,"mixed dyads, Sol members",Sol,"R2 own consistency -> return proportion (agent FE, lagged coop): GLM judge flag",0.0032,-0.0128,0.0191,0.6983,1.0,24.0,96.0,no detectable effect,"outcome sd 0.047, modal share 0.06; feature mean 0.88",1.0
frontier,8-agent homogeneous,8 GeminiPro,GeminiPro,"R2 own consistency -> return proportion (agent FE, lagged coop): GLM judge flag",-0.0164,-0.0363,0.0035,0.1067,0.8537,10.0,320.0,no detectable effect,"outcome sd 0.033, modal share 0.03; feature mean 0.87",1.0
frontier,8-agent homogeneous,8 Opus,Opus,"R2 own consistency -> return proportion (agent FE, lagged coop): GLM judge flag",-0.01,-0.0205,0.0005,0.062,1.0,10.0,320.0,no detectable effect,"outcome sd 0.042, modal share 0.10; feature mean 0.72",1.0
frontier,8-agent homogeneous,8 Sol,Sol,"R2 own consistency -> return proportion (agent FE, lagged coop): GLM judge flag",-0.0027,-0.0157,0.0102,0.6811,1.0,10.0,320.0,no detectable effect,"outcome sd 0.084, modal share 0.03; feature mean 0.60",1.0
frontier,8-agent mixed,2 GeminiPro + 3 Opus + 3 Sol,GeminiPro,"R2 own consistency -> return proportion (agent FE, lagged coop): GLM judge flag",-0.0157,-0.0468,0.0153,0.3206,1.0,10.0,80.0,no detectable effect,"outcome sd 0.045, modal share 0.12; feature mean 0.74",1.0
frontier,8-agent mixed,2 GeminiPro + 3 Opus + 3 Sol,Opus,"R2 own consistency -> return proportion (agent FE, lagged coop): GLM judge flag",-0.0181,-0.0334,-0.0027,0.0215,0.6032,10.0,120.0,suggestive,"outcome sd 0.040, modal share 0.09; feature mean 0.70",1.0
frontier,8-agent mixed,2 GeminiPro + 3 Opus + 3 Sol,Sol,"R2 own consistency -> return proportion (agent FE, lagged coop): GLM judge flag",-0.0091,-0.0223,0.0041,0.1761,1.0,10.0,120.0,no detectable effect,"outcome sd 0.054, modal share 0.08; feature mean 0.62",1.0
frontier,all settings,all Opus runs,Opus,"R2 own consistency -> return proportion (agent FE, lagged coop): keyword",-0.0007,-0.0262,0.0248,0.9562,1.0,54.0,616.0,underpowered,"outcome sd 0.048, modal share 0.11; feature mean 0.01",1.0
frontier,all settings,all Sol runs,Sol,"R2 own consistency -> return proportion (agent FE, lagged coop): keyword",-0.0024,-0.0125,0.0077,0.6474,1.0,54.0,616.0,no detectable effect,"outcome sd 0.081, modal share 0.03; feature mean 0.08",1.0
frontier,all settings,all GeminiPro runs,GeminiPro,"R2 own consistency -> return proportion (agent FE, lagged coop): keyword",0.0058,-0.0056,0.0171,0.3193,1.0,54.0,576.0,no detectable effect,"outcome sd 0.035, modal share 0.03; feature mean 0.04",1.0
frontier,all settings,all runs,all,"R2 own consistency -> return proportion (agent FE, lagged coop): keyword",0.0008,-0.0058,0.0074,0.8093,1.0,106.0,1808.0,no detectable effect,"outcome sd 0.070, modal share 0.04; feature mean 0.04",1.0
frontier,2-agent homogeneous,GeminiPro dyads,GeminiPro,"R2 own consistency -> return proportion (agent FE, lagged coop): keyword",-0.0019,-0.0252,0.0214,0.873,1.0,10.0,80.0,underpowered,"outcome sd 0.030, modal share 0.05; feature mean 0.03",1.0
frontier,2-agent homogeneous,Sol dyads,Sol,"R2 own consistency -> return proportion (agent FE, lagged coop): keyword",-0.0024,-0.0418,0.037,0.9067,1.0,10.0,80.0,no detectable effect,"outcome sd 0.093, modal share 0.03; feature mean 0.08",1.0
frontier,2-agent mixed,"mixed dyads, GeminiPro members",GeminiPro,"R2 own consistency -> return proportion (agent FE, lagged coop): keyword",0.0278,0.0048,0.0509,0.0179,0.2151,24.0,96.0,suggestive,"outcome sd 0.034, modal share 0.05; feature mean 0.05",1.0
frontier,2-agent mixed,"mixed dyads, Opus members",Opus,"R2 own consistency -> return proportion (agent FE, lagged coop): keyword",-0.0141,-0.0286,0.0004,0.0561,1.0,24.0,96.0,underpowered,"outcome sd 0.059, modal share 0.11; feature mean 0.03",1.0
frontier,2-agent mixed,"mixed dyads, Sol members",Sol,"R2 own consistency -> return proportion (agent FE, lagged coop): keyword",-0.0013,-0.0188,0.0163,0.8867,1.0,24.0,96.0,no detectable effect,"outcome sd 0.047, modal share 0.06; feature mean 0.04",1.0
frontier,8-agent homogeneous,8 GeminiPro,GeminiPro,"R2 own consistency -> return proportion (agent FE, lagged coop): keyword",0.0014,-0.012,0.0148,0.8381,1.0,10.0,320.0,underpowered,"outcome sd 0.033, modal share 0.03; feature mean 0.03",1.0
frontier,8-agent homogeneous,8 Opus,Opus,"R2 own consistency -> return proportion (agent FE, lagged coop): keyword",0.0213,0.0073,0.0353,0.0028,0.0826,10.0,320.0,underpowered,"outcome sd 0.042, modal share 0.10; feature mean 0.01",0.7308
frontier,8-agent homogeneous,8 Sol,Sol,"R2 own consistency -> return proportion (agent FE, lagged coop): keyword",-0.0046,-0.017,0.0078,0.4683,1.0,10.0,320.0,no detectable effect,"outcome sd 0.084, modal share 0.03; feature mean 0.11",1.0
frontier,8-agent mixed,2 GeminiPro + 3 Opus + 3 Sol,GeminiPro,"R2 own consistency -> return proportion (agent FE, lagged coop): keyword",-0.0153,-0.0347,0.004,0.1198,1.0,10.0,80.0,no detectable effect,"outcome sd 0.045, modal share 0.12; feature mean 0.07",1.0
frontier,8-agent mixed,2 GeminiPro + 3 Opus + 3 Sol,Opus,"R2 own consistency -> return proportion (agent FE, lagged coop): keyword",-0.0154,-0.0788,0.048,0.6331,1.0,10.0,120.0,underpowered,"outcome sd 0.040, modal share 0.09; feature mean 0.01",1.0
frontier,8-agent mixed,2 GeminiPro + 3 Opus + 3 Sol,Sol,"R2 own consistency -> return proportion (agent FE, lagged coop): keyword",0.0422,-0.011,0.0954,0.1197,1.0,10.0,120.0,underpowered,"outcome sd 0.054, modal share 0.08; feature mean 0.03",1.0
frontier,all settings,all Opus runs,Opus,"R2 own consistency -> return proportion (agent FE, lagged coop): embedding score (sd)",0.0017,-0.0019,0.0053,0.3507,1.0,54.0,616.0,no detectable effect,"outcome sd 0.048, modal share 0.11; feature mean -0.40",1.0
frontier,all settings,all Sol runs,Sol,"R2 own consistency -> return proportion (agent FE, lagged coop): embedding score (sd)",-0.0039,-0.0104,0.0025,0.2323,1.0,54.0,616.0,no detectable effect,"outcome sd 0.081, modal share 0.03; feature mean -1.75",1.0
frontier,all settings,all GeminiPro runs,GeminiPro,"R2 own consistency -> return proportion (agent FE, lagged coop): embedding score (sd)",0.003,-0.0015,0.0075,0.1954,1.0,54.0,576.0,no detectable effect,"outcome sd 0.035, modal share 0.03; feature mean -1.25",1.0
frontier,all settings,all runs,all,"R2 own consistency -> return proportion (agent FE, lagged coop): embedding score (sd)",0.0001,-0.0029,0.0032,0.9282,1.0,106.0,1808.0,no detectable effect,"outcome sd 0.070, modal share 0.04; feature mean -1.13",1.0
frontier,2-agent homogeneous,GeminiPro dyads,GeminiPro,"R2 own consistency -> return proportion (agent FE, lagged coop): embedding score (sd)",-0.0129,-0.0375,0.0117,0.3035,1.0,10.0,80.0,no detectable effect,"outcome sd 0.030, modal share 0.05; feature mean -1.24",1.0
frontier,2-agent homogeneous,Opus dyads,Opus,"R2 own consistency -> return proportion (agent FE, lagged coop): embedding score (sd)",0.0046,-0.0021,0.0113,0.1746,1.0,10.0,80.0,no detectable effect,"outcome sd 0.054, modal share 0.19; feature mean -0.52",1.0
frontier,2-agent homogeneous,Sol dyads,Sol,"R2 own consistency -> return proportion (agent FE, lagged coop): embedding score (sd)",0.0043,-0.0319,0.0404,0.8174,1.0,10.0,80.0,no detectable effect,"outcome sd 0.093, modal share 0.03; feature mean -1.74",1.0
frontier,2-agent mixed,"mixed dyads, GeminiPro members",GeminiPro,"R2 own consistency -> return proportion (agent FE, lagged coop): embedding score (sd)",0.0013,-0.0123,0.0148,0.8538,1.0,24.0,96.0,no detectable effect,"outcome sd 0.034, modal share 0.05; feature mean -1.21",1.0
frontier,2-agent mixed,"mixed dyads, Opus members",Opus,"R2 own consistency -> return proportion (agent FE, lagged coop): embedding score (sd)",-0.0033,-0.0113,0.0047,0.4204,1.0,24.0,96.0,no detectable effect,"outcome sd 0.059, modal share 0.11; feature mean -0.48",1.0
frontier,2-agent mixed,"mixed dyads, Sol members",Sol,"R2 own consistency -> return proportion (agent FE, lagged coop): embedding score (sd)",0.0021,-0.005,0.0091,0.5653,1.0,24.0,96.0,no detectable effect,"outcome sd 0.047, modal share 0.06; feature mean -1.50",1.0
frontier,8-agent homogeneous,8 GeminiPro,GeminiPro,"R2 own consistency -> return proportion (agent FE, lagged coop): embedding score (sd)",0.0044,0.0005,0.0084,0.029,0.3195,10.0,320.0,suggestive,"outcome sd 0.033, modal share 0.03; feature mean -1.29",1.0
frontier,8-agent homogeneous,8 Opus,Opus,"R2 own consistency -> return proportion (agent FE, lagged coop): embedding score (sd)",0.0041,-0.0012,0.0095,0.1298,1.0,10.0,320.0,no detectable effect,"outcome sd 0.042, modal share 0.10; feature mean -0.30",1.0
frontier,8-agent homogeneous,8 Sol,Sol,"R2 own consistency -> return proportion (agent FE, lagged coop): embedding score (sd)",-0.0066,-0.0158,0.0027,0.163,1.0,10.0,320.0,no detectable effect,"outcome sd 0.084, modal share 0.03; feature mean -1.87",1.0
frontier,8-agent mixed,2 GeminiPro + 3 Opus + 3 Sol,GeminiPro,"R2 own consistency -> return proportion (agent FE, lagged coop): embedding score (sd)",0.0004,-0.0111,0.0119,0.9451,1.0,10.0,80.0,no detectable effect,"outcome sd 0.045, modal share 0.12; feature mean -1.11",1.0
frontier,8-agent mixed,2 GeminiPro + 3 Opus + 3 Sol,Opus,"R2 own consistency -> return proportion (agent FE, lagged coop): embedding score (sd)",-0.0073,-0.0152,0.0005,0.0672,1.0,10.0,120.0,no detectable effect,"outcome sd 0.040, modal share 0.09; feature mean -0.53",1.0
frontier,8-agent mixed,2 GeminiPro + 3 Opus + 3 Sol,Sol,"R2 own consistency -> return proportion (agent FE, lagged coop): embedding score (sd)",-0.0087,-0.0218,0.0044,0.1916,1.0,10.0,120.0,no detectable effect,"outcome sd 0.054, modal share 0.08; feature mean -1.66",1.0
frontier,all settings,all Opus runs,Opus,R2 own consistency -> |change in send| (stability): GLM judge flag,-0.0021,-0.0076,0.0033,0.4413,1.0,54.0,616.0,no detectable effect,"outcome sd 0.070, modal share 0.88; feature mean 0.73",1.0
frontier,all settings,all Sol runs,Sol,R2 own consistency -> |change in send| (stability): GLM judge flag,-0.0039,-0.0176,0.0098,0.5729,1.0,54.0,616.0,no detectable effect,"outcome sd 0.127, modal share 0.77; feature mean 0.71",1.0
frontier,all settings,all runs,all,R2 own consistency -> |change in send| (stability): GLM judge flag,-0.002,-0.0082,0.0042,0.5235,1.0,106.0,1808.0,no detectable effect,"outcome sd 0.092, modal share 0.87; feature mean 0.77",1.0
frontier,2-agent homogeneous,Opus dyads,Opus,R2 own consistency -> |change in send| (stability): GLM judge flag,-0.0116,-0.0306,0.0073,0.2289,1.0,10.0,80.0,not estimable: ceiling,"outcome sd 0.054, modal share 0.91; feature mean 0.80",1.0
frontier,2-agent homogeneous,Sol dyads,Sol,R2 own consistency -> |change in send| (stability): GLM judge flag,-0.056,-0.1567,0.0446,0.2751,1.0,10.0,80.0,no detectable effect,"outcome sd 0.093, modal share 0.50; feature mean 0.80",1.0
frontier,2-agent mixed,"mixed dyads, Opus members",Opus,R2 own consistency -> |change in send| (stability): GLM judge flag,-0.0071,-0.0197,0.0055,0.2687,1.0,24.0,96.0,no detectable effect,"outcome sd 0.066, modal share 0.90; feature mean 0.84",1.0
frontier,2-agent mixed,"mixed dyads, Sol members",Sol,R2 own consistency -> |change in send| (stability): GLM judge flag,0.0018,-0.0269,0.0305,0.903,1.0,24.0,96.0,no detectable effect,"outcome sd 0.107, modal share 0.82; feature mean 0.82",1.0
frontier,8-agent homogeneous,8 Opus,Opus,R2 own consistency -> |change in send| (stability): GLM judge flag,-0.0004,-0.0069,0.0061,0.9024,1.0,10.0,320.0,no detectable effect,"outcome sd 0.075, modal share 0.87; feature mean 0.70",1.0
frontier,8-agent homogeneous,8 Sol,Sol,R2 own consistency -> |change in send| (stability): GLM judge flag,0.001,-0.0144,0.0163,0.9031,1.0,10.0,320.0,no detectable effect,"outcome sd 0.138, modal share 0.78; feature mean 0.65",1.0
frontier,8-agent mixed,2 GeminiPro + 3 Opus + 3 Sol,Opus,R2 own consistency -> |change in send| (stability): GLM judge flag,0.0002,-0.0129,0.0132,0.9813,1.0,10.0,120.0,no detectable effect,"outcome sd 0.066, modal share 0.85; feature mean 0.68",1.0
frontier,8-agent mixed,2 GeminiPro + 3 Opus + 3 Sol,Sol,R2 own consistency -> |change in send| (stability): GLM judge flag,-0.007,-0.0261,0.0121,0.4721,1.0,10.0,120.0,no detectable effect,"outcome sd 0.130, modal share 0.88; feature mean 0.72",1.0
frontier,all settings,all GeminiPro runs,GeminiPro,R2 own consistency -> |change in send| (stability): GLM judge flag,,,,,,,,not estimable: ceiling,sends $5 almost always,
frontier,2-agent homogeneous,GeminiPro dyads,GeminiPro,R2 own consistency -> |change in send| (stability): GLM judge flag,,,,,,,,not estimable: ceiling,sends $5 almost always,
frontier,2-agent mixed,"mixed dyads, GeminiPro members",GeminiPro,R2 own consistency -> |change in send| (stability): GLM judge flag,,,,,,,,not estimable: ceiling,sends $5 almost always,
frontier,8-agent homogeneous,8 GeminiPro,GeminiPro,R2 own consistency -> |change in send| (stability): GLM judge flag,,,,,,,,not estimable: ceiling,sends $5 almost always,
frontier,8-agent mixed,2 GeminiPro + 3 Opus + 3 Sol,GeminiPro,R2 own consistency -> |change in send| (stability): GLM judge flag,,,,,,,,not estimable: ceiling,sends $5 almost always,
frontier,all settings,all Opus runs,Opus,R2 own consistency -> |change in send| (stability): keyword,0.0071,0.0007,0.0136,0.0303,0.8774,54.0,616.0,underpowered,"outcome sd 0.070, modal share 0.88; feature mean 0.02",1.0
frontier,all settings,all Sol runs,Sol,R2 own consistency -> |change in send| (stability): keyword,0.0029,-0.0285,0.0343,0.8555,1.0,54.0,616.0,no detectable effect,"outcome sd 0.127, modal share 0.77; feature mean 0.09",1.0
frontier,all settings,all runs,all,R2 own consistency -> |change in send| (stability): keyword,0.0027,-0.0171,0.0224,0.792,1.0,106.0,1808.0,no detectable effect,"outcome sd 0.092, modal share 0.87; feature mean 0.05",1.0
frontier,2-agent homogeneous,Sol dyads,Sol,R2 own consistency -> |change in send| (stability): keyword,-0.0493,-0.1416,0.043,0.2949,1.0,10.0,80.0,no detectable effect,"outcome sd 0.093, modal share 0.50; feature mean 0.14",1.0
frontier,2-agent mixed,"mixed dyads, Opus members",Opus,R2 own consistency -> |change in send| (stability): keyword,0.0005,-0.001,0.002,0.5426,1.0,24.0,96.0,underpowered,"outcome sd 0.066, modal share 0.90; feature mean 0.02",1.0
frontier,2-agent mixed,"mixed dyads, Sol members",Sol,R2 own consistency -> |change in send| (stability): keyword,-0.0168,-0.0359,0.0024,0.0856,1.0,24.0,96.0,underpowered,"outcome sd 0.107, modal share 0.82; feature mean 0.04",1.0
frontier,8-agent homogeneous,8 Opus,Opus,R2 own consistency -> |change in send| (stability): keyword,0.0093,-0.0016,0.0203,0.0953,1.0,10.0,320.0,underpowered,"outcome sd 0.075, modal share 0.87; feature mean 0.02",1.0
frontier,8-agent homogeneous,8 Sol,Sol,R2 own consistency -> |change in send| (stability): keyword,0.028,-0.0043,0.0602,0.089,1.0,10.0,320.0,no detectable effect,"outcome sd 0.138, modal share 0.78; feature mean 0.11",1.0
frontier,8-agent mixed,2 GeminiPro + 3 Opus + 3 Sol,Opus,R2 own consistency -> |change in send| (stability): keyword,-0.0012,-0.0167,0.0144,0.8833,1.0,10.0,120.0,underpowered,"outcome sd 0.066, modal share 0.85; feature mean 0.02",1.0
frontier,8-agent mixed,2 GeminiPro + 3 Opus + 3 Sol,Sol,R2 own consistency -> |change in send| (stability): keyword,-0.0108,-0.0217,0.0001,0.0517,1.0,10.0,120.0,no detectable effect,"outcome sd 0.130, modal share 0.88; feature mean 0.05",1.0
frontier,all settings,all GeminiPro runs,GeminiPro,R2 own consistency -> |change in send| (stability): keyword,,,,,,,,not estimable: ceiling,sends $5 almost always,
frontier,2-agent homogeneous,GeminiPro dyads,GeminiPro,R2 own consistency -> |change in send| (stability): keyword,,,,,,,,not estimable: ceiling,sends $5 almost always,
frontier,2-agent mixed,"mixed dyads, GeminiPro members",GeminiPro,R2 own consistency -> |change in send| (stability): keyword,,,,,,,,not estimable: ceiling,sends $5 almost always,
frontier,8-agent homogeneous,8 GeminiPro,GeminiPro,R2 own consistency -> |change in send| (stability): keyword,,,,,,,,not estimable: ceiling,sends $5 almost always,
frontier,8-agent mixed,2 GeminiPro + 3 Opus + 3 Sol,GeminiPro,R2 own consistency -> |change in send| (stability): keyword,,,,,,,,not estimable: ceiling,sends $5 almost always,
frontier,all settings,all Opus runs,Opus,R2 own consistency -> |change in send| (stability): embedding score (sd),0.0006,-0.0008,0.002,0.426,1.0,54.0,616.0,no detectable effect,"outcome sd 0.070, modal share 0.88; feature mean -0.28",1.0
frontier,all settings,all Sol runs,Sol,R2 own consistency -> |change in send| (stability): embedding score (sd),-0.0057,-0.0144,0.0031,0.2028,1.0,54.0,616.0,no detectable effect,"outcome sd 0.127, modal share 0.77; feature mean -1.65",1.0
frontier,all settings,all runs,all,R2 own consistency -> |change in send| (stability): embedding score (sd),-0.0023,-0.0051,0.0005,0.1141,1.0,106.0,1808.0,no detectable effect,"outcome sd 0.092, modal share 0.87; feature mean -1.00",1.0
frontier,2-agent homogeneous,Opus dyads,Opus,R2 own consistency -> |change in send| (stability): embedding score (sd),-0.0017,-0.0053,0.0018,0.3378,1.0,10.0,80.0,not estimable: ceiling,"outcome sd 0.054, modal share 0.91; feature mean -0.39",1.0
frontier,2-agent homogeneous,Sol dyads,Sol,R2 own consistency -> |change in send| (stability): embedding score (sd),0.0042,-0.0204,0.0287,0.7403,1.0,10.0,80.0,no detectable effect,"outcome sd 0.093, modal share 0.50; feature mean -1.60",1.0
frontier,2-agent mixed,"mixed dyads, Opus members",Opus,R2 own consistency -> |change in send| (stability): embedding score (sd),0.0021,-0.0021,0.0064,0.3256,1.0,24.0,96.0,no detectable effect,"outcome sd 0.066, modal share 0.90; feature mean -0.28",1.0
frontier,2-agent mixed,"mixed dyads, Sol members",Sol,R2 own consistency -> |change in send| (stability): embedding score (sd),0.001,-0.0132,0.0152,0.8939,1.0,24.0,96.0,no detectable effect,"outcome sd 0.107, modal share 0.82; feature mean -1.22",1.0
frontier,8-agent homogeneous,8 Opus,Opus,R2 own consistency -> |change in send| (stability): embedding score (sd),0.0002,-0.0012,0.0015,0.7796,1.0,10.0,320.0,no detectable effect,"outcome sd 0.075, modal share 0.87; feature mean -0.20",1.0
frontier,8-agent homogeneous,8 Sol,Sol,R2 own consistency -> |change in send| (stability): embedding score (sd),-0.0075,-0.0213,0.0064,0.2918,1.0,10.0,320.0,no detectable effect,"outcome sd 0.138, modal share 0.78; feature mean -1.84",1.0
frontier,8-agent mixed,2 GeminiPro + 3 Opus + 3 Sol,Opus,R2 own consistency -> |change in send| (stability): embedding score (sd),0.0001,-0.0075,0.0077,0.9764,1.0,10.0,120.0,no detectable effect,"outcome sd 0.066, modal share 0.85; feature mean -0.43",1.0
frontier,8-agent mixed,2 GeminiPro + 3 Opus + 3 Sol,Sol,R2 own consistency -> |change in send| (stability): embedding score (sd),0.0062,-0.0082,0.0206,0.4001,1.0,10.0,120.0,no detectable effect,"outcome sd 0.130, modal share 0.88; feature mean -1.50",1.0
frontier,all settings,all GeminiPro runs,GeminiPro,R2 own consistency -> |change in send| (stability): embedding score (sd),,,,,,,,not estimable: ceiling,sends $5 almost always,
frontier,2-agent homogeneous,GeminiPro dyads,GeminiPro,R2 own consistency -> |change in send| (stability): embedding score (sd),,,,,,,,not estimable: ceiling,sends $5 almost always,
frontier,2-agent mixed,"mixed dyads, GeminiPro members",GeminiPro,R2 own consistency -> |change in send| (stability): embedding score (sd),,,,,,,,not estimable: ceiling,sends $5 almost always,
frontier,8-agent homogeneous,8 GeminiPro,GeminiPro,R2 own consistency -> |change in send| (stability): embedding score (sd),,,,,,,,not estimable: ceiling,sends $5 almost always,
frontier,8-agent mixed,2 GeminiPro + 3 Opus + 3 Sol,GeminiPro,R2 own consistency -> |change in send| (stability): embedding score (sd),,,,,,,,not estimable: ceiling,sends $5 almost always,
frontier,all settings,all Opus runs,Opus,R2 own consistency -> |change in return| (stability): GLM judge flag,-0.0031,-0.011,0.0049,0.4516,1.0,54.0,616.0,no detectable effect,"outcome sd 0.037, modal share 0.10; feature mean 0.77",1.0
frontier,all settings,all Sol runs,Sol,R2 own consistency -> |change in return| (stability): GLM judge flag,0.0014,-0.0127,0.0155,0.8433,1.0,54.0,616.0,no detectable effect,"outcome sd 0.054, modal share 0.02; feature mean 0.71",1.0
frontier,all settings,all GeminiPro runs,GeminiPro,R2 own consistency -> |change in return| (stability): GLM judge flag,-0.0018,-0.015,0.0114,0.7874,1.0,54.0,576.0,no detectable effect,"outcome sd 0.035, modal share 0.03; feature mean 0.94",1.0
frontier,all settings,all runs,all,R2 own consistency -> |change in return| (stability): GLM judge flag,-0.0003,-0.0069,0.0064,0.9358,1.0,106.0,1808.0,no detectable effect,"outcome sd 0.043, modal share 0.04; feature mean 0.80",1.0
frontier,2-agent homogeneous,GeminiPro dyads,GeminiPro,R2 own consistency -> |change in return| (stability): GLM judge flag,0.0283,-0.0037,0.0602,0.0831,0.6649,10.0,80.0,underpowered,"outcome sd 0.025, modal share 0.05; feature mean 0.99",1.0
frontier,2-agent homogeneous,Opus dyads,Opus,R2 own consistency -> |change in return| (stability): GLM judge flag,-0.0136,-0.043,0.0158,0.3638,1.0,10.0,80.0,no detectable effect,"outcome sd 0.032, modal share 0.21; feature mean 0.82",1.0
frontier,2-agent homogeneous,Sol dyads,Sol,R2 own consistency -> |change in return| (stability): GLM judge flag,-0.0268,-0.0495,-0.004,0.0212,0.7622,10.0,80.0,suggestive,"outcome sd 0.064, modal share 0.03; feature mean 0.79",1.0
frontier,2-agent mixed,"mixed dyads, GeminiPro members",GeminiPro,R2 own consistency -> |change in return| (stability): GLM judge flag,0.0021,-0.0269,0.0312,0.8849,1.0,24.0,96.0,no detectable effect,"outcome sd 0.034, modal share 0.03; feature mean 0.95",1.0
frontier,2-agent mixed,"mixed dyads, Opus members",Opus,R2 own consistency -> |change in return| (stability): GLM judge flag,-0.0158,-0.048,0.0165,0.3389,1.0,24.0,96.0,no detectable effect,"outcome sd 0.044, modal share 0.08; feature mean 0.89",1.0
frontier,2-agent mixed,"mixed dyads, Sol members",Sol,R2 own consistency -> |change in return| (stability): GLM judge flag,-0.0128,-0.0322,0.0066,0.1947,1.0,24.0,96.0,no detectable effect,"outcome sd 0.028, modal share 0.05; feature mean 0.92",1.0
frontier,8-agent homogeneous,8 GeminiPro,GeminiPro,R2 own consistency -> |change in return| (stability): GLM judge flag,0.0049,-0.0048,0.0147,0.3232,1.0,10.0,320.0,no detectable effect,"outcome sd 0.038, modal share 0.03; feature mean 0.96",1.0
frontier,8-agent homogeneous,8 Opus,Opus,R2 own consistency -> |change in return| (stability): GLM judge flag,-0.0011,-0.0129,0.0107,0.8571,1.0,10.0,320.0,no detectable effect,"outcome sd 0.037, modal share 0.08; feature mean 0.73",1.0
frontier,8-agent homogeneous,8 Sol,Sol,R2 own consistency -> |change in return| (stability): GLM judge flag,0.0082,-0.0122,0.0286,0.4292,1.0,10.0,320.0,no detectable effect,"outcome sd 0.059, modal share 0.03; feature mean 0.64",1.0
frontier,8-agent mixed,2 GeminiPro + 3 Opus + 3 Sol,GeminiPro,R2 own consistency -> |change in return| (stability): GLM judge flag,-0.0125,-0.0411,0.016,0.3885,1.0,10.0,80.0,no detectable effect,"outcome sd 0.036, modal share 0.10; feature mean 0.79",1.0
frontier,8-agent mixed,2 GeminiPro + 3 Opus + 3 Sol,Opus,R2 own consistency -> |change in return| (stability): GLM judge flag,0.0003,-0.0101,0.0107,0.9497,1.0,10.0,120.0,no detectable effect,"outcome sd 0.035, modal share 0.14; feature mean 0.72",1.0
frontier,8-agent mixed,2 GeminiPro + 3 Opus + 3 Sol,Sol,R2 own consistency -> |change in return| (stability): GLM judge flag,-0.0063,-0.0267,0.0142,0.5499,1.0,10.0,120.0,no detectable effect,"outcome sd 0.042, modal share 0.07; feature mean 0.66",1.0
frontier,all settings,all Opus runs,Opus,R2 own consistency -> |change in return| (stability): keyword,0.0073,-0.0088,0.0234,0.3752,1.0,54.0,616.0,underpowered,"outcome sd 0.037, modal share 0.10; feature mean 0.01",1.0
frontier,all settings,all Sol runs,Sol,R2 own consistency -> |change in return| (stability): keyword,-0.0058,-0.0153,0.0037,0.2334,1.0,54.0,616.0,no detectable effect,"outcome sd 0.054, modal share 0.02; feature mean 0.09",1.0
frontier,all settings,all GeminiPro runs,GeminiPro,R2 own consistency -> |change in return| (stability): keyword,-0.0102,-0.0294,0.009,0.2972,1.0,54.0,576.0,no detectable effect,"outcome sd 0.035, modal share 0.03; feature mean 0.04",1.0
frontier,all settings,all runs,all,R2 own consistency -> |change in return| (stability): keyword,-0.0042,-0.0127,0.0042,0.3236,1.0,106.0,1808.0,no detectable effect,"outcome sd 0.043, modal share 0.04; feature mean 0.05",1.0
frontier,2-agent homogeneous,GeminiPro dyads,GeminiPro,R2 own consistency -> |change in return| (stability): keyword,0.0146,-0.0324,0.0617,0.5428,1.0,10.0,80.0,underpowered,"outcome sd 0.025, modal share 0.05; feature mean 0.04",1.0
frontier,2-agent homogeneous,Sol dyads,Sol,R2 own consistency -> |change in return| (stability): keyword,-0.0086,-0.0286,0.0114,0.398,1.0,10.0,80.0,no detectable effect,"outcome sd 0.064, modal share 0.03; feature mean 0.09",1.0
frontier,2-agent mixed,"mixed dyads, GeminiPro members",GeminiPro,R2 own consistency -> |change in return| (stability): keyword,0.0057,-0.0225,0.034,0.6897,1.0,24.0,96.0,no detectable effect,"outcome sd 0.034, modal share 0.03; feature mean 0.06",1.0
frontier,2-agent mixed,"mixed dyads, Opus members",Opus,R2 own consistency -> |change in return| (stability): keyword,0.0013,-0.0155,0.0181,0.8799,1.0,24.0,96.0,underpowered,"outcome sd 0.044, modal share 0.08; feature mean 0.02",1.0
frontier,2-agent mixed,"mixed dyads, Sol members",Sol,R2 own consistency -> |change in return| (stability): keyword,-0.0072,-0.0292,0.0148,0.5213,1.0,24.0,96.0,underpowered,"outcome sd 0.028, modal share 0.05; feature mean 0.04",1.0
frontier,8-agent homogeneous,8 GeminiPro,GeminiPro,R2 own consistency -> |change in return| (stability): keyword,-0.0372,-0.0725,-0.002,0.0385,0.3467,10.0,320.0,underpowered,"outcome sd 0.038, modal share 0.03; feature mean 0.03",1.0
frontier,8-agent homogeneous,8 Opus,Opus,R2 own consistency -> |change in return| (stability): keyword,0.0149,-0.0163,0.0462,0.3491,1.0,10.0,320.0,underpowered,"outcome sd 0.037, modal share 0.08; feature mean 0.01",1.0
frontier,8-agent homogeneous,8 Sol,Sol,R2 own consistency -> |change in return| (stability): keyword,-0.003,-0.0146,0.0086,0.6075,1.0,10.0,320.0,no detectable effect,"outcome sd 0.059, modal share 0.03; feature mean 0.12",1.0
frontier,8-agent mixed,2 GeminiPro + 3 Opus + 3 Sol,GeminiPro,R2 own consistency -> |change in return| (stability): keyword,-0.0036,-0.0389,0.0317,0.8414,1.0,10.0,80.0,no detectable effect,"outcome sd 0.036, modal share 0.10; feature mean 0.09",1.0
frontier,8-agent mixed,2 GeminiPro + 3 Opus + 3 Sol,Opus,R2 own consistency -> |change in return| (stability): keyword,0.0022,-0.0148,0.0192,0.797,1.0,10.0,120.0,underpowered,"outcome sd 0.035, modal share 0.14; feature mean 0.02",1.0
frontier,8-agent mixed,2 GeminiPro + 3 Opus + 3 Sol,Sol,R2 own consistency -> |change in return| (stability): keyword,0.0025,-0.0283,0.0333,0.8748,1.0,10.0,120.0,underpowered,"outcome sd 0.042, modal share 0.07; feature mean 0.03",1.0
frontier,all settings,all Opus runs,Opus,R2 own consistency -> |change in return| (stability): embedding score (sd),-0.0022,-0.006,0.0015,0.2443,1.0,54.0,616.0,no detectable effect,"outcome sd 0.037, modal share 0.10; feature mean -0.27",1.0
frontier,all settings,all Sol runs,Sol,R2 own consistency -> |change in return| (stability): embedding score (sd),-0.0004,-0.0062,0.0053,0.8829,1.0,54.0,616.0,no detectable effect,"outcome sd 0.054, modal share 0.02; feature mean -1.71",1.0
frontier,all settings,all GeminiPro runs,GeminiPro,R2 own consistency -> |change in return| (stability): embedding score (sd),-0.003,-0.0064,0.0004,0.08,0.9596,54.0,576.0,no detectable effect,"outcome sd 0.035, modal share 0.03; feature mean -1.15",1.0
frontier,all settings,all runs,all,R2 own consistency -> |change in return| (stability): embedding score (sd),-0.002,-0.0046,0.0006,0.1271,1.0,106.0,1808.0,no detectable effect,"outcome sd 0.043, modal share 0.04; feature mean -1.04",1.0
frontier,2-agent homogeneous,GeminiPro dyads,GeminiPro,R2 own consistency -> |change in return| (stability): embedding score (sd),0.0161,-0.0005,0.0327,0.0573,0.5156,10.0,80.0,no detectable effect,"outcome sd 0.025, modal share 0.05; feature mean -1.13",1.0
frontier,2-agent homogeneous,Opus dyads,Opus,R2 own consistency -> |change in return| (stability): embedding score (sd),-0.0069,-0.0178,0.0041,0.2206,1.0,10.0,80.0,no detectable effect,"outcome sd 0.032, modal share 0.21; feature mean -0.35",1.0
frontier,2-agent homogeneous,Sol dyads,Sol,R2 own consistency -> |change in return| (stability): embedding score (sd),0.0025,-0.0134,0.0185,0.7542,1.0,10.0,80.0,no detectable effect,"outcome sd 0.064, modal share 0.03; feature mean -1.74",1.0
frontier,2-agent mixed,"mixed dyads, GeminiPro members",GeminiPro,R2 own consistency -> |change in return| (stability): embedding score (sd),-0.0091,-0.0189,0.0006,0.0666,0.666,24.0,96.0,no detectable effect,"outcome sd 0.034, modal share 0.03; feature mean -1.21",1.0
frontier,2-agent mixed,"mixed dyads, Opus members",Opus,R2 own consistency -> |change in return| (stability): embedding score (sd),-0.0007,-0.0109,0.0094,0.8851,1.0,24.0,96.0,no detectable effect,"outcome sd 0.044, modal share 0.08; feature mean -0.36",1.0
frontier,2-agent mixed,"mixed dyads, Sol members",Sol,R2 own consistency -> |change in return| (stability): embedding score (sd),0.0047,-0.0051,0.0145,0.3486,1.0,24.0,96.0,no detectable effect,"outcome sd 0.028, modal share 0.05; feature mean -1.44",1.0
frontier,8-agent homogeneous,8 GeminiPro,GeminiPro,R2 own consistency -> |change in return| (stability): embedding score (sd),-0.0007,-0.0039,0.0024,0.6427,1.0,10.0,320.0,no detectable effect,"outcome sd 0.038, modal share 0.03; feature mean -1.18",1.0
frontier,8-agent homogeneous,8 Opus,Opus,R2 own consistency -> |change in return| (stability): embedding score (sd),-0.0019,-0.0082,0.0043,0.5393,1.0,10.0,320.0,no detectable effect,"outcome sd 0.037, modal share 0.08; feature mean -0.15",1.0
frontier,8-agent homogeneous,8 Sol,Sol,R2 own consistency -> |change in return| (stability): embedding score (sd),-0.003,-0.0129,0.0069,0.5486,1.0,10.0,320.0,no detectable effect,"outcome sd 0.059, modal share 0.03; feature mean -1.84",1.0
frontier,8-agent mixed,2 GeminiPro + 3 Opus + 3 Sol,GeminiPro,R2 own consistency -> |change in return| (stability): embedding score (sd),-0.0042,-0.0111,0.0028,0.2418,1.0,10.0,80.0,no detectable effect,"outcome sd 0.036, modal share 0.10; feature mean -0.96",1.0
frontier,8-agent mixed,2 GeminiPro + 3 Opus + 3 Sol,Opus,R2 own consistency -> |change in return| (stability): embedding score (sd),0.0006,-0.0072,0.0083,0.8878,1.0,10.0,120.0,no detectable effect,"outcome sd 0.035, modal share 0.14; feature mean -0.46",1.0
frontier,8-agent mixed,2 GeminiPro + 3 Opus + 3 Sol,Sol,R2 own consistency -> |change in return| (stability): embedding score (sd),-0.0006,-0.0106,0.0093,0.9054,1.0,10.0,120.0,no detectable effect,"outcome sd 0.042, modal share 0.07; feature mean -1.57",1.0
frontier,all settings,all Sol runs,Sol,R2 own consistency -> cut after a letdown: GLM judge flag,0.0924,-0.0497,0.2345,0.2027,1.0,23.0,107.0,no detectable effect,"outcome sd 0.279, modal share 0.92; feature mean 0.48",1.0
frontier,all settings,all runs,all,R2 own consistency -> cut after a letdown: GLM judge flag,0.0924,-0.0487,0.2335,0.1994,1.0,29.0,115.0,no detectable effect,"outcome sd 0.270, modal share 0.92; feature mean 0.48",1.0
frontier,2-agent homogeneous,Sol dyads,Sol,R2 own consistency -> cut after a letdown: GLM judge flag,-0.0235,-0.2305,0.1835,0.8238,1.0,7.0,35.0,underpowered,"outcome sd 0.323, modal share 0.89; feature mean 0.71",1.0
frontier,8-agent homogeneous,8 Sol,Sol,R2 own consistency -> cut after a letdown: GLM judge flag,0.2435,0.1586,0.3283,0.0,0.0,9.0,63.0,underpowered,"outcome sd 0.246, modal share 0.94; feature mean 0.37",0.0
frontier,8-agent mixed,2 GeminiPro + 3 Opus + 3 Sol,Sol,R2 own consistency -> cut after a letdown: GLM judge flag,0.3333,0.3333,0.3333,0.0,0.0,3.0,5.0,underpowered,"outcome sd 0.447, modal share 0.80; feature mean 0.20",0.0
frontier,all settings,all GeminiPro runs,GeminiPro,R2 own consistency -> cut after a letdown: GLM judge flag,,,,,,,,not estimable: ceiling,sends $5 almost always,
frontier,2-agent homogeneous,GeminiPro dyads,GeminiPro,R2 own consistency -> cut after a letdown: GLM judge flag,,,,,,,,not estimable: ceiling,sends $5 almost always,
frontier,2-agent mixed,"mixed dyads, GeminiPro members",GeminiPro,R2 own consistency -> cut after a letdown: GLM judge flag,,,,,,,,not estimable: ceiling,sends $5 almost always,
frontier,8-agent homogeneous,8 GeminiPro,GeminiPro,R2 own consistency -> cut after a letdown: GLM judge flag,,,,,,,,not estimable: ceiling,sends $5 almost always,
frontier,8-agent mixed,2 GeminiPro + 3 Opus + 3 Sol,GeminiPro,R2 own consistency -> cut after a letdown: GLM judge flag,,,,,,,,not estimable: ceiling,sends $5 almost always,
frontier,all settings,all Sol runs,Sol,R2 own consistency -> cut after a letdown: keyword,-0.048,-0.2096,0.1136,0.5603,1.0,23.0,107.0,no detectable effect,"outcome sd 0.279, modal share 0.92; feature mean 0.13",1.0
frontier,all settings,all runs,all,R2 own consistency -> cut after a letdown: keyword,-0.048,-0.2084,0.1124,0.5575,1.0,29.0,115.0,no detectable effect,"outcome sd 0.270, modal share 0.92; feature mean 0.13",1.0
frontier,2-agent homogeneous,Sol dyads,Sol,R2 own consistency -> cut after a letdown: keyword,-0.0735,-0.2847,0.1377,0.4953,1.0,7.0,35.0,underpowered,"outcome sd 0.323, modal share 0.89; feature mean 0.23",1.0
frontier,8-agent homogeneous,8 Sol,Sol,R2 own consistency -> cut after a letdown: keyword,0.104,0.0084,0.1996,0.033,1.0,9.0,63.0,underpowered,"outcome sd 0.246, modal share 0.94; feature mean 0.10",1.0
frontier,all settings,all GeminiPro runs,GeminiPro,R2 own consistency -> cut after a letdown: keyword,,,,,,,,not estimable: ceiling,sends $5 almost always,
frontier,2-agent homogeneous,GeminiPro dyads,GeminiPro,R2 own consistency -> cut after a letdown: keyword,,,,,,,,not estimable: ceiling,sends $5 almost always,
frontier,2-agent mixed,"mixed dyads, GeminiPro members",GeminiPro,R2 own consistency -> cut after a letdown: keyword,,,,,,,,not estimable: ceiling,sends $5 almost always,
frontier,8-agent homogeneous,8 GeminiPro,GeminiPro,R2 own consistency -> cut after a letdown: keyword,,,,,,,,not estimable: ceiling,sends $5 almost always,
frontier,8-agent mixed,2 GeminiPro + 3 Opus + 3 Sol,GeminiPro,R2 own consistency -> cut after a letdown: keyword,,,,,,,,not estimable: ceiling,sends $5 almost always,
frontier,all settings,all Sol runs,Sol,R2 own consistency -> cut after a letdown: embedding score (sd),0.05,-0.0675,0.1674,0.4043,1.0,23.0,107.0,no detectable effect,"outcome sd 0.279, modal share 0.92; feature mean -1.88",1.0
frontier,all settings,all runs,all,R2 own consistency -> cut after a letdown: embedding score (sd),0.05,-0.0666,0.1666,0.401,1.0,29.0,115.0,no detectable effect,"outcome sd 0.270, modal share 0.92; feature mean -1.85",1.0
frontier,2-agent homogeneous,Sol dyads,Sol,R2 own consistency -> cut after a letdown: embedding score (sd),0.096,-0.1447,0.3366,0.4344,1.0,7.0,35.0,underpowered,"outcome sd 0.323, modal share 0.89; feature mean -1.68",1.0
frontier,8-agent homogeneous,8 Sol,Sol,R2 own consistency -> cut after a letdown: embedding score (sd),0.1788,0.1311,0.2264,0.0,0.0,9.0,63.0,underpowered,"outcome sd 0.246, modal share 0.94; feature mean -1.99",0.0
frontier,8-agent mixed,2 GeminiPro + 3 Opus + 3 Sol,Sol,R2 own consistency -> cut after a letdown: embedding score (sd),-0.351,-0.351,-0.351,0.0,0.0,3.0,5.0,underpowered,"outcome sd 0.447, modal share 0.80; feature mean -2.05",0.0
frontier,all settings,all GeminiPro runs,GeminiPro,R2 own consistency -> cut after a letdown: embedding score (sd),,,,,,,,not estimable: ceiling,sends $5 almost always,
frontier,2-agent homogeneous,GeminiPro dyads,GeminiPro,R2 own consistency -> cut after a letdown: embedding score (sd),,,,,,,,not estimable: ceiling,sends $5 almost always,
frontier,2-agent mixed,"mixed dyads, GeminiPro members",GeminiPro,R2 own consistency -> cut after a letdown: embedding score (sd),,,,,,,,not estimable: ceiling,sends $5 almost always,
frontier,8-agent homogeneous,8 GeminiPro,GeminiPro,R2 own consistency -> cut after a letdown: embedding score (sd),,,,,,,,not estimable: ceiling,sends $5 almost always,
frontier,8-agent mixed,2 GeminiPro + 3 Opus + 3 Sol,GeminiPro,R2 own consistency -> cut after a letdown: embedding score (sd),,,,,,,,not estimable: ceiling,sends $5 almost always,
frontier,all settings,all Opus runs,Opus,"R3 shown myth's consistency -> reader's send (8-agent myth_game, author != partner): GLM judge flag",0.0,0.0,0.0,,1.0,10.0,182.0,not estimable: ceiling,"controls: unseen same-family placebo, own myth, lagged coop, author's last move toward reader",
frontier,all settings,all Sol runs,Sol,"R3 shown myth's consistency -> reader's send (8-agent myth_game, author != partner): GLM judge flag",-0.0059,-0.014,0.0022,0.1507,1.0,10.0,188.0,not estimable: ceiling,"controls: unseen same-family placebo, own myth, lagged coop, author's last move toward reader",1.0
frontier,all settings,all runs,all,"R3 shown myth's consistency -> reader's send (8-agent myth_game, author != partner): GLM judge flag",-0.003,-0.0067,0.0008,0.1186,1.0,20.0,541.0,not estimable: ceiling,"controls: unseen same-family placebo, own myth, lagged coop, author's last move toward reader",1.0
frontier,8-agent homogeneous,8 Opus,Opus,"R3 shown myth's consistency -> reader's send (8-agent myth_game, author != partner): GLM judge flag",0.0,0.0,0.0,,1.0,5.0,141.0,not estimable: ceiling,"controls: unseen same-family placebo, own myth, lagged coop, author's last move toward reader",
frontier,8-agent homogeneous,8 Sol,Sol,"R3 shown myth's consistency -> reader's send (8-agent myth_game, author != partner): GLM judge flag",-0.0085,-0.02,0.003,0.1457,1.0,5.0,141.0,not estimable: ceiling,"controls: unseen same-family placebo, own myth, lagged coop, author's last move toward reader",1.0
frontier,8-agent mixed,2 GeminiPro + 3 Opus + 3 Sol,Opus,"R3 shown myth's consistency -> reader's send (8-agent myth_game, author != partner): GLM judge flag",0.0,0.0,0.0,,1.0,5.0,41.0,not estimable: ceiling,"controls: unseen same-family placebo, own myth, lagged coop, author's last move toward reader",
frontier,8-agent mixed,2 GeminiPro + 3 Opus + 3 Sol,Sol,"R3 shown myth's consistency -> reader's send (8-agent myth_game, author != partner): GLM judge flag",0.0,0.0,0.0,,1.0,5.0,47.0,not estimable: ceiling,"controls: unseen same-family placebo, own myth, lagged coop, author's last move toward reader",
frontier,all settings,all Opus runs,Opus,"R3 shown myth's consistency -> reader's return (8-agent myth_game, author != partner): GLM judge flag",-0.0102,-0.0234,0.003,0.1294,1.0,10.0,189.0,no detectable effect,"controls: unseen same-family placebo, own myth, lagged coop, author's last move toward reader",1.0
frontier,all settings,all Sol runs,Sol,"R3 shown myth's consistency -> reader's return (8-agent myth_game, author != partner): GLM judge flag",-0.0109,-0.0252,0.0034,0.134,1.0,10.0,188.0,no detectable effect,"controls: unseen same-family placebo, own myth, lagged coop, author's last move toward reader",1.0
frontier,all settings,all GeminiPro runs,GeminiPro,"R3 shown myth's consistency -> reader's return (8-agent myth_game, author != partner): GLM judge flag",0.0042,-0.0147,0.023,0.6638,1.0,10.0,173.0,no detectable effect,"controls: unseen same-family placebo, own myth, lagged coop, author's last move toward reader",1.0
frontier,all settings,all runs,all,"R3 shown myth's consistency -> reader's return (8-agent myth_game, author != partner): GLM judge flag",-0.0097,-0.0183,-0.0011,0.0271,0.8125,20.0,550.0,suggestive,"controls: unseen same-family placebo, own myth, lagged coop, author's last move toward reader",1.0
frontier,8-agent homogeneous,8 GeminiPro,GeminiPro,"R3 shown myth's consistency -> reader's return (8-agent myth_game, author != partner): GLM judge flag",0.0065,-0.0151,0.0281,0.5567,1.0,5.0,141.0,underpowered,"controls: unseen same-family placebo, own myth, lagged coop, author's last move toward reader",1.0
frontier,8-agent homogeneous,8 Opus,Opus,"R3 shown myth's consistency -> reader's return (8-agent myth_game, author != partner): GLM judge flag",-0.0138,-0.0294,0.0018,0.0837,1.0,5.0,141.0,underpowered,"controls: unseen same-family placebo, own myth, lagged coop, author's last move toward reader",1.0
frontier,8-agent homogeneous,8 Sol,Sol,"R3 shown myth's consistency -> reader's return (8-agent myth_game, author != partner): GLM judge flag",-0.0122,-0.028,0.0036,0.13,1.0,5.0,141.0,underpowered,"controls: unseen same-family placebo, own myth, lagged coop, author's last move toward reader",1.0
frontier,8-agent mixed,2 GeminiPro + 3 Opus + 3 Sol,GeminiPro,"R3 shown myth's consistency -> reader's return (8-agent myth_game, author != partner): GLM judge flag",0.0034,-0.0275,0.0344,0.8279,1.0,5.0,32.0,underpowered,"controls: unseen same-family placebo, own myth, lagged coop, author's last move toward reader",1.0
frontier,8-agent mixed,2 GeminiPro + 3 Opus + 3 Sol,Opus,"R3 shown myth's consistency -> reader's return (8-agent myth_game, author != partner): GLM judge flag",0.0019,-0.0069,0.0107,0.6765,1.0,5.0,48.0,underpowered,"controls: unseen same-family placebo, own myth, lagged coop, author's last move toward reader",1.0
frontier,8-agent mixed,2 GeminiPro + 3 Opus + 3 Sol,Sol,"R3 shown myth's consistency -> reader's return (8-agent myth_game, author != partner): GLM judge flag",-0.0034,-0.0442,0.0373,0.8693,1.0,5.0,47.0,underpowered,"controls: unseen same-family placebo, own myth, lagged coop, author's last move toward reader",1.0
frontier,all settings,all Opus runs,Opus,"R3 shown myth's consistency -> reader's send (8-agent myth_game, author != partner): keyword",0.0,0.0,0.0,,1.0,10.0,182.0,not estimable: ceiling,"controls: unseen same-family placebo, own myth, lagged coop, author's last move toward reader",
frontier,all settings,all Sol runs,Sol,"R3 shown myth's consistency -> reader's send (8-agent myth_game, author != partner): keyword",-0.001,-0.0061,0.0041,0.6922,1.0,10.0,188.0,not estimable: ceiling,"controls: unseen same-family placebo, own myth, lagged coop, author's last move toward reader",1.0
frontier,all settings,all runs,all,"R3 shown myth's consistency -> reader's send (8-agent myth_game, author != partner): keyword",-0.0023,-0.0062,0.0016,0.2563,1.0,20.0,541.0,not estimable: ceiling,"controls: unseen same-family placebo, own myth, lagged coop, author's last move toward reader",1.0
frontier,8-agent homogeneous,8 Opus,Opus,"R3 shown myth's consistency -> reader's send (8-agent myth_game, author != partner): keyword",0.0,0.0,0.0,,1.0,5.0,141.0,not estimable: ceiling,"controls: unseen same-family placebo, own myth, lagged coop, author's last move toward reader",
frontier,8-agent homogeneous,8 Sol,Sol,"R3 shown myth's consistency -> reader's send (8-agent myth_game, author != partner): keyword",-0.0008,-0.0064,0.0047,0.7634,1.0,5.0,141.0,not estimable: ceiling,"controls: unseen same-family placebo, own myth, lagged coop, author's last move toward reader",1.0
frontier,8-agent mixed,2 GeminiPro + 3 Opus + 3 Sol,Opus,"R3 shown myth's consistency -> reader's send (8-agent myth_game, author != partner): keyword",0.0,0.0,0.0,,1.0,5.0,41.0,not estimable: ceiling,"controls: unseen same-family placebo, own myth, lagged coop, author's last move toward reader",
frontier,8-agent mixed,2 GeminiPro + 3 Opus + 3 Sol,Sol,"R3 shown myth's consistency -> reader's send (8-agent myth_game, author != partner): keyword",0.0,0.0,0.0,,1.0,5.0,47.0,not estimable: ceiling,"controls: unseen same-family placebo, own myth, lagged coop, author's last move toward reader",
frontier,all settings,all Opus runs,Opus,"R3 shown myth's consistency -> reader's return (8-agent myth_game, author != partner): keyword",0.0079,-0.0039,0.0197,0.1873,1.0,10.0,189.0,underpowered,"controls: unseen same-family placebo, own myth, lagged coop, author's last move toward reader",1.0
frontier,all settings,all Sol runs,Sol,"R3 shown myth's consistency -> reader's return (8-agent myth_game, author != partner): keyword",0.0077,-0.0059,0.0212,0.2666,1.0,10.0,188.0,no detectable effect,"controls: unseen same-family placebo, own myth, lagged coop, author's last move toward reader",1.0
frontier,all settings,all runs,all,"R3 shown myth's consistency -> reader's return (8-agent myth_game, author != partner): keyword",0.0094,-0.0028,0.0217,0.1323,1.0,20.0,550.0,underpowered,"controls: unseen same-family placebo, own myth, lagged coop, author's last move toward reader",1.0
frontier,8-agent homogeneous,8 Opus,Opus,"R3 shown myth's consistency -> reader's return (8-agent myth_game, author != partner): keyword",0.004,-0.0126,0.0207,0.636,1.0,5.0,141.0,underpowered,"controls: unseen same-family placebo, own myth, lagged coop, author's last move toward reader",1.0
frontier,8-agent homogeneous,8 Sol,Sol,"R3 shown myth's consistency -> reader's return (8-agent myth_game, author != partner): keyword",0.006,-0.0094,0.0213,0.4487,1.0,5.0,141.0,underpowered,"controls: unseen same-family placebo, own myth, lagged coop, author's last move toward reader",1.0
frontier,8-agent mixed,2 GeminiPro + 3 Opus + 3 Sol,Opus,"R3 shown myth's consistency -> reader's return (8-agent myth_game, author != partner): keyword",-0.0036,-0.018,0.0108,0.6204,1.0,5.0,48.0,underpowered,"controls: unseen same-family placebo, own myth, lagged coop, author's last move toward reader",1.0
frontier,8-agent mixed,2 GeminiPro + 3 Opus + 3 Sol,Sol,"R3 shown myth's consistency -> reader's return (8-agent myth_game, author != partner): keyword",-0.007,-0.0306,0.0166,0.5626,1.0,5.0,47.0,underpowered,"controls: unseen same-family placebo, own myth, lagged coop, author's last move toward reader",1.0
frontier,all settings,all Opus runs,Opus,"R3 shown myth's consistency -> reader's send (8-agent myth_game, author != partner): embedding score (sd)",0.0,0.0,0.0,,1.0,10.0,182.0,not estimable: ceiling,"controls: unseen same-family placebo, own myth, lagged coop, author's last move toward reader",
frontier,all settings,all Sol runs,Sol,"R3 shown myth's consistency -> reader's send (8-agent myth_game, author != partner): embedding score (sd)",-0.0005,-0.0074,0.0064,0.8803,1.0,10.0,188.0,not estimable: ceiling,"controls: unseen same-family placebo, own myth, lagged coop, author's last move toward reader",1.0
frontier,all settings,all runs,all,"R3 shown myth's consistency -> reader's send (8-agent myth_game, author != partner): embedding score (sd)",-0.0002,-0.0028,0.0025,0.908,1.0,20.0,541.0,not estimable: ceiling,"controls: unseen same-family placebo, own myth, lagged coop, author's last move toward reader",1.0
frontier,8-agent homogeneous,8 Opus,Opus,"R3 shown myth's consistency -> reader's send (8-agent myth_game, author != partner): embedding score (sd)",0.0,0.0,0.0,,1.0,5.0,141.0,not estimable: ceiling,"controls: unseen same-family placebo, own myth, lagged coop, author's last move toward reader",
frontier,8-agent homogeneous,8 Sol,Sol,"R3 shown myth's consistency -> reader's send (8-agent myth_game, author != partner): embedding score (sd)",-0.0001,-0.0092,0.009,0.9803,1.0,5.0,141.0,not estimable: ceiling,"controls: unseen same-family placebo, own myth, lagged coop, author's last move toward reader",1.0
frontier,8-agent mixed,2 GeminiPro + 3 Opus + 3 Sol,Opus,"R3 shown myth's consistency -> reader's send (8-agent myth_game, author != partner): embedding score (sd)",0.0,0.0,0.0,,1.0,5.0,41.0,not estimable: ceiling,"controls: unseen same-family placebo, own myth, lagged coop, author's last move toward reader",
frontier,8-agent mixed,2 GeminiPro + 3 Opus + 3 Sol,Sol,"R3 shown myth's consistency -> reader's send (8-agent myth_game, author != partner): embedding score (sd)",0.0,0.0,0.0,,1.0,5.0,47.0,not estimable: ceiling,"controls: unseen same-family placebo, own myth, lagged coop, author's last move toward reader",
frontier,all settings,all Opus runs,Opus,"R3 shown myth's consistency -> reader's return (8-agent myth_game, author != partner): embedding score (sd)",0.0,-0.0046,0.0046,0.9859,1.0,10.0,189.0,no detectable effect,"controls: unseen same-family placebo, own myth, lagged coop, author's last move toward reader",1.0
frontier,all settings,all Sol runs,Sol,"R3 shown myth's consistency -> reader's return (8-agent myth_game, author != partner): embedding score (sd)",0.0068,-0.0004,0.014,0.0631,1.0,10.0,188.0,no detectable effect,"controls: unseen same-family placebo, own myth, lagged coop, author's last move toward reader",1.0
frontier,all settings,all GeminiPro runs,GeminiPro,"R3 shown myth's consistency -> reader's return (8-agent myth_game, author != partner): embedding score (sd)",-0.0008,-0.0072,0.0056,0.8161,1.0,10.0,173.0,no detectable effect,"controls: unseen same-family placebo, own myth, lagged coop, author's last move toward reader",1.0
frontier,all settings,all runs,all,"R3 shown myth's consistency -> reader's return (8-agent myth_game, author != partner): embedding score (sd)",0.0012,-0.002,0.0044,0.4584,1.0,20.0,550.0,no detectable effect,"controls: unseen same-family placebo, own myth, lagged coop, author's last move toward reader",1.0
frontier,8-agent homogeneous,8 GeminiPro,GeminiPro,"R3 shown myth's consistency -> reader's return (8-agent myth_game, author != partner): embedding score (sd)",-0.0009,-0.0067,0.0049,0.7626,1.0,5.0,141.0,underpowered,"controls: unseen same-family placebo, own myth, lagged coop, author's last move toward reader",1.0
frontier,8-agent homogeneous,8 Opus,Opus,"R3 shown myth's consistency -> reader's return (8-agent myth_game, author != partner): embedding score (sd)",-0.0001,-0.0059,0.0057,0.9777,1.0,5.0,141.0,underpowered,"controls: unseen same-family placebo, own myth, lagged coop, author's last move toward reader",1.0
frontier,8-agent homogeneous,8 Sol,Sol,"R3 shown myth's consistency -> reader's return (8-agent myth_game, author != partner): embedding score (sd)",0.0096,0.0039,0.0153,0.0009,0.0278,5.0,141.0,underpowered,"controls: unseen same-family placebo, own myth, lagged coop, author's last move toward reader",0.2367
frontier,8-agent mixed,2 GeminiPro + 3 Opus + 3 Sol,GeminiPro,"R3 shown myth's consistency -> reader's return (8-agent myth_game, author != partner): embedding score (sd)",0.0143,-0.024,0.0527,0.4633,1.0,5.0,32.0,underpowered,"controls: unseen same-family placebo, own myth, lagged coop, author's last move toward reader",1.0
frontier,8-agent mixed,2 GeminiPro + 3 Opus + 3 Sol,Opus,"R3 shown myth's consistency -> reader's return (8-agent myth_game, author != partner): embedding score (sd)",-0.003,-0.0162,0.0102,0.6553,1.0,5.0,48.0,underpowered,"controls: unseen same-family placebo, own myth, lagged coop, author's last move toward reader",1.0
frontier,8-agent mixed,2 GeminiPro + 3 Opus + 3 Sol,Sol,"R3 shown myth's consistency -> reader's return (8-agent myth_game, author != partner): embedding score (sd)",-0.0091,-0.0139,-0.0044,0.0002,0.0046,5.0,47.0,underpowered,"controls: unseen same-family placebo, own myth, lagged coop, author's last move toward reader",0.0528
frontier,8-agent mixed,2 GeminiPro + 3 Opus + 3 Sol,GeminiPro,R3 shown myth's consistency -> reader (within-family unseen placebo),,,,,,10.0,,not testable by design,only 2 GeminiPro members: no unseen same-family myth; GeminiPro sends at ceiling,
frontier,all settings,all Opus runs,Opus,R4 own round-1 consistency -> round-1 send (senders): GLM judge flag,0.0333,-0.047,0.1137,0.4161,1.0,21.0,37.0,no detectable effect,myth_game only; cell FE,1.0
frontier,all settings,all Sol runs,Sol,R4 own round-1 consistency -> round-1 send (senders): GLM judge flag,0.0332,-0.0498,0.1162,0.4332,1.0,21.0,39.0,no detectable effect,myth_game only; cell FE,1.0
frontier,all settings,all runs,all,R4 own round-1 consistency -> round-1 send (senders): GLM judge flag,0.0169,-0.0153,0.0491,0.3042,1.0,53.0,113.0,no detectable effect,myth_game only; cell FE,1.0
frontier,2-agent mixed,"mixed dyads, Opus members",Opus,R4 own round-1 consistency -> round-1 send (senders): GLM judge flag,0.0,0.0,0.0,,1.0,6.0,6.0,not estimable: ceiling,myth_game only; cell FE,
frontier,2-agent mixed,"mixed dyads, Sol members",Sol,R4 own round-1 consistency -> round-1 send (senders): GLM judge flag,0.1,-0.0074,0.2074,0.0679,1.0,6.0,6.0,underpowered,myth_game only; cell FE,1.0
frontier,8-agent homogeneous,8 Opus,Opus,R4 own round-1 consistency -> round-1 send (senders): GLM judge flag,0.075,-0.0438,0.1938,0.216,1.0,5.0,20.0,underpowered,myth_game only; cell FE,1.0
frontier,8-agent homogeneous,8 Sol,Sol,R4 own round-1 consistency -> round-1 send (senders): GLM judge flag,-0.0167,-0.1145,0.0812,0.7385,1.0,5.0,20.0,underpowered,myth_game only; cell FE,1.0
frontier,8-agent mixed,2 GeminiPro + 3 Opus + 3 Sol,Opus,R4 own round-1 consistency -> round-1 send (senders): GLM judge flag,-0.05,-0.1449,0.0449,0.3017,1.0,5.0,6.0,underpowered,myth_game only; cell FE,1.0
frontier,8-agent mixed,2 GeminiPro + 3 Opus + 3 Sol,Sol,R4 own round-1 consistency -> round-1 send (senders): GLM judge flag,0.1333,-0.1243,0.391,0.3105,1.0,5.0,8.0,underpowered,myth_game only; cell FE,1.0
frontier,all settings,all Sol runs,Sol,R4 own round-1 consistency -> round-1 send (senders): keyword,-0.0062,-0.1144,0.1019,0.9098,1.0,21.0,39.0,no detectable effect,myth_game only; cell FE,1.0
frontier,all settings,all runs,all,R4 own round-1 consistency -> round-1 send (senders): keyword,0.0053,-0.0716,0.0822,0.8925,1.0,53.0,113.0,no detectable effect,myth_game only; cell FE,1.0
frontier,2-agent homogeneous,Sol dyads,Sol,R4 own round-1 consistency -> round-1 send (senders): keyword,-0.1,-0.2898,0.0898,0.3017,1.0,5.0,5.0,underpowered,myth_game only; cell FE,1.0
frontier,2-agent mixed,"mixed dyads, Sol members",Sol,R4 own round-1 consistency -> round-1 send (senders): keyword,0.05,-0.043,0.143,0.2918,1.0,6.0,6.0,underpowered,myth_game only; cell FE,1.0
frontier,all settings,all Opus runs,Opus,R4 own round-1 consistency -> round-1 send (senders): embedding score (sd),0.0085,-0.0229,0.0399,0.5963,1.0,21.0,37.0,no detectable effect,myth_game only; cell FE,1.0
frontier,all settings,all Sol runs,Sol,R4 own round-1 consistency -> round-1 send (senders): embedding score (sd),-0.0108,-0.0579,0.0362,0.6518,1.0,21.0,39.0,no detectable effect,myth_game only; cell FE,1.0
frontier,all settings,all runs,all,R4 own round-1 consistency -> round-1 send (senders): embedding score (sd),-0.0018,-0.0203,0.0166,0.8446,1.0,53.0,113.0,no detectable effect,myth_game only; cell FE,1.0
frontier,2-agent homogeneous,Opus dyads,Opus,R4 own round-1 consistency -> round-1 send (senders): embedding score (sd),0.0,0.0,0.0,,1.0,5.0,5.0,not estimable: ceiling,myth_game only; cell FE,
frontier,2-agent homogeneous,Sol dyads,Sol,R4 own round-1 consistency -> round-1 send (senders): embedding score (sd),0.4092,0.115,0.7034,0.0064,0.0897,5.0,5.0,underpowered,myth_game only; cell FE,1.0
frontier,2-agent mixed,"mixed dyads, Opus members",Opus,R4 own round-1 consistency -> round-1 send (senders): embedding score (sd),0.0,0.0,0.0,,1.0,6.0,6.0,not estimable: ceiling,myth_game only; cell FE,
frontier,2-agent mixed,"mixed dyads, Sol members",Sol,R4 own round-1 consistency -> round-1 send (senders): embedding score (sd),0.0124,-0.116,0.1407,0.8504,1.0,6.0,6.0,underpowered,myth_game only; cell FE,1.0
frontier,8-agent homogeneous,8 Opus,Opus,R4 own round-1 consistency -> round-1 send (senders): embedding score (sd),0.0198,-0.0358,0.0755,0.4845,1.0,5.0,20.0,underpowered,myth_game only; cell FE,1.0
frontier,8-agent homogeneous,8 Sol,Sol,R4 own round-1 consistency -> round-1 send (senders): embedding score (sd),-0.0397,-0.0888,0.0094,0.113,1.0,5.0,20.0,underpowered,myth_game only; cell FE,1.0
frontier,8-agent mixed,2 GeminiPro + 3 Opus + 3 Sol,Opus,R4 own round-1 consistency -> round-1 send (senders): embedding score (sd),-0.0237,-0.1163,0.0689,0.6158,1.0,5.0,6.0,underpowered,myth_game only; cell FE,1.0
frontier,8-agent mixed,2 GeminiPro + 3 Opus + 3 Sol,Sol,R4 own round-1 consistency -> round-1 send (senders): embedding score (sd),-0.0073,-0.1207,0.106,0.8994,1.0,5.0,8.0,underpowered,myth_game only; cell FE,1.0
frontier,all settings,all Opus runs,Opus,R4 own round-1 consistency -> mean cooperation rounds 2-10: GLM judge flag,-0.0013,-0.0078,0.0053,0.7031,1.0,27.0,77.0,no detectable effect,myth_game only; cell FE,1.0
frontier,all settings,all Sol runs,Sol,R4 own round-1 consistency -> mean cooperation rounds 2-10: GLM judge flag,0.0048,-0.0033,0.0128,0.2452,1.0,27.0,77.0,no detectable effect,myth_game only; cell FE,1.0
frontier,all settings,all GeminiPro runs,GeminiPro,R4 own round-1 consistency -> mean cooperation rounds 2-10: GLM judge flag,0.0021,-0.0028,0.007,0.3996,1.0,27.0,72.0,no detectable effect,myth_game only; cell FE,1.0
frontier,all settings,all runs,all,R4 own round-1 consistency -> mean cooperation rounds 2-10: GLM judge flag,0.0022,-0.0015,0.0058,0.2472,1.0,53.0,226.0,no detectable effect,myth_game only; cell FE,1.0
frontier,2-agent homogeneous,GeminiPro dyads,GeminiPro,R4 own round-1 consistency -> mean cooperation rounds 2-10: GLM judge flag,-0.0034,-0.012,0.0052,0.4391,1.0,5.0,10.0,underpowered,myth_game only; cell FE,1.0
frontier,2-agent homogeneous,Opus dyads,Opus,R4 own round-1 consistency -> mean cooperation rounds 2-10: GLM judge flag,-0.0099,-0.0314,0.0116,0.3673,1.0,5.0,10.0,underpowered,myth_game only; cell FE,1.0
frontier,2-agent mixed,"mixed dyads, GeminiPro members",GeminiPro,R4 own round-1 consistency -> mean cooperation rounds 2-10: GLM judge flag,-0.0016,-0.019,0.0158,0.8567,1.0,12.0,12.0,no detectable effect,myth_game only; cell FE,1.0
frontier,2-agent mixed,"mixed dyads, Opus members",Opus,R4 own round-1 consistency -> mean cooperation rounds 2-10: GLM judge flag,0.0161,-0.0122,0.0444,0.2644,1.0,12.0,12.0,no detectable effect,myth_game only; cell FE,1.0
frontier,2-agent mixed,"mixed dyads, Sol members",Sol,R4 own round-1 consistency -> mean cooperation rounds 2-10: GLM judge flag,0.0027,-0.0144,0.0199,0.7542,1.0,12.0,12.0,no detectable effect,myth_game only; cell FE,1.0
frontier,8-agent homogeneous,8 GeminiPro,GeminiPro,R4 own round-1 consistency -> mean cooperation rounds 2-10: GLM judge flag,0.0019,-0.004,0.0079,0.5292,1.0,5.0,40.0,underpowered,myth_game only; cell FE,1.0
frontier,8-agent homogeneous,8 Opus,Opus,R4 own round-1 consistency -> mean cooperation rounds 2-10: GLM judge flag,-0.0009,-0.0086,0.0067,0.8089,1.0,5.0,40.0,underpowered,myth_game only; cell FE,1.0
frontier,8-agent homogeneous,8 Sol,Sol,R4 own round-1 consistency -> mean cooperation rounds 2-10: GLM judge flag,0.0065,-0.0072,0.0202,0.3529,1.0,5.0,40.0,underpowered,myth_game only; cell FE,1.0
frontier,8-agent mixed,2 GeminiPro + 3 Opus + 3 Sol,GeminiPro,R4 own round-1 consistency -> mean cooperation rounds 2-10: GLM judge flag,0.018,-0.0037,0.0397,0.1043,1.0,5.0,10.0,underpowered,myth_game only; cell FE,1.0
frontier,8-agent mixed,2 GeminiPro + 3 Opus + 3 Sol,Opus,R4 own round-1 consistency -> mean cooperation rounds 2-10: GLM judge flag,-0.0097,-0.0203,0.0009,0.072,0.8121,5.0,15.0,underpowered,myth_game only; cell FE,1.0
frontier,8-agent mixed,2 GeminiPro + 3 Opus + 3 Sol,Sol,R4 own round-1 consistency -> mean cooperation rounds 2-10: GLM judge flag,0.004,-0.0041,0.012,0.3333,1.0,5.0,15.0,underpowered,myth_game only; cell FE,1.0
frontier,all settings,all Opus runs,Opus,R4 own round-1 consistency -> mean cooperation rounds 2-10: keyword,0.0143,-0.0174,0.046,0.3762,1.0,27.0,77.0,underpowered,myth_game only; cell FE,1.0
frontier,all settings,all Sol runs,Sol,R4 own round-1 consistency -> mean cooperation rounds 2-10: keyword,0.0041,-0.0304,0.0385,0.8175,1.0,27.0,77.0,no detectable effect,myth_game only; cell FE,1.0
frontier,all settings,all GeminiPro runs,GeminiPro,R4 own round-1 consistency -> mean cooperation rounds 2-10: keyword,-0.0003,-0.0045,0.0039,0.8971,1.0,27.0,72.0,underpowered,myth_game only; cell FE,1.0
frontier,all settings,all runs,all,R4 own round-1 consistency -> mean cooperation rounds 2-10: keyword,0.0042,-0.0208,0.0291,0.7425,1.0,53.0,226.0,no detectable effect,myth_game only; cell FE,1.0
frontier,2-agent homogeneous,Sol dyads,Sol,R4 own round-1 consistency -> mean cooperation rounds 2-10: keyword,-0.0017,-0.1075,0.1041,0.9748,1.0,5.0,10.0,underpowered,myth_game only; cell FE,1.0
frontier,2-agent mixed,"mixed dyads, Opus members",Opus,R4 own round-1 consistency -> mean cooperation rounds 2-10: keyword,0.0026,-0.0265,0.0316,0.8628,1.0,12.0,12.0,no detectable effect,myth_game only; cell FE,1.0
frontier,2-agent mixed,"mixed dyads, Sol members",Sol,R4 own round-1 consistency -> mean cooperation rounds 2-10: keyword,0.0005,-0.0082,0.0091,0.9183,1.0,12.0,12.0,no detectable effect,myth_game only; cell FE,1.0
frontier,8-agent homogeneous,8 GeminiPro,GeminiPro,R4 own round-1 consistency -> mean cooperation rounds 2-10: keyword,0.0005,-0.0054,0.0064,0.8713,1.0,5.0,40.0,underpowered,myth_game only; cell FE,1.0
frontier,8-agent homogeneous,8 Sol,Sol,R4 own round-1 consistency -> mean cooperation rounds 2-10: keyword,0.0301,0.015,0.0452,0.0001,0.0016,5.0,40.0,underpowered,myth_game only; cell FE,0.026500000000000003
frontier,all settings,all Opus runs,Opus,R4 own round-1 consistency -> mean cooperation rounds 2-10: embedding score (sd),0.0039,-0.0017,0.0095,0.1757,1.0,27.0,77.0,no detectable effect,myth_game only; cell FE,1.0
frontier,all settings,all Sol runs,Sol,R4 own round-1 consistency -> mean cooperation rounds 2-10: embedding score (sd),0.0054,-0.0051,0.0158,0.3134,1.0,27.0,77.0,no detectable effect,myth_game only; cell FE,1.0
frontier,all settings,all GeminiPro runs,GeminiPro,R4 own round-1 consistency -> mean cooperation rounds 2-10: embedding score (sd),0.0002,-0.0029,0.0032,0.9219,1.0,27.0,72.0,no detectable effect,myth_game only; cell FE,1.0
frontier,all settings,all runs,all,R4 own round-1 consistency -> mean cooperation rounds 2-10: embedding score (sd),0.0029,-0.0009,0.0066,0.1365,1.0,53.0,226.0,no detectable effect,myth_game only; cell FE,1.0
frontier,2-agent homogeneous,GeminiPro dyads,GeminiPro,R4 own round-1 consistency -> mean cooperation rounds 2-10: embedding score (sd),-0.0025,-0.0141,0.0092,0.6776,1.0,5.0,10.0,underpowered,myth_game only; cell FE,1.0
frontier,2-agent homogeneous,Opus dyads,Opus,R4 own round-1 consistency -> mean cooperation rounds 2-10: embedding score (sd),-0.0052,-0.0176,0.0072,0.4117,1.0,5.0,10.0,underpowered,myth_game only; cell FE,1.0
frontier,2-agent homogeneous,Sol dyads,Sol,R4 own round-1 consistency -> mean cooperation rounds 2-10: embedding score (sd),0.0779,-0.0297,0.1855,0.1557,1.0,5.0,10.0,underpowered,myth_game only; cell FE,1.0
frontier,2-agent mixed,"mixed dyads, GeminiPro members",GeminiPro,R4 own round-1 consistency -> mean cooperation rounds 2-10: embedding score (sd),0.0053,-0.0111,0.0218,0.5231,1.0,12.0,12.0,no detectable effect,myth_game only; cell FE,1.0
frontier,2-agent mixed,"mixed dyads, Opus members",Opus,R4 own round-1 consistency -> mean cooperation rounds 2-10: embedding score (sd),0.0292,-0.0123,0.0707,0.1685,1.0,12.0,12.0,no detectable effect,myth_game only; cell FE,1.0
frontier,2-agent mixed,"mixed dyads, Sol members",Sol,R4 own round-1 consistency -> mean cooperation rounds 2-10: embedding score (sd),0.0033,-0.0076,0.0141,0.5543,1.0,12.0,12.0,no detectable effect,myth_game only; cell FE,1.0
frontier,8-agent homogeneous,8 GeminiPro,GeminiPro,R4 own round-1 consistency -> mean cooperation rounds 2-10: embedding score (sd),0.0002,-0.0036,0.004,0.9262,1.0,5.0,40.0,underpowered,myth_game only; cell FE,1.0
frontier,8-agent homogeneous,8 Opus,Opus,R4 own round-1 consistency -> mean cooperation rounds 2-10: embedding score (sd),-0.0001,-0.004,0.0038,0.9554,1.0,5.0,40.0,underpowered,myth_game only; cell FE,1.0
frontier,8-agent homogeneous,8 Sol,Sol,R4 own round-1 consistency -> mean cooperation rounds 2-10: embedding score (sd),0.0013,-0.004,0.0066,0.6343,1.0,5.0,40.0,underpowered,myth_game only; cell FE,1.0
frontier,8-agent mixed,2 GeminiPro + 3 Opus + 3 Sol,GeminiPro,R4 own round-1 consistency -> mean cooperation rounds 2-10: embedding score (sd),0.0013,-0.0076,0.0102,0.7817,1.0,5.0,10.0,underpowered,myth_game only; cell FE,1.0
frontier,8-agent mixed,2 GeminiPro + 3 Opus + 3 Sol,Opus,R4 own round-1 consistency -> mean cooperation rounds 2-10: embedding score (sd),0.011,0.0029,0.019,0.0076,0.1058,5.0,15.0,underpowered,myth_game only; cell FE,1.0
frontier,8-agent mixed,2 GeminiPro + 3 Opus + 3 Sol,Sol,R4 own round-1 consistency -> mean cooperation rounds 2-10: embedding score (sd),-0.0052,-0.0158,0.0054,0.3367,1.0,5.0,15.0,underpowered,myth_game only; cell FE,1.0
frontier,2-agent homogeneous,2-agent homogeneous,all,"spread from the shown myth, shown (no future term): keyword",0.1429,-0.0406,0.3263,0.127,,30.0,446.0,underpowered,new use (never before); future-myth placebo = shown author's next myth; keyword rare in frontier myths,
frontier,2-agent homogeneous,2-agent homogeneous,all,"spread from the shown myth, shown minus future: keyword",0.0965,-0.1706,0.3636,0.4789,,30.0,446.0,underpowered,new use (never before); future-myth placebo = shown author's next myth; keyword rare in frontier myths,
frontier,2-agent homogeneous,2-agent homogeneous,all,"spread from the shown myth, shown (no future term): GLM judge flag",0.1582,-0.0049,0.3213,0.0573,,30.0,540.0,no detectable effect,"any use, own previous as control; future-myth placebo = shown author's next myth",
frontier,2-agent homogeneous,2-agent homogeneous,all,"spread from the shown myth, shown minus future: GLM judge flag",-0.1187,-0.2684,0.031,0.1202,,30.0,540.0,no detectable effect,"any use, own previous as control; future-myth placebo = shown author's next myth",
frontier,2-agent homogeneous,2-agent homogeneous,all,"spread from the shown myth, shown (no future term): embedding score (sd)",0.2949,0.189,0.4008,0.0,,30.0,540.0,no detectable effect,"any use, own previous as control; future-myth placebo = shown author's next myth; share of 40 random embedding directions with a larger coefficient: 0.17 (not specific to consistency: generic copying of the shown myth)",
frontier,2-agent homogeneous,2-agent homogeneous,all,"spread from the shown myth, shown minus future: embedding score (sd)",0.1066,-0.1183,0.3315,0.3529,,30.0,540.0,no detectable effect,"any use, own previous as control; future-myth placebo = shown author's next myth; share of 40 random embedding directions with a larger coefficient: 0.55",
frontier,"2-agent mixed, other family","2-agent mixed, other family",all,"spread from the shown myth, shown (no future term): keyword",0.0325,-0.0788,0.1437,0.5674,,35.0,530.0,underpowered,new use (never before); future-myth placebo = shown author's next myth; keyword rare in frontier myths,
frontier,"2-agent mixed, other family","2-agent mixed, other family",all,"spread from the shown myth, shown minus future: keyword",0.0226,-0.0158,0.061,0.2497,,35.0,530.0,underpowered,new use (never before); future-myth placebo = shown author's next myth; keyword rare in frontier myths,
frontier,"2-agent mixed, other family","2-agent mixed, other family",all,"spread from the shown myth, shown (no future term): GLM judge flag",0.1658,0.0052,0.3264,0.043,,36.0,648.0,suggestive,"any use, own previous as control; future-myth placebo = shown author's next myth",
frontier,"2-agent mixed, other family","2-agent mixed, other family",all,"spread from the shown myth, shown minus future: GLM judge flag",-0.0229,-0.1941,0.1484,0.7936,,36.0,648.0,no detectable effect,"any use, own previous as control; future-myth placebo = shown author's next myth",
frontier,"2-agent mixed, other family","2-agent mixed, other family",all,"spread from the shown myth, shown (no future term): embedding score (sd)",0.2431,0.1482,0.3381,0.0,,36.0,648.0,suggestive,"any use, own previous as control; future-myth placebo = shown author's next myth; share of 40 random embedding directions with a larger coefficient: 0.03",
frontier,"2-agent mixed, other family","2-agent mixed, other family",all,"spread from the shown myth, shown minus future: embedding score (sd)",0.239,0.0705,0.4075,0.0054,,36.0,648.0,no detectable effect,"any use, own previous as control; future-myth placebo = shown author's next myth; share of 40 random embedding directions with a larger coefficient: 0.23 (not specific to consistency: generic copying of the shown myth)",
frontier,8-agent homogeneous,8-agent homogeneous,all,"spread from the shown myth, shown (no future term): keyword",0.1062,0.0178,0.1946,0.0185,,30.0,1846.0,underpowered,new use (never before); future-myth placebo = shown author's next myth; keyword rare in frontier myths,
frontier,8-agent homogeneous,8-agent homogeneous,all,"spread from the shown myth, shown minus future: keyword",0.135,0.0538,0.2162,0.0011,,30.0,1846.0,underpowered,new use (never before); future-myth placebo = shown author's next myth; keyword rare in frontier myths,
frontier,8-agent homogeneous,8-agent homogeneous,all,"spread from the shown myth, shown (no future term): GLM judge flag",0.1007,0.0446,0.1568,0.0004,,30.0,2160.0,suggestive,"any use, own previous as control; future-myth placebo = shown author's next myth",
frontier,8-agent homogeneous,8-agent homogeneous,all,"spread from the shown myth, shown minus future: GLM judge flag",0.0286,-0.0553,0.1124,0.504,,30.0,2160.0,no detectable effect,"any use, own previous as control; future-myth placebo = shown author's next myth",
frontier,8-agent homogeneous,8-agent homogeneous,all,"spread from the shown myth, shown (no future term): embedding score (sd)",0.2609,0.2158,0.3061,0.0,,30.0,2160.0,no detectable effect,"any use, own previous as control; future-myth placebo = shown author's next myth; share of 40 random embedding directions with a larger coefficient: 0.07 (not specific to consistency: generic copying of the shown myth)",
frontier,8-agent homogeneous,8-agent homogeneous,all,"spread from the shown myth, shown minus future: embedding score (sd)",0.2034,0.1048,0.3019,0.0001,,30.0,2160.0,no detectable effect,"any use, own previous as control; future-myth placebo = shown author's next myth; share of 40 random embedding directions with a larger coefficient: 0.65 (not specific to consistency: generic copying of the shown myth)",
frontier,"8-agent mixed, other family","8-agent mixed, other family",all,"spread from the shown myth, shown (no future term): keyword",0.0581,-0.0581,0.1744,0.3272,,10.0,477.0,underpowered,new use (never before); future-myth placebo = shown author's next myth; keyword rare in frontier myths,
frontier,"8-agent mixed, other family","8-agent mixed, other family",all,"spread from the shown myth, shown minus future: keyword",0.1001,-0.0441,0.2443,0.1736,,10.0,477.0,underpowered,new use (never before); future-myth placebo = shown author's next myth; keyword rare in frontier myths,
frontier,"8-agent mixed, other family","8-agent mixed, other family",all,"spread from the shown myth, shown (no future term): GLM judge flag",0.0835,-0.0107,0.1776,0.0822,,10.0,528.0,no detectable effect,"any use, own previous as control; future-myth placebo = shown author's next myth",
frontier,"8-agent mixed, other family","8-agent mixed, other family",all,"spread from the shown myth, shown minus future: GLM judge flag",0.0529,-0.1666,0.2725,0.6365,,10.0,528.0,no detectable effect,"any use, own previous as control; future-myth placebo = shown author's next myth",
frontier,"8-agent mixed, other family","8-agent mixed, other family",all,"spread from the shown myth, shown (no future term): embedding score (sd)",0.2344,0.1436,0.3252,0.0,,10.0,528.0,no detectable effect,"any use, own previous as control; future-myth placebo = shown author's next myth; share of 40 random embedding directions with a larger coefficient: 0.23 (not specific to consistency: generic copying of the shown myth)",
frontier,"8-agent mixed, other family","8-agent mixed, other family",all,"spread from the shown myth, shown minus future: embedding score (sd)",0.1968,0.0036,0.39,0.0459,,10.0,528.0,no detectable effect,"any use, own previous as control; future-myth placebo = shown author's next myth; share of 40 random embedding directions with a larger coefficient: 0.42 (not specific to consistency: generic copying of the shown myth)",
frontier,"8-agent mixed, same family","8-agent mixed, same family",all,"spread from the shown myth, shown (no future term): keyword",0.1647,-0.0751,0.4045,0.1782,,10.0,150.0,underpowered,new use (never before); future-myth placebo = shown author's next myth; keyword rare in frontier myths,
frontier,"8-agent mixed, same family","8-agent mixed, same family",all,"spread from the shown myth, shown minus future: keyword",0.3832,-0.0824,0.8488,0.1067,,10.0,150.0,underpowered,new use (never before); future-myth placebo = shown author's next myth; keyword rare in frontier myths,
frontier,"8-agent mixed, same family","8-agent mixed, same family",all,"spread from the shown myth, shown (no future term): GLM judge flag",0.1688,0.042,0.2956,0.0091,,10.0,164.0,suggestive,"any use, own previous as control; future-myth placebo = shown author's next myth",
frontier,"8-agent mixed, same family","8-agent mixed, same family",all,"spread from the shown myth, shown minus future: GLM judge flag",0.1942,-0.1358,0.5241,0.2488,,10.0,164.0,no detectable effect,"any use, own previous as control; future-myth placebo = shown author's next myth",
frontier,"8-agent mixed, same family","8-agent mixed, same family",all,"spread from the shown myth, shown (no future term): embedding score (sd)",0.2535,0.0758,0.4311,0.0052,,10.0,164.0,no detectable effect,"any use, own previous as control; future-myth placebo = shown author's next myth; share of 40 random embedding directions with a larger coefficient: 0.45 (not specific to consistency: generic copying of the shown myth)",
frontier,"8-agent mixed, same family","8-agent mixed, same family",all,"spread from the shown myth, shown minus future: embedding score (sd)",0.0055,-0.3601,0.3711,0.9763,,10.0,164.0,no detectable effect,"any use, own previous as control; future-myth placebo = shown author's next myth; share of 40 random embedding directions with a larger coefficient: 0.88",
frontier,"cross-family, Opus parent -> other-family child","cross-family, Opus parent -> other-family child",Opus parent,"spread from the shown myth, shown (no future term): keyword",0.3684,-0.1158,0.8526,0.1359,,32.0,330.0,underpowered,new use (never before); future-myth placebo = shown author's next myth; keyword rare in frontier myths,
frontier,"cross-family, Opus parent -> other-family child","cross-family, Opus parent -> other-family child",Opus parent,"spread from the shown myth, shown minus future: keyword",0.3317,-0.23,0.8934,0.2471,,32.0,330.0,underpowered,new use (never before); future-myth placebo = shown author's next myth; keyword rare in frontier myths,
frontier,"cross-family, Opus parent -> other-family child","cross-family, Opus parent -> other-family child",Opus parent,"spread from the shown myth, shown (no future term): GLM judge flag",0.1321,0.0209,0.2433,0.0199,,34.0,410.0,suggestive,"any use, own previous as control; future-myth placebo = shown author's next myth",
frontier,"cross-family, Opus parent -> other-family child","cross-family, Opus parent -> other-family child",Opus parent,"spread from the shown myth, shown minus future: GLM judge flag",-0.0342,-0.2386,0.1702,0.7429,,34.0,410.0,no detectable effect,"any use, own previous as control; future-myth placebo = shown author's next myth",
frontier,"cross-family, Opus parent -> other-family child","cross-family, Opus parent -> other-family child",Opus parent,"spread from the shown myth, shown (no future term): embedding score (sd)",0.2515,0.1529,0.35,0.0,,34.0,410.0,suggestive,"any use, own previous as control; future-myth placebo = shown author's next myth; share of 40 random embedding directions with a larger coefficient: 0.00",
frontier,"cross-family, Opus parent -> other-family child","cross-family, Opus parent -> other-family child",Opus parent,"spread from the shown myth, shown minus future: embedding score (sd)",0.218,0.0822,0.3538,0.0016,,34.0,410.0,no detectable effect,"any use, own previous as control; future-myth placebo = shown author's next myth; share of 40 random embedding directions with a larger coefficient: 0.15 (not specific to consistency: generic copying of the shown myth)",
frontier,"cross-family, Sol parent -> other-family child","cross-family, Sol parent -> other-family child",Sol parent,"spread from the shown myth, shown (no future term): keyword",-0.0322,-0.0644,-0.0,0.0498,,33.0,340.0,underpowered,new use (never before); future-myth placebo = shown author's next myth; keyword rare in frontier myths,
frontier,"cross-family, Sol parent -> other-family child","cross-family, Sol parent -> other-family child",Sol parent,"spread from the shown myth, shown minus future: keyword",0.0045,-0.0223,0.0313,0.7432,,33.0,340.0,underpowered,new use (never before); future-myth placebo = shown author's next myth; keyword rare in frontier myths,
frontier,"cross-family, Sol parent -> other-family child","cross-family, Sol parent -> other-family child",Sol parent,"spread from the shown myth, shown (no future term): GLM judge flag",0.109,0.0158,0.2023,0.0219,,34.0,398.0,suggestive,"any use, own previous as control; future-myth placebo = shown author's next myth",
frontier,"cross-family, Sol parent -> other-family child","cross-family, Sol parent -> other-family child",Sol parent,"spread from the shown myth, shown minus future: GLM judge flag",0.0309,-0.1091,0.1709,0.6651,,34.0,398.0,no detectable effect,"any use, own previous as control; future-myth placebo = shown author's next myth",
frontier,"cross-family, Sol parent -> other-family child","cross-family, Sol parent -> other-family child",Sol parent,"spread from the shown myth, shown (no future term): embedding score (sd)",0.2854,0.1837,0.3871,0.0,,34.0,398.0,suggestive,"any use, own previous as control; future-myth placebo = shown author's next myth; share of 40 random embedding directions with a larger coefficient: 0.03",
frontier,"cross-family, Sol parent -> other-family child","cross-family, Sol parent -> other-family child",Sol parent,"spread from the shown myth, shown minus future: embedding score (sd)",0.2388,0.0378,0.4397,0.0199,,34.0,398.0,no detectable effect,"any use, own previous as control; future-myth placebo = shown author's next myth; share of 40 random embedding directions with a larger coefficient: 0.15 (not specific to consistency: generic copying of the shown myth)",
frontier,"cross-family, GeminiPro parent -> other-family child","cross-family, GeminiPro parent -> other-family child",GeminiPro parent,"spread from the shown myth, shown (no future term): keyword",-0.0115,-0.0287,0.0056,0.1869,,33.0,337.0,underpowered,new use (never before); future-myth placebo = shown author's next myth; keyword rare in frontier myths,
frontier,"cross-family, GeminiPro parent -> other-family child","cross-family, GeminiPro parent -> other-family child",GeminiPro parent,"spread from the shown myth, shown minus future: keyword",0.0148,-0.0133,0.043,0.3023,,33.0,337.0,underpowered,new use (never before); future-myth placebo = shown author's next myth; keyword rare in frontier myths,
frontier,"cross-family, GeminiPro parent -> other-family child","cross-family, GeminiPro parent -> other-family child",GeminiPro parent,"spread from the shown myth, shown (no future term): GLM judge flag",0.1741,0.0561,0.2921,0.0038,,34.0,368.0,suggestive,"any use, own previous as control; future-myth placebo = shown author's next myth",
frontier,"cross-family, GeminiPro parent -> other-family child","cross-family, GeminiPro parent -> other-family child",GeminiPro parent,"spread from the shown myth, shown minus future: GLM judge flag",0.0285,-0.2068,0.2638,0.8124,,34.0,368.0,no detectable effect,"any use, own previous as control; future-myth placebo = shown author's next myth",
frontier,"cross-family, GeminiPro parent -> other-family child","cross-family, GeminiPro parent -> other-family child",GeminiPro parent,"spread from the shown myth, shown (no future term): embedding score (sd)",0.1468,0.0191,0.2745,0.0242,,34.0,368.0,no detectable effect,"any use, own previous as control; future-myth placebo = shown author's next myth; share of 40 random embedding directions with a larger coefficient: 0.60 (not specific to consistency: generic copying of the shown myth)",
frontier,"cross-family, GeminiPro parent -> other-family child","cross-family, GeminiPro parent -> other-family child",GeminiPro parent,"spread from the shown myth, shown minus future: embedding score (sd)",0.0909,-0.1148,0.2966,0.3865,,34.0,368.0,no detectable effect,"any use, own previous as control; future-myth placebo = shown author's next myth; share of 40 random embedding directions with a larger coefficient: 0.62",
