noise_condition,task_order,n,mean,median,std,min,max
no_noise,game,9,27.77777777777778,25.0,5.1806858786110075,25.0,42.0
no_noise,game_myth,48,31.9375,30.0,7.638734215605794,25.0,65.0
no_noise,myth_game,48,36.541666666666664,32.0,11.998191414635048,25.0,71.0
noise,game,15,32.4,25.0,13.265494085533842,25.0,75.0
noise,game_myth,15,32.86666666666667,30.0,6.974875546480302,25.0,44.0
noise,myth_game,15,36.86666666666667,36.0,9.85810439294605,25.0,56.0
noise_informed,game,15,38.93333333333333,36.0,14.766930020224997,25.0,74.0
noise_informed,game_myth,15,42.0,42.0,6.250333324444918,31.0,52.0
noise_informed,myth_game,15,44.9,44.0,10.960839383915815,28.0,65.0
