condition,condition_label,n_simulations,mean_trust_ratio,std_trust_ratio,mean_return_ratio,std_return_ratio,mean_final_balance,std_final_balance
game,Game Only,20,0.15050000000000002,0.06232776267442945,0.041195555555555555,0.050194231432862904,32.525,3.1163881337214727
game_myth,Game → Myth,20,0.12300000000000003,0.03950949253027682,0.03300555555555555,0.034424384570917455,31.15,1.975474626513841
myth_game,Myth → Game,12,0.12500000000000003,0.057227615711297995,0.04205,0.04527096824504222,31.25,2.8613807855648994
