myth_topic,myth_topic_label,n_simulations,mean_trust_ratio,std_trust_ratio,mean_return_ratio,std_return_ratio,mean_final_balance,std_final_balance
noisy_bootstrap_cooperation,Noisy Bootstrap Cooperation,45,0.18088888888888885,0.2109852256251578,0.07666666666666667,0.14196852372408142,34.044444444444444,10.549261281257893
noisy_bootstrap_cooperation_informed,Noisy Bootstrap Cooperation Informed,45,0.3388888888888889,0.22951371028737375,0.1585679012345679,0.17228069452978914,41.94444444444444,11.47568551436869
