{
  "Agent_1": {
    "1": {
      "collective": 0,
      "individual": 0,
      "connected": 1,
      "disconnected": 0,
      "giving": 1,
      "taking": 0,
      "mutuality_ratio": 2.0,
      "cooperative_pct": 1.0810810810810811,
      "uncooperative_pct": 0.0,
      "total_words": 185
    },
    "2": {
      "collective": 0,
      "individual": 0,
      "connected": 0,
      "disconnected": 0,
      "giving": 1,
      "taking": 2,
      "mutuality_ratio": 0.3333333333333333,
      "cooperative_pct": 0.4784688995215311,
      "uncooperative_pct": 0.9569377990430622,
      "total_words": 209
    },
    "3": {
      "collective": 0,
      "individual": 0,
      "connected": 3,
      "disconnected": 0,
      "giving": 2,
      "taking": 2,
      "mutuality_ratio": 1.6666666666666667,
      "cooperative_pct": 2.4271844660194173,
      "uncooperative_pct": 0.9708737864077669,
      "total_words": 206
    },
    "4": {
      "collective": 0,
      "individual": 0,
      "connected": 0,
      "disconnected": 0,
      "giving": 2,
      "taking": 1,
      "mutuality_ratio": 1.0,
      "cooperative_pct": 1.098901098901099,
      "uncooperative_pct": 0.5494505494505495,
      "total_words": 182
    },
    "5": {
      "collective": 0,
      "individual": 0,
      "connected": 0,
      "disconnected": 0,
      "giving": 2,
      "taking": 2,
      "mutuality_ratio": 0.6666666666666666,
      "cooperative_pct": 1.183431952662722,
      "uncooperative_pct": 1.183431952662722,
      "total_words": 169
    },
    "6": {
      "collective": 0,
      "individual": 0,
      "connected": 0,
      "disconnected": 0,
      "giving": 2,
      "taking": 2,
      "mutuality_ratio": 0.6666666666666666,
      "cooperative_pct": 1.0638297872340425,
      "uncooperative_pct": 1.0638297872340425,
      "total_words": 188
    },
    "7": {
      "collective": 0,
      "individual": 0,
      "connected": 0,
      "disconnected": 0,
      "giving": 1,
      "taking": 2,
      "mutuality_ratio": 0.3333333333333333,
      "cooperative_pct": 0.6211180124223602,
      "uncooperative_pct": 1.2422360248447204,
      "total_words": 161
    },
    "8": {
      "collective": 0,
      "individual": 0,
      "connected": 0,
      "disconnected": 0,
      "giving": 5,
      "taking": 2,
      "mutuality_ratio": 1.6666666666666667,
      "cooperative_pct": 3.1055900621118013,
      "uncooperative_pct": 1.2422360248447204,
      "total_words": 161
    },
    "9": {
      "collective": 0,
      "individual": 0,
      "connected": 0,
      "disconnected": 0,
      "giving": 1,
      "taking": 1,
      "mutuality_ratio": 0.5,
      "cooperative_pct": 0.6134969325153374,
      "uncooperative_pct": 0.6134969325153374,
      "total_words": 163
    },
    "10": {
      "collective": 0,
      "individual": 0,
      "connected": 0,
      "disconnected": 0,
      "giving": 2,
      "taking": 1,
      "mutuality_ratio": 1.0,
      "cooperative_pct": 1.282051282051282,
      "uncooperative_pct": 0.641025641025641,
      "total_words": 156
    },
    "11": {
      "collective": 0,
      "individual": 0,
      "connected": 0,
      "disconnected": 0,
      "giving": 1,
      "taking": 1,
      "mutuality_ratio": 0.5,
      "cooperative_pct": 0.6369426751592357,
      "uncooperative_pct": 0.6369426751592357,
      "total_words": 157
    },
    "12": {
      "collective": 0,
      "individual": 0,
      "connected": 0,
      "disconnected": 0,
      "giving": 2,
      "taking": 2,
      "mutuality_ratio": 0.6666666666666666,
      "cooperative_pct": 1.3986013986013985,
      "uncooperative_pct": 1.3986013986013985,
      "total_words": 143
    },
    "13": {
      "collective": 0,
      "individual": 1,
      "connected": 0,
      "disconnected": 0,
      "giving": 2,
      "taking": 2,
      "mutuality_ratio": 0.5,
      "cooperative_pct": 1.2987012987012987,
      "uncooperative_pct": 1.948051948051948,
      "total_words": 154
    },
    "14": {
      "collective": 0,
      "individual": 0,
      "connected": 0,
      "disconnected": 0,
      "giving": 2,
      "taking": 2,
      "mutuality_ratio": 0.6666666666666666,
      "cooperative_pct": 1.2903225806451613,
      "uncooperative_pct": 1.2903225806451613,
      "total_words": 155
    },
    "15": {
      "collective": 0,
      "individual": 0,
      "connected": 0,
      "disconnected": 0,
      "giving": 2,
      "taking": 2,
      "mutuality_ratio": 0.6666666666666666,
      "cooperative_pct": 1.3605442176870748,
      "uncooperative_pct": 1.3605442176870748,
      "total_words": 147
    }
  },
  "Agent_2": {
    "1": {
      "collective": 0,
      "individual": 0,
      "connected": 2,
      "disconnected": 0,
      "giving": 1,
      "taking": 3,
      "mutuality_ratio": 0.75,
      "cooperative_pct": 1.2195121951219512,
      "uncooperative_pct": 1.2195121951219512,
      "total_words": 246
    },
    "2": {
      "collective": 3,
      "individual": 0,
      "connected": 0,
      "disconnected": 0,
      "giving": 4,
      "taking": 5,
      "mutuality_ratio": 1.1666666666666667,
      "cooperative_pct": 3.225806451612903,
      "uncooperative_pct": 2.3041474654377883,
      "total_words": 217
    },
    "3": {
      "collective": 0,
      "individual": 0,
      "connected": 0,
      "disconnected": 0,
      "giving": 5,
      "taking": 1,
      "mutuality_ratio": 2.5,
      "cooperative_pct": 2.525252525252525,
      "uncooperative_pct": 0.5050505050505051,
      "total_words": 198
    },
    "4": {
      "collective": 0,
      "individual": 0,
      "connected": 0,
      "disconnected": 0,
      "giving": 4,
      "taking": 0,
      "mutuality_ratio": 4.0,
      "cooperative_pct": 2.0,
      "uncooperative_pct": 0.0,
      "total_words": 200
    },
    "5": {
      "collective": 0,
      "individual": 0,
      "connected": 0,
      "disconnected": 0,
      "giving": 1,
      "taking": 0,
      "mutuality_ratio": 1.0,
      "cooperative_pct": 0.45871559633027525,
      "uncooperative_pct": 0.0,
      "total_words": 218
    },
    "6": {
      "collective": 0,
      "individual": 0,
      "connected": 0,
      "disconnected": 0,
      "giving": 1,
      "taking": 2,
      "mutuality_ratio": 0.3333333333333333,
      "cooperative_pct": 0.45662100456621,
      "uncooperative_pct": 0.91324200913242,
      "total_words": 219
    },
    "7": {
      "collective": 0,
      "individual": 0,
      "connected": 0,
      "disconnected": 0,
      "giving": 2,
      "taking": 3,
      "mutuality_ratio": 0.5,
      "cooperative_pct": 0.881057268722467,
      "uncooperative_pct": 1.3215859030837005,
      "total_words": 227
    },
    "8": {
      "collective": 0,
      "individual": 1,
      "connected": 0,
      "disconnected": 0,
      "giving": 1,
      "taking": 1,
      "mutuality_ratio": 0.3333333333333333,
      "cooperative_pct": 0.45454545454545453,
      "uncooperative_pct": 0.9090909090909091,
      "total_words": 220
    },
    "9": {
      "collective": 0,
      "individual": 0,
      "connected": 0,
      "disconnected": 0,
      "giving": 1,
      "taking": 2,
      "mutuality_ratio": 0.3333333333333333,
      "cooperative_pct": 0.45662100456621,
      "uncooperative_pct": 0.91324200913242,
      "total_words": 219
    },
    "10": {
      "collective": 0,
      "individual": 0,
      "connected": 0,
      "disconnected": 0,
      "giving": 1,
      "taking": 3,
      "mutuality_ratio": 0.25,
      "cooperative_pct": 0.43478260869565216,
      "uncooperative_pct": 1.3043478260869565,
      "total_words": 230
    },
    "11": {
      "collective": 0,
      "individual": 0,
      "connected": 0,
      "disconnected": 0,
      "giving": 2,
      "taking": 2,
      "mutuality_ratio": 0.6666666666666666,
      "cooperative_pct": 0.8968609865470852,
      "uncooperative_pct": 0.8968609865470852,
      "total_words": 223
    },
    "12": {
      "collective": 0,
      "individual": 0,
      "connected": 0,
      "disconnected": 0,