condition,condition_label,n_simulations,mean_trust_ratio,std_trust_ratio,mean_return_ratio,std_return_ratio,mean_final_balance,std_final_balance
game,Game Only,10,0.924,0.11394735626595293,0.5003333333333333,0.0023333333333333097,71.2,5.697367813297647
game_myth,Game → Myth,7,0.9928571428571429,0.01749635530559415,0.5009523809523809,0.0023328473740791937,74.64285714285714,0.8748177652797064
myth_game,Myth → Game,10,1.0,0.0,0.5576666666666666,0.08403768995714558,75.0,0.0
