condition,condition_label,n_simulations,mean_trust_ratio,std_trust_ratio,mean_return_ratio,std_return_ratio,mean_final_balance,std_final_balance
game,Game Only,10,0.06899999999999999,0.08395832299420945,0.003333333333333333,0.009999999999999998,28.45,4.197916149710473
game_myth,Game → Myth,10,0.15000000000000002,0.1681071087134628,0.0455,0.09689068869378292,32.5,8.40535543567314
myth_game,Myth → Game,10,0.304,0.20450916849862744,0.1731666666666667,0.19858450482239434,40.2,10.225458424931373
